Subject	condition	TrialId	bin	pupil_change
903	hard goal	1	-200	0.005017460829493344
903	hard goal	1	-150	-0.002530801075268707
903	hard goal	1	-100	0.010684032258064727
903	hard goal	1	-50	-0.010248801075268673
903	hard goal	1	0	-0.00375813440860188
903	hard goal	1	50	0.01351436559139807
903	hard goal	1	100	0.015035365591398175
903	hard goal	1	150	0.01574286559139811
903	hard goal	1	200	0.03517636559139814
903	hard goal	1	250	0.040857865591398035
903	hard goal	1	300	0.04743836559139799
903	hard goal	1	350	0.04518703225806475
903	hard goal	1	400	0.08406686559139802
903	hard goal	1	450	0.10634019892473139
903	hard goal	1	500	0.14983053225806472
903	hard goal	1	550	0.16878819892473143
903	hard goal	1	600	0.23116069892473146
903	hard goal	1	650	0.26555853225806486
903	hard goal	1	700	0.27335769892473144
903	hard goal	1	750	0.24860886559139805
903	hard goal	1	800	0.18236769892473145
903	hard goal	1	850	0.12490953225806474
903	hard goal	1	900	0.0836430322580648
903	hard goal	1	950	0.059040198924731335
903	hard goal	1	1e3	0.06095803225806481
903	hard goal	1	1050	0.04167153225806475
903	hard goal	1	1100	0.03525169892473149
903	hard goal	1	1150	0.029816198924731346
903	hard goal	2	-200	0.009062235023041472
903	hard goal	2	-150	0.0028014731182795702
903	hard goal	2	-100	-0.003486526881720501
903	hard goal	2	-50	-0.006391860215053817
903	hard goal	2	0	-0.003495693548387191
903	hard goal	2	50	-0.030195360215053757
903	hard goal	2	100	-0.0050843602150538
903	hard goal	2	150	-0.0102945268817205
903	hard goal	2	200	0.022788139784946166
903	hard goal	2	250	0.04265830645161284
903	hard goal	2	300	0.07008747311827952
903	hard goal	2	350	0.08843197311827959
903	hard goal	2	400	0.11034613978494627
903	hard goal	2	450	0.13507963978494616
903	hard goal	2	500	0.16611013978494618
903	hard goal	2	550	0.18687197311827944
903	hard goal	2	600	0.21907047311827954
903	hard goal	2	650	0.22653130645161287
903	hard goal	2	700	0.20369813978494614
903	hard goal	2	750	0.1628961397849463
903	hard goal	2	800	0.14416580645161278
903	hard goal	2	850	0.09524813978494613
903	hard goal	2	900	0.04505230645161292
903	hard goal	2	950	0.010998806451612811
903	hard goal	2	1e3	-0.01911252688172042
903	hard goal	2	1050	-0.08628936021505385
903	hard goal	2	1100	-0.11409086021505373
903	hard goal	2	1150	-0.1460501935483872
903	hard goal	3	-200	-0.034443654377880266
903	hard goal	3	-150	0.008987107526881625
903	hard goal	3	-100	-5.96225806451726e-4
903	hard goal	3	-50	0.016632440860214908
903	hard goal	3	0	0.015160940860214911
903	hard goal	3	50	0.04356610752688154
903	hard goal	3	100	0.05475627419354834
903	hard goal	3	150	0.0744429408602149
903	hard goal	3	200	0.09503110752688156
903	hard goal	3	250	0.10656660752688148
903	hard goal	3	300	0.13076694086021493
903	hard goal	3	350	0.15243110752688152
903	hard goal	3	400	0.1805676075268816
903	hard goal	3	450	0.20353010752688153
903	hard goal	3	500	0.2165636075268816
903	hard goal	3	550	0.2029159408602149
903	hard goal	3	600	0.2528677741935483
903	hard goal	3	650	0.29339127419354827
903	hard goal	3	700	0.27330794086021487
903	hard goal	3	750	0.23938144086021493
903	hard goal	3	800	0.2057191075268816
903	hard goal	3	850	0.14406710752688157
903	hard goal	3	900	0.10223994086021482
903	hard goal	3	950	0.10433427419354831
903	hard goal	3	1e3	0.05993577419354831
903	hard goal	3	1050	0.016784107526881604
903	hard goal	3	1100	0.005932607526881443
903	hard goal	3	1150	0.007808440860214964
903	hard goal	4	-200	0.027913341013825095
903	hard goal	4	-150	0.013290983870967906
903	hard goal	4	-100	9.804838709680148e-4
903	hard goal	4	-50	-0.008318682795698695
903	hard goal	4	0	-0.03851834946236554
903	hard goal	4	50	-0.05599101612903216
903	hard goal	4	100	-0.06913368279569883
903	hard goal	4	150	-0.06309318279569871
903	hard goal	4	200	-0.08438868279569878
903	hard goal	4	250	-0.06635684946236557
903	hard goal	4	300	-0.05717684946236545
903	hard goal	4	350	-0.03840834946236549
903	hard goal	4	400	-0.014261516129032112
903	hard goal	4	450	0.05123965053763454
903	hard goal	4	500	0.08111931720430128
903	hard goal	4	550	0.12023881720430118
903	hard goal	4	600	0.17794048387096786
903	hard goal	4	650	0.19011215053763464
903	hard goal	4	700	0.16469398387096787
903	hard goal	4	750	0.1471621505376346
903	hard goal	4	800	0.14669415053763454
903	hard goal	4	850	0.07645398387096791
903	hard goal	4	900	0.0722696505376345
903	hard goal	4	950	0.03768548387096785
903	hard goal	4	1e3	0.03210131720430128
903	hard goal	4	1050	0.022420150537634537
903	hard goal	4	1100	0.017444317204301136
903	hard goal	4	1150	0.014008817204301138
903	hard goal	5	-200	0.029770399999999864
903	hard goal	5	-150	0.022593066666666644
903	hard goal	5	-100	0.007505399999999811
903	hard goal	5	-50	-0.023467766666666796
903	hard goal	5	0	-0.03640110000000004
903	hard goal	5	50	-0.049636766666666755
903	hard goal	5	100	-0.047741266666666705
903	hard goal	5	150	-0.05177326666666674
903	hard goal	5	200	-0.056321100000000124
903	hard goal	5	250	-0.07851010000000007
903	hard goal	5	300	-0.12206740952380965
903	hard goal	5	350	-0.17705043333333337
903	hard goal	5	400	-0.21470360000000013
903	hard goal	5	450	-0.23200860000000012
903	hard goal	5	500	-0.2615207666666668
903	hard goal	5	550	-0.25407410000000014
903	hard goal	5	600	-0.24175510000000008
903	hard goal	5	650	-0.22933743333333348
903	hard goal	5	700	-0.2298307666666667
903	hard goal	5	750	-0.2637709333333334
903	hard goal	5	800	-0.3337731000000001
903	hard goal	5	850	-0.3755707666666667
903	hard goal	5	900	-0.41530776666666674
903	hard goal	5	950	-0.44974593333333335
903	hard goal	5	1e3	-0.44641876666666686
903	hard goal	5	1050	-0.4820206
903	hard goal	5	1100	-0.47110593333333345
903	hard goal	5	1150	-0.49282260000000006
903	hard goal	6	-200	0.030011640552995416
903	hard goal	6	-150	0.006375354838709694
903	hard goal	6	-100	0.002017688172043064
903	hard goal	6	-50	-0.011469645161290195
903	hard goal	6	0	-0.031936978494623514
903	hard goal	6	50	-0.052492478494623684
903	hard goal	6	100	-0.05610814516129029
903	hard goal	6	150	-0.036114478494623604
903	hard goal	6	200	-0.051255978494623676
903	hard goal	6	250	-0.03554764516129024
903	hard goal	6	300	-0.008775478494623679
903	hard goal	6	350	-0.002944145161290231
903	hard goal	6	400	-6.794784946236495e-4
903	hard goal	6	450	0.03230552150537639
903	hard goal	6	500	0.059359188172043074
903	hard goal	6	550	0.05065435483870965
903	hard goal	6	600	0.12465352150537627
903	hard goal	6	650	0.12301085483870973
903	hard goal	6	700	0.09398952150537632
903	hard goal	6	750	0.05961318817204305
903	hard goal	6	800	0.008621854838709734
903	hard goal	6	850	-0.07453547849462357
903	hard goal	6	900	-0.11074914516129024
903	hard goal	6	950	-0.13149047849462359
903	hard goal	6	1e3	-0.17358114516129022
903	hard goal	6	1050	-0.2223741451612903
903	hard goal	6	1100	-0.216133311827957
903	hard goal	6	1150	-0.24746531182795697
903	hard goal	7	-200	0.05025289400921678
903	hard goal	7	-150	0.010840655913978647
903	hard goal	7	-100	-0.0027990107526879213
903	hard goal	7	-50	-0.020965677419354734
903	hard goal	7	0	-0.045704344086021274
903	hard goal	7	50	-0.06067751075268787
903	hard goal	7	100	-0.0896798440860213
903	hard goal	7	150	-0.10918267741935465
903	hard goal	7	200	-0.12937451075268788
903	hard goal	7	250	-0.13568817741935457
903	hard goal	7	300	-0.15003167741935464
903	hard goal	7	350	-0.16751401075268793
903	hard goal	7	400	-0.17636217741935467
903	hard goal	7	450	-0.17461101075268792
903	hard goal	7	500	-0.166530510752688
903	hard goal	7	550	-0.1572021774193546
903	hard goal	7	600	-0.1385281774193546
903	hard goal	7	650	-0.10646401075268797
903	hard goal	7	700	-0.08751384408602125
903	hard goal	7	750	-0.04725567741935466
903	hard goal	7	800	0.0022923225806454153
903	hard goal	7	850	0.02748998924731209
903	hard goal	7	900	0.02021665591397855
903	hard goal	7	950	-0.0011318440860212942
903	hard goal	7	1e3	-0.023204844086021303
903	hard goal	7	1050	-0.03998317741935464
903	hard goal	7	1100	-0.05234317741935457
903	hard goal	7	1150	-0.05442567741935463
903	hard goal	8	-200	0.04273346666666655
903	hard goal	8	-150	0.03910546666666659
903	hard goal	8	-100	-0.01309403333333344
903	hard goal	8	-50	-0.02525670000000006
903	hard goal	8	0	-0.04348820000000009
903	hard goal	8	50	-0.04850370000000015
903	hard goal	8	100	-0.07427836666666672
903	hard goal	8	150	-0.0888478666666667
903	hard goal	8	200	-0.09924186666666679
903	hard goal	8	250	-0.11215270000000006
903	hard goal	8	300	-0.12957541428571437
903	hard goal	8	350	-0.14553836666666667
903	hard goal	8	400	-0.13721203333333332
903	hard goal	8	450	-0.12530270000000013
903	hard goal	8	500	-0.07612953333333339
903	hard goal	8	550	-0.04829403333333334
903	hard goal	8	600	-0.011484366666666782
903	hard goal	8	650	0.02041996666666653
903	hard goal	8	700	0.026698966666666674
903	hard goal	8	750	-0.024314200000000136
903	hard goal	8	800	-0.04954836666666681
903	hard goal	8	850	-0.08303003333333336
903	hard goal	8	900	-0.13382303333333345
903	hard goal	8	950	-0.12820086666666666
903	hard goal	8	1e3	-0.1592747000000001
903	hard goal	8	1050	-0.17263820000000005
903	hard goal	8	1100	-0.16990220000000011
903	hard goal	8	1150	-0.1500457000000001
903	hard goal	9	-200	0.048074921658986254
903	hard goal	9	-150	0.030445897849462316
903	hard goal	9	-100	0.0021157311827957326
903	hard goal	9	-50	-0.024905435483870992
903	hard goal	9	0	-0.0637436021505376
903	hard goal	9	50	-0.09367476881720431
903	hard goal	9	100	-0.12622460215053763
903	hard goal	9	150	-0.12897426881720428
903	hard goal	9	200	-0.1425991021505376
903	hard goal	9	250	-0.1692712688172043
903	hard goal	9	300	-0.15408060215053765
903	hard goal	9	350	-0.17025560215053756
903	hard goal	9	400	-0.13343310215053758
903	hard goal	9	450	-0.13065793548387092
903	hard goal	9	500	-0.11153760215053758
903	hard goal	9	550	-0.09244960215053759
903	hard goal	9	600	-0.0653156021505376
903	hard goal	9	650	-0.05410210215053753
903	hard goal	9	700	-0.05609093548387101
903	hard goal	9	750	-0.0604269354838709
903	hard goal	9	800	-0.11597393548387092
903	hard goal	9	850	-0.11784743548387085
903	hard goal	9	900	-0.18403243548387094
903	hard goal	9	950	-0.2054821021505376
903	hard goal	9	1e3	-0.24273110215053761
903	hard goal	9	1050	-0.23587810215053762
903	hard goal	9	1100	-0.225331435483871
903	hard goal	9	1150	-0.23355326881720417
903	hard goal	10	-200	-7.438847926268492e-4
903	hard goal	10	-150	4.5342473118270554e-4
903	hard goal	10	-100	-0.0015330752688173337
903	hard goal	10	-50	-0.004938241935483978
903	hard goal	10	0	0.006885758064516005
903	hard goal	10	50	0.01625559139784934
903	hard goal	10	100	0.05517559139784933
903	hard goal	10	150	0.06394525806451605
903	hard goal	10	200	0.08444292473118271
903	hard goal	10	250	0.11845392473118273
903	hard goal	10	300	0.15689142473118264
903	hard goal	10	350	0.17616392473118272
903	hard goal	10	400	0.2243355913978493
903	hard goal	10	450	0.26335509139784935
903	hard goal	10	500	0.3131130913978493
903	hard goal	10	550	0.34698192473118267
903	hard goal	10	600	0.3501640913978494
903	hard goal	10	650	0.3584757580645161
903	hard goal	10	700	0.34198475806451606
903	hard goal	10	750	0.291254758064516
903	hard goal	10	800	0.22322725806451596
903	hard goal	10	850	0.19370175806451595
903	hard goal	10	900	0.1495390913978493
903	hard goal	10	950	0.14757059139784942
903	hard goal	10	1e3	0.13974559139784937
903	hard goal	10	1050	0.14673142473118275
903	hard goal	10	1100	0.14784725806451604
903	hard goal	10	1150	0.17734759139784928
903	hard goal	11	-200	-0.05854697235023051
903	hard goal	11	-150	-0.030142258064516165
903	hard goal	11	-100	-0.013424258064516229
903	hard goal	11	-50	0.03531074193548359
903	hard goal	11	0	0.07656057526881706
903	hard goal	11	50	0.11187107526881708
903	hard goal	11	100	0.12661074193548374
903	hard goal	11	150	0.1592267419354838
903	hard goal	11	200	0.14565390860215036
903	hard goal	11	250	0.11244874193548382
903	hard goal	11	300	0.09620257526881715
903	hard goal	11	350	0.08485657526881707
903	hard goal	11	400	0.06610724193548378
903	hard goal	11	450	0.020396741935483725
903	hard goal	11	500	0.005618575268817076
903	hard goal	11	550	0.03508024193548372
903	hard goal	11	600	0.059227908602150325
903	hard goal	11	650	0.07472224193548375
903	hard goal	11	700	0.08696157526881716
903	hard goal	11	750	0.10715824193548389
903	hard goal	11	800	0.06726640860215045
903	hard goal	11	850	0.051332741935483726
903	hard goal	11	900	-3.894247311829376e-4
903	hard goal	11	950	-0.008824091397849601
903	hard goal	11	1e3	-0.0017965913978495636
903	hard goal	11	1050	0.022087075268817147
903	hard goal	11	1100	0.02134824193548372
903	hard goal	11	1150	0.04771490860215044
903	hard goal	12	-200	0.022564963133640616
903	hard goal	12	-150	0.022953844086021524
903	hard goal	12	-100	-0.0031886559139785073
903	hard goal	12	-50	-0.0179411559139786
903	hard goal	12	0	-0.028149822580645207
903	hard goal	12	50	-0.03267032258064521
903	hard goal	12	100	-0.06041182258064515
903	hard goal	12	150	-0.07650465591397844
903	hard goal	12	200	-0.09216632258064512
903	hard goal	12	250	-0.07698748924731176
903	hard goal	12	300	-0.05976315591397855
903	hard goal	12	350	-0.05430198924731185
903	hard goal	12	400	-0.023903655913978545
903	hard goal	12	450	0.011663844086021502
903	hard goal	12	500	0.02451451075268814
903	hard goal	12	550	0.08063067741935481
903	hard goal	12	600	0.12893501075268818
903	hard goal	12	650	0.14683951075268817
903	hard goal	12	700	0.1609660107526881
903	hard goal	12	750	0.15550484408602147
903	hard goal	12	800	0.09684467741935483
903	hard goal	12	850	0.05524167741935485
903	hard goal	12	900	0.01275417741935477
903	hard goal	12	950	0.006780510752688151
903	hard goal	12	1e3	-0.04701948924731184
903	hard goal	12	1050	-0.044300822580645084
903	hard goal	12	1100	-0.03844415591397854
903	hard goal	12	1150	-0.05324765591397851
903	hard goal	13	-200	0.011745465437788014
903	hard goal	13	-150	0.021404655913978443
903	hard goal	13	-100	0.008550655913978522
903	hard goal	13	-50	-0.015519510752688204
903	hard goal	13	0	-0.028138844086021592
903	hard goal	13	50	-0.04009167741935493
903	hard goal	13	100	-0.046624010752688294
903	hard goal	13	150	-0.02252667741935488
903	hard goal	13	200	-0.015723844086021527
903	hard goal	13	250	-0.005406344086021623
903	hard goal	13	300	0.03446465591397844
903	hard goal	13	350	0.061612989247311845
903	hard goal	13	400	0.07984432258064526
903	hard goal	13	450	0.10970432258064526
903	hard goal	13	500	0.14560032258064518
903	hard goal	13	550	0.18827265591397846
903	hard goal	13	600	0.21987748924731187
903	hard goal	13	650	0.1874889892473118
903	hard goal	13	700	0.19621015591397847
903	hard goal	13	750	0.14536548924731182
903	hard goal	13	800	0.1002289892473119
903	hard goal	13	850	0.08795798924731184
903	hard goal	13	900	0.05052765591397853
903	hard goal	13	950	0.026910489247311764
903	hard goal	13	1e3	0.029663822580645222
903	hard goal	13	1050	0.03093582258064509
903	hard goal	13	1100	0.03905215591397848
903	hard goal	13	1150	0.0016534892473118272
903	hard goal	14	-200	-0.025339658986175247
903	hard goal	14	-150	0.023989150537634247
903	hard goal	14	-100	0.012310150537634327
903	hard goal	14	-50	-0.002293516129032428
903	hard goal	14	0	-0.0044428494623656905
903	hard goal	14	50	0.005921150537634349
903	hard goal	14	100	0.02816115053763431
903	hard goal	14	150	0.04040081720430103
903	hard goal	14	200	0.03140915053763423
903	hard goal	14	250	0.015713817204301133
903	hard goal	14	300	0.03014581720430091
903	hard goal	14	350	0.019925983870967705
903	hard goal	14	400	0.026778650537634247
903	hard goal	14	450	0.03592665053763441
903	hard goal	14	500	0.04627548387096766
903	hard goal	14	550	0.0657276505376343
903	hard goal	14	600	0.0763308172043009
903	hard goal	14	650	0.09330398387096779
903	hard goal	14	700	0.0700834838709677
903	hard goal	14	750	0.03455298387096765
903	hard goal	14	800	-0.03660884946236568
903	hard goal	14	850	-0.10724934946236571
903	hard goal	14	900	-0.15572468279569898
903	hard goal	14	950	-0.24229884946236568
903	hard goal	14	1e3	-0.2635908494623656
903	hard goal	14	1050	-0.27187001612903233
903	hard goal	14	1100	-0.2877545161290323
903	hard goal	14	1150	-0.31818618279569905
903	hard goal	15	-200	0.0947023548387095
903	hard goal	15	-150	0.02496752150537625
903	hard goal	15	-100	-0.023237645161290493
903	hard goal	15	-50	-0.03570747849462386
903	hard goal	15	0	-0.07650847849462379
903	hard goal	15	50	-0.10953781182795715
903	hard goal	15	100	-0.13233864516129046
903	hard goal	15	150	-0.16201697849462385
903	hard goal	15	200	-0.19823281182795718
903	hard goal	15	250	-0.21750581182795714
903	hard goal	15	300	-0.2278514784946238
903	hard goal	15	350	-0.23137297849462382
903	hard goal	15	400	-0.22952181182795717
903	hard goal	15	450	-0.25366614516129043
903	hard goal	15	500	-0.2417514784946239
903	hard goal	15	550	-0.24010381182795726
903	hard goal	15	600	-0.2171599784946238
903	hard goal	15	650	-0.17323564516129042
903	hard goal	15	700	-0.14231131182795717
903	hard goal	15	750	-0.09858581182795723
903	hard goal	15	800	-0.0497844784946239
903	hard goal	15	850	-0.014084145161290529
903	hard goal	15	900	-0.03561714516129055
903	hard goal	15	950	-0.020436311827957132
903	hard goal	15	1e3	-0.034799811827957106
903	hard goal	15	1050	-0.060076311827957175
903	hard goal	15	1100	-0.05417881182795714
903	hard goal	15	1150	-0.0406114784946238
903	hard goal	16	-200	0.04318067281105969
903	hard goal	16	-150	0.020557553763440668
903	hard goal	16	-100	-0.0044024462365592765
903	hard goal	16	-50	-0.020502446236559353
903	hard goal	16	0	-0.04603011290322604
903	hard goal	16	50	-0.06701127956989265
903	hard goal	16	100	-0.07230561290322594
903	hard goal	16	150	-0.08987927956989276
903	hard goal	16	200	-0.11166594623655939
903	hard goal	16	250	-0.133489112903226
903	hard goal	16	300	-0.14417461290322597
903	hard goal	16	350	-0.18805461290322603
903	hard goal	16	400	-0.22066277956989278
903	hard goal	16	450	-0.22454244623655942
903	hard goal	16	500	-0.2252727795698927
903	hard goal	16	550	-0.21771627956989267
903	hard goal	16	600	-0.20385044623655935
903	hard goal	16	650	-0.183989612903226
903	hard goal	16	700	-0.1806064462365594
903	hard goal	16	750	-0.1877092795698926
903	hard goal	16	800	-0.18947727956989277
903	hard goal	16	850	-0.200320612903226
903	hard goal	16	900	-0.19376677956989266
903	hard goal	16	950	-0.19572411290322603
903	hard goal	16	1e3	-0.19406894623655932
903	hard goal	16	1050	-0.19000211290322597
903	hard goal	16	1100	-0.1715992795698927
903	hard goal	16	1150	-0.1471894462365594
903	hard goal	17	-200	-0.029536543778802087
903	hard goal	17	-150	-0.013640591397849677
903	hard goal	17	-100	0.01631207526881699
903	hard goal	17	-50	0.012377741935483725
903	hard goal	17	0	0.019410075268817033
903	hard goal	17	50	0.039524408602150375
903	hard goal	17	100	0.0022044086021502838
903	hard goal	17	150	4.8707526881693514e-4
903	hard goal	17	200	-0.011035258064516329
903	hard goal	17	250	-0.002914258064516284
903	hard goal	17	300	-0.011716924731182946
903	hard goal	17	350	4.684086021503238e-4
903	hard goal	17	400	0.006767241935483614
903	hard goal	17	450	0.01620590860215036
903	hard goal	17	500	0.06023807526881697
903	hard goal	17	550	0.075192908602150485
903	hard goal	17	600	0.09257190860215037
903	hard goal	17	650	0.09523290860215024
903	hard goal	17	700	0.07067257526881694
903	hard goal	17	750	0.02192424193548363
903	hard goal	17	800	-0.008901591397849629
903	hard goal	17	850	-0.060897924731183016
903	hard goal	17	900	-0.09211209139784977
903	hard goal	17	950	-0.09865492473118298
903	hard goal	17	1e3	-0.10468875806451639
903	hard goal	17	1050	-0.13650192473118303
903	hard goal	17	1100	-0.13139692473118295
903	hard goal	17	1150	-0.10226225806451635
903	hard goal	18	-200	0.046444516129032234
903	hard goal	18	-150	0.02062118279569895
903	hard goal	18	-100	-0.00666765053763448
903	hard goal	18	-50	-0.02482231720430117
903	hard goal	18	0	-0.043316483870967724
903	hard goal	18	50	-0.06849265053763443
903	hard goal	18	100	-0.08436281720430101
903	hard goal	18	150	-0.09861215053763435
903	hard goal	18	200	-0.1060816505376343
903	hard goal	18	250	-0.12138648387096773
903	hard goal	18	300	-0.11876165053763439
903	hard goal	18	350	-0.13530831720430103
903	hard goal	18	400	-0.14414481720430108
903	hard goal	18	450	-0.14215881720430112
903	hard goal	18	500	-0.13531481720430114
903	hard goal	18	550	-0.1269606505376344
903	hard goal	18	600	-0.10170681720430104
903	hard goal	18	650	-0.07122598387096783
903	hard goal	18	700	-0.039326150537634406
903	hard goal	18	750	-0.013593150537634324
903	hard goal	18	800	-0.003530483870967771
903	hard goal	18	850	-0.0043443172043011
903	hard goal	18	900	-0.011317817204301065
903	hard goal	18	950	-0.014602317204301052
903	hard goal	18	1e3	-0.03337831720430103
903	hard goal	18	1050	-0.028583317204301
903	hard goal	18	1100	-0.02437165053763435
903	hard goal	18	1150	-0.00919415053763443
903	hard goal	19	-200	-0.017398552995391534
903	hard goal	19	-150	-0.007968672043010624
903	hard goal	19	-100	0.004088494623656125
903	hard goal	19	-50	6.783279569894477e-4
903	hard goal	19	0	0.023500161290322803
903	hard goal	19	50	0.05101049462365611
903	hard goal	19	100	0.046726994623656
903	hard goal	19	150	0.05113182795698945
903	hard goal	19	200	0.08405999462365606
903	hard goal	19	250	0.12860916129032277
903	hard goal	19	300	0.11927016129032264
903	hard goal	19	350	0.10696899462365606
903	hard goal	19	400	0.08940466129032269
903	hard goal	19	450	0.0918499946236561
903	hard goal	19	500	0.07034066129032272
903	hard goal	19	550	0.07590649462365599
903	hard goal	19	600	0.08200682795698937
903	hard goal	19	650	0.1427088279569894
903	hard goal	19	700	0.15337149462365596
903	hard goal	19	750	0.16211699462365603
903	hard goal	19	800	0.14290466129032273
903	hard goal	19	850	0.09622349462365598
903	hard goal	19	900	0.06427016129032277
903	hard goal	19	950	0.014930827956989376
903	hard goal	19	1e3	-0.009166838709677272
903	hard goal	19	1050	-0.01746417204301065
903	hard goal	19	1100	-0.0163050053763439
903	hard goal	19	1150	-0.017414338709677384
903	hard goal	20	-200	-0.01782610599078322
903	hard goal	20	-150	0.011410322580645374
903	hard goal	20	-100	-0.00790717741935465
903	hard goal	20	-50	0.010350155913978773
903	hard goal	20	0	0.006943822580645372
903	hard goal	20	50	-0.00289984408602136
903	hard goal	20	100	-0.0237433440860213
903	hard goal	20	150	-0.021447677419354532
903	hard goal	20	200	-0.04432867741935461
903	hard goal	20	250	-0.02779234408602127
903	hard goal	20	300	-0.02150534408602134
903	hard goal	20	350	-0.0031133440860212267
903	hard goal	20	400	0.013789655913978663
903	hard goal	20	450	0.05109898924731208
903	hard goal	20	500	0.09315132258064536
903	hard goal	20	550	0.12306532258064544
903	hard goal	20	600	0.13391332258064548
903	hard goal	20	650	0.10282515591397878
903	hard goal	20	700	0.05187032258064539
903	hard goal	20	750	-0.026836344086021313
903	hard goal	20	800	-0.06171501075268796
903	hard goal	20	850	-0.10023517741935455
903	hard goal	20	900	-0.167704510752688
903	hard goal	20	950	-0.1530283440860213
903	hard goal	20	1e3	-0.1819203440860213
903	hard goal	20	1050	-0.18273417741935458
903	hard goal	20	1100	-0.20872767741935463
903	hard goal	20	1150	-0.2095628440860212
903	hard goal	21	-200	0.020182866666666577
903	hard goal	21	-150	0.010778366666666686
903	hard goal	21	-100	1.6886666666667458e-4
903	hard goal	21	-50	-0.008769633333333434
903	hard goal	21	0	-0.02236046666666665
903	hard goal	21	50	-0.00931863333333327
903	hard goal	21	100	-0.030858133333333388
903	hard goal	21	150	-0.038169466666666686
903	hard goal	21	200	-0.04442929999999993
903	hard goal	21	250	-0.05488480000000003
903	hard goal	21	300	-0.06093713333333343
903	hard goal	21	350	-0.05554575238095235
903	hard goal	21	400	-0.0625460666666667
903	hard goal	21	450	-0.05255875238095241
903	hard goal	21	500	-0.04749863333333345
903	hard goal	21	550	-0.03363666666666676
903	hard goal	21	600	0.007138533333333363
903	hard goal	21	650	0.0210482
903	hard goal	21	700	0.0375620333333333
903	hard goal	21	750	0.03904603333333334
903	hard goal	21	800	0.02014803333333341
903	hard goal	21	850	0.005591033333333255
903	hard goal	21	900	0.016822366666666626
903	hard goal	21	950	0.009250866666666635
903	hard goal	21	1e3	0.01237286666666663
903	hard goal	21	1050	0.028367699999999996
903	hard goal	21	1100	0.047508366666666614
903	hard goal	21	1150	0.08176903333333325
903	hard goal	22	-200	-0.008928898617511434
903	hard goal	22	-150	-2.3027956989229992e-4
903	hard goal	22	-100	0.008393887096774355
903	hard goal	22	-50	0.0020658870967743916
903	hard goal	22	0	1.8755376344096555e-4
903	hard goal	22	50	0.0035667204301076025
903	hard goal	22	100	0.004291720430107615
903	hard goal	22	150	0.002765220430107629
903	hard goal	22	200	-0.0036449462365590137
903	hard goal	22	250	-0.003416612903225665
903	hard goal	22	300	-0.00560511290322574
903	hard goal	22	350	-7.227956989234545e-5
903	hard goal	22	400	0.010337720430107685
903	hard goal	22	450	0.0336207204301077
903	hard goal	22	500	0.06510872043010767
903	hard goal	22	550	0.1010823870967743
903	hard goal	22	600	0.12896622043010772
903	hard goal	22	650	0.15478005376344103
903	hard goal	22	700	0.13341488709677432
903	hard goal	22	750	0.1351738870967744
903	hard goal	22	800	0.11685605376344095
903	hard goal	22	850	0.08979572043010771
903	hard goal	22	900	0.09107755376344102
903	hard goal	22	950	0.09166522043010761
903	hard goal	22	1e3	0.10115072043010771
903	hard goal	22	1050	0.1200348870967743
903	hard goal	22	1100	0.15248488709677432
903	hard goal	22	1150	0.17774138709677426
903	hard goal	23	-200	-0.04295503225806436
903	hard goal	23	-150	-0.0180978655913977
903	hard goal	23	-100	-0.002020865591397506
903	hard goal	23	-50	0.04180013440860231
903	hard goal	23	0	0.02843280107526902
903	hard goal	23	50	0.043563301075268956
903	hard goal	23	100	0.04598163440860237
903	hard goal	23	150	0.051546301075268953
903	hard goal	23	200	0.03336630107526909
903	hard goal	23	250	0.023793634408602344
903	hard goal	23	300	0.010573801075269026
903	hard goal	23	350	-0.008083198924730972
903	hard goal	23	400	0.00585513440860234
903	hard goal	23	450	-0.007971198924730935
903	hard goal	23	500	0.02111080107526897
903	hard goal	23	550	0.06507863440860236
903	hard goal	23	600	0.09885063440860235
903	hard goal	23	650	0.13254613440860238
903	hard goal	23	700	0.18241113440860227
903	hard goal	23	750	0.23503896774193578
903	hard goal	23	800	NA
903	hard goal	23	850	NA
903	hard goal	23	900	0.006538467741935783
903	hard goal	23	950	0.15977036774193562
903	hard goal	23	1e3	0.14805413440860238
903	hard goal	23	1050	0.12293213440860229
903	hard goal	23	1100	0.12612063440860233
903	hard goal	23	1150	0.15807096774193571
903	hard goal	24	-200	0.048577166666666484
903	hard goal	24	-150	0.031878999999999845
903	hard goal	24	-100	0.010426333333333204
903	hard goal	24	-50	-0.03261633333333358
903	hard goal	24	0	-0.05826616666666692
903	hard goal	24	50	-0.08138666666666679
903	hard goal	24	100	-0.10881400000000026
903	hard goal	24	150	-0.12390500000000008
903	hard goal	24	200	-0.12954600000000016
903	hard goal	24	250	-0.1342783333333335
903	hard goal	24	300	-0.1429790000000002
903	hard goal	24	350	-0.1393811666666668
903	hard goal	24	400	-0.12550366666666676
903	hard goal	24	450	-0.11033719047619073
903	hard goal	24	500	-0.0807730000000002
903	hard goal	24	550	-0.060365000000000224
903	hard goal	24	600	-0.031619500000000134
903	hard goal	24	650	-0.026325733333333455
903	hard goal	24	700	-0.028066190476190554
903	hard goal	24	750	-0.04381233333333349
903	hard goal	24	800	-0.07269966666666698
903	hard goal	24	850	-0.08422866666666688
903	hard goal	24	900	-0.08778083333333357
903	hard goal	24	950	-0.0871761666666669
903	hard goal	24	1e3	-0.0946698333333335
903	hard goal	24	1050	-0.08267066666666685
903	hard goal	24	1100	-0.06257850000000025
903	hard goal	24	1150	-0.051222666666666784
903	hard goal	25	-200	0.027797248847926146
903	hard goal	25	-150	0.01625517741935467
903	hard goal	25	-100	-0.0047398225806453516
903	hard goal	25	-50	-0.015628489247311972
903	hard goal	25	0	-0.028316989247312
903	hard goal	25	50	-0.023892989247312018
903	hard goal	25	100	-0.018274322580645357
903	hard goal	25	150	-0.0015324892473120115
903	hard goal	25	200	0.017167844086021306
903	hard goal	25	250	0.0623453440860214
903	hard goal	25	300	0.060053177419354675
903	hard goal	25	350	0.10241384408602124
903	hard goal	25	400	0.12191801075268797
903	hard goal	25	450	0.136068010752688
903	hard goal	25	500	0.17355151075268807
903	hard goal	25	550	0.22064917741935464
903	hard goal	25	600	0.23172334408602135
903	hard goal	25	650	0.2240226774193547
903	hard goal	25	700	0.21435251075268802
903	hard goal	25	750	0.16015517741935473
903	hard goal	25	800	0.11699434408602143
903	hard goal	25	850	0.09795751075268799
903	hard goal	25	900	0.06633151075268806
903	hard goal	25	950	0.049819510752688055
903	hard goal	25	1e3	0.056731010752688084
903	hard goal	25	1050	0.05481051075268802
903	hard goal	25	1100	0.03395434408602127
903	hard goal	25	1150	0.031408844086021404
903	hard goal	26	-200	0.031097253456221084
903	hard goal	26	-150	-0.0011983655913980022
903	hard goal	26	-100	-0.004616365591398071
903	hard goal	26	-50	-0.010658865591398095
903	hard goal	26	0	-0.019806532258064575
903	hard goal	26	50	-0.013915365591398091
903	hard goal	26	100	0.015970134408601993
903	hard goal	26	150	0.0366359677419353
903	hard goal	26	200	0.026347634408602067
903	hard goal	26	250	0.011383801075268707
903	hard goal	26	300	0.033338967741935344
903	hard goal	26	350	0.009912301075268562
903	hard goal	26	400	0.03648713440860196
903	hard goal	26	450	0.050568301075268586
903	hard goal	26	500	0.07365363440860191
903	hard goal	26	550	0.10823880107526862
903	hard goal	26	600	0.144889634408602
903	hard goal	26	650	0.16887796774193528
903	hard goal	26	700	0.1847254677419352
903	hard goal	26	750	0.15672580107526865
903	hard goal	26	800	0.147724134408602
903	hard goal	26	850	0.11183096774193528
903	hard goal	26	900	0.0891048010752687
903	hard goal	26	950	0.030344634408602095
903	hard goal	26	1e3	0.011913967741935316
903	hard goal	26	1050	-0.008523198924731412
903	hard goal	26	1100	-0.03365036559139808
903	hard goal	26	1150	-0.026051532258064707
903	hard goal	27	-200	-0.004688466666666595
903	hard goal	27	-150	0.012678200000000084
903	hard goal	27	-100	-0.015149633333333265
903	hard goal	27	-50	-0.005544799999999868
903	hard goal	27	0	0.012704700000000088
903	hard goal	27	50	0.021367033333333414
903	hard goal	27	100	0.027720200000000157
903	hard goal	27	150	0.02297253333333349
903	hard goal	27	200	0.016414366666666735
903	hard goal	27	250	0.03579186666666678
903	hard goal	27	300	0.031489866666666755
903	hard goal	27	350	0.01115420000000015
903	hard goal	27	400	0.023816866666666714
903	hard goal	27	450	0.034520866666666684
903	hard goal	27	500	0.041746866666666715
903	hard goal	27	550	0.062096866666666806
903	hard goal	27	600	0.0636703666666667
903	hard goal	27	650	0.07443320000000002
903	hard goal	27	700	0.0573267000000001
903	hard goal	27	750	0.019953033333333387
903	hard goal	27	800	-0.011574799999999774
903	hard goal	27	850	-0.03731096666666659
903	hard goal	27	900	-0.0686362999999998
903	hard goal	27	950	-0.10466763333333325
903	hard goal	27	1e3	-0.0937333714285713
903	hard goal	27	1050	-0.11336013333333324
903	hard goal	27	1100	-0.12919796666666658
903	hard goal	27	1150	-0.14628029999999984
903	hard goal	28	-200	0.022024529953917047
903	hard goal	28	-150	0.006539887096774259
903	hard goal	28	-100	-0.0034796129032258114
903	hard goal	28	-50	-0.01214927956989246
903	hard goal	28	0	-0.016606279569892468
903	hard goal	28	50	-0.03251811290322578
903	hard goal	28	100	-0.041150946236559204
903	hard goal	28	150	-0.04725077956989243
903	hard goal	28	200	-0.021597279569892436
903	hard goal	28	250	-0.005785112903225809
903	hard goal	28	300	-3.53946236559229e-4
903	hard goal	28	350	0.010511720430107507
903	hard goal	28	400	0.02730738709677416
903	hard goal	28	450	0.05632672043010752
903	hard goal	28	500	0.0859622204301076
903	hard goal	28	550	0.1308100537634409
903	hard goal	28	600	0.12616172043010754
903	hard goal	28	650	0.1532625537634409
903	hard goal	28	700	0.12389638709677413
903	hard goal	28	750	0.10954488709677412
903	hard goal	28	800	0.0778440537634409
903	hard goal	28	850	0.0537298870967741
903	hard goal	28	900	0.04882338709677425
903	hard goal	28	950	0.05805455376344093
903	hard goal	28	1e3	0.055802887096774244
903	hard goal	28	1050	0.05843238709677423
903	hard goal	28	1100	0.05154355376344085
903	hard goal	28	1150	0.06197572043010754
903	hard goal	29	-200	0.04408660000000012
903	hard goal	29	-150	0.011986433333333416
903	hard goal	29	-100	-0.004030233333333151
903	hard goal	29	-50	-0.024190899999999866
903	hard goal	29	0	-0.02785189999999978
903	hard goal	29	50	-0.017633233333333182
903	hard goal	29	100	-0.004414733333333161
903	hard goal	29	150	-0.011215566666666529
903	hard goal	29	200	-8.388999999999017e-4
903	hard goal	29	250	0.006793433333333561
903	hard goal	29	300	0.04202710000000017
903	hard goal	29	350	0.01562943333333348
903	hard goal	29	400	0.01356026666666684
903	hard goal	29	450	0.00714910000000013
903	hard goal	29	500	0.04602510000000012
903	hard goal	29	550	0.06547876666666674
903	hard goal	29	600	0.11632393333333346
903	hard goal	29	650	0.12473760000000007
903	hard goal	29	700	0.15130593333333345
903	hard goal	29	750	0.14521143333333342
903	hard goal	29	800	0.10802093333333344
903	hard goal	29	850	0.05272110000000015
903	hard goal	29	900	0.028575433333333455
903	hard goal	29	950	0.005382719047619222
903	hard goal	29	1e3	0.008066833333333445
903	hard goal	29	1050	-0.004358852380952286
903	hard goal	29	1100	-0.02010406666666653
903	hard goal	29	1150	-0.012541733333333305
903	hard goal	30	-200	-0.00980038709677419
903	hard goal	30	-150	-0.001137387096774134
903	hard goal	30	-100	0.007369612903225908
903	hard goal	30	-50	0.0023947795698924987
903	hard goal	30	0	0.0028067795698925035
903	hard goal	30	50	-0.0019863870967740858
903	hard goal	30	100	-0.07316888709677416
903	hard goal	30	150	-0.08849222043010745
903	hard goal	30	200	-0.10453005376344082
903	hard goal	30	250	-0.10087288709677418
903	hard goal	30	300	-0.10944205376344078
903	hard goal	30	350	-0.09910488709677412
903	hard goal	30	400	-0.08399055376344096
903	hard goal	30	450	-0.050310887096774115
903	hard goal	30	500	-0.019829387096774214
903	hard goal	30	550	0.02669961290322583
903	hard goal	30	600	0.040804112903225866
903	hard goal	30	650	0.07696111290322578
903	hard goal	30	700	0.049464779569892516
903	hard goal	30	750	0.016639279569892567
903	hard goal	30	800	-0.02680872043010744
903	hard goal	30	850	-0.04978405376344094
903	hard goal	30	900	-0.06450288709677417
903	hard goal	30	950	-0.078904053763440965
903	hard goal	30	1e3	-0.06676572043010746
903	hard goal	30	1050	-0.07245072043010754
903	hard goal	30	1100	-0.0630130537634408
903	hard goal	30	1150	-0.06755605376344076
903	hard goal	31	-200	0.020513364055299594
903	hard goal	31	-150	0.015192268817204516
903	hard goal	31	-100	0.005639435483871062
903	hard goal	31	-50	-0.018920564516128852
903	hard goal	31	0	-0.02584339784946225
903	hard goal	31	50	-0.02584373118279563
903	hard goal	31	100	-0.03388689784946234
903	hard goal	31	150	-0.05211006451612891
903	hard goal	31	200	-0.04985006451612891
903	hard goal	31	250	-0.05585089784946229
903	hard goal	31	300	-0.08490706451612895
903	hard goal	31	350	-0.07273073118279567
903	hard goal	31	400	-0.065266064516129
903	hard goal	31	450	-0.0604937311827957
903	hard goal	31	500	-0.042507231182795646
903	hard goal	31	550	0.017335102150537757
903	hard goal	31	600	0.030967935483871
903	hard goal	31	650	0.052378435483871146
903	hard goal	31	700	0.010708935483871048
903	hard goal	31	750	-0.021974731182795654
903	hard goal	31	800	-0.05841089784946226
903	hard goal	31	850	-0.059991064516128935
903	hard goal	31	900	-0.10252839784946237
903	hard goal	31	950	-0.11109406451612898
903	hard goal	31	1e3	-0.1095683978494623
903	hard goal	31	1050	-0.13206089784946232
903	hard goal	31	1100	-0.14051606451612897
903	hard goal	31	1150	-0.13808039784946233
903	hard goal	32	-200	-0.011927552995391657
903	hard goal	32	-150	-0.016871838709677345
903	hard goal	32	-100	-0.013347505376343957
903	hard goal	32	-50	0.01531832795698936
903	hard goal	32	0	0.028816494623655986
903	hard goal	32	50	0.030396994623656044
903	hard goal	32	100	0.04460682795698934
903	hard goal	32	150	0.04872382795698934
903	hard goal	32	200	0.03289349462365602
903	hard goal	32	250	0.03364649462365602
903	hard goal	32	300	0.008644327956989292
903	hard goal	32	350	-0.024697838709677383
903	hard goal	32	400	-0.005978005376343927
903	hard goal	32	450	-0.01272833870967749
903	hard goal	32	500	0.017895494623655955
903	hard goal	32	550	0.04842232795698931
903	hard goal	32	600	0.04195299462365609
903	hard goal	32	650	0.0073616612903226
903	hard goal	32	700	-0.006450505376344025
903	hard goal	32	750	-0.050788505376344016
903	hard goal	32	800	-0.06728833870967736
903	hard goal	32	850	-0.100113505376344
903	hard goal	32	900	-0.1238006720430107
903	hard goal	32	950	-0.18080367204301062
903	hard goal	32	1e3	-0.18341233870967732
903	hard goal	32	1050	-0.21701450537634406
903	hard goal	32	1100	-0.23398217204301072
903	hard goal	32	1150	-0.2227651720430107
903	hard goal	33	-200	-0.0011590046082948621
903	hard goal	33	-150	0.003800209677419527
903	hard goal	33	-100	-0.007033290322580488
903	hard goal	33	-50	-0.0011722903225805936
903	hard goal	33	0	0.005757543010752819
903	hard goal	33	50	-0.011621790322580447
903	hard goal	33	100	-0.0251232903225805
903	hard goal	33	150	-0.021952456989247155
903	hard goal	33	200	-0.01837862365591388
903	hard goal	33	250	-0.016294790322580594
903	hard goal	33	300	-0.014004790322580543
903	hard goal	33	350	-0.006531123655913869
903	hard goal	33	400	0.009277709677419402
903	hard goal	33	450	0.0362453763440862
903	hard goal	33	500	0.04199970967741954
903	hard goal	33	550	0.07739087634408619
903	hard goal	33	600	0.10368670967741944
903	hard goal	33	650	0.1056693763440862
903	hard goal	33	700	0.11607204301075284
903	hard goal	33	750	0.10175487634408616
903	hard goal	33	800	0.0694812096774194
903	hard goal	33	850	0.057124709677419526
903	hard goal	33	900	0.051896209677419446
903	hard goal	33	950	0.05140270967741937
903	hard goal	33	1e3	0.055945209677419415
903	hard goal	33	1050	0.07743287634408613
903	hard goal	33	1100	0.0819638763440862
903	hard goal	33	1150	0.08638420967741951
903	hard goal	34	-200	-0.048965953917050865
903	hard goal	34	-150	-0.004300763440860426
903	hard goal	34	-100	0.006895403225806174
903	hard goal	34	-50	0.021490736559139616
903	hard goal	34	0	0.033041569892472866
903	hard goal	34	50	0.06000523655913962
903	hard goal	34	100	0.07095290322580634
903	hard goal	34	150	0.0872449032258064
903	hard goal	34	200	0.09267656989247297
903	hard goal	34	250	0.09721856989247286
903	hard goal	34	300	0.08670106989247299
903	hard goal	34	350	0.08719890322580626
903	hard goal	34	400	0.08696523655913957
903	hard goal	34	450	0.11267356989247286
903	hard goal	34	500	0.14634390322580634
903	hard goal	34	550	0.17204890322580627
903	hard goal	34	600	0.21186023655913955
903	hard goal	34	650	0.21266656989247293
903	hard goal	34	700	0.21893823655913955
903	hard goal	34	750	0.18099523655913963
903	hard goal	34	800	0.1685044032258063
903	hard goal	34	850	0.11405440322580618
903	hard goal	34	900	0.10701140322580634
903	hard goal	34	950	0.09120673655913958
903	hard goal	34	1e3	0.08435973655913975
903	hard goal	34	1050	0.08205723655913959
903	hard goal	34	1100	0.09878606989247296
903	hard goal	34	1150	0.1010710698924729
903	hard goal	35	-200	0.006606533333333164
903	hard goal	35	-150	0.010679366666666542
903	hard goal	35	-100	-0.01015863333333337
903	hard goal	35	-50	0.009034366666666571
903	hard goal	35	0	-0.016161633333333425
903	hard goal	35	50	-0.013562633333333482
903	hard goal	35	100	-0.05387280000000009
903	hard goal	35	150	-0.0942349666666668
903	hard goal	35	200	-0.12412063333333334
903	hard goal	35	250	-0.16798346666666678
903	hard goal	35	300	-0.20420496666666677
903	hard goal	35	350	-0.22124246666666672
903	hard goal	35	400	-0.2511383000000001
903	hard goal	35	450	-0.2426599666666668
903	hard goal	35	500	-0.2360771333333335
903	hard goal	35	550	-0.19466180000000008
903	hard goal	35	600	-0.1735011333333334
903	hard goal	35	650	-0.1766793000000002
903	hard goal	35	700	-0.20838546666666677
903	hard goal	35	750	-0.23405980000000018
903	hard goal	35	800	-0.27704096666666683
903	hard goal	35	850	-0.2971176333333334
903	hard goal	35	900	-0.30792113333333354
903	hard goal	35	950	-0.3102378000000002
903	hard goal	35	1e3	-0.3233561333333333
903	hard goal	35	1050	-0.31907996666666677
903	hard goal	35	1100	-0.2857736333333334
903	hard goal	35	1150	-0.2581474666666667
903	hard goal	36	-200	-0.019879714285714365
903	hard goal	36	-150	0.00708749999999984
903	hard goal	36	-100	4.488333333331577e-4
903	hard goal	36	-50	-0.0028415000000002375
903	hard goal	36	0	0.01849816666666652
903	hard goal	36	50	0.04497199999999979
903	hard goal	36	100	0.05093616666666656
903	hard goal	36	150	0.08699833333333314
903	hard goal	36	200	0.11776999999999978
903	hard goal	36	250	0.17299116666666645
903	hard goal	36	300	0.18497099999999977
903	hard goal	36	350	0.21321483333333324
903	hard goal	36	400	0.2386746666666665
903	hard goal	36	450	0.2881979999999998
903	hard goal	36	500	0.30687883333333316
903	hard goal	36	550	0.3366439999999998
903	hard goal	36	600	0.3386179999999998
903	hard goal	36	650	0.34968933333333313
903	hard goal	36	700	0.33351766666666655
903	hard goal	36	750	0.26774333333333317
903	hard goal	36	800	0.2054186666666665
903	hard goal	36	850	0.1650356666666665
903	hard goal	36	900	0.12492433333333312
903	hard goal	36	950	0.08483049999999974
903	hard goal	36	1e3	0.09128966666666656
903	hard goal	36	1050	0.08078649999999987
903	hard goal	36	1100	0.08753383333333316
903	hard goal	36	1150	0.08244066666666645
903	hard goal	37	-200	0.007726437788018371
903	hard goal	37	-150	-0.0015375860215054438
903	hard goal	37	-100	-7.93252688172208e-4
903	hard goal	37	-50	-0.005947586021505469
903	hard goal	37	0	-7.357526881721643e-4
903	hard goal	37	50	0.029328747311827847
903	hard goal	37	100	0.03999491397849445
903	hard goal	37	150	0.06983008064516112
903	hard goal	37	200	0.07554141397849452
903	hard goal	37	250	0.07937591397849449
903	hard goal	37	300	0.07042974731182783
903	hard goal	37	350	0.08642791397849454
903	hard goal	37	400	0.07860424731182787
903	hard goal	37	450	0.09546174731182784
903	hard goal	37	500	0.12516474731182772
903	hard goal	37	550	0.1353690806451612
903	hard goal	37	600	0.14846474731182777
903	hard goal	37	650	0.13834341397849448
903	hard goal	37	700	0.12581808064516128
903	hard goal	37	750	0.0797075806451611
903	hard goal	37	800	0.03211341397849458
903	hard goal	37	850	0.007256413978494376
903	hard goal	37	900	-0.019919086021505494
903	hard goal	37	950	-0.02743141935483891
903	hard goal	37	1e3	-0.01890608602150549
903	hard goal	37	1050	-0.0296964193548388
903	hard goal	37	1100	-0.03280041935483887
903	hard goal	37	1150	-0.022879752688172255
903	hard goal	38	-200	0.040745333333333335
903	hard goal	38	-150	0.01242416666666668
903	hard goal	38	-100	-0.010332500000000003
903	hard goal	38	-50	-0.024035500000000026
903	hard goal	38	0	-0.018801499999999916
903	hard goal	38	50	-0.03692449999999995
903	hard goal	38	100	-0.037516999999999946
903	hard goal	38	150	-0.03704199999999994
903	hard goal	38	200	-0.04476166666666659
903	hard goal	38	250	-0.05758899999999997
903	hard goal	38	300	-0.06620549999999999
903	hard goal	38	350	-0.07383483333333334
903	hard goal	38	400	-0.08963883333333326
903	hard goal	38	450	-0.08899483333333331
903	hard goal	38	500	-0.08714650000000002
903	hard goal	38	550	-0.03231716666666662
903	hard goal	38	600	-0.009426333333333314
903	hard goal	38	650	0.020511500000000165
903	hard goal	38	700	-0.005447499999999901
903	hard goal	38	750	-0.013148833333333387
903	hard goal	38	800	-0.04231733333333332
903	hard goal	38	850	-0.09740347619047617
903	hard goal	38	900	-0.11525716666666663
903	hard goal	38	950	-0.1351564999999999
903	hard goal	38	1e3	-0.124937
903	hard goal	38	1050	-0.11854483333333328
903	hard goal	38	1100	-0.11010566666666659
903	hard goal	38	1150	-0.09705433333333335
903	hard goal	39	-200	0.019326244239631456
903	hard goal	39	-150	0.004967553763440972
903	hard goal	39	-100	-0.012367446236559054
903	hard goal	39	-50	-0.005862112903225691
903	hard goal	39	0	-0.00928527956989241
903	hard goal	39	50	-0.018707779569892297
903	hard goal	39	100	-0.01773727956989239
903	hard goal	39	150	-0.02511077956989231
903	hard goal	39	200	-0.03312261290322575
903	hard goal	39	250	-0.04401361290322573
903	hard goal	39	300	-0.05398877956989234
903	hard goal	39	350	-0.05667627956989244
903	hard goal	39	400	-0.07228594623655919
903	hard goal	39	450	-0.06384211290322576
903	hard goal	39	500	-0.056979779569892454
903	hard goal	39	550	-0.038889279569892445
903	hard goal	39	600	-0.022128446236559112
903	hard goal	39	650	-0.010428946236558989
903	hard goal	39	700	0.005691887096774299
903	hard goal	39	750	0.007214220430107554
903	hard goal	39	800	0.008222053763440837
903	hard goal	39	850	0.0041658870967742345
903	hard goal	39	900	0.007788887096774315
903	hard goal	39	950	0.022116053763440984
903	hard goal	39	1e3	0.027304053763440878
903	hard goal	39	1050	0.045597720430107604
903	hard goal	39	1100	0.058070553763440946
903	hard goal	39	1150	0.07334822043010762
903	hard goal	40	-200	0.03427321198156662
903	hard goal	40	-150	-0.0023276451612903593
903	hard goal	40	-100	-0.011680645161290451
903	hard goal	40	-50	-0.023985645161290387
903	hard goal	40	0	-0.001991478494623703
903	hard goal	40	50	-0.016268478494623723
903	hard goal	40	100	-0.02412964516129046
903	hard goal	40	150	-0.00398581182795706
903	hard goal	40	200	-0.0013696451612904188
903	hard goal	40	250	-0.005659478494623782
903	hard goal	40	300	-0.008966645161290495
903	hard goal	40	350	-0.0018741451612904747
903	hard goal	40	400	0.010837688172042967
903	hard goal	40	450	0.021756188172042872
903	hard goal	40	500	0.08879752150537623
903	hard goal	40	550	0.10514518817204288
903	hard goal	40	600	0.1365516881720429
903	hard goal	40	650	0.13244435483870962
903	hard goal	40	700	0.09824668817204289
903	hard goal	40	750	0.046799688172042796
903	hard goal	40	800	0.026631354838709525
903	hard goal	40	850	-0.004718645161290391
903	hard goal	40	900	0.01088985483870967
903	hard goal	40	950	-0.011171811827957123
903	hard goal	40	1e3	-0.022342145161290405
903	hard goal	40	1050	-0.02965297849462371
903	hard goal	40	1100	-0.03638664516129042
903	hard goal	40	1150	-0.04566214516129049
903	hard goal	41	-200	0.012789907834101197
903	hard goal	41	-150	0.003236026881720274
903	hard goal	41	-100	-0.005941639784946477
903	hard goal	41	-50	-0.009015473118279807
903	hard goal	41	0	-0.0032004731182797563
903	hard goal	41	50	0.01421302688172014
903	hard goal	41	100	0.0166206935483868
903	hard goal	41	150	0.02860319354838688
903	hard goal	41	200	0.048806193548386924
903	hard goal	41	250	0.05426886021505347
903	hard goal	41	300	0.0712183602150535
903	hard goal	41	350	0.07305236021505353
903	hard goal	41	400	0.07389769354838682
903	hard goal	41	450	0.1028881935483869
903	hard goal	41	500	0.14193452688172017
903	hard goal	41	550	0.18994586021505344
903	hard goal	41	600	0.2183486935483868
903	hard goal	41	650	0.24443986021505357
903	hard goal	41	700	0.23081502688172018
903	hard goal	41	750	0.21584836021505346
903	hard goal	41	800	0.19310169354838683
903	hard goal	41	850	0.1817751935483869
903	hard goal	41	900	0.16475252688172026
903	hard goal	41	950	0.1537475268817202
903	hard goal	41	1e3	0.15463252688172013
903	hard goal	41	1050	0.16025369354838692
903	hard goal	41	1100	0.17823786021505353
903	hard goal	41	1150	0.18283302688172012
903	hard goal	42	-200	0.04166406666666663
903	hard goal	42	-150	0.013226066666666666
903	hard goal	42	-100	-0.005548600000000015
903	hard goal	42	-50	-0.010982266666666721
903	hard goal	42	0	-0.03835926666666678
903	hard goal	42	50	-0.042375266666666724
903	hard goal	42	100	-0.049995266666666684
903	hard goal	42	150	-0.06862826666666681
903	hard goal	42	200	-0.08525926666666665
903	hard goal	42	250	-0.09679726666666677
903	hard goal	42	300	-0.10339010000000015
903	hard goal	42	350	-0.10652743333333348
903	hard goal	42	400	-0.10212610000000007
903	hard goal	42	450	-0.09921593333333341
903	hard goal	42	500	-0.08625793333333338
903	hard goal	42	550	-0.057300433333333345
903	hard goal	42	600	-0.023165100000000088
903	hard goal	42	650	0.02170789999999993
903	hard goal	42	700	0.040027066666666666
903	hard goal	42	750	0.04745139999999992
903	hard goal	42	800	0.03819589999999984
903	hard goal	42	850	0.026578733333333233
903	hard goal	42	900	0.00579656666666654
903	hard goal	42	950	0.008745566666666578
903	hard goal	42	1e3	0.005862066666666592
903	hard goal	42	1050	0.014256899999999906
903	hard goal	42	1100	0.028768233333333226
903	hard goal	42	1150	0.04119223333333322
903	hard goal	43	-200	-0.0015954331797235963
903	hard goal	43	-150	-0.0022494569892475003
903	hard goal	43	-100	-0.0035631236559140835
903	hard goal	43	-50	0.00683370967741929
903	hard goal	43	0	8.40209677419231e-4
903	hard goal	43	50	0.011066876344085838
903	hard goal	43	100	0.01514954301075259
903	hard goal	43	150	0.033619376344085884
903	hard goal	43	200	0.013652543010752582
903	hard goal	43	250	0.018648209677419276
903	hard goal	43	300	0.009192876344085906
903	hard goal	43	350	0.03259854301075271
903	hard goal	43	400	0.04051037634408594
903	hard goal	43	450	0.06482237634408583
903	hard goal	43	500	0.08855270967741924
903	hard goal	43	550	0.12883520967741924
903	hard goal	43	600	0.1354608763440858
903	hard goal	43	650	0.15185404301075253
903	hard goal	43	700	0.11956954301075255
903	hard goal	43	750	0.06913487634408584
903	hard goal	43	800	0.014632376344085948
903	hard goal	43	850	0.015441209677419243
903	hard goal	43	900	-0.022577956989247545
903	hard goal	43	950	-0.0455369569892475
903	hard goal	43	1e3	-0.08840445698924741
903	hard goal	43	1050	-0.09130629032258082
903	hard goal	43	1100	-0.10938979032258074
903	hard goal	43	1150	-0.10778612365591411
903	hard goal	44	-200	-0.005284069124423902
903	hard goal	44	-150	0.003711978494623717
903	hard goal	44	-100	-0.009281688172042854
903	hard goal	44	-50	0.003212311827957078
903	hard goal	44	0	0.008522145161290387
903	hard goal	44	50	0.01989381182795702
903	hard goal	44	100	0.045658311827957064
903	hard goal	44	150	0.05941147849462373
903	hard goal	44	200	0.06596431182795699
903	hard goal	44	250	0.08547147849462378
903	hard goal	44	300	0.10985181182795707
903	hard goal	44	350	0.13184947849462372
903	hard goal	44	400	0.15838931182795699
903	hard goal	44	450	0.19360781182795694
903	hard goal	44	500	0.22309914516129034
903	hard goal	44	550	0.2498466451612904
903	hard goal	44	600	0.2787149784946237
903	hard goal	44	650	0.26968714516129033
903	hard goal	44	700	0.2559099784946237
903	hard goal	44	750	0.24282764516129038
903	hard goal	44	800	0.21135197849462362
903	hard goal	44	850	0.19187781182795716
903	hard goal	44	900	0.18543097849462362
903	hard goal	44	950	0.1839133118279571
903	hard goal	44	1e3	0.17417564516129036
903	hard goal	44	1050	0.1865401451612904
903	hard goal	44	1100	0.19902414516129033
903	hard goal	44	1150	0.2157181451612904
903	hard goal	45	-200	0.04834481566820286
903	hard goal	45	-150	0.012536220430107603
903	hard goal	45	-100	-0.008021279569892256
903	hard goal	45	-50	-0.01906861290322574
903	hard goal	45	0	-0.04184861290322569
903	hard goal	45	50	-0.06539777956989234
903	hard goal	45	100	-0.07547027956989227
903	hard goal	45	150	-0.09034144623655897
903	hard goal	45	200	-0.10334761290322574
903	hard goal	45	250	-0.11037194623655895
903	hard goal	45	300	-0.12664344623655896
903	hard goal	45	350	-0.1421277795698923
903	hard goal	45	400	-0.14285061290322565
903	hard goal	45	450	-0.145285446236559
903	hard goal	45	500	-0.1385827795698924
903	hard goal	45	550	-0.10330677956989232
903	hard goal	45	600	-0.07797427956989227
903	hard goal	45	650	-0.06043177956989232
903	hard goal	45	700	-0.06405561290322563
903	hard goal	45	750	-0.09010994623655895
903	hard goal	45	800	-0.10668161290322568
903	hard goal	45	850	-0.1292954462365589
903	hard goal	45	900	-0.14619327956989228
903	hard goal	45	950	-0.17448377956989236
903	hard goal	45	1e3	-0.17805727956989234
903	hard goal	45	1050	-0.16669227956989233
903	hard goal	45	1100	-0.17230977956989232
903	hard goal	45	1150	-0.17059077956989235
903	hard goal	46	-200	0.014881824884792647
903	hard goal	46	-150	0.0016821344086022094
903	hard goal	46	-100	0.00772546774193561
903	hard goal	46	-50	-0.014797365591397845
903	hard goal	46	0	-0.011972365591397693
903	hard goal	46	50	-0.027750198924731073
903	hard goal	46	100	-0.034080698924731166
903	hard goal	46	150	-0.02765903225806447
903	hard goal	46	200	-0.039322198924731065
903	hard goal	46	250	-0.03752153225806443
903	hard goal	46	300	-0.05309786559139784
903	hard goal	46	350	-0.08432303225806452
903	hard goal	46	400	-0.08078369892473118
903	hard goal	46	450	-0.08384636559139769
903	hard goal	46	500	-0.06277436559139771
903	hard goal	46	550	-0.012433532258064428
903	hard goal	46	600	-0.0033085322580646004
903	hard goal	46	650	0.035718134408602165
903	hard goal	46	700	0.012481967741935515
903	hard goal	46	750	-0.012558032258064436
903	hard goal	46	800	-0.04750319892473113
903	hard goal	46	850	-0.07531303225806447
903	hard goal	46	900	-0.08898303225806448
903	hard goal	46	950	-0.10816203225806453
903	hard goal	46	1e3	-0.1156556989247312
903	hard goal	46	1050	-0.10605786559139774
903	hard goal	46	1100	-0.10085753225806433
903	hard goal	46	1150	-0.10261069892473122
903	hard goal	47	-200	0.03428608755760384
903	hard goal	47	-150	0.025960016129032388
903	hard goal	47	-100	-0.005605650537634214
903	hard goal	47	-50	-0.021611150537634256
903	hard goal	47	0	-0.038743650537634254
903	hard goal	47	50	-0.05557315053763423
903	hard goal	47	100	-0.07153698387096763
903	hard goal	47	150	-0.08917381720430084
903	hard goal	47	200	-0.10693681720430082
903	hard goal	47	250	-0.12183098387096754
903	hard goal	47	300	-0.13645148387096753
903	hard goal	47	350	-0.15402931720430088
903	hard goal	47	400	-0.1498846505376342
903	hard goal	47	450	-0.15020581720430096
903	hard goal	47	500	-0.13759031720430093
903	hard goal	47	550	-0.12038815053763423
903	hard goal	47	600	-0.10122465053763419
903	hard goal	47	650	-0.05690581720430088
903	hard goal	47	700	-0.038853817204300846
903	hard goal	47	750	-0.03169148387096743
903	hard goal	47	800	-0.043868650537634224
903	hard goal	47	850	-0.08449048387096747
903	hard goal	47	900	-0.10317798387096759
903	hard goal	47	950	-0.10029948387096765
903	hard goal	47	1e3	-0.08844881720430083
903	hard goal	47	1050	-0.08065548387096759
903	hard goal	47	1100	-0.06995198387096753
903	hard goal	47	1150	-0.06283031720430084
903	hard goal	48	-200	0.03641774193548405
903	hard goal	48	-150	0.045666741935484
903	hard goal	48	-100	0.008024075268817358
903	hard goal	48	-50	-0.03933375806451611
903	hard goal	48	0	-0.05684442473118271
903	hard goal	48	50	-0.08952625806451604
903	hard goal	48	100	-0.10645759139784938
903	hard goal	48	150	-0.10711892473118263
903	hard goal	48	200	-0.12704809139784934
903	hard goal	48	250	-0.12957975806451608
903	hard goal	48	300	-0.12032109139784934
903	hard goal	48	350	-0.13471892473118272
903	hard goal	48	400	-0.11290409139784933
903	hard goal	48	450	-0.09298842473118274
903	hard goal	48	500	-0.05932375806451606
903	hard goal	48	550	-0.031795424731182687
903	hard goal	48	600	-0.01655809139784929
903	hard goal	48	650	0.0013887419354838837
903	hard goal	48	700	-0.024380424731182664
903	hard goal	48	750	-0.06578509139784934
903	hard goal	48	800	-0.08978242473118263
903	hard goal	48	850	-0.09561009139784933
903	hard goal	48	900	-0.12733042473118275
903	hard goal	48	950	-0.12600509139784935
903	hard goal	48	1e3	-0.12779709139784937
903	hard goal	48	1050	-0.1355065913978494
903	hard goal	48	1100	-0.12595225806451596
903	hard goal	48	1150	-0.11759525806451603
903	hard goal	49	-200	0.021904271889401045
903	hard goal	49	-150	-0.013648037634408583
903	hard goal	49	-100	-0.011608537634408536
903	hard goal	49	-50	0.009441629032258167
903	hard goal	49	0	-0.00974003763440856
903	hard goal	49	50	-0.022784370967741847
903	hard goal	49	100	-0.06369620430107514
903	hard goal	49	150	-0.06624920430107524
903	hard goal	49	200	-0.05961753763440858
903	hard goal	49	250	-0.0857718709677419
903	hard goal	49	300	-0.07529553763440851
903	hard goal	49	350	-0.056035037634408535
903	hard goal	49	400	-0.03217287096774187
903	hard goal	49	450	0.009946629032258144
903	hard goal	49	500	0.029446795698924905
903	hard goal	49	550	0.057855129032258125
903	hard goal	49	600	0.10122279569892474
903	hard goal	49	650	0.11674779569892475
903	hard goal	49	700	0.10872779569892477
903	hard goal	49	750	0.07978746236559149
903	hard goal	49	800	0.025488795698924777
903	hard goal	49	850	-0.014084704301075224
903	hard goal	49	900	-0.0222330376344085
903	hard goal	49	950	-0.047599537634408495
903	hard goal	49	1e3	-0.06868553763440859
903	hard goal	49	1050	-0.07708303763440842
903	hard goal	49	1100	-0.08083353763440848
903	hard goal	49	1150	-0.10644087096774187
903	hard goal	50	-200	-0.01163704147465434
903	hard goal	50	-150	0.0017627204301074635
903	hard goal	50	-100	0.006034887096774133
903	hard goal	50	-50	8.143870967741348e-4
903	hard goal	50	0	0.004964553763440849
903	hard goal	50	50	-0.0017862795698924128
903	hard goal	50	100	2.3472043010748975e-4
903	hard goal	50	150	-0.007130779569892572
903	hard goal	50	200	-3.0877956989254035e-4
903	hard goal	50	250	-2.466129032258439e-4
903	hard goal	50	300	0.014754720430107504
903	hard goal	50	350	0.024581387096774154
903	hard goal	50	400	0.04290988709677427
903	hard goal	50	450	0.06252022043010748
903	hard goal	50	500	0.09625372043010749
903	hard goal	50	550	0.12381038709677417
903	hard goal	50	600	0.1755987204301075
903	hard goal	50	650	0.19505738709677423
903	hard goal	50	700	0.17963138709677406
903	hard goal	50	750	0.13642255376344084
903	hard goal	50	800	0.11463572043010754
903	hard goal	50	850	0.08153172043010752
903	hard goal	50	900	0.06848838709677414
903	hard goal	50	950	0.05699522043010741
903	hard goal	50	1e3	0.0650657204301075
903	hard goal	50	1050	0.050771553763440856
903	hard goal	50	1100	0.08370955376344084
903	hard goal	50	1150	0.10094938709677422
903	hard goal	51	-200	0.03739633333333366
903	hard goal	51	-150	0.017159166666666763
903	hard goal	51	-100	-0.00737416666666646
903	hard goal	51	-50	-0.018489499999999826
903	hard goal	51	0	-0.0286918333333331
903	hard goal	51	50	-0.031028499999999754
903	hard goal	51	100	-0.02950483333333313
903	hard goal	51	150	-0.04213133333333315
903	hard goal	51	200	-0.04290366666666645
903	hard goal	51	250	-0.041750999999999795
903	hard goal	51	300	-0.0480504999999997
903	hard goal	51	350	-0.039789666666666466
903	hard goal	51	400	-0.03072616666666635
903	hard goal	51	450	0.0016935000000001625
903	hard goal	51	500	0.03359750000000017
903	hard goal	51	550	0.07305166666666689
903	hard goal	51	600	0.08162016666666679
903	hard goal	51	650	0.05213150000000022
903	hard goal	51	700	0.017433000000000105
903	hard goal	51	750	-0.01174133333333316
903	hard goal	51	800	-0.050366499999999904
903	hard goal	51	850	-0.06815433333333314
903	hard goal	51	900	-0.07834583333333311
903	hard goal	51	950	-0.08377716666666646
903	hard goal	51	1e3	-0.08584983333333314
903	hard goal	51	1050	-0.08720616666666643
903	hard goal	51	1100	-0.09160733333333322
903	hard goal	51	1150	-0.10028649999999979
903	hard goal	52	-200	-0.0449742764976957
903	hard goal	52	-150	-0.007057919354838571
903	hard goal	52	-100	0.01608608064516141
903	hard goal	52	-50	0.01862458064516148
903	hard goal	52	0	0.024817247311828067
903	hard goal	52	50	0.04989191397849487
903	hard goal	52	100	0.05246308064516151
903	hard goal	52	150	0.028461913978494808
903	hard goal	52	200	0.020897080645161454
903	hard goal	52	250	0.01809258064516143
903	hard goal	52	300	0.0028480806451614735
903	hard goal	52	350	-0.008152086021505115
903	hard goal	52	400	-0.013234586021505143
903	hard goal	52	450	0.0032189139784947565
903	hard goal	52	500	0.009115747311828034
903	hard goal	52	550	0.021029080645161475
903	hard goal	52	600	0.047008747311828136
903	hard goal	52	650	0.07178858064516162
903	hard goal	52	700	0.09289874731182819
903	hard goal	52	750	0.10030524731182815
903	hard goal	52	800	0.09963858064516155
903	hard goal	52	850	0.0728179139784948
903	hard goal	52	900	0.03808724731182811
903	hard goal	52	950	0.03141258064516143
903	hard goal	52	1e3	0.0211957473118282
903	hard goal	52	1050	0.012160913978494836
903	hard goal	52	1100	0.021140747311828134
903	hard goal	52	1150	0.01599974731182822
903	hard goal	53	-200	0.05628111904761912
903	hard goal	53	-150	0.03843678571428577
903	hard goal	53	-100	0.017110619047619124
903	hard goal	53	-50	-0.007843047619047564
903	hard goal	53	0	-0.15597821428571412
903	hard goal	53	50	-0.18484021428571418
903	hard goal	53	100	-0.08931204761904758
903	hard goal	53	150	-0.0879098809523809
903	hard goal	53	200	-0.10876138095238093
903	hard goal	53	250	-0.12580154761904758
903	hard goal	53	300	-0.16813957142857136
903	hard goal	53	350	-0.19109571428571415
903	hard goal	53	400	-0.2117540476190476
903	hard goal	53	450	-0.22482454761904766
903	hard goal	53	500	-0.2485198809523809
903	hard goal	53	550	-0.24551488095238083
903	hard goal	53	600	-0.23696438095238084
903	hard goal	53	650	-0.21440521428571424
903	hard goal	53	700	-0.1897350476190475
903	hard goal	53	750	-0.18360304761904755
903	hard goal	53	800	-0.21321271428571423
903	hard goal	53	850	-0.22095371428571423
903	hard goal	53	900	-0.2368892142857142
903	hard goal	53	950	-0.2468515476190475
903	hard goal	53	1e3	-0.2541453809523809
903	hard goal	53	1050	-0.25701971428571424
903	hard goal	53	1100	-0.2551410476190475
903	hard goal	53	1150	-0.24811004761904756
903	hard goal	54	-200	0.01620800000000015
903	hard goal	54	-150	9.098333333333505e-4
903	hard goal	54	-100	0.0038679999999999826
903	hard goal	54	-50	-0.008453333333333276
903	hard goal	54	0	-0.01253249999999991
903	hard goal	54	50	-0.01725666666666655
903	hard goal	54	100	-0.025369452380952357
903	hard goal	54	150	-0.023704333333333254
903	hard goal	54	200	-0.013258166666666594
903	hard goal	54	250	0.0018028333333334676
903	hard goal	54	300	0.023108833333333356
903	hard goal	54	350	0.022492499999999954
903	hard goal	54	400	0.02920366666666685
903	hard goal	54	450	0.04421600000000003
903	hard goal	54	500	0.0755765
903	hard goal	54	550	0.11154383333333347
903	hard goal	54	600	0.1406238333333334
903	hard goal	54	650	0.17431716666666675
903	hard goal	54	700	0.16321650000000001
903	hard goal	54	750	0.18104150000000008
903	hard goal	54	800	0.15261066666666676
903	hard goal	54	850	0.13748666666666667
903	hard goal	54	900	0.12717983333333338
903	hard goal	54	950	0.1262900000000001
903	hard goal	54	1e3	0.13316833333333342
903	hard goal	54	1050	0.1367388333333334
903	hard goal	54	1100	0.13712883333333337
903	hard goal	54	1150	0.1360571666666667
903	hard goal	55	-200	-0.02918859447004607
903	hard goal	55	-150	-0.008716618279569857
903	hard goal	55	-100	0.015122715053763391
903	hard goal	55	-50	0.022841048387096736
903	hard goal	55	0	0.004806215053763403
903	hard goal	55	50	-0.011098451612903126
903	hard goal	55	100	-0.04902928494623652
903	hard goal	55	150	-0.1087212849462366
903	hard goal	55	200	-0.13380678494623655
903	hard goal	55	250	-0.1449429516129032
903	hard goal	55	300	-0.16997945161290318
903	hard goal	55	350	-0.16489645161290323
903	hard goal	55	400	-0.16337495161290327
903	hard goal	55	450	-0.15502845161290332
903	hard goal	55	500	-0.13464411827956999
903	hard goal	55	550	-0.13484311827956996
903	hard goal	55	600	-0.10310428494623662
903	hard goal	55	650	-0.09411361827956981
903	hard goal	55	700	-0.09745595161290314
903	hard goal	55	750	-0.12183295161290324
903	hard goal	55	800	-0.10402795161290324
903	hard goal	55	850	-0.11891961827956998
903	hard goal	55	900	-0.11906678494623664
903	hard goal	55	950	-0.13581461827956995
903	hard goal	55	1e3	-0.16667711827956988
903	hard goal	55	1050	-0.1951091182795698
903	hard goal	55	1100	-0.19091111827956989
903	hard goal	55	1150	-0.2101967849462366
903	hard goal	56	-200	-0.018622834101382452
903	hard goal	56	-150	-0.02087521505376344
903	hard goal	56	-100	-0.011169881720429986
903	hard goal	56	-50	0.01843961827957008
903	hard goal	56	0	0.03533211827956998
903	hard goal	56	50	0.02341445161290327
903	hard goal	56	100	0.02670295161290337
903	hard goal	56	150	0.04776011827957002
903	hard goal	56	200	0.05917128494623669
903	hard goal	56	250	0.05406228494623666
903	hard goal	56	300	0.07327478494623674
903	hard goal	56	350	0.07141461827956992
903	hard goal	56	400	0.08608161827956999
903	hard goal	56	450	0.07916945161290334
903	hard goal	56	500	0.07249611827957003
903	hard goal	56	550	0.12224345161290333
903	hard goal	56	600	0.12315028494623663
903	hard goal	56	650	0.07311711827957008
903	hard goal	56	700	0.07625795161290339
903	hard goal	56	750	-0.016905548387096642
903	hard goal	56	800	-0.05657938172042994
903	hard goal	56	850	-0.05840188172043
903	hard goal	56	900	-0.14140354838709665
903	hard goal	56	950	-0.16984288172043005
903	hard goal	56	1e3	-0.1695357150537633
903	hard goal	56	1050	-0.19613321505376335
903	hard goal	56	1100	-0.20364604838709668
903	hard goal	56	1150	-0.22094121505376338
903	hard goal	57	-200	-0.014534966666666538
903	hard goal	57	-150	-0.011351799999999912
903	hard goal	57	-100	-0.006444133333333157
903	hard goal	57	-50	0.01296620000000015
903	hard goal	57	0	0.019364700000000123
903	hard goal	57	50	0.004889866666666798
903	hard goal	57	100	0.002676700000000013
903	hard goal	57	150	0.012247533333333541
903	hard goal	57	200	0.005199866666666682
903	hard goal	57	250	-0.012644799999999975
903	hard goal	57	300	-0.019460895238095115
903	hard goal	57	350	-0.042085466666666425
903	hard goal	57	400	-0.05394279999999988
903	hard goal	57	450	-0.07269129999999986
903	hard goal	57	500	-0.07062846666666649
903	hard goal	57	550	-0.07760379999999996
903	hard goal	57	600	-0.07106163333333315
903	hard goal	57	650	-0.045138299999999854
903	hard goal	57	700	-0.023012633333333216
903	hard goal	57	750	-0.023401633333333265
903	hard goal	57	800	-0.02613513333333321
903	hard goal	57	850	-0.07052679999999989
903	hard goal	57	900	-0.08270779999999996
903	hard goal	57	950	-0.09319829999999991
903	hard goal	57	1e3	-0.11196713333333319
903	hard goal	57	1050	-0.10374363333333318
903	hard goal	57	1100	-0.09661963333333312
903	hard goal	57	1150	-0.1061729666666665
903	hard goal	58	-200	-0.0025142666666665057
903	hard goal	58	-150	0.01928723333333345
903	hard goal	58	-100	0.006130400000000202
903	hard goal	58	-50	0.002417066666666893
903	hard goal	58	0	-0.025320433333333153
903	hard goal	58	50	-0.05529243333333319
903	hard goal	58	100	-0.10496226666666653
903	hard goal	58	150	-0.1258442666666666
903	hard goal	58	200	-0.1413905999999998
903	hard goal	58	250	-0.1569339333333332
903	hard goal	58	300	-0.14386393333333322
903	hard goal	58	350	-0.14627226666666662
903	hard goal	58	400	-0.14984343333333316
903	hard goal	58	450	-0.13400526666666646
903	hard goal	58	500	-0.10735159999999966
903	hard goal	58	550	-0.0907135999999998
903	hard goal	58	600	-0.058283099999999845
903	hard goal	58	650	-0.04907393333333321
903	hard goal	58	700	-0.08610026666666652
903	hard goal	58	750	-0.14790212380952367
903	hard goal	58	800	-0.18469826666666647
903	hard goal	58	850	-0.22816743333333314
903	hard goal	58	900	-0.27016826666666655
903	hard goal	58	950	-0.31402426666666644
903	hard goal	58	1e3	-0.3656379333333331
903	hard goal	58	1050	-0.37235559999999984
903	hard goal	58	1100	-0.4118030999999998
903	hard goal	58	1150	-0.41977626666666645
903	hard goal	59	-200	-0.020220207373272014
903	hard goal	59	-150	-0.010410564516129206
903	hard goal	59	-100	0.007658268817204143
903	hard goal	59	-50	0.010026602150537448
903	hard goal	59	0	0.01631593548387089
903	hard goal	59	50	0.03557093548387084
903	hard goal	59	100	0.05113560215053744
903	hard goal	59	150	0.049506935483870786
903	hard goal	59	200	0.07393376881720408
903	hard goal	59	250	0.06748076881720418
903	hard goal	59	300	0.07693543548387079
903	hard goal	59	350	0.06571776881720422
903	hard goal	59	400	0.07692476881720411
903	hard goal	59	450	0.09230976881720403
903	hard goal	59	500	0.11039460215053747
903	hard goal	59	550	0.1299684354838709
903	hard goal	59	600	0.12956860215053748
903	hard goal	59	650	0.12088860215053754
903	hard goal	59	700	0.0887186021505375
903	hard goal	59	750	0.04933976881720407
903	hard goal	59	800	0.015862935483870782
903	hard goal	59	850	-0.014409564516129217
903	hard goal	59	900	-0.024062564516129203
903	hard goal	59	950	-0.03366123118279588
903	hard goal	59	1e3	-0.03703106451612922
903	hard goal	59	1050	-0.04066556451612913
903	hard goal	59	1100	-0.04704956451612922
903	hard goal	59	1150	-0.05032206451612916
903	hard goal	60	-200	-0.022692612903225724
903	hard goal	60	-150	-0.008986279569892286
903	hard goal	60	-100	-0.008482112903225758
903	hard goal	60	-50	0.011963887096774354
903	hard goal	60	0	0.0319792204301077
903	hard goal	60	50	0.03388138709677432
903	hard goal	60	100	0.017053553763441014
903	hard goal	60	150	0.01979255376344106
903	hard goal	60	200	0.034474887096774376
903	hard goal	60	250	0.03793088709677428
903	hard goal	60	300	0.03823822043010764
903	hard goal	60	350	0.07620638709677426
903	hard goal	60	400	0.07288438709677429
903	hard goal	60	450	0.07984422043010768
903	hard goal	60	500	0.11843805376344108
903	hard goal	60	550	0.13799522043010767
903	hard goal	60	600	0.15232972043010765
903	hard goal	60	650	0.13517038709677434
903	hard goal	60	700	0.10814522043010766
903	hard goal	60	750	0.07126788709677423
903	hard goal	60	800	0.013854720430107603
903	hard goal	60	850	-0.008460612903225714
903	hard goal	60	900	-0.027442612903225694
903	hard goal	60	950	-0.06423894623655906
903	hard goal	60	1e3	-0.08903544623655908
903	hard goal	60	1050	-0.11033594623655896
903	hard goal	60	1100	-0.12550161290322573
903	hard goal	60	1150	-0.13457644623655898
903	hard goal	61	-200	-0.028753322580645144
903	hard goal	61	-150	-0.013695489247311862
903	hard goal	61	-100	0.01895234408602146
903	hard goal	61	-50	0.011126844086021492
903	hard goal	61	0	0.017161844086021505
903	hard goal	61	50	0.013514677419354934
903	hard goal	61	100	0.008595844086021431
903	hard goal	61	150	-0.01075482258064516
903	hard goal	61	200	-0.017139989247311787
903	hard goal	61	250	-0.03874265591397852
903	hard goal	61	300	-0.05582798924731184
903	hard goal	61	350	-0.06520215591397845
903	hard goal	61	400	-0.07556948924731177
903	hard goal	61	450	-0.07619315591397857
903	hard goal	61	500	-0.06326298924731184
903	hard goal	61	550	-0.05022065591397854
903	hard goal	61	600	-0.03635965591397842
903	hard goal	61	650	-0.0307428225806452
903	hard goal	61	700	-0.03460732258064514
903	hard goal	61	750	-0.05421148924731186
903	hard goal	61	800	-0.07935882258064512
903	hard goal	61	850	-0.09534215591397843
903	hard goal	61	900	-0.10666448924731171
903	hard goal	61	950	-0.11647748924731179
903	hard goal	61	1e3	-0.1271498225806451
903	hard goal	61	1050	-0.1252753225806451
903	hard goal	61	1100	-0.11196298924731189
903	hard goal	61	1150	-0.10265915591397852
903	hard goal	62	-200	-0.03377956666666663
903	hard goal	62	-150	-0.02575740000000004
903	hard goal	62	-100	-0.017233066666666613
903	hard goal	62	-50	0.026422933333333305
903	hard goal	62	0	0.05034709999999998
903	hard goal	62	50	0.07853410000000009
903	hard goal	62	100	0.10625776666666671
903	hard goal	62	150	0.14542360000000007
903	hard goal	62	200	0.1591912666666667
903	hard goal	62	250	0.16371426666666658
903	hard goal	62	300	0.17033476666666672
903	hard goal	62	350	0.14712043333333327
903	hard goal	62	400	0.14322643333333338
903	hard goal	62	450	0.1455557666666667
903	hard goal	62	500	0.14463809999999996
903	hard goal	62	550	0.12285809999999997
903	hard goal	62	600	0.12681310000000004
903	hard goal	62	650	0.09787393333333332
903	hard goal	62	700	0.06592193333333325
903	hard goal	62	750	0.017319576190476242
903	hard goal	62	800	-0.016988400000000087
903	hard goal	62	850	-0.04434406666666665
903	hard goal	62	900	-0.05032039999999993
903	hard goal	62	950	-0.06270223333333343
903	hard goal	62	1e3	-0.06566256666666659
903	hard goal	62	1050	-0.06982906666666677
903	hard goal	62	1100	-0.0642734000000001
903	hard goal	62	1150	-0.06274373333333338
903	hard goal	63	-200	-0.019556433179723647
903	hard goal	63	-150	-0.012348956989247576
903	hard goal	63	-100	0.006399709677419245
903	hard goal	63	-50	0.008744376344085758
903	hard goal	63	0	0.02002070967741913
903	hard goal	63	50	0.03714304301075259
903	hard goal	63	100	0.04787637634408585
903	hard goal	63	150	0.0629968763440858
903	hard goal	63	200	0.07497437634408584
903	hard goal	63	250	0.10253054301075244
903	hard goal	63	300	0.1196188763440859
903	hard goal	63	350	0.14783404301075262
903	hard goal	63	400	0.17190704301075255
903	hard goal	63	450	0.21020037634408592
903	hard goal	63	500	0.2507397096774191
903	hard goal	63	550	0.28793120967741914
903	hard goal	63	600	0.31116437634408584
903	hard goal	63	650	0.3112928763440859
903	hard goal	63	700	0.3065650430107525
903	hard goal	63	750	0.2768178763440859
903	hard goal	63	800	0.2854220430107526
903	hard goal	63	850	0.2779642096774191
903	hard goal	63	900	0.2949917096774193
903	hard goal	63	950	0.3015032096774191
903	hard goal	63	1e3	0.31199670967741916
903	hard goal	63	1050	0.33747870967741916
903	hard goal	63	1100	0.3729903763440859
903	hard goal	63	1150	0.4074022096774192
903	hard goal	64	-200	-0.017686861751152274
903	hard goal	64	-150	-0.004201623655914144
903	hard goal	64	-100	-0.00728812365591421
903	hard goal	64	-50	0.009789209677419178
903	hard goal	64	0	0.02233520967741905
903	hard goal	64	50	0.0532172096774192
903	hard goal	64	100	0.09291204301075255
903	hard goal	64	150	0.09026987634408574
903	hard goal	64	200	0.12061254301075253
903	hard goal	64	250	0.1491743763440858
903	hard goal	64	300	0.19638787634408575
903	hard goal	64	350	0.19856654301075247
903	hard goal	64	400	0.23651704301075238
903	hard goal	64	450	0.2875813763440858
903	hard goal	64	500	0.3135128763440858
903	hard goal	64	550	0.3313885430107524
903	hard goal	64	600	0.29976220967741923
903	hard goal	64	650	0.2299098763440858
903	hard goal	64	700	0.17749787634408584
903	hard goal	64	750	0.10744904301075242
903	hard goal	64	800	0.08353837634408572
903	hard goal	64	850	0.07067154301075244
903	hard goal	64	900	0.04396454301075248
903	hard goal	64	950	0.05553254301075242
903	hard goal	64	1e3	0.038934376344085773
903	hard goal	64	1050	0.04695554301075244
903	hard goal	64	1100	0.0591582096774191
903	hard goal	64	1150	0.09109454301075237
903	hard goal	65	-200	-0.021463728110598903
903	hard goal	65	-150	-0.012809037634408549
903	hard goal	65	-100	-0.005202370967741936
903	hard goal	65	-50	0.02273496236559147
903	hard goal	65	0	0.02031746236559151
903	hard goal	65	50	0.014718962365591448
903	hard goal	65	100	0.028357462365591484
903	hard goal	65	150	0.02920229569892478
903	hard goal	65	200	0.018549129032258138
903	hard goal	65	250	0.018402129032258092
903	hard goal	65	300	-0.006337037634408442
903	hard goal	65	350	-0.010623537634408523
903	hard goal	65	400	-0.006322537634408487
903	hard goal	65	450	1.351290322580597e-4
903	hard goal	65	500	0.026127129032258074
903	hard goal	65	550	0.05882546236559142
903	hard goal	65	600	0.09575446236559142
903	hard goal	65	650	0.12415846236559151
903	hard goal	65	700	0.13263212903225816
903	hard goal	65	750	0.10776229569892475
903	hard goal	65	800	0.07567879569892473
903	hard goal	65	850	0.04401712903225811
903	hard goal	65	900	0.0200404623655915
903	hard goal	65	950	-0.00238470430107518
903	hard goal	65	1e3	-7.525376344085603e-4
903	hard goal	65	1050	0.019809795698924864
903	hard goal	65	1100	0.016267295698924784
903	hard goal	65	1150	0.022171462365591532
903	hard goal	66	-200	-0.024173645161290138
903	hard goal	66	-150	-0.013770978494623535
903	hard goal	66	-100	-0.01561131182795683
903	hard goal	66	-50	0.030704188172043196
903	hard goal	66	0	0.02688068817204307
903	hard goal	66	50	0.06275168817204313
903	hard goal	66	100	0.07228452150537645
903	hard goal	66	150	0.1065798548387098
903	hard goal	66	200	0.1343750215053765
903	hard goal	66	250	0.15906418817204324
903	hard goal	66	300	0.15722318817204325
903	hard goal	66	350	0.2168850215053765
903	hard goal	66	400	0.23460118817204312
903	hard goal	66	450	0.24652268817204312
903	hard goal	66	500	0.27838068817204314
903	hard goal	66	550	0.31670418817204316
903	hard goal	66	600	0.2883600215053764
903	hard goal	66	650	0.29134285483870975
903	hard goal	66	700	0.2447470215053765
903	hard goal	66	750	0.22665218817204322
903	hard goal	66	800	0.20234002150537642
903	hard goal	66	850	0.17217602150537634
903	hard goal	66	900	0.13664302150537652
903	hard goal	66	950	0.1048851881720431
903	hard goal	66	1e3	0.07145418817204319
903	hard goal	66	1050	0.0655780215053765
903	hard goal	66	1100	0.024452188172043126
903	hard goal	66	1150	0.058199854838709854
903	hard goal	67	-200	4.0940552995388e-4
903	hard goal	67	-150	-7.304516129032675e-4
903	hard goal	67	-100	-2.797849462365202e-4
903	hard goal	67	-50	0.0013443817204300916
903	hard goal	67	0	-8.117849462364971e-4
903	hard goal	67	50	0.004030381720430132
903	hard goal	67	100	0.0044222150537634635
903	hard goal	67	150	-0.003679784946236664
903	hard goal	67	200	0.010768548387096732
903	hard goal	67	250	0.01705304838709676
903	hard goal	67	300	0.022766215053763455
903	hard goal	67	350	0.03490671505376349
903	hard goal	67	400	0.051774548387096754
903	hard goal	67	450	0.07717588172043015
903	hard goal	67	500	0.11474921505376352
903	hard goal	67	550	0.12706804838709682
903	hard goal	67	600	0.1581697150537634
903	hard goal	67	650	0.1609002150537635
903	hard goal	67	700	0.14504388172043003
903	hard goal	67	750	0.10368338172043012
903	hard goal	67	800	0.0912723817204301
903	hard goal	67	850	0.05706588172043007
903	hard goal	67	900	0.051242048387096784
903	hard goal	67	950	0.04489154838709671
903	hard goal	67	1e3	0.04066538172043018
903	hard goal	67	1050	0.04513404838709686
903	hard goal	67	1100	0.051110381720430066
903	hard goal	67	1150	0.06545904838709678
903	hard goal	68	-200	-0.00285886175115221
903	hard goal	68	-150	1.6670967741923745e-4
903	hard goal	68	-100	-0.0015692903225807224
903	hard goal	68	-50	-0.005543623655914098
903	hard goal	68	0	0.01028154301075257
903	hard goal	68	50	0.012630376344085889
903	hard goal	68	100	0.01637637634408584
903	hard goal	68	150	0.02621670967741922
903	hard goal	68	200	0.024422709677419368
903	hard goal	68	250	0.023098709677419338
903	hard goal	68	300	0.02165804301075262
903	hard goal	68	350	0.038293709677419185
903	hard goal	68	400	0.03226520967741934
903	hard goal	68	450	0.04326237634408603
903	hard goal	68	500	0.05662204301075261
903	hard goal	68	550	0.06987854301075254
903	hard goal	68	600	0.09998687634408594
903	hard goal	68	650	0.13436170967741937
903	hard goal	68	700	0.1587197096774192
903	hard goal	68	750	0.14528637634408592
903	hard goal	68	800	0.12036070967741923
903	hard goal	68	850	0.07944054301075269
903	hard goal	68	900	0.039158876344085915
903	hard goal	68	950	0.015523709677419154
903	hard goal	68	1e3	0.011197543010752634
903	hard goal	68	1050	-0.0020284569892473994
903	hard goal	68	1100	0.004819209677419334
903	hard goal	68	1150	-0.0012437903225807438
903	hard goal	69	-200	0.005526576036866412
903	hard goal	69	-150	-0.006687543010752621
903	hard goal	69	-100	-0.006300876344085937
903	hard goal	69	-50	5.624569892473582e-4
903	hard goal	69	0	0.005978290322580682
903	hard goal	69	50	0.0066784569892472945
903	hard goal	69	100	0.0049562903225807515
903	hard goal	69	150	0.0032367903225807293
903	hard goal	69	200	-0.0017885430107526339
903	hard goal	69	250	-0.01604037634408595
903	hard goal	69	300	-0.017127376344085937
903	hard goal	69	350	-0.019363543010752753
903	hard goal	69	400	-0.012416043010752645
903	hard goal	69	450	-0.0057453763440859324
903	hard goal	69	500	0.006958123655914046
903	hard goal	69	550	0.04176679032258068
903	hard goal	69	600	0.07473695698924739
903	hard goal	69	650	0.0878036236559141
903	hard goal	69	700	0.08434529032258069
903	hard goal	69	750	0.060673456989247455
903	hard goal	69	800	0.048563790322580624
903	hard goal	69	850	0.040177290322580696
903	hard goal	69	900	0.030022790322580706
903	hard goal	69	950	0.024312956989247365
903	hard goal	69	1e3	0.03325779032258073
903	hard goal	69	1050	0.04043379032258073
903	hard goal	69	1100	0.04290062365591411
903	hard goal	69	1150	0.053119623655914015
903	hard goal	70	-200	0.020491663594469856
903	hard goal	70	-150	0.005508973118279359
903	hard goal	70	-100	-0.006887860215053794
903	hard goal	70	-50	-0.014379193548387311
903	hard goal	70	0	-0.008148860215053974
903	hard goal	70	50	-0.002148526881720588
903	hard goal	70	100	0.01554113978494609
903	hard goal	70	150	0.03138547311827936
903	hard goal	70	200	0.03127630645161276
903	hard goal	70	250	0.05779997311827937
903	hard goal	70	300	0.07689313978494601
903	hard goal	70	350	0.07388863978494609
903	hard goal	70	400	0.07307847311827935
903	hard goal	70	450	0.09008563978494603
903	hard goal	70	500	0.10281347311827942
903	hard goal	70	550	0.1213501397849462
903	hard goal	70	600	0.1572344731182794
903	hard goal	70	650	0.1708154731182793
903	hard goal	70	700	0.18190780645161272
903	hard goal	70	750	0.19406863978494604
903	hard goal	70	800	0.17668013978494615
903	hard goal	70	850	0.13148430645161277
903	hard goal	70	900	0.07276763978494609
903	hard goal	70	950	0.06892047311827947
903	hard goal	70	1e3	0.0653296397849461
903	hard goal	70	1050	0.06087997311827942
903	hard goal	70	1100	0.05112130645161265
903	hard goal	70	1150	0.06170513978494604
903	hard goal	71	-200	-0.020930368663594528
903	hard goal	71	-150	-0.012272392473118288
903	hard goal	71	-100	-0.004273559139784962
903	hard goal	71	-50	0.01687127419354832
903	hard goal	71	0	0.024093440860214994
903	hard goal	71	50	0.047184107526881736
903	hard goal	71	100	0.04860844086021506
903	hard goal	71	150	0.05161894086021501
903	hard goal	71	200	0.03130977419354841
903	hard goal	71	250	0.02227244086021507
903	hard goal	71	300	0.0011381075268816303
903	hard goal	71	350	4.2860752688163767e-4
903	hard goal	71	400	-0.009241725806451587
903	hard goal	71	450	-0.010333392473118153
903	hard goal	71	500	0.011891607526881712
903	hard goal	71	550	0.03190644086021507
903	hard goal	71	600	0.07033494086021497
903	hard goal	71	650	0.09181660752688166
903	hard goal	71	700	0.10079644086021511
903	hard goal	71	750	0.10578544086021502
903	hard goal	71	800	0.09412194086021504
903	hard goal	71	850	0.056839607526881775
903	hard goal	71	900	0.03891810752688163
903	hard goal	71	950	0.036362940860215076
903	hard goal	71	1e3	0.03598594086021508
903	hard goal	71	1050	0.047054440860215006
903	hard goal	71	1100	0.04960460752688175
903	hard goal	71	1150	0.06415144086021514
903	hard goal	72	-200	-0.03508286666666686
903	hard goal	72	-150	-7.883666666668917e-4
903	hard goal	72	-100	0.01364513333333317
903	hard goal	72	-50	0.008264633333333085
903	hard goal	72	0	0.013961466666666533
903	hard goal	72	50	0.008257466666666454
903	hard goal	72	100	0.011512466666666535
903	hard goal	72	150	0.008444466666666465
903	hard goal	72	200	0.003874133333333196
903	hard goal	72	250	0.019796966666666565
903	hard goal	72	300	0.027516133333333137
903	hard goal	72	350	0.04048013333333311
903	hard goal	72	400	0.04485763333333318
903	hard goal	72	450	0.057392966666666524
903	hard goal	72	500	0.09897379999999985
903	hard goal	72	550	0.11560413333333323
903	hard goal	72	600	0.1504806333333332
903	hard goal	72	650	0.15181379999999986
903	hard goal	72	700	0.1811836333333332
903	hard goal	72	750	0.16538263333333325
903	hard goal	72	800	0.14410346666666643
903	hard goal	72	850	0.1084304666666666
903	hard goal	72	900	0.0833594666666666
903	hard goal	72	950	0.0668217047619046
903	hard goal	72	1e3	0.05188753333333311
903	hard goal	72	1050	0.035041561904761806
903	hard goal	72	1100	0.05037763333333315
903	hard goal	72	1150	0.053591966666666435
903	hard goal	73	-200	-0.0027078571428570237
903	hard goal	73	-150	0.0033726666666669125
903	hard goal	73	-100	-0.0038349999999997366
903	hard goal	73	-50	-0.006408999999999739
903	hard goal	73	0	0.0100305000000002
903	hard goal	73	50	0.024065000000000152
903	hard goal	73	100	0.035342666666666744
903	hard goal	73	150	0.04726000000000008
903	hard goal	73	200	0.04399000000000005
903	hard goal	73	250	0.04787833333333354
903	hard goal	73	300	0.04800516666666691
903	hard goal	73	350	0.05605816666666678
903	hard goal	73	400	0.07047000000000019
903	hard goal	73	450	0.08063966666666682
903	hard goal	73	500	0.11845216666666684
903	hard goal	73	550	0.14564833333333346
903	hard goal	73	600	0.16625033333333347
903	hard goal	73	650	0.1866881666666668
903	hard goal	73	700	0.17458533333333345
903	hard goal	73	750	0.1512215000000002
903	hard goal	73	800	0.12379583333333355
903	hard goal	73	850	0.10134916666666689
903	hard goal	73	900	0.08634466666666689
903	hard goal	73	950	0.06002100000000018
903	hard goal	73	1e3	0.07979300000000022
903	hard goal	73	1050	0.07431066666666679
903	hard goal	73	1100	0.08376633333333354
903	hard goal	73	1150	0.091573833333333507
903	hard goal	74	-200	0.0060300921658986385
903	hard goal	74	-150	-0.00682352688172035
903	hard goal	74	-100	-0.010718693548387023
903	hard goal	74	-50	0.010931639784946379
903	hard goal	74	0	-4.24526881720307e-4
903	hard goal	74	50	0.0032438064516129295
903	hard goal	74	100	0.00288997311827958
903	hard goal	74	150	0.006388973118279721
903	hard goal	74	200	-0.006176860215053592
903	hard goal	74	250	-0.008263360215053769
903	hard goal	74	300	-0.016768360215053606
903	hard goal	74	350	-0.00182736021505366
903	hard goal	74	400	0.006940139784946305
903	hard goal	74	450	0.028502806451612923
903	hard goal	74	500	0.07376897311827964
903	hard goal	74	550	0.10821280645161295
903	hard goal	74	600	0.12040263978494632
903	hard goal	74	650	0.14046413978494635
903	hard goal	74	700	0.09875213978494639
903	hard goal	74	750	0.08599447311827964
903	hard goal	74	800	0.043120639784946325
903	hard goal	74	850	0.010108306451613055
903	hard goal	74	900	-0.012894026881720292
903	hard goal	74	950	-0.04469469354838688
903	hard goal	74	1e3	-0.05472852688172036
903	hard goal	74	1050	-0.06531336021505374
903	hard goal	74	1100	-0.0660863602150538
903	hard goal	74	1150	-0.078432693548387
903	hard goal	75	-200	0.041640783410138216
903	hard goal	75	-150	0.00820918817204297
903	hard goal	75	-100	0.004118354838709666
903	hard goal	75	-50	-0.027052811827956935
903	hard goal	75	0	-0.03385564516129036
903	hard goal	75	50	-0.058840478494623705
903	hard goal	75	100	-0.09049714516129037
903	hard goal	75	150	-0.10170464516129034
903	hard goal	75	200	-0.13983247849462366
903	hard goal	75	250	-0.17067081182795704
903	hard goal	75	300	-0.1810351451612903
903	hard goal	75	350	-0.19939997849462374
903	hard goal	75	400	-0.22281197849462372
903	hard goal	75	450	-0.21811064516129042
903	hard goal	75	500	-0.21348847849462368
903	hard goal	75	550	-0.20922347849462364
903	hard goal	75	600	-0.18221597849462365
903	hard goal	75	650	-0.19606931182795714
903	hard goal	75	700	-0.20533864516129033
903	hard goal	75	750	-0.22187831182795703
903	hard goal	75	800	-0.2501931451612904
903	hard goal	75	850	-0.25512914516129026
903	hard goal	75	900	-0.2750516451612903
903	hard goal	75	950	-0.2618739784946236
903	hard goal	75	1e3	-0.2611424784946237
903	hard goal	75	1050	-0.2516866451612904
903	hard goal	75	1100	-0.24366097849462368
903	hard goal	75	1150	-0.24311347849462353
903	hard goal	76	-200	0.017848666666666697
903	hard goal	76	-150	0.005093166666666778
903	hard goal	76	-100	0.00817283333333337
903	hard goal	76	-50	-0.0167036666666666
903	hard goal	76	0	-0.014410999999999952
903	hard goal	76	50	-0.01128166666666656
903	hard goal	76	100	0.0019813333333333905
903	hard goal	76	150	0.005178666666666813
903	hard goal	76	200	0.013186000000000067
903	hard goal	76	250	0.021023833333333537
903	hard goal	76	300	0.03655050000000015
903	hard goal	76	350	0.04970450000000004
903	hard goal	76	400	0.06462616666666669
903	hard goal	76	450	0.11012100000000014
903	hard goal	76	500	0.15264933333333333
903	hard goal	76	550	0.17623100000000017
903	hard goal	76	600	0.19002050000000006
903	hard goal	76	650	0.16939766666666664
903	hard goal	76	700	0.1284055000000001
903	hard goal	76	750	0.10250016666666673
903	hard goal	76	800	0.06192033333333343
903	hard goal	76	850	0.03970949999999999
903	hard goal	76	900	0.020670333333333346
903	hard goal	76	950	0.022980833333333377
903	hard goal	76	1e3	0.0205640000000001
903	hard goal	76	1050	0.02027150000000007
903	hard goal	76	1100	0.031200333333333347
903	hard goal	76	1150	0.05390200000000019
903	hard goal	77	-200	0.014576654377880058
903	hard goal	77	-150	7.232258064514774e-4
903	hard goal	77	-100	0.00199722580645131
903	hard goal	77	-50	-0.010202374193548636
903	hard goal	77	0	-0.00980305990783435
903	hard goal	77	50	-0.01774244086021522
903	hard goal	77	100	-0.017684774193548636
903	hard goal	77	150	-0.010537940860215164
903	hard goal	77	200	-0.025846440860215186
903	hard goal	77	250	-8.826075268818142e-4
903	hard goal	77	300	-0.00022810752688188587
903	hard goal	77	350	-0.005625107526881908
903	hard goal	77	400	0.002975059139784797
903	hard goal	77	450	0.012696059139784813
903	hard goal	77	500	0.02531872580645141
903	hard goal	77	550	0.06034355913978473
903	hard goal	77	600	0.07925182580645149
903	hard goal	77	650	0.10600194009216565
903	hard goal	77	700	0.12773439247311816
903	hard goal	77	750	0.10559189247311807
903	hard goal	77	800	0.07497422580645141
903	hard goal	77	850	0.05167022580645142
903	hard goal	77	900	0.023470725806451414
903	hard goal	77	950	0.0010028924731180222
903	hard goal	77	1e3	-0.01302710752688189
903	hard goal	77	1050	-0.022439107526881868
903	hard goal	77	1100	-0.03747960752688195
903	hard goal	77	1150	-0.04284044086021521
903	hard goal	78	-200	-0.01826425345622118
903	hard goal	78	-150	-0.00822413440860196
903	hard goal	78	-100	0.004656365591397815
903	hard goal	78	-50	0.012366032258064688
903	hard goal	78	0	0.01251003225806461
903	hard goal	78	50	0.013963198924731154
903	hard goal	78	100	0.00490119892473125
903	hard goal	78	150	0.005902198924731279
903	hard goal	78	200	0.007427365591397968
903	hard goal	78	250	0.011256532258064592
903	hard goal	78	300	0.010768865591397928
903	hard goal	78	350	0.002087698924731226
903	hard goal	78	400	0.013082865591397855
903	hard goal	78	450	0.0294121989247312
903	hard goal	78	500	0.06273586559139788
903	hard goal	78	550	0.07941269892473124
903	hard goal	78	600	0.08811203225806448
903	hard goal	78	650	0.07839136559139785
903	hard goal	78	700	0.047539365591397896
903	hard goal	78	750	0.025093365591397854
903	hard goal	78	800	0.012288365591397973
903	hard goal	78	850	-0.007673634408602063
903	hard goal	78	900	-0.01008363440860216
903	hard goal	78	950	-0.011258801075268776
903	hard goal	78	1e3	-0.004615967741935363
903	hard goal	78	1050	-2.063440860215297e-5
903	hard goal	78	1100	0.002903032258064616
903	hard goal	78	1150	-4.96134408602078e-4
903	hard goal	79	-200	0.004889571428571303
903	hard goal	79	-150	-0.0037740000000000182
903	hard goal	79	-100	0.004626333333333177
903	hard goal	79	-50	-0.0011925000000000778
903	hard goal	79	0	-0.005364333333333453
903	hard goal	79	50	-0.001451833333333467
903	hard goal	79	100	-0.01593733333333332
903	hard goal	79	150	-0.019327833333333395
903	hard goal	79	200	-0.014344333333333367
903	hard goal	79	250	-0.022795500000000118
903	hard goal	79	300	-0.044113666666666905
903	hard goal	79	350	-0.042942333333333416
903	hard goal	79	400	-0.06095816666666676
903	hard goal	79	450	-0.045880500000000136
903	hard goal	79	500	-0.03808583333333345
903	hard goal	79	550	-0.026000166666666786
903	hard goal	79	600	-0.004614500000000188
903	hard goal	79	650	0.011313666666666519
903	hard goal	79	700	-0.0014690000000000165
903	hard goal	79	750	-0.031090833333333512
903	hard goal	79	800	-0.06906666666666683
903	hard goal	79	850	-0.09008216666666691
903	hard goal	79	900	-0.10263600000000017
903	hard goal	79	950	-0.12468366666666679
903	hard goal	79	1e3	-0.1148791666666668
903	hard goal	79	1050	-0.10775150000000015
903	hard goal	79	1100	-0.09626500000000011
903	hard goal	79	1150	-0.07737783333333348
903	hard goal	80	-200	0.006675333333333144
903	hard goal	80	-150	2.1166666666442662e-5
903	hard goal	80	-100	0.026673833333333175
903	hard goal	80	-50	0.011855166666666564
903	hard goal	80	0	-0.04522550000000014
903	hard goal	80	50	-0.04920583333333354
903	hard goal	80	100	-0.06772550000000017
903	hard goal	80	150	-0.09059516666666682
903	hard goal	80	200	-0.08978333333333348
903	hard goal	80	250	-0.10698900000000015
903	hard goal	80	300	-0.10891400000000018
903	hard goal	80	350	-0.16474766666666682
903	hard goal	80	400	-0.17945616666666675
903	hard goal	80	450	-0.17560933333333342
903	hard goal	80	500	-0.14187516666666689
903	hard goal	80	550	-0.10412850000000014
903	hard goal	80	600	-0.07120250000000006
903	hard goal	80	650	-0.08534250000000017
903	hard goal	80	700	-0.11872783333333363
903	hard goal	80	750	-0.1392197619047621
903	hard goal	80	800	-0.1707115000000002
903	hard goal	80	850	-0.2061373333333334
903	hard goal	80	900	-0.23398100000000013
903	hard goal	80	950	-0.29380766666666674
903	hard goal	80	1e3	-0.3166483333333335
903	hard goal	80	1050	-0.31629583333333344
903	hard goal	80	1100	-0.3444651666666669
903	hard goal	80	1150	-0.3509415
903	hard goal	81	-200	0.03233279723502301
903	hard goal	81	-150	0.024332725806451554
903	hard goal	81	-100	-0.004223107526881782
903	hard goal	81	-50	-0.015142940860215134
903	hard goal	81	0	-0.042688274193548516
903	hard goal	81	50	-0.08906327419354836
903	hard goal	81	100	-0.12109327419354836
903	hard goal	81	150	-0.13550210752688177
903	hard goal	81	200	-0.13674894086021502
903	hard goal	81	250	-0.13802260752688178
903	hard goal	81	300	-0.13451760752688177
903	hard goal	81	350	-0.12661644086021515
903	hard goal	81	400	-0.10072794086021508
903	hard goal	81	450	-0.1022616075268817
903	hard goal	81	500	-0.08662277419354843
903	hard goal	81	550	-0.09011010752688176
903	hard goal	81	600	-0.10505827419354848
903	hard goal	81	650	-0.12244960752688172
903	hard goal	81	700	-0.1087169408602151
903	hard goal	81	750	-0.11643060752688172
903	hard goal	81	800	-0.12895544086021507
903	hard goal	81	850	-0.1391059408602152
903	hard goal	81	900	-0.14566894086021498
903	hard goal	81	950	-0.16194244086021511
903	hard goal	81	1e3	-0.1423647741935484
903	hard goal	81	1050	-0.14232927419354838
903	hard goal	81	1100	-0.14672960752688166
903	hard goal	81	1150	-0.14974894086021515
903	hard goal	82	-200	-0.009471940092166151
903	hard goal	82	-150	-0.026197559139785092
903	hard goal	82	-100	-0.04008605913978521
903	hard goal	82	-50	0.024109274193548174
903	hard goal	82	0	0.05322494086021486
903	hard goal	82	50	0.03723760752688151
903	hard goal	82	100	0.03308810752688148
903	hard goal	82	150	0.028790940860214942
903	hard goal	82	200	0.021928440860214875
903	hard goal	82	250	-0.007058892473118454
903	hard goal	82	300	0.009186274193548227
903	hard goal	82	350	-0.006865559139785112
903	hard goal	82	400	-0.024608559139785102
903	hard goal	82	450	-0.031362225806451795
903	hard goal	82	500	-0.02891672580645177
903	hard goal	82	550	0.0029999408602148225
903	hard goal	82	600	0.02695627419354829
903	hard goal	82	650	0.018054274193548252
903	hard goal	82	700	-0.031468225806451734
903	hard goal	82	750	-0.07137322580645182
903	hard goal	82	800	-0.10783972580645185
903	hard goal	82	850	-0.14185905913978517
903	hard goal	82	900	-0.1796450591397852
903	hard goal	82	950	-0.18742055913978514
903	hard goal	82	1e3	-0.18876539247311844
903	hard goal	82	1050	-0.20831455913978517
903	hard goal	82	1100	-0.2103688924731185
903	hard goal	82	1150	-0.2362177258064518
903	hard goal	83	-200	0.006674732718894167
903	hard goal	83	-150	0.0011336612903227
903	hard goal	83	-100	-0.0075080053763439585
903	hard goal	83	-50	-0.007582338709677246
903	hard goal	83	0	0.006169494623656051
903	hard goal	83	50	0.00926332795698929
903	hard goal	83	100	0.013647161290322618
903	hard goal	83	150	0.03424299462365606
903	hard goal	83	200	0.05437616129032263
903	hard goal	83	250	0.08058399462365602
903	hard goal	83	300	0.10987016129032279
903	hard goal	83	350	0.1327903279569893
903	hard goal	83	400	0.1543333279569893
903	hard goal	83	450	0.18679299462365595
903	hard goal	83	500	0.23288632795698927
903	hard goal	83	550	0.26089816129032267
903	hard goal	83	600	0.24465149462365599
903	hard goal	83	650	0.22076832795698934
903	hard goal	83	700	0.17190649462365606
903	hard goal	83	750	0.12646182795698935
903	hard goal	83	800	0.0908231612903226
903	hard goal	83	850	0.03942966129032266
903	hard goal	83	900	0.005114994623656092
903	hard goal	83	950	-0.022464172043010617
903	hard goal	83	1e3	-0.043593838709677334
903	hard goal	83	1050	-0.057021005376344025
903	hard goal	83	1100	-0.06526917204301068
903	hard goal	83	1150	-0.055554505376344064
903	hard goal	84	-200	-0.020046400921659085
903	hard goal	84	-150	-0.012457924731182827
903	hard goal	84	-100	0.0016847419354838245
903	hard goal	84	-50	0.01308324193548375
903	hard goal	84	0	0.01830702764976953
903	hard goal	84	50	0.03507190860215048
903	hard goal	84	100	0.035707908602150416
903	hard goal	84	150	0.06388790860215043
903	hard goal	84	200	0.05624590860215043
903	hard goal	84	250	0.07276024193548387
903	hard goal	84	300	0.07198507526881708
903	hard goal	84	350	0.06885224193548378
903	hard goal	84	400	0.07139874193548379
903	hard goal	84	450	0.0919305752688171
903	hard goal	84	500	0.10503524193548379
903	hard goal	84	550	0.12553557526881706
903	hard goal	84	600	0.1494929086021505
903	hard goal	84	650	0.1473417419354838
903	hard goal	84	700	0.14477257526881715
903	hard goal	84	750	0.12064724193548382
903	hard goal	84	800	0.09219174193548378
903	hard goal	84	850	0.06388224193548371
903	hard goal	84	900	0.04404924193548373
903	hard goal	84	950	0.020525908602150533
903	hard goal	84	1e3	0.0023220752688171142
903	hard goal	84	1050	-0.008636758064516211
903	hard goal	84	1100	-0.027549758064516244
903	hard goal	84	1150	-0.01679642473118285
903	hard goal	85	-200	-0.021746466666666613
903	hard goal	85	-150	-0.012200633333333322
903	hard goal	85	-100	-0.0058563000000000365
903	hard goal	85	-50	0.013921866666666727
903	hard goal	85	0	0.02588153333333339
903	hard goal	85	50	0.021450700000000007
903	hard goal	85	100	0.03341753333333323
903	hard goal	85	150	0.045566033333333346
903	hard goal	85	200	0.048892199999999976
903	hard goal	85	250	0.046696533333333345
903	hard goal	85	300	0.06786920000000007
903	hard goal	85	350	0.07648236666666668
903	hard goal	85	400	0.08443986666666659
903	hard goal	85	450	0.10100853333333341
903	hard goal	85	500	0.1252930333333334
903	hard goal	85	550	0.12270353333333335
903	hard goal	85	600	0.14409853333333333
903	hard goal	85	650	0.1353745333333333
903	hard goal	85	700	0.17404203333333337
903	hard goal	85	750	0.17970886666666672
903	hard goal	85	800	0.15239603333333332
903	hard goal	85	850	0.11864220000000003
903	hard goal	85	900	0.0856620333333334
903	hard goal	85	950	0.07297762857142853
903	hard goal	85	1e3	0.08034803333333329
903	hard goal	85	1050	0.07960020000000001
903	hard goal	85	1100	0.06053053333333317
903	hard goal	85	1150	0.059939200000000005
903	hard goal	86	-200	0.0044063824884790215
903	hard goal	86	-150	-7.340322580658605e-5
903	hard goal	86	-100	-1.2190322580662993e-4
903	hard goal	86	-50	-0.003363236559139985
903	hard goal	86	0	-0.0015822365591398786
903	hard goal	86	50	-0.008687403225806559
903	hard goal	86	100	-0.00172940322580654
903	hard goal	86	150	-0.008330736559139925
903	hard goal	86	200	-0.003965069892473212
903	hard goal	86	250	-0.001221069892473207
903	hard goal	86	300	0.0015150967741934807
903	hard goal	86	350	0.014108930107526785
903	hard goal	86	400	0.043233430107526706
903	hard goal	86	450	0.05621843010752681
903	hard goal	86	500	0.08110509677419338
903	hard goal	86	550	0.09993443010752683
903	hard goal	86	600	0.13212843010752687
903	hard goal	86	650	0.12652909677419344
903	hard goal	86	700	0.1449652634408601
903	hard goal	86	750	0.13441909677419348
903	hard goal	86	800	0.11471509677419345
903	hard goal	86	850	0.09850993010752689
903	hard goal	86	900	0.08888559677419343
903	hard goal	86	950	0.07636993010752675
903	hard goal	86	1e3	0.0820690967741935
903	hard goal	86	1050	0.07083676344086005
903	hard goal	86	1100	0.061961763440860095
903	hard goal	86	1150	0.075190263440860175
903	hard goal	87	-200	0.040601907834101524
903	hard goal	87	-150	0.0381428602150539
903	hard goal	87	-100	-0.0024041397849461354
903	hard goal	87	-50	-0.03180563978494607
903	hard goal	87	0	-0.05130197311827948
903	hard goal	87	50	-0.08972347311827951
903	hard goal	87	100	-0.10263897311827937
903	hard goal	87	150	-0.11428047311827945
903	hard goal	87	200	-0.11492380645161264
903	hard goal	87	250	-0.13046730645161278
903	hard goal	87	300	-0.1394721397849462
903	hard goal	87	350	-0.17683680645161282
903	hard goal	87	400	-0.19076647311827943
903	hard goal	87	450	-0.20377263978494606
903	hard goal	87	500	-0.20312230645161278
903	hard goal	87	550	-0.18477363978494607
903	hard goal	87	600	-0.17989797311827949
903	hard goal	87	650	-0.1752894731182794
903	hard goal	87	700	-0.1808759731182794
903	hard goal	87	750	-0.20306480645161273
903	hard goal	87	800	-0.23267763978494607
903	hard goal	87	850	-0.24851830645161277
903	hard goal	87	900	-0.2585138064516128
903	hard goal	87	950	-0.26563263978494617
903	hard goal	87	1e3	-0.2650316397849461
903	hard goal	87	1050	-0.23506763978494613
903	hard goal	87	1100	-0.22309263978494606
903	hard goal	87	1150	-0.19568330645161272
903	hard goal	88	-200	-0.01661414285714288
903	hard goal	88	-150	-0.004724499999999947
903	hard goal	88	-100	0.007141333333333296
903	hard goal	88	-50	0.00546866666666664
903	hard goal	88	0	0.011497666666666628
903	hard goal	88	50	0.019348833333333298
903	hard goal	88	100	0.01418750000000002
903	hard goal	88	150	0.014885999999999955
903	hard goal	88	200	-0.007915833333333419
903	hard goal	88	250	0.0018933333333332285
903	hard goal	88	300	-0.005734999999999972
903	hard goal	88	350	-0.010560333333333357
903	hard goal	88	400	-0.0037151666666667507
903	hard goal	88	450	0.009545833333333364
903	hard goal	88	500	0.02239549999999994
903	hard goal	88	550	0.03655583333333327
903	hard goal	88	600	0.06469816666666661
903	hard goal	88	650	0.07148300000000003
903	hard goal	88	700	0.06574549999999994
903	hard goal	88	750	0.043164666666666664
903	hard goal	88	800	-0.0034759999999999605
903	hard goal	88	850	-0.017066500000000095
903	hard goal	88	900	-0.028624166666666746
903	hard goal	88	950	-0.030726500000000028
903	hard goal	88	1e3	-0.05133666666666666
903	hard goal	88	1050	-0.05585400000000007
903	hard goal	88	1100	-0.06306866666666673
903	hard goal	88	1150	-0.07009016666666668
903	hard goal	89	-200	-0.004116119815668411
903	hard goal	89	-150	2.816182795697397e-4
903	hard goal	89	-100	0.0013711182795697052
903	hard goal	89	-50	-0.006616881720430327
903	hard goal	89	0	0.009766284946236251
903	hard goal	89	50	0.013350118279569593
903	hard goal	89	100	0.020202784946236285
903	hard goal	89	150	0.032483451612903114
903	hard goal	89	200	0.05298095161290295
903	hard goal	89	250	0.08493111827956956
903	hard goal	89	300	0.1013434516129031
903	hard goal	89	350	0.08633545161290297
903	hard goal	89	400	0.07533145161290304
903	hard goal	89	450	0.08005928494623626
903	hard goal	89	500	0.07637295161290303
903	hard goal	89	550	0.08276495161290305
903	hard goal	89	600	0.11889228494623631
903	hard goal	89	650	0.11844595161290299
903	hard goal	89	700	0.152913951612903
903	hard goal	89	750	0.16114595161290293
903	hard goal	89	800	0.15129111827956968
903	hard goal	89	850	0.13320278494623636
903	hard goal	89	900	0.10421211827956973
903	hard goal	89	950	0.09962845161290305
903	hard goal	89	1e3	0.09096561827956966
903	hard goal	89	1050	0.09628145161290298
903	hard goal	89	1100	0.09784561827956965
903	hard goal	89	1150	0.10151761827956969
903	hard goal	90	-200	0.008768912442396446
903	hard goal	90	-150	-0.00609468279569884
903	hard goal	90	-100	-0.010257182795698908
903	hard goal	90	-50	-0.0014725161290321716
903	hard goal	90	0	0.0075939838709678424
903	hard goal	90	50	0.0018531505376345365
903	hard goal	90	100	-6.818494623654914e-4
903	hard goal	90	150	0.005928983870967815
903	hard goal	90	200	0.014950650537634521
903	hard goal	90	250	0.01365381720430118
903	hard goal	90	300	0.002642483870967771
903	hard goal	90	350	0.010540817204301186
903	hard goal	90	400	0.02114415053763456
903	hard goal	90	450	0.04272131720430113
903	hard goal	90	500	0.07543998387096791
903	hard goal	90	550	0.10882531720430115
903	hard goal	90	600	0.13741348387096783
903	hard goal	90	650	0.14845731720430125
903	hard goal	90	700	0.1431658172043012
903	hard goal	90	750	0.13294465053763452
903	hard goal	90	800	0.12657515053763446
903	hard goal	90	850	0.1029824838709678
903	hard goal	90	900	0.10045415053763447
903	hard goal	90	950	0.09556631720430124
903	hard goal	90	1e3	0.1109186505376345
903	hard goal	90	1050	0.11787098387096795
903	hard goal	90	1100	0.1418646505376345
903	hard goal	90	1150	0.14447615053763455
903	hard goal	91	-200	0.013420797235023128
903	hard goal	91	-150	8.085591397850589e-4
903	hard goal	91	-100	-0.0062119408602149635
903	hard goal	91	-50	-0.005881107526881646
903	hard goal	91	0	-0.004373107526881655
903	hard goal	91	50	-0.013881774193548338
903	hard goal	91	100	-0.0050316075268816984
903	hard goal	91	150	-0.003498107526881696
903	hard goal	91	200	-0.013294774193548445
903	hard goal	91	250	-0.022231940860215033
903	hard goal	91	300	-0.02084077419354835
903	hard goal	91	350	-0.020335440860214993
903	hard goal	91	400	-0.014341274193548323
903	hard goal	91	450	0.01588839247311835
903	hard goal	91	500	0.029541725806451646
903	hard goal	91	550	0.0785963924731184
903	hard goal	91	600	0.11097939247311832
903	hard goal	91	650	0.1326025591397851
903	hard goal	91	700	0.15295089247311836
903	hard goal	91	750	0.16034422580645166
903	hard goal	91	800	0.13321239247311842
903	hard goal	91	850	0.12036105913978501
903	hard goal	91	900	0.08979639247311844
903	hard goal	91	950	0.09158005913978506
903	hard goal	91	1e3	0.07461872580645168
903	hard goal	91	1050	0.07971839247311825
903	hard goal	91	1100	0.08160439247311824
903	hard goal	91	1150	0.09502205913978494
903	hard goal	92	-200	0.015371133333333361
903	hard goal	92	-150	0.009363466666666875
903	hard goal	92	-100	0.00740280000000008
903	hard goal	92	-50	-0.008108533333333131
903	hard goal	92	0	-0.02402886666666652
903	hard goal	92	50	-0.023416366666666466
903	hard goal	92	100	-0.02228619999999985
903	hard goal	92	150	-0.024825699999999912
903	hard goal	92	200	-0.012019366666666587
903	hard goal	92	250	-0.011230199999999746
903	hard goal	92	300	-0.0037261999999999387
903	hard goal	92	350	-0.018394033333333226
903	hard goal	92	400	-0.017750699999999897
903	hard goal	92	450	-0.03480786666666654
903	hard goal	92	500	-0.05249436666666655
903	hard goal	92	550	-0.022014033333333183
903	hard goal	92	600	-0.007774199999999842
903	hard goal	92	650	-6.638666666665127e-4
903	hard goal	92	700	0.0032581333333334683
903	hard goal	92	750	-0.006128533333333112
903	hard goal	92	800	-0.04059486666666653
903	hard goal	92	850	-0.06359319999999984
903	hard goal	92	900	-0.08357603333333315
903	hard goal	92	950	-0.10565753333333316
903	hard goal	92	1e3	-0.15189800952380939
903	hard goal	92	1050	-0.16623803333333317
903	hard goal	92	1100	-0.1883705333333332
903	hard goal	92	1150	-0.19363036666666655
903	hard goal	93	-200	0.014675899999999928
903	hard goal	93	-150	9.627333333332988e-4
903	hard goal	93	-100	0.005671899999999989
903	hard goal	93	-50	-0.004335433333333268
903	hard goal	93	0	-0.01697510000000002
903	hard goal	93	50	-0.02085626666666666
903	hard goal	93	100	-0.015466600000000033
903	hard goal	93	150	-0.02401059999999992
903	hard goal	93	200	-0.03239110000000004
903	hard goal	93	250	-0.03430976666666674
903	hard goal	93	300	-0.045027933333333436
903	hard goal	93	350	-0.05415460000000002
903	hard goal	93	400	-0.03838110000000006
903	hard goal	93	450	-0.018974100000000105
903	hard goal	93	500	0.00738806666666673
903	hard goal	93	550	0.023651733333333258
903	hard goal	93	600	0.051528971428571414
903	hard goal	93	650	0.06816379999999995
903	hard goal	93	700	0.06575239999999997
903	hard goal	93	750	0.045862542857142925
903	hard goal	93	800	0.023447566666666624
903	hard goal	93	850	-0.0061199333333333454
903	hard goal	93	900	-0.03461293333333337
903	hard goal	93	950	-0.04360960000000006
903	hard goal	93	1e3	-0.04977843333333339
903	hard goal	93	1050	-0.058614933333333376
903	hard goal	93	1100	-0.06064976666666677
903	hard goal	93	1150	-0.06584309999999993
903	hard goal	94	-200	-0.037569033333333245
903	hard goal	94	-150	-0.01877769999999986
903	hard goal	94	-100	0.0011224666666668586
903	hard goal	94	-50	0.012164133333333474
903	hard goal	94	0	0.04306013333333351
903	hard goal	94	50	0.049798133333333494
903	hard goal	94	100	0.05436080000000021
903	hard goal	94	150	0.05948296666666667
903	hard goal	94	200	0.04933863333333344
903	hard goal	94	250	0.03533530000000007
903	hard goal	94	300	0.03903346666666696
903	hard goal	94	350	0.05196580000000014
903	hard goal	94	400	0.056573966666666774
903	hard goal	94	450	0.08872296666666675
903	hard goal	94	500	0.12242263333333343
903	hard goal	94	550	0.13922163333333346
903	hard goal	94	600	0.1438904666666668
903	hard goal	94	650	0.15722996666666686
903	hard goal	94	700	0.12559296666666672
903	hard goal	94	750	0.08852380000000015
903	hard goal	94	800	0.05648080000000011
903	hard goal	94	850	0.02542213333333339
903	hard goal	94	900	0.00539480000000007
903	hard goal	94	950	-0.0015891999999998092
903	hard goal	94	1e3	-0.0109871999999999
903	hard goal	94	1050	-0.02257936666666664
903	hard goal	94	1100	-0.028069366666666484
903	hard goal	94	1150	-0.03112786666666656
903	hard goal	95	-200	-0.016370466666666788
903	hard goal	95	-150	-0.002455966666666809
903	hard goal	95	-100	0.0030878666666664945
903	hard goal	95	-50	0.0036876999999998863
903	hard goal	95	0	0.012050866666666549
903	hard goal	95	50	0.01109836666666649
903	hard goal	95	100	0.01765153333333321
903	hard goal	95	150	0.012288533333333277
903	hard goal	95	200	0.01500519999999983
903	hard goal	95	250	0.022411199999999853
903	hard goal	95	300	0.06314253333333315
903	hard goal	95	350	0.05862436666666652
903	hard goal	95	400	0.058040199999999986
903	hard goal	95	450	0.07466736666666647
903	hard goal	95	500	0.08963019999999984
903	hard goal	95	550	0.11061686666666655
903	hard goal	95	600	0.1296011999999999
903	hard goal	95	650	0.1237746999999998
903	hard goal	95	700	0.11242469999999997
903	hard goal	95	750	0.06308336666666652
903	hard goal	95	800	0.03728636666666659
903	hard goal	95	850	-0.01641080000000013
903	hard goal	95	900	-0.04977346666666679
903	hard goal	95	950	-0.0787636333333334
903	hard goal	95	1e3	-0.11203963333333349
903	hard goal	95	1050	-0.12633646666666687
903	hard goal	95	1100	-0.13553725238095252
903	hard goal	95	1150	-0.13959480000000016
903	hard goal	96	-200	-0.013568668202764795
903	hard goal	96	-150	-0.005856763440860095
903	hard goal	96	-100	0.004294069892473311
903	hard goal	96	-50	0.01574040322580661
903	hard goal	96	0	0.0016524032258066572
903	hard goal	96	50	0.008159403225806697
903	hard goal	96	100	-0.007299263440860034
903	hard goal	96	150	0.02915173655913998
903	hard goal	96	200	0.03925556989247333
903	hard goal	96	250	0.04749090322580655
903	hard goal	96	300	0.0629752365591399
903	hard goal	96	350	0.09442640322580664
903	hard goal	96	400	0.12277690322580659
903	hard goal	96	450	0.1469540698924734
903	hard goal	96	500	0.18791873655913985
903	hard goal	96	550	0.20297540322580657
903	hard goal	96	600	0.21440940322580668
903	hard goal	96	650	0.20241756989247328
903	hard goal	96	700	0.14631340322580658
903	hard goal	96	750	0.10459473655913991
903	hard goal	96	800	0.07143956989247324
903	hard goal	96	850	0.026545403225806563
903	hard goal	96	900	-0.003531596774193272
903	hard goal	96	950	-0.024767263440860072
903	hard goal	96	1e3	-0.044746596774193424
903	hard goal	96	1050	-0.03702743010752663
903	hard goal	96	1100	-0.04655876344086004
903	hard goal	96	1150	-0.10746609677419328
903	hard goal	97	-200	-0.012249899999999814
903	hard goal	97	-150	0.003715766666666657
903	hard goal	97	-100	-0.0017365666666665873
903	hard goal	97	-50	-0.00228523333333334
903	hard goal	97	0	0.012555933333333455
903	hard goal	97	50	0.015167266666666753
903	hard goal	97	100	0.03737410000000008
903	hard goal	97	150	0.05550376666666682
903	hard goal	97	200	0.07236226666666679
903	hard goal	97	250	0.07872910000000026
903	hard goal	97	300	0.08478093333333343
903	hard goal	97	350	0.09150760000000013
903	hard goal	97	400	0.09237557619047625
903	hard goal	97	450	0.09926160000000017
903	hard goal	97	500	0.10613560000000015
903	hard goal	97	550	0.12299876666666683
903	hard goal	97	600	0.1281544333333334
903	hard goal	97	650	0.14699110000000007
903	hard goal	97	700	0.15413976666666676
903	hard goal	97	750	0.15759043333333342
903	hard goal	97	800	0.16408676666666686
903	hard goal	97	850	0.14627743333333335
903	hard goal	97	900	0.13951210000000006
903	hard goal	97	950	0.1322871000000001
903	hard goal	97	1e3	0.1088301000000002
903	hard goal	97	1050	0.1088866000000001
903	hard goal	97	1100	0.1005707666666668
903	hard goal	97	1150	0.0965231000000002
903	hard goal	98	-200	-0.03654292165898613
903	hard goal	98	-150	-0.007728897849462291
903	hard goal	98	-100	0.016272768817204335
903	hard goal	98	-50	0.011051268817204344
903	hard goal	98	0	0.023038268817204388
903	hard goal	98	50	0.02544043548387102
903	hard goal	98	100	0.017800102150537695
903	hard goal	98	150	0.018112768817204323
903	hard goal	98	200	0.02654976881720435
903	hard goal	98	250	0.018660102150537632
903	hard goal	98	300	0.00734993548387101
903	hard goal	98	350	0.004551268817204246
903	hard goal	98	400	0.002880102150537578
903	hard goal	98	450	-0.007989564516129052
903	hard goal	98	500	-0.00818973118279572
903	hard goal	98	550	0.0029682688172042817
903	hard goal	98	600	0.009314935483871004
903	hard goal	98	650	0.011660435483871042
903	hard goal	98	700	0.009576935483870988
903	hard goal	98	750	-0.022705397849462388
903	hard goal	98	800	-0.06546056451612896
903	hard goal	98	850	-0.09473506451612905
903	hard goal	98	900	-0.12856939784946234
903	hard goal	98	950	-0.12961239784946246
903	hard goal	98	1e3	-0.12576089784946234
903	hard goal	98	1050	-0.15876206451612904
903	hard goal	98	1100	-0.14337006451612902
903	hard goal	98	1150	-0.15452839784946235
903	hard goal	99	-200	-0.034704428571428636
903	hard goal	99	-150	-0.019533333333333402
903	hard goal	99	-100	0.013201833333333171
903	hard goal	99	-50	0.010978833333333235
903	hard goal	99	0	0.035841166666666625
903	hard goal	99	50	0.023123833333333232
903	hard goal	99	100	0.011574999999999891
903	hard goal	99	150	0.0297901666666666
903	hard goal	99	200	0.026567166666666548
903	hard goal	99	250	-0.007768166666666761
903	hard goal	99	300	-0.02406100000000011
903	hard goal	99	350	-0.04380316666666665
903	hard goal	99	400	-0.025370666666666875
903	hard goal	99	450	-0.016396166666666767
903	hard goal	99	500	-0.014356500000000105
903	hard goal	99	550	0.013440833333333199
903	hard goal	99	600	0.04372599999999993
903	hard goal	99	650	0.05212966666666663
903	hard goal	99	700	0.025879833333333213
903	hard goal	99	750	-0.013970166666666728
903	hard goal	99	800	-0.03595666666666671
903	hard goal	99	850	-0.06592950000000013
903	hard goal	99	900	-0.09963116666666672
903	hard goal	99	950	-0.11850166666666695
903	hard goal	99	1e3	-0.11937850000000005
903	hard goal	99	1050	-0.12151750000000001
903	hard goal	99	1100	-0.12607816666666682
903	hard goal	99	1150	-0.13432800000000014
903	hard goal	100	-200	0.018361110599078412
903	hard goal	100	-150	-0.004011032258064355
903	hard goal	100	-100	5.456344086021877e-4
903	hard goal	100	-50	-0.005444032258064446
903	hard goal	100	0	-0.012511865591397756
903	hard goal	100	50	-0.023719198924731177
903	hard goal	100	100	-0.02489553225806455
903	hard goal	100	150	-0.017383198924731058
903	hard goal	100	200	-0.020806865591397772
903	hard goal	100	250	-0.028385032258064397
903	hard goal	100	300	-0.020657365591397747
903	hard goal	100	350	-0.014149865591397711
903	hard goal	100	400	-0.020566532258064523
903	hard goal	100	450	-0.001146198924731075
903	hard goal	100	500	0.010255967741935601
903	hard goal	100	550	0.03970513440860227
903	hard goal	100	600	0.07502113440860225
903	hard goal	100	650	0.07812980107526883
903	hard goal	100	700	0.08736580107526899
903	hard goal	100	750	0.06842646774193557
903	hard goal	100	800	0.04843030107526891
903	hard goal	100	850	0.0281864677419356
903	hard goal	100	900	0.016217301075268864
903	hard goal	100	950	0.00127996774193558
903	hard goal	100	1e3	-0.014462698924731102
903	hard goal	100	1050	-0.02238719892473114
903	hard goal	100	1100	-0.03550169892473106
903	hard goal	100	1150	-0.030337365591397807
903	hard goal	101	-200	-0.003697248847926295
903	hard goal	101	-150	-0.0012395107526881333
903	hard goal	101	-100	-0.007542177419354775
903	hard goal	101	-50	-0.0010076774193548872
903	hard goal	101	0	0.014102822580645139
903	hard goal	101	50	0.02292432258064525
903	hard goal	101	100	0.030684322580645167
903	hard goal	101	150	0.03837282258064515
903	hard goal	101	200	0.04225882258064514
903	hard goal	101	250	0.045327655913978436
903	hard goal	101	300	0.05513315591397849
903	hard goal	101	350	0.0615281559139785
903	hard goal	101	400	0.051867322580645046
903	hard goal	101	450	0.049760989247311795
903	hard goal	101	500	0.057438489247311875
903	hard goal	101	550	0.056227655913978415
903	hard goal	101	600	0.07551215591397849
903	hard goal	101	650	0.0983763225806451
903	hard goal	101	700	0.13071315591397847
903	hard goal	101	750	0.1398598225806452
903	hard goal	101	800	0.14333682258064515
903	hard goal	101	850	0.13829398924731184
903	hard goal	101	900	0.11908715591397849
903	hard goal	101	950	0.10806932258064512
903	hard goal	101	1e3	0.1139211559139784
903	hard goal	101	1050	0.11477265591397849
903	hard goal	101	1100	0.12622115591397862
903	hard goal	101	1150	0.13238548924731183
903	hard goal	102	-200	-0.0031533686635943753
903	hard goal	102	-150	-0.0040273924731180815
903	hard goal	102	-100	-0.003327059139784779
903	hard goal	102	-50	-0.0019027258064514552
903	hard goal	102	0	0.012936107526881827
903	hard goal	102	50	0.019143607526881896
903	hard goal	102	100	0.042849440860215214
903	hard goal	102	150	0.043961107526881905
903	hard goal	102	200	0.05600394086021517
903	hard goal	102	250	0.05972110752688183
903	hard goal	102	300	0.05693427419354857
903	hard goal	102	350	0.06474594086021528
903	hard goal	102	400	0.06865594086021527
903	hard goal	102	450	0.07626977419354852
903	hard goal	102	500	0.08555260752688183
903	hard goal	102	550	0.0999762741935486
903	hard goal	102	600	0.12038660752688186
903	hard goal	102	650	0.1148439408602151
903	hard goal	102	700	0.10473260752688189
903	hard goal	102	750	0.07473044086021519
903	hard goal	102	800	0.04939594086021507
903	hard goal	102	850	0.023528274193548526
903	hard goal	102	900	-0.0054572258064515084
903	hard goal	102	950	-0.012221892473118187
903	hard goal	102	1e3	-0.032158725806451516
903	hard goal	102	1050	-0.024304725806451488
903	hard goal	102	1100	-0.038691725806451416
903	hard goal	102	1150	-0.051306059139784775
903	hard goal	103	-200	-0.0076212396313364295
903	hard goal	103	-150	-3.204301075270255e-4
903	hard goal	103	-100	-0.010753763440860245
903	hard goal	103	-50	0.01325690322580638
903	hard goal	103	0	0.00670873655913969
903	hard goal	103	50	0.004164903225806353
903	hard goal	103	100	0.02295340322580645
903	hard goal	103	150	0.03710373655913971
903	hard goal	103	200	0.04112323655913971
903	hard goal	103	250	0.05674590322580634
903	hard goal	103	300	0.060272236559139714
903	hard goal	103	350	0.06240306989247313
903	hard goal	103	400	0.06896790322580637
903	hard goal	103	450	0.09749790322580631
903	hard goal	103	500	0.08829256989247296
903	hard goal	103	550	0.11753990322580636
903	hard goal	103	600	0.11946356989247309
903	hard goal	103	650	0.1083092365591396
903	hard goal	103	700	0.08061273655913959
903	hard goal	103	750	0.05442906989247298
903	hard goal	103	800	0.028998569892472997
903	hard goal	103	850	0.013250403225806284
903	hard goal	103	900	0.018504569892472993
903	hard goal	103	950	0.01680556989247295
903	hard goal	103	1e3	0.011477569892473024
903	hard goal	103	1050	-0.002369096774193613
903	hard goal	103	1100	0.006571736559139636
903	hard goal	103	1150	0.006319403225806412
903	hard goal	104	-200	-0.013117633333333453
903	hard goal	104	-150	0.01180136666666646
903	hard goal	104	-100	0.009206699999999938
903	hard goal	104	-50	-0.005197466666666835
903	hard goal	104	0	-0.002692966666666704
903	hard goal	104	50	0.004900533333333253
903	hard goal	104	100	0.011981699999999837
903	hard goal	104	150	0.026259699999999924
903	hard goal	104	200	0.038875009523809415
903	hard goal	104	250	0.05818086666666655
903	hard goal	104	300	0.0706765809523808
903	hard goal	104	350	0.05524903333333331
903	hard goal	104	400	0.08646653333333328
903	hard goal	104	450	0.10629103333333327
903	hard goal	104	500	0.1242465333333332
903	hard goal	104	550	0.13981269999999993
903	hard goal	104	600	0.14286036666666657
903	hard goal	104	650	0.12540886666666654
903	hard goal	104	700	0.10218869999999976
903	hard goal	104	750	0.09438119999999994
903	hard goal	104	800	0.07065169999999983
903	hard goal	104	850	0.042064366666666464
903	hard goal	104	900	0.031538366666666505
903	hard goal	104	950	0.016864699999999882
903	hard goal	104	1e3	0.011109033333333166
903	hard goal	104	1050	0.005500366666666645
903	hard goal	104	1100	0.007009033333333174
903	hard goal	104	1150	0.008992199999999931
903	hard goal	105	-200	0.021838666666666635
903	hard goal	105	-150	0.013642833333333307
903	hard goal	105	-100	0.002754666666666609
903	hard goal	105	-50	-0.01706966666666676
903	hard goal	105	0	-0.021166500000000015
903	hard goal	105	50	-0.045407285714285726
903	hard goal	105	100	-0.06320699999999994
903	hard goal	105	150	-0.08339450000000004
903	hard goal	105	200	-0.09254083333333336
903	hard goal	105	250	-0.10520616666666667
903	hard goal	105	300	-0.10426800000000003
903	hard goal	105	350	-0.1023395000000001
903	hard goal	105	400	-0.10541099999999999
903	hard goal	105	450	-0.0900545
903	hard goal	105	500	-0.05251533333333339
903	hard goal	105	550	-0.028833333333333416
903	hard goal	105	600	-2.4866666666671183e-4
903	hard goal	105	650	0.01795650000000008
903	hard goal	105	700	0.007805499999999836
903	hard goal	105	750	-0.013123833333333446
903	hard goal	105	800	-0.01496550000000004
903	hard goal	105	850	-0.04341533333333344
903	hard goal	105	900	-0.04308050000000008
903	hard goal	105	950	-0.060662500000000064
903	hard goal	105	1e3	-0.06570216666666677
903	hard goal	105	1050	-0.07071983333333343
903	hard goal	105	1100	-0.061853500000000006
903	hard goal	105	1150	-0.07183133333333336
903	hard goal	106	-200	-0.0036068801843318304
903	hard goal	106	-150	-0.0017571182795698508
903	hard goal	106	-100	0.00477321505376338
903	hard goal	106	-50	0.0027290483870968294
903	hard goal	106	0	-0.0015371182795698897
903	hard goal	106	50	0.013775548387096789
903	hard goal	106	100	0.00845138172043014
903	hard goal	106	150	0.009576381720430108
903	hard goal	106	200	0.007069381720430072
903	hard goal	106	250	0.020753048387096722
903	hard goal	106	300	0.020866715053763363
903	hard goal	106	350	0.028446215053763508
903	hard goal	106	400	0.03463338172043021
903	hard goal	106	450	0.027886715053763462
903	hard goal	106	500	0.03731321505376354
903	hard goal	106	550	0.06130188172043005
903	hard goal	106	600	0.07779638172042998
903	hard goal	106	650	0.07308554838709669
903	hard goal	106	700	0.062099215053763514
903	hard goal	106	750	0.05687238172043019
903	hard goal	106	800	0.048103381720430084
903	hard goal	106	850	0.03957021505376342
903	hard goal	106	900	0.037677215053763424
903	hard goal	106	950	0.037424715053763435
903	hard goal	106	1e3	-0.12224545161290323
903	hard goal	106	1050	NA
903	hard goal	106	1100	-0.25841845161290333
903	hard goal	106	1150	-0.004785284946236497
903	hard goal	107	-200	-0.018180211981566736
903	hard goal	107	-150	-0.013984854838709593
903	hard goal	107	-100	0.01351714516129047
903	hard goal	107	-50	0.010059145161290436
903	hard goal	107	0	0.01161881182795721
903	hard goal	107	50	3.721451612905084e-4
903	hard goal	107	100	-0.006783521505376348
903	hard goal	107	150	-0.03018218817204284
903	hard goal	107	200	-0.04035102150537625
903	hard goal	107	250	-0.05791302150537625
903	hard goal	107	300	-0.06542702150537612
903	hard goal	107	350	-0.0597490215053762
903	hard goal	107	400	-0.0546535215053762
903	hard goal	107	450	-0.04673052150537623
903	hard goal	107	500	-0.018583188172042926
903	hard goal	107	550	-0.0038385215053762245
903	hard goal	107	600	5.611451612903551e-4
903	hard goal	107	650	0.013960978494623744
903	hard goal	107	700	-0.012121354838709575
903	hard goal	107	750	-0.015740021505376234
903	hard goal	107	800	-0.046206354838709496
903	hard goal	107	850	-0.06302468817204288
903	hard goal	107	900	-0.07527018817204285
903	hard goal	107	950	-0.09061718817204285
903	hard goal	107	1e3	-0.08029285483870947
903	hard goal	107	1050	-0.08411502150537624
903	hard goal	107	1100	-0.07227918817204289
903	hard goal	107	1150	-0.06293335483870965
903	hard goal	108	-200	0.0164573548387096
903	hard goal	108	-150	-0.0034274784946238443
903	hard goal	108	-100	-0.005966645161290529
903	hard goal	108	-50	-0.009486478494623881
903	hard goal	108	0	-3.196451612904975e-4
903	hard goal	108	50	0.006983354838709414
903	hard goal	108	100	0.006622021505376126
903	hard goal	108	150	0.01712268817204284
903	hard goal	108	200	0.025122688172042846
903	hard goal	108	250	0.026199521505376227
903	hard goal	108	300	0.02849118817204288
903	hard goal	108	350	0.042313688172042875
903	hard goal	108	400	0.0695188548387095
903	hard goal	108	450	0.10102302150537623
903	hard goal	108	500	0.1382526881720428
903	hard goal	108	550	0.1533920215053762
903	hard goal	108	600	0.16802552150537617
903	hard goal	108	650	0.14846718817204282
903	hard goal	108	700	0.14213818817204285
903	hard goal	108	750	0.12064685483870947
903	hard goal	108	800	0.0918005215053761
903	hard goal	108	850	0.08365568817204287
903	hard goal	108	900	0.05566118817204287
903	hard goal	108	950	0.04881835483870948
903	hard goal	108	1e3	0.0394573548387096
903	hard goal	108	1050	0.04348452150537615
903	hard goal	108	1100	0.03999552150537614
903	hard goal	108	1150	0.05662818817204274
903	hard goal	110	-200	3.2997235023041985e-4
903	hard goal	110	-150	0.006206258064515986
903	hard goal	110	-100	-0.001135575268817209
903	hard goal	110	-50	5.812580645159215e-4
903	hard goal	110	0	-0.006036908602150559
903	hard goal	110	50	-0.01228207526881723
903	hard goal	110	100	-0.019585908602150592
903	hard goal	110	150	-0.022050741935483915
903	hard goal	110	200	-0.019911908602150568
903	hard goal	110	250	-0.030759241935483923
903	hard goal	110	300	-0.009460075268817278
903	hard goal	110	350	-5.615752688172826e-4
903	hard goal	110	400	0.02125609139784938
903	hard goal	110	450	0.052677591397849444
903	hard goal	110	500	0.08040025806451608
903	hard goal	110	550	0.1285105913978494
903	hard goal	110	600	0.12913242473118278
903	hard goal	110	650	0.12863342473118275
903	hard goal	110	700	0.09640409139784938
903	hard goal	110	750	0.07474042473118263
903	hard goal	110	800	0.05170542473118286
903	hard goal	110	850	0.028566424731182833
903	hard goal	110	900	0.011796758064515966
903	hard goal	110	950	-0.0015609086021506346
903	hard goal	110	1e3	-2.897419354839226e-4
903	hard goal	110	1050	-0.010394075268817193
903	hard goal	110	1100	-0.011868241935483784
903	hard goal	110	1150	-0.009233908602150676
903	hard goal	111	-200	0.009410699999999883
903	hard goal	111	-150	0.0029471999999999277
903	hard goal	111	-100	-0.007716133333333468
903	hard goal	111	-50	-0.008452133333333464
903	hard goal	111	0	0.0038103666666666016
903	hard goal	111	50	0.011748699999999982
903	hard goal	111	100	0.012373699999999857
903	hard goal	111	150	1.8953333333326938e-4
903	hard goal	111	200	-0.009735466666666692
903	hard goal	111	250	-0.012045133333333421
903	hard goal	111	300	-0.015474966666666775
903	hard goal	111	350	-0.02301480000000004
903	hard goal	111	400	-0.014633466666666761
903	hard goal	111	450	-0.014617300000000055
903	hard goal	111	500	-0.00298096666666677
903	hard goal	111	550	0.0334865333333334
903	hard goal	111	600	0.056898199999999864
903	hard goal	111	650	0.10419753333333322
903	hard goal	111	700	0.11802836666666668
903	hard goal	111	750	0.11935636666666667
903	hard goal	111	800	0.10763653333333319
903	hard goal	111	850	0.06740619999999997
903	hard goal	111	900	0.04508053333333332
903	hard goal	111	950	0.023121366666666605
903	hard goal	111	1e3	0.014458699999999972
903	hard goal	111	1050	0.017324366666666553
903	hard goal	111	1100	0.012646533333333284
903	hard goal	111	1150	0.010265533333333243
903	hard goal	112	-200	-0.0017072999999998562
903	hard goal	112	-150	0.008271866666666941
903	hard goal	112	-100	-0.0022621333333331015
903	hard goal	112	-50	0.0014997000000001777
903	hard goal	112	0	-0.005802133333333126
903	hard goal	112	50	-0.005024299999999722
903	hard goal	112	100	-7.179666666664956e-4
903	hard goal	112	150	-0.02041779999999978
903	hard goal	112	200	-0.007233299999999702
903	hard goal	112	250	0.003737033333333528
903	hard goal	112	300	-0.009129299999999896
903	hard goal	112	350	0.006688533333333524
903	hard goal	112	400	-0.005392799999999791
903	hard goal	112	450	0.0015603666666668865
903	hard goal	112	500	0.011702866666666903
903	hard goal	112	550	0.035932366666666805
903	hard goal	112	600	0.05872008095238116
903	hard goal	112	650	0.04543086666666681
903	hard goal	112	700	0.030460366666666887
903	hard goal	112	750	0.01203236666666685
903	hard goal	112	800	-0.01830329999999984
903	hard goal	112	850	-0.04850163333333309
903	hard goal	112	900	-0.06810129999999977
903	hard goal	112	950	-0.07017296666666646
903	hard goal	112	1e3	-0.07573846666666643
903	hard goal	112	1050	-0.08084163333333312
903	hard goal	112	1100	-0.09066863333333308
903	hard goal	112	1150	-0.10097479999999985
903	hard goal	113	-200	0.003442327188940299
903	hard goal	113	-150	-2.455376344075629e-5
903	hard goal	113	-100	-5.197204301072844e-4
903	hard goal	113	-50	0.0010132795698926482
903	hard goal	113	0	-0.004485053763440734
903	hard goal	113	50	-0.010846387096774027
903	hard goal	113	100	0.0018409462365593192
903	hard goal	113	150	0.006399112903225849
903	hard goal	113	200	0.026334779569892646
903	hard goal	113	250	0.04107477956989255
903	hard goal	113	300	0.052729946236559355
903	hard goal	113	350	0.06776061290322592
903	hard goal	113	400	0.09734327956989268
903	hard goal	113	450	0.11759877956989266
903	hard goal	113	500	0.14233144623655933
903	hard goal	113	550	0.16985511290322597
903	hard goal	113	600	0.20666944623655933
903	hard goal	113	650	0.20384761290322606
903	hard goal	113	700	0.2107014462365593
903	hard goal	113	750	0.19915111290322587
903	hard goal	113	800	0.16920744623655923
903	hard goal	113	850	0.15329361290322593
903	hard goal	113	900	0.1585689462365593
903	hard goal	113	950	0.11448344623655922
903	hard goal	113	1e3	0.09250194623655934
903	hard goal	113	1050	0.0928502795698926
903	hard goal	113	1100	0.10816394623655927
903	hard goal	113	1150	0.09171194623655936
903	hard goal	114	-200	-0.005456566820276684
903	hard goal	114	-150	0.00861762365591375
903	hard goal	114	-100	0.019986290322580407
903	hard goal	114	-50	0.004638123655913799
903	hard goal	114	0	-0.026876043010752932
903	hard goal	114	50	-0.04113454301075296
903	hard goal	114	100	-0.04805287634408617
903	hard goal	114	150	-0.06538804301075281
903	hard goal	114	200	-0.08139687634408621
903	hard goal	114	250	-0.09198670967741955
903	hard goal	114	300	-0.09356004301075282
903	hard goal	114	350	-0.07557054301075294
903	hard goal	114	400	-0.05800187634408623
903	hard goal	114	450	-0.04650070967741956
903	hard goal	114	500	-0.013183043010752979
903	hard goal	114	550	0.010230123655913914
903	hard goal	114	600	0.02815062365591377
903	hard goal	114	650	0.024780290322580445
903	hard goal	114	700	-0.0016257096774195585
903	hard goal	114	750	-0.03315204301075281
903	hard goal	114	800	-0.0487485430107529
903	hard goal	114	850	-0.07066354301075288
903	hard goal	114	900	-0.07725904301075286
903	hard goal	114	950	-0.08225370967741948
903	hard goal	114	1e3	-0.08353337634408613
903	hard goal	114	1050	-0.08611604301075289
903	hard goal	114	1100	-0.09347870967741952
903	hard goal	114	1150	-0.0808388763440863
903	hard goal	115	-200	-0.014204838709677528
903	hard goal	115	-150	0.025328661290322445
903	hard goal	115	-100	0.014163661290322427
903	hard goal	115	-50	-0.016331005376344132
903	hard goal	115	0	-0.006589005376344066
903	hard goal	115	50	-0.014631838709677622
903	hard goal	115	100	-0.009210672043010884
903	hard goal	115	150	-0.041075005376344155
903	hard goal	115	200	-0.06166633870967756
903	hard goal	115	250	-0.07643033870967757
903	hard goal	115	300	-0.12955350537634422
903	hard goal	115	350	-0.1571808387096775
903	hard goal	115	400	-0.17277933870967752
903	hard goal	115	450	-0.17407550537634417
903	hard goal	115	500	-0.16882250537634422
903	hard goal	115	550	-0.16296933870967747
903	hard goal	115	600	-0.13322400537634413
903	hard goal	115	650	-0.16171633870967753
903	hard goal	115	700	-0.20845733870967753
903	hard goal	115	750	-0.25561567204301094
903	hard goal	115	800	-0.26869300537634416
903	hard goal	115	850	-0.3229601720430109
903	hard goal	115	900	-0.3258238387096775
903	hard goal	115	950	-0.3469521720430109
903	hard goal	115	1e3	-0.3532036720430108
903	hard goal	115	1050	-0.3512736720430109
903	hard goal	115	1100	-0.35348883870967746
903	hard goal	115	1150	-0.39921983870967753
903	hard goal	116	-200	0.01437785714285741
903	hard goal	116	-150	0.005434833333333537
903	hard goal	116	-100	-0.0031036666666663195
903	hard goal	116	-50	-0.008837833333333212
903	hard goal	116	0	-0.010267499999999874
903	hard goal	116	50	-0.003491166666666453
903	hard goal	116	100	-0.0017364999999998076
903	hard goal	116	150	0.007632333333333611
903	hard goal	116	200	0.01941400000000019
903	hard goal	116	250	0.025195000000000228
903	hard goal	116	300	0.027702500000000334
903	hard goal	116	350	0.0320788333333335
903	hard goal	116	400	0.03388533333333369
903	hard goal	116	450	0.03943133333333352
903	hard goal	116	500	0.0488681666666669
903	hard goal	116	550	0.05365866666666689
903	hard goal	116	600	0.08691850000000027
903	hard goal	116	650	0.10900983333333351
903	hard goal	116	700	0.12928300000000026
903	hard goal	116	750	0.15722966666666696
903	hard goal	116	800	0.1568878333333336
903	hard goal	116	850	0.14382883333333352
903	hard goal	116	900	0.14055800000000027
903	hard goal	116	950	0.1420638333333335
903	hard goal	116	1e3	0.15147583333333356
903	hard goal	116	1050	0.16267816666666687
903	hard goal	116	1100	0.18454716666666693
903	hard goal	116	1150	0.20625483333333353
903	hard goal	117	-200	-0.00882379723502323
903	hard goal	117	-150	-0.005511392473118419
903	hard goal	117	-100	0.007541607526881562
903	hard goal	117	-50	0.001502274193548277
903	hard goal	117	0	0.006761940860214939
903	hard goal	117	50	0.015244607526881579
903	hard goal	117	100	0.008314774193548313
903	hard goal	117	150	-0.07101989247311853
903	hard goal	117	200	-0.09346022580645164
903	hard goal	117	250	9.381075268816522e-4
903	hard goal	117	300	-0.014738392473118367
903	hard goal	117	350	-0.0364032258064518
903	hard goal	117	400	-0.06960972580645171
903	hard goal	117	450	-0.07875989247311832
903	hard goal	117	500	-0.0939648924731183
903	hard goal	117	550	-0.11956022580645172
903	hard goal	117	600	-0.1335003924731184
903	hard goal	117	650	-0.13285239247311842
903	hard goal	117	700	-0.1266820591397851
903	hard goal	117	750	-0.10652372580645182
903	hard goal	117	800	-0.09041289247311839
903	hard goal	117	850	-0.06875489247311843
903	hard goal	117	900	-0.09306955913978505
903	hard goal	117	950	-0.09711372580645168
903	hard goal	117	1e3	-0.10411539247311848
903	hard goal	117	1050	-0.12208689247311837
903	hard goal	117	1100	-0.14884355913978506
903	hard goal	117	1150	-0.14035089247311835
903	hard goal	118	-200	-0.04851092165898604
903	hard goal	118	-150	-0.03140556451612886
903	hard goal	118	-100	0.001217268817204446
903	hard goal	118	-50	0.03994243548387111
903	hard goal	118	0	0.04684193548387117
903	hard goal	118	50	0.07428460215053782
903	hard goal	118	100	0.08044110215053779
903	hard goal	118	150	0.06118476881720447
903	hard goal	118	200	0.06547593548387114
903	hard goal	118	250	0.02966576881720447
903	hard goal	118	300	0.017800768817204455
903	hard goal	118	350	3.867688172044896e-4
903	hard goal	118	400	-0.003296064516128775
903	hard goal	118	450	-0.019804397849462196
903	hard goal	118	500	-0.0018755645161288026
903	hard goal	118	550	0.011890768817204522
903	hard goal	118	600	0.006852935483871188
903	hard goal	118	650	-0.02143889784946218
903	hard goal	118	700	-0.029302064516128896
903	hard goal	118	750	-0.05951206451612889
903	hard goal	118	800	-0.07631089784946221
903	hard goal	118	850	-0.07969706451612879
903	hard goal	118	900	-0.08583573118279546
903	hard goal	118	950	-0.10232373118279543
903	hard goal	118	1e3	-0.09964039784946221
903	hard goal	118	1050	-0.11317723118279559
903	hard goal	118	1100	-0.1137940645161289
903	hard goal	118	1150	-0.13283189784946212
903	hard goal	119	-200	7.95499999999949e-4
903	hard goal	119	-150	0.004600666666666771
903	hard goal	119	-100	-0.0079491666666666
903	hard goal	119	-50	-3.286666666666438e-4
903	hard goal	119	0	0.0028816666666666713
903	hard goal	119	50	0.009475833333333425
903	hard goal	119	100	0.01683933333333343
903	hard goal	119	150	0.01677633333333343
903	hard goal	119	200	0.008090166666666695
903	hard goal	119	250	0.0024763333333334505
903	hard goal	119	300	0.008620738095238207
903	hard goal	119	350	0.014732000000000042
903	hard goal	119	400	0.016715333333333415
903	hard goal	119	450	0.022172666666666768
903	hard goal	119	500	0.03974783333333343
903	hard goal	119	550	0.0628383333333334
903	hard goal	119	600	0.07806183333333339
903	hard goal	119	650	0.07515966666666674
903	hard goal	119	700	0.06499933333333341
903	hard goal	119	750	0.0403335000000001
903	hard goal	119	800	0.008656333333333452
903	hard goal	119	850	-0.01812233333333328
903	hard goal	119	900	-0.03825983333333327
903	hard goal	119	950	-0.0631463333333333
903	hard goal	119	1e3	-0.05930749999999999
903	hard goal	119	1050	-0.07405883333333325
903	hard goal	119	1100	-0.08215616666666659
903	hard goal	119	1150	-0.07653433333333326
903	hard goal	120	-200	-0.01817813978494609
903	hard goal	120	-150	-0.006767306451612794
903	hard goal	120	-100	-2.893064516128104e-4
903	hard goal	120	-50	0.0054101935483872
903	hard goal	120	0	0.01892286021505381
903	hard goal	120	50	0.010554193548387195
903	hard goal	120	100	0.03493502688172042
903	hard goal	120	150	0.024895193548387207
903	hard goal	120	200	0.02232036021505383
903	hard goal	120	250	0.019999193548387122
903	hard goal	120	300	0.017118360215053974
903	hard goal	120	350	0.013685193548387117
903	hard goal	120	400	0.0213801935483872
903	hard goal	120	450	0.03143469354838713
903	hard goal	120	500	0.02586102688172054
903	hard goal	120	550	0.04653169354838712
903	hard goal	120	600	0.0729218602150538
903	hard goal	120	650	0.07166136021505383
903	hard goal	120	700	0.046827360215053813
903	hard goal	120	750	0.030485360215053808
903	hard goal	120	800	0.0038053602150538435
903	hard goal	120	850	-0.03631380645161286
903	hard goal	120	900	-0.06277563978494616
903	hard goal	120	950	-0.07621230645161292
903	hard goal	120	1e3	-0.08862863978494613
903	hard goal	120	1050	-0.0990936397849463
903	hard goal	120	1100	-0.11541597311827949
903	hard goal	120	1150	-0.11188797311827965
903	hard goal	121	-200	0.02621053333333349
903	hard goal	121	-150	0.007099866666666917
903	hard goal	121	-100	-3.966666666540183e-6
903	hard goal	121	-50	-0.008937299999999926
903	hard goal	121	0	-0.0243691333333332
903	hard goal	121	50	-0.0224967999999998
903	hard goal	121	100	-0.019029966666666526
903	hard goal	121	150	-0.011681133333333168
903	hard goal	121	200	-0.0030587999999998803
903	hard goal	121	250	-2.8996666666654863e-4
903	hard goal	121	300	0.02505170000000012
903	hard goal	121	350	0.05619203333333352
903	hard goal	121	400	0.07537870000000013
903	hard goal	121	450	0.10027520000000008
903	hard goal	121	500	0.11740620000000017
903	hard goal	121	550	0.13617120000000016
903	hard goal	121	600	0.1496772000000001
903	hard goal	121	650	0.1576230333333334
903	hard goal	121	700	0.11764053333333346
903	hard goal	121	750	0.09347920000000014
903	hard goal	121	800	0.058914700000000174
903	hard goal	121	850	0.04060770000000017
903	hard goal	121	900	0.024197533333333448
903	hard goal	121	950	0.001592628571428659
903	hard goal	121	1e3	-0.0028051999999998854
903	hard goal	121	1050	-0.009015799999999732
903	hard goal	121	1100	-0.0014233999999998304
903	hard goal	121	1150	-0.012609514285714139
903	hard goal	122	-200	-0.006551313364055377
903	hard goal	122	-150	-0.0016069086021505512
903	hard goal	122	-100	0.0023522580645160365
903	hard goal	122	-50	0.0057880913978493416
903	hard goal	122	0	0.0011097580645161493
903	hard goal	122	50	-0.022271075268817258
903	hard goal	122	100	-0.022785241935483924
903	hard goal	122	150	-0.03324907526881719
903	hard goal	122	200	-0.015505241935483896
903	hard goal	122	250	-0.026800575268817257
903	hard goal	122	300	-0.031945741935483905
903	hard goal	122	350	-0.038021908602150566
903	hard goal	122	400	-0.02205674193548394
903	hard goal	122	450	-0.0036559086021505927
903	hard goal	122	500	0.025018924731182796
903	hard goal	122	550	0.0551757580645161
903	hard goal	122	600	0.08648192473118277
903	hard goal	122	650	0.10918525806451607
903	hard goal	122	700	0.08663292473118271
903	hard goal	122	750	0.06236925806451602
903	hard goal	122	800	0.024209591397849506
903	hard goal	122	850	0.009807591397849405
903	hard goal	122	900	0.00865342473118269
903	hard goal	122	950	-4.674193548392935e-5
903	hard goal	122	1e3	-0.009847408602150646
903	hard goal	122	1050	-0.009463741935483863
903	hard goal	122	1100	-0.004039241935483921
903	hard goal	122	1150	-3.5607526881727597e-4
903	hard goal	123	-200	-0.021912594470045947
903	hard goal	123	-150	-0.005470451612903086
903	hard goal	123	-100	5.703817204302611e-4
903	hard goal	123	-50	0.01180271505376355
903	hard goal	123	0	0.018662048387096952
903	hard goal	123	50	0.01957171505376361
903	hard goal	123	100	0.013216548387096886
903	hard goal	123	150	0.008151715053763628
903	hard goal	123	200	-0.0018094516129030236
903	hard goal	123	250	-0.014519451612903023
903	hard goal	123	300	-0.026892451612903063
903	hard goal	123	350	-0.022994784946236413
903	hard goal	123	400	-0.020409784946236426
903	hard goal	123	450	-0.00807595161290305
903	hard goal	123	500	0.011598381720430298
903	hard goal	123	550	0.039930881720430245
903	hard goal	123	600	0.06891738172043027
903	hard goal	123	650	0.07821354838709693
903	hard goal	123	700	0.07952971505376365
903	hard goal	123	750	0.059563381720430186
903	hard goal	123	800	0.051620215053763685
903	hard goal	123	850	0.046669215053763535
903	hard goal	123	900	0.05049704838709701
903	hard goal	123	950	0.057156715053763595
903	hard goal	123	1e3	0.07423888172043032
903	hard goal	123	1050	0.08623204838709693
903	hard goal	123	1100	0.10764121505376363
903	hard goal	123	1150	0.12071554838709704
903	hard goal	124	-200	-0.005094958525345472
903	hard goal	124	-150	-0.0052122204301073465
903	hard goal	124	-100	0.010590446236559359
903	hard goal	124	-50	9.557795698926785e-4
903	hard goal	124	0	-3.898870967740109e-4
903	hard goal	124	50	-0.02234538709677388
903	hard goal	124	100	-0.019996553763440783
903	hard goal	124	150	-0.03395838709677405
903	hard goal	124	200	-0.051724553763440685
903	hard goal	124	250	-0.05240038709677397
903	hard goal	124	300	-0.051482887096774066
903	hard goal	124	350	-0.05783938709677394
903	hard goal	124	400	-0.044907387096774
903	hard goal	124	450	-0.031178387096774045
903	hard goal	124	500	0.003672779569892685
903	hard goal	124	550	0.022250779569892742
903	hard goal	124	600	0.03737811290322594
903	hard goal	124	650	0.04233461290322604
903	hard goal	124	700	0.00844677956989274
903	hard goal	124	750	-0.012528887096773985
903	hard goal	124	800	-0.037193053763440696
903	hard goal	124	850	-0.06607422043010731
903	hard goal	124	900	-0.08733538709677398
903	hard goal	124	950	-0.09942788709677397
903	hard goal	124	1e3	-0.11043888709677407
903	hard goal	124	1050	-0.10964822043010732
903	hard goal	124	1100	-0.10809738709677408
903	hard goal	124	1150	-0.10292788709677396
903	hard goal	125	-200	-0.012663099999999927
903	hard goal	125	-150	0.006248066666666737
903	hard goal	125	-100	-4.527666666664931e-4
903	hard goal	125	-50	3.300666666667211e-4
903	hard goal	125	0	0.00653773333333348
903	hard goal	125	50	0.018759233333333514
903	hard goal	125	100	0.03898040000000017
903	hard goal	125	150	0.06142090000000011
903	hard goal	125	200	0.08214973333333349
903	hard goal	125	250	0.08236723333333355
903	hard goal	125	300	0.06909123333333356
903	hard goal	125	350	0.07607256666666677
903	hard goal	125	400	0.0787474000000002
903	hard goal	125	450	0.07921856666666678
903	hard goal	125	500	0.09815906666666674
903	hard goal	125	550	0.10961240000000005
903	hard goal	125	600	0.14250223333333353
903	hard goal	125	650	0.1476797333333335
903	hard goal	125	700	0.11414823333333339
903	hard goal	125	750	0.08134713809523829
903	hard goal	125	800	0.043854366666666776
903	hard goal	125	850	0.03638085238095253
903	hard goal	125	900	-0.00679893333333322
903	hard goal	125	950	-0.04141426666666659
903	hard goal	125	1e3	-0.0757594333333332
903	hard goal	125	1050	-0.09601676666666663
903	hard goal	125	1100	-0.1038459333333331
903	hard goal	125	1150	-0.10287476666666666
903	hard goal	126	-200	0.014935216589861775
903	hard goal	126	-150	-0.0027386881720430356
903	hard goal	126	-100	-0.010402188172043006
903	hard goal	126	-50	-0.007047854838709622
903	hard goal	126	0	0.002764311827957
903	hard goal	126	50	0.02167681182795696
903	hard goal	126	100	0.04508464516129037
903	hard goal	126	150	0.07424097849462363
903	hard goal	126	200	0.09543664516129025
903	hard goal	126	250	0.11408897849462359
903	hard goal	126	300	0.11918564516129034
903	hard goal	126	350	0.13575097849462367
903	hard goal	126	400	0.12834964516129044
903	hard goal	126	450	0.1352976451612903
903	hard goal	126	500	0.14434947849462362
903	hard goal	126	550	0.14997914516129027
903	hard goal	126	600	0.15885314516129023
903	hard goal	126	650	0.18319731182795698
903	hard goal	126	700	0.188605311827957
903	hard goal	126	750	0.2097666451612903
903	hard goal	126	800	0.20456414516129037
903	hard goal	126	850	0.18782981182795697
903	hard goal	126	900	0.15225264516129022
903	hard goal	126	950	0.134025311827957
903	hard goal	126	1e3	0.12755331182795704
903	hard goal	126	1050	0.1165549784946236
903	hard goal	126	1100	0.10906697849462366
903	hard goal	126	1150	0.12342064516129041
903	hard goal	127	-200	0.012360843317972301
903	hard goal	127	-150	0.011484795698924652
903	hard goal	127	-100	0.0034707956989246114
903	hard goal	127	-50	-0.01352837096774199
903	hard goal	127	0	-0.015848204301075402
903	hard goal	127	50	-0.02977887096774201
903	hard goal	127	100	-0.01924837096774194
903	hard goal	127	150	-0.014740870967741978
903	hard goal	127	200	0.006904462365591391
903	hard goal	127	250	0.018371295698924744
903	hard goal	127	300	0.03250912903225789
903	hard goal	127	350	0.04707962903225793
903	hard goal	127	400	0.05695229569892465
903	hard goal	127	450	0.0825117956989246
903	hard goal	127	500	0.09705012903225807
903	hard goal	127	550	0.11249512903225793
903	hard goal	127	600	0.12249329569892457
903	hard goal	127	650	0.12861446236559124
903	hard goal	127	700	0.15856496236559137
903	hard goal	127	750	0.16462296236559118
903	hard goal	127	800	0.1733327956989247
903	hard goal	127	850	0.14453696236559135
903	hard goal	127	900	0.10060129569892469
903	hard goal	127	950	0.07148429569892463
903	hard goal	127	1e3	0.05445979569892464
903	hard goal	127	1050	0.03115212903225791
903	hard goal	127	1100	0.004796129032257938
903	hard goal	127	1150	-0.009715204301075383
903	hard goal	128	-200	0.02988920737327185
903	hard goal	128	-150	0.006418564516128988
903	hard goal	128	-100	9.282311827956136e-4
903	hard goal	128	-50	-0.01428393548387108
903	hard goal	128	0	-0.027933602150537713
903	hard goal	128	50	-0.0199602688172044
903	hard goal	128	100	-0.014611102150537736
903	hard goal	128	150	0.0030180645161289967
903	hard goal	128	200	-0.010052102150537756
903	hard goal	128	250	-0.028997602150537816
903	hard goal	128	300	-0.024486935483871115
903	hard goal	128	350	-0.015091268817204387
903	hard goal	128	400	0.022739064516128876
903	hard goal	128	450	0.015212231182795577
903	hard goal	128	500	0.03241589784946234
903	hard goal	128	550	0.0473588978494622
903	hard goal	128	600	0.06942389784946228
903	hard goal	128	650	0.07683723118279547
903	hard goal	128	700	0.07136289784946219
903	hard goal	128	750	0.03771473118279559
903	hard goal	128	800	0.010734731182795517
903	hard goal	128	850	-0.005903102150537798
903	hard goal	128	900	-0.018280435483871038
903	hard goal	128	950	-0.028280935483871117
903	hard goal	128	1e3	-0.04827343548387105
903	hard goal	128	1050	-0.043884935483871144
903	hard goal	128	1100	-0.054114102150537725
903	hard goal	128	1150	-0.07077760215053774
903	hard goal	129	-200	0.026615221198156482
903	hard goal	129	-150	6.909354838707434e-4
903	hard goal	129	-100	-0.0017573978494626423
903	hard goal	129	-50	-0.007411231182795778
903	hard goal	129	0	-0.02257339784946259
903	hard goal	129	50	-0.02726523118279589
903	hard goal	129	100	-0.03727439784946259
903	hard goal	129	150	-0.05763889784946249
903	hard goal	129	200	-0.048391564516129325
903	hard goal	129	250	-0.0530983978494625
903	hard goal	129	300	-0.04671906451612928
903	hard goal	129	350	-0.0355333978494626
903	hard goal	129	400	-0.025486564516129368
903	hard goal	129	450	-0.005755397849462589
903	hard goal	129	500	0.013024435483870741
903	hard goal	129	550	0.06030893548387084
903	hard goal	129	600	0.07605210215053737
903	hard goal	129	650	0.06995060215053739
903	hard goal	129	700	0.04153176881720411
903	hard goal	129	750	0.019972102150537314
903	hard goal	129	800	-0.009595897849462576
903	hard goal	129	850	-0.01526939784946261
903	hard goal	129	900	-0.027784564516129356
903	hard goal	129	950	-0.028939064516129227
903	hard goal	129	1e3	-0.025866731182795883
903	hard goal	129	1050	-0.030833564516129286
903	hard goal	129	1100	-0.024446897849462523
903	hard goal	129	1150	-0.033852731182796005
903	hard goal	130	-200	-0.01912498617511536
903	hard goal	130	-150	-0.014393462365591617
903	hard goal	130	-100	0.01641787096774176
903	hard goal	130	-50	0.010446870967741736
903	hard goal	130	0	0.009841204301075082
903	hard goal	130	50	0.017517704301075094
903	hard goal	130	100	0.024938370967741763
903	hard goal	130	150	0.032018204301075125
903	hard goal	130	200	0.047698537634408344
903	hard goal	130	250	0.05105137096774174
903	hard goal	130	300	0.06828420430107511
903	hard goal	130	350	0.08501920430107512
903	hard goal	130	400	0.10056803763440847
903	hard goal	130	450	0.11996570430107512
903	hard goal	130	500	0.15636987096774177
903	hard goal	130	550	0.17522320430107508
903	hard goal	130	600	0.1760107043010751
903	hard goal	130	650	0.16870620430107505
903	hard goal	130	700	0.15569037096774174
903	hard goal	130	750	0.12417487096774178
903	hard goal	130	800	0.10643087096774173
903	hard goal	130	850	0.09143137096774175
903	hard goal	130	900	0.07705770430107502
903	hard goal	130	950	0.04256887096774172
903	hard goal	130	1e3	0.04380903763440839
903	hard goal	130	1050	0.03586587096774174
903	hard goal	130	1100	0.03441803763440846
903	hard goal	130	1150	0.03813887096774179
903	hard goal	131	-200	-0.04986738248847938
903	hard goal	131	-150	-0.017900596774193717
903	hard goal	131	-100	0.010253069892472988
903	hard goal	131	-50	0.02703473655913961
903	hard goal	131	0	0.03879140322580632
903	hard goal	131	50	0.04806473655913971
903	hard goal	131	100	0.06594423655913968
903	hard goal	131	150	0.081021069892473
903	hard goal	131	200	0.09528023655913957
903	hard goal	131	250	0.09550440322580626
903	hard goal	131	300	0.09891990322580628
903	hard goal	131	350	0.11525923655913968
903	hard goal	131	400	0.128382069892473
903	hard goal	131	450	0.1447072365591396
903	hard goal	131	500	0.1750847365591397
903	hard goal	131	550	0.19909523655913963
903	hard goal	131	600	0.17564123655913963
903	hard goal	131	650	0.1695550698924729
903	hard goal	131	700	0.12454923655913963
903	hard goal	131	750	0.06658256989247298
903	hard goal	131	800	0.03953140322580621
903	hard goal	131	850	0.007002736559139633
903	hard goal	131	900	-0.019053263440860373
903	hard goal	131	950	-0.050829096774193706
903	hard goal	131	1e3	-0.066348930107527
903	hard goal	131	1050	-0.08347126344086038
903	hard goal	131	1100	-0.09523709677419379
903	hard goal	131	1150	-0.103347930107527
903	hard goal	132	-200	-0.0012559493087559912
903	hard goal	132	-150	-0.0038786397849464027
903	hard goal	132	-100	-0.0022524731182798816
903	hard goal	132	-50	0.0012631935483868872
903	hard goal	132	0	0.0063331935483869435
903	hard goal	132	50	0.014967860215053511
903	hard goal	132	100	0.012293860215053595
903	hard goal	132	150	0.0010010268817202128
903	hard goal	132	200	-0.003666139784946454
903	hard goal	132	250	0.002959860215053567
903	hard goal	132	300	0.003906526881720292
903	hard goal	132	350	0.01020319354838691
903	hard goal	132	400	0.013869026881720167
903	hard goal	132	450	0.030972026881720256
903	hard goal	132	500	0.04578086021505349
903	hard goal	132	550	0.0636096935483869
903	hard goal	132	600	0.09021169354838683
903	hard goal	132	650	0.12517936021505358
903	hard goal	132	700	0.12702036021505347
903	hard goal	132	750	0.11150102688172019
903	hard goal	132	800	0.08686086021505364
903	hard goal	132	850	0.06255786021505345
903	hard goal	132	900	0.04147336021505351
903	hard goal	132	950	0.0260643602150535
903	hard goal	132	1e3	0.01066119354838683
903	hard goal	132	1050	8.223602150535895e-4
903	hard goal	132	1100	5.491935483868579e-4
903	hard goal	132	1150	-0.006868973118279757
903	hard goal	133	-200	3.523225806452146e-4
903	hard goal	133	-150	-3.556774193547903e-4
903	hard goal	133	-100	-0.010155510752688132
903	hard goal	133	-50	0.005851489247311899
903	hard goal	133	0	0.004248655913978494
903	hard goal	133	50	0.016667822580645142
903	hard goal	133	100	0.034418822580645214
903	hard goal	133	150	0.0499588225806451
903	hard goal	133	200	0.052242155913978516
903	hard goal	133	250	0.07519098924731187
903	hard goal	133	300	0.08370015591397843
903	hard goal	133	350	0.10745065591397851
903	hard goal	133	400	0.10994815591397848
903	hard goal	133	450	0.11858398924731188
903	hard goal	133	500	0.14187015591397842
903	hard goal	133	550	0.1651718225806451
903	hard goal	133	600	0.16670832258064516
903	hard goal	133	650	0.1739706559139785
903	hard goal	133	700	0.15323682258064517
903	hard goal	133	750	0.13554065591397846
903	hard goal	133	800	0.12916148924731172
903	hard goal	133	850	0.1056653225806452
903	hard goal	133	900	0.09490848924731184
903	hard goal	133	950	0.09350615591397848
903	hard goal	133	1e3	0.08315248924731182
903	hard goal	133	1050	0.07876365591397853
903	hard goal	133	1100	0.08239732258064514
903	hard goal	133	1150	0.0834121559139785
903	hard goal	134	-200	0.029933004608294844
903	hard goal	134	-150	0.016257290322580536
903	hard goal	134	-100	0.0032014569892471942
903	hard goal	134	-50	-0.023629876344086087
903	hard goal	134	0	-0.030750709677419403
903	hard goal	134	50	-0.03145154301075285
903	hard goal	134	100	-0.01856470967741945
903	hard goal	134	150	-0.007477376344086147
903	hard goal	134	200	0.014095456989247227
903	hard goal	134	250	0.042207123655913836
903	hard goal	134	300	0.05787729032258052
903	hard goal	134	350	0.0916486236559139
903	hard goal	134	400	0.10342529032258052
903	hard goal	134	450	0.12100862365591387
903	hard goal	134	500	0.13384729032258047
903	hard goal	134	550	0.1845964569892471
903	hard goal	134	600	0.19590812365591379
903	hard goal	134	650	0.18299495698924714
903	hard goal	134	700	0.1543827903225805
903	hard goal	134	750	0.12157395698924718
903	hard goal	134	800	0.08251829032258051
903	hard goal	134	850	0.051223623655913965
903	hard goal	134	900	0.028010290322580584
903	hard goal	134	950	0.025606123655913898
903	hard goal	134	1e3	0.02272962365591395
903	hard goal	134	1050	1.5029032258058925e-4
903	hard goal	134	1100	0.013166790322580502
903	hard goal	134	1150	0.01320795698924715
903	hard goal	135	-200	-0.01716122580645158
903	hard goal	135	-150	-0.020860559139784945
903	hard goal	135	-100	-3.713924731182742e-4
903	hard goal	135	-50	0.020249607526881725
903	hard goal	135	0	0.021003774193548336
903	hard goal	135	50	0.02974844086021511
903	hard goal	135	100	0.02701144086021512
903	hard goal	135	150	0.051713940860215045
903	hard goal	135	200	0.05085427419354834
903	hard goal	135	250	0.06374044086021506
903	hard goal	135	300	0.0852362741935484
903	hard goal	135	350	0.09649994086021503
903	hard goal	135	400	0.11366360752688176
903	hard goal	135	450	0.13247744086021504
903	hard goal	135	500	0.16496310752688173
903	hard goal	135	550	0.19237244086021513
903	hard goal	135	600	0.2210176075268818
903	hard goal	135	650	0.19388144086021505
903	hard goal	135	700	0.1818026075268817
903	hard goal	135	750	0.148000440860215
903	hard goal	135	800	0.09131110752688176
903	hard goal	135	850	0.06310127419354838
903	hard goal	135	900	0.05365177419354835
903	hard goal	135	950	0.025130774193548328
903	hard goal	135	1e3	0.03612360752688174
903	hard goal	135	1050	0.021441440860215044
903	hard goal	135	1100	0.021580607526881773
903	hard goal	135	1150	0.023550607526881723
903	hard goal	136	-200	-0.021370686635944786
903	hard goal	136	-150	-0.003917924731182983
903	hard goal	136	-100	0.003615075268816955
903	hard goal	136	-50	0.006149241935483681
903	hard goal	136	0	0.019086075268817042
903	hard goal	136	50	0.02073024193548371
903	hard goal	136	100	0.03721690860215047
903	hard goal	136	150	0.050272741935483735
903	hard goal	136	200	0.06166890860215024
903	hard goal	136	250	0.07582357526881707
903	hard goal	136	300	0.08626890860215035
903	hard goal	136	350	0.08809724193548367
903	hard goal	136	400	0.10310340860215043
903	hard goal	136	450	0.12238974193548365
903	hard goal	136	500	0.1558457419354836
903	hard goal	136	550	0.16202524193548382
903	hard goal	136	600	0.16826840860215042
903	hard goal	136	650	0.17623074193548374
903	hard goal	136	700	0.14465157526881703
903	hard goal	136	750	0.10454624193548374
903	hard goal	136	800	0.07026057526881702
903	hard goal	136	850	0.04205324193548369
903	hard goal	136	900	0.02659240860215036
903	hard goal	136	950	-0.012186591397849536
903	hard goal	136	1e3	-0.016571758064516235
903	hard goal	136	1050	-0.015815424731182953
903	hard goal	136	1100	-0.02962209139784962
903	hard goal	136	1150	-0.02656775806451635
903	hard goal	137	-200	-0.017529981566820143
903	hard goal	137	-150	-0.00917683870967719
903	hard goal	137	-100	0.00773799462365606
903	hard goal	137	-50	0.013211161290322812
903	hard goal	137	0	0.008679327956989372
903	hard goal	137	50	0.0019423279569893055
903	hard goal	137	100	0.00557782795698943
903	hard goal	137	150	-0.01572217204301059
903	hard goal	137	200	-0.012093172043010561
903	hard goal	137	250	-0.029766672043010606
903	hard goal	137	300	-0.041286005376343894
903	hard goal	137	350	-0.05273833870967722
903	hard goal	137	400	-0.07069650537634391
903	hard goal	137	450	-0.07892017204301045
903	hard goal	137	500	-0.07850683870967738
903	hard goal	137	550	-0.0746700053763439
903	hard goal	137	600	-0.04945467204301061
903	hard goal	137	650	-0.023716172043010575
903	hard goal	137	700	0.017518827956989336
903	hard goal	137	750	0.04409899462365615
903	hard goal	137	800	0.06021432795698941
903	hard goal	137	850	0.05846732795698939
903	hard goal	137	900	0.026914827956989445
903	hard goal	137	950	0.01893499462365611
903	hard goal	137	1e3	-0.0014473387096772445
903	hard goal	137	1050	-0.006453505376344
903	hard goal	137	1100	-0.0033706720430105954
903	hard goal	137	1150	-0.015273505376343977
903	hard goal	138	-200	0.0017227465437789874
903	hard goal	138	-150	-0.006198634408601873
903	hard goal	138	-100	-0.003554634408601931
903	hard goal	138	-50	9.356989247313319e-4
903	hard goal	138	0	0.006807698924731431
903	hard goal	138	50	-0.002351134408601944
903	hard goal	138	100	-0.010348801075268513
903	hard goal	138	150	-0.0276271344086018
903	hard goal	138	200	-0.029766467741935216
903	hard goal	138	250	-0.012958134408601904
903	hard goal	138	300	-0.019594967741935292
903	hard goal	138	350	-0.010592801075268646
903	hard goal	138	400	0.020479865591398177
903	hard goal	138	450	0.03780886559139803
903	hard goal	138	500	0.07279803225806473
903	hard goal	138	550	0.10984369892473134
903	hard goal	138	600	0.1238098655913981
903	hard goal	138	650	0.13448769892473136
903	hard goal	138	700	0.11926469892473146
903	hard goal	138	750	0.10716886559139804
903	hard goal	138	800	0.08552636559139803
903	hard goal	138	850	0.062049698924731445
903	hard goal	138	900	0.05755619892473144
903	hard goal	138	950	0.05606053225806473
903	hard goal	138	1e3	0.057470198924731486
903	hard goal	138	1050	0.06254803225806471
903	hard goal	138	1100	0.05481636559139802
903	hard goal	138	1150	0.05968169892473144
903	hard goal	139	-200	-0.0021306589861749587
903	hard goal	139	-150	-0.011129349462365434
903	hard goal	139	-100	0.006217650537634567
903	hard goal	139	-50	0.00019098387096786831
903	hard goal	139	0	0.007206483870967932
903	hard goal	139	50	0.03397398387096784
903	hard goal	139	100	0.03847315053763456
903	hard goal	139	150	0.0481491505376345
903	hard goal	139	200	0.05372648387096798
903	hard goal	139	250	0.04917598387096792
903	hard goal	139	300	0.034957483870967865
903	hard goal	139	350	0.017023650537634587
903	hard goal	139	400	0.009383983870967874
903	hard goal	139	450	0.026622483870967883
903	hard goal	139	500	0.013535817204301267
903	hard goal	139	550	0.02638731720430121
903	hard goal	139	600	0.02502798387096794
903	hard goal	139	650	0.02708831720430127
903	hard goal	139	700	0.02620815053763459
903	hard goal	139	750	0.0025293172043012735
903	hard goal	139	800	-0.05642784946236542
903	hard goal	139	850	-0.09745268279569874
903	hard goal	139	900	-0.13395384946236547
903	hard goal	139	950	-0.16769151612903208
903	hard goal	139	1e3	-0.19644651612903208
903	hard goal	139	1050	-0.22574818279569878
903	hard goal	139	1100	-0.2607118494623655
903	hard goal	139	1150	-0.28968351612903215
903	hard goal	140	-200	0.0013189308755761076
903	hard goal	140	-150	-0.004730188172043033
903	hard goal	140	-100	-0.006015354838709556
903	hard goal	140	-50	0.0019623118279570306
903	hard goal	140	0	0.007244478494623656
903	hard goal	140	50	-0.008257021505376327
903	hard goal	140	100	-0.009122021505376221
903	hard goal	140	150	-0.004436188172042943
903	hard goal	140	200	-0.0021443548387096723
903	hard goal	140	250	0.005723645161290462
903	hard goal	140	300	-0.001358188172042955
903	hard goal	140	350	-0.012251354838709686
903	hard goal	140	400	-0.020822688172042875
903	hard goal	140	450	-0.003052854838709651
903	hard goal	140	500	0.015368811827957204
903	hard goal	140	550	0.04152214516129046
903	hard goal	140	600	0.05513097849462375
903	hard goal	140	650	0.06376747849462368
903	hard goal	140	700	0.043928311827957055
903	hard goal	140	750	0.013218978494623723
903	hard goal	140	800	0.00537047849462365
903	hard goal	140	850	-0.011024521505376287
903	hard goal	140	900	-0.023895854838709596
903	hard goal	140	950	-0.03335335483870957
903	hard goal	140	1e3	-0.04000268817204292
903	hard goal	140	1050	-0.024108688172042925
903	hard goal	140	1100	-0.01754952150537618
903	hard goal	140	1150	-0.010686354838709574
