Subject	condition	TrialId	bin	pupil_change
907	easy goal	1	-200	-0.034670833333333206
907	easy goal	1	-150	-0.017083999999999877
907	easy goal	1	-100	0.009968666666666811
907	easy goal	1	-50	0.02499383333333342
907	easy goal	1	0	0.027084966666666776
907	easy goal	1	50	0.03870173809523823
907	easy goal	1	100	0.06858816666666678
907	easy goal	1	150	0.09758783333333354
907	easy goal	1	200	0.10955983333333341
907	easy goal	1	250	0.06322750000000021
907	easy goal	1	300	0.11484283333333349
907	easy goal	1	350	0.11301400000000024
907	easy goal	1	400	0.13096500000000022
907	easy goal	1	450	0.14616366666666689
907	easy goal	1	500	0.1834666666666668
907	easy goal	1	550	0.18124100000000007
907	easy goal	1	600	0.2330361666666668
907	easy goal	1	650	0.21366500000000008
907	easy goal	1	700	0.3417580000000002
907	easy goal	1	750	0.37602216666666677
907	easy goal	1	800	0.3397010000000002
907	easy goal	1	850	0.3560195000000002
907	easy goal	1	900	0.3677035
907	easy goal	1	950	0.38484900000000016
907	easy goal	1	1e3	0.37857566666666687
907	easy goal	1	1050	0.42484950000000016
907	easy goal	1	1100	0.36881000000000025
907	easy goal	1	1150	0.47641283333333356
907	easy goal	2	-200	0.018035940092166074
907	easy goal	2	-150	-0.03670494086021492
907	easy goal	2	-100	-0.04754644086021479
907	easy goal	2	-50	-4.912741935484041e-4
907	easy goal	2	0	0.06370072580645177
907	easy goal	2	50	0.16150439247311846
907	easy goal	2	100	0.18474489247311845
907	easy goal	2	150	0.11141539247311849
907	easy goal	2	200	0.043294725806451696
907	easy goal	2	250	-0.03830977419354831
907	easy goal	2	300	-0.03456960752688162
907	easy goal	2	350	-0.05029077419354825
907	easy goal	2	400	-0.11607644086021492
907	easy goal	2	450	-0.138974940860215
907	easy goal	2	500	-0.14041277419354828
907	easy goal	2	550	-0.13205044086021492
907	easy goal	2	600	-0.04251894086021483
907	easy goal	2	650	-0.015928274193548326
907	easy goal	2	700	0.027872725806451726
907	easy goal	2	750	0.044929225806451756
907	easy goal	2	800	-0.01101077419354827
907	easy goal	2	850	0.13539422580645155
907	easy goal	2	900	NA
907	easy goal	2	950	NA
907	easy goal	2	1e3	NA
907	easy goal	2	1050	0.01266272580645178
907	easy goal	2	1100	0.2782877258064517
907	easy goal	2	1150	0.31482355913978505
907	easy goal	3	-200	-0.10811788018433179
907	easy goal	3	-150	-0.10900678494623654
907	easy goal	3	-100	0.027797381720430076
907	easy goal	3	-50	0.09778254838709681
907	easy goal	3	0	0.10956438172043015
907	easy goal	3	50	0.10995654838709672
907	easy goal	3	100	0.15755504838709677
907	easy goal	3	150	NA
907	easy goal	3	200	NA
907	easy goal	3	250	-0.035697451612903386
907	easy goal	3	300	0.25932271505376353
907	easy goal	3	350	0.20044571505376352
907	easy goal	3	400	0.12606371505376343
907	easy goal	3	450	0.10246804838709671
907	easy goal	3	500	0.04829238172043001
907	easy goal	3	550	0.05995271505376346
907	easy goal	3	600	0.07412921505376342
907	easy goal	3	650	0.011138215053763409
907	easy goal	3	700	0.029917381720430125
907	easy goal	3	750	0.022278215053763335
907	easy goal	3	800	-0.05080395161290315
907	easy goal	3	850	-0.07042428494623658
907	easy goal	3	900	-0.08599945161290323
907	easy goal	3	950	-0.13850645161290331
907	easy goal	3	1e3	-0.12564561827956985
907	easy goal	3	1050	-0.06989211827956998
907	easy goal	3	1100	-0.040981951612903224
907	easy goal	3	1150	-0.04885478494623655
907	easy goal	4	-200	0.01976051152073729
907	easy goal	4	-150	-0.02056044086021506
907	easy goal	4	-100	-0.001383274193548445
907	easy goal	4	-50	0.02528605913978484
907	easy goal	4	0	-0.02639627419354847
907	easy goal	4	50	0.006294725806451629
907	easy goal	4	100	-0.01071060752688191
907	easy goal	4	150	0.02932922580645155
907	easy goal	4	200	0.053653025806451635
907	easy goal	4	250	NA
907	easy goal	4	300	NA
907	easy goal	4	350	0.13066605913978493
907	easy goal	4	400	0.1580387258064516
907	easy goal	4	450	0.15878972580645145
907	easy goal	4	500	0.1681740591397849
907	easy goal	4	550	0.23134989247311818
907	easy goal	4	600	0.2664822258064515
907	easy goal	4	650	0.26889489247311826
907	easy goal	4	700	0.22835322580645157
907	easy goal	4	750	0.2270233924731182
907	easy goal	4	800	0.22350589247311822
907	easy goal	4	850	0.1411207258064516
907	easy goal	4	900	0.10205905913978482
907	easy goal	4	950	0.021682059139784826
907	easy goal	4	1e3	-0.009634107526881838
907	easy goal	4	1050	-0.024899440860215227
907	easy goal	4	1100	0.05384872580645158
907	easy goal	4	1150	NA
907	easy goal	5	-200	-0.029593013824884613
907	easy goal	5	-150	0.03179546236559139
907	easy goal	5	-100	-0.011526704301075238
907	easy goal	5	-50	0.013138962365591386
907	easy goal	5	0	0.00111746236559133
907	easy goal	5	50	0.04132079569892477
907	easy goal	5	100	NA
907	easy goal	5	150	NA
907	easy goal	5	200	NA
907	easy goal	5	250	-0.20366087096774188
907	easy goal	5	300	0.044162629032258094
907	easy goal	5	350	0.10329279569892476
907	easy goal	5	400	0.06291896236559147
907	easy goal	5	450	0.011616295698924825
907	easy goal	5	500	0.00660562903225818
907	easy goal	5	550	-0.03956787096774191
907	easy goal	5	600	-0.037779537634408555
907	easy goal	5	650	-0.11062070430107525
907	easy goal	5	700	-0.13923137096774188
907	easy goal	5	750	-0.16812370430107526
907	easy goal	5	800	-0.22283887096774202
907	easy goal	5	850	-0.2499687043010753
907	easy goal	5	900	-0.2777035376344085
907	easy goal	5	950	-0.25599103763440856
907	easy goal	5	1e3	-0.23751270430107518
907	easy goal	5	1050	-0.3047482043010752
907	easy goal	5	1100	-0.3114392043010752
907	easy goal	5	1150	-0.3276513709677418
907	easy goal	6	-200	0.0038216820276498276
907	easy goal	6	-150	-2.2519892473112554e-4
907	easy goal	6	-100	-0.014979365591397675
907	easy goal	6	-50	-0.014766865591397801
907	easy goal	6	0	0.025512801075268914
907	easy goal	6	50	0.03937480107526895
907	easy goal	6	100	0.04765263440860227
907	easy goal	6	150	0.11363213440860227
907	easy goal	6	200	0.14870613440860234
907	easy goal	6	250	0.14374780107526894
907	easy goal	6	300	0.12553480107526904
907	easy goal	6	350	0.13737646774193557
907	easy goal	6	400	0.13105680107526885
907	easy goal	6	450	0.16004213440860227
907	easy goal	6	500	0.17062846774193563
907	easy goal	6	550	0.12573613440860232
907	easy goal	6	600	0.19382636774193562
907	easy goal	6	650	NA
907	easy goal	6	700	NA
907	easy goal	6	750	NA
907	easy goal	6	800	0.11562230107526883
907	easy goal	6	850	0.3062569677419356
907	easy goal	6	900	0.260204301075269
907	easy goal	6	950	0.2464813010752689
907	easy goal	6	1e3	0.265900801075269
907	easy goal	6	1050	0.3440901344086022
907	easy goal	6	1100	0.3918824677419355
907	easy goal	6	1150	0.3552993010752688
907	easy goal	7	-200	-0.02202566666666661
907	easy goal	7	-150	NA
907	easy goal	7	-100	NA
907	easy goal	7	-50	NA
907	easy goal	7	0	0.017620533333333376
907	easy goal	7	50	0.18291383333333341
907	easy goal	7	100	0.20142816666666677
907	easy goal	7	150	0.1610273333333335
907	easy goal	7	200	0.1401005000000001
907	easy goal	7	250	0.06382250000000005
907	easy goal	7	300	0.046372333333333314
907	easy goal	7	350	0.03735783333333346
907	easy goal	7	400	-0.0010509999999999131
907	easy goal	7	450	-0.012378999999999918
907	easy goal	7	500	-0.07506550000000001
907	easy goal	7	550	-0.09567766666666662
907	easy goal	7	600	-0.17358700000000007
907	easy goal	7	650	-0.14010349999999994
907	easy goal	7	700	-0.1320325
907	easy goal	7	750	-0.0700715
907	easy goal	7	800	0.03833133333333327
907	easy goal	7	850	NA
907	easy goal	7	900	NA
907	easy goal	7	950	NA
907	easy goal	7	1e3	-0.0901046666666665
907	easy goal	7	1050	0.05971983333333338
907	easy goal	7	1100	0.11494900000000012
907	easy goal	7	1150	0.1221288333333334
907	easy goal	8	-200	-0.017688124423963343
907	easy goal	8	-150	-0.003981672043011031
907	easy goal	8	-100	-0.004559505376344308
907	easy goal	8	-50	0.01347649462365578
907	easy goal	8	0	0.015700827956989016
907	easy goal	8	50	0.0630961612903224
907	easy goal	8	100	0.075270327956989
907	easy goal	8	150	-0.005102338709677652
907	easy goal	8	200	0.047917361290322445
907	easy goal	8	250	0.006767447004608026
907	easy goal	8	300	0.004075327956989024
907	easy goal	8	350	0.018251361290322343
907	easy goal	8	400	0.007204304147465265
907	easy goal	8	450	0.029458994623655716
907	easy goal	8	500	0.03668366129032238
907	easy goal	8	550	0.17505866129032244
907	easy goal	8	600	NA
907	easy goal	8	650	NA
907	easy goal	8	700	-0.11155783870967761
907	easy goal	8	750	0.2793816612903224
907	easy goal	8	800	0.361047327956989
907	easy goal	8	850	0.27553249462365575
907	easy goal	8	900	0.17219232795698902
907	easy goal	8	950	0.015368161290322332
907	easy goal	8	1e3	0.0014514946236556803
907	easy goal	8	1050	-0.012915005376344268
907	easy goal	8	1100	0.058275494623655666
907	easy goal	8	1150	0.036283994623655724
907	easy goal	9	-200	0.12537266666666658
907	easy goal	9	-150	0.05951483333333337
907	easy goal	9	-100	-0.061141166666666656
907	easy goal	9	-50	-0.08935566666666668
907	easy goal	9	0	-0.041268800000000015
907	easy goal	9	50	NA
907	easy goal	9	100	NA
907	easy goal	9	150	NA
907	easy goal	9	200	-0.26575300000000013
907	easy goal	9	250	-0.016841666666666793
907	easy goal	9	300	0.018322999999999867
907	easy goal	9	350	0.005854166666666642
907	easy goal	9	400	-0.019099166666666667
907	easy goal	9	450	-0.03745383333333333
907	easy goal	9	500	0.006249499999999945
907	easy goal	9	550	-7.615000000000075e-4
907	easy goal	9	600	-0.03446642857142861
907	easy goal	9	650	-0.0850168
907	easy goal	9	700	-0.041796500000000014
907	easy goal	9	750	-0.05248871428571432
907	easy goal	9	800	-0.018640000000000063
907	easy goal	9	850	-0.06642259999999993
907	easy goal	9	900	-0.06754985714285715
907	easy goal	9	950	-0.14316433333333337
907	easy goal	9	1e3	-0.1586700000000001
907	easy goal	9	1050	-0.19139699999999996
907	easy goal	9	1100	-0.2008553333333333
907	easy goal	9	1150	-0.18787716666666676
907	easy goal	10	-200	0.020878865546218556
907	easy goal	10	-150	-0.030864205882352797
907	easy goal	10	-100	0.009758294117647281
907	easy goal	10	-50	NA
907	easy goal	10	0	NA
907	easy goal	10	50	NA
907	easy goal	10	100	-0.1238433725490194
907	easy goal	10	150	0.03943562745098047
907	easy goal	10	200	0.01830129411764725
907	easy goal	10	250	-0.04394003921568612
907	easy goal	10	300	0.012612627450980574
907	easy goal	10	350	0.0018024607843138234
907	easy goal	10	400	0.018866460784313865
907	easy goal	10	450	-0.019628872549019388
907	easy goal	10	500	0.007429127450980566
907	easy goal	10	550	0.009681294117647251
907	easy goal	10	600	-3.123725490193537e-4
907	easy goal	10	650	-0.02450403921568604
907	easy goal	10	700	-0.044691205882352834
907	easy goal	10	750	-0.0468627058823529
907	easy goal	10	800	-0.06898803921568608
907	easy goal	10	850	-0.044135039215686143
907	easy goal	10	900	-0.10808670588235277
907	easy goal	10	950	-0.12744020588235286
907	easy goal	10	1e3	-0.12118470588235282
907	easy goal	10	1050	-0.11905687254901946
907	easy goal	10	1100	-0.10888520588235277
907	easy goal	10	1150	-0.10191470588235285
907	easy goal	11	-200	0.0714209170506914
907	easy goal	11	-150	-0.0026768924731182717
907	easy goal	11	-100	-0.012227392473118215
907	easy goal	11	-50	-0.0454507258064516
907	easy goal	11	0	-0.022969392473118317
907	easy goal	11	50	-0.004173892473118205
907	easy goal	11	100	0.042447440860215124
907	easy goal	11	150	NA
907	easy goal	11	200	NA
907	easy goal	11	250	-0.09040172580645134
907	easy goal	11	300	0.15031577419354844
907	easy goal	11	350	0.20357960752688178
907	easy goal	11	400	0.14623227419354845
907	easy goal	11	450	0.16958727419354847
907	easy goal	11	500	0.1636039408602151
907	easy goal	11	550	0.2182689408602152
907	easy goal	11	600	0.17856894086021521
907	easy goal	11	650	0.17752160752688181
907	easy goal	11	700	0.1713941075268818
907	easy goal	11	750	0.1690507741935484
907	easy goal	11	800	0.1697101075268818
907	easy goal	11	850	0.18141027419354847
907	easy goal	11	900	0.20043410752688176
907	easy goal	11	950	0.1773699408602151
907	easy goal	11	1e3	0.22720327419354847
907	easy goal	11	1050	NA
907	easy goal	11	1100	NA
907	easy goal	11	1150	NA
907	easy goal	12	-200	NA
907	easy goal	12	-150	-0.18029086956521756
907	easy goal	12	-100	-0.006207583850931834
907	easy goal	12	-50	0.07005046376811579
907	easy goal	12	0	0.0573856304347824
907	easy goal	12	50	0.059870797101449234
907	easy goal	12	100	0.048308797101449086
907	easy goal	12	150	0.08075113043478248
907	easy goal	12	200	0.03781696376811583
907	easy goal	12	250	-0.013697036231884155
907	easy goal	12	300	-0.05463736956521751
907	easy goal	12	350	-0.08665836956521744
907	easy goal	12	400	-0.10391970289855086
907	easy goal	12	450	-0.13531753623188422
907	easy goal	12	500	-0.13996970289855085
907	easy goal	12	550	-0.13425170289855073
907	easy goal	12	600	-0.13978903623188418
907	easy goal	12	650	-0.11424386956521755
907	easy goal	12	700	-0.11072686956521749
907	easy goal	12	750	-0.06113270289855081
907	easy goal	12	800	-0.043259536231884166
907	easy goal	12	850	-0.05041836956521754
907	easy goal	12	900	NA
907	easy goal	12	950	NA
907	easy goal	12	1e3	NA
907	easy goal	12	1050	-0.24074136956521763
907	easy goal	12	1100	0.0875399304347824
907	easy goal	12	1150	0.15464313043478248
907	easy goal	13	-200	-0.35567604545454534
907	easy goal	13	-150	-0.028385045454545565
907	easy goal	13	-100	-0.050572045454545446
907	easy goal	13	-50	0.056973954545454654
907	easy goal	13	0	0.04174995454545464
907	easy goal	13	50	0.02482262121212127
907	easy goal	13	100	-0.018503245454545424
907	easy goal	13	150	0.023227525974025935
907	easy goal	13	200	0.026923787878787946
907	easy goal	13	250	-0.051838712121212126
907	easy goal	13	300	-0.11058504545454546
907	easy goal	13	350	-0.12618087878787873
907	easy goal	13	400	-0.11204821212121215
907	easy goal	13	450	-0.1154810454545454
907	easy goal	13	500	-0.09520004545454534
907	easy goal	13	550	-0.09278637878787872
907	easy goal	13	600	-0.07401704545454546
907	easy goal	13	650	-0.11721037878787872
907	easy goal	13	700	-0.19517604545454548
907	easy goal	13	750	NA
907	easy goal	13	800	NA
907	easy goal	13	850	-0.3601593311688311
907	easy goal	13	900	-0.06902104545454546
907	easy goal	13	950	-0.07548637878787871
907	easy goal	13	1e3	-0.1434543787878788
907	easy goal	13	1050	-0.15446854545454544
907	easy goal	13	1100	-0.08843287878787875
907	easy goal	13	1150	-0.11373821212121227
907	easy goal	14	-200	0.045161766666666825
907	easy goal	14	-150	0.002313266666666832
907	easy goal	14	-100	-0.013564066666666616
907	easy goal	14	-50	-0.019973399999999808
907	easy goal	14	0	-0.013937566666666493
907	easy goal	14	50	0.00576710000000021
907	easy goal	14	100	0.03633343333333346
907	easy goal	14	150	0.06795476666666689
907	easy goal	14	200	0.11932843333333339
907	easy goal	14	250	0.16746693333333348
907	easy goal	14	300	0.18319160000000015
907	easy goal	14	350	0.1728099333333335
907	easy goal	14	400	0.1721551000000002
907	easy goal	14	450	0.19023376666666691
907	easy goal	14	500	0.1806389333333335
907	easy goal	14	550	0.23161226666666682
907	easy goal	14	600	0.3512829333333336
907	easy goal	14	650	NA
907	easy goal	14	700	NA
907	easy goal	14	750	NA
907	easy goal	14	800	NA
907	easy goal	14	850	0.37801543333333343
907	easy goal	14	900	0.36135513333333347
907	easy goal	14	950	0.2512994333333336
907	easy goal	14	1e3	NA
907	easy goal	14	1050	NA
907	easy goal	14	1100	NA
907	easy goal	14	1150	NA
907	easy goal	15	-200	NA
907	easy goal	15	-150	NA
907	easy goal	15	-100	NA
907	easy goal	15	-50	NA
907	easy goal	15	0	0
907	easy goal	15	50	0.04464033333333317
907	easy goal	15	100	-0.0021975000000002223
907	easy goal	15	150	-0.06471190000000009
907	easy goal	15	200	-0.04591716666666682
907	easy goal	15	250	-0.03620300000000013
907	easy goal	15	300	-0.09457183333333356
907	easy goal	15	350	-0.2224408333333335
907	easy goal	15	400	-0.24448183333333348
907	easy goal	15	450	-0.32492400000000016
907	easy goal	15	500	-0.3274740000000002
907	easy goal	15	550	-0.3493331666666668
907	easy goal	15	600	-0.3631106666666668
907	easy goal	15	650	-0.32282283333333345
907	easy goal	15	700	-0.28043466666666683
907	easy goal	15	750	-0.4525985000000001
907	easy goal	15	800	NA
907	easy goal	15	850	NA
907	easy goal	15	900	-0.6654965000000002
907	easy goal	15	950	-0.29364810000000013
907	easy goal	15	1e3	-0.16373000000000024
907	easy goal	15	1050	-0.15300178571428585
907	easy goal	15	1100	-0.12719516666666678
907	easy goal	15	1150	-0.06618083333333358
907	easy goal	16	-200	-0.048415064516129015
907	easy goal	16	-150	-0.02835606451612908
907	easy goal	16	-100	0.029785268817204297
907	easy goal	16	-50	0.024429935483870995
907	easy goal	16	0	0.03062510215053771
907	easy goal	16	50	-0.007167731182795715
907	easy goal	16	100	-0.031717897849462405
907	easy goal	16	150	0.011896435483870945
907	easy goal	16	200	0.11559810215053767
907	easy goal	16	250	0.13737976881720426
907	easy goal	16	300	0.14798476881720415
907	easy goal	16	350	0.18483960215053755
907	easy goal	16	400	0.21287193548387098
907	easy goal	16	450	0.23425043548387095
907	easy goal	16	500	0.30720610215053773
907	easy goal	16	550	0.23780610215053755
907	easy goal	16	600	0.18856693548387105
907	easy goal	16	650	NA
907	easy goal	16	700	-0.30360406451612887
907	easy goal	16	750	0.08174793548387105
907	easy goal	16	800	0.3118031021505377
907	easy goal	16	850	0.32439310215053757
907	easy goal	16	900	0.314669435483871
907	easy goal	16	950	0.31940543548387096
907	easy goal	16	1e3	0.2093609354838708
907	easy goal	16	1050	NA
907	easy goal	16	1100	NA
907	easy goal	16	1150	NA
907	easy goal	17	-200	0.008665566666666772
907	easy goal	17	-150	-0.01875776666666651
907	easy goal	17	-100	0.0028535666666668438
907	easy goal	17	-50	0.0022710666666667656
907	easy goal	17	0	0.0049675666666667935
907	easy goal	17	50	NA
907	easy goal	17	100	NA
907	easy goal	17	150	NA
907	easy goal	17	200	NA
907	easy goal	17	250	0.031576650000000206
907	easy goal	17	300	0.1834727333333334
907	easy goal	17	350	0.11245097142857162
907	easy goal	17	400	0.08415920000000021
907	easy goal	17	450	0.06310940000000016
907	easy goal	17	500	0.11653656666666683
907	easy goal	17	550	0.11362706666666678
907	easy goal	17	600	0.08716523333333363
907	easy goal	17	650	0.05066423333333351
907	easy goal	17	700	0.029827733333333512
907	easy goal	17	750	0.027918400000000194
907	easy goal	17	800	0.02775890000000018
907	easy goal	17	850	0.031040900000000187
907	easy goal	17	900	0.04029623333333351
907	easy goal	17	950	-0.0063887666666664344
907	easy goal	17	1e3	0.0067892333333334776
907	easy goal	17	1050	-0.031502933333333205
907	easy goal	17	1100	-0.0047364333333331414
907	easy goal	17	1150	-0.06207359999999973
907	easy goal	18	-200	-0.010152718894009307
907	easy goal	18	-150	-0.01725829032258071
907	easy goal	18	-100	-0.0066834569892472535
907	easy goal	18	-50	0.021098543010752497
907	easy goal	18	0	0.014688043010752624
907	easy goal	18	50	0.05147587634408598
907	easy goal	18	100	0.07398220967741935
907	easy goal	18	150	0.07261970967741933
907	easy goal	18	200	0.07400620967741937
907	easy goal	18	250	0.07093404301075264
907	easy goal	18	300	0.07388520967741925
907	easy goal	18	350	0.07212687634408595
907	easy goal	18	400	0.06782887634408581
907	easy goal	18	450	0.09295204301075266
907	easy goal	18	500	0.07928537634408601
907	easy goal	18	550	0.10108104301075264
907	easy goal	18	600	0.11727804301075266
907	easy goal	18	650	0.13110920967741943
907	easy goal	18	700	0.13984820967741926
907	easy goal	18	750	0.16083270967741944
907	easy goal	18	800	NA
907	easy goal	18	850	NA
907	easy goal	18	900	0.08036370967741935
907	easy goal	18	950	0.15987354301075266
907	easy goal	18	1e3	0.08091020967741931
907	easy goal	18	1050	0.0904163763440861
907	easy goal	18	1100	0.10421054301075265
907	easy goal	18	1150	0.15107904301075262
907	easy goal	19	-200	0.018466840659340837
907	easy goal	19	-150	0.06525560256410268
907	easy goal	19	-100	-0.002354064102563965
907	easy goal	19	-50	-0.0425352307692306
907	easy goal	19	0	-0.2514657307692305
907	easy goal	19	50	NA
907	easy goal	19	100	NA
907	easy goal	19	150	NA
907	easy goal	19	200	NA
907	easy goal	19	250	-0.21483723076923078
907	easy goal	19	300	-0.14262106410256395
907	easy goal	19	350	-0.09855239743589735
907	easy goal	19	400	-0.028751064102564044
907	easy goal	19	450	0.005743769230769284
907	easy goal	19	500	-0.01608739743589734
907	easy goal	19	550	-0.04575056410256403
907	easy goal	19	600	-0.01911206410256409
907	easy goal	19	650	-0.04729806410256391
907	easy goal	19	700	-0.07423589743589736
907	easy goal	19	750	-0.13730656410256406
907	easy goal	19	800	-0.12226006410256403
907	easy goal	19	850	-0.14296939743589734
907	easy goal	19	900	-0.14218073076923066
907	easy goal	19	950	-0.14180823076923063
907	easy goal	19	1e3	-0.13909539743589736
907	easy goal	19	1050	-0.13955573076923064
907	easy goal	19	1100	-0.1664838974358974
907	easy goal	19	1150	-0.152653564102564
907	easy goal	20	-200	0.01964207453416154
907	easy goal	20	-150	-0.0019657826086955468
907	easy goal	20	-100	-0.022416949275362235
907	easy goal	20	-50	0.002200467391304417
907	easy goal	20	0	NA
907	easy goal	20	50	NA
907	easy goal	20	100	NA
907	easy goal	20	150	-0.008909032608695577
907	easy goal	20	200	0.28541021739130445
907	easy goal	20	250	0.3797125507246377
907	easy goal	20	300	0.4025727173913045
907	easy goal	20	350	0.3988595507246378
907	easy goal	20	400	0.36074805072463767
907	easy goal	20	450	0.3575415507246378
907	easy goal	20	500	0.29127305072463777
907	easy goal	20	550	0.21304038405797118
907	easy goal	20	600	0.21812088405797114
907	easy goal	20	650	0.18962271739130446
907	easy goal	20	700	0.20530488405797112
907	easy goal	20	750	0.2092533840579712
907	easy goal	20	800	0.1971977173913045
907	easy goal	20	850	0.18489305072463771
907	easy goal	20	900	0.16722055072463782
907	easy goal	20	950	0.19352188405797102
907	easy goal	20	1e3	NA
907	easy goal	20	1050	NA
907	easy goal	20	1100	NA
907	easy goal	20	1150	-0.36491478260869536
907	easy goal	21	-200	0.03467338709677392
907	easy goal	21	-150	-0.001341946236559292
907	easy goal	21	-100	-0.007132279569892486
907	easy goal	21	-50	-0.007061612903225933
907	easy goal	21	0	-0.02491644623655927
907	easy goal	21	50	-0.05108444623655931
907	easy goal	21	100	-0.033897612903226015
907	easy goal	21	150	-0.048855612903225897
907	easy goal	21	200	-0.0313547795698926
907	easy goal	21	250	-0.05379811290322589
907	easy goal	21	300	-0.006598779569892595
907	easy goal	21	350	-0.00945344623655934
907	easy goal	21	400	0.04452972043010731
907	easy goal	21	450	0.060034720430107415
907	easy goal	21	500	0.0709960537634408
907	easy goal	21	550	0.0928188870967741
907	easy goal	21	600	0.10179005376344079
907	easy goal	21	650	NA
907	easy goal	21	700	NA
907	easy goal	21	750	NA
907	easy goal	21	800	-0.033552612903225976
907	easy goal	21	850	0.11602705376344076
907	easy goal	21	900	0.21070405376344073
907	easy goal	21	950	0.14676555376344078
907	easy goal	21	1e3	0.1281157204301074
907	easy goal	21	1050	0.18274488709677406
907	easy goal	21	1100	0.14147222043010746
907	easy goal	21	1150	0.11003905376344074
907	easy goal	22	-200	0.011653317972350459
907	easy goal	22	-150	0.0049846989247314495
907	easy goal	22	-100	0.02015986559139808
907	easy goal	22	-50	-0.0077843010752686554
907	easy goal	22	0	-0.03095580107526863
907	easy goal	22	50	-0.08703546774193531
907	easy goal	22	100	-0.06739916774193536
907	easy goal	22	150	NA
907	easy goal	22	200	NA
907	easy goal	22	250	NA
907	easy goal	22	300	-0.0920817177419353
907	easy goal	22	350	0.05785153225806461
907	easy goal	22	400	-0.021893801075268653
907	easy goal	22	450	0.03288736559139808
907	easy goal	22	500	0.08324186559139801
907	easy goal	22	550	0.16766869892473144
907	easy goal	22	600	0.18803236559139794
907	easy goal	22	650	0.1934160322580647
907	easy goal	22	700	0.168856865591398
907	easy goal	22	750	0.12736236559139802
907	easy goal	22	800	0.0836921989247313
907	easy goal	22	850	0.01467119892473138
907	easy goal	22	900	-0.07946646774193537
907	easy goal	22	950	-0.11205663440860203
907	easy goal	22	1e3	-0.16612163440860198
907	easy goal	22	1050	-0.15206146774193532
907	easy goal	22	1100	-0.14039963440860195
907	easy goal	22	1150	-0.13469463440860197
907	easy goal	23	-200	NA
907	easy goal	23	-150	NA
907	easy goal	23	-100	-0.17122957142857143
907	easy goal	23	-50	-0.01882123809523817
907	easy goal	23	0	0.07589776190476176
907	easy goal	23	50	0.07225676190476182
907	easy goal	23	100	0.13866809523809528
907	easy goal	23	150	0.16254526190476182
907	easy goal	23	200	0.17494776190476183
907	easy goal	23	250	0.12257326190476185
907	easy goal	23	300	0.08436076190476187
907	easy goal	23	350	0.023146928571428454
907	easy goal	23	400	-0.006719071428571495
907	easy goal	23	450	-0.05112823809523818
907	easy goal	23	500	0.030728095238095204
907	easy goal	23	550	0.05110076190476187
907	easy goal	23	600	0.011685761904761819
907	easy goal	23	650	0.082209595238095165
907	easy goal	23	700	0.08354942857142844
907	easy goal	23	750	0.10540892857142851
907	easy goal	23	800	NA
907	easy goal	23	850	NA
907	easy goal	23	900	NA
907	easy goal	23	950	0.07020326190476174
907	easy goal	23	1e3	0.1905509285714284
907	easy goal	23	1050	0.21489909523809514
907	easy goal	23	1100	0.21457909523809512
907	easy goal	23	1150	0.16967992857142847
907	easy goal	24	-200	0.026976088235294
907	easy goal	24	-150	-0.0018438403361345581
907	easy goal	24	-100	-0.03723741176470596
907	easy goal	24	-50	NA
907	easy goal	24	0	NA
907	easy goal	24	50	NA
907	easy goal	24	100	-0.2531154117647061
907	easy goal	24	150	-0.07736301176470599
907	easy goal	24	200	0.005857754901960721
907	easy goal	24	250	0.024864421568627337
907	easy goal	24	300	0.044344754901960735
907	easy goal	24	350	0.07437675490196065
907	easy goal	24	400	0.02423758823529402
907	easy goal	24	450	-0.010623745098039242
907	easy goal	24	500	0.0014547549019607124
907	easy goal	24	550	0.01396008823529408
907	easy goal	24	600	-0.02612041176470588
907	easy goal	24	650	-0.027237245098039226
907	easy goal	24	700	-0.06180607843137268
907	easy goal	24	750	-0.042514411764705974
907	easy goal	24	800	-0.045345745098039236
907	easy goal	24	850	-0.020824078431372833
907	easy goal	24	900	NA
907	easy goal	24	950	NA
907	easy goal	24	1e3	NA
907	easy goal	24	1050	-0.3210234117647059
907	easy goal	24	1100	-0.08624291176470596
907	easy goal	24	1150	-0.02671857843137267
907	easy goal	25	-200	0.04922029999999992
907	easy goal	25	-150	0.09614713333333309
907	easy goal	25	-100	0.08036779999999988
907	easy goal	25	-50	-0.05594870000000015
907	easy goal	25	0	-0.1697865333333334
907	easy goal	25	50	-0.21869415238095247
907	easy goal	25	100	-0.24968086666666672
907	easy goal	25	150	-0.3309335809523811
907	easy goal	25	200	-0.35014203333333344
907	easy goal	25	250	-0.37386036666666683
907	easy goal	25	300	-0.3956763666666669
907	easy goal	25	350	-0.4439440333333335
907	easy goal	25	400	-0.39647070000000006
907	easy goal	25	450	-0.3596125333333335
907	easy goal	25	500	-0.3951584666666668
907	easy goal	25	550	-0.3716217238095239
907	easy goal	25	600	-0.2554188666666668
907	easy goal	25	650	NA
907	easy goal	25	700	NA
907	easy goal	25	750	-0.4063798666666667
907	easy goal	25	800	-0.25034386666666686
907	easy goal	25	850	-0.22976403333333337
907	easy goal	25	900	-0.2421437000000001
907	easy goal	25	950	-0.2510743666666668
907	easy goal	25	1e3	-0.2831723666666668
907	easy goal	25	1050	-0.25198303333333344
907	easy goal	25	1100	-0.2539273666666668
907	easy goal	25	1150	-0.25831953333333346
907	easy goal	26	-200	-0.3728680740740742
907	easy goal	26	-150	0.0303789259259258
907	easy goal	26	-100	0.07192292592592582
907	easy goal	26	-50	0.11974925925925912
907	easy goal	26	0	0.16600642592592574
907	easy goal	26	50	0.09504875925925911
907	easy goal	26	100	0.08155109259259256
907	easy goal	26	150	0.07472092592592576
907	easy goal	26	200	0.02442875925925921
907	easy goal	26	250	-0.025248574074074142
907	easy goal	26	300	-0.032076407407407505
907	easy goal	26	350	-0.07525990740740747
907	easy goal	26	400	-0.09066993121693136
907	easy goal	26	450	-0.08355724074074093
907	easy goal	26	500	-0.06871524074074091
907	easy goal	26	550	-0.07052224074074087
907	easy goal	26	600	0.05153992592592571
907	easy goal	26	650	NA
907	easy goal	26	700	NA
907	easy goal	26	750	NA
907	easy goal	26	800	NA
907	easy goal	26	850	-0.09196135978835995
907	easy goal	26	900	0.03302242592592575
907	easy goal	26	950	0.0684734259259258
907	easy goal	26	1e3	0.08329959259259241
907	easy goal	26	1050	0.05941825925925907
907	easy goal	26	1100	-0.016314740740740758
907	easy goal	26	1150	-0.018984740740740785
907	easy goal	27	-200	0.03934832804232791
907	easy goal	27	-150	0.017373851851851734
907	easy goal	27	-100	-0.05186448148148163
907	easy goal	27	-50	-0.026374981481481614
907	easy goal	27	0	0.04487768518518509
907	easy goal	27	50	NA
907	easy goal	27	100	NA
907	easy goal	27	150	NA
907	easy goal	27	200	NA
907	easy goal	27	250	-0.05806456481481492
907	easy goal	27	300	0.05356032804232796
907	easy goal	27	350	0.13007585185185175
907	easy goal	27	400	0.18806668518518502
907	easy goal	27	450	0.22859468518518508
907	easy goal	27	500	0.21940985185185177
907	easy goal	27	550	0.13905601851851834
907	easy goal	27	600	0.041047351851851786
907	easy goal	27	650	-0.06297014814814823
907	easy goal	27	700	-0.060436648148148274
907	easy goal	27	750	-0.09983314814814825
907	easy goal	27	800	-0.04976181481481499
907	easy goal	27	850	NA
907	easy goal	27	900	NA
907	easy goal	27	950	NA
907	easy goal	27	1e3	NA
907	easy goal	27	1050	NA
907	easy goal	27	1100	NA
907	easy goal	27	1150	NA
907	easy goal	28	-200	NA
907	easy goal	28	-150	NA
907	easy goal	28	-100	-0.2088440714285713
907	easy goal	28	-50	0.042507928571428634
907	easy goal	28	0	0.02710676190476195
907	easy goal	28	50	0.001798928571428604
907	easy goal	28	100	0.010695595238095231
907	easy goal	28	150	0.04580542857142852
907	easy goal	28	200	0.0163839285714286
907	easy goal	28	250	0.0305477619047619
907	easy goal	28	300	-0.018656404761904666
907	easy goal	28	350	-0.0899320714285714
907	easy goal	28	400	-0.11237173809523804
907	easy goal	28	450	-0.14544673809523814
907	easy goal	28	500	-0.13909407142857141
907	easy goal	28	550	-0.1088414047619047
907	easy goal	28	600	-0.1275052380952381
907	easy goal	28	650	-0.0814174047619048
907	easy goal	28	700	-0.10673090476190472
907	easy goal	28	750	-0.079359738095238
907	easy goal	28	800	NA
907	easy goal	28	850	NA
907	easy goal	28	900	NA
907	easy goal	28	950	NA
907	easy goal	28	1e3	-0.11180107142857154
907	easy goal	28	1050	0.04817792857142855
907	easy goal	28	1100	0.16833709523809529
907	easy goal	28	1150	0.24570942857142852
907	easy goal	29	-200	-0.052334466666666746
907	easy goal	29	-150	-0.06237596666666678
907	easy goal	29	-100	0.011772366666666553
907	easy goal	29	-50	0.04257036666666666
907	easy goal	29	0	0.06036769999999988
907	easy goal	29	50	0.03806469999999992
907	easy goal	29	100	0.047157033333333244
907	easy goal	29	150	-0.005896466666666693
907	easy goal	29	200	-0.037156466666666756
907	easy goal	29	250	-0.10474944285714294
907	easy goal	29	300	-0.1099311000000001
907	easy goal	29	350	-0.11049013333333339
907	easy goal	29	400	-0.10471663333333343
907	easy goal	29	450	-0.12309813333333341
907	easy goal	29	500	-0.14284430000000006
907	easy goal	29	550	-0.12314530000000008
907	easy goal	29	600	-0.041819800000000074
907	easy goal	29	650	NA
907	easy goal	29	700	NA
907	easy goal	29	750	-0.3306202999999999
907	easy goal	29	800	-0.01593263333333339
907	easy goal	29	850	-0.01900946666666677
907	easy goal	29	900	-0.12780880000000017
907	easy goal	29	950	-0.15825658571428583
907	easy goal	29	1e3	-0.10595870000000014
907	easy goal	29	1050	-0.14015530000000004
907	easy goal	29	1100	-0.16126396666666679
907	easy goal	29	1150	-0.21055613333333345
907	easy goal	30	-200	-0.016509708333333577
907	easy goal	30	-150	NA
907	easy goal	30	-100	NA
907	easy goal	30	-50	-0.1387883750000003
907	easy goal	30	0	0.04707937499999992
907	easy goal	30	50	0.03598862499999981
907	easy goal	30	100	0.012472958333333098
907	easy goal	30	150	0.029110458333333256
907	easy goal	30	200	0.08360895833333311
907	easy goal	30	250	0.11198979166666649
907	easy goal	30	300	0.1314862916666666
907	easy goal	30	350	0.12442512499999991
907	easy goal	30	400	0.09945179166666655
907	easy goal	30	450	0.13292829166666661
907	easy goal	30	500	0.12137295833333317
907	easy goal	30	550	0.10416845833333317
907	easy goal	30	600	0.11320629166666644
907	easy goal	30	650	0.14227545833333313
907	easy goal	30	700	0.15627412499999985
907	easy goal	30	750	0.19328829166666658
907	easy goal	30	800	NA
907	easy goal	30	850	NA
907	easy goal	30	900	NA
907	easy goal	30	950	-0.10972312500000014
907	easy goal	30	1e3	0.21946945833333306
907	easy goal	30	1050	0.3150646249999998
907	easy goal	30	1100	0.34294762499999987
907	easy goal	30	1150	0.3078431249999998
907	easy goal	31	-200	NA
907	easy goal	31	-150	-0.32451642857142876
907	easy goal	31	-100	0.05372338095238088
907	easy goal	31	-50	0.08404240476190476
907	easy goal	31	0	0.018646238095238042
907	easy goal	31	50	0.004867904761904611
907	easy goal	31	100	0.08417740476190468
907	easy goal	31	150	0.07538940476190481
907	easy goal	31	200	0.047915571428571425
907	easy goal	31	250	-0.008279261904761878
907	easy goal	31	300	-0.06991642857142866
907	easy goal	31	350	-0.07439942857142852
907	easy goal	31	400	-0.09511376190476195
907	easy goal	31	450	-0.10000559523809531
907	easy goal	31	500	-0.0806512619047619
907	easy goal	31	550	-0.09287392857142862
907	easy goal	31	600	-0.08013676190476193
907	easy goal	31	650	0.046447738095237945
907	easy goal	31	700	NA
907	easy goal	31	750	NA
907	easy goal	31	800	-0.3737027619047619
907	easy goal	31	850	-0.13167359523809527
907	easy goal	31	900	-0.09134259523809522
907	easy goal	31	950	-0.06982442857142868
907	easy goal	31	1e3	-0.1325402619047619
907	easy goal	31	1050	-0.06418142857142868
907	easy goal	31	1100	NA
907	easy goal	31	1150	NA
907	easy goal	32	-200	-0.20996020689655168
907	easy goal	32	-150	-0.03007654022988489
907	easy goal	32	-100	0.05832712643678173
907	easy goal	32	-50	0.08271395977011504
907	easy goal	32	0	0.06400229310344845
907	easy goal	32	50	0.07388129310344833
907	easy goal	32	100	0.025833793103448244
907	easy goal	32	150	NA
907	easy goal	32	200	NA
907	easy goal	32	250	NA
907	easy goal	32	300	-0.032373206896551765
907	easy goal	32	350	0.04682112643678179
907	easy goal	32	400	-0.01813154022988502
907	easy goal	32	450	-0.05332070689655163
907	easy goal	32	500	-0.09141137356321827
907	easy goal	32	550	-0.031915873563218344
907	easy goal	32	600	-0.04009570689655151
907	easy goal	32	650	-0.059993540229884866
907	easy goal	32	700	0.013164959770115114
907	easy goal	32	750	-0.014490206896551486
907	easy goal	32	800	-0.035411040229884914
907	easy goal	32	850	-0.0033912068965515907
907	easy goal	32	900	NA
907	easy goal	32	950	NA
907	easy goal	32	1e3	NA
907	easy goal	32	1050	NA
907	easy goal	32	1100	-0.3654067068965515
907	easy goal	32	1150	-0.16199440689655162
907	easy goal	33	-200	1.7763568394002506e-16
907	easy goal	33	-150	NA
907	easy goal	33	-100	NA
907	easy goal	33	-50	NA
907	easy goal	33	0	NA
907	easy goal	33	50	0.10720753333333362
907	easy goal	33	100	0.2402233666666668
907	easy goal	33	150	0.21360503333333347
907	easy goal	33	200	0.10885420000000019
907	easy goal	33	250	0.1350182000000002
907	easy goal	33	300	0.09565853333333352
907	easy goal	33	350	0.10414570000000012
907	easy goal	33	400	0.11991386666666697
907	easy goal	33	450	0.10550086666666696
907	easy goal	33	500	0.06745986666666681
907	easy goal	33	550	0.046062700000000234
907	easy goal	33	600	0.02603970000000026
907	easy goal	33	650	0.024587700000000174
907	easy goal	33	700	0.06284420000000024
907	easy goal	33	750	NA
907	easy goal	33	800	NA
907	easy goal	33	850	NA
907	easy goal	33	900	-0.3259597999999999
907	easy goal	33	950	0.11619420000000018
907	easy goal	33	1e3	0.013665533333333535
907	easy goal	33	1050	0.042599366666666784
907	easy goal	33	1100	0.04637136666666689
907	easy goal	33	1150	0.07120236666666695
907	easy goal	34	-200	0.08172909999999993
907	easy goal	34	-150	0.019270433333333337
907	easy goal	34	-100	-0.027933566666666687
907	easy goal	34	-50	-0.04219073333333334
907	easy goal	34	0	-0.030875233333333307
907	easy goal	34	50	-0.061000900000000025
907	easy goal	34	100	-0.07957123333333338
907	easy goal	34	150	-0.05673423333333331
907	easy goal	34	200	-0.046273900000000014
907	easy goal	34	250	-0.021049233333333344
907	easy goal	34	300	0.016064099999999987
907	easy goal	34	350	0.12194326666666659
907	easy goal	34	400	0.07652209999999997
907	easy goal	34	450	0.10212559999999993
907	easy goal	34	500	0.13419109999999987
907	easy goal	34	550	NA
907	easy goal	34	600	NA
907	easy goal	34	650	NA
907	easy goal	34	700	-0.27419306666666676
907	easy goal	34	750	0.10595726666666667
907	easy goal	34	800	0.0749121
907	easy goal	34	850	-0.00129356666666669
907	easy goal	34	900	-0.015978733333333366
907	easy goal	34	950	-0.010017280952380985
907	easy goal	34	1e3	-0.030412366666666645
907	easy goal	34	1050	-0.05349399523809525
907	easy goal	34	1100	-0.10973656666666669
907	easy goal	34	1150	-0.11658040000000007
907	easy goal	35	-200	-0.07756510599078352
907	easy goal	35	-150	-0.024405177419355068
907	easy goal	35	-100	-0.01418034408602161
907	easy goal	35	-50	0.0422358225806451
907	easy goal	35	0	0.08684232258064502
907	easy goal	35	50	0.11849882258064508
907	easy goal	35	100	0.17173898924731165
907	easy goal	35	150	0.17398148924731172
907	easy goal	35	200	0.1847371559139784
907	easy goal	35	250	0.18680515591397842
907	easy goal	35	300	0.1669586559139784
907	easy goal	35	350	0.1768338225806451
907	easy goal	35	400	0.17474382258064494
907	easy goal	35	450	0.17475432258064494
907	easy goal	35	500	0.16564007258064495
907	easy goal	35	550	NA
907	easy goal	35	600	NA
907	easy goal	35	650	-0.4585826774193551
907	easy goal	35	700	0.03612132258064502
907	easy goal	35	750	0.23285515591397835
907	easy goal	35	800	0.26384432258064505
907	easy goal	35	850	0.255343322580645
907	easy goal	35	900	0.2425359892473117
907	easy goal	35	950	0.2835781559139783
907	easy goal	35	1e3	0.315272822580645
907	easy goal	35	1050	0.30162648924731167
907	easy goal	35	1100	0.23199282258064513
907	easy goal	35	1150	NA
907	easy goal	36	-200	NA
907	easy goal	36	-150	-0.5957756666666667
907	easy goal	36	-100	-0.03440691666666673
907	easy goal	36	-50	0.11715516666666674
907	easy goal	36	0	0.10437466666666666
907	easy goal	36	50	0.09315349999999996
907	easy goal	36	100	0.11500499999999995
907	easy goal	36	150	0.2282609999999999
907	easy goal	36	200	0.21595599999999995
907	easy goal	36	250	0.22676766666666662
907	easy goal	36	300	0.1427085
907	easy goal	36	350	0.1535306666666667
907	easy goal	36	400	0.1473885
907	easy goal	36	450	0.1648793333333333
907	easy goal	36	500	0.1307291666666667
907	easy goal	36	550	0.10744599999999986
907	easy goal	36	600	0.1628273333333333
907	easy goal	36	650	0.1876538333333333
907	easy goal	36	700	0.19150600000000004
907	easy goal	36	750	0.12827408333333323
907	easy goal	36	800	NA
907	easy goal	36	850	NA
907	easy goal	36	900	NA
907	easy goal	36	950	NA
907	easy goal	36	1e3	0.15154233333333322
907	easy goal	36	1050	0.15657733333333324
907	easy goal	36	1100	0.1242044999999999
907	easy goal	36	1150	0.09241866666666665
907	easy goal	37	-200	0.20219433809523807
907	easy goal	37	-150	-0.021748633333333257
907	easy goal	37	-100	-0.07868156666666655
907	easy goal	37	-50	-0.07658506666666647
907	easy goal	37	0	-0.06250289999999999
907	easy goal	37	50	-0.12787939999999987
907	easy goal	37	100	-0.2121703999999999
907	easy goal	37	150	-0.28138137619047604
907	easy goal	37	200	-0.3184058333333333
907	easy goal	37	250	-0.34741889999999986
907	easy goal	37	300	-0.39226673333333323
907	easy goal	37	350	-0.3658487333333333
907	easy goal	37	400	-0.35788273333333326
907	easy goal	37	450	-0.3443647333333333
907	easy goal	37	500	-0.3122642333333332
907	easy goal	37	550	-0.3076190666666665
907	easy goal	37	600	-0.24634089999999995
907	easy goal	37	650	-0.5633202333333331
907	easy goal	37	700	NA
907	easy goal	37	750	NA
907	easy goal	37	800	-0.9646292333333331
907	easy goal	37	850	-0.5892807333333333
907	easy goal	37	900	-0.5180543761904761
907	easy goal	37	950	-0.2556016333333333
907	easy goal	37	1e3	-0.26757023333333324
907	easy goal	37	1050	-0.2815159
907	easy goal	37	1100	-0.3140795666666665
907	easy goal	37	1150	-0.2836032333333332
907	easy goal	38	-200	-0.02920074193548383
907	easy goal	38	-150	-0.010174027649769522
907	easy goal	38	-100	0.06658365806451627
907	easy goal	38	-50	0.0506864247311829
907	easy goal	38	0	-0.05580202764976949
907	easy goal	38	50	-0.20460590860215042
907	easy goal	38	100	-0.27443654193548384
907	easy goal	38	150	-0.3755375990783409
907	easy goal	38	200	-0.42581257526881716
907	easy goal	38	250	-0.4841617419354837
907	easy goal	38	300	-0.5332569086021505
907	easy goal	38	350	-0.5523632419354837
907	easy goal	38	400	-0.5599282419354839
907	easy goal	38	450	-0.5293690752688172
907	easy goal	38	500	-0.5198052419354838
907	easy goal	38	550	-0.4897199086021504
907	easy goal	38	600	-0.4719729086021504
907	easy goal	38	650	-0.46379207526881716
907	easy goal	38	700	-0.4158443419354838
907	easy goal	38	750	NA
907	easy goal	38	800	NA
907	easy goal	38	850	NA
907	easy goal	38	900	-0.5753947419354838
907	easy goal	38	950	-0.28382190860215045
907	easy goal	38	1e3	-0.3087647419354838
907	easy goal	38	1050	-0.2974202419354837
907	easy goal	38	1100	-0.3129602419354838
907	easy goal	38	1150	-0.2666682419354838
907	easy goal	39	-200	-0.040776285714285834
907	easy goal	39	-150	-0.017984000000000073
907	easy goal	39	-100	0.013066166666666565
907	easy goal	39	-50	0.030588166666666677
907	easy goal	39	0	0.02190199999999994
907	easy goal	39	50	0.025001999999999858
907	easy goal	39	100	NA
907	easy goal	39	150	NA
907	easy goal	39	200	-0.5074620000000003
907	easy goal	39	250	-0.1750008333333334
907	easy goal	39	300	0.13590466666666656
907	easy goal	39	350	0.24767116666666658
907	easy goal	39	400	0.26704033333333327
907	easy goal	39	450	0.23057399999999983
907	easy goal	39	500	0.22411150000000002
907	easy goal	39	550	0.25003749999999986
907	easy goal	39	600	0.2074585
907	easy goal	39	650	0.20742649999999987
907	easy goal	39	700	0.21960849999999987
907	easy goal	39	750	0.11913133333333326
907	easy goal	39	800	0.06898499999999985
907	easy goal	39	850	NA
907	easy goal	39	900	NA
907	easy goal	39	950	NA
907	easy goal	39	1e3	-0.09164800000000017
907	easy goal	39	1050	0.11389599999999991
907	easy goal	39	1100	0.16451683333333325
907	easy goal	39	1150	0.1627988333333333
907	easy goal	40	-200	NA
907	easy goal	40	-150	NA
907	easy goal	40	-100	NA
907	easy goal	40	-50	-0.3179590714285714
907	easy goal	40	0	0.12718362857142873
907	easy goal	40	50	0.6197277142857144
907	easy goal	40	100	0.5033144285714286
907	easy goal	40	150	0.4987134285714287
907	easy goal	40	200	0.4362425952380953
907	easy goal	40	250	0.5416697619047619
907	easy goal	40	300	0.490542761904762
907	easy goal	40	350	0.6233862285714287
907	easy goal	40	400	0.5474450952380953
907	easy goal	40	450	0.1938294285714286
907	easy goal	40	500	0.4877304285714286
907	easy goal	40	550	0.33176526190476197
907	easy goal	40	600	0.3597507619047619
907	easy goal	40	650	0.4373780952380953
907	easy goal	40	700	NA
907	easy goal	40	750	NA
907	easy goal	40	800	NA
907	easy goal	40	850	NA
907	easy goal	40	900	0.4945899285714288
907	easy goal	40	950	0.7921850285714287
907	easy goal	40	1e3	0.6734480952380952
907	easy goal	40	1050	0.5096117619047619
907	easy goal	40	1100	0.5392492619047621
907	easy goal	40	1150	0.4937285952380952
907	easy goal	41	-200	0.02093091666666653
907	easy goal	41	-150	-0.02930328333333341
907	easy goal	41	-100	NA
907	easy goal	41	-50	NA
907	easy goal	41	0	NA
907	easy goal	41	50	NA
907	easy goal	41	100	-0.4348130833333337
907	easy goal	41	150	-0.17248568333333347
907	easy goal	41	200	-0.027280283333333523
907	easy goal	41	250	0.047950773809523665
907	easy goal	41	300	0.07501541666666656
907	easy goal	41	350	0.07443691666666645
907	easy goal	41	400	0.08286741666666646
907	easy goal	41	450	0.04513774999999979
907	easy goal	41	500	-0.09729441666666679
907	easy goal	41	550	-0.10378325000000006
907	easy goal	41	600	-0.12788525000000014
907	easy goal	41	650	-0.13062775000000015
907	easy goal	41	700	-0.13764541666666666
907	easy goal	41	750	-0.12452225000000028
907	easy goal	41	800	-0.11906025000000005
907	easy goal	41	850	-0.14595658333333353
907	easy goal	41	900	-0.17963475000000018
907	easy goal	41	950	-0.1463808333333334
907	easy goal	41	1e3	NA
907	easy goal	41	1050	NA
907	easy goal	41	1100	NA
907	easy goal	41	1150	NA
907	easy goal	42	-200	0.010450388888888792
907	easy goal	42	-150	-0.02090077777777773
907	easy goal	42	-100	NA
907	easy goal	42	-50	NA
907	easy goal	42	0	NA
907	easy goal	42	50	-0.6082314444444443
907	easy goal	42	100	-0.10091804444444445
907	easy goal	42	150	-0.05263061111111115
907	easy goal	42	200	0.19471205555555549
907	easy goal	42	250	0.20945038888888887
907	easy goal	42	300	0.26384088888888885
907	easy goal	42	350	0.2578152222222223
907	easy goal	42	400	0.2363085555555556
907	easy goal	42	450	0.2270255555555555
907	easy goal	42	500	0.14424805555555556
907	easy goal	42	550	0.12922238888888882
907	easy goal	42	600	0.11708605555555551
907	easy goal	42	650	0.14081222222222212
907	easy goal	42	700	0.14116372222222218
907	easy goal	42	750	0.15674955555555545
907	easy goal	42	800	0.17197972222222221
907	easy goal	42	850	0.17176222222222223
907	easy goal	42	900	0.17764155555555558
907	easy goal	42	950	NA
907	easy goal	42	1e3	NA
907	easy goal	42	1050	NA
907	easy goal	42	1100	NA
907	easy goal	42	1150	-0.24738144444444465
907	easy goal	43	-200	-0.28213877586206887
907	easy goal	43	-150	-0.033878275862068895
907	easy goal	43	-100	0.11436272413793103
907	easy goal	43	-50	0.11026692413793109
907	easy goal	43	0	0.10976522413793106
907	easy goal	43	50	0.11262472413793108
907	easy goal	43	100	0.0157651527093596
907	easy goal	43	150	-0.03160360919540217
907	easy goal	43	200	-0.05778294252873565
907	easy goal	43	250	-0.08598347586206882
907	easy goal	43	300	-0.09573899014778313
907	easy goal	43	350	-0.11400494252873557
907	easy goal	43	400	-0.12318710919540214
907	easy goal	43	450	-0.09213194252873554
907	easy goal	43	500	-0.07420960919540225
907	easy goal	43	550	-0.0637994425287356
907	easy goal	43	600	-0.0026114758620688684
907	easy goal	43	650	NA
907	easy goal	43	700	NA
907	easy goal	43	750	NA
907	easy goal	43	800	-0.6350239425287355
907	easy goal	43	850	-0.3575016091954022
907	easy goal	43	900	0.007000557471264379
907	easy goal	43	950	0.019606890804597727
907	easy goal	43	1e3	0.058202724137931115
907	easy goal	43	1050	0.10095839080459768
907	easy goal	43	1100	0.03065772413793122
907	easy goal	43	1150	NA
907	easy goal	44	-200	-0.04026728571428584
907	easy goal	44	-150	-0.08081320238095246
907	easy goal	44	-100	0.014082797619047552
907	easy goal	44	-50	0.033011630952380765
907	easy goal	44	0	0.06056363095238071
907	easy goal	44	50	0.051644964285714114
907	easy goal	44	100	0.022312464285714134
907	easy goal	44	150	-0.03242870238095256
907	easy goal	44	200	-0.09041103571428584
907	easy goal	44	250	-0.1065937023809526
907	easy goal	44	300	-0.14848803571428584
907	easy goal	44	350	-0.14711120238095257
907	easy goal	44	400	-0.16320303571428596
907	easy goal	44	450	-0.12879175000000018
907	easy goal	44	500	-0.1298380357142858
907	easy goal	44	550	-0.10524886904761921
907	easy goal	44	600	-0.07451486904761924
907	easy goal	44	650	-0.06996203571428587
907	easy goal	44	700	NA
907	easy goal	44	750	NA
907	easy goal	44	800	NA
907	easy goal	44	850	NA
907	easy goal	44	900	NA
907	easy goal	44	950	-0.0893317857142859
907	easy goal	44	1e3	-0.010680369047619228
907	easy goal	44	1050	0.028987464285714193
907	easy goal	44	1100	0.05792813095238084
907	easy goal	44	1150	0.08546096428571419
907	easy goal	45	-200	NA
907	easy goal	45	-150	NA
907	easy goal	45	-100	-0.13894206249999985
907	easy goal	45	-50	0.060125437500000135
907	easy goal	45	0	0.03250260416666687
907	easy goal	45	50	0.06565760416666684
907	easy goal	45	100	0.06898627083333353
907	easy goal	45	150	0.0767714375000003
907	easy goal	45	200	0.08514593750000017
907	easy goal	45	250	0.034415770833333546
907	easy goal	45	300	-0.003395062499999879
907	easy goal	45	350	-0.003222062499999826
907	easy goal	45	400	-0.002023395833333108
907	easy goal	45	450	-0.023245562499999872
907	easy goal	45	500	0.01575093750000008
907	easy goal	45	550	0.04730810416666683
907	easy goal	45	600	0.0623081041666668
907	easy goal	45	650	NA
907	easy goal	45	700	NA
907	easy goal	45	750	NA
907	easy goal	45	800	-0.15862606249999978
907	easy goal	45	850	0.14216210416666683
907	easy goal	45	900	0.16180410416666682
907	easy goal	45	950	0.1454476041666668
907	easy goal	45	1e3	0.10324443750000027
907	easy goal	45	1050	0.15243693750000017
907	easy goal	45	1100	0.12180827083333345
907	easy goal	45	1150	0.11688093750000024
907	easy goal	46	-200	NA
907	easy goal	46	-150	-0.24858610526315772
907	easy goal	46	-100	-0.05390627192982452
907	easy goal	46	-50	0.018995561403508887
907	easy goal	46	0	0.07634172807017554
907	easy goal	46	50	0.13346306140350875
907	easy goal	46	100	0.18016522807017546
907	easy goal	46	150	0.14677372807017544
907	easy goal	46	200	0.09762506140350873
907	easy goal	46	250	0.11983606140350878
907	easy goal	46	300	0.11195489473684206
907	easy goal	46	350	0.10608106140350881
907	easy goal	46	400	0.11259422807017556
907	easy goal	46	450	0.10723106140350887
907	easy goal	46	500	0.0839635614035088
907	easy goal	46	550	0.07077572807017551
907	easy goal	46	600	0.0609827280701755
907	easy goal	46	650	0.05368556140350892
907	easy goal	46	700	0.030538394736842056
907	easy goal	46	750	NA
907	easy goal	46	800	NA
907	easy goal	46	850	NA
907	easy goal	46	900	NA
907	easy goal	46	950	-0.11177060526315774
907	easy goal	46	1e3	-0.052438855263157835
907	easy goal	46	1050	-0.022055271929824594
907	easy goal	46	1100	0.027228394736842132
907	easy goal	46	1150	0.030002394736842113
907	easy goal	47	-200	NA
907	easy goal	47	-150	NA
907	easy goal	47	-100	NA
907	easy goal	47	-50	-0.4096535000000001
907	easy goal	47	0	0.20482674999999972
907	easy goal	47	50	0.24008266666666644
907	easy goal	47	100	0.09289266666666644
907	easy goal	47	150	0.13596216666666638
907	easy goal	47	200	0.2227823333333331
907	easy goal	47	250	0.19441666666666638
907	easy goal	47	300	0.14830616666666643
907	easy goal	47	350	0.03183766666666651
907	easy goal	47	400	-0.08591550000000019
907	easy goal	47	450	-0.1568966666666669
907	easy goal	47	500	-0.17442350000000015
907	easy goal	47	550	-0.18373066666666685
907	easy goal	47	600	-0.19247933333333359
907	easy goal	47	650	-0.1871263333333336
907	easy goal	47	700	-0.142254666666667
907	easy goal	47	750	-0.1595606666666669
907	easy goal	47	800	-0.07135500000000028
907	easy goal	47	850	-0.17192516666666688
907	easy goal	47	900	NA
907	easy goal	47	950	NA
907	easy goal	47	1e3	NA
907	easy goal	47	1050	NA
907	easy goal	47	1100	-1.1265875000000003
907	easy goal	47	1150	-0.05175810000000025
907	easy goal	48	-200	-0.07412588479262665
907	easy goal	48	-150	0.00877692473118293
907	easy goal	48	-100	-0.0015999086021503868
907	easy goal	48	-50	0.03523909139784953
907	easy goal	48	0	0.044064091397849614
907	easy goal	48	50	0.025930091397849592
907	easy goal	48	100	-0.007502575268817073
907	easy goal	48	150	-0.014009141935483704
907	easy goal	48	200	0.019143829493087745
907	easy goal	48	250	0.02345159139784962
907	easy goal	48	300	0.00881009139784957
907	easy goal	48	350	0.011054924731183005
907	easy goal	48	400	0.013529924731182863
907	easy goal	48	450	-0.004153908602150406
907	easy goal	48	500	-0.024684241935483686
907	easy goal	48	550	NA
907	easy goal	48	600	NA
907	easy goal	48	650	-0.35766524193548377
907	easy goal	48	700	0.004119758064516328
907	easy goal	48	750	0.190628424731183
907	easy goal	48	800	0.15757292473118287
907	easy goal	48	850	0.12991775806451625
907	easy goal	48	900	0.13068259139784963
907	easy goal	48	950	0.1513260913978495
907	easy goal	48	1e3	0.0827717580645162
907	easy goal	48	1050	0.052469091397849534
907	easy goal	48	1100	-0.027557575268817153
907	easy goal	48	1150	-0.033210741935483755
907	easy goal	49	-200	-0.09715196313364048
907	easy goal	49	-150	-0.029589010752688088
907	easy goal	49	-100	0.002996989247311843
907	easy goal	49	-50	0.05445332258064517
907	easy goal	49	0	0.08548265591397852
907	easy goal	49	50	0.14657965591397856
907	easy goal	49	100	0.14675565591397843
907	easy goal	49	150	0.18964932258064518
907	easy goal	49	200	0.23632032258064517
907	easy goal	49	250	0.23421515591397854
907	easy goal	49	300	0.26479648924731186
907	easy goal	49	350	0.31978365591397856
907	easy goal	49	400	0.30755148924731185
907	easy goal	49	450	0.2792844892473119
907	easy goal	49	500	0.24061982258064515
907	easy goal	49	550	0.31180932258064525
907	easy goal	49	600	0.2981137225806452
907	easy goal	49	650	NA
907	easy goal	49	700	NA
907	easy goal	49	750	0.03382332258064524
907	easy goal	49	800	0.37689198924731193
907	easy goal	49	850	0.35198498924731186
907	easy goal	49	900	0.25629515591397856
907	easy goal	49	950	0.20325298924731183
907	easy goal	49	1e3	0.2423524892473119
907	easy goal	49	1050	0.19698548924731188
907	easy goal	49	1100	0.2147653225806451
907	easy goal	49	1150	0.20566598924731191
907	easy goal	50	-200	NA
907	easy goal	50	-150	NA
907	easy goal	50	-100	-0.2531207619047621
907	easy goal	50	-50	0.10475297142857123
907	easy goal	50	0	0.03926623809523799
907	easy goal	50	50	0.12158707142857124
907	easy goal	50	100	0.16522340476190456
907	easy goal	50	150	0.21524040476190467
907	easy goal	50	200	0.19110173809523792
907	easy goal	50	250	0.14752490476190458
907	easy goal	50	300	0.08632873809523807
907	easy goal	50	350	0.030028738095238056
907	easy goal	50	400	-0.01941676190476212
907	easy goal	50	450	-0.017520761904762077
907	easy goal	50	500	-0.02249142857142868
907	easy goal	50	550	-0.05786209523809527
907	easy goal	50	600	0.026734404761904546
907	easy goal	50	650	0.03665107142857138
907	easy goal	50	700	NA
907	easy goal	50	750	NA
907	easy goal	50	800	NA
907	easy goal	50	850	-0.1696159285714287
907	easy goal	50	900	0.18229090476190465
907	easy goal	50	950	0.06878697142857133
907	easy goal	50	1e3	0.058706738095237965
907	easy goal	50	1050	0.08576740476190459
907	easy goal	50	1100	0.1038025714285713
907	easy goal	50	1150	0.1395344047619047
907	easy goal	51	-200	0.16421224999999984
907	easy goal	51	-150	NA
907	easy goal	51	-100	NA
907	easy goal	51	-50	NA
907	easy goal	51	0	-0.054737416666666906
907	easy goal	51	50	0.2109807499999999
907	easy goal	51	100	0.2822632499999998
907	easy goal	51	150	0.3673524166666664
907	easy goal	51	200	0.3674134166666663
907	easy goal	51	250	0.40687774999999976
907	easy goal	51	300	0.41992408333333314
907	easy goal	51	350	0.3337947499999998
907	easy goal	51	400	0.3483772499999998
907	easy goal	51	450	0.30150158333333316
907	easy goal	51	500	0.2999519166666664
907	easy goal	51	550	0.3329789166666665
907	easy goal	51	600	0.33658358333333305
907	easy goal	51	650	0.35317574999999984
907	easy goal	51	700	0.36712841666666646
907	easy goal	51	750	0.3663792499999999
907	easy goal	51	800	0.3552717499999997
907	easy goal	51	850	0.3512067499999998
907	easy goal	51	900	0.34763074999999977
907	easy goal	51	950	0.299117583333333
907	easy goal	51	1e3	NA
907	easy goal	51	1050	NA
907	easy goal	51	1100	-0.07259141666666687
907	easy goal	51	1150	0.31624541666666645
907	easy goal	52	-200	0.15247679999999986
907	easy goal	52	-150	0.06907479999999981
907	easy goal	52	-100	-0.011817700000000078
907	easy goal	52	-50	-0.07370036666666675
907	easy goal	52	0	-0.13603353333333343
907	easy goal	52	50	-0.13557553333333341
907	easy goal	52	100	-0.15497286666666676
907	easy goal	52	150	-0.1697170333333334
907	easy goal	52	200	-0.17428670000000013
907	easy goal	52	250	-0.17140820000000004
907	easy goal	52	300	-0.16338703333333346
907	easy goal	52	350	-0.1565752000000001
907	easy goal	52	400	-0.16707236666666678
907	easy goal	52	450	-0.14194136666666682
907	easy goal	52	500	-0.12585103333333345
907	easy goal	52	550	-0.11025920000000022
907	easy goal	52	600	-0.07177910476190487
907	easy goal	52	650	NA
907	easy goal	52	700	NA
907	easy goal	52	750	-0.43201328333333344
907	easy goal	52	800	-0.04075620000000021
907	easy goal	52	850	0.01652046666666642
907	easy goal	52	900	-0.01894396190476209
907	easy goal	52	950	-0.0021332000000001314
907	easy goal	52	1e3	0.017556133333333168
907	easy goal	52	1050	0.05054666666666661
907	easy goal	52	1100	0.09315675238095229
907	easy goal	52	1150	0.0854714666666665
907	easy goal	53	-200	0.2701086666666666
907	easy goal	53	-150	NA
907	easy goal	53	-100	NA
907	easy goal	53	-50	-0.4499296666666668
907	easy goal	53	0	-0.2341444666666667
907	easy goal	53	50	0.1704517619047618
907	easy goal	53	100	0.31103516666666664
907	easy goal	53	150	0.33754533333333336
907	easy goal	53	200	0.35329783333333337
907	easy goal	53	250	0.3225439333333332
907	easy goal	53	300	0.3135450476190475
907	easy goal	53	350	0.2557479333333334
907	easy goal	53	400	0.12099290476190472
907	easy goal	53	450	0.09324949999999999
907	easy goal	53	500	0.07051700000000001
907	easy goal	53	550	0.012076999999999968
907	easy goal	53	600	-0.0770824166666666
907	easy goal	53	650	NA
907	easy goal	53	700	NA
907	easy goal	53	750	NA
907	easy goal	53	800	-0.42667423809523813
907	easy goal	53	850	-0.1012026666666667
907	easy goal	53	900	-0.005159166666666677
907	easy goal	53	950	-0.03113633333333336
907	easy goal	53	1e3	-0.0683395
907	easy goal	53	1050	-0.07093316666666676
907	easy goal	53	1100	-0.01568999999999991
907	easy goal	53	1150	-0.05402566666666675
907	easy goal	54	-200	NA
907	easy goal	54	-150	-0.6114622777777776
907	easy goal	54	-100	-0.10666947777777765
907	easy goal	54	-50	0.03786522222222229
907	easy goal	54	0	0.15293638888888905
907	easy goal	54	50	0.1737347222222223
907	easy goal	54	100	0.18579922222222245
907	easy goal	54	150	0.18948872222222235
907	easy goal	54	200	0.13371888888888894
907	easy goal	54	250	0.0930437222222223
907	easy goal	54	300	0.13736255555555568
907	easy goal	54	350	0.12608505555555563
907	easy goal	54	400	0.07819838888888893
907	easy goal	54	450	0.0414805555555556
907	easy goal	54	500	0.04112605555555571
907	easy goal	54	550	0.025109555555555607
907	easy goal	54	600	0.047773222222222245
907	easy goal	54	650	0.022373722222222298
907	easy goal	54	700	NA
907	easy goal	54	750	NA
907	easy goal	54	800	NA
907	easy goal	54	850	-0.27823561111111106
907	easy goal	54	900	-0.002188777777777743
907	easy goal	54	950	-0.07727394444444442
907	easy goal	54	1e3	-0.025096111111110986
907	easy goal	54	1050	0.09320022222222235
907	easy goal	54	1100	0.17447488888888896
907	easy goal	54	1150	0.24649338888888894
907	easy goal	55	-200	0.0212096912442395
907	easy goal	55	-150	0.01101721505376337
907	easy goal	55	-100	-0.01035245161290336
907	easy goal	55	-50	-0.018238118279570115
907	easy goal	55	0	-0.007171284946236718
907	easy goal	55	50	0.007157548387096702
907	easy goal	55	100	-0.00326245161290332
907	easy goal	55	150	-0.02167461827957003
907	easy goal	55	200	-0.03334845161290345
907	easy goal	55	250	-0.12025895161290327
907	easy goal	55	300	-0.14008411827957
907	easy goal	55	350	-0.16715411827957008
907	easy goal	55	400	-0.17169795161290335
907	easy goal	55	450	-0.21733711827957003
907	easy goal	55	500	-0.17193695161290337
907	easy goal	55	550	-0.19180078494623665
907	easy goal	55	600	NA
907	easy goal	55	650	NA
907	easy goal	55	700	-0.5644584516129033
907	easy goal	55	750	-0.2596614516129034
907	easy goal	55	800	-0.10632045161290334
907	easy goal	55	850	-0.11615261827956995
907	easy goal	55	900	-0.14300145161290337
907	easy goal	55	950	-0.1429024516129033
907	easy goal	55	1e3	-0.11249628494623669
907	easy goal	55	1050	-0.12084078494623667
907	easy goal	55	1100	-0.11967378494623666
907	easy goal	55	1150	-0.18237345161290333
907	easy goal	56	-200	0.05699893087557622
907	easy goal	56	-150	0.013541311827957184
907	easy goal	56	-100	0.0026313118279571355
907	easy goal	56	-50	-0.03221985483870945
907	easy goal	56	0	-0.05045152150537624
907	easy goal	56	50	-0.07782618817204294
907	easy goal	56	100	-0.05423268817204289
907	easy goal	56	150	0.01593997849462392
907	easy goal	56	200	0.015993978494623695
907	easy goal	56	250	0.02460381182795716
907	easy goal	56	300	0.02101564516129047
907	easy goal	56	350	0.07217397849462381
907	easy goal	56	400	0.08843264516129039
907	easy goal	56	450	0.11607064516129051
907	easy goal	56	500	-0.0041935548387095345
907	easy goal	56	550	NA
907	easy goal	56	600	NA
907	easy goal	56	650	-0.24487835483870957
907	easy goal	56	700	0.09291681182795723
907	easy goal	56	750	0.12536147849462384
907	easy goal	56	800	0.08700447849462378
907	easy goal	56	850	0.04452281182795718
907	easy goal	56	900	0.06421281182795717
907	easy goal	56	950	0.05112014516129052
907	easy goal	56	1e3	0.033906645161290494
907	easy goal	56	1050	NA
907	easy goal	56	1100	NA
907	easy goal	56	1150	NA
907	easy goal	57	-200	0.025326470046082936
907	easy goal	57	-150	-0.022177887096774224
907	easy goal	57	-100	-0.01314688709677414
907	easy goal	57	-50	0.023427779569892504
907	easy goal	57	0	-0.017650553763440897
907	easy goal	57	50	0.014764946236559032
907	easy goal	57	100	0.01571761290322578
907	easy goal	57	150	-0.023168887096774265
907	easy goal	57	200	0.0044064462365591694
907	easy goal	57	250	-0.018057387096774253
907	easy goal	57	300	-0.010802387096774243
907	easy goal	57	350	0.016534946236559083
907	easy goal	57	400	0.03847911290322581
907	easy goal	57	450	0.06258527956989239
907	easy goal	57	500	0.12644794623655908
907	easy goal	57	550	0.13001121290322581
907	easy goal	57	600	NA
907	easy goal	57	650	NA
907	easy goal	57	700	NA
907	easy goal	57	750	NA
907	easy goal	57	800	NA
907	easy goal	57	850	NA
907	easy goal	57	900	NA
907	easy goal	57	950	NA
907	easy goal	57	1e3	NA
907	easy goal	57	1050	NA
907	easy goal	57	1100	NA
907	easy goal	57	1150	NA
907	easy goal	58	-200	-0.012061935483870976
907	easy goal	58	-150	-0.009948102150537652
907	easy goal	58	-100	-0.009036768817204463
907	easy goal	58	-50	0.020216231182795585
907	easy goal	58	0	0.01284089784946237
907	easy goal	58	50	0.0231823978494623
907	easy goal	58	100	0.07101039784946235
907	easy goal	58	150	0.024583897849462355
907	easy goal	58	200	0.020710897849462267
907	easy goal	58	250	0.05552973118279566
907	easy goal	58	300	0.10120656451612901
907	easy goal	58	350	0.06442689784946236
907	easy goal	58	400	0.11202189784946226
907	easy goal	58	450	0.13382589784946228
907	easy goal	58	500	0.15501006451612898
907	easy goal	58	550	NA
907	easy goal	58	600	NA
907	easy goal	58	650	-0.24700993548387107
907	easy goal	58	700	0.030793064516128954
907	easy goal	58	750	0.14838423118279565
907	easy goal	58	800	0.12467173118279555
907	easy goal	58	850	0.09165756451612898
907	easy goal	58	900	0.03692706451612896
907	easy goal	58	950	0.04377873118279566
907	easy goal	58	1e3	0.028502897849462288
907	easy goal	58	1050	0.033556064516129025
907	easy goal	58	1100	-0.0034441021505377347
907	easy goal	58	1150	-0.037070102150537666
907	easy goal	59	-200	0.02638157142857159
907	easy goal	59	-150	0.002386928571428637
907	easy goal	59	-100	-0.19899257142857119
907	easy goal	59	-50	NA
907	easy goal	59	0	NA
907	easy goal	59	50	-0.22640557142857132
907	easy goal	59	100	0.09119722857142865
907	easy goal	59	150	0.24104826190476203
907	easy goal	59	200	0.2524060952380954
907	easy goal	59	250	0.2253604285714288
907	easy goal	59	300	0.234657261904762
907	easy goal	59	350	0.2972559285714287
907	easy goal	59	400	0.3165317619047621
907	easy goal	59	450	0.34308626190476205
907	easy goal	59	500	0.29966209523809545
907	easy goal	59	550	0.3139317619047621
907	easy goal	59	600	0.3314379285714287
907	easy goal	59	650	0.2924452619047621
907	easy goal	59	700	0.35566109523809525
907	easy goal	59	750	0.28292162857142866
907	easy goal	59	800	NA
907	easy goal	59	850	NA
907	easy goal	59	900	NA
907	easy goal	59	950	-0.10891223809523802
907	easy goal	59	1e3	0.17210126190476194
907	easy goal	59	1050	0.24761759523809537
907	easy goal	59	1100	0.2168869285714287
907	easy goal	59	1150	0.2729845952380954
907	easy goal	60	-200	-0.021306576036866507
907	easy goal	60	-150	-0.02064495698924736
907	easy goal	60	-100	0.0064727096774192345
907	easy goal	60	-50	0.003547043010752556
907	easy goal	60	0	0.0354828763440859
907	easy goal	60	50	0.05476970967741942
907	easy goal	60	100	0.08727387634408597
907	easy goal	60	150	0.08096187634408596
907	easy goal	60	200	0.10279737634408599
907	easy goal	60	250	0.1623205430107526
907	easy goal	60	300	0.19963487634408597
907	easy goal	60	350	0.08530020967741936
907	easy goal	60	400	-0.3279039569892473
907	easy goal	60	450	0.14273870967741922
907	easy goal	60	500	0.13443454301075267
907	easy goal	60	550	0.16280587634408597
907	easy goal	60	600	0.1721062096774193
907	easy goal	60	650	0.14762404301075263
907	easy goal	60	700	0.19804870967741936
907	easy goal	60	750	0.0904557096774193
907	easy goal	60	800	0.08602187634408602
907	easy goal	60	850	0.01730604301075263
907	easy goal	60	900	6.590430107525543e-4
907	easy goal	60	950	-0.060259623655914085
907	easy goal	60	1e3	-0.10968862365591418
907	easy goal	60	1050	-0.06327429032258092
907	easy goal	60	1100	NA
907	easy goal	60	1150	NA
907	easy goal	61	-200	0.08553905990783386
907	easy goal	61	-150	0.04573077419354821
907	easy goal	61	-100	0.008699974193548154
907	easy goal	61	-50	-0.04788851152073751
907	easy goal	61	0	-0.09690639247311846
907	easy goal	61	50	-0.13165105913978511
907	easy goal	61	100	-0.1774468258064518
907	easy goal	61	150	-0.18654879723502318
907	easy goal	61	200	-0.20642572580645177
907	easy goal	61	250	-0.2055862258064518
907	easy goal	61	300	-0.19682905913978513
907	easy goal	61	350	-0.18954522580645183
907	easy goal	61	400	-0.15632072580645184
907	easy goal	61	450	-0.1295460591397851
907	easy goal	61	500	-0.11991039247311841
907	easy goal	61	550	-0.07092905913978509
907	easy goal	61	600	-0.05743897580645174
907	easy goal	61	650	NA
907	easy goal	61	700	NA
907	easy goal	61	750	-0.12669962580645172
907	easy goal	61	800	0.15495660752688156
907	easy goal	61	850	0.10394677419354825
907	easy goal	61	900	0.10341344086021491
907	easy goal	61	950	0.10653444086021491
907	easy goal	61	1e3	0.15936227419354818
907	easy goal	61	1050	0.18871294086021484
907	easy goal	61	1100	0.19719977419354828
907	easy goal	61	1150	NA
907	easy goal	62	-200	0.039139233333333134
907	easy goal	62	-150	0.02684173333333321
907	easy goal	62	-100	-0.007122314285714447
907	easy goal	62	-50	-0.03311200000000012
907	easy goal	62	0	-0.030078266666666797
907	easy goal	62	50	-0.02667193333333362
907	easy goal	62	100	-0.01918993333333348
907	easy goal	62	150	-0.037605100000000245
907	easy goal	62	200	-0.03791026666666686
907	easy goal	62	250	-0.05846110000000023
907	easy goal	62	300	-0.07098893333333349
907	easy goal	62	350	-0.05840626666666685
907	easy goal	62	400	-0.055211933333333484
907	easy goal	62	450	-0.06913360000000017
907	easy goal	62	500	-0.004405933333333427
907	easy goal	62	550	-0.01282610000000021
907	easy goal	62	600	0.03270599999999986
907	easy goal	62	650	NA
907	easy goal	62	700	NA
907	easy goal	62	750	NA
907	easy goal	62	800	-0.45836900000000025
907	easy goal	62	850	-0.12506126666666692
907	easy goal	62	900	0.02945611428571412
907	easy goal	62	950	0.043836399999999734
907	easy goal	62	1e3	0.07131139999999991
907	easy goal	62	1050	0.10938039999999982
907	easy goal	62	1100	0.12238573333333314
907	easy goal	62	1150	0.10061139999999973
907	easy goal	63	-200	-0.0036183850574711407
907	easy goal	63	-150	0.01021464827586227
907	easy goal	63	-100	-0.019859218390804328
907	easy goal	63	-50	0.039647614942528886
907	easy goal	63	0	-0.02468221839080457
907	easy goal	63	50	-0.10477588505747115
907	easy goal	63	100	-0.26883921839080455
907	easy goal	63	150	-0.21268321839080442
907	easy goal	63	200	-0.27749069458128073
907	easy goal	63	250	-0.3187541517241379
907	easy goal	63	300	-0.3024655517241377
907	easy goal	63	350	-0.3733024088669949
907	easy goal	63	400	-0.31291638505747105
907	easy goal	63	450	-0.45895355172413776
907	easy goal	63	500	-0.4366647517241378
907	easy goal	63	550	-0.46747298029556633
907	easy goal	63	600	-0.48386805172413777
907	easy goal	63	650	-0.49760055172413775
907	easy goal	63	700	NA
907	easy goal	63	750	NA
907	easy goal	63	800	NA
907	easy goal	63	850	-0.6645490517241379
907	easy goal	63	900	-0.5046045517241379
907	easy goal	63	950	-0.4192565517241378
907	easy goal	63	1e3	-0.41733855172413786
907	easy goal	63	1050	-0.4157730517241378
907	easy goal	63	1100	-0.39469188505747116
907	easy goal	63	1150	-0.3669583850574711
907	easy goal	64	-200	0.01859337327188948
907	easy goal	64	-150	0.0017818494623656662
907	easy goal	64	-100	-0.015363483870967679
907	easy goal	64	-50	-0.001810817204301059
907	easy goal	64	0	-0.006299817204301024
907	easy goal	64	50	-0.014149817204300938
907	easy goal	64	100	-0.004182983870967642
907	easy goal	64	150	0.001403682795699061
907	easy goal	64	200	0.015848682795698954
907	easy goal	64	250	0.031696182795699045
907	easy goal	64	300	-0.0036528172043010323
907	easy goal	64	350	0.00825334946236563
907	easy goal	64	400	0.052120516129032346
907	easy goal	64	450	0.0848808494623657
907	easy goal	64	500	0.07964134946236572
907	easy goal	64	550	0.10765968279569904
907	easy goal	64	600	0.1157600161290322
907	easy goal	64	650	NA
907	easy goal	64	700	NA
907	easy goal	64	750	NA
907	easy goal	64	800	NA
907	easy goal	64	850	-0.05168248387096763
907	easy goal	64	900	0.10927718279569894
907	easy goal	64	950	0.1406808494623657
907	easy goal	64	1e3	0.14688284946236566
907	easy goal	64	1050	0.1282435161290323
907	easy goal	64	1100	0.17839468279569903
907	easy goal	64	1150	0.1689471827956989
907	easy goal	65	-200	0.0028053179723503013
907	easy goal	65	-150	-0.008634134408602204
907	easy goal	65	-100	0.0027926989247311815
907	easy goal	65	-50	-0.0037329677419354703
907	easy goal	65	0	0.006301532258064402
907	easy goal	65	50	0.006936698924731107
907	easy goal	65	100	-0.002427301075268895
907	easy goal	65	150	-0.018023301075268765
907	easy goal	65	200	-0.04748746774193546
907	easy goal	65	250	-0.06655746774193545
907	easy goal	65	300	-0.09781546774193546
907	easy goal	65	350	-0.1208364677419355
907	easy goal	65	400	-0.14594230107526887
907	easy goal	65	450	-0.16973196774193555
907	easy goal	65	500	-0.18491896774193553
907	easy goal	65	550	-0.1786453010752688
907	easy goal	65	600	-0.16010630107526894
907	easy goal	65	650	-0.1286286344086022
907	easy goal	65	700	-0.14668756774193561
907	easy goal	65	750	NA
907	easy goal	65	800	NA
907	easy goal	65	850	NA
907	easy goal	65	900	-0.0743517677419356
907	easy goal	65	950	0.002334032258064411
907	easy goal	65	1e3	0.024568532258064508
907	easy goal	65	1050	0.001975198924731192
907	easy goal	65	1100	0.019179365591397806
907	easy goal	65	1150	0.09374603225806444
907	easy goal	66	-200	-0.018008129032258107
907	easy goal	66	-150	-0.02852229569892469
907	easy goal	66	-100	-0.013619462365591492
907	easy goal	66	-50	0.010838204301075146
907	easy goal	66	0	0.05231303763440853
907	easy goal	66	50	0.09269453763440867
907	easy goal	66	100	0.14915770430107514
907	easy goal	66	150	0.19271387096774184
907	easy goal	66	200	0.22926103763440864
907	easy goal	66	250	0.2641707043010751
907	easy goal	66	300	0.27057570430107525
907	easy goal	66	350	0.3040705376344086
907	easy goal	66	400	0.3493785376344085
907	easy goal	66	450	0.35167103763440855
907	easy goal	66	500	0.19621287096774198
907	easy goal	66	550	NA
907	easy goal	66	600	NA
907	easy goal	66	650	0.41281187096774197
907	easy goal	66	700	0.34770420430107524
907	easy goal	66	750	0.4820745376344085
907	easy goal	66	800	0.4775532043010753
907	easy goal	66	850	0.45122720430107516
907	easy goal	66	900	0.44014753763440845
907	easy goal	66	950	0.40929687096774187
907	easy goal	66	1e3	0.45707303763440854
907	easy goal	66	1050	0.42352812096774184
907	easy goal	66	1100	NA
907	easy goal	66	1150	NA
907	easy goal	67	-200	0.04262313364055283
907	easy goal	67	-150	-0.039533413978494636
907	easy goal	67	-100	-0.03326658064516145
907	easy goal	67	-50	-0.0038549139784947637
907	easy goal	67	0	0.026927919354838552
907	easy goal	67	50	0.02410175268817194
907	easy goal	67	100	0.03435101935483864
907	easy goal	67	150	-0.008386723502304325
907	easy goal	67	200	-0.04710778064516141
907	easy goal	67	250	-0.03875829493087573
907	easy goal	67	300	-0.05490624731182803
907	easy goal	67	350	-0.07061558064516145
907	easy goal	67	400	-0.04644241397849469
907	easy goal	67	450	-0.03973824731182803
907	easy goal	67	500	-0.024451080645161365
907	easy goal	67	550	-0.008141580645161387
907	easy goal	67	600	0.0398614193548387
907	easy goal	67	650	0.07229041935483853
907	easy goal	67	700	0.09199425268817192
907	easy goal	67	750	0.09490925268817185
907	easy goal	67	800	0.1368090860215053
907	easy goal	67	850	0.13252791935483854
907	easy goal	67	900	NA
907	easy goal	67	950	NA
907	easy goal	67	1e3	NA
907	easy goal	67	1050	0.02725041935483863
907	easy goal	67	1100	0.5735362193548387
907	easy goal	67	1150	0.6856784193548386
907	easy goal	68	-200	0.030900995391705117
907	easy goal	68	-150	0.02674104301075279
907	easy goal	68	-100	0.01349637634408607
907	easy goal	68	-50	-0.020817956989247117
907	easy goal	68	0	-0.055470623655913855
907	easy goal	68	50	-0.049824123655913745
907	easy goal	68	100	-0.08323379032258045
907	easy goal	68	150	-0.04194262365591387
907	easy goal	68	200	-0.010825123655913815
907	easy goal	68	250	-0.0541912903225806
907	easy goal	68	300	-0.06526345698924711
907	easy goal	68	350	-0.026821790322580474
907	easy goal	68	400	-0.033987956989247246
907	easy goal	68	450	-0.003190456989247211
907	easy goal	68	500	0.006874209677419548
907	easy goal	68	550	-0.008331123655913894
907	easy goal	68	600	-0.005963290322580361
907	easy goal	68	650	-0.0380782903225804
907	easy goal	68	700	-0.005434123655913892
907	easy goal	68	750	-0.050172290322580526
907	easy goal	68	800	NA
907	easy goal	68	850	NA
907	easy goal	68	900	-0.24858629032258062
907	easy goal	68	950	-0.15834609032258048
907	easy goal	68	1e3	-0.05325362365591387
907	easy goal	68	1050	-0.022335456989247177
907	easy goal	68	1100	0.02467304301075283
907	easy goal	68	1150	0.04889337634408605
907	easy goal	69	-200	-0.03102777419354836
907	easy goal	69	-150	0.05172805913978492
907	easy goal	69	-100	-0.0053564408602150655
907	easy goal	69	-50	-0.005069274193548301
907	easy goal	69	0	-0.005103274193548242
907	easy goal	69	50	0.012227725806451595
907	easy goal	69	100	-0.007248607526881612
907	easy goal	69	150	-0.03054927419354832
907	easy goal	69	200	-0.03293510752688178
907	easy goal	69	250	-0.07855827419354837
907	easy goal	69	300	-0.10910460752688171
907	easy goal	69	350	-0.09471910752688169
907	easy goal	69	400	-0.08481727419354838
907	easy goal	69	450	-0.09052644086021504
907	easy goal	69	500	-0.06547044086021514
907	easy goal	69	550	-0.00743360752688164
907	easy goal	69	600	0.018691892473118383
907	easy goal	69	650	NA
907	easy goal	69	700	NA
907	easy goal	69	750	NA
907	easy goal	69	800	NA
907	easy goal	69	850	-0.2653367741935484
907	easy goal	69	900	-0.06642857419354842
907	easy goal	69	950	-0.08554960752688164
907	easy goal	69	1e3	-0.13470710752688167
907	easy goal	69	1050	-0.10461060752688163
907	easy goal	69	1100	-0.06961860752688165
907	easy goal	69	1150	-0.04663344086021507
907	easy goal	70	-200	0.020375433333333543
907	easy goal	70	-150	0.016585266666666893
907	easy goal	70	-100	0.01524043333333358
907	easy goal	70	-50	-0.009845066666666513
907	easy goal	70	0	-0.042356066666666393
907	easy goal	70	50	-0.04603073333333311
907	easy goal	70	100	-0.04468473333333319
907	easy goal	70	150	-0.030651899999999694
907	easy goal	70	200	-0.052062399999999766
907	easy goal	70	250	-0.07633606666666637
907	easy goal	70	300	-0.10931489999999984
907	easy goal	70	350	-0.10309739999999978
907	easy goal	70	400	-0.08228323333333314
907	easy goal	70	450	-0.09916406666666644
907	easy goal	70	500	-0.08286439999999977
907	easy goal	70	550	-0.08329389999999978
907	easy goal	70	600	NA
907	easy goal	70	650	NA
907	easy goal	70	700	NA
907	easy goal	70	750	-0.5307048999999997
907	easy goal	70	800	-0.15384773333333301
907	easy goal	70	850	-0.07490356666666642
907	easy goal	70	900	-0.11035906666666635
907	easy goal	70	950	-0.14047539999999978
907	easy goal	70	1e3	-0.1279620666666664
907	easy goal	70	1050	-0.1024302999999998
907	easy goal	70	1100	NA
907	easy goal	70	1150	NA
907	easy goal	71	-200	0.14259540952380956
907	easy goal	71	-150	0.023222066666666662
907	easy goal	71	-100	-0.03822973333333316
907	easy goal	71	-50	-0.02951439999999998
907	easy goal	71	0	-0.1179689
907	easy goal	71	50	-0.21530756666666653
907	easy goal	71	100	-0.3180197333333333
907	easy goal	71	150	-0.3610014
907	easy goal	71	200	-0.41406039999999994
907	easy goal	71	250	-0.4582379000000001
907	easy goal	71	300	-0.47524190000000005
907	easy goal	71	350	-0.48742373333333333
907	easy goal	71	400	-0.48044973333333335
907	easy goal	71	450	-0.44889039999999997
907	easy goal	71	500	-0.40146056666666663
907	easy goal	71	550	-0.3885947333333333
907	easy goal	71	600	-0.3676567333333334
907	easy goal	71	650	NA
907	easy goal	71	700	NA
907	easy goal	71	750	NA
907	easy goal	71	800	NA
907	easy goal	71	850	-0.06552773333333335
907	easy goal	71	900	-0.04586106666666671
907	easy goal	71	950	-0.13509689999999996
907	easy goal	71	1e3	-0.11385256666666661
907	easy goal	71	1050	-0.1405094
907	easy goal	71	1100	-0.10120556666666662
907	easy goal	71	1150	-0.10438706666666671
907	easy goal	72	-200	0.012470969696969961
907	easy goal	72	-150	-0.010077196969696814
907	easy goal	72	-100	-0.02078353030303015
907	easy goal	72	-50	0.027584636363636506
907	easy goal	72	0	NA
907	easy goal	72	50	NA
907	easy goal	72	100	NA
907	easy goal	72	150	-0.15472911363636344
907	easy goal	72	200	0.25436746969696983
907	easy goal	72	250	0.24772296969696983
907	easy goal	72	300	0.2312838030303032
907	easy goal	72	350	0.24986413636363647
907	easy goal	72	400	0.23810163636363657
907	easy goal	72	450	0.2064738030303032
907	easy goal	72	500	0.1547126363636365
907	easy goal	72	550	0.08289513636363655
907	easy goal	72	600	0.03039996969696997
907	easy goal	72	650	-0.002591363636363401
907	easy goal	72	700	-0.037413363636363384
907	easy goal	72	750	-0.020151863636363492
907	easy goal	72	800	0.027524803030303246
907	easy goal	72	850	0.01399763636363649
907	easy goal	72	900	0.02015173636363654
907	easy goal	72	950	NA
907	easy goal	72	1e3	NA
907	easy goal	72	1050	NA
907	easy goal	72	1100	0.08228013636363674
907	easy goal	72	1150	0.2859484696969699
907	easy goal	73	-200	0.17730800000000002
907	easy goal	73	-150	0.08825950000000009
907	easy goal	73	-100	-0.1116016666666666
907	easy goal	73	-50	-0.033415499999999966
907	easy goal	73	0	-0.12055033333333331
907	easy goal	73	50	-0.0751848333333333
907	easy goal	73	100	NA
907	easy goal	73	150	NA
907	easy goal	73	200	NA
907	easy goal	73	250	NA
907	easy goal	73	300	-0.21238516666666665
907	easy goal	73	350	-0.014584666666666616
907	easy goal	73	400	0.011713166666666627
907	easy goal	73	450	0.026614833333333438
907	easy goal	73	500	-0.07851599999999996
907	easy goal	73	550	-0.07161550000000005
907	easy goal	73	600	-0.03982633333333337
907	easy goal	73	650	-0.0217878333333333
907	easy goal	73	700	-0.06836200000000003
907	easy goal	73	750	-0.11515033333333324
907	easy goal	73	800	-0.14473966666666663
907	easy goal	73	850	-0.17884049999999996
907	easy goal	73	900	-0.21043049999999996
907	easy goal	73	950	-0.2184838333333333
907	easy goal	73	1e3	-0.24528816666666664
907	easy goal	73	1050	-0.22517983333333325
907	easy goal	73	1100	-0.30136683333333325
907	easy goal	73	1150	NA
907	easy goal	74	-200	0.05222066666666684
907	easy goal	74	-150	0.04721316666666686
907	easy goal	74	-100	0.005324333333333486
907	easy goal	74	-50	-0.03190449999999978
907	easy goal	74	0	-0.07285366666666644
907	easy goal	74	50	-0.0854769999999998
907	easy goal	74	100	-0.08503699999999974
907	easy goal	74	150	-0.06207416666666651
907	easy goal	74	200	-0.0760711666666664
907	easy goal	74	250	-0.04144316666666651
907	easy goal	74	300	-0.054686833333333094
907	easy goal	74	350	-0.04096549999999984
907	easy goal	74	400	-0.04810599999999976
907	easy goal	74	450	-0.04924916666666649
907	easy goal	74	500	2.625000000002024e-4
907	easy goal	74	550	0.057336928571428726
907	easy goal	74	600	0.08915770000000016
907	easy goal	74	650	NA
907	easy goal	74	700	NA
907	easy goal	74	750	NA
907	easy goal	74	800	-0.2613089999999998
907	easy goal	74	850	0.022242100000000244
907	easy goal	74	900	0.009519071428571621
907	easy goal	74	950	-0.027944699999999843
907	easy goal	74	1e3	-0.006862499999999804
907	easy goal	74	1050	0.02337733333333351
907	easy goal	74	1100	0.04826766666666682
907	easy goal	74	1150	0.0431546666666669
907	easy goal	75	-200	0.03322003333333331
907	easy goal	75	-150	0.017871866666666625
907	easy goal	75	-100	-0.010722133333333383
907	easy goal	75	-50	-0.016636323809523863
907	easy goal	75	0	-0.025152866666666628
907	easy goal	75	50	-0.01644546666666676
907	easy goal	75	100	0.007504366666666614
907	easy goal	75	150	0.06015953333333327
907	easy goal	75	200	0.08684786666666662
907	easy goal	75	250	0.11962010476190464
907	easy goal	75	300	0.12446853333333321
907	easy goal	75	350	0.1955978666666666
907	easy goal	75	400	0.2237540333333333
907	easy goal	75	450	0.23343970000000006
907	easy goal	75	500	0.27460520000000005
907	easy goal	75	550	0.36892253333333347
907	easy goal	75	600	NA
907	easy goal	75	650	NA
907	easy goal	75	700	0.02763703333333334
907	easy goal	75	750	0.3045666999999999
907	easy goal	75	800	0.3980810333333333
907	easy goal	75	850	0.37292353333333333
907	easy goal	75	900	0.32248669999999996
907	easy goal	75	950	0.3584635333333333
907	easy goal	75	1e3	0.4384251999999999
907	easy goal	75	1050	NA
907	easy goal	75	1100	NA
907	easy goal	75	1150	NA
907	easy goal	76	-200	-0.01123656221198166
907	easy goal	76	-150	0.005023247311827979
907	easy goal	76	-100	-0.044877586021505454
907	easy goal	76	-50	0.007910747311827912
907	easy goal	76	0	0.045052913978494535
907	easy goal	76	50	0.09329708064516125
907	easy goal	76	100	0.10097658064516124
907	easy goal	76	150	NA
907	easy goal	76	200	NA
907	easy goal	76	250	NA
907	easy goal	76	300	0.07675741397849463
907	easy goal	76	350	0.23551308064516122
907	easy goal	76	400	0.1714735806451612
907	easy goal	76	450	0.17662191397849458
907	easy goal	76	500	0.2098255806451612
907	easy goal	76	550	0.22270441397849453
907	easy goal	76	600	0.20866324731182787
907	easy goal	76	650	0.22282574731182794
907	easy goal	76	700	0.2127329139784945
907	easy goal	76	750	0.2122240806451611
907	easy goal	76	800	0.19835874731182793
907	easy goal	76	850	0.1941404139784945
907	easy goal	76	900	0.19461308064516122
907	easy goal	76	950	NA
907	easy goal	76	1e3	NA
907	easy goal	76	1050	NA
907	easy goal	76	1100	0.022616380645161183
907	easy goal	76	1150	0.1702155806451613
907	easy goal	77	-200	NA
907	easy goal	77	-150	NA
907	easy goal	77	-100	-0.03982593749999974
907	easy goal	77	-50	-0.004124937499999796
907	easy goal	77	0	0.030675562500000215
907	easy goal	77	50	0.018772229166666914
907	easy goal	77	100	0.08975939583333359
907	easy goal	77	150	-0.03295127083333312
907	easy goal	77	200	-0.07252277083333299
907	easy goal	77	250	-0.15125477083333302
907	easy goal	77	300	-0.20040643749999978
907	easy goal	77	350	-0.20162327083333312
907	easy goal	77	400	-0.22558643749999963
907	easy goal	77	450	-0.19646110416666648
907	easy goal	77	500	-0.18838543749999972
907	easy goal	77	550	-0.1793119374999997
907	easy goal	77	600	-0.12710893749999977
907	easy goal	77	650	-0.10667543749999979
907	easy goal	77	700	-0.0409362708333331
907	easy goal	77	750	NA
907	easy goal	77	800	NA
907	easy goal	77	850	NA
907	easy goal	77	900	NA
907	easy goal	77	950	0.018718312500000223
907	easy goal	77	1e3	0.18335189583333364
907	easy goal	77	1050	-0.022722270833333152
907	easy goal	77	1100	0.03456006250000021
907	easy goal	77	1150	0.04047606250000024
907	easy goal	78	-200	0.11302140000000012
907	easy goal	78	-150	0.02694756666666683
907	easy goal	78	-100	-0.007166647619047379
907	easy goal	78	-50	-0.06719513333333316
907	easy goal	78	0	-0.07561193333333323
907	easy goal	78	50	-0.022434933333333202
907	easy goal	78	100	NA
907	easy goal	78	150	NA
907	easy goal	78	200	-0.28244693333333304
907	easy goal	78	250	0.383411066666667
907	easy goal	78	300	0.17097806666666693
907	easy goal	78	350	0.14106556666666692
907	easy goal	78	400	0.10209256666666693
907	easy goal	78	450	0.055075066666666915
907	easy goal	78	500	0.05127523333333358
907	easy goal	78	550	0.05072406666666699
907	easy goal	78	600	0.03528790000000015
907	easy goal	78	650	0.04018673333333359
907	easy goal	78	700	-0.007289099999999715
907	easy goal	78	750	-0.008537933333333081
907	easy goal	78	800	0.0032234000000002094
907	easy goal	78	850	0.021797733333333607
907	easy goal	78	900	0.008697233333333573
907	easy goal	78	950	0.035328066666666956
907	easy goal	78	1e3	0.04297306666666678
907	easy goal	78	1050	NA
907	easy goal	78	1100	NA
907	easy goal	78	1150	NA
907	easy goal	79	-200	0.1933685944700463
907	easy goal	79	-150	0.08825161827957007
907	easy goal	79	-100	-0.08380221505376317
907	easy goal	79	-50	-0.0991448817204299
907	easy goal	79	0	-0.13090121505376331
907	easy goal	79	50	-0.15495188172042998
907	easy goal	79	100	-0.15479221505376337
907	easy goal	79	150	-0.13818488172042995
907	easy goal	79	200	-0.14985704838709668
907	easy goal	79	250	-0.15025521505376327
907	easy goal	79	300	-0.12232521505376326
907	easy goal	79	350	-0.12626904838709666
907	easy goal	79	400	-0.10739704838709667
907	easy goal	79	450	-0.11023521505376317
907	easy goal	79	500	-0.11168154838709661
907	easy goal	79	550	-0.12324521505376322
907	easy goal	79	600	-0.10453871505376326
907	easy goal	79	650	-0.06997479838709664
907	easy goal	79	700	NA
907	easy goal	79	750	NA
907	easy goal	79	800	-0.6319175483870967
907	easy goal	79	850	-0.12599829838709664
907	easy goal	79	900	0.14446261827957008
907	easy goal	79	950	0.13070528494623676
907	easy goal	79	1e3	-0.02500421505376334
907	easy goal	79	1050	-0.19482838172042993
907	easy goal	79	1100	-0.18177788172042994
907	easy goal	79	1150	-0.16697054838709655
907	easy goal	80	-200	0.21972944285714277
907	easy goal	80	-150	0.13188649999999996
907	easy goal	80	-100	-0.0787047
907	easy goal	80	-50	-0.12439369999999991
907	easy goal	80	0	-0.17091090000000006
907	easy goal	80	50	-0.2433855571428572
907	easy goal	80	100	-0.25513270000000005
907	easy goal	80	150	-0.3289218666666666
907	easy goal	80	200	-0.3354787000000001
907	easy goal	80	250	-0.35576553333333333
907	easy goal	80	300	-0.3792978666666667
907	easy goal	80	350	-0.38395970000000007
907	easy goal	80	400	-0.40781320000000004
907	easy goal	80	450	-0.34593620000000014
907	easy goal	80	500	-0.2724427
907	easy goal	80	550	-0.2437107000000001
907	easy goal	80	600	-0.2558025571428572
907	easy goal	80	650	-0.2572207
907	easy goal	80	700	-0.19721570000000002
907	easy goal	80	750	-0.10827319999999996
907	easy goal	80	800	NA
907	easy goal	80	850	NA
907	easy goal	80	900	NA
907	easy goal	80	950	NA
907	easy goal	80	1e3	-0.5155907000000002
907	easy goal	80	1050	-0.11113353333333342
907	easy goal	80	1100	0.07652529999999998
907	easy goal	80	1150	-0.016722128571428612
907	easy goal	81	-200	0.005990606060606011
907	easy goal	81	-150	-0.007188727272727213
907	easy goal	81	-100	NA
907	easy goal	81	-50	NA
907	easy goal	81	0	NA
907	easy goal	81	50	-0.2949647272727274
907	easy goal	81	100	0.030828672727272723
907	easy goal	81	150	0.11624177272727265
907	easy goal	81	200	0.06868643939393941
907	easy goal	81	250	0.038728272727272715
907	easy goal	81	300	-0.005630060606060638
907	easy goal	81	350	0.0054305584415584385
907	easy goal	81	400	0.012334872727272739
907	easy goal	81	450	-0.04133972727272724
907	easy goal	81	500	-0.0819000606060607
907	easy goal	81	550	-0.11524639393939388
907	easy goal	81	600	-0.11871439393939398
907	easy goal	81	650	-0.11425556060606068
907	easy goal	81	700	-0.08742272727272742
907	easy goal	81	750	-0.10649139393939404
907	easy goal	81	800	-0.038349727272727265
907	easy goal	81	850	NA
907	easy goal	81	900	NA
907	easy goal	81	950	NA
907	easy goal	81	1e3	NA
907	easy goal	81	1050	-0.2198797272727273
907	easy goal	81	1100	-0.02996189393939397
907	easy goal	81	1150	-0.01128429870129872
907	easy goal	82	-200	NA
907	easy goal	82	-150	NA
907	easy goal	82	-100	-0.26085899999999973
907	easy goal	82	-50	0.02866200000000001
907	easy goal	82	0	0.06306800000000005
907	easy goal	82	50	0.04149716666666681
907	easy goal	82	100	0.038275500000000205
907	easy goal	82	150	0.05980816666666685
907	easy goal	82	200	0.06093166666666683
907	easy goal	82	250	0.07299266666666664
907	easy goal	82	300	0.14117116666666676
907	easy goal	82	350	0.1309245000000002
907	easy goal	82	400	0.07219583333333353
907	easy goal	82	450	0.10704566666666682
907	easy goal	82	500	0.12084683333333346
907	easy goal	82	550	0.06329400000000011
907	easy goal	82	600	0.03927650000000016
907	easy goal	82	650	0.0034821666666667492
907	easy goal	82	700	-0.011132499999999842
907	easy goal	82	750	-0.02793016666666648
907	easy goal	82	800	0.022256000000000276
907	easy goal	82	850	NA
907	easy goal	82	900	NA
907	easy goal	82	950	NA
907	easy goal	82	1e3	NA
907	easy goal	82	1050	0.24167525000000023
907	easy goal	82	1100	0.24949200000000019
907	easy goal	82	1150	0.08906300000000023
907	easy goal	83	-200	0.019369523809523885
907	easy goal	83	-150	-0.020191999999999988
907	easy goal	83	-100	-0.0028869333333334524
907	easy goal	83	-50	NA
907	easy goal	83	0	NA
907	easy goal	83	50	NA
907	easy goal	83	100	NA
907	easy goal	83	150	-0.15852883333333345
907	easy goal	83	200	0.23499366666666655
907	easy goal	83	250	0.2867644999999999
907	easy goal	83	300	0.26466652380952377
907	easy goal	83	350	0.17689466666666664
907	easy goal	83	400	0.21758599999999997
907	easy goal	83	450	0.2376984999999999
907	easy goal	83	500	0.22868750000000002
907	easy goal	83	550	0.20427533333333328
907	easy goal	83	600	0.11538116666666665
907	easy goal	83	650	0.17862833333333325
907	easy goal	83	700	0.1716211666666667
907	easy goal	83	750	0.17345583333333328
907	easy goal	83	800	0.09411316666666665
907	easy goal	83	850	0.10053666666666665
907	easy goal	83	900	0.1027546666666667
907	easy goal	83	950	0.07823866666666657
907	easy goal	83	1e3	NA
907	easy goal	83	1050	NA
907	easy goal	83	1100	NA
907	easy goal	83	1150	-0.00296599999999995
907	easy goal	84	-200	-0.04481217511520726
907	easy goal	84	-150	-0.018841532258064324
907	easy goal	84	-100	0.02152246774193567
907	easy goal	84	-50	0.037066801075268906
907	easy goal	84	0	0.012533134408602375
907	easy goal	84	50	0.05997613440860228
907	easy goal	84	100	0.06453913440860222
907	easy goal	84	150	0.122911301075269
907	easy goal	84	200	0.12466930107526886
907	easy goal	84	250	0.09887796774193565
907	easy goal	84	300	0.12319013440860223
907	easy goal	84	350	0.11859830107526892
907	easy goal	84	400	0.13626496774193572
907	easy goal	84	450	0.14704563440860227
907	easy goal	84	500	0.1502669677419357
907	easy goal	84	550	0.1816936344086022
907	easy goal	84	600	NA
907	easy goal	84	650	NA
907	easy goal	84	700	NA
907	easy goal	84	750	0.03250646774193566
907	easy goal	84	800	0.361718301075269
907	easy goal	84	850	0.2742517177419357
907	easy goal	84	900	0.2455536344086023
907	easy goal	84	950	0.21271846774193567
907	easy goal	84	1e3	0.23328980107526887
907	easy goal	84	1050	0.07886346774193553
907	easy goal	84	1100	NA
907	easy goal	84	1150	NA
907	easy goal	85	-200	-0.043614801843317785
907	easy goal	85	-150	-0.016563682795698753
907	easy goal	85	-100	-0.0015591827956987399
907	easy goal	85	-50	0.022754150537634594
907	easy goal	85	0	0.04625265053763453
907	easy goal	85	50	0.095529650537634625
907	easy goal	85	100	0.12399498387096797
907	easy goal	85	150	0.15055531720430126
907	easy goal	85	200	0.18049715053763457
907	easy goal	85	250	0.19963598387096795
907	easy goal	85	300	0.22123915053763454
907	easy goal	85	350	0.2447221505376346
907	easy goal	85	400	0.25854415053763463
907	easy goal	85	450	0.274233983870968
907	easy goal	85	500	0.30294898387096797
907	easy goal	85	550	0.309778483870968
907	easy goal	85	600	0.3248151505376346
907	easy goal	85	650	0.34123948387096786
907	easy goal	85	700	0.40162698387096785
907	easy goal	85	750	0.4555578172043013
907	easy goal	85	800	0.37913481720430126
907	easy goal	85	850	0.34230131720430124
907	easy goal	85	900	0.3308889838709678
907	easy goal	85	950	NA
907	easy goal	85	1e3	NA
907	easy goal	85	1050	NA
907	easy goal	85	1100	-0.011618116129032163
907	easy goal	85	1150	0.14275781720430122
907	easy goal	86	-200	-0.01731899539170526
907	easy goal	86	-150	-0.014386543010752817
907	easy goal	86	-100	0.005596956989247189
907	easy goal	86	-50	0.0034267903225805676
907	easy goal	86	0	0.025568290322580456
907	easy goal	86	50	0.03926245698924724
907	easy goal	86	100	0.05073845698924714
907	easy goal	86	150	0.08649645698924709
907	easy goal	86	200	0.08113029032258057
907	easy goal	86	250	0.09285729032258054
907	easy goal	86	300	0.09328662365591385
907	easy goal	86	350	0.12538245698924713
907	easy goal	86	400	0.09531812365591381
907	easy goal	86	450	0.12133045698924705
907	easy goal	86	500	0.10766962365591382
907	easy goal	86	550	0.18091879032258054
907	easy goal	86	600	0.20930062365591384
907	easy goal	86	650	0.25340512365591383
907	easy goal	86	700	0.11402529032258046
907	easy goal	86	750	NA
907	easy goal	86	800	NA
907	easy goal	86	850	NA
907	easy goal	86	900	-0.015575709677419466
907	easy goal	86	950	0.47195979032258045
907	easy goal	86	1e3	0.37617195698924716
907	easy goal	86	1050	0.3255749569892472
907	easy goal	86	1100	0.37077945698924714
907	easy goal	86	1150	0.3010181236559138
907	easy goal	87	-200	0.07097530000000003
907	easy goal	87	-150	-0.07991819999999998
907	easy goal	87	-100	-0.04159553333333332
907	easy goal	87	-50	0.012251633333333345
907	easy goal	87	0	0.03828679999999999
907	easy goal	87	50	-0.0029463666666666257
907	easy goal	87	100	-0.09165403333333318
907	easy goal	87	150	-0.11686269999999999
907	easy goal	87	200	-0.22051570000000006
907	easy goal	87	250	-0.3257023666666667
907	easy goal	87	300	-0.4016553666666666
907	easy goal	87	350	-0.45119853333333326
907	easy goal	87	400	-0.4753123666666666
907	easy goal	87	450	-0.49534172380952374
907	easy goal	87	500	-0.4930633666666666
907	easy goal	87	550	-0.46861820000000004
907	easy goal	87	600	-0.44680469999999994
907	easy goal	87	650	-0.41236236666666665
907	easy goal	87	700	-0.37092336666666664
907	easy goal	87	750	-0.3975358666666664
907	easy goal	87	800	NA
907	easy goal	87	850	NA
907	easy goal	87	900	-0.5764963666666665
907	easy goal	87	950	-0.2997764666666666
907	easy goal	87	1e3	-0.2944516999999999
907	easy goal	87	1050	-0.33281203333333326
907	easy goal	87	1100	-0.30609953333333323
907	easy goal	87	1150	-0.2819748666666666
907	easy goal	88	-200	0.002940285714285919
907	easy goal	88	-150	0.002051928571428737
907	easy goal	88	-100	-0.019445738095238124
907	easy goal	88	-50	0.0069719285714286245
907	easy goal	88	0	0.013983095238095414
907	easy goal	88	50	NA
907	easy goal	88	100	NA
907	easy goal	88	150	-0.10803490476190462
907	easy goal	88	200	0.12988442857142876
907	easy goal	88	250	0.0631590952380953
907	easy goal	88	300	0.03510692857142864
907	easy goal	88	350	0.08037676190476202
907	easy goal	88	400	0.15113609523809526
907	easy goal	88	450	0.12923042857142866
907	easy goal	88	500	0.06812809523809531
907	easy goal	88	550	0.016268595238095356
907	easy goal	88	600	-0.022721071428571344
907	easy goal	88	650	0.004215595238095338
907	easy goal	88	700	0.015655428571428615
907	easy goal	88	750	-0.021791071428571396
907	easy goal	88	800	0.004826928571428635
907	easy goal	88	850	-0.007436404761904732
907	easy goal	88	900	-0.004113238095238003
907	easy goal	88	950	-0.02324373809523809
907	easy goal	88	1e3	-0.011358571428571551
907	easy goal	88	1050	NA
907	easy goal	88	1100	NA
907	easy goal	88	1150	NA
907	easy goal	89	-200	-0.05241963333333325
907	easy goal	89	-150	-0.032415799999999884
907	easy goal	89	-100	0.014107033333333444
907	easy goal	89	-50	0.03378486666666669
907	easy goal	89	0	0.036943533333333445
907	easy goal	89	50	0.05255903333333337
907	easy goal	89	100	0.017865033333333447
907	easy goal	89	150	NA
907	easy goal	89	200	NA
907	easy goal	89	250	-0.2464742999999999
907	easy goal	89	300	0.06749419999999999
907	easy goal	89	350	0.1520077000000002
907	easy goal	89	400	0.13266753333333345
907	easy goal	89	450	0.18316520000000006
907	easy goal	89	500	0.18541586666666668
907	easy goal	89	550	0.18248470000000014
907	easy goal	89	600	0.12786103333333343
907	easy goal	89	650	0.10103836666666677
907	easy goal	89	700	0.12609953333333346
907	easy goal	89	750	0.07132936666666685
907	easy goal	89	800	0.049168700000000065
907	easy goal	89	850	-0.054463466666666495
907	easy goal	89	900	-0.10922229999999988
907	easy goal	89	950	-0.1345231333333332
907	easy goal	89	1e3	NA
907	easy goal	89	1050	NA
907	easy goal	89	1100	NA
907	easy goal	89	1150	-0.304028919047619
907	easy goal	90	-200	-0.2061627666666667
907	easy goal	90	-150	-0.0014992666666667394
907	easy goal	90	-100	0.05904706666666663
907	easy goal	90	-50	0.07388856666666672
907	easy goal	90	0	0.07472639999999993
907	easy goal	90	50	0.07174556666666665
907	easy goal	90	100	0.002946233333333289
907	easy goal	90	150	-0.07955376666666673
907	easy goal	90	200	-0.08451993333333337
907	easy goal	90	250	-0.1363144333333334
907	easy goal	90	300	-0.14107143333333338
907	easy goal	90	350	-0.14988293333333344
907	easy goal	90	400	-0.1383682666666667
907	easy goal	90	450	-0.13177360000000005
907	easy goal	90	500	-0.0791709333333334
907	easy goal	90	550	-0.04354043333333343
907	easy goal	90	600	0.0027833999999999173
907	easy goal	90	650	0.03110556666666664
907	easy goal	90	700	0.0663524999999999
907	easy goal	90	750	NA
907	easy goal	90	800	NA
907	easy goal	90	850	NA
907	easy goal	90	900	NA
907	easy goal	90	950	-0.30267310000000003
907	easy goal	90	1e3	-0.018463266666666867
907	easy goal	90	1050	0.09791923333333319
907	easy goal	90	1100	0.17924673333333327
907	easy goal	90	1150	0.22749540000000001
907	easy goal	91	-200	0.09403474074074063
907	easy goal	91	-150	-0.05315759259259267
907	easy goal	91	-100	-0.01064742592592601
907	easy goal	91	-50	0.012049407407407267
907	easy goal	91	0	0.004738240740740658
907	easy goal	91	50	-0.1349545925925928
907	easy goal	91	100	-0.18319442592592608
907	easy goal	91	150	-0.21025909259259268
907	easy goal	91	200	-0.22434009259259277
907	easy goal	91	250	-0.27792711640211654
907	easy goal	91	300	-0.311350925925926
907	easy goal	91	350	-0.28247425925925945
907	easy goal	91	400	-0.3317225925925926
907	easy goal	91	450	-0.3703597592592594
907	easy goal	91	500	-0.3892387592592594
907	easy goal	91	550	-0.3879714259259261
907	easy goal	91	600	-0.3384197592592595
907	easy goal	91	650	-0.33868575925925937
907	easy goal	91	700	-0.302509925925926
907	easy goal	91	750	NA
907	easy goal	91	800	NA
907	easy goal	91	850	NA
907	easy goal	91	900	NA
907	easy goal	91	950	-0.19517725925925933
907	easy goal	91	1e3	-0.31477740211640226
907	easy goal	91	1050	-0.23432659259259267
907	easy goal	91	1100	-0.2305499259259259
907	easy goal	91	1150	-0.17044609259259272
907	easy goal	92	-200	0.06957956666666691
907	easy goal	92	-150	0.03392490000000022
907	easy goal	92	-100	-0.023303433333333068
907	easy goal	92	-50	-0.05131159999999979
907	easy goal	92	0	-0.02888943333333316
907	easy goal	92	50	-0.0319172666666665
907	easy goal	92	100	-0.020841766666666484
907	easy goal	92	150	-0.03433159999999972
907	easy goal	92	200	0.02639556666666672
907	easy goal	92	250	0.06735856666666688
907	easy goal	92	300	0.08264040000000013
907	easy goal	92	350	0.0032000666666667974
907	easy goal	92	400	0.019001900000000127
907	easy goal	92	450	0.056275900000000156
907	easy goal	92	500	0.10594513809523828
907	easy goal	92	550	0.12736890000000023
907	easy goal	92	600	0.18835516666666682
907	easy goal	92	650	0.1759504000000002
907	easy goal	92	700	0.17664173333333352
907	easy goal	92	750	0.33837356666666674
907	easy goal	92	800	NA
907	easy goal	92	850	NA
907	easy goal	92	900	NA
907	easy goal	92	950	0.2495365666666669
907	easy goal	92	1e3	0.4615705666666668
907	easy goal	92	1050	0.5695742333333336
907	easy goal	92	1100	0.5462385666666668
907	easy goal	92	1150	0.21188306666666681
907	easy goal	93	-200	NA
907	easy goal	93	-150	NA
907	easy goal	93	-100	NA
907	easy goal	93	-50	-0.31914583333333324
907	easy goal	93	0	0.06382916666666646
907	easy goal	93	50	0.04827883333333327
907	easy goal	93	100	-0.21260533333333345
907	easy goal	93	150	-0.18964599999999998
907	easy goal	93	200	-0.18600350000000013
907	easy goal	93	250	-0.2579408333333335
907	easy goal	93	300	-0.41738800000000015
907	easy goal	93	350	-0.49940000000000007
907	easy goal	93	400	-0.5741316666666668
907	easy goal	93	450	-0.5738836666666668
907	easy goal	93	500	-0.5813461666666669
907	easy goal	93	550	-0.5809431666666668
907	easy goal	93	600	-0.5539066666666667
907	easy goal	93	650	-0.5698371666666667
907	easy goal	93	700	-0.5726215000000001
907	easy goal	93	750	-0.5832856666666668
907	easy goal	93	800	-0.5449346666666669
907	easy goal	93	850	-0.5738191666666669
907	easy goal	93	900	NA
907	easy goal	93	950	NA
907	easy goal	93	1e3	NA
907	easy goal	93	1050	-0.2895880833333334
907	easy goal	93	1100	-0.05988800000000009
907	easy goal	93	1150	-0.10952716666666669
907	easy goal	94	-200	0.007485842857143028
907	easy goal	94	-150	0.05128870000000019
907	easy goal	94	-100	NA
907	easy goal	94	-50	NA
907	easy goal	94	0	-0.1549782999999998
907	easy goal	94	50	0.23463903333333347
907	easy goal	94	100	0.43210603333333353
907	easy goal	94	150	0.5363027000000001
907	easy goal	94	200	0.28837253333333357
907	easy goal	94	250	0.2676402000000002
907	easy goal	94	300	0.2979965333333335
907	easy goal	94	350	0.2378938666666668
907	easy goal	94	400	0.18611453333333353
907	easy goal	94	450	0.12328853333333363
907	easy goal	94	500	0.12412320000000025
907	easy goal	94	550	0.08167203333333346
907	easy goal	94	600	0.07178670000000016
907	easy goal	94	650	0.07162403333333356
907	easy goal	94	700	0.06365070000000024
907	easy goal	94	750	0.022656200000000275
907	easy goal	94	800	0.008867200000000222
907	easy goal	94	850	-0.0077321333333330395
907	easy goal	94	900	0.004159100000000216
907	easy goal	94	950	NA
907	easy goal	94	1e3	NA
907	easy goal	94	1050	NA
907	easy goal	94	1100	NA
907	easy goal	94	1150	0.19569410000000023
907	easy goal	95	-200	0.025546101449275493
907	easy goal	95	-150	-0.01861806521739136
907	easy goal	95	-100	0.004484934782608733
907	easy goal	95	-50	-0.01369556521739126
907	easy goal	95	0	NA
907	easy goal	95	50	NA
907	easy goal	95	100	-0.47327489855072463
907	easy goal	95	150	-0.12922189855072466
907	easy goal	95	200	0.10866093478260863
907	easy goal	95	250	-0.1809418985507246
907	easy goal	95	300	-0.17118039855072453
907	easy goal	95	350	-0.1609098985507246
907	easy goal	95	400	-0.1222172318840579
907	easy goal	95	450	-0.12690006521739128
907	easy goal	95	500	-0.21255123188405797
907	easy goal	95	550	-0.22346189855072454
907	easy goal	95	600	-0.21863639855072461
907	easy goal	95	650	-0.22088239855072467
907	easy goal	95	700	-0.24438506521739126
907	easy goal	95	750	-0.2418618985507246
907	easy goal	95	800	-0.21076923188405794
907	easy goal	95	850	-0.20200956521739122
907	easy goal	95	900	-0.1578810652173913
907	easy goal	95	950	-0.16451056521739127
907	easy goal	95	1e3	-0.16643589855072474
907	easy goal	95	1050	-0.15623823188405797
907	easy goal	95	1100	-0.2995455652173913
907	easy goal	95	1150	NA
907	easy goal	96	-200	0.052368258064516136
907	easy goal	96	-150	0.04395675806451608
907	easy goal	96	-100	-0.003518408602150617
907	easy goal	96	-50	-0.0044962419354839245
907	easy goal	96	0	-0.09703840860215059
907	easy goal	96	50	-0.1255140752688173
907	easy goal	96	100	-0.14749474193548387
907	easy goal	96	150	-0.1967890752688172
907	easy goal	96	200	-0.19341674193548383
907	easy goal	96	250	-0.15931207526881722
907	easy goal	96	300	-0.16726524193548395
907	easy goal	96	350	-0.14832824193548388
907	easy goal	96	400	-0.09439657526881733
907	easy goal	96	450	-0.08157524193548389
907	easy goal	96	500	-0.040032408602150626
907	easy goal	96	550	-0.01416757526881729
907	easy goal	96	600	-0.024835075268817192
907	easy goal	96	650	0.011049091397849375
907	easy goal	96	700	0.002204091397849458
907	easy goal	96	750	-0.03609640860215054
907	easy goal	96	800	-0.023799075268817305
907	easy goal	96	850	NA
907	easy goal	96	900	NA
907	easy goal	96	950	NA
907	easy goal	96	1e3	NA
907	easy goal	96	1050	0.24837305806451598
907	easy goal	96	1100	0.05831409139784941
907	easy goal	96	1150	0.05527792473118268
907	easy goal	97	-200	0.06944453917050694
907	easy goal	97	-150	0.0103198010752689
907	easy goal	97	-100	-0.008382532258064401
907	easy goal	97	-50	-0.04330036559139779
907	easy goal	97	0	-0.03965553225806436
907	easy goal	97	50	-0.06284886559139784
907	easy goal	97	100	-0.05980919892473099
907	easy goal	97	150	-0.038288198924731086
907	easy goal	97	200	-0.03146986559139764
907	easy goal	97	250	-0.02638186559139773
907	easy goal	97	300	-0.027835365591397727
907	easy goal	97	350	-0.04163603225806437
907	easy goal	97	400	-0.011039865591397765
907	easy goal	97	450	0.012697634408602276
907	easy goal	97	500	0.0470691344086022
907	easy goal	97	550	0.07793146774193545
907	easy goal	97	600	0.12234996774193559
907	easy goal	97	650	NA
907	easy goal	97	700	NA
907	easy goal	97	750	0.013090367741935616
907	easy goal	97	800	0.2395283010752689
907	easy goal	97	850	0.2674654677419355
907	easy goal	97	900	0.19299480107526898
907	easy goal	97	950	0.19674596774193556
907	easy goal	97	1e3	0.1841771344086022
907	easy goal	97	1050	0.15543896774193558
907	easy goal	97	1100	0.07375896774193562
907	easy goal	97	1150	0.03205463440860227
907	easy goal	98	-200	-0.03395023041474664
907	easy goal	98	-150	-0.02893818279569893
907	easy goal	98	-100	0.02218831720430107
907	easy goal	98	-50	0.0364741505376344
907	easy goal	98	0	0.009884317204301052
907	easy goal	98	50	0.029654317204301044
907	easy goal	98	100	0.036479150537634286
907	easy goal	98	150	0.01024331720430105
907	easy goal	98	200	-0.021950016129032246
907	easy goal	98	250	-0.0109915161290323
907	easy goal	98	300	-0.005817182795698983
907	easy goal	98	350	-0.08213618279569901
907	easy goal	98	400	-0.0724518494623656
907	easy goal	98	450	-0.10793918279569903
907	easy goal	98	500	-0.13390068279569892
907	easy goal	98	550	-0.11433034946236569
907	easy goal	98	600	-0.11395684946236566
907	easy goal	98	650	-0.03484751612903225
907	easy goal	98	700	NA
907	easy goal	98	750	NA
907	easy goal	98	800	NA
907	easy goal	98	850	-0.3053449161290322
907	easy goal	98	900	-0.21723031612903237
907	easy goal	98	950	NA
907	easy goal	98	1e3	NA
907	easy goal	98	1050	NA
907	easy goal	98	1100	NA
907	easy goal	98	1150	-0.43628651612903235
907	easy goal	99	-200	-0.015161920000000162
907	easy goal	99	-150	0.04046341333333333
907	easy goal	99	-100	-0.059924920000000124
907	easy goal	99	-50	-0.012137420000000102
907	easy goal	99	0	0.03412591333333329
907	easy goal	99	50	0.07259307999999993
907	easy goal	99	100	0.11097557999999992
907	easy goal	99	150	0.10808241333333328
907	easy goal	99	200	0.08816941333333335
907	easy goal	99	250	0.07255541333333342
907	easy goal	99	300	0.06709307999999996
907	easy goal	99	350	0.07189774666666675
907	easy goal	99	400	0.0856274133333333
907	easy goal	99	450	0.11379274666666654
907	easy goal	99	500	0.1483450799999999
907	easy goal	99	550	0.19634724666666661
907	easy goal	99	600	0.22114507999999997
907	easy goal	99	650	0.25852758
907	easy goal	99	700	NA
907	easy goal	99	750	NA
907	easy goal	99	800	NA
907	easy goal	99	850	NA
907	easy goal	99	900	0.9411614799999999
907	easy goal	99	950	0.7749420799999999
907	easy goal	99	1e3	0.5084619133333333
907	easy goal	99	1050	0.40651988
907	easy goal	99	1100	0.42982674666666654
907	easy goal	99	1150	0.4362424133333332
907	easy goal	100	-200	0.06482249308755739
907	easy goal	100	-150	0.033389397849462155
907	easy goal	100	-100	-0.017494768817204537
907	easy goal	100	-50	-0.0326569354838712
907	easy goal	100	0	-0.058863935483871144
907	easy goal	100	50	-0.08280760215053788
907	easy goal	100	100	-0.06454060215053785
907	easy goal	100	150	-0.06872376881720459
907	easy goal	100	200	-0.058554768817204485
907	easy goal	100	250	-0.06565710215053788
907	easy goal	100	300	-0.050299602150537893
907	easy goal	100	350	-0.06173743548387126
907	easy goal	100	400	-0.07300776881720461
907	easy goal	100	450	-0.032884268817204555
907	easy goal	100	500	-0.022861935483871203
907	easy goal	100	550	0.030036397849462142
907	easy goal	100	600	0.04429506451612871
907	easy goal	100	650	0.043561464516128814
907	easy goal	100	700	NA
907	easy goal	100	750	NA
907	easy goal	100	800	NA
907	easy goal	100	850	-0.08542193548387145
907	easy goal	100	900	0.23489139784946209
907	easy goal	100	950	0.3578000645161288
907	easy goal	100	1e3	0.12338589784946212
907	easy goal	100	1050	0.017842231182795414
907	easy goal	100	1100	0.09829123118279541
907	easy goal	100	1150	0.10481823118279543
907	easy goal	101	-200	-0.04728664516129014
907	easy goal	101	-150	-0.005132811827956774
907	easy goal	101	-100	0.012717521505376453
907	easy goal	101	-50	0.030549021505376528
907	easy goal	101	0	0.017034021505376584
907	easy goal	101	50	0.030994854838709934
907	easy goal	101	100	0.020894188172043176
907	easy goal	101	150	0.028007021505376557
907	easy goal	101	200	0.018590021505376548
907	easy goal	101	250	0.043655354838709894
907	easy goal	101	300	0.058392354838709894
907	easy goal	101	350	0.06527285483870988
907	easy goal	101	400	0.09474768817204327
907	easy goal	101	450	0.13960518817204318
907	easy goal	101	500	0.16948110483871004
907	easy goal	101	550	NA
907	easy goal	101	600	NA
907	easy goal	101	650	-0.00866864516129029
907	easy goal	101	700	0.20233252150537648
907	easy goal	101	750	0.2579078548387099
907	easy goal	101	800	0.15199252150537665
907	easy goal	101	850	0.13715168817204315
907	easy goal	101	900	0.1659216881720431
907	easy goal	101	950	0.1789880215053766
907	easy goal	101	1e3	0.1472700215053766
907	easy goal	101	1050	0.11483552150537661
907	easy goal	101	1100	0.07748568817204331
907	easy goal	101	1150	0.022771354838709845
907	easy goal	102	-200	-0.050948437788018594
907	easy goal	102	-150	-0.019052080645161507
907	easy goal	102	-100	-0.0010212473118281402
907	easy goal	102	-50	0.026352752688171794
907	easy goal	102	0	0.053160419354838506
907	easy goal	102	50	0.05991441935483851
907	easy goal	102	100	0.06710608602150521
907	easy goal	102	150	0.07253358602150528
907	easy goal	102	200	0.08169858602150522
907	easy goal	102	250	0.0683092526881719
907	easy goal	102	300	0.06788375268817178
907	easy goal	102	350	0.061626752688171825
907	easy goal	102	400	0.03540425268817179
907	easy goal	102	450	0.034191586021505106
907	easy goal	102	500	0.04188975268817193
907	easy goal	102	550	0.07746725268817196
907	easy goal	102	600	0.1063080860215051
907	easy goal	102	650	0.11769308602150508
907	easy goal	102	700	NA
907	easy goal	102	750	0.0754064193548385
907	easy goal	102	800	0.2818952526881718
907	easy goal	102	850	0.22874741935483853
907	easy goal	102	900	0.23824958602150517
907	easy goal	102	950	0.27200325268817177
907	easy goal	102	1e3	0.3044265860215052
907	easy goal	102	1050	0.36561858602150515
907	easy goal	102	1100	0.3542397526881719
907	easy goal	102	1150	0.3713159193548385
907	easy goal	103	-200	0.06925264516129014
907	easy goal	103	-150	0.014544145161290064
907	easy goal	103	-100	-0.02737352150537653
907	easy goal	103	-50	-0.03646235483870974
907	easy goal	103	0	-0.03150302150537657
907	easy goal	103	50	-0.05390935483870988
907	easy goal	103	100	-0.03328702150537651
907	easy goal	103	150	-0.04667918817204327
907	easy goal	103	200	-0.0403975215053766
907	easy goal	103	250	-0.05298102150537646
907	easy goal	103	300	-0.06750168817204316
907	easy goal	103	350	-0.07460402150537641
907	easy goal	103	400	-0.07836668817204313
907	easy goal	103	450	-0.042368688172043166
907	easy goal	103	500	-0.018270021505376526
907	easy goal	103	550	0.01997947849462352
907	easy goal	103	600	0.07410214516129014
907	easy goal	103	650	0.08421164516129014
907	easy goal	103	700	0.08443947849462341
907	easy goal	103	750	0.08565864516129018
907	easy goal	103	800	NA
907	easy goal	103	850	NA
907	easy goal	103	900	-0.26335735483871003
907	easy goal	103	950	-0.06221518817204319
907	easy goal	103	1e3	0.005529478494623448
907	easy goal	103	1050	-0.021002354838709863
907	easy goal	103	1100	-0.05095385483870977
907	easy goal	103	1150	-0.05643618817204321
907	easy goal	104	-200	-0.0068056175115205975
907	easy goal	104	-150	-0.003407403225806386
907	easy goal	104	-100	8.510967741936307e-4
907	easy goal	104	-50	-0.006455903225806396
907	easy goal	104	0	0.016952096774193626
907	easy goal	104	50	0.025871763440860285
907	easy goal	104	100	0.018439596774193562
907	easy goal	104	150	0.04075543010752695
907	easy goal	104	200	0.05351093010752702
907	easy goal	104	250	0.05628093010752688
907	easy goal	104	300	0.05843893010752699
907	easy goal	104	350	0.05138543010752694
907	easy goal	104	400	0.04715326344086024
907	easy goal	104	450	0.05268843010752692
907	easy goal	104	500	0.062353263440860264
907	easy goal	104	550	0.09140243010752706
907	easy goal	104	600	0.11952876344086039
907	easy goal	104	650	0.1792693467741936
907	easy goal	104	700	NA
907	easy goal	104	750	NA
907	easy goal	104	800	0.0073786967741935605
907	easy goal	104	850	0.18964909677419364
907	easy goal	104	900	0.14553326344086023
907	easy goal	104	950	0.06424959677419347
907	easy goal	104	1e3	0.046418096774193694
907	easy goal	104	1050	0.0640540967741936
907	easy goal	104	1100	0.07761776344086029
907	easy goal	104	1150	0.07603909677419358
907	easy goal	105	-200	NA
907	easy goal	105	-150	NA
907	easy goal	105	-100	NA
907	easy goal	105	-50	NA
907	easy goal	105	0	-1.1102230246251565e-16
907	easy goal	105	50	-0.25375150000000013
907	easy goal	105	100	-0.23713116666666667
907	easy goal	105	150	-0.2239393333333334
907	easy goal	105	200	-0.22124433333333338
907	easy goal	105	250	-0.2721588333333334
907	easy goal	105	300	-0.33390533333333344
907	easy goal	105	350	-0.41747016666666664
907	easy goal	105	400	-0.4678831666666667
907	easy goal	105	450	-0.5020928333333333
907	easy goal	105	500	-0.5008691666666668
907	easy goal	105	550	-0.48600400000000005
907	easy goal	105	600	-0.4578526666666667
907	easy goal	105	650	-0.48274600000000006
907	easy goal	105	700	-0.42011816666666674
907	easy goal	105	750	-0.4279610000000001
907	easy goal	105	800	-0.3955465
907	easy goal	105	850	NA
907	easy goal	105	900	NA
907	easy goal	105	950	NA
907	easy goal	105	1e3	NA
907	easy goal	105	1050	-0.3473075000000001
907	easy goal	105	1100	-0.4045765
907	easy goal	105	1150	-0.42231371428571446
907	easy goal	106	-200	0.021813797235023254
907	easy goal	106	-150	0.009528425806451857
907	easy goal	106	-100	0.014284892473118482
907	easy goal	106	-50	0.01714094009216614
907	easy goal	106	0	-0.06767244086021489
907	easy goal	106	50	-0.1396901075268815
907	easy goal	106	100	-0.13138677419354808
907	easy goal	106	150	-0.17670994086021485
907	easy goal	106	200	-0.2457919408602148
907	easy goal	106	250	-0.2823222741935481
907	easy goal	106	300	-0.3113901075268815
907	easy goal	106	350	-0.3822454408602148
907	easy goal	106	400	-0.41672794086021475
907	easy goal	106	450	-0.4358856075268815
907	easy goal	106	500	-0.4444401075268815
907	easy goal	106	550	-0.4691674408602147
907	easy goal	106	600	-0.45812810752688143
907	easy goal	106	650	-0.4220394408602148
907	easy goal	106	700	NA
907	easy goal	106	750	NA
907	easy goal	106	800	NA
907	easy goal	106	850	NA
907	easy goal	106	900	NA
907	easy goal	106	950	-0.526720774193548
907	easy goal	106	1e3	-0.3391133741935482
907	easy goal	106	1050	-0.2255642741935482
907	easy goal	106	1100	-0.1474482741935481
907	easy goal	106	1150	-0.10405560752688141
907	easy goal	107	-200	-0.06192109216589855
907	easy goal	107	-150	-0.03728247311827948
907	easy goal	107	-100	0.01734702688172048
907	easy goal	107	-50	0.0409426935483872
907	easy goal	107	0	0.05123402688172041
907	easy goal	107	50	0.07926986021505389
907	easy goal	107	100	0.09101652688172053
907	easy goal	107	150	0.15007319354838713
907	easy goal	107	200	0.10865086021505392
907	easy goal	107	250	0.1602111935483872
907	easy goal	107	300	0.18835269354838716
907	easy goal	107	350	0.20311252688172052
907	easy goal	107	400	0.24532052688172046
907	easy goal	107	450	0.2866566935483872
907	easy goal	107	500	0.2689216935483872
907	easy goal	107	550	0.28515586021505385
907	easy goal	107	600	0.2307831935483872
907	easy goal	107	650	0.2819813602150538
907	easy goal	107	700	NA
907	easy goal	107	750	NA
907	easy goal	107	800	NA
907	easy goal	107	850	NA
907	easy goal	107	900	-0.5124438064516128
907	easy goal	107	950	0.36361279354838727
907	easy goal	107	1e3	0.5445331935483871
907	easy goal	107	1050	0.3644450268817205
907	easy goal	107	1100	0.25243636021505383
907	easy goal	107	1150	0.31527102688172054
907	easy goal	108	-200	NA
907	easy goal	108	-150	-0.12527506086956527
907	easy goal	108	-100	0.008993905797101354
907	easy goal	108	-50	0.03647473913043475
907	easy goal	108	0	0.05892723913043474
907	easy goal	108	50	0.04191307246376804
907	easy goal	108	100	0.047294239130434734
907	easy goal	108	150	-0.3176246608695653
907	easy goal	108	200	-0.4811981180124224
907	easy goal	108	250	-0.5310320942028985
907	easy goal	108	300	-0.5956152608695653
907	easy goal	108	350	-0.6091092608695653
907	easy goal	108	400	-0.5765389275362319
907	easy goal	108	450	-0.5676254275362319
907	easy goal	108	500	-0.5166004275362318
907	easy goal	108	550	-0.5100667608695653
907	easy goal	108	600	-0.48052859420289856
907	easy goal	108	650	-0.4501562608695653
907	easy goal	108	700	-0.4607164608695653
907	easy goal	108	750	NA
907	easy goal	108	800	NA
907	easy goal	108	850	NA
907	easy goal	108	900	-1.0473292608695655
907	easy goal	108	950	-0.8068909275362319
907	easy goal	108	1e3	-0.6511622608695653
907	easy goal	108	1050	-0.6088487608695653
907	easy goal	108	1100	-0.5316340942028986
907	easy goal	108	1150	-0.5136329275362319
907	easy goal	109	-200	-0.06768826666666687
907	easy goal	109	-150	-0.0072554333333335235
907	easy goal	109	-100	-0.00865626666666682
907	easy goal	109	-50	0.03902823333333316
907	easy goal	109	0	0.04457173333333316
907	easy goal	109	50	0.05480339999999987
907	easy goal	109	100	0.06664556666666648
907	easy goal	109	150	0.025123566666666635
907	easy goal	109	200	0.010412233333333262
907	easy goal	109	250	-0.02983626666666687
907	easy goal	109	300	0.0063172333333332276
907	easy goal	109	350	0.004342399999999784
907	easy goal	109	400	-0.012739600000000259
907	easy goal	109	450	-0.01880164761904776
907	easy goal	109	500	-0.019214433333333503
907	easy goal	109	550	0.011453233333333257
907	easy goal	109	600	NA
907	easy goal	109	650	NA
907	easy goal	109	700	NA
907	easy goal	109	750	-0.008962433333333575
907	easy goal	109	800	-0.02087326666666689
907	easy goal	109	850	0.039479733333333135
907	easy goal	109	900	0.014135733333333103
907	easy goal	109	950	0.023638066666666457
907	easy goal	109	1e3	0.05139756666666654
907	easy goal	109	1050	-0.002248100000000234
907	easy goal	109	1100	-0.01615560000000012
907	easy goal	109	1150	-0.0856692666666669
907	easy goal	110	-200	0.11116719354838699
907	easy goal	110	-150	-0.0055456397849463395
907	easy goal	110	-100	-0.020302473118279707
907	easy goal	110	-50	-0.03957247311827968
907	easy goal	110	0	-0.06427447311827954
907	easy goal	110	50	-0.055889473118279666
907	easy goal	110	100	-0.030900306451612975
907	easy goal	110	150	-0.11798863978494627
907	easy goal	110	200	-0.1551894731182796
907	easy goal	110	250	-0.2054381397849463
907	easy goal	110	300	-0.25134813978494636
907	easy goal	110	350	-0.2405966397849463
907	easy goal	110	400	-0.24530280645161295
907	easy goal	110	450	-0.23170913978494637
907	easy goal	110	500	-0.22044063978494632
907	easy goal	110	550	-0.20560313978494626
907	easy goal	110	600	-0.13132063978494632
907	easy goal	110	650	-0.1097659731182797
907	easy goal	110	700	-0.12087680645161303
907	easy goal	110	750	-0.10576280645161296
907	easy goal	110	800	NA
907	easy goal	110	850	NA
907	easy goal	110	900	NA
907	easy goal	110	950	NA
907	easy goal	110	1e3	-0.3361715564516129
907	easy goal	110	1050	-0.2386316397849464
907	easy goal	110	1100	-0.07037613978494628
907	easy goal	110	1150	-0.08415847311827969
907	easy goal	111	-200	0.10056310000000009
907	easy goal	111	-150	0.055249100000000086
907	easy goal	111	-100	0.007703266666666615
907	easy goal	111	-50	-0.06710673333333328
907	easy goal	111	0	-0.09640873333333322
907	easy goal	111	50	-0.1195395666666667
907	easy goal	111	100	-0.1192679000000001
907	easy goal	111	150	-0.13958240000000002
907	easy goal	111	200	-0.13526239999999992
907	easy goal	111	250	-0.1610007333333332
907	easy goal	111	300	-0.17972885238095238
907	easy goal	111	350	-0.18785136666666666
907	easy goal	111	400	-0.20683723333333326
907	easy goal	111	450	-0.19041456666666665
907	easy goal	111	500	-0.1716707333333333
907	easy goal	111	550	-0.16036656666666657
907	easy goal	111	600	-0.13197290000000006
907	easy goal	111	650	-0.10645523333333329
907	easy goal	111	700	-0.053044899999999874
907	easy goal	111	750	NA
907	easy goal	111	800	NA
907	easy goal	111	850	NA
907	easy goal	111	900	NA
907	easy goal	111	950	0.06990676666666662
907	easy goal	111	1e3	-0.07593176666666661
907	easy goal	111	1050	-0.0024764238095237472
907	easy goal	111	1100	0.01517993333333334
907	easy goal	111	1150	0.040417099999999984
907	easy goal	112	-200	-0.024060871428571367
907	easy goal	112	-150	0.056142033333333195
907	easy goal	112	-100	NA
907	easy goal	112	-50	NA
907	easy goal	112	0	NA
907	easy goal	112	50	0.05595084285714285
907	easy goal	112	100	0.39376930000000004
907	easy goal	112	150	0.19897319999999996
907	easy goal	112	200	0.15557919999999995
907	easy goal	112	250	0.1862910333333334
907	easy goal	112	300	0.21065053333333336
907	easy goal	112	350	0.15893170000000012
907	easy goal	112	400	0.060455866666666656
907	easy goal	112	450	-0.025616633333333343
907	easy goal	112	500	-0.09581563333333332
907	easy goal	112	550	-0.13169696666666666
907	easy goal	112	600	-0.15183230000000006
907	easy goal	112	650	-0.10347279999999992
907	easy goal	112	700	NA
907	easy goal	112	750	NA
907	easy goal	112	800	NA
907	easy goal	112	850	NA
907	easy goal	112	900	-0.36471030000000004
907	easy goal	112	950	0.05592845000000002
907	easy goal	112	1e3	-0.027779299999999906
907	easy goal	112	1050	0.062497199999999996
907	easy goal	112	1100	0.08656536666666674
907	easy goal	112	1150	0.0958335333333334
907	easy goal	113	-200	-0.01408049999999994
907	easy goal	113	-150	-0.02319149999999981
907	easy goal	113	-100	-0.0015234999999998629
907	easy goal	113	-50	0.013247833333333459
907	easy goal	113	0	0.02554766666666682
907	easy goal	113	50	0.10609166666666676
907	easy goal	113	100	0.13023216666666673
907	easy goal	113	150	0.14526016666666686
907	easy goal	113	200	0.21494566666666684
907	easy goal	113	250	0.25234150000000016
907	easy goal	113	300	0.21097183333333347
907	easy goal	113	350	0.16634033333333353
907	easy goal	113	400	0.2270991666666667
907	easy goal	113	450	0.2590830000000001
907	easy goal	113	500	0.25335600000000014
907	easy goal	113	550	0.27476928571428577
907	easy goal	113	600	0.2786716000000002
907	easy goal	113	650	0.27253700000000014
907	easy goal	113	700	0.27840500000000007
907	easy goal	113	750	0.26906500000000017
907	easy goal	113	800	0.2546151666666667
907	easy goal	113	850	0.30821025000000013
907	easy goal	113	900	NA
907	easy goal	113	950	NA
907	easy goal	113	1e3	NA
907	easy goal	113	1050	0.014300250000000125
907	easy goal	113	1100	0.34687400000000024
907	easy goal	113	1150	0.4571380000000001
907	easy goal	114	-200	0.11749366666666651
907	easy goal	114	-150	-0.017776666666666774
907	easy goal	114	-100	-0.14315913333333352
907	easy goal	114	-50	NA
907	easy goal	114	0	NA
907	easy goal	114	50	NA
907	easy goal	114	100	NA
907	easy goal	114	150	-0.5818026666666668
907	easy goal	114	200	-0.24313283333333344
907	easy goal	114	250	-0.3887500833333334
907	easy goal	114	300	-0.5122626666666668
907	easy goal	114	350	-0.5483025
907	easy goal	114	400	-0.49494200000000005
907	easy goal	114	450	-0.47721716666666675
907	easy goal	114	500	-0.49196483333333346
907	easy goal	114	550	-0.4885778333333335
907	easy goal	114	600	-0.5121736666666669
907	easy goal	114	650	-0.4998355000000001
907	easy goal	114	700	-0.5026375000000001
907	easy goal	114	750	-0.488394
907	easy goal	114	800	-0.4483960000000001
907	easy goal	114	850	-0.4132533333333335
907	easy goal	114	900	-0.39773716666666675
907	easy goal	114	950	-0.3663341666666668
907	easy goal	114	1e3	-0.3534768333333334
907	easy goal	114	1050	-0.3088206666666668
907	easy goal	114	1100	NA
907	easy goal	114	1150	NA
907	easy goal	115	-200	-2.2073732718754154e-5
907	easy goal	115	-150	0.00484218817204322
907	easy goal	115	-100	0.0015150215053765976
907	easy goal	115	-50	-0.004741145161290206
907	easy goal	115	0	-0.0015903118279569177
907	easy goal	115	50	0.007751188172043122
907	easy goal	115	100	0.025694188172043164
907	easy goal	115	150	0.015396188172043098
907	easy goal	115	200	0.020424354838709746
907	easy goal	115	250	0.02627335483870989
907	easy goal	115	300	0.07127102150537645
907	easy goal	115	350	0.05769568817204318
907	easy goal	115	400	0.054210688172043144
907	easy goal	115	450	0.06322368817204316
907	easy goal	115	500	0.05520685483870991
907	easy goal	115	550	0.09626868817204322
907	easy goal	115	600	0.1638653548387099
907	easy goal	115	650	NA
907	easy goal	115	700	NA
907	easy goal	115	750	NA
907	easy goal	115	800	0.15445185483870993
907	easy goal	115	850	0.36915952150537645
907	easy goal	115	900	0.19875068817204325
907	easy goal	115	950	0.062447854838709814
907	easy goal	115	1e3	0.03521968817204316
907	easy goal	115	1050	0.057307854838709815
907	easy goal	115	1100	0.05137385483870993
907	easy goal	115	1150	1.1618817204313754e-4
907	easy goal	116	-200	-0.009954004608294906
907	easy goal	116	-150	0.0012395430107527972
907	easy goal	116	-100	-0.002713290322580608
907	easy goal	116	-50	0.0031535430107527684
907	easy goal	116	0	0.009933209677419544
907	easy goal	116	50	-0.00788362365591396
907	easy goal	116	100	0.014947043010752706
907	easy goal	116	150	0.03307404301075271
907	easy goal	116	200	0.04342237634408611
907	easy goal	116	250	0.06919520967741939
907	easy goal	116	300	0.09470320967741941
907	easy goal	116	350	0.07084887634408606
907	easy goal	116	400	0.09442154301075267
907	easy goal	116	450	0.0920320430107527
907	easy goal	116	500	0.08709887634408608
907	easy goal	116	550	0.11644687634408617
907	easy goal	116	600	0.11071287634408604
907	easy goal	116	650	0.13100887634408606
907	easy goal	116	700	0.11579787634408611
907	easy goal	116	750	0.14985470967741943
907	easy goal	116	800	NA
907	easy goal	116	850	NA
907	easy goal	116	900	NA
907	easy goal	116	950	0.05420037634408607
907	easy goal	116	1e3	0.40926220967741944
907	easy goal	116	1050	0.34272490967741953
907	easy goal	116	1100	0.19843754301075278
907	easy goal	116	1150	0.25451470967741946
907	easy goal	117	-200	-0.0022370322580647084
907	easy goal	117	-150	0.0011311344086020931
907	easy goal	117	-100	0.0026501344086020673
907	easy goal	117	-50	-0.001290532258064599
907	easy goal	117	0	1.191344086020063e-4
907	easy goal	117	50	0.023181467741935375
907	easy goal	117	100	0.04926880107526865
907	easy goal	117	150	0.04868563440860204
907	easy goal	117	200	0.033731467741935216
907	easy goal	117	250	0.06467046774193534
907	easy goal	117	300	0.051642634408601916
907	easy goal	117	350	0.029375301075268645
907	easy goal	117	400	0.05768480107526871
907	easy goal	117	450	0.056844634408601914
907	easy goal	117	500	0.08693163440860197
907	easy goal	117	550	0.08985513440860197
907	easy goal	117	600	0.0992543010752686
907	easy goal	117	650	0.09952596774193534
907	easy goal	117	700	NA
907	easy goal	117	750	NA
907	easy goal	117	800	NA
907	easy goal	117	850	NA
907	easy goal	117	900	0.21687630107526865
907	easy goal	117	950	0.28528563440860205
907	easy goal	117	1e3	0.3601424677419353
907	easy goal	117	1050	0.354462634408602
907	easy goal	117	1100	0.07292213440860203
907	easy goal	117	1150	0.06277080107526863
907	easy goal	118	-200	-0.006913700460829604
907	easy goal	118	-150	-0.027125129032258277
907	easy goal	118	-100	-0.0038261290322582444
907	easy goal	118	-50	0.011752537634408386
907	easy goal	118	0	0.02726470430107497
907	easy goal	118	50	0.040465537634408445
907	easy goal	118	100	0.030000704301075043
907	easy goal	118	150	0.014766370967741768
907	easy goal	118	200	0.001757037634408487
907	easy goal	118	250	-0.04187479569892494
907	easy goal	118	300	-0.03530146236559162
907	easy goal	118	350	-0.05526612903225817
907	easy goal	118	400	-0.06242079569892489
907	easy goal	118	450	-0.07410362903225824
907	easy goal	118	500	-0.04651146236559156
907	easy goal	118	550	-0.09183312903225804
907	easy goal	118	600	NA
907	easy goal	118	650	NA
907	easy goal	118	700	NA
907	easy goal	118	750	0.1947335376344085
907	easy goal	118	800	0.3261860376344084
907	easy goal	118	850	0.2760804709677417
907	easy goal	118	900	0.04818472811059893
907	easy goal	118	950	-0.003464795698924957
907	easy goal	118	1e3	-0.02658146236559163
907	easy goal	118	1050	-0.06740946236559157
907	easy goal	118	1100	-0.13889529569892498
907	easy goal	118	1150	-0.2108026290322583
907	easy goal	119	-200	0.02028289999999986
907	easy goal	119	-150	NA
907	easy goal	119	-100	NA
907	easy goal	119	-50	-0.48815110000000006
907	easy goal	119	0	0.09668414999999986
907	easy goal	119	50	0.40983156666666654
907	easy goal	119	100	0.19676409999999978
907	easy goal	119	150	0.12424106666666646
907	easy goal	119	200	0.09777389999999982
907	easy goal	119	250	0.09521406666666647
907	easy goal	119	300	0.09482239999999982
907	easy goal	119	350	0.043694733333333145
907	easy goal	119	400	-0.017860600000000188
907	easy goal	119	450	-0.04867743333333352
907	easy goal	119	500	-0.05972126666666674
907	easy goal	119	550	-0.08861060000000014
907	easy goal	119	600	-0.07905710000000014
907	easy goal	119	650	NA
907	easy goal	119	700	NA
907	easy goal	119	750	-0.2660171
907	easy goal	119	800	-0.09574260000000019
907	easy goal	119	850	-0.015879766666666944
907	easy goal	119	900	-0.07680876666666688
907	easy goal	119	950	-0.0793901000000002
907	easy goal	119	1e3	-0.0907191000000002
907	easy goal	119	1050	-0.06976960000000017
907	easy goal	119	1100	-0.06155510000000031
907	easy goal	119	1150	-0.05056643333333347
907	easy goal	120	-200	-0.035323976958525245
907	easy goal	120	-150	-0.020632548387096755
907	easy goal	120	-100	-0.011553048387096846
907	easy goal	120	-50	0.02149428494623658
907	easy goal	120	0	0.05190261827956988
907	easy goal	120	50	0.07103661827956986
907	easy goal	120	100	0.09451061827956986
907	easy goal	120	150	0.13743711827956986
907	easy goal	120	200	0.16588761827957002
907	easy goal	120	250	0.19792478494623658
907	easy goal	120	300	0.23529661827956994
907	easy goal	120	350	0.24598111827956992
907	easy goal	120	400	0.24978911827956995
907	easy goal	120	450	0.2733386182795699
907	easy goal	120	500	0.2974359516129032
907	easy goal	120	550	0.29180611827957
907	easy goal	120	600	0.2889814516129033
907	easy goal	120	650	0.27459911827957
907	easy goal	120	700	NA
907	easy goal	120	750	NA
907	easy goal	120	800	NA
907	easy goal	120	850	0.0640374516129032
907	easy goal	120	900	0.19697728494623656
907	easy goal	120	950	0.18794461827956987
907	easy goal	120	1e3	0.1475594516129032
907	easy goal	120	1050	0.1813464516129033
907	easy goal	120	1100	0.22140245161290326
907	easy goal	120	1150	0.2580494516129032
907	easy goal	121	-200	-0.025864921658986097
907	easy goal	121	-150	-0.019395897849462312
907	easy goal	121	-100	-0.0011117311827956537
907	easy goal	121	-50	0.0235477688172044
907	easy goal	121	0	0.027135602150537712
907	easy goal	121	50	0.020410102150537696
907	easy goal	121	100	0.011055602150537691
907	easy goal	121	150	0.037124935483871045
907	easy goal	121	200	0.029511435483871102
907	easy goal	121	250	0.031524435483870995
907	easy goal	121	300	0.031664768817204335
907	easy goal	121	350	0.045653435483871053
907	easy goal	121	400	0.04635710215053764
907	easy goal	121	450	0.0697011021505376
907	easy goal	121	500	0.09526310215053761
907	easy goal	121	550	0.12263393548387103
907	easy goal	121	600	0.17968943548387117
907	easy goal	121	650	NA
907	easy goal	121	700	NA
907	easy goal	121	750	0.3516959354838711
907	easy goal	121	800	0.6202771021505377
907	easy goal	121	850	0.5583606021505377
907	easy goal	121	900	0.3273777354838711
907	easy goal	121	950	0.28602043548387107
907	easy goal	121	1e3	0.3174564354838711
907	easy goal	121	1050	0.31344276881720434
907	easy goal	121	1100	0.34106843548387106
907	easy goal	121	1150	0.3127582688172043
907	easy goal	122	-200	0.1411704423963134
907	easy goal	122	-150	0.09768203763440875
907	easy goal	122	-100	-0.003320795698924591
907	easy goal	122	-50	-0.09139696236559125
907	easy goal	122	0	-0.16766312903225797
907	easy goal	122	50	-0.2327356290322579
907	easy goal	122	100	-0.23149062903225803
907	easy goal	122	150	NA
907	easy goal	122	200	NA
907	easy goal	122	250	-0.460532629032258
907	easy goal	122	300	-0.2616588790322578
907	easy goal	122	350	-0.16342746236559122
907	easy goal	122	400	-0.17774029569892455
907	easy goal	122	450	-0.18782196236559123
907	easy goal	122	500	-0.16107062903225797
907	easy goal	122	550	-0.14098746236559126
907	easy goal	122	600	-0.12519479569892464
907	easy goal	122	650	-0.11571979569892465
907	easy goal	122	700	-0.15451079569892454
907	easy goal	122	750	-0.16849729569892458
907	easy goal	122	800	-0.20768812903225795
907	easy goal	122	850	-0.22775862903225805
907	easy goal	122	900	-0.2662884623655913
907	easy goal	122	950	-0.25407362903225794
907	easy goal	122	1e3	NA
907	easy goal	122	1050	NA
907	easy goal	122	1100	NA
907	easy goal	122	1150	NA
907	easy goal	123	-200	0.029407566820276326
907	easy goal	123	-150	0.005553043010752508
907	easy goal	123	-100	0.008147709677419105
907	easy goal	123	-50	-0.01244862365591426
907	easy goal	123	0	-0.035560956989247515
907	easy goal	123	50	-0.08868179032258088
907	easy goal	123	100	-0.17342612365591403
907	easy goal	123	150	-0.21357895698924753
907	easy goal	123	200	-0.29243545698924756
907	easy goal	123	250	-0.33060712365591427
907	easy goal	123	300	-0.3534647903225809
907	easy goal	123	350	-0.4056582903225809
907	easy goal	123	400	-0.43797479032258074
907	easy goal	123	450	-0.45181829032258075
907	easy goal	123	500	-0.45406962365591413
907	easy goal	123	550	-0.4746409569892476
907	easy goal	123	600	-0.47589962365591415
907	easy goal	123	650	-0.46374195698924753
907	easy goal	123	700	NA
907	easy goal	123	750	NA
907	easy goal	123	800	NA
907	easy goal	123	850	-0.43394829032258064
907	easy goal	123	900	-0.43692295698924744
907	easy goal	123	950	-0.20311562365591418
907	easy goal	123	1e3	-0.1406956903225808
907	easy goal	123	1050	-0.20162209032258085
907	easy goal	123	1100	-0.1938072903225808
907	easy goal	123	1150	-0.12146095698924746
907	easy goal	124	-200	0.0375302442396316
907	easy goal	124	-150	-0.008941112903225523
907	easy goal	124	-100	-0.004880612903225723
907	easy goal	124	-50	-0.010289446236558955
907	easy goal	124	0	-0.019674112903225627
907	easy goal	124	50	0.003269220430107763
907	easy goal	124	100	0.019880053763441003
907	easy goal	124	150	0.056470053763440976
907	easy goal	124	200	0.05625138709677439
907	easy goal	124	250	0.10053438709677431
907	easy goal	124	300	0.15621722043010786
907	easy goal	124	350	0.1916993870967744
907	easy goal	124	400	0.21389022043010772
907	easy goal	124	450	0.2103012204301077
907	easy goal	124	500	0.2228245537634411
907	easy goal	124	550	0.19264622043010773
907	easy goal	124	600	0.16321155376344101
907	easy goal	124	650	0.12240705376344103
907	easy goal	124	700	0.1435677204301077
907	easy goal	124	750	NA
907	easy goal	124	800	NA
907	easy goal	124	850	-0.11496561290322571
907	easy goal	124	900	0.05391263709677441
907	easy goal	124	950	0.1323118870967744
907	easy goal	124	1e3	0.09008355376344108
907	easy goal	124	1050	0.04840472043010776
907	easy goal	124	1100	0.04423422043010775
907	easy goal	124	1150	0.09428838709677441
907	easy goal	125	-200	-0.02483324423963129
907	easy goal	125	-150	-0.03547205376344068
907	easy goal	125	-100	-0.003065053763440758
907	easy goal	125	-50	0.011084612903225969
907	easy goal	125	0	0.05642461290322598
907	easy goal	125	50	0.09473844623655925
907	easy goal	125	100	0.14856094623655922
907	easy goal	125	150	0.17482861290322585
907	easy goal	125	200	0.15233061290322594
907	easy goal	125	250	0.1606619462365592
907	easy goal	125	300	0.14210727956989255
907	easy goal	125	350	0.10898677956989251
907	easy goal	125	400	0.11334144623655917
907	easy goal	125	450	0.10651344623655927
907	easy goal	125	500	0.06630377956989257
907	easy goal	125	550	0.07072544623655934
907	easy goal	125	600	0.06600827956989257
907	easy goal	125	650	0.0693857795698926
907	easy goal	125	700	0.06376977956989253
907	easy goal	125	750	0.0894277795698925
907	easy goal	125	800	0.09180261290322589
907	easy goal	125	850	NA
907	easy goal	125	900	NA
907	easy goal	125	950	NA
907	easy goal	125	1e3	NA
907	easy goal	125	1050	-0.2527281370967741
907	easy goal	125	1100	-0.1484117870967741
907	easy goal	125	1150	-0.12715805376344078
907	easy goal	126	-200	0.04972403333333338
907	easy goal	126	-150	0.013110366666666687
907	easy goal	126	-100	-0.02213096666666677
907	easy goal	126	-50	-0.012993466666666675
907	easy goal	126	0	-0.027709966666666624
907	easy goal	126	50	-0.013127966666666602
907	easy goal	126	100	7.10866666666717e-4
907	easy goal	126	150	0.02514486666666671
907	easy goal	126	200	0.04624369999999992
907	easy goal	126	250	0.05991520000000006
907	easy goal	126	300	0.10590786666666663
907	easy goal	126	350	0.0998190333333333
907	easy goal	126	400	0.1295713666666667
907	easy goal	126	450	0.13168336666666666
907	easy goal	126	500	0.19921536666666673
907	easy goal	126	550	0.19973620000000003
907	easy goal	126	600	0.16641303333333335
907	easy goal	126	650	0.18797636666666673
907	easy goal	126	700	NA
907	easy goal	126	750	NA
907	easy goal	126	800	NA
907	easy goal	126	850	NA
907	easy goal	126	900	0.29021186666666665
907	easy goal	126	950	0.34435103333333333
907	easy goal	126	1e3	0.3132658666666666
907	easy goal	126	1050	0.07625536666666655
907	easy goal	126	1100	NA
907	easy goal	126	1150	NA
907	easy goal	127	-200	-0.005198276497695632
907	easy goal	127	-150	0.02717391397849478
907	easy goal	127	-100	0.0028845806451614684
907	easy goal	127	-50	0.0027709139784948267
907	easy goal	127	0	-0.0267647526881718
907	easy goal	127	50	-0.030133252688171835
907	easy goal	127	100	0.008913413978494914
907	easy goal	127	150	0.028954913978494812
907	easy goal	127	200	0.010963580645161564
907	easy goal	127	250	0.16664391397849485
907	easy goal	127	300	0.12464874731182814
907	easy goal	127	350	0.17732558064516155
907	easy goal	127	400	0.12221991397849481
907	easy goal	127	450	0.13614874731182813
907	easy goal	127	500	0.17177674731182813
907	easy goal	127	550	0.18911058064516148
907	easy goal	127	600	0.14320574731182814
907	easy goal	127	650	0.17633841397849492
907	easy goal	127	700	0.31072908064516147
907	easy goal	127	750	0.32327858064516146
907	easy goal	127	800	0.26534491397849486
907	easy goal	127	850	0.26867091397849485
907	easy goal	127	900	NA
907	easy goal	127	950	0.011317580645161307
907	easy goal	127	1e3	0.3839338663594472
907	easy goal	127	1050	0.4966790806451616
907	easy goal	127	1100	0.42094624731182817
907	easy goal	127	1150	0.3140002473118282
907	easy goal	128	-200	0.0646997373271889
907	easy goal	128	-150	0.05158295161290324
907	easy goal	128	-100	-0.06464738172043005
907	easy goal	128	-50	-0.015526715053763462
907	easy goal	128	0	-0.04689188172043016
907	easy goal	128	50	-0.03964871505376336
907	easy goal	128	100	0.01432811827956996
907	easy goal	128	150	-0.02011254838709675
907	easy goal	128	200	0.05501978494623646
907	easy goal	128	250	0.18269145161290323
907	easy goal	128	300	0.11584445161290328
907	easy goal	128	350	0.15481645161290328
907	easy goal	128	400	0.2088879516129032
907	easy goal	128	450	0.20868445161290325
907	easy goal	128	500	0.23488978494623666
907	easy goal	128	550	0.25568578494623645
907	easy goal	128	600	0.22630695161290326
907	easy goal	128	650	0.13305261827956985
907	easy goal	128	700	0.18288411827956988
907	easy goal	128	750	0.14687445161290325
907	easy goal	128	800	NA
907	easy goal	128	850	NA
907	easy goal	128	900	NA
907	easy goal	128	950	-0.30512954838709677
907	easy goal	128	1e3	-0.003020881720430172
907	easy goal	128	1050	0.07744888018433173
907	easy goal	128	1100	0.10479978494623661
907	easy goal	128	1150	0.12441411827956994
907	easy goal	129	-200	-0.07323283333333304
907	easy goal	129	-150	-0.02618499999999983
907	easy goal	129	-100	-0.01369833333333322
907	easy goal	129	-50	0.03454066666666685
907	easy goal	129	0	0.07857550000000013
907	easy goal	129	50	0.11256883333333345
907	easy goal	129	100	0.10577100000000013
907	easy goal	129	150	0.16422083333333348
907	easy goal	129	200	0.11847900000000015
907	easy goal	129	250	0.012493119047619215
907	easy goal	129	300	-0.012618166666666398
907	easy goal	129	350	-0.001991166666666417
907	easy goal	129	400	0.10310233333333348
907	easy goal	129	450	0.13446563333333356
907	easy goal	129	500	0.1821296904761908
907	easy goal	129	550	0.18832850000000012
907	easy goal	129	600	0.2428368333333335
907	easy goal	129	650	0.24837633333333353
907	easy goal	129	700	NA
907	easy goal	129	750	NA
907	easy goal	129	800	NA
907	easy goal	129	850	-0.019603499999999736
907	easy goal	129	900	0.07641050000000023
907	easy goal	129	950	0.036956833333333584
907	easy goal	129	1e3	-0.09304333333333314
907	easy goal	129	1050	-0.08131749999999978
907	easy goal	129	1100	-0.059156666666666524
907	easy goal	129	1150	-0.07343816666666643
907	easy goal	130	-200	0.13388330875576024
907	easy goal	130	-150	0.0841934516129031
907	easy goal	130	-100	-0.035183881720430264
907	easy goal	130	-50	-0.09790071505376348
907	easy goal	130	0	-0.1073060483870969
907	easy goal	130	50	-0.12363674838709678
907	easy goal	130	100	NA
907	easy goal	130	150	NA
907	easy goal	130	200	NA
907	easy goal	130	250	-0.091472048387097
907	easy goal	130	300	-0.0376067483870969
907	easy goal	130	350	-0.04552254838709687
907	easy goal	130	400	-0.036831548387096825
907	easy goal	130	450	-0.04676754838709692
907	easy goal	130	500	-0.06770104838709701
907	easy goal	130	550	0.011938951612903074
907	easy goal	130	600	-0.06425988172043029
907	easy goal	130	650	-0.014917881720430218
907	easy goal	130	700	-0.017406048387096956
907	easy goal	130	750	-0.0072132150537636
907	easy goal	130	800	-0.018731715053763587
907	easy goal	130	850	0.014152784946236396
907	easy goal	130	900	-0.051583715053763614
907	easy goal	130	950	-0.06787154838709693
907	easy goal	130	1e3	-0.14305454838709694
907	easy goal	130	1050	-0.13540254838709678
907	easy goal	130	1100	-0.14202804838709682
907	easy goal	130	1150	NA
907	easy goal	131	-200	0.04486224423963155
907	easy goal	131	-150	9.545537634410017e-4
907	easy goal	131	-100	-0.002653779569892286
907	easy goal	131	-50	-0.02969694623655898
907	easy goal	131	0	-0.020943112903225664
907	easy goal	131	50	-0.009801779569892291
907	easy goal	131	100	0.025752387096774337
907	easy goal	131	150	0.049046887096774405
907	easy goal	131	200	0.08688055376344102
907	easy goal	131	250	0.11233605376344102
907	easy goal	131	300	0.12679422043010766
907	easy goal	131	350	0.14717155376344113
907	easy goal	131	400	0.16520122043010765
907	easy goal	131	450	0.1960767204301077
907	easy goal	131	500	0.2206017204301077
907	easy goal	131	550	0.27376405376344115
907	easy goal	131	600	0.2896737204301077
907	easy goal	131	650	0.3175047204301076
907	easy goal	131	700	0.33489338709677446
907	easy goal	131	750	NA
907	easy goal	131	800	NA
907	easy goal	131	850	NA
907	easy goal	131	900	-0.039057612903225625
907	easy goal	131	950	0.3352015870967745
907	easy goal	131	1e3	0.41399488709677446
907	easy goal	131	1050	0.45656955376344105
907	easy goal	131	1100	0.4289460537634411
907	easy goal	131	1150	0.43127222043010777
907	easy goal	132	-200	-0.07997067741935458
907	easy goal	132	-150	0.005107322580645279
907	easy goal	132	-100	0.0313918225806454
907	easy goal	132	-50	0.021396989247312037
907	easy goal	132	0	0.035402989247312076
907	easy goal	132	50	0.09753532258064539
907	easy goal	132	100	0.13449165591397869
907	easy goal	132	150	0.2264063225806455
907	easy goal	132	200	0.1563533225806454
907	easy goal	132	250	0.16792265591397873
907	easy goal	132	300	0.10625882258064534
907	easy goal	132	350	-0.02780717741935453
907	easy goal	132	400	-0.0726716774193547
907	easy goal	132	450	-0.06855134408602126
907	easy goal	132	500	-0.0643946774193546
907	easy goal	132	550	-0.07929351075268798
907	easy goal	132	600	-0.06858884408602132
907	easy goal	132	650	-0.08421084408602127
907	easy goal	132	700	-0.004886510752687941
907	easy goal	132	750	-0.018518177419354576
907	easy goal	132	800	-0.06614201075268793
907	easy goal	132	850	-0.087048510752688
907	easy goal	132	900	-0.06433367741935458
907	easy goal	132	950	-0.058777677419354614
907	easy goal	132	1e3	-0.04322867741935458
907	easy goal	132	1050	NA
907	easy goal	132	1100	NA
907	easy goal	132	1150	0.009026322580645285
907	easy goal	133	-200	-0.04365011520737332
907	easy goal	133	-150	-0.004199758064516186
907	easy goal	133	-100	-0.0019817580645162813
907	easy goal	133	-50	0.011343075268817207
907	easy goal	133	0	0.0457635752688171
907	easy goal	133	50	0.059511075268817194
907	easy goal	133	100	0.10301040860215045
907	easy goal	133	150	0.028131408602150465
907	easy goal	133	200	0.053388575268817164
907	easy goal	133	250	0.0095575752688171391
907	easy goal	133	300	0.05176907526881721
907	easy goal	133	350	0.05749440860215042
907	easy goal	133	400	0.06997224193548372
907	easy goal	133	450	0.001559075268817045
907	easy goal	133	500	0.03296257526881711
907	easy goal	133	550	0.03460824193548384
907	easy goal	133	600	0.0034312419354837567
907	easy goal	133	650	-0.009315424731182928
907	easy goal	133	700	-0.046412258064516244
907	easy goal	133	750	-0.09667192473118284
907	easy goal	133	800	-0.08822725806451608
907	easy goal	133	850	NA
907	easy goal	133	900	NA
907	easy goal	133	950	-0.3530972580645164
907	easy goal	133	1e3	-0.2171649247311828
907	easy goal	133	1050	-0.09831309139784954
907	easy goal	133	1100	-0.15906959139784957
907	easy goal	133	1150	-0.19637875806451613
907	easy goal	134	-200	0.04387409523809523
907	easy goal	134	-150	NA
907	easy goal	134	-100	NA
907	easy goal	134	-50	NA
907	easy goal	134	0	-0.2632445714285714
907	easy goal	134	50	0.1487199285714286
907	easy goal	134	100	0.15555292857142863
907	easy goal	134	150	0.10444209523809526
907	easy goal	134	200	0.05479359523809527
907	easy goal	134	250	0.17906342857142854
907	easy goal	134	300	0.2060209285714286
907	easy goal	134	350	0.17255226190476192
907	easy goal	134	400	0.12043526190476195
907	easy goal	134	450	0.007453095238095268
907	easy goal	134	500	-0.045546404761904746
907	easy goal	134	550	-0.10832107142857139
907	easy goal	134	600	-0.12045657142857132
907	easy goal	134	650	-0.0910257380952381
907	easy goal	134	700	-0.1073399047619048
907	easy goal	134	750	-0.11119790476190472
907	easy goal	134	800	-0.13724523809523811
907	easy goal	134	850	-0.14811990476190476
907	easy goal	134	900	-0.15067590476190476
907	easy goal	134	950	-0.10867757142857142
907	easy goal	134	1e3	-0.09837714285714284
907	easy goal	134	1050	-0.06877390476190477
907	easy goal	134	1100	-0.08720223809523804
907	easy goal	134	1150	-0.07990523809523802
907	easy goal	135	-200	-0.00899311278195482
907	easy goal	135	-150	-0.023464184210526245
907	easy goal	135	-100	0.03395614912280701
907	easy goal	135	-50	NA
907	easy goal	135	0	NA
907	easy goal	135	50	NA
907	easy goal	135	100	NA
907	easy goal	135	150	0.22770406578947378
907	easy goal	135	200	0.337839149122807
907	easy goal	135	250	0.3132124824561404
907	easy goal	135	300	0.3170871491228071
907	easy goal	135	350	0.28641848245614043
907	easy goal	135	400	0.22080231578947376
907	easy goal	135	450	0.12406781578947375
907	easy goal	135	500	0.0516696491228071
907	easy goal	135	550	0.021081149122807192
907	easy goal	135	600	-0.00171235087719294
907	easy goal	135	650	-0.07638135087719282
907	easy goal	135	700	-0.024308350877192925
907	easy goal	135	750	-0.0028296842105263544
907	easy goal	135	800	0.02002814912280715
907	easy goal	135	850	-0.028952017543859565
907	easy goal	135	900	-0.0749980175438596
907	easy goal	135	950	NA
907	easy goal	135	1e3	NA
907	easy goal	135	1050	NA
907	easy goal	135	1100	-0.28129768421052637
907	easy goal	135	1150	0.13322451578947375
907	easy goal	136	-200	-0.023939866666666736
907	easy goal	136	-150	-0.009641200000000127
907	easy goal	136	-100	0.007163966666666595
907	easy goal	136	-50	-5.460333333333622e-4
907	easy goal	136	0	0.02696313333333326
907	easy goal	136	50	0.052359633333333155
907	easy goal	136	100	0.037613633333333375
907	easy goal	136	150	0.07333096666666646
907	easy goal	136	200	0.11047646666666659
907	easy goal	136	250	0.10057563333333326
907	easy goal	136	300	0.12201163333333327
907	easy goal	136	350	0.12487675238095226
907	easy goal	136	400	0.10289029999999995
907	easy goal	136	450	0.09816313333333333
907	easy goal	136	500	0.16414430000000002
907	easy goal	136	550	0.17602696666666665
907	easy goal	136	600	0.1598404666666665
907	easy goal	136	650	0.2067134666666668
907	easy goal	136	700	NA
907	easy goal	136	750	NA
907	easy goal	136	800	0.0873056333333333
907	easy goal	136	850	0.0604519666666666
907	easy goal	136	900	-0.07250136666666673
907	easy goal	136	950	-0.12120086666666678
907	easy goal	136	1e3	-0.12744303333333332
907	easy goal	136	1050	-0.09324303333333346
907	easy goal	136	1100	-0.13996370000000002
907	easy goal	136	1150	-0.1643342000000001
907	easy goal	137	-200	0.021407600000000155
907	easy goal	137	-150	-0.01987139999999991
907	easy goal	137	-100	-0.014695233333333299
907	easy goal	137	-50	-0.004093566666666604
907	easy goal	137	0	0.017252600000000173
907	easy goal	137	50	0.006630266666666736
907	easy goal	137	100	0.007744933333333333
907	easy goal	137	150	0.04015010000000019
907	easy goal	137	200	0.057559600000000044
907	easy goal	137	250	0.11770076666666673
907	easy goal	137	300	0.15111643333333338
907	easy goal	137	350	0.14680610000000005
907	easy goal	137	400	0.1411509333333334
907	easy goal	137	450	0.19864343333333342
907	easy goal	137	500	0.2111661000000001
907	easy goal	137	550	0.2016777666666667
907	easy goal	137	600	0.15386860000000002
907	easy goal	137	650	0.1390332666666668
907	easy goal	137	700	0.18452018333333353
907	easy goal	137	750	NA
907	easy goal	137	800	NA
907	easy goal	137	850	NA
907	easy goal	137	900	NA
907	easy goal	137	950	0.23961373333333338
907	easy goal	137	1e3	0.1994007333333334
907	easy goal	137	1050	0.05313636190476201
907	easy goal	137	1100	0.13628826666666663
907	easy goal	137	1150	0.19456560000000014
907	easy goal	138	-200	0.039565894009216764
907	easy goal	138	-150	0.028244489247312005
907	easy goal	138	-100	9.971559139787534e-4
907	easy goal	138	-50	-0.024437177419354656
907	easy goal	138	0	-0.05096467741935462
907	easy goal	138	50	-0.05245034408602126
907	easy goal	138	100	-0.07893751075268796
907	easy goal	138	150	-0.09122101075268792
907	easy goal	138	200	-0.08670117741935468
907	easy goal	138	250	-0.07152651075268805
907	easy goal	138	300	-0.04813567741935465
907	easy goal	138	350	-0.02658567741935462
907	easy goal	138	400	0.003504989247312018
907	easy goal	138	450	0.04045748924731204
907	easy goal	138	500	0.07021065591397872
907	easy goal	138	550	0.08685332258064538
907	easy goal	138	600	0.07308115591397864
907	easy goal	138	650	0.15761732258064542
907	easy goal	138	700	NA
907	easy goal	138	750	NA
907	easy goal	138	800	NA
907	easy goal	138	850	0.02998932258064535
907	easy goal	138	900	0.24023572258064538
907	easy goal	138	950	0.18461532258064536
907	easy goal	138	1e3	0.2218158225806454
907	easy goal	138	1050	0.25948232258064535
907	easy goal	138	1100	0.3008743225806454
907	easy goal	138	1150	0.31083732258064534
907	easy goal	139	-200	0.008178534562211721
907	easy goal	139	-150	0.014990344086021365
907	easy goal	139	-100	-0.016741322580645424
907	easy goal	139	-50	-0.012122989247312033
907	easy goal	139	0	0.004332344086021307
907	easy goal	139	50	0.017073344086021347
907	easy goal	139	100	0.06931551075268794
907	easy goal	139	150	0.05737401075268803
907	easy goal	139	200	0.07355134408602122
907	easy goal	139	250	0.07692434408602129
907	easy goal	139	300	0.08077084408602131
907	easy goal	139	350	0.08497134408602129
907	easy goal	139	400	0.09450467741935469
907	easy goal	139	450	0.0925376774193547
907	easy goal	139	500	0.10896017741935471
907	easy goal	139	550	0.17605217741935472
907	easy goal	139	600	0.12134767741935448
907	easy goal	139	650	NA
907	easy goal	139	700	NA
907	easy goal	139	750	-0.38893232258064536
907	easy goal	139	800	-0.022849322580645353
907	easy goal	139	850	0.313681510752688
907	easy goal	139	900	0.5021560774193545
907	easy goal	139	950	0.332593010752688
907	easy goal	139	1e3	0.35780484408602137
907	easy goal	139	1050	0.3770808440860214
907	easy goal	139	1100	0.3319956774193547
907	easy goal	139	1150	0.23641517741935467
907	easy goal	140	-200	0.007017847926267378
907	easy goal	140	-150	0.005417919354838781
907	easy goal	140	-100	0.01885458602150547
907	easy goal	140	-50	0.005342252688172122
907	easy goal	140	0	-0.03780224731182787
907	easy goal	140	50	-0.08344391397849445
907	easy goal	140	100	-0.10894458064516115
907	easy goal	140	150	-0.1249614139784944
907	easy goal	140	200	-0.13109424731182773
907	easy goal	140	250	-0.18126308064516125
907	easy goal	140	300	-0.14189691397849447
907	easy goal	140	350	-0.1377020806451612
907	easy goal	140	400	-0.17022441397849444
907	easy goal	140	450	-0.21802158064516117
907	easy goal	140	500	-0.17420574731182792
907	easy goal	140	550	-0.17196041397849457
907	easy goal	140	600	-0.15990024731182784
907	easy goal	140	650	NA
907	easy goal	140	700	NA
907	easy goal	140	750	NA
907	easy goal	140	800	NA
907	easy goal	140	850	-0.5327760806451611
907	easy goal	140	900	-0.3602130806451611
907	easy goal	140	950	-0.31695243778801824
907	easy goal	140	1e3	-0.2992390806451611
907	easy goal	140	1050	-0.3060605806451611
907	easy goal	140	1100	-0.3065559139784945
907	easy goal	140	1150	-0.35897991397849444
