Subject	condition	TrialId	bin	pupil_change
873	easy goal	1	-200	0.04520291935483852
873	easy goal	1	-150	0.019524086021505276
873	easy goal	1	-100	-0.010668747311828097
873	easy goal	1	-50	-0.029219580645161298
873	easy goal	1	0	-0.01996874731182811
873	easy goal	1	50	-0.027868380645161304
873	easy goal	1	100	-0.024141437788018534
873	easy goal	1	150	-0.047473580645161384
873	easy goal	1	200	-0.04939308064516138
873	easy goal	1	250	-0.05561324731182804
873	easy goal	1	300	-0.06705208064516133
873	easy goal	1	350	-0.058337247311828135
873	easy goal	1	400	-0.058585580645161395
873	easy goal	1	450	-0.0369285806451615
873	easy goal	1	500	-0.008329413978494701
873	easy goal	1	550	-0.011596580645161522
873	easy goal	1	600	-0.013281080645161314
873	easy goal	1	650	0.019827419354838522
873	easy goal	1	700	0.0028780860215051884
873	easy goal	1	750	-0.006464747311828001
873	easy goal	1	800	-0.09931808064516146
873	easy goal	1	850	-0.33564558064516126
873	easy goal	1	900	-0.21550541397849465
873	easy goal	1	950	-0.09144358064516145
873	easy goal	1	1e3	-0.06226308064516147
873	easy goal	1	1050	-0.08025441397849471
873	easy goal	1	1100	-0.06393574731182812
873	easy goal	1	1150	-0.06366824731182812
873	easy goal	2	-200	-0.033807294930875705
873	easy goal	2	-150	-0.021153247311828105
873	easy goal	2	-100	0.007530919354838665
873	easy goal	2	-50	0.02712408602150525
873	easy goal	2	0	0.025940086021505254
873	easy goal	2	50	0.04273425268817199
873	easy goal	2	100	0.054609752688171996
873	easy goal	2	150	0.05660808602150532
873	easy goal	2	200	0.059433752688172005
873	easy goal	2	250	0.07458941935483872
873	easy goal	2	300	0.08182941935483863
873	easy goal	2	350	0.10322091935483872
873	easy goal	2	400	0.12396875268817187
873	easy goal	2	450	0.1453862526881721
873	easy goal	2	500	0.15977308602150528
873	easy goal	2	550	0.16582225268817208
873	easy goal	2	600	0.15937158602150533
873	easy goal	2	650	0.15881858602150536
873	easy goal	2	700	0.13224658602150527
873	easy goal	2	750	0.11492491935483858
873	easy goal	2	800	0.0708614193548387
873	easy goal	2	850	NA
873	easy goal	2	900	-4.7758064516134624e-4
873	easy goal	2	950	0.08212891935483868
873	easy goal	2	1e3	0.1021485860215053
873	easy goal	2	1050	0.09201808602150525
873	easy goal	2	1100	0.10447508602150542
873	easy goal	2	1150	0.12051591935483863
873	easy goal	3	-200	0.0026743548387096867
873	easy goal	3	-150	0.011129521505376308
873	easy goal	3	-100	-2.144784946237118e-4
873	easy goal	3	-50	-0.01034147849462371
873	easy goal	3	0	-0.0036936451612904118
873	easy goal	3	50	0.006255354838709574
873	easy goal	3	100	-0.0024236451612903074
873	easy goal	3	150	-0.0034631451612903152
873	easy goal	3	200	0.0198130215053763
873	easy goal	3	250	0.007415188172043008
873	easy goal	3	300	0.015799021505376265
873	easy goal	3	350	0.0158425215053762
873	easy goal	3	400	0.021606354838709613
873	easy goal	3	450	0.043394021505376225
873	easy goal	3	500	0.056217688172043014
873	easy goal	3	550	0.0578813548387096
873	easy goal	3	600	0.0797856881720429
873	easy goal	3	650	0.10329902150537625
873	easy goal	3	700	0.030077854838709728
873	easy goal	3	750	NA
873	easy goal	3	800	-0.24424064516129018
873	easy goal	3	850	0.1739619548387096
873	easy goal	3	900	0.059444688172043035
873	easy goal	3	950	0.05578802150537632
873	easy goal	3	1e3	0.05501685483870955
873	easy goal	3	1050	0.05859418817204295
873	easy goal	3	1100	0.07658185483870954
873	easy goal	3	1150	0.06808668817204293
873	easy goal	4	-200	-0.027274255172414018
873	easy goal	4	-150	-0.010244488505747254
873	easy goal	4	-100	0.009275011494252658
873	easy goal	4	-50	0.004211678160919312
873	easy goal	4	0	0.019486344827586006
873	easy goal	4	50	0.02604184482758602
873	easy goal	4	100	0.02967284482758596
873	easy goal	4	150	0.02329834482758601
873	easy goal	4	200	0.019618178160919264
873	easy goal	4	250	0.05720801149425266
873	easy goal	4	300	0.07765184482758596
873	easy goal	4	350	0.0671166781609193
873	easy goal	4	400	0.06438267816091921
873	easy goal	4	450	0.06812451149425265
873	easy goal	4	500	0.08016017816091936
873	easy goal	4	550	0.10466717816091935
873	easy goal	4	600	0.11213717816091928
873	easy goal	4	650	0.11494917816091925
873	easy goal	4	700	0.11072851149425274
873	easy goal	4	750	0.10414167816091931
873	easy goal	4	800	0.0811441781609193
873	easy goal	4	850	0.0765000114942526
873	easy goal	4	900	0.06368851149425263
873	easy goal	4	950	0.08198917816091929
873	easy goal	4	1e3	0.06969267816091929
873	easy goal	4	1050	0.05168684482758593
873	easy goal	4	1100	0.017683678160919314
873	easy goal	4	1150	0.03613101149425265
873	easy goal	5	-200	0.03861304761904775
873	easy goal	5	-150	0.01029871428571442
873	easy goal	5	-100	-0.03572428571428551
873	easy goal	5	-50	-0.019514285714285668
873	easy goal	5	0	0.012920547619047781
873	easy goal	5	50	-0.02357911904761904
873	easy goal	5	100	-0.059636785714285656
873	easy goal	5	150	-0.06326511904761885
873	easy goal	5	200	-0.04947988571428556
873	easy goal	5	250	-0.06604453571428548
873	easy goal	5	300	0.018121380952381028
873	easy goal	5	350	-0.05414345238095216
873	easy goal	5	400	-0.015615452380952188
873	easy goal	5	450	-0.07523061904761885
873	easy goal	5	500	-0.08991678571428559
873	easy goal	5	550	-0.08379403571428556
873	easy goal	5	600	-0.08626111904761895
873	easy goal	5	650	-0.07751045238095215
873	easy goal	5	700	-0.10854645238095222
873	easy goal	5	750	-0.08094408571428557
873	easy goal	5	800	-0.09579011904761892
873	easy goal	5	850	-0.10256845238095225
873	easy goal	5	900	-0.0778807857142857
873	easy goal	5	950	-0.06331003571428562
873	easy goal	5	1e3	-0.06756461904761875
873	easy goal	5	1050	-0.056022952380952264
873	easy goal	5	1100	-0.08027653571428561
873	easy goal	5	1150	-0.08645528571428551
873	easy goal	6	-200	0.017380783333333483
873	easy goal	6	-150	-5.787166666665344e-4
873	easy goal	6	-100	-0.004205466666666613
873	easy goal	6	-50	-0.023090466666666476
873	easy goal	6	0	NA
873	easy goal	6	50	NA
873	easy goal	6	100	NA
873	easy goal	6	150	-0.018890466666666494
873	easy goal	6	200	NA
873	easy goal	6	250	NA
873	easy goal	6	300	NA
873	easy goal	6	350	NA
873	easy goal	6	400	NA
873	easy goal	6	450	NA
873	easy goal	6	500	NA
873	easy goal	6	550	NA
873	easy goal	6	600	NA
873	easy goal	6	650	NA
873	easy goal	6	700	NA
873	easy goal	6	750	-0.17421246666666645
873	easy goal	6	800	-0.5379004666666667
873	easy goal	6	850	NA
873	easy goal	6	900	-0.3066139666666665
873	easy goal	6	950	NA
873	easy goal	6	1e3	-0.40405213333333334
873	easy goal	6	1050	-0.19950446666666663
873	easy goal	6	1100	-0.17891996666666662
873	easy goal	6	1150	-0.22448713333333328
873	easy goal	7	-200	0.07480616666666684
873	easy goal	7	-150	0.07219616666666677
873	easy goal	7	-100	0.10147150000000027
873	easy goal	7	-50	-0.005149499999999807
873	easy goal	7	0	-0.13771583333333312
873	easy goal	7	50	-0.10186189999999976
873	easy goal	7	100	0.10378325000000022
873	easy goal	7	150	0.11030433333333356
873	easy goal	7	200	0.11459400000000015
873	easy goal	7	250	0.011074928571428761
873	easy goal	7	300	-0.10061474999999975
873	easy goal	7	350	-0.1292310999999998
873	easy goal	7	400	-0.09403969999999973
873	easy goal	7	450	-0.10699099999999973
873	easy goal	7	500	-0.08950629999999986
873	easy goal	7	550	-0.09734149999999975
873	easy goal	7	600	-0.04518483333333312
873	easy goal	7	650	-0.032402166666666364
873	easy goal	7	700	-0.03398033333333306
873	easy goal	7	750	-0.01573929999999981
873	easy goal	7	800	-0.009552249999999707
873	easy goal	7	850	NA
873	easy goal	7	900	NA
873	easy goal	7	950	NA
873	easy goal	7	1e3	NA
873	easy goal	7	1050	NA
873	easy goal	7	1100	NA
873	easy goal	7	1150	NA
873	easy goal	8	-200	-0.013013782857142862
873	easy goal	8	-150	0.015006859999999955
873	easy goal	8	-100	-0.01519680666666671
873	easy goal	8	-50	0.015372693333333354
873	easy goal	8	0	NA
873	easy goal	8	50	NA
873	easy goal	8	100	0.04581136000000008
873	easy goal	8	150	0.12846735999999992
873	easy goal	8	200	0.13938669333333334
873	easy goal	8	250	0.15635969333333324
873	easy goal	8	300	0.15046886
873	easy goal	8	350	0.12443352666666652
873	easy goal	8	400	0.08493419333333325
873	easy goal	8	450	0.13410152666666666
873	easy goal	8	500	0.16053052666666665
873	easy goal	8	550	0.17325019333333316
873	easy goal	8	600	0.1273398599999999
873	easy goal	8	650	0.07577352666666652
873	easy goal	8	700	4.3702666666659934e-4
873	easy goal	8	750	0.011315859999999992
873	easy goal	8	800	0.033140193333333366
873	easy goal	8	850	0.009962026666666604
873	easy goal	8	900	-0.045369473333333486
873	easy goal	8	950	-0.10662764000000002
873	easy goal	8	1e3	-0.013060473333333414
873	easy goal	8	1050	-0.012756306666666791
873	easy goal	8	1100	-0.026774140000000113
873	easy goal	8	1150	-0.009025306666666713
873	easy goal	9	-200	0.025314101382488526
873	easy goal	9	-150	0.008417053763440855
873	easy goal	9	-100	-0.02311844623655916
873	easy goal	9	-50	-0.01900127956989232
873	easy goal	9	0	0.00416955376344097
873	easy goal	9	50	-0.06024711290322574
873	easy goal	9	100	0.0012107204301075776
873	easy goal	9	150	0.11040938709677424
873	easy goal	9	200	-0.00437294623655915
873	easy goal	9	250	-0.029356112903225744
873	easy goal	9	300	0.03490288709677425
873	easy goal	9	350	-0.005388779569892366
873	easy goal	9	400	0.04171422043010753
873	easy goal	9	450	0.0842392204301076
873	easy goal	9	500	0.060974720430107654
873	easy goal	9	550	0.14323455376344096
873	easy goal	9	600	0.16397388709677427
873	easy goal	9	650	0.11752288709677423
873	easy goal	9	700	0.14886205376344086
873	easy goal	9	750	0.09189422043010764
873	easy goal	9	800	0.1061777204301076
873	easy goal	9	850	0.06896688709677419
873	easy goal	9	900	0.03834622043010757
873	easy goal	9	950	0.016396887096774265
873	easy goal	9	1e3	-0.0035901129032257137
873	easy goal	9	1050	0.09979522043010765
873	easy goal	9	1100	0.05983722043010764
873	easy goal	9	1150	-0.030869946236558993
873	easy goal	10	-200	-0.016773377880184372
873	easy goal	10	-150	-0.0010206397849463016
873	easy goal	10	-100	0.00013086021505367049
873	easy goal	10	-50	0.008288026881720256
873	easy goal	10	0	0.012170693548387032
873	easy goal	10	50	0.09099719354838702
873	easy goal	10	100	0.08198369354838701
873	easy goal	10	150	0.1331740268817204
873	easy goal	10	200	0.07763419354838692
873	easy goal	10	250	0.06725236021505372
873	easy goal	10	300	0.09278786021505366
873	easy goal	10	350	0.1250380268817203
873	easy goal	10	400	0.07661686021505372
873	easy goal	10	450	0.12887269354838704
873	easy goal	10	500	0.15227102688172037
873	easy goal	10	550	0.12457036021505356
873	easy goal	10	600	0.19130919354838696
873	easy goal	10	650	0.25860619354838704
873	easy goal	10	700	0.116159693548387
873	easy goal	10	750	0.14765586021505372
873	easy goal	10	800	0.1451631935483871
873	easy goal	10	850	0.13124136021505364
873	easy goal	10	900	0.17108319354838705
873	easy goal	10	950	0.07491119354838698
873	easy goal	10	1e3	0.11222102688172031
873	easy goal	10	1050	0.04333352688172032
873	easy goal	10	1100	0.12831136021505363
873	easy goal	10	1150	0.07830652688172024
873	easy goal	11	-200	0.022353396313364065
873	easy goal	11	-150	0.01577830107526886
873	easy goal	11	-100	-0.0069151989247310626
873	easy goal	11	-50	-0.00763486559139781
873	easy goal	11	0	-0.027307198924731102
873	easy goal	11	50	-0.035776532258064396
873	easy goal	11	100	-0.048499532258064505
873	easy goal	11	150	-0.053397198924731125
873	easy goal	11	200	-0.06015069892473105
873	easy goal	11	250	-0.06384736559139781
873	easy goal	11	300	-0.041934865591397884
873	easy goal	11	350	-0.06152936559139777
873	easy goal	11	400	-0.05648436559139788
873	easy goal	11	450	-0.0813645322580645
873	easy goal	11	500	-0.1195141989247311
873	easy goal	11	550	-0.012101698924731119
873	easy goal	11	600	0.018699301075268886
873	easy goal	11	650	-0.00497303225806441
873	easy goal	11	700	0.03838046774193556
873	easy goal	11	750	0.0602899677419356
873	easy goal	11	800	-0.017170432258064406
873	easy goal	11	850	-0.02744169892473125
873	easy goal	11	900	-0.006584865591397815
873	easy goal	11	950	0.00449596774193554
873	easy goal	11	1e3	-0.004581865591397838
873	easy goal	11	1050	-0.0028725322580644233
873	easy goal	11	1100	-0.007958865591397727
873	easy goal	11	1150	2.619677419355426e-4
873	easy goal	12	-200	0.007007824884792806
873	easy goal	12	-150	-0.008308698924731036
873	easy goal	12	-100	-0.0024078655913976434
873	easy goal	12	-50	4.1613440860229406e-4
873	easy goal	12	0	0.0021246344086022586
873	easy goal	12	50	-0.0017680322580643597
873	easy goal	12	100	-0.003816865591397711
873	easy goal	12	150	-0.0191023655913977
873	easy goal	12	200	-0.02609403225806443
873	easy goal	12	250	-0.015060698924731053
873	easy goal	12	300	-0.028886032258064336
873	easy goal	12	350	-0.015741698924731058
873	easy goal	12	400	-0.0037396989247310644
873	easy goal	12	450	-0.030294532258064333
873	easy goal	12	500	-0.019416532258064317
873	easy goal	12	550	0.0274654677419357
873	easy goal	12	600	0.050022134408602335
873	easy goal	12	650	0.0545853010752689
873	easy goal	12	700	0.10637713440860219
873	easy goal	12	750	0.10112280107526894
873	easy goal	12	800	0.07419563440860226
873	easy goal	12	850	0.08289480107526896
873	easy goal	12	900	0.05206663440860241
873	easy goal	12	950	0.027576467741935746
873	easy goal	12	1e3	0.03713063440860235
873	easy goal	12	1050	0.0428429677419356
873	easy goal	12	1100	0.04687913440860229
873	easy goal	12	1150	0.04074580107526896
873	easy goal	13	-200	0.006919617511520926
873	easy goal	13	-150	0.00595956989247326
873	easy goal	13	-100	-0.006871763440860083
873	easy goal	13	-50	-0.001897763440860049
873	easy goal	13	0	-0.0052629301075265795
873	easy goal	13	50	-0.0016354301075266846
873	easy goal	13	100	0.008724403225806698
873	easy goal	13	150	0.00965240322580659
873	easy goal	13	200	0.015560069892473383
873	easy goal	13	250	0.010155736559139964
873	easy goal	13	300	0.02053840322580669
873	easy goal	13	350	0.020055736559139985
873	easy goal	13	400	0.023830569892473303
873	easy goal	13	450	0.05137306989247333
873	easy goal	13	500	0.06891990322580661
873	easy goal	13	550	0.10131623655914002
873	easy goal	13	600	0.12628590322580666
873	easy goal	13	650	0.12977206989247345
873	easy goal	13	700	0.11994030322580676
873	easy goal	13	750	0.0783357603686637
873	easy goal	13	800	0.05407873655913997
873	easy goal	13	850	0.03685906989247326
873	easy goal	13	900	0.010508236559139942
873	easy goal	13	950	-0.017401263440860015
873	easy goal	13	1e3	-0.03398059677419337
873	easy goal	13	1050	-0.028958763440859975
873	easy goal	13	1100	-0.05161793010752672
873	easy goal	13	1150	-0.05853576344086009
873	easy goal	14	-200	-0.015776799999999886
873	easy goal	14	-150	-0.007783799999999823
873	easy goal	14	-100	0.009316033333333454
873	easy goal	14	-50	0.003977866666666848
873	easy goal	14	0	0.010266700000000073
873	easy goal	14	50	0.014135700000000048
873	easy goal	14	100	0.020726533333333446
873	easy goal	14	150	0.014575033333333431
873	easy goal	14	200	0.036258033333333474
873	easy goal	14	250	0.052716866666666785
873	easy goal	14	300	0.06833520000000008
873	easy goal	14	350	0.06192053333333347
873	easy goal	14	400	0.06419570000000012
873	easy goal	14	450	0.07175853333333342
873	easy goal	14	500	0.07706970000000017
873	easy goal	14	550	0.07076570000000015
873	easy goal	14	600	0.10413070000000017
873	easy goal	14	650	0.1078415333333335
873	easy goal	14	700	0.12025470000000012
873	easy goal	14	750	0.13326470000000015
873	easy goal	14	800	0.10675536666666674
873	easy goal	14	850	0.09941786666666681
873	easy goal	14	900	0.08566720000000012
873	easy goal	14	950	0.07211620000000019
873	easy goal	14	1e3	0.05088686666666686
873	easy goal	14	1050	0.03778248571428579
873	easy goal	14	1100	0.021229866666666746
873	easy goal	14	1150	0.01010703333333344
873	easy goal	15	-200	-0.0056099333333331875
873	easy goal	15	-150	0.004558733333333453
873	easy goal	15	-100	0.001158400000000152
873	easy goal	15	-50	-0.0033530999999997757
873	easy goal	15	0	0.003245900000000098
873	easy goal	15	50	0.002836733333333452
873	easy goal	15	100	7.755666666668196e-4
873	easy goal	15	150	0.0027035666666668234
873	easy goal	15	200	-0.005363599999999987
873	easy goal	15	250	-0.0030180999999999494
873	easy goal	15	300	0.0021167333333334724
873	easy goal	15	350	-0.01277693333333326
873	easy goal	15	400	0.003225066666666665
873	easy goal	15	450	0.008692233333333391
873	easy goal	15	500	0.032623566666666694
873	easy goal	15	550	0.04305973333333335
873	easy goal	15	600	0.07353340000000008
873	easy goal	15	650	0.07628756666666676
873	easy goal	15	700	0.07057140000000002
873	easy goal	15	750	0.05631690000000004
873	easy goal	15	800	0.02966406666666684
873	easy goal	15	850	0.011426400000000095
873	easy goal	15	900	0.003810066666666797
873	easy goal	15	950	-0.006440695238095159
873	easy goal	15	1e3	-0.007996266666666686
873	easy goal	15	1050	-0.00932126666666663
873	easy goal	15	1100	0.0011475666666667845
873	easy goal	15	1150	0.005388066666666728
873	easy goal	16	-200	7.153333333350294e-5
873	easy goal	16	-150	-0.0024779666666666276
873	easy goal	16	-100	0.00752836666666686
873	easy goal	16	-50	-9.877999999998721e-4
873	easy goal	16	0	-0.004134133333333197
873	easy goal	16	50	-0.014144133333333272
873	easy goal	16	100	-0.025559133333333223
873	easy goal	16	150	-0.026687466666666475
873	easy goal	16	200	-0.03873763333333321
873	easy goal	16	250	-0.0648584666666665
873	easy goal	16	300	-0.06986463333333326
873	easy goal	16	350	-0.08558729999999996
873	easy goal	16	400	-0.08206815714285705
873	easy goal	16	450	-0.0835852999999999
873	easy goal	16	500	-0.05774789999999985
873	easy goal	16	550	-0.034320299999999894
873	easy goal	16	600	-0.00970569999999995
873	easy goal	16	650	0.0013448428571430121
873	easy goal	16	700	0.005450200000000072
873	easy goal	16	750	-0.009003633333333205
873	easy goal	16	800	-0.0237908
873	easy goal	16	850	-0.02216796666666661
873	easy goal	16	900	-0.10775449999999998
873	easy goal	16	950	NA
873	easy goal	16	1e3	NA
873	easy goal	16	1050	-0.23852496666666653
873	easy goal	16	1100	-0.06376201428571411
873	easy goal	16	1150	-0.05602879999999991
873	easy goal	17	-200	-0.009922073732718837
873	easy goal	17	-150	0.005136521505376468
873	easy goal	17	-100	-0.002140978494623654
873	easy goal	17	-50	0.0018965215053764102
873	easy goal	17	0	0.006683688172042975
873	easy goal	17	50	0.005002854838709696
873	easy goal	17	100	0.004245021505376349
873	easy goal	17	150	0.0032560215053763684
873	easy goal	17	200	0.0044396881720431365
873	easy goal	17	250	0.0055898548387096625
873	easy goal	17	300	0.013301521505376371
873	easy goal	17	350	0.029657188172042954
873	easy goal	17	400	0.026588354838709805
873	easy goal	17	450	0.04263702150537633
873	easy goal	17	500	0.05423802150537645
873	easy goal	17	550	0.07239668817204296
873	easy goal	17	600	0.0804903548387097
873	easy goal	17	650	0.09075485483870967
873	easy goal	17	700	0.10125385483870963
873	easy goal	17	750	0.08848035483870964
873	easy goal	17	800	0.0765073548387097
873	easy goal	17	850	0.0607325215053763
873	easy goal	17	900	0.04191552150537636
873	easy goal	17	950	0.030125854838709627
873	easy goal	17	1e3	0.021999521505376318
873	easy goal	17	1050	0.017005854838709682
873	easy goal	17	1100	-0.006792978494623607
873	easy goal	17	1150	-0.001292478494623624
873	easy goal	18	-200	-0.012304193548387346
873	easy goal	18	-150	-4.3602688172065623e-4
873	easy goal	18	-100	-0.0016215268817205697
873	easy goal	18	-50	0.0037681397849460563
873	easy goal	18	0	0.012644306451612705
873	easy goal	18	50	0.022462473118279425
873	easy goal	18	100	0.024389306451612674
873	easy goal	18	150	0.0325663064516127
873	easy goal	18	200	0.04206280645161279
873	easy goal	18	250	0.0454086397849461
873	easy goal	18	300	0.049566639784946055
873	easy goal	18	350	0.06324180645161277
873	easy goal	18	400	0.07145680645161272
873	easy goal	18	450	0.07199230645161281
873	easy goal	18	500	0.08784297311827942
873	easy goal	18	550	0.08706147311827934
873	easy goal	18	600	0.09683463978494607
873	easy goal	18	650	0.08383030645161267
873	easy goal	18	700	0.09076430645161275
873	easy goal	18	750	0.10686113978494616
873	easy goal	18	800	0.11689763978494601
873	easy goal	18	850	0.10931130645161276
873	easy goal	18	900	0.08268613978494603
873	easy goal	18	950	0.04988980645161267
873	easy goal	18	1e3	0.03273697311827939
873	easy goal	18	1050	-0.033599693548387245
873	easy goal	18	1100	-0.05687719354838716
873	easy goal	18	1150	NA
873	easy goal	19	-200	-0.006263188940092336
873	easy goal	19	-150	-0.008485069892473366
873	easy goal	19	-100	-0.004299236559139959
873	easy goal	19	-50	0.01187826344086007
873	easy goal	19	0	0.008213096774193351
873	easy goal	19	50	0.021159430107526706
873	easy goal	19	100	0.03231126344086007
873	easy goal	19	150	0.04022926344086001
873	easy goal	19	200	0.05672493010752677
873	easy goal	19	250	0.06591426344086011
873	easy goal	19	300	0.0793810967741934
873	easy goal	19	350	0.07477976344086008
873	easy goal	19	400	0.053180430107526634
873	easy goal	19	450	0.04022426344085998
873	easy goal	19	500	0.047215763440860016
873	easy goal	19	550	0.03982343010752657
873	easy goal	19	600	0.05189893010752663
873	easy goal	19	650	0.060513096774193365
873	easy goal	19	700	0.05999159677419338
873	easy goal	19	750	0.05257026344086002
873	easy goal	19	800	0.05999176344086007
873	easy goal	19	850	0.0576479301075267
873	easy goal	19	900	0.05671393010752679
873	easy goal	19	950	0.05454926344086005
873	easy goal	19	1e3	0.05177176344085995
873	easy goal	19	1050	0.06394676344085999
873	easy goal	19	1100	0.055773930107526626
873	easy goal	19	1150	0.06628009677419337
873	easy goal	20	-200	-0.006361179723502046
873	easy goal	20	-150	0.005705344086021598
873	easy goal	20	-100	-0.0031476559139782534
873	easy goal	20	-50	0.0014710107526884435
873	easy goal	20	0	0.0033926774193550426
873	easy goal	20	50	0.01272467741935516
873	easy goal	20	100	0.018417177419355113
873	easy goal	20	150	0.020813177419355105
873	easy goal	20	200	0.029459344086021726
873	easy goal	20	250	0.027566010752688424
873	easy goal	20	300	0.034800010752688314
873	easy goal	20	350	0.034981844086021674
873	easy goal	20	400	0.051313677419355073
873	easy goal	20	450	0.06518551075268841
873	easy goal	20	500	0.08042651075268832
873	easy goal	20	550	0.09418351075268842
873	easy goal	20	600	0.11557901075268832
873	easy goal	20	650	0.11846167741935505
873	easy goal	20	700	0.11350001075268845
873	easy goal	20	750	0.095812177419355
873	easy goal	20	800	0.08079101075268835
873	easy goal	20	850	0.053718010752688373
873	easy goal	20	900	-0.04920765591397824
873	easy goal	20	950	NA
873	easy goal	20	1e3	NA
873	easy goal	20	1050	-0.0648273225806449
873	easy goal	20	1100	0.004987844086021746
873	easy goal	20	1150	0.013703677419355076
873	easy goal	21	-200	-0.023311834101382583
873	easy goal	21	-150	0.0028757849462363407
873	easy goal	21	-100	-5.1381720430250986e-5
873	easy goal	21	-50	0.0035891182795696843
873	easy goal	21	0	0.02078361827956961
873	easy goal	21	50	0.02653428494623637
873	easy goal	21	100	0.029521451612903055
873	easy goal	21	150	0.026382951612903122
873	easy goal	21	200	0.03318178494623636
873	easy goal	21	250	0.028414784946236393
873	easy goal	21	300	0.022764784946236388
873	easy goal	21	350	0.03908178494623645
873	easy goal	21	400	0.04288711827956974
873	easy goal	21	450	0.04952395161290305
873	easy goal	21	500	0.05106028494623649
873	easy goal	21	550	0.044919451612903005
873	easy goal	21	600	0.048441784946236334
873	easy goal	21	650	0.044756618279569636
873	easy goal	21	700	0.03505995161290302
873	easy goal	21	750	0.022981618279569755
873	easy goal	21	800	0.021728451612903116
873	easy goal	21	850	0.021886951612903067
873	easy goal	21	900	0.010504284946236305
873	easy goal	21	950	0.003454951612903138
873	easy goal	21	1e3	-0.00892638172043029
873	easy goal	21	1050	-0.08676554838709694
873	easy goal	21	1100	NA
873	easy goal	21	1150	-0.09489754838709707
873	easy goal	22	-200	0.007400299999999878
873	easy goal	22	-150	5.199666666665012e-4
873	easy goal	22	-100	-0.0054750333333335455
873	easy goal	22	-50	0.001815466666666543
873	easy goal	22	0	-0.004260700000000117
873	easy goal	22	50	0.0026849666666665475
873	easy goal	22	100	-0.0074377000000001026
873	easy goal	22	150	0.013916299999999845
873	easy goal	22	200	0.0111917999999999
873	easy goal	22	250	0.004319133333333151
873	easy goal	22	300	0.031535633333333125
873	easy goal	22	350	0.036185299999999865
873	easy goal	22	400	0.053834133333333124
873	easy goal	22	450	0.06447413333333318
873	easy goal	22	500	0.06942479999999988
873	easy goal	22	550	0.08373413333333309
873	easy goal	22	600	0.10132313333333316
873	easy goal	22	650	0.12306096666666659
873	easy goal	22	700	0.13225913333333317
873	easy goal	22	750	0.13941146666666668
873	easy goal	22	800	0.12155863333333324
873	easy goal	22	850	0.12236496666666656
873	easy goal	22	900	0.12210179999999989
873	easy goal	22	950	0.11553213333333316
873	easy goal	22	1e3	0.11544846666666649
873	easy goal	22	1050	0.1217601333333332
873	easy goal	22	1100	0.13220463333333318
873	easy goal	22	1150	0.1314051333333332
873	easy goal	23	-200	NA
873	easy goal	23	-150	0.006286761904761888
873	easy goal	23	-100	0.04603026190476182
873	easy goal	23	-50	-0.01462923809523812
873	easy goal	23	0	-0.034544404761904866
873	easy goal	23	50	-0.02637207142857149
873	easy goal	23	100	-0.0417055714285716
873	easy goal	23	150	-0.06436773809523817
873	easy goal	23	200	-0.10225423809523819
873	easy goal	23	250	-0.13939840476190488
873	easy goal	23	300	-0.17781523809523833
873	easy goal	23	350	-0.19761457142857153
873	easy goal	23	400	-0.20879257142857152
873	easy goal	23	450	-0.22013390476190495
873	easy goal	23	500	-0.21287890476190485
873	easy goal	23	550	-0.22078940476190492
873	easy goal	23	600	-0.22274140476190488
873	easy goal	23	650	-0.22519757142857144
873	easy goal	23	700	-0.2127957380952382
873	easy goal	23	750	-0.20098357142857157
873	easy goal	23	800	-0.1944487380952383
873	easy goal	23	850	-0.1858657380952382
873	easy goal	23	900	-0.19191990476190482
873	easy goal	23	950	-0.18518690476190489
873	easy goal	23	1e3	-0.19032023809523815
873	easy goal	23	1050	-0.20445957142857152
873	easy goal	23	1100	-0.1866745714285715
873	easy goal	23	1150	-0.17955907142857153
873	easy goal	24	-200	0.04564199999999996
873	easy goal	24	-150	-0.04564200000000018
873	easy goal	24	-100	NA
873	easy goal	24	-50	NA
873	easy goal	24	0	NA
873	easy goal	24	50	-0.030689000000000115
873	easy goal	24	100	-0.038393333333333356
873	easy goal	24	150	0.0016218333333332484
873	easy goal	24	200	0.005511999999999888
873	easy goal	24	250	-0.013329166666666836
873	easy goal	24	300	-0.02264149999999998
873	easy goal	24	350	-0.03457216666666674
873	easy goal	24	400	-0.08274466666666669
873	easy goal	24	450	-0.09490500000000009
873	easy goal	24	500	-0.1185215000000001
873	easy goal	24	550	-0.10673283333333328
873	easy goal	24	600	-0.09179766666666674
873	easy goal	24	650	-0.08459400000000013
873	easy goal	24	700	-0.062148000000000016
873	easy goal	24	750	-0.07082800000000004
873	easy goal	24	800	-0.07618216666666673
873	easy goal	24	850	-0.07030333333333345
873	easy goal	24	900	-0.0751928333333333
873	easy goal	24	950	-0.06984866666666667
873	easy goal	24	1e3	-0.055311666666666794
873	easy goal	24	1050	-0.04307500000000005
873	easy goal	24	1100	-0.03836966666666671
873	easy goal	24	1150	-0.012380833333333433
873	easy goal	25	-200	NA
873	easy goal	25	-150	-0.012673173913043633
873	easy goal	25	-100	-0.028790340579710378
873	easy goal	25	-50	0.01905782608695635
873	easy goal	25	0	0.020293492753622983
873	easy goal	25	50	0.027005159420289655
873	easy goal	25	100	0.0171353260869563
873	easy goal	25	150	0.01355899275362297
873	easy goal	25	200	-0.014079173913043697
873	easy goal	25	250	-0.059813173913043784
873	easy goal	25	300	-0.09610984057971035
873	easy goal	25	350	-0.118430507246377
873	easy goal	25	400	-0.12824500724637708
873	easy goal	25	450	-0.11598950724637709
873	easy goal	25	500	-0.08534317391304362
873	easy goal	25	550	-0.05851517391304362
873	easy goal	25	600	-0.022535673913043713
873	easy goal	25	650	0.016795492753622982
873	easy goal	25	700	0.0034723260869563934
873	easy goal	25	750	-0.008279673913043739
873	easy goal	25	800	-0.01885417391304367
873	easy goal	25	850	-0.025347507246376983
873	easy goal	25	900	-0.009744840579710404
873	easy goal	25	950	-0.008231507246377001
873	easy goal	25	1e3	9.861594202896413e-4
873	easy goal	25	1050	0.027564826086956318
873	easy goal	25	1100	0.031822659420289647
873	easy goal	25	1150	0.052676992753622955
873	easy goal	26	-200	0.01012942396313348
873	easy goal	26	-150	-0.004227290322580772
873	easy goal	26	-100	-0.004338623655914198
873	easy goal	26	-50	-0.0051709569892475216
873	easy goal	26	0	0.0019192096774192091
873	easy goal	26	50	0.016813209677419172
873	easy goal	26	100	0.008205543010752455
873	easy goal	26	150	0.021683876344085935
873	easy goal	26	200	0.013069043010752512
873	easy goal	26	250	0.010202543010752555
873	easy goal	26	300	0.014388876344085885
873	easy goal	26	350	0.03547137634408578
873	easy goal	26	400	0.03967687634408579
873	easy goal	26	450	0.056910709677419215
873	easy goal	26	500	0.10092437634408584
873	easy goal	26	550	0.14997220967741912
873	easy goal	26	600	0.18058604301075257
873	easy goal	26	650	0.1847542096774192
873	easy goal	26	700	0.20157437634408581
873	easy goal	26	750	0.17641104301075253
873	easy goal	26	800	0.16072637634408582
873	easy goal	26	850	0.1478303763440858
873	easy goal	26	900	0.12081370967741911
873	easy goal	26	950	0.12648337634408588
873	easy goal	26	1e3	0.13212137634408583
873	easy goal	26	1050	0.11889820967741922
873	easy goal	26	1100	0.11698754301075247
873	easy goal	26	1150	0.12820820967741908
873	easy goal	27	-200	-0.012487953917050503
873	easy goal	27	-150	-0.00965659677419343
873	easy goal	27	-100	0.004336403225806566
873	easy goal	27	-50	0.006609069892473229
873	easy goal	27	0	0.01328040322580648
873	easy goal	27	50	-0.02161843010752677
873	easy goal	27	100	NA
873	easy goal	27	150	0.13698010322580653
873	easy goal	27	200	0.04778073655913991
873	easy goal	27	250	0.0623744032258066
873	easy goal	27	300	0.06280290322580662
873	easy goal	27	350	0.061994903225806475
873	easy goal	27	400	0.059165569892473124
873	easy goal	27	450	0.049351069892473363
873	easy goal	27	500	0.035770736559139905
873	easy goal	27	550	0.01145223655913985
873	easy goal	27	600	-5.004301075267245e-4
873	easy goal	27	650	0.0035270698924732002
873	easy goal	27	700	0.009944736559139855
873	easy goal	27	750	0.02791173655913985
873	easy goal	27	800	0.03473740322580654
873	easy goal	27	850	0.03845290322580652
873	easy goal	27	900	0.041944569892473194
873	easy goal	27	950	0.03521056989247325
873	easy goal	27	1e3	0.044408403225806525
873	easy goal	27	1050	0.0454060698924732
873	easy goal	27	1100	0.04086340322580654
873	easy goal	27	1150	-0.1619324301075268
873	easy goal	28	-200	0.02063878801843336
873	easy goal	28	-150	-0.004112688172042948
873	easy goal	28	-100	-0.009457188172042885
873	easy goal	28	-50	-0.0023200215053763205
873	easy goal	28	0	-0.008188688172042916
873	easy goal	28	50	-0.031474354838709674
873	easy goal	28	100	-0.07766368817204287
873	easy goal	28	150	-0.12694868817204288
873	easy goal	28	200	-0.14287118817204295
873	easy goal	28	250	-0.16725218817204293
873	easy goal	28	300	-0.1789691881720429
873	easy goal	28	350	-0.17401435483870956
873	easy goal	28	400	-0.1638255215053762
873	easy goal	28	450	-0.14081768817204288
873	easy goal	28	500	-0.12584585483870966
873	easy goal	28	550	-0.10552118817204297
873	easy goal	28	600	-0.09565452150537619
873	easy goal	28	650	-0.07757968817204282
873	easy goal	28	700	-0.09697652150537624
873	easy goal	28	750	-0.09936035483870957
873	easy goal	28	800	-0.09509068817204287
873	easy goal	28	850	-0.10682268817204281
873	easy goal	28	900	-0.1154020215053763
873	easy goal	28	950	-0.11104902150537625
873	easy goal	28	1e3	-0.11119435483870954
873	easy goal	28	1050	-0.10616068817204294
873	easy goal	28	1100	-0.08858685483870958
873	easy goal	28	1150	-0.09232685483870957
873	easy goal	29	-200	0.020221016806722503
873	easy goal	29	-150	0.03365325490196066
873	easy goal	29	-100	-5.797450980393748e-4
873	easy goal	29	-50	NA
873	easy goal	29	0	-0.341727411764706
873	easy goal	29	50	-0.07733224509803938
873	easy goal	29	100	0.015095254901960509
873	easy goal	29	150	0.030045921568627214
873	easy goal	29	200	0.03204208823529394
873	easy goal	29	250	0.030553921568627167
873	easy goal	29	300	-0.0012232450980393939
873	easy goal	29	350	-0.04312607843137273
873	easy goal	29	400	-0.06135324509803941
873	easy goal	29	450	-0.0697867450980394
873	easy goal	29	500	-0.07689441176470606
873	easy goal	29	550	-0.08936757843137284
873	easy goal	29	600	-0.09462074509803942
873	easy goal	29	650	-0.12911291176470607
873	easy goal	29	700	-0.12808207843137262
873	easy goal	29	750	-0.1714310784313727
873	easy goal	29	800	-0.1807289117647061
873	easy goal	29	850	-0.19149724509803945
873	easy goal	29	900	-0.19038241176470616
873	easy goal	29	950	-0.2152442450980394
873	easy goal	29	1e3	-0.23435674509803928
873	easy goal	29	1050	-0.25381457843137273
873	easy goal	29	1100	-0.33643391176470594
873	easy goal	29	1150	NA
873	easy goal	30	-200	-0.004705500000000092
873	easy goal	30	-150	0.006587699999999863
873	easy goal	30	-100	NA
873	easy goal	30	-50	NA
873	easy goal	30	0	NA
873	easy goal	30	50	NA
873	easy goal	30	100	NA
873	easy goal	30	150	NA
873	easy goal	30	200	0.18153400000000008
873	easy goal	30	250	0.13592200000000002
873	easy goal	30	300	0.14817666666666662
873	easy goal	30	350	0.18285116666666665
873	easy goal	30	400	0.2241661666666667
873	easy goal	30	450	0.2115823333333334
873	easy goal	30	500	0.1416106666666667
873	easy goal	30	550	0.06724249999999994
873	easy goal	30	600	0.0011999999999999418
873	easy goal	30	650	-0.03374350000000015
873	easy goal	30	700	-0.046967999999999975
873	easy goal	30	750	-0.051559166666666746
873	easy goal	30	800	-0.028405000000000014
873	easy goal	30	850	-0.02923733333333341
873	easy goal	30	900	-0.02313900000000002
873	easy goal	30	950	-0.024461833333333367
873	easy goal	30	1e3	-0.03072449999999997
873	easy goal	30	1050	-0.046761500000000046
873	easy goal	30	1100	-0.06281483333333338
873	easy goal	30	1150	-0.06693750000000002
873	easy goal	31	-200	-0.004688783410138215
873	easy goal	31	-150	-0.03483918817204298
873	easy goal	31	-100	-0.01981068817204294
873	easy goal	31	-50	0.023816478494623688
873	easy goal	31	0	0.036303645161290365
873	easy goal	31	50	0.04391914516129036
873	easy goal	31	100	0.05189831182795709
873	easy goal	31	150	0.05304447849462365
873	easy goal	31	200	0.06279197849462374
873	easy goal	31	250	0.06755231182795707
873	easy goal	31	300	0.079938811827957
873	easy goal	31	350	0.09633264516129025
873	easy goal	31	400	0.10022414516129034
873	easy goal	31	450	0.10787914516129031
873	easy goal	31	500	0.123997811827957
873	easy goal	31	550	0.1396226451612904
873	easy goal	31	600	0.1712354784946236
873	easy goal	31	650	0.17120397849462368
873	easy goal	31	700	0.19401147849462372
873	easy goal	31	750	0.20578914516129032
873	easy goal	31	800	0.20455264516129046
873	easy goal	31	850	0.2124184784946237
873	easy goal	31	900	0.206121311827957
873	easy goal	31	950	0.19193431182795706
873	easy goal	31	1e3	0.1770158118279571
873	easy goal	31	1050	0.17162947849462373
873	easy goal	31	1100	0.17480881182795707
873	easy goal	31	1150	0.1747903118279571
873	easy goal	32	-200	-0.016093755760368707
873	easy goal	32	-150	-0.012444946236559154
873	easy goal	32	-100	-0.004002779569892552
873	easy goal	32	-50	0.011536387096774106
873	easy goal	32	0	0.023687387096774204
873	easy goal	32	50	0.03990205376344084
873	easy goal	32	100	0.04983138709677415
873	easy goal	32	150	0.06994788709677409
873	easy goal	32	200	0.08340355376344084
873	easy goal	32	250	0.1057320537634409
873	easy goal	32	300	0.12793838709677416
873	easy goal	32	350	0.14624138709677412
873	easy goal	32	400	0.16479488709677415
873	easy goal	32	450	0.19405655376344075
873	easy goal	32	500	0.2152523870967742
873	easy goal	32	550	0.23634855376344088
873	easy goal	32	600	0.26338088709677415
873	easy goal	32	650	0.3025518870967742
873	easy goal	32	700	0.3106412204301075
873	easy goal	32	750	0.2940535537634408
873	easy goal	32	800	0.2330400537634408
873	easy goal	32	850	0.1843867204301075
873	easy goal	32	900	0.1488798870967741
873	easy goal	32	950	0.10665522043010751
873	easy goal	32	1e3	0.0810320537634408
873	easy goal	32	1050	0.059277053763440835
873	easy goal	32	1100	0.056721553763440825
873	easy goal	32	1150	0.05491755376344076
873	easy goal	33	-200	-0.008065539170507119
873	easy goal	33	-150	-0.009325801075269036
873	easy goal	33	-100	-0.0024341344086023695
873	easy goal	33	-50	0.007634532258064282
873	easy goal	33	0	0.013535198924730985
873	easy goal	33	50	0.009752698924730963
873	easy goal	33	100	0.005313032258064343
873	easy goal	33	150	0.005347032258064284
873	easy goal	33	200	0.01539686559139771
873	easy goal	33	250	0.006545532258064313
873	easy goal	33	300	0.013820365591397618
873	easy goal	33	350	0.016679532258064327
873	easy goal	33	400	0.028829032258064286
873	easy goal	33	450	0.056893032258064156
873	easy goal	33	500	0.089182698924731
873	easy goal	33	550	0.1285241989247309
873	easy goal	33	600	0.14505253225806425
873	easy goal	33	650	0.14733336559139762
873	easy goal	33	700	0.12100586559139763
873	easy goal	33	750	0.07803569892473113
873	easy goal	33	800	0.023789532258064277
873	easy goal	33	850	0.005118198924730939
873	easy goal	33	900	-0.07976880107526907
873	easy goal	33	950	NA
873	easy goal	33	1e3	NA
873	easy goal	33	1050	0.0503580322580642
873	easy goal	33	1100	-0.019870467741935682
873	easy goal	33	1150	3.741989247308582e-4
873	easy goal	34	-200	-0.010932456221198221
873	easy goal	34	-150	-6.937419354839935e-4
873	easy goal	34	-100	0.006377758064516052
873	easy goal	34	-50	0.0013520913978493827
873	easy goal	34	0	0.005718424731182707
873	easy goal	34	50	0.00944009139784933
873	easy goal	34	100	0.016814424731182775
873	easy goal	34	150	0.019577758064516077
873	easy goal	34	200	0.01799009139784939
873	easy goal	34	250	0.025369091397849413
873	easy goal	34	300	0.023484924731182726
873	easy goal	34	350	0.026881591397849364
873	easy goal	34	400	0.038499424731182806
873	easy goal	34	450	0.04656809139784938
873	easy goal	34	500	0.05436159139784946
873	easy goal	34	550	0.07175475806451599
873	easy goal	34	600	0.08128292473118266
873	easy goal	34	650	0.09461125806451605
873	easy goal	34	700	0.08796159139784954
873	easy goal	34	750	0.08057009139784939
873	easy goal	34	800	-0.01917807526881739
873	easy goal	34	850	NA
873	easy goal	34	900	-0.03205174193548377
873	easy goal	34	950	-0.008179741935483875
873	easy goal	34	1e3	-5.045752688173089e-4
873	easy goal	34	1050	0.0176399247311827
873	easy goal	34	1100	0.030303091397849407
873	easy goal	34	1150	0.0538572580645161
873	easy goal	35	-200	0.0024296267281107248
873	easy goal	35	-150	0.005193650537634431
873	easy goal	35	-100	0.004168650537634526
873	easy goal	35	-50	-0.015355516129032113
873	easy goal	35	0	0.003158650537634422
873	easy goal	35	50	0.007066817204301208
873	easy goal	35	100	0.010756317204301183
873	easy goal	35	150	0.028181483870967822
873	easy goal	35	200	0.020562817204301236
873	easy goal	35	250	0.02166631720430116
873	easy goal	35	300	0.01214215053763438
873	easy goal	35	350	0.011766650537634446
873	easy goal	35	400	0.021034817204301115
873	easy goal	35	450	0.03347765053763448
873	easy goal	35	500	0.03872148387096789
873	easy goal	35	550	0.04456015053763451
873	easy goal	35	600	0.053865483870967866
873	easy goal	35	650	0.06699248387096775
873	easy goal	35	700	0.0698386505376345
873	easy goal	35	750	0.059101483870967884
873	easy goal	35	800	0.04414198387096787
873	easy goal	35	850	-0.15184451612903205
873	easy goal	35	900	NA
873	easy goal	35	950	NA
873	easy goal	35	1e3	NA
873	easy goal	35	1050	NA
873	easy goal	35	1100	NA
873	easy goal	35	1150	NA
873	easy goal	36	-200	0.0016234055299539283
873	easy goal	36	-150	2.4521505376329245e-4
873	easy goal	36	-100	-0.0024266182795698774
873	easy goal	36	-50	0.008429048387096719
873	easy goal	36	0	-0.00814161827956994
873	easy goal	36	50	9.023817204301121e-4
873	easy goal	36	100	-0.0040607849462366286
873	easy goal	36	150	7.247150537634806e-4
873	easy goal	36	200	0.01854204838709661
873	easy goal	36	250	0.01883354838709665
873	easy goal	36	300	0.014228715053763366
873	easy goal	36	350	0.0030760483870967783
873	easy goal	36	400	0.0288542150537634
873	easy goal	36	450	0.04409238172043003
873	easy goal	36	500	0.06590171505376345
873	easy goal	36	550	0.07918304838709671
873	easy goal	36	600	0.11657854838709684
873	easy goal	36	650	0.1310457150537633
873	easy goal	36	700	0.13151321505376337
873	easy goal	36	750	0.1325773817204301
873	easy goal	36	800	0.12175938172043003
873	easy goal	36	850	0.12538554838709662
873	easy goal	36	900	0.12921338172043004
873	easy goal	36	950	0.13338171505376342
873	easy goal	36	1e3	0.037114548387096755
873	easy goal	36	1050	NA
873	easy goal	36	1100	NA
873	easy goal	36	1150	0.14481614838709672
873	easy goal	37	-200	-0.04744583410138249
873	easy goal	37	-150	-0.013781548387096665
873	easy goal	37	-100	0.005186618279569825
873	easy goal	37	-50	0.021941284946236667
873	easy goal	37	0	0.0420071182795699
873	easy goal	37	50	0.05908078494623662
873	easy goal	37	100	-0.16047854838709674
873	easy goal	37	150	-0.014605298387096677
873	easy goal	37	200	0.09267145161290324
873	easy goal	37	250	0.10048645161290337
873	easy goal	37	300	0.11506561827956996
873	easy goal	37	350	0.11971378494623663
873	easy goal	37	400	0.12458678494623661
873	easy goal	37	450	0.11798928494623658
873	easy goal	37	500	0.10729728494623665
873	easy goal	37	550	0.08206028494623663
873	easy goal	37	600	0.06996861827957002
873	easy goal	37	650	0.0630752849462366
873	easy goal	37	700	0.06351045161290318
873	easy goal	37	750	0.09040745161290335
873	easy goal	37	800	0.11102145161290333
873	easy goal	37	850	0.11733895161290338
873	easy goal	37	900	0.11582495161290322
873	easy goal	37	950	0.12833495161290323
873	easy goal	37	1e3	0.1430477849462366
873	easy goal	37	1050	0.14097161827956994
873	easy goal	37	1100	0.13733211827956993
873	easy goal	37	1150	0.13541695161290326
873	easy goal	38	-200	-0.02127476036866373
873	easy goal	38	-150	-0.008362736559139883
873	easy goal	38	-100	8.432634408601647e-4
873	easy goal	38	-50	0.007391263440860163
873	easy goal	38	0	0.02494876344086013
873	easy goal	38	50	0.031115263440860092
873	easy goal	38	100	0.05363259677419352
873	easy goal	38	150	0.074443596774193585
873	easy goal	38	200	0.08207459677419353
873	easy goal	38	250	0.09122343010752676
873	easy goal	38	300	0.10122243010752692
873	easy goal	38	350	0.09749109677419339
873	easy goal	38	400	0.09191809677419356
873	easy goal	38	450	0.09654059677419347
873	easy goal	38	500	0.1067547634408601
873	easy goal	38	550	0.09509593010752693
873	easy goal	38	600	0.11025093010752673
873	easy goal	38	650	0.1068782634408602
873	easy goal	38	700	0.13373409677419357
873	easy goal	38	750	0.12720593010752687
873	easy goal	38	800	0.05735376344086015
873	easy goal	38	850	NA
873	easy goal	38	900	NA
873	easy goal	38	950	NA
873	easy goal	38	1e3	NA
873	easy goal	38	1050	0.07306309677419343
873	easy goal	38	1100	0.1419129301075268
873	easy goal	38	1150	0.14611293010752688
873	easy goal	39	-200	0.0037944147465439775
873	easy goal	39	-150	8.986290322582727e-4
873	easy goal	39	-100	0.005181129032258165
873	easy goal	39	-50	-0.005581704301075074
873	easy goal	39	0	-0.004924870967741635
873	easy goal	39	50	-0.007099537634408293
873	easy goal	39	100	-0.007013370967741721
873	easy goal	39	150	-0.005726537634408446
873	easy goal	39	200	-0.011546204301075077
873	easy goal	39	250	-0.018933037634408345
873	easy goal	39	300	-0.022610204301075038
873	easy goal	39	350	-0.01954153763440843
873	easy goal	39	400	-0.022546870967741734
873	easy goal	39	450	-0.024342704301075102
873	easy goal	39	500	-0.005745204301074984
873	easy goal	39	550	3.5446236559163086e-4
873	easy goal	39	600	0.011954795698924917
873	easy goal	39	650	0.030661962365591638
873	easy goal	39	700	0.03132979569892491
873	easy goal	39	750	0.029801795698924938
873	easy goal	39	800	0.02527346236559162
873	easy goal	39	850	0.013521129032258253
873	easy goal	39	900	-0.11319753763440839
873	easy goal	39	950	NA
873	easy goal	39	1e3	NA
873	easy goal	39	1050	NA
873	easy goal	39	1100	NA
873	easy goal	39	1150	NA
873	easy goal	40	-200	-0.03265643333333353
873	easy goal	40	-150	-0.00987760000000019
873	easy goal	40	-100	0.007362399999999806
873	easy goal	40	-50	0.014110399999999856
873	easy goal	40	0	0.021061233333333096
873	easy goal	40	50	0.02927606666666649
873	easy goal	40	100	0.027513899999999758
873	easy goal	40	150	0.036991566666666476
873	easy goal	40	200	0.03598589999999987
873	easy goal	40	250	0.04976239999999973
873	easy goal	40	300	0.04320706666666648
873	easy goal	40	350	0.055796780952380755
873	easy goal	40	400	0.06940773333333317
873	easy goal	40	450	0.08743539999999994
873	easy goal	40	500	0.11709256666666652
873	easy goal	40	550	0.1490138666666665
873	easy goal	40	600	0.1807443523809522
873	easy goal	40	650	0.21184673333333315
873	easy goal	40	700	0.21874573333333322
873	easy goal	40	750	0.2032313999999998
873	easy goal	40	800	0.17937789999999984
873	easy goal	40	850	0.16697989999999985
873	easy goal	40	900	0.09581846666666652
873	easy goal	40	950	NA
873	easy goal	40	1e3	-0.2992029333333335
873	easy goal	40	1050	0.07912378095238067
873	easy goal	40	1100	0.17984773333333312
873	easy goal	40	1150	0.1859483999999998
873	easy goal	41	-200	-0.012633709677419423
873	easy goal	41	-150	-0.0136462096774194
873	easy goal	41	-100	-0.001984043010752871
873	easy goal	41	-50	0.010837623655913786
873	easy goal	41	0	0.01953195698924722
873	easy goal	41	50	0.026698790322580452
873	easy goal	41	100	0.038970123655913826
873	easy goal	41	150	0.03181945698924715
873	easy goal	41	200	0.03879495698924725
873	easy goal	41	250	0.042254956989247194
873	easy goal	41	300	0.0407659569892472
873	easy goal	41	350	0.03975179032258044
873	easy goal	41	400	0.059274123655913856
873	easy goal	41	450	0.06706445698924712
873	easy goal	41	500	0.09131029032258042
873	easy goal	41	550	0.10794762365591382
873	easy goal	41	600	0.12481079032258051
873	easy goal	41	650	0.13548912365591378
873	easy goal	41	700	0.15180445698924724
873	easy goal	41	750	0.1672321236559137
873	easy goal	41	800	0.15846579032258049
873	easy goal	41	850	0.14879329032258046
873	easy goal	41	900	0.13963145698924717
873	easy goal	41	950	0.1321399569892472
873	easy goal	41	1e3	0.13514895698924723
873	easy goal	41	1050	0.1259181236559138
873	easy goal	41	1100	0.13882929032258043
873	easy goal	41	1150	0.14980745698924713
873	easy goal	42	-200	0.003620645161290221
873	easy goal	42	-150	-0.0105423548387098
873	easy goal	42	-100	-0.001037854838709847
873	easy goal	42	-50	0.00942231182795683
873	easy goal	42	0	-0.002066188172043182
873	easy goal	42	50	-0.01526902150537642
873	easy goal	42	100	-0.006778188172043083
873	easy goal	42	150	-0.004171521505376363
873	easy goal	42	200	-0.0016836881720430814
873	easy goal	42	250	0.009998145161290273
873	easy goal	42	300	0.017423145161290288
873	easy goal	42	350	0.03188131182795676
873	easy goal	42	400	0.05234031182795684
873	easy goal	42	450	0.06709264516129017
873	easy goal	42	500	0.06716597849462347
873	easy goal	42	550	0.08169131182795682
873	easy goal	42	600	0.10749281182795678
873	easy goal	42	650	0.11025864516129029
873	easy goal	42	700	0.11926331182795698
873	easy goal	42	750	0.11542464516129029
873	easy goal	42	800	0.10988997849462352
873	easy goal	42	850	0.11301781182795693
873	easy goal	42	900	0.10993564516129029
873	easy goal	42	950	0.10628964516129025
873	easy goal	42	1e3	0.09841047849462352
873	easy goal	42	1050	0.08170164516129026
873	easy goal	42	1100	0.08970281182795681
873	easy goal	42	1150	0.07637514516129018
873	easy goal	43	-200	-0.012398033333333188
873	easy goal	43	-150	-0.003413699999999779
873	easy goal	43	-100	8.230000000023867e-5
873	easy goal	43	-50	0.008516133333333528
873	easy goal	43	0	0.007213300000000089
873	easy goal	43	50	0.004278966666666791
873	easy goal	43	100	0.00819063333333355
873	easy goal	43	150	3.564666666668881e-4
873	easy goal	43	200	-0.026927699999999888
873	easy goal	43	250	-0.08782969999999983
873	easy goal	43	300	-0.04997819999999975
873	easy goal	43	350	-0.026261033333333145
873	easy goal	43	400	-0.028041866666666564
873	easy goal	43	450	-0.032338366666666486
873	easy goal	43	500	-0.02590986666666654
873	easy goal	43	550	-0.029041033333333226
873	easy goal	43	600	-0.02742581904761884
873	easy goal	43	650	-0.026511366666666536
873	easy goal	43	700	-0.04820669999999986
873	easy goal	43	750	-0.04287069999999978
873	easy goal	43	800	-0.05183886666666656
873	easy goal	43	850	-0.05394469999999988
873	easy goal	43	900	-0.06045919999999986
873	easy goal	43	950	-0.05862386666666645
873	easy goal	43	1e3	-0.04394933333333313
873	easy goal	43	1050	-0.044464247619047485
873	easy goal	43	1100	-0.04001819999999978
873	easy goal	43	1150	-0.049856199999999795
873	easy goal	44	-200	-0.003986405529954075
873	easy goal	44	-150	-0.002466715053763687
873	easy goal	44	-100	0.0012449516129030929
873	easy goal	44	-50	-0.0014163817204303115
873	easy goal	44	0	0.007288951612903031
873	easy goal	44	50	0.01845011827956977
873	easy goal	44	100	0.011698451612903135
873	easy goal	44	150	0.016148951612903046
873	easy goal	44	200	0.008664784946236459
873	easy goal	44	250	0.017879118279569745
873	easy goal	44	300	0.015293284946236385
873	easy goal	44	350	0.012693784946236372
873	easy goal	44	400	0.01734511827956971
873	easy goal	44	450	0.01388961827956973
873	easy goal	44	500	0.03381195161290318
873	easy goal	44	550	0.03861161827956979
873	easy goal	44	600	0.036378284946236406
873	easy goal	44	650	0.05484711827956971
873	easy goal	44	700	0.04317995161290308
873	easy goal	44	750	0.05644311827956979
873	easy goal	44	800	0.06475128494623646
873	easy goal	44	850	0.053559618279569676
873	easy goal	44	900	0.061465951612903025
873	easy goal	44	950	0.06054978494623642
873	easy goal	44	1e3	0.05846261827956978
873	easy goal	44	1050	0.05380478494623649
873	easy goal	44	1100	0.049604284946236366
873	easy goal	44	1150	0.03859728494623645
873	easy goal	45	-200	NA
873	easy goal	45	-150	NA
873	easy goal	45	-100	NA
873	easy goal	45	-50	NA
873	easy goal	45	0	NA
873	easy goal	45	50	NA
873	easy goal	45	100	NA
873	easy goal	45	150	NA
873	easy goal	45	200	NA
873	easy goal	45	250	NA
873	easy goal	45	300	NA
873	easy goal	45	350	NA
873	easy goal	45	400	NA
873	easy goal	45	450	NA
873	easy goal	45	500	NA
873	easy goal	45	550	NA
873	easy goal	45	600	NA
873	easy goal	45	650	NA
873	easy goal	45	700	NA
873	easy goal	45	750	NA
873	easy goal	45	800	NA
873	easy goal	45	850	NA
873	easy goal	45	900	NA
873	easy goal	45	950	NA
873	easy goal	45	1e3	NA
873	easy goal	45	1050	NA
873	easy goal	45	1100	NA
873	easy goal	45	1150	NA
873	easy goal	46	-200	-0.003326000000000088
873	easy goal	46	-150	-0.004364333333333341
873	easy goal	46	-100	0.0063058333333333065
873	easy goal	46	-50	0.0012729999999999315
873	easy goal	46	0	1.1149999999989409e-4
873	easy goal	46	50	-0.002311666666666712
873	easy goal	46	100	-0.016345833333333355
873	easy goal	46	150	-0.05154383333333342
873	easy goal	46	200	-0.16380050000000002
873	easy goal	46	250	-0.23896866666666675
873	easy goal	46	300	-0.10359360000000013
873	easy goal	46	350	-0.008513571428571533
873	easy goal	46	400	0.027458999999999973
873	easy goal	46	450	0.03712066666666658
873	easy goal	46	500	0.050079333333333365
873	easy goal	46	550	0.05917783333333334
873	easy goal	46	600	0.05668383333333327
873	easy goal	46	650	0.03165533333333329
873	easy goal	46	700	0.01820916666666661
873	easy goal	46	750	-9.561666666667209e-4
873	easy goal	46	800	-0.006138666666666588
873	easy goal	46	850	-0.004876500000000024
873	easy goal	46	900	-1.7750000000001562e-4
873	easy goal	46	950	0.005322999999999893
873	easy goal	46	1e3	0.013845000000000033
873	easy goal	46	1050	0.029269000000000062
873	easy goal	46	1100	0.05154449999999996
873	easy goal	46	1150	0.06865183333333325
873	easy goal	47	-200	0.00811806666666648
873	easy goal	47	-150	0.02642739999999984
873	easy goal	47	-100	0.032999899999999784
873	easy goal	47	-50	-0.005987100000000097
873	easy goal	47	0	-0.06155826666666675
873	easy goal	47	50	-0.09399626666666672
873	easy goal	47	100	-0.13022243333333358
873	easy goal	47	150	-0.16943376666666685
873	easy goal	47	200	-0.1681192666666668
873	easy goal	47	250	-0.17160893333333357
873	easy goal	47	300	-0.16837276666666678
873	easy goal	47	350	-0.18038826666666682
873	easy goal	47	400	-0.16473893333333348
873	easy goal	47	450	-0.14751993333333355
873	easy goal	47	500	-0.09896576666666691
873	easy goal	47	550	-0.06810160000000025
873	easy goal	47	600	-0.024990433333333506
873	easy goal	47	650	0.01079873333333318
873	easy goal	47	700	0.060724233333333176
873	easy goal	47	750	0.08033839999999988
873	easy goal	47	800	0.08071073333333316
873	easy goal	47	850	0.07894289999999977
873	easy goal	47	900	0.07015089999999986
873	easy goal	47	950	0.0882463999999999
873	easy goal	47	1e3	0.10226756666666652
873	easy goal	47	1050	0.13030923333333325
873	easy goal	47	1100	0.15344023333333312
873	easy goal	47	1150	0.1721408999999999
873	easy goal	48	-200	0.029072364055299702
873	easy goal	48	-150	0.01721076881720444
873	easy goal	48	-100	0.0084042688172045
873	easy goal	48	-50	-0.01828439784946223
873	easy goal	48	0	-0.04124839784946229
873	easy goal	48	50	-0.028883731182795563
873	easy goal	48	100	-0.04855306451612895
873	easy goal	48	150	-0.06043273118279561
873	easy goal	48	200	-0.03603589784946223
873	easy goal	48	250	0.06403960215053776
873	easy goal	48	300	0.06326493548387102
873	easy goal	48	350	0.28006593548387126
873	easy goal	48	400	0.06441793548387098
873	easy goal	48	450	-3.58564516128812e-4
873	easy goal	48	500	0.08565443548387108
873	easy goal	48	550	0.08632226881720435
873	easy goal	48	600	0.133132435483871
873	easy goal	48	650	0.07524593548387111
873	easy goal	48	700	0.17059860215053776
873	easy goal	48	750	0.19872526881720431
873	easy goal	48	800	0.21364443548387113
873	easy goal	48	850	0.0024619354838710805
873	easy goal	48	900	NA
873	easy goal	48	950	NA
873	easy goal	48	1e3	0.20267393548387114
873	easy goal	48	1050	-0.199155064516129
873	easy goal	48	1100	0.08908343548387121
873	easy goal	48	1150	1.1722729354838712
873	easy goal	50	-200	0.09290929487179504
873	easy goal	50	-150	0.07237346153846169
873	easy goal	50	-100	0.013270461538461639
873	easy goal	50	-50	-0.1333803717948716
873	easy goal	50	0	-0.13551853846153827
873	easy goal	50	50	NA
873	easy goal	50	100	NA
873	easy goal	50	150	NA
873	easy goal	50	200	NA
873	easy goal	50	250	NA
873	easy goal	50	300	NA
873	easy goal	50	350	-3.703846153824131e-5
873	easy goal	50	400	0.08499056153846167
873	easy goal	50	450	0.11023779487179504
873	easy goal	50	500	0.1280959615384618
873	easy goal	50	550	0.1638264615384617
873	easy goal	50	600	0.20021946153846168
873	easy goal	50	650	0.19819279487179506
873	easy goal	50	700	0.17534296153846177
873	easy goal	50	750	0.13742296153846176
873	easy goal	50	800	0.10875746153846182
873	easy goal	50	850	0.08804529487179506
873	easy goal	50	900	0.07098729487179505
873	easy goal	50	950	0.054005961538461676
873	easy goal	50	1e3	0.027831628205128373
873	easy goal	50	1050	-0.0157806384615383
873	easy goal	50	1100	-0.16141753846153817
873	easy goal	50	1150	NA
873	easy goal	51	-200	0.024376258064516026
873	easy goal	51	-150	0.002674424731182808
873	easy goal	51	-100	0.01227142473118259
873	easy goal	51	-50	-0.012328741935484056
873	easy goal	51	0	-0.031056075268817374
873	easy goal	51	50	-0.03401390860215062
873	easy goal	51	100	-0.06197924193548402
873	easy goal	51	150	-0.12957607526881731
873	easy goal	51	200	-0.23489854193548404
873	easy goal	51	250	NA
873	easy goal	51	300	-0.01876574193548386
873	easy goal	51	350	0.144371258064516
873	easy goal	51	400	-0.22160624193548406
873	easy goal	51	450	-0.25506674193548395
873	easy goal	51	500	-0.1799207419354838
873	easy goal	51	550	-0.24057674193548406
873	easy goal	51	600	NA
873	easy goal	51	650	NA
873	easy goal	51	700	NA
873	easy goal	51	750	NA
873	easy goal	51	800	NA
873	easy goal	51	850	NA
873	easy goal	51	900	NA
873	easy goal	51	950	NA
873	easy goal	51	1e3	NA
873	easy goal	51	1050	NA
873	easy goal	51	1100	NA
873	easy goal	51	1150	NA
873	easy goal	52	-200	0.022191815668203052
873	easy goal	52	-150	0.010285720430107744
873	easy goal	52	-100	-0.0035369462365590167
873	easy goal	52	-50	0.010930720430107751
873	easy goal	52	0	-0.043569946236559
873	easy goal	52	50	-0.23161311290322573
873	easy goal	52	100	NA
873	easy goal	52	150	NA
873	easy goal	52	200	NA
873	easy goal	52	250	NA
873	easy goal	52	300	NA
873	easy goal	52	350	NA
873	easy goal	52	400	NA
873	easy goal	52	450	NA
873	easy goal	52	500	NA
873	easy goal	52	550	NA
873	easy goal	52	600	NA
873	easy goal	52	650	NA
873	easy goal	52	700	0.043249387096774415
873	easy goal	52	750	0.059142553763440985
873	easy goal	52	800	0.01360588709677435
873	easy goal	52	850	0.023933387096774394
873	easy goal	52	900	0.03538538709677441
873	easy goal	52	950	0.02816988709677437
873	easy goal	52	1e3	-0.02140611290322562
873	easy goal	52	1050	-0.0854571129032257
873	easy goal	52	1100	-0.12895177956989223
873	easy goal	52	1150	-0.15276344623655902
873	easy goal	53	-200	0.010608760368663666
873	easy goal	53	-150	0.01756023655914
873	easy goal	53	-100	0.008918236559139961
873	easy goal	53	-50	-0.011997096774193436
873	easy goal	53	0	-0.026858263440860213
873	easy goal	53	50	-0.0205987634408602
873	easy goal	53	100	8.373655913980944e-5
873	easy goal	53	150	-0.08321209677419346
873	easy goal	53	200	-0.10830559677419342
873	easy goal	53	250	-0.08373276344086016
873	easy goal	53	300	-0.06885709677419342
873	easy goal	53	350	-0.04170893010752678
873	easy goal	53	400	0.0515972365591398
873	easy goal	53	450	0.10497506989247318
873	easy goal	53	500	0.1628457365591399
873	easy goal	53	550	0.1953860698924732
873	easy goal	53	600	0.20203956989247315
873	easy goal	53	650	0.1848652365591399
873	easy goal	53	700	0.16116440322580652
873	easy goal	53	750	0.13036223655914
873	easy goal	53	800	0.10530690322580656
873	easy goal	53	850	0.0950599032258066
873	easy goal	53	900	0.08085406989247328
873	easy goal	53	950	0.03094773655913996
873	easy goal	53	1e3	-0.10160776344086016
873	easy goal	53	1050	NA
873	easy goal	53	1100	NA
873	easy goal	53	1150	NA
873	easy goal	54	-200	NA
873	easy goal	54	-150	NA
873	easy goal	54	-100	NA
873	easy goal	54	-50	NA
873	easy goal	54	0	NA
873	easy goal	54	50	NA
873	easy goal	54	100	NA
873	easy goal	54	150	NA
873	easy goal	54	200	NA
873	easy goal	54	250	NA
873	easy goal	54	300	NA
873	easy goal	54	350	NA
873	easy goal	54	400	NA
873	easy goal	54	450	NA
873	easy goal	54	500	NA
873	easy goal	54	550	NA
873	easy goal	54	600	NA
873	easy goal	54	650	NA
873	easy goal	54	700	NA
873	easy goal	54	750	NA
873	easy goal	54	800	NA
873	easy goal	54	850	NA
873	easy goal	54	900	NA
873	easy goal	54	950	NA
873	easy goal	54	1e3	NA
873	easy goal	54	1050	NA
873	easy goal	54	1100	NA
873	easy goal	54	1150	NA
873	easy goal	55	-200	0.2658777647058823
873	easy goal	55	-150	NA
873	easy goal	55	-100	0.3137640980392156
873	easy goal	55	-50	-0.10077080672268902
873	easy goal	55	0	-0.08362906862745101
873	easy goal	55	50	-0.11191873529411756
873	easy goal	55	100	-0.14521356862745094
873	easy goal	55	150	-0.17819756862745084
873	easy goal	55	200	NA
873	easy goal	55	250	NA
873	easy goal	55	300	-0.5060412352941177
873	easy goal	55	350	-0.31601098529411753
873	easy goal	55	400	-0.18993640196078418
873	easy goal	55	450	-0.1840568352941176
873	easy goal	55	500	-0.4536102352941176
873	easy goal	55	550	NA
873	easy goal	55	600	NA
873	easy goal	55	650	NA
873	easy goal	55	700	NA
873	easy goal	55	750	NA
873	easy goal	55	800	NA
873	easy goal	55	850	NA
873	easy goal	55	900	NA
873	easy goal	55	950	0.22988776470588235
873	easy goal	55	1e3	NA
873	easy goal	55	1050	NA
873	easy goal	55	1100	NA
873	easy goal	55	1150	NA
873	easy goal	56	-200	-0.009810262672810996
873	easy goal	56	-150	-0.008621215053763379
873	easy goal	56	-100	1.1361827956994179e-4
873	easy goal	56	-50	0.002052951612903161
873	easy goal	56	0	0.017899951612903253
873	easy goal	56	50	0.022178784946236558
873	easy goal	56	100	0.028110784946236606
873	easy goal	56	150	0.04327945161290322
873	easy goal	56	200	0.05536495161290326
873	easy goal	56	250	0.06684011827956986
873	easy goal	56	300	0.08351861827956981
873	easy goal	56	350	0.08005595161290313
873	easy goal	56	400	0.08996078494623656
873	easy goal	56	450	0.09067561827956998
873	easy goal	56	500	0.09822378494623656
873	easy goal	56	550	0.10282011827956983
873	easy goal	56	600	0.10417261827956992
873	easy goal	56	650	0.10527861827956997
873	easy goal	56	700	0.10905428494623652
873	easy goal	56	750	0.12284245161290326
873	easy goal	56	800	0.11498011827957
873	easy goal	56	850	0.11365261827956985
873	easy goal	56	900	0.10552361827956995
873	easy goal	56	950	0.10676495161290322
873	easy goal	56	1e3	0.09885978494623655
873	easy goal	56	1050	0.08828345161290319
873	easy goal	56	1100	0.0744417849462365
873	easy goal	56	1150	0.07327628494623657
873	easy goal	57	-200	-0.40750221428571454
873	easy goal	57	-150	NA
873	easy goal	57	-100	-0.10365921428571445
873	easy goal	57	-50	0.010133452380952424
873	easy goal	57	0	0.075060119047619
873	easy goal	57	50	0.06512378571428575
873	easy goal	57	100	0.09351595238095241
873	easy goal	57	150	0.10144678571428563
873	easy goal	57	200	0.0947374523809524
873	easy goal	57	250	0.06599011904761902
873	easy goal	57	300	0.01986411904761905
873	easy goal	57	350	-0.022122214285714332
873	easy goal	57	400	-0.04085371428571438
873	easy goal	57	450	-0.05593088095238093
873	easy goal	57	500	-0.05764638095238106
873	easy goal	57	550	-0.06766671428571429
873	easy goal	57	600	-0.058417214285714225
873	easy goal	57	650	-0.08069138095238097
873	easy goal	57	700	-0.08362871428571432
873	easy goal	57	750	-0.08087288095238095
873	easy goal	57	800	-0.07984971428571441
873	easy goal	57	850	-0.09677471428571434
873	easy goal	57	900	-0.16485721428571432
873	easy goal	57	950	NA
873	easy goal	57	1e3	NA
873	easy goal	57	1050	NA
873	easy goal	57	1100	NA
873	easy goal	57	1150	NA
873	easy goal	58	-200	NA
873	easy goal	58	-150	NA
873	easy goal	58	-100	NA
873	easy goal	58	-50	NA
873	easy goal	58	0	NA
873	easy goal	58	50	NA
873	easy goal	58	100	NA
873	easy goal	58	150	NA
873	easy goal	58	200	NA
873	easy goal	58	250	NA
873	easy goal	58	300	NA
873	easy goal	58	350	NA
873	easy goal	58	400	NA
873	easy goal	58	450	NA
873	easy goal	58	500	NA
873	easy goal	58	550	NA
873	easy goal	58	600	NA
873	easy goal	58	650	NA
873	easy goal	58	700	NA
873	easy goal	58	750	NA
873	easy goal	58	800	NA
873	easy goal	58	850	NA
873	easy goal	58	900	NA
873	easy goal	58	950	NA
873	easy goal	58	1e3	NA
873	easy goal	58	1050	NA
873	easy goal	58	1100	NA
873	easy goal	58	1150	NA
873	easy goal	59	-200	NA
873	easy goal	59	-150	NA
873	easy goal	59	-100	NA
873	easy goal	59	-50	NA
873	easy goal	59	0	NA
873	easy goal	59	50	NA
873	easy goal	59	100	NA
873	easy goal	59	150	NA
873	easy goal	59	200	NA
873	easy goal	59	250	NA
873	easy goal	59	300	NA
873	easy goal	59	350	NA
873	easy goal	59	400	NA
873	easy goal	59	450	NA
873	easy goal	59	500	NA
873	easy goal	59	550	NA
873	easy goal	59	600	NA
873	easy goal	59	650	NA
873	easy goal	59	700	NA
873	easy goal	59	750	NA
873	easy goal	59	800	NA
873	easy goal	59	850	NA
873	easy goal	59	900	NA
873	easy goal	59	950	NA
873	easy goal	59	1e3	NA
873	easy goal	59	1050	NA
873	easy goal	59	1100	NA
873	easy goal	59	1150	NA
873	easy goal	60	-200	0.05343748275862072
873	easy goal	60	-150	0.026446149425287297
873	easy goal	60	-100	-0.02320468390804605
873	easy goal	60	-50	-0.029262017241379334
873	easy goal	60	0	-0.018510683908046
873	easy goal	60	50	-0.014436183908046019
873	easy goal	60	100	-0.027083183908046093
873	easy goal	60	150	-0.042081517241379394
873	easy goal	60	200	-0.06122635057471267
873	easy goal	60	250	-0.06238601724137934
873	easy goal	60	300	-0.07470018390804604
873	easy goal	60	350	-0.07470135057471272
873	easy goal	60	400	-0.070811683908046
873	easy goal	60	450	-0.03324035057471275
873	easy goal	60	500	-0.026496183908045978
873	easy goal	60	550	-0.014871850574712742
873	easy goal	60	600	-0.0020658505747127207
873	easy goal	60	650	-0.01825385057471259
873	easy goal	60	700	-0.00919051724137939
873	easy goal	60	750	-0.015384183908046042
873	easy goal	60	800	-0.11294585057471274
873	easy goal	60	850	NA
873	easy goal	60	900	NA
873	easy goal	60	950	NA
873	easy goal	60	1e3	NA
873	easy goal	60	1050	NA
873	easy goal	60	1100	NA
873	easy goal	60	1150	NA
873	easy goal	61	-200	-0.007520534562211864
873	easy goal	61	-150	0.004266989247311874
873	easy goal	61	-100	0.0041921559139785165
873	easy goal	61	-50	0.009402322580645217
873	easy goal	61	0	-0.00908751075268821
873	easy goal	61	50	-0.04418384408602146
873	easy goal	61	100	-0.05405684408602155
873	easy goal	61	150	-0.0615991774193548
873	easy goal	61	200	-0.06495934408602144
873	easy goal	61	250	-0.055057844086021435
873	easy goal	61	300	-0.04191017741935473
873	easy goal	61	350	-0.030329010752688196
873	easy goal	61	400	-0.03674101075268813
873	easy goal	61	450	-0.021099177419354815
873	easy goal	61	500	-0.014499344086021418
873	easy goal	61	550	9.274892473118967e-4
873	easy goal	61	600	0.02394465591397858
873	easy goal	61	650	0.04165598924731192
873	easy goal	61	700	0.03861848924731189
873	easy goal	61	750	0.031173489247311892
873	easy goal	61	800	0.020592655913978557
873	easy goal	61	850	0.005607322580645224
873	easy goal	61	900	0.005998155913978491
873	easy goal	61	950	0.00583398924731197
873	easy goal	61	1e3	0.009291655913978477
873	easy goal	61	1050	0.01296482258064513
873	easy goal	61	1100	0.01535115591397851
873	easy goal	61	1150	-0.04273087741935484
873	easy goal	62	-200	-0.024445792626728302
873	easy goal	62	-150	-0.0050399354838711235
873	easy goal	62	-100	-0.0059974354838711426
873	easy goal	62	-50	0.02016656451612886
873	easy goal	62	0	0.019390897849462203
873	easy goal	62	50	0.03733873118279559
873	easy goal	62	100	0.05143706451612884
873	easy goal	62	150	0.0652780645161289
873	easy goal	62	200	0.08010856451612887
873	easy goal	62	250	0.08772673118279546
873	easy goal	62	300	0.09458539784946218
873	easy goal	62	350	0.10783523118279563
873	easy goal	62	400	0.11511723118279542
873	easy goal	62	450	0.13080756451612893
873	easy goal	62	500	0.15825706451612884
873	easy goal	62	550	0.1783185645161288
873	easy goal	62	600	0.19604556451612884
873	easy goal	62	650	0.22917473118279555
873	easy goal	62	700	0.2598832311827955
873	easy goal	62	750	0.28750356451612896
873	easy goal	62	800	0.3065823978494622
873	easy goal	62	850	0.3313263978494623
873	easy goal	62	900	0.3323128978494623
873	easy goal	62	950	0.32711423118279553
873	easy goal	62	1e3	0.3348475645161289
873	easy goal	62	1050	0.33213823118279545
873	easy goal	62	1100	0.2915586645161289
873	easy goal	62	1150	NA
873	easy goal	63	-200	0.024682857142857135
873	easy goal	63	-150	-0.012862666666666763
873	easy goal	63	-100	-0.006572333333333402
873	easy goal	63	-50	-0.028084999999999916
873	easy goal	63	0	NA
873	easy goal	63	50	NA
873	easy goal	63	100	NA
873	easy goal	63	150	NA
873	easy goal	63	200	0.2439649999999999
873	easy goal	63	250	0.2729533333333332
873	easy goal	63	300	0.043915
873	easy goal	63	350	-0.02330333333333338
873	easy goal	63	400	-0.003226500000000095
873	easy goal	63	450	-0.004814333333333402
873	easy goal	63	500	-0.01313816666666671
873	easy goal	63	550	-0.0413910000000001
873	easy goal	63	600	-0.013313833333333433
873	easy goal	63	650	-0.016538500000000084
873	easy goal	63	700	-0.029457499999999987
873	easy goal	63	750	-0.034850999999999965
873	easy goal	63	800	-0.04205033333333338
873	easy goal	63	850	-0.07089316666666663
873	easy goal	63	900	-0.07936216666666678
873	easy goal	63	950	-0.09252966666666684
873	easy goal	63	1e3	-0.10042700000000004
873	easy goal	63	1050	-0.10084783333333343
873	easy goal	63	1100	-0.10411100000000006
873	easy goal	63	1150	-0.11390966666666673
873	easy goal	64	-200	-0.03363927649769576
873	easy goal	64	-150	-0.014102252688171854
873	easy goal	64	-100	-1.5941935483850442e-4
873	easy goal	64	-50	0.01832574731182805
873	easy goal	64	0	0.035181747311828104
873	easy goal	64	50	0.0512754139784947
873	easy goal	64	100	0.06802908064516149
873	easy goal	64	150	0.07730991397849474
873	easy goal	64	200	0.08108541397849474
873	easy goal	64	250	0.08640674731182803
873	easy goal	64	300	0.09955158064516145
873	easy goal	64	350	0.11394108064516144
873	easy goal	64	400	0.10479274731182804
873	easy goal	64	450	0.13914458064516153
873	easy goal	64	500	0.14597174731182805
873	easy goal	64	550	0.1613919139784948
873	easy goal	64	600	0.18321724731182817
873	easy goal	64	650	0.19812224731182812
873	easy goal	64	700	0.22375524731182805
873	easy goal	64	750	0.23915741397849466
873	easy goal	64	800	0.24650791397849484
873	easy goal	64	850	0.22698641397849473
873	easy goal	64	900	0.2181260806451614
873	easy goal	64	950	NA
873	easy goal	64	1e3	NA
873	easy goal	64	1050	NA
873	easy goal	64	1100	NA
873	easy goal	64	1150	0.365628247311828
873	easy goal	65	-200	NA
873	easy goal	65	-150	NA
873	easy goal	65	-100	NA
873	easy goal	65	-50	NA
873	easy goal	65	0	NA
873	easy goal	65	50	NA
873	easy goal	65	100	NA
873	easy goal	65	150	NA
873	easy goal	65	200	NA
873	easy goal	65	250	NA
873	easy goal	65	300	NA
873	easy goal	65	350	NA
873	easy goal	65	400	NA
873	easy goal	65	450	NA
873	easy goal	65	500	NA
873	easy goal	65	550	NA
873	easy goal	65	600	NA
873	easy goal	65	650	NA
873	easy goal	65	700	NA
873	easy goal	65	750	NA
873	easy goal	65	800	NA
873	easy goal	65	850	NA
873	easy goal	65	900	NA
873	easy goal	65	950	NA
873	easy goal	65	1e3	NA
873	easy goal	65	1050	NA
873	easy goal	65	1100	NA
873	easy goal	65	1150	NA
873	easy goal	66	-200	NA
873	easy goal	66	-150	NA
873	easy goal	66	-100	NA
873	easy goal	66	-50	NA
873	easy goal	66	0	NA
873	easy goal	66	50	NA
873	easy goal	66	100	NA
873	easy goal	66	150	NA
873	easy goal	66	200	NA
873	easy goal	66	250	NA
873	easy goal	66	300	NA
873	easy goal	66	350	NA
873	easy goal	66	400	NA
873	easy goal	66	450	NA
873	easy goal	66	500	NA
873	easy goal	66	550	NA
873	easy goal	66	600	NA
873	easy goal	66	650	NA
873	easy goal	66	700	NA
873	easy goal	66	750	NA
873	easy goal	66	800	NA
873	easy goal	66	850	NA
873	easy goal	66	900	NA
873	easy goal	66	950	NA
873	easy goal	66	1e3	NA
873	easy goal	66	1050	NA
873	easy goal	66	1100	NA
873	easy goal	66	1150	NA
873	easy goal	67	-200	-0.034053408602150594
873	easy goal	67	-150	-0.025205170506912417
873	easy goal	67	-100	-0.005511408602150454
873	easy goal	67	-50	0.013069458064516138
873	easy goal	67	0	0.04978254377880179
873	easy goal	67	50	0.0818254247311827
873	easy goal	67	100	0.08635742473118276
873	easy goal	67	150	0.11266109139784934
873	easy goal	67	200	0.13847242473118282
873	easy goal	67	250	0.16472909139784941
873	easy goal	67	300	0.18208809139784946
873	easy goal	67	350	0.20726809139784944
873	easy goal	67	400	0.22240575806451593
873	easy goal	67	450	0.23368059139784947
873	easy goal	67	500	0.22933242473118276
873	easy goal	67	550	0.22616159139784955
873	easy goal	67	600	0.21772909139784943
873	easy goal	67	650	0.22135992473118274
873	easy goal	67	700	0.2211484247311828
873	easy goal	67	750	0.236068758064516
873	easy goal	67	800	0.2632344247311828
873	easy goal	67	850	0.29468892473118263
873	easy goal	67	900	0.32008442473118276
873	easy goal	67	950	0.33810975806451604
873	easy goal	67	1e3	0.370609258064516
873	easy goal	67	1050	0.36829159139784945
873	easy goal	67	1100	0.3510385913978493
873	easy goal	67	1150	0.33702375806451607
873	easy goal	68	-200	0.1296946359447006
873	easy goal	68	-150	0.07421506451612903
873	easy goal	68	-100	-0.008523102150537495
873	easy goal	68	-50	-0.07875826881720423
873	easy goal	68	0	-0.13824410215053753
873	easy goal	68	50	-0.18639410215053762
873	easy goal	68	100	-0.21021526881720423
873	easy goal	68	150	-0.23313510215053754
873	easy goal	68	200	-0.23920293548387087
873	easy goal	68	250	-0.2547806021505376
873	easy goal	68	300	-0.26371076881720423
873	easy goal	68	350	-0.2658939354838708
873	easy goal	68	400	-0.2665754354838709
873	easy goal	68	450	-0.26595176881720417
873	easy goal	68	500	-0.250267435483871
873	easy goal	68	550	-0.23890910215053754
873	easy goal	68	600	-0.2210126021505375
873	easy goal	68	650	-0.1980206021505376
873	easy goal	68	700	-0.1758371021505376
873	easy goal	68	750	-0.16857693548387087
873	easy goal	68	800	-0.1640962688172042
873	easy goal	68	850	-0.22215976881720426
873	easy goal	68	900	-0.13713593548387104
873	easy goal	68	950	NA
873	easy goal	68	1e3	NA
873	easy goal	68	1050	NA
873	easy goal	68	1100	NA
873	easy goal	68	1150	NA
873	easy goal	69	-200	-0.0026533000000000437
873	easy goal	69	-150	0.006183366666666634
873	easy goal	69	-100	0.025468200000000014
873	easy goal	69	-50	3.303333333337655e-5
873	easy goal	69	0	-0.029031299999999982
873	easy goal	69	50	-0.053091466666666566
873	easy goal	69	100	-0.05840529999999992
873	easy goal	69	150	-0.0544834666666667
873	easy goal	69	200	-0.08931579999999999
873	easy goal	69	250	-0.09228863333333326
873	easy goal	69	300	-0.09765663333333323
873	easy goal	69	350	-0.09882580000000012
873	easy goal	69	400	-0.09686346666666663
873	easy goal	69	450	-0.08712380000000002
873	easy goal	69	500	-0.08399746666666667
873	easy goal	69	550	-0.08822513333333326
873	easy goal	69	600	-0.07455513333333334
873	easy goal	69	650	-0.0775671333333332
873	easy goal	69	700	-0.07629746666666663
873	easy goal	69	750	-0.09248879999999993
873	easy goal	69	800	-0.08296096666666664
873	easy goal	69	850	-0.08113880000000002
873	easy goal	69	900	-0.06298296666666658
873	easy goal	69	950	-0.05230296666666671
873	easy goal	69	1e3	-0.06573613333333328
873	easy goal	69	1050	-0.1802379666666667
873	easy goal	69	1100	NA
873	easy goal	69	1150	NA
873	easy goal	70	-200	NA
873	easy goal	70	-150	-0.22664733333333364
873	easy goal	70	-100	0.1133236666666666
873	easy goal	70	-50	NA
873	easy goal	70	0	NA
873	easy goal	70	50	NA
873	easy goal	70	100	NA
873	easy goal	70	150	NA
873	easy goal	70	200	0.49002166666666636
873	easy goal	70	250	0.02939266666666651
873	easy goal	70	300	-0.4180171666666668
873	easy goal	70	350	-0.3296108333333334
873	easy goal	70	400	0.43558816666666655
873	easy goal	70	450	-0.3435463333333335
873	easy goal	70	500	-0.4215071666666667
873	easy goal	70	550	-0.4661133333333334
873	easy goal	70	600	-0.13498808333333334
873	easy goal	70	650	-0.14142233333333346
873	easy goal	70	700	-0.12137550000000008
873	easy goal	70	750	-0.2636121666666668
873	easy goal	70	800	-0.2175693333333335
873	easy goal	70	850	-0.4539713333333335
873	easy goal	70	900	NA
873	easy goal	70	950	NA
873	easy goal	70	1e3	NA
873	easy goal	70	1050	NA
873	easy goal	70	1100	NA
873	easy goal	70	1150	NA
873	easy goal	71	-200	NA
873	easy goal	71	-150	NA
873	easy goal	71	-100	NA
873	easy goal	71	-50	NA
873	easy goal	71	0	NA
873	easy goal	71	50	NA
873	easy goal	71	100	NA
873	easy goal	71	150	NA
873	easy goal	71	200	NA
873	easy goal	71	250	NA
873	easy goal	71	300	NA
873	easy goal	71	350	NA
873	easy goal	71	400	NA
873	easy goal	71	450	NA
873	easy goal	71	500	NA
873	easy goal	71	550	NA
873	easy goal	71	600	NA
873	easy goal	71	650	NA
873	easy goal	71	700	NA
873	easy goal	71	750	NA
873	easy goal	71	800	NA
873	easy goal	71	850	NA
873	easy goal	71	900	NA
873	easy goal	71	950	NA
873	easy goal	71	1e3	NA
873	easy goal	71	1050	NA
873	easy goal	71	1100	NA
873	easy goal	71	1150	NA
873	easy goal	72	-200	-0.04250244444444462
873	easy goal	72	-150	NA
873	easy goal	72	-100	-0.2432374444444445
873	easy goal	72	-50	-0.023404444444444783
873	easy goal	72	0	0.06650975555555538
873	easy goal	72	50	-0.02496944444444482
873	easy goal	72	100	NA
873	easy goal	72	150	NA
873	easy goal	72	200	NA
873	easy goal	72	250	NA
873	easy goal	72	300	NA
873	easy goal	72	350	NA
873	easy goal	72	400	NA
873	easy goal	72	450	NA
873	easy goal	72	500	0.2796285555555553
873	easy goal	72	550	0.23942422222222196
873	easy goal	72	600	0.243215222222222
873	easy goal	72	650	0.2806805555555554
873	easy goal	72	700	0.289243722222222
873	easy goal	72	750	0.24042872222222203
873	easy goal	72	800	0.2031378888888887
873	easy goal	72	850	0.14543005555555535
873	easy goal	72	900	0.10201888888888866
873	easy goal	72	950	0.06889538888888858
873	easy goal	72	1e3	0.02788922222222201
873	easy goal	72	1050	0.013600388888888704
873	easy goal	72	1100	-0.007353277777777982
873	easy goal	72	1150	-0.004860611111111357
873	easy goal	73	-200	NA
873	easy goal	73	-150	NA
873	easy goal	73	-100	NA
873	easy goal	73	-50	NA
873	easy goal	73	0	NA
873	easy goal	73	50	NA
873	easy goal	73	100	NA
873	easy goal	73	150	NA
873	easy goal	73	200	NA
873	easy goal	73	250	NA
873	easy goal	73	300	NA
873	easy goal	73	350	NA
873	easy goal	73	400	NA
873	easy goal	73	450	NA
873	easy goal	73	500	NA
873	easy goal	73	550	NA
873	easy goal	73	600	NA
873	easy goal	73	650	NA
873	easy goal	73	700	NA
873	easy goal	73	750	NA
873	easy goal	73	800	NA
873	easy goal	73	850	NA
873	easy goal	73	900	NA
873	easy goal	73	950	NA
873	easy goal	73	1e3	NA
873	easy goal	73	1050	NA
873	easy goal	73	1100	NA
873	easy goal	73	1150	NA
873	easy goal	74	-200	NA
873	easy goal	74	-150	NA
873	easy goal	74	-100	NA
873	easy goal	74	-50	NA
873	easy goal	74	0	NA
873	easy goal	74	50	NA
873	easy goal	74	100	NA
873	easy goal	74	150	NA
873	easy goal	74	200	NA
873	easy goal	74	250	NA
873	easy goal	74	300	NA
873	easy goal	74	350	NA
873	easy goal	74	400	NA
873	easy goal	74	450	NA
873	easy goal	74	500	NA
873	easy goal	74	550	NA
873	easy goal	74	600	NA
873	easy goal	74	650	NA
873	easy goal	74	700	NA
873	easy goal	74	750	NA
873	easy goal	74	800	NA
873	easy goal	74	850	NA
873	easy goal	74	900	NA
873	easy goal	74	950	NA
873	easy goal	74	1e3	NA
873	easy goal	74	1050	NA
873	easy goal	74	1100	NA
873	easy goal	74	1150	NA
873	easy goal	75	-200	NA
873	easy goal	75	-150	NA
873	easy goal	75	-100	NA
873	easy goal	75	-50	NA
873	easy goal	75	0	NA
873	easy goal	75	50	NA
873	easy goal	75	100	NA
873	easy goal	75	150	NA
873	easy goal	75	200	NA
873	easy goal	75	250	NA
873	easy goal	75	300	NA
873	easy goal	75	350	NA
873	easy goal	75	400	NA
873	easy goal	75	450	NA
873	easy goal	75	500	NA
873	easy goal	75	550	NA
873	easy goal	75	600	NA
873	easy goal	75	650	NA
873	easy goal	75	700	NA
873	easy goal	75	750	NA
873	easy goal	75	800	NA
873	easy goal	75	850	NA
873	easy goal	75	900	NA
873	easy goal	75	950	NA
873	easy goal	75	1e3	NA
873	easy goal	75	1050	NA
873	easy goal	75	1100	NA
873	easy goal	75	1150	NA
873	easy goal	76	-200	-0.03923720000000008
873	easy goal	76	-150	-0.02806053333333347
873	easy goal	76	-100	-0.002117866666666727
873	easy goal	76	-50	0.02701713333333326
873	easy goal	76	0	0.0423984666666665
873	easy goal	76	50	0.04850663333333327
873	easy goal	76	100	0.05745496666666653
873	easy goal	76	150	0.06549389523809511
873	easy goal	76	200	0.060878799999999865
873	easy goal	76	250	0.07200463333333322
873	easy goal	76	300	0.08384813333333319
873	easy goal	76	350	0.08319229999999989
873	easy goal	76	400	0.0919769666666667
873	easy goal	76	450	0.11773413333333327
873	easy goal	76	500	0.13760579999999986
873	easy goal	76	550	0.15953696666666653
873	easy goal	76	600	0.1734262999999998
873	easy goal	76	650	0.1858449666666666
873	easy goal	76	700	0.21226846666666663
873	easy goal	76	750	0.16470879999999988
873	easy goal	76	800	NA
873	easy goal	76	850	NA
873	easy goal	76	900	NA
873	easy goal	76	950	NA
873	easy goal	76	1e3	NA
873	easy goal	76	1050	NA
873	easy goal	76	1100	NA
873	easy goal	76	1150	NA
873	easy goal	77	-200	-0.043229066666666593
873	easy goal	77	-150	-0.010448316666666568
873	easy goal	77	-100	-0.006870566666666485
873	easy goal	77	-50	-0.013004733333333185
873	easy goal	77	0	0.16525993333333355
873	easy goal	77	50	0.23989143333333351
873	easy goal	77	100	0.22395293333333344
873	easy goal	77	150	0.1476069333333334
873	easy goal	77	200	0.09470293333333346
873	easy goal	77	250	0.007922933333333493
873	easy goal	77	300	0.1921419333333335
873	easy goal	77	350	0.1657177333333335
873	easy goal	77	400	0.16587933333333355
873	easy goal	77	450	0.08775843333333366
873	easy goal	77	500	0.19200493333333357
873	easy goal	77	550	0.16257213333333337
873	easy goal	77	600	0.25686073333333354
873	easy goal	77	650	0.2685967666666668
873	easy goal	77	700	0.33211043333333357
873	easy goal	77	750	0.4208201000000002
873	easy goal	77	800	0.39214710000000025
873	easy goal	77	850	0.37620043333333353
873	easy goal	77	900	0.3575087666666668
873	easy goal	77	950	0.32352210000000015
873	easy goal	77	1e3	0.2797224333333335
873	easy goal	77	1050	0.22587960000000015
873	easy goal	77	1100	0.12569243333333344
873	easy goal	77	1150	0.1790299333333336
873	easy goal	79	-200	0.025802966666666816
873	easy goal	79	-150	-0.005482033333333192
873	easy goal	79	-100	-0.009299366666666531
873	easy goal	79	-50	-0.012236866666666494
873	easy goal	79	0	0.0012153000000001413
873	easy goal	79	50	0.003643966666666776
873	easy goal	79	100	0.01147680000000014
873	easy goal	79	150	0.019712966666666814
873	easy goal	79	200	0.017273133333333506
873	easy goal	79	250	0.028311800000000147
873	easy goal	79	300	0.03401980000000012
873	easy goal	79	350	0.04383363333333349
873	easy goal	79	400	0.050048966666666805
873	easy goal	79	450	0.05990246666666691
873	easy goal	79	500	0.07539680000000026
873	easy goal	79	550	0.07525096666666682
873	easy goal	79	600	0.08795313333333343
873	easy goal	79	650	0.09009763333333336
873	easy goal	79	700	0.09628180000000024
873	easy goal	79	750	0.09879496666666683
873	easy goal	79	800	0.10228730000000019
873	easy goal	79	850	0.11481613333333351
873	easy goal	79	900	0.1196141333333336
873	easy goal	79	950	0.11940163333333349
873	easy goal	79	1e3	0.12144063333333355
873	easy goal	79	1050	0.11869130000000012
873	easy goal	79	1100	0.08335963333333352
873	easy goal	79	1150	-0.05078686666666643
873	easy goal	80	-200	NA
873	easy goal	80	-150	NA
873	easy goal	80	-100	NA
873	easy goal	80	-50	NA
873	easy goal	80	0	1.4802634848489851e-16
873	easy goal	80	50	-0.06111149999999976
873	easy goal	80	100	-0.05683216666666661
873	easy goal	80	150	-0.03582016666666665
873	easy goal	80	200	-0.05670699999999984
873	easy goal	80	250	-0.11786366666666652
873	easy goal	80	300	-0.17024066666666648
873	easy goal	80	350	-0.2405399999999999
873	easy goal	80	400	-0.28283466666666657
873	easy goal	80	450	-0.30744766666666656
873	easy goal	80	500	-0.32060683333333334
873	easy goal	80	550	-0.3198301666666665
873	easy goal	80	600	-0.2998441666666665
873	easy goal	80	650	-0.2960016666666665
873	easy goal	80	700	-0.28540266666666664
873	easy goal	80	750	-0.29640933333333325
873	easy goal	80	800	-0.33577923333333315
873	easy goal	80	850	-0.3800328333333334
873	easy goal	80	900	NA
873	easy goal	80	950	NA
873	easy goal	80	1e3	NA
873	easy goal	80	1050	NA
873	easy goal	80	1100	NA
873	easy goal	80	1150	NA
873	easy goal	82	-200	NA
873	easy goal	82	-150	NA
873	easy goal	82	-100	NA
873	easy goal	82	-50	NA
873	easy goal	82	0	NA
873	easy goal	82	50	NA
873	easy goal	82	100	NA
873	easy goal	82	150	NA
873	easy goal	82	200	NA
873	easy goal	82	250	NA
873	easy goal	82	300	NA
873	easy goal	82	350	NA
873	easy goal	82	400	NA
873	easy goal	82	450	NA
873	easy goal	82	500	NA
873	easy goal	82	550	NA
873	easy goal	82	600	NA
873	easy goal	82	650	NA
873	easy goal	82	700	NA
873	easy goal	82	750	NA
873	easy goal	82	800	NA
873	easy goal	82	850	NA
873	easy goal	82	900	NA
873	easy goal	82	950	NA
873	easy goal	82	1e3	NA
873	easy goal	82	1050	NA
873	easy goal	82	1100	NA
873	easy goal	82	1150	NA
873	easy goal	83	-200	0.030091190000000156
873	easy goal	83	-150	0.0753921900000003
873	easy goal	83	-100	0.06837577333333351
873	easy goal	83	-50	-0.1412367599999998
873	easy goal	83	0	-0.021000726666666598
873	easy goal	83	50	-0.0922827599999998
873	easy goal	83	100	-0.11999755999999984
873	easy goal	83	150	-0.10554355999999987
873	easy goal	83	200	NA
873	easy goal	83	250	NA
873	easy goal	83	300	0.00948394000000019
873	easy goal	83	350	0.09144544000000021
873	easy goal	83	400	-0.1384825599999997
873	easy goal	83	450	-0.29195855999999987
873	easy goal	83	500	NA
873	easy goal	83	550	NA
873	easy goal	83	600	NA
873	easy goal	83	650	NA
873	easy goal	83	700	NA
873	easy goal	83	750	NA
873	easy goal	83	800	NA
873	easy goal	83	850	NA
873	easy goal	83	900	NA
873	easy goal	83	950	NA
873	easy goal	83	1e3	NA
873	easy goal	83	1050	NA
873	easy goal	83	1100	NA
873	easy goal	83	1150	NA
873	easy goal	84	-200	-0.03911393333333324
873	easy goal	84	-150	-0.021464599999999834
873	easy goal	84	-100	0.010292566666666891
873	easy goal	84	-50	0.01691740000000023
873	easy goal	84	0	0.033368566666666766
873	easy goal	84	50	0.0348930904761907
873	easy goal	84	100	0.03260323333333348
873	easy goal	84	150	-0.018640766666666586
873	easy goal	84	200	-0.04377709999999987
873	easy goal	84	250	0.01764923333333357
873	easy goal	84	300	0.052535519047619265
873	easy goal	84	350	0.05357873333333344
873	easy goal	84	400	0.05522523333333362
873	easy goal	84	450	-0.04322590952380935
873	easy goal	84	500	NA
873	easy goal	84	550	NA
873	easy goal	84	600	NA
873	easy goal	84	650	NA
873	easy goal	84	700	NA
873	easy goal	84	750	NA
873	easy goal	84	800	NA
873	easy goal	84	850	NA
873	easy goal	84	900	NA
873	easy goal	84	950	NA
873	easy goal	84	1e3	NA
873	easy goal	84	1050	NA
873	easy goal	84	1100	NA
873	easy goal	84	1150	NA
873	easy goal	85	-200	-0.006416290322580779
873	easy goal	85	-150	-0.009952123655914061
873	easy goal	85	-100	-0.008257123655914059
873	easy goal	85	-50	0.004089376344085904
873	easy goal	85	0	0.02160554301075268
873	easy goal	85	50	0.02732554301075263
873	easy goal	85	100	0.04485387634408592
873	easy goal	85	150	0.06363470967741931
873	easy goal	85	200	0.08252554301075254
873	easy goal	85	250	0.0855675430107526
873	easy goal	85	300	0.07399370967741932
873	easy goal	85	350	0.06243070967741934
873	easy goal	85	400	0.04611387634408596
873	easy goal	85	450	0.04391154301075262
873	easy goal	85	500	0.04296070967741931
873	easy goal	85	550	0.050323376344085936
873	easy goal	85	600	0.04428937634408592
873	easy goal	85	650	0.02931337634408604
873	easy goal	85	700	0.007053543010752561
873	easy goal	85	750	-0.006669456989247369
873	easy goal	85	800	-0.007393123655914084
873	easy goal	85	850	-0.0034804569892474824
873	easy goal	85	900	-0.016194123655913994
873	easy goal	85	950	-0.05644245698924736
873	easy goal	85	1e3	-0.07004945698924743
873	easy goal	85	1050	-0.08833962365591404
873	easy goal	85	1100	-0.1111852903225808
873	easy goal	85	1150	-0.1320322903225807
873	easy goal	86	-200	-0.07800482222222235
873	easy goal	86	-150	NA
873	easy goal	86	-100	0.09812277777777778
873	easy goal	86	-50	1.9027777777765506e-4
873	easy goal	86	0	0.04845994444444431
873	easy goal	86	50	0.0072119444444443586
873	easy goal	86	100	0.05371711111111099
873	easy goal	86	150	0.0521892777777776
873	easy goal	86	200	0.09438977777777757
873	easy goal	86	250	0.06551477777777759
873	easy goal	86	300	NA
873	easy goal	86	350	NA
873	easy goal	86	400	-1.0299692222222223
873	easy goal	86	450	-0.27653522222222227
873	easy goal	86	500	-0.13176155555555566
873	easy goal	86	550	-0.09848188888888898
873	easy goal	86	600	-0.07403372222222233
873	easy goal	86	650	-0.027530722222222453
873	easy goal	86	700	0.01245011111111105
873	easy goal	86	750	-0.01588438888888895
873	easy goal	86	800	-0.03895955555555567
873	easy goal	86	850	-0.099502388888889
873	easy goal	86	900	-0.12103172222222236
873	easy goal	86	950	-0.15582688888888904
873	easy goal	86	1e3	-0.14203038888888905
873	easy goal	86	1050	-0.13183472222222248
873	easy goal	86	1100	-0.10753955555555583
873	easy goal	86	1150	-0.09880572222222235
873	easy goal	88	-200	0.017663925925926065
873	easy goal	88	-150	0.007140592592592847
873	easy goal	88	-100	0.02234525925925938
873	easy goal	88	-50	0.009614592592592711
873	easy goal	88	0	-0.11352874074074053
873	easy goal	88	50	NA
873	easy goal	88	100	-0.41207774074074077
873	easy goal	88	150	0.004002592592592687
873	easy goal	88	200	0.018797925925926107
873	easy goal	88	250	0.030558759259259327
873	easy goal	88	300	0.03814009259259269
873	easy goal	88	350	0.02790259259259272
873	easy goal	88	400	0.025401592592592708
873	easy goal	88	450	1.8225925925929864e-4
873	easy goal	88	500	-0.03992174074074062
873	easy goal	88	550	-0.06392824074074066
873	easy goal	88	600	-0.10335190740740725
873	easy goal	88	650	-0.09027640740740732
873	easy goal	88	700	-0.11329157407407393
873	easy goal	88	750	-0.10962274074074063
873	easy goal	88	800	-0.08941607407407393
873	easy goal	88	850	-0.07166340740740725
873	easy goal	88	900	-0.0834954074074074
873	easy goal	88	950	-0.19494974074074056
873	easy goal	88	1e3	NA
873	easy goal	88	1050	NA
873	easy goal	88	1100	NA
873	easy goal	88	1150	NA
873	easy goal	89	-200	0.07102352534562202
873	easy goal	89	-150	0.03450759677419346
873	easy goal	89	-100	-0.004214569892473301
873	easy goal	89	-50	-0.04383373655913991
873	easy goal	89	0	-0.06932006989247319
873	easy goal	89	50	-0.0822457365591398
873	easy goal	89	100	-0.08794306989247325
873	easy goal	89	150	-0.08509940322580656
873	easy goal	89	200	-0.09028723655913999
873	easy goal	89	250	-0.09381190322580653
873	easy goal	89	300	-0.07670340322580656
873	easy goal	89	350	-0.0721534032258065
873	easy goal	89	400	-0.058009236559139886
873	easy goal	89	450	-0.058493236559139815
873	easy goal	89	500	-0.056134069892473194
873	easy goal	89	550	-0.07106356989247316
873	easy goal	89	600	-0.06944156989247323
873	easy goal	89	650	-0.07030290322580653
873	easy goal	89	700	-0.07235056989247328
873	easy goal	89	750	-0.06589456989247311
873	easy goal	89	800	-0.11817615322580655
873	easy goal	89	850	NA
873	easy goal	89	900	NA
873	easy goal	89	950	NA
873	easy goal	89	1e3	NA
873	easy goal	89	1050	NA
873	easy goal	89	1100	NA
873	easy goal	89	1150	NA
873	easy goal	90	-200	NA
873	easy goal	90	-150	NA
873	easy goal	90	-100	NA
873	easy goal	90	-50	NA
873	easy goal	90	0	NA
873	easy goal	90	50	NA
873	easy goal	90	100	NA
873	easy goal	90	150	NA
873	easy goal	90	200	NA
873	easy goal	90	250	NA
873	easy goal	90	300	NA
873	easy goal	90	350	NA
873	easy goal	90	400	NA
873	easy goal	90	450	NA
873	easy goal	90	500	NA
873	easy goal	90	550	NA
873	easy goal	90	600	NA
873	easy goal	90	650	NA
873	easy goal	90	700	NA
873	easy goal	90	750	NA
873	easy goal	90	800	NA
873	easy goal	90	850	NA
873	easy goal	90	900	NA
873	easy goal	90	950	NA
873	easy goal	90	1e3	NA
873	easy goal	90	1050	NA
873	easy goal	90	1100	NA
873	easy goal	90	1150	NA
873	easy goal	91	-200	NA
873	easy goal	91	-150	NA
873	easy goal	91	-100	NA
873	easy goal	91	-50	-0.07934949999999974
873	easy goal	91	0	0.07934950000000018
873	easy goal	91	50	-0.45333849999999987
873	easy goal	91	100	0.36283966666666684
873	easy goal	91	150	0.5620637000000002
873	easy goal	91	200	0.35022350000000024
873	easy goal	91	250	0.07297210000000023
873	easy goal	91	300	0.3029151000000003
873	easy goal	91	350	0.3603015000000003
873	easy goal	91	400	NA
873	easy goal	91	450	NA
873	easy goal	91	500	0.29802050000000024
873	easy goal	91	550	0.1893056666666669
873	easy goal	91	600	0.16036850000000014
873	easy goal	91	650	0.18531766666666694
873	easy goal	91	700	0.15084550000000027
873	easy goal	91	750	0.10502266666666693
873	easy goal	91	800	0.03623716666666691
873	easy goal	91	850	0.004753500000000373
873	easy goal	91	900	0.014181500000000217
873	easy goal	91	950	0.006114333333333481
873	easy goal	91	1e3	-0.00659321428571407
873	easy goal	91	1050	-0.010830699999999815
873	easy goal	91	1100	-0.010516999999999813
873	easy goal	91	1150	-0.023654928571428258
873	easy goal	92	-200	NA
873	easy goal	92	-150	NA
873	easy goal	92	-100	NA
873	easy goal	92	-50	NA
873	easy goal	92	0	NA
873	easy goal	92	50	NA
873	easy goal	92	100	NA
873	easy goal	92	150	NA
873	easy goal	92	200	NA
873	easy goal	92	250	NA
873	easy goal	92	300	NA
873	easy goal	92	350	NA
873	easy goal	92	400	NA
873	easy goal	92	450	NA
873	easy goal	92	500	NA
873	easy goal	92	550	NA
873	easy goal	92	600	NA
873	easy goal	92	650	NA
873	easy goal	92	700	NA
873	easy goal	92	750	NA
873	easy goal	92	800	NA
873	easy goal	92	850	NA
873	easy goal	92	900	NA
873	easy goal	92	950	NA
873	easy goal	92	1e3	NA
873	easy goal	92	1050	NA
873	easy goal	92	1100	NA
873	easy goal	92	1150	NA
873	easy goal	93	-200	-0.3740246666666668
873	easy goal	93	-150	-0.04353991666666679
873	easy goal	93	-100	0.007720166666666639
873	easy goal	93	-50	0.05631233333333322
873	easy goal	93	0	0.08966899999999993
873	easy goal	93	50	0.14964999999999984
873	easy goal	93	100	0.19581099999999982
873	easy goal	93	150	0.08481599999999985
873	easy goal	93	200	0.11885466666666655
873	easy goal	93	250	0.11160649999999987
873	easy goal	93	300	0.16842483333333313
873	easy goal	93	350	0.16967066666666644
873	easy goal	93	400	0.17591249999999992
873	easy goal	93	450	0.18159349999999988
873	easy goal	93	500	0.1565954999999999
873	easy goal	93	550	0.1529378333333331
873	easy goal	93	600	0.13968266666666654
873	easy goal	93	650	0.12450116666666651
873	easy goal	93	700	0.11877766666666645
873	easy goal	93	750	0.10614099999999982
873	easy goal	93	800	0.09263749999999978
873	easy goal	93	850	0.08972566666666652
873	easy goal	93	900	0.10331116666666655
873	easy goal	93	950	0.1033619999999998
873	easy goal	93	1e3	0.11883316666666643
873	easy goal	93	1050	0.11985233333333323
873	easy goal	93	1100	0.13538099999999997
873	easy goal	93	1150	0.13909983333333323
873	easy goal	94	-200	-0.04150761751152051
873	easy goal	94	-150	-0.012391236559139504
873	easy goal	94	-100	0.004551430107527048
873	easy goal	94	-50	0.02217426344086045
873	easy goal	94	0	0.03409109677419372
873	easy goal	94	50	0.04328109677419375
873	easy goal	94	100	0.06867893010752701
873	easy goal	94	150	0.07750859677419382
873	easy goal	94	200	0.09046326344086042
873	easy goal	94	250	0.11420159677419384
873	easy goal	94	300	0.14405259677419377
873	easy goal	94	350	0.17056359677419372
873	easy goal	94	400	0.18612376344086043
873	easy goal	94	450	0.2112837634408605
873	easy goal	94	500	0.20981576344086048
873	easy goal	94	550	0.23452643010752716
873	easy goal	94	600	0.2517967634408604
873	easy goal	94	650	0.25950443010752716
873	easy goal	94	700	0.2777307634408605
873	easy goal	94	750	0.29688909677419373
873	easy goal	94	800	0.3120659301075271
873	easy goal	94	850	0.3148530967741938
873	easy goal	94	900	0.3017422634408604
873	easy goal	94	950	0.3569314301075271
873	easy goal	94	1e3	0.37748393010752707
873	easy goal	94	1050	0.40888776344086053
873	easy goal	94	1100	0.4365425967741938
873	easy goal	94	1150	0.4661262634408605
873	easy goal	95	-200	-0.06152969124423979
873	easy goal	95	-150	-0.02590354838709678
873	easy goal	95	-100	0.020236451612903144
873	easy goal	95	-50	0.02892745161290322
873	easy goal	95	0	0.04852428494623647
873	easy goal	95	50	0.07087628494623639
873	easy goal	95	100	0.0905094516129031
873	easy goal	95	150	0.07731295161290312
873	easy goal	95	200	0.07063961827956981
873	easy goal	95	250	0.07726345161290309
873	easy goal	95	300	0.09040378494623631
873	easy goal	95	350	0.09464445161290318
873	easy goal	95	400	0.09278161827956984
873	easy goal	95	450	0.08023845161290304
873	easy goal	95	500	0.055757951612903124
873	easy goal	95	550	0.03031478494623648
873	easy goal	95	600	0.023434118279569798
873	easy goal	95	650	0.013910784946236468
873	easy goal	95	700	-0.013943881720430262
873	easy goal	95	750	-0.009230381720430225
873	easy goal	95	800	-0.04100854838709687
873	easy goal	95	850	NA
873	easy goal	95	900	NA
873	easy goal	95	950	NA
873	easy goal	95	1e3	NA
873	easy goal	95	1050	NA
873	easy goal	95	1100	NA
873	easy goal	95	1150	NA
873	easy goal	96	-200	NA
873	easy goal	96	-150	NA
873	easy goal	96	-100	NA
873	easy goal	96	-50	NA
873	easy goal	96	0	NA
873	easy goal	96	50	NA
873	easy goal	96	100	NA
873	easy goal	96	150	NA
873	easy goal	96	200	NA
873	easy goal	96	250	NA
873	easy goal	96	300	NA
873	easy goal	96	350	NA
873	easy goal	96	400	NA
873	easy goal	96	450	NA
873	easy goal	96	500	NA
873	easy goal	96	550	NA
873	easy goal	96	600	NA
873	easy goal	96	650	NA
873	easy goal	96	700	NA
873	easy goal	96	750	NA
873	easy goal	96	800	NA
873	easy goal	96	850	NA
873	easy goal	96	900	NA
873	easy goal	96	950	NA
873	easy goal	96	1e3	NA
873	easy goal	96	1050	NA
873	easy goal	96	1100	NA
873	easy goal	96	1150	NA
873	easy goal	97	-200	NA
873	easy goal	97	-150	NA
873	easy goal	97	-100	NA
873	easy goal	97	-50	NA
873	easy goal	97	0	NA
873	easy goal	97	50	NA
873	easy goal	97	100	NA
873	easy goal	97	150	NA
873	easy goal	97	200	NA
873	easy goal	97	250	NA
873	easy goal	97	300	NA
873	easy goal	97	350	NA
873	easy goal	97	400	NA
873	easy goal	97	450	NA
873	easy goal	97	500	NA
873	easy goal	97	550	NA
873	easy goal	97	600	NA
873	easy goal	97	650	NA
873	easy goal	97	700	NA
873	easy goal	97	750	NA
873	easy goal	97	800	NA
873	easy goal	97	850	NA
873	easy goal	97	900	NA
873	easy goal	97	950	NA
873	easy goal	97	1e3	NA
873	easy goal	97	1050	NA
873	easy goal	97	1100	NA
873	easy goal	97	1150	NA
873	easy goal	98	-200	NA
873	easy goal	98	-150	NA
873	easy goal	98	-100	NA
873	easy goal	98	-50	NA
873	easy goal	98	0	NA
873	easy goal	98	50	NA
873	easy goal	98	100	NA
873	easy goal	98	150	NA
873	easy goal	98	200	NA
873	easy goal	98	250	NA
873	easy goal	98	300	NA
873	easy goal	98	350	NA
873	easy goal	98	400	NA
873	easy goal	98	450	NA
873	easy goal	98	500	NA
873	easy goal	98	550	NA
873	easy goal	98	600	NA
873	easy goal	98	650	NA
873	easy goal	98	700	NA
873	easy goal	98	750	NA
873	easy goal	98	800	NA
873	easy goal	98	850	NA
873	easy goal	98	900	NA
873	easy goal	98	950	NA
873	easy goal	98	1e3	NA
873	easy goal	98	1050	NA
873	easy goal	98	1100	NA
873	easy goal	98	1150	NA
873	easy goal	99	-200	NA
873	easy goal	99	-150	NA
873	easy goal	99	-100	NA
873	easy goal	99	-50	NA
873	easy goal	99	0	NA
873	easy goal	99	50	NA
873	easy goal	99	100	NA
873	easy goal	99	150	NA
873	easy goal	99	200	NA
873	easy goal	99	250	NA
873	easy goal	99	300	NA
873	easy goal	99	350	NA
873	easy goal	99	400	NA
873	easy goal	99	450	NA
873	easy goal	99	500	NA
873	easy goal	99	550	NA
873	easy goal	99	600	NA
873	easy goal	99	650	NA
873	easy goal	99	700	NA
873	easy goal	99	750	NA
873	easy goal	99	800	NA
873	easy goal	99	850	NA
873	easy goal	99	900	NA
873	easy goal	99	950	NA
873	easy goal	99	1e3	NA
873	easy goal	99	1050	NA
873	easy goal	99	1100	NA
873	easy goal	99	1150	NA
873	easy goal	101	-200	NA
873	easy goal	101	-150	NA
873	easy goal	101	-100	NA
873	easy goal	101	-50	NA
873	easy goal	101	0	NA
873	easy goal	101	50	NA
873	easy goal	101	100	NA
873	easy goal	101	150	NA
873	easy goal	101	200	NA
873	easy goal	101	250	NA
873	easy goal	101	300	NA
873	easy goal	101	350	NA
873	easy goal	101	400	NA
873	easy goal	101	450	NA
873	easy goal	101	500	NA
873	easy goal	101	550	NA
873	easy goal	101	600	NA
873	easy goal	101	650	NA
873	easy goal	101	700	NA
873	easy goal	101	750	NA
873	easy goal	101	800	NA
873	easy goal	101	850	NA
873	easy goal	101	900	NA
873	easy goal	101	950	NA
873	easy goal	101	1e3	NA
873	easy goal	101	1050	NA
873	easy goal	101	1100	NA
873	easy goal	101	1150	NA
873	easy goal	102	-200	-7.401712706286978e-17
873	easy goal	102	-150	NA
873	easy goal	102	-100	NA
873	easy goal	102	-50	NA
873	easy goal	102	0	NA
873	easy goal	102	50	NA
873	easy goal	102	100	NA
873	easy goal	102	150	NA
873	easy goal	102	200	NA
873	easy goal	102	250	NA
873	easy goal	102	300	0.4580213333333334
873	easy goal	102	350	0.5473143333333333
873	easy goal	102	400	0.5865463333333333
873	easy goal	102	450	0.6175773333333333
873	easy goal	102	500	0.6396778333333333
873	easy goal	102	550	0.6531366666666666
873	easy goal	102	600	0.6160095
873	easy goal	102	650	0.5042941666666666
873	easy goal	102	700	0.4192019999999999
873	easy goal	102	750	0.3750448333333333
873	easy goal	102	800	0.33583749999999984
873	easy goal	102	850	0.30593566666666655
873	easy goal	102	900	0.3014056666666665
873	easy goal	102	950	0.2858298333333333
873	easy goal	102	1e3	0.27516749999999984
873	easy goal	102	1050	0.2782153333333333
873	easy goal	102	1100	0.2773256666666666
873	easy goal	102	1150	0.2926433333333332
873	easy goal	103	-200	NA
873	easy goal	103	-150	NA
873	easy goal	103	-100	NA
873	easy goal	103	-50	NA
873	easy goal	103	0	NA
873	easy goal	103	50	NA
873	easy goal	103	100	NA
873	easy goal	103	150	NA
873	easy goal	103	200	NA
873	easy goal	103	250	NA
873	easy goal	103	300	NA
873	easy goal	103	350	NA
873	easy goal	103	400	NA
873	easy goal	103	450	NA
873	easy goal	103	500	NA
873	easy goal	103	550	NA
873	easy goal	103	600	NA
873	easy goal	103	650	NA
873	easy goal	103	700	NA
873	easy goal	103	750	NA
873	easy goal	103	800	NA
873	easy goal	103	850	NA
873	easy goal	103	900	NA
873	easy goal	103	950	NA
873	easy goal	103	1e3	NA
873	easy goal	103	1050	NA
873	easy goal	103	1100	NA
873	easy goal	103	1150	NA
873	easy goal	104	-200	NA
873	easy goal	104	-150	NA
873	easy goal	104	-100	NA
873	easy goal	104	-50	NA
873	easy goal	104	0	NA
873	easy goal	104	50	NA
873	easy goal	104	100	NA
873	easy goal	104	150	NA
873	easy goal	104	200	NA
873	easy goal	104	250	NA
873	easy goal	104	300	NA
873	easy goal	104	350	NA
873	easy goal	104	400	NA
873	easy goal	104	450	NA
873	easy goal	104	500	NA
873	easy goal	104	550	NA
873	easy goal	104	600	NA
873	easy goal	104	650	NA
873	easy goal	104	700	NA
873	easy goal	104	750	NA
873	easy goal	104	800	NA
873	easy goal	104	850	NA
873	easy goal	104	900	NA
873	easy goal	104	950	NA
873	easy goal	104	1e3	NA
873	easy goal	104	1050	NA
873	easy goal	104	1100	NA
873	easy goal	104	1150	NA
873	easy goal	105	-200	NA
873	easy goal	105	-150	NA
873	easy goal	105	-100	NA
873	easy goal	105	-50	NA
873	easy goal	105	0	NA
873	easy goal	105	50	NA
873	easy goal	105	100	NA
873	easy goal	105	150	NA
873	easy goal	105	200	NA
873	easy goal	105	250	NA
873	easy goal	105	300	NA
873	easy goal	105	350	NA
873	easy goal	105	400	NA
873	easy goal	105	450	NA
873	easy goal	105	500	NA
873	easy goal	105	550	NA
873	easy goal	105	600	NA
873	easy goal	105	650	NA
873	easy goal	105	700	NA
873	easy goal	105	750	NA
873	easy goal	105	800	NA
873	easy goal	105	850	NA
873	easy goal	105	900	NA
873	easy goal	105	950	NA
873	easy goal	105	1e3	NA
873	easy goal	105	1050	NA
873	easy goal	105	1100	NA
873	easy goal	105	1150	NA
873	easy goal	106	-200	NA
873	easy goal	106	-150	NA
873	easy goal	106	-100	NA
873	easy goal	106	-50	NA
873	easy goal	106	0	NA
873	easy goal	106	50	NA
873	easy goal	106	100	NA
873	easy goal	106	150	NA
873	easy goal	106	200	NA
873	easy goal	106	250	NA
873	easy goal	106	300	NA
873	easy goal	106	350	NA
873	easy goal	106	400	NA
873	easy goal	106	450	NA
873	easy goal	106	500	NA
873	easy goal	106	550	NA
873	easy goal	106	600	NA
873	easy goal	106	650	NA
873	easy goal	106	700	NA
873	easy goal	106	750	NA
873	easy goal	106	800	NA
873	easy goal	106	850	NA
873	easy goal	106	900	NA
873	easy goal	106	950	NA
873	easy goal	106	1e3	NA
873	easy goal	106	1050	NA
873	easy goal	106	1100	NA
873	easy goal	106	1150	NA
873	easy goal	107	-200	0.02990343333333345
873	easy goal	107	-150	0.026201266666666962
873	easy goal	107	-100	0.011618266666666877
873	easy goal	107	-50	-0.016708399999999735
873	easy goal	107	0	-0.05101456666666652
873	easy goal	107	50	-0.08460639999999982
873	easy goal	107	100	-0.10661439999999978
873	easy goal	107	150	-0.12430189999999978
873	easy goal	107	200	-0.14374123333333322
873	easy goal	107	250	-0.15885206666666649
873	easy goal	107	300	-0.16009223333333314
873	easy goal	107	350	-0.16305373333333315
873	easy goal	107	400	-0.1534253999999998
873	easy goal	107	450	-0.16861106666666656
873	easy goal	107	500	-0.16648839999999984
873	easy goal	107	550	-0.1634698999999998
873	easy goal	107	600	-0.14399123333333308
873	easy goal	107	650	-0.13912956666666645
873	easy goal	107	700	-0.1323725666666665
873	easy goal	107	750	-0.13050939999999978
873	easy goal	107	800	-0.1194568999999998
873	easy goal	107	850	-0.11905989999999973
873	easy goal	107	900	-0.14365756666666654
873	easy goal	107	950	-0.2643687666666665
873	easy goal	107	1e3	NA
873	easy goal	107	1050	NA
873	easy goal	107	1100	NA
873	easy goal	107	1150	NA
873	easy goal	108	-200	NA
873	easy goal	108	-150	NA
873	easy goal	108	-100	NA
873	easy goal	108	-50	NA
873	easy goal	108	0	NA
873	easy goal	108	50	NA
873	easy goal	108	100	NA
873	easy goal	108	150	NA
873	easy goal	108	200	NA
873	easy goal	108	250	NA
873	easy goal	108	300	NA
873	easy goal	108	350	NA
873	easy goal	108	400	NA
873	easy goal	108	450	NA
873	easy goal	108	500	NA
873	easy goal	108	550	NA
873	easy goal	108	600	NA
873	easy goal	108	650	NA
873	easy goal	108	700	NA
873	easy goal	108	750	NA
873	easy goal	108	800	NA
873	easy goal	108	850	NA
873	easy goal	108	900	NA
873	easy goal	108	950	NA
873	easy goal	108	1e3	NA
873	easy goal	108	1050	NA
873	easy goal	108	1100	NA
873	easy goal	108	1150	NA
873	easy goal	109	-200	NA
873	easy goal	109	-150	NA
873	easy goal	109	-100	NA
873	easy goal	109	-50	NA
873	easy goal	109	0	NA
873	easy goal	109	50	NA
873	easy goal	109	100	NA
873	easy goal	109	150	NA
873	easy goal	109	200	NA
873	easy goal	109	250	NA
873	easy goal	109	300	NA
873	easy goal	109	350	NA
873	easy goal	109	400	NA
873	easy goal	109	450	NA
873	easy goal	109	500	NA
873	easy goal	109	550	NA
873	easy goal	109	600	NA
873	easy goal	109	650	NA
873	easy goal	109	700	NA
873	easy goal	109	750	NA
873	easy goal	109	800	NA
873	easy goal	109	850	NA
873	easy goal	109	900	NA
873	easy goal	109	950	NA
873	easy goal	109	1e3	NA
873	easy goal	109	1050	NA
873	easy goal	109	1100	NA
873	easy goal	109	1150	NA
873	easy goal	110	-200	NA
873	easy goal	110	-150	NA
873	easy goal	110	-100	NA
873	easy goal	110	-50	NA
873	easy goal	110	0	NA
873	easy goal	110	50	NA
873	easy goal	110	100	NA
873	easy goal	110	150	NA
873	easy goal	110	200	NA
873	easy goal	110	250	NA
873	easy goal	110	300	NA
873	easy goal	110	350	NA
873	easy goal	110	400	NA
873	easy goal	110	450	NA
873	easy goal	110	500	NA
873	easy goal	110	550	NA
873	easy goal	110	600	NA
873	easy goal	110	650	NA
873	easy goal	110	700	NA
873	easy goal	110	750	NA
873	easy goal	110	800	NA
873	easy goal	110	850	NA
873	easy goal	110	900	NA
873	easy goal	110	950	NA
873	easy goal	110	1e3	NA
873	easy goal	110	1050	NA
873	easy goal	110	1100	NA
873	easy goal	110	1150	NA
873	easy goal	111	-200	NA
873	easy goal	111	-150	NA
873	easy goal	111	-100	NA
873	easy goal	111	-50	NA
873	easy goal	111	0	NA
873	easy goal	111	50	NA
873	easy goal	111	100	NA
873	easy goal	111	150	NA
873	easy goal	111	200	NA
873	easy goal	111	250	NA
873	easy goal	111	300	NA
873	easy goal	111	350	NA
873	easy goal	111	400	NA
873	easy goal	111	450	NA
873	easy goal	111	500	NA
873	easy goal	111	550	NA
873	easy goal	111	600	NA
873	easy goal	111	650	NA
873	easy goal	111	700	NA
873	easy goal	111	750	NA
873	easy goal	111	800	NA
873	easy goal	111	850	NA
873	easy goal	111	900	NA
873	easy goal	111	950	NA
873	easy goal	111	1e3	NA
873	easy goal	111	1050	NA
873	easy goal	111	1100	NA
873	easy goal	111	1150	NA
873	easy goal	112	-200	NA
873	easy goal	112	-150	NA
873	easy goal	112	-100	NA
873	easy goal	112	-50	NA
873	easy goal	112	0	NA
873	easy goal	112	50	NA
873	easy goal	112	100	NA
873	easy goal	112	150	NA
873	easy goal	112	200	NA
873	easy goal	112	250	NA
873	easy goal	112	300	NA
873	easy goal	112	350	NA
873	easy goal	112	400	NA
873	easy goal	112	450	NA
873	easy goal	112	500	NA
873	easy goal	112	550	NA
873	easy goal	112	600	NA
873	easy goal	112	650	NA
873	easy goal	112	700	NA
873	easy goal	112	750	NA
873	easy goal	112	800	NA
873	easy goal	112	850	NA
873	easy goal	112	900	NA
873	easy goal	112	950	NA
873	easy goal	112	1e3	NA
873	easy goal	112	1050	NA
873	easy goal	112	1100	NA
873	easy goal	112	1150	NA
873	easy goal	113	-200	NA
873	easy goal	113	-150	NA
873	easy goal	113	-100	NA
873	easy goal	113	-50	NA
873	easy goal	113	0	NA
873	easy goal	113	50	NA
873	easy goal	113	100	NA
873	easy goal	113	150	NA
873	easy goal	113	200	NA
873	easy goal	113	250	NA
873	easy goal	113	300	NA
873	easy goal	113	350	NA
873	easy goal	113	400	NA
873	easy goal	113	450	NA
873	easy goal	113	500	NA
873	easy goal	113	550	NA
873	easy goal	113	600	NA
873	easy goal	113	650	NA
873	easy goal	113	700	NA
873	easy goal	113	750	NA
873	easy goal	113	800	NA
873	easy goal	113	850	NA
873	easy goal	113	900	NA
873	easy goal	113	950	NA
873	easy goal	113	1e3	NA
873	easy goal	113	1050	NA
873	easy goal	113	1100	NA
873	easy goal	113	1150	NA
873	easy goal	116	-200	NA
873	easy goal	116	-150	NA
873	easy goal	116	-100	NA
873	easy goal	116	-50	NA
873	easy goal	116	0	NA
873	easy goal	116	50	NA
873	easy goal	116	100	NA
873	easy goal	116	150	NA
873	easy goal	116	200	NA
873	easy goal	116	250	NA
873	easy goal	116	300	NA
873	easy goal	116	350	NA
873	easy goal	116	400	NA
873	easy goal	116	450	NA
873	easy goal	116	500	NA
873	easy goal	116	550	NA
873	easy goal	116	600	NA
873	easy goal	116	650	NA
873	easy goal	116	700	NA
873	easy goal	116	750	NA
873	easy goal	116	800	NA
873	easy goal	116	850	NA
873	easy goal	116	900	NA
873	easy goal	116	950	NA
873	easy goal	116	1e3	NA
873	easy goal	116	1050	NA
873	easy goal	116	1100	NA
873	easy goal	116	1150	NA
873	easy goal	117	-200	NA
873	easy goal	117	-150	NA
873	easy goal	117	-100	NA
873	easy goal	117	-50	0.041885333333333406
873	easy goal	117	0	-0.020942666666666627
873	easy goal	117	50	-0.1503668333333333
873	easy goal	117	100	-0.24730199999999997
873	easy goal	117	150	-0.3436226666666666
873	easy goal	117	200	-0.42978283333333334
873	easy goal	117	250	-0.49961900000000004
873	easy goal	117	300	-0.5331694999999999
873	easy goal	117	350	-0.5754724999999999
873	easy goal	117	400	-0.5722659999999999
873	easy goal	117	450	-0.5924526666666666
873	easy goal	117	500	-0.6023426666666666
873	easy goal	117	550	-0.6131595
873	easy goal	117	600	-0.5904725
873	easy goal	117	650	-0.5739903333333333
873	easy goal	117	700	-0.5648979999999999
873	easy goal	117	750	-0.5319359999999999
873	easy goal	117	800	-0.506694
873	easy goal	117	850	-0.5078925
873	easy goal	117	900	-0.4886306666666666
873	easy goal	117	950	-0.46917483333333326
873	easy goal	117	1e3	-0.45501516666666664
873	easy goal	117	1050	-0.42813466666666655
873	easy goal	117	1100	-0.39140749999999996
873	easy goal	117	1150	-0.34802783333333326
873	easy goal	118	-200	NA
873	easy goal	118	-150	NA
873	easy goal	118	-100	NA
873	easy goal	118	-50	NA
873	easy goal	118	0	NA
873	easy goal	118	50	NA
873	easy goal	118	100	NA
873	easy goal	118	150	NA
873	easy goal	118	200	NA
873	easy goal	118	250	NA
873	easy goal	118	300	NA
873	easy goal	118	350	NA
873	easy goal	118	400	NA
873	easy goal	118	450	NA
873	easy goal	118	500	NA
873	easy goal	118	550	NA
873	easy goal	118	600	NA
873	easy goal	118	650	NA
873	easy goal	118	700	NA
873	easy goal	118	750	NA
873	easy goal	118	800	NA
873	easy goal	118	850	NA
873	easy goal	118	900	NA
873	easy goal	118	950	NA
873	easy goal	118	1e3	NA
873	easy goal	118	1050	NA
873	easy goal	118	1100	NA
873	easy goal	118	1150	NA
873	easy goal	119	-200	NA
873	easy goal	119	-150	NA
873	easy goal	119	-100	NA
873	easy goal	119	-50	NA
873	easy goal	119	0	-2.220446049250313e-16
873	easy goal	119	50	0.04618649999999991
873	easy goal	119	100	1.1244313333333331
873	easy goal	119	150	0.7909183333333333
873	easy goal	119	200	0.8278729999999999
873	easy goal	119	250	0.7824493333333331
873	easy goal	119	300	0.7337229999999999
873	easy goal	119	350	0.7865876666666666
873	easy goal	119	400	0.7421333333333332
873	easy goal	119	450	0.7265973333333332
873	easy goal	119	500	0.7055759999999999
873	easy goal	119	550	0.6324434999999998
873	easy goal	119	600	0.5550799999999999
873	easy goal	119	650	0.4981141666666666
873	easy goal	119	700	0.46437533333333314
873	easy goal	119	750	0.4336259999999999
873	easy goal	119	800	0.42207099999999986
873	easy goal	119	850	0.4306599999999999
873	easy goal	119	900	0.4229791666666665
873	easy goal	119	950	0.4415834999999999
873	easy goal	119	1e3	0.4604004999999998
873	easy goal	119	1050	0.4913689999999999
873	easy goal	119	1100	0.5135549999999999
873	easy goal	119	1150	0.5323986666666666
873	easy goal	120	-200	NA
873	easy goal	120	-150	NA
873	easy goal	120	-100	NA
873	easy goal	120	-50	NA
873	easy goal	120	0	NA
873	easy goal	120	50	NA
873	easy goal	120	100	NA
873	easy goal	120	150	NA
873	easy goal	120	200	NA
873	easy goal	120	250	NA
873	easy goal	120	300	NA
873	easy goal	120	350	NA
873	easy goal	120	400	NA
873	easy goal	120	450	NA
873	easy goal	120	500	NA
873	easy goal	120	550	NA
873	easy goal	120	600	NA
873	easy goal	120	650	NA
873	easy goal	120	700	NA
873	easy goal	120	750	NA
873	easy goal	120	800	NA
873	easy goal	120	850	NA
873	easy goal	120	900	NA
873	easy goal	120	950	NA
873	easy goal	120	1e3	NA
873	easy goal	120	1050	NA
873	easy goal	120	1100	NA
873	easy goal	120	1150	NA
873	easy goal	121	-200	NA
873	easy goal	121	-150	NA
873	easy goal	121	-100	NA
873	easy goal	121	-50	NA
873	easy goal	121	0	0
873	easy goal	121	50	-0.10231733333333322
873	easy goal	121	100	-0.17138299999999992
873	easy goal	121	150	-0.24782133333333323
873	easy goal	121	200	-0.2951953333333334
873	easy goal	121	250	-0.32939199999999996
873	easy goal	121	300	-0.3633291666666667
873	easy goal	121	350	-0.3722181666666667
873	easy goal	121	400	-0.3754513333333334
873	easy goal	121	450	-0.3820386666666667
873	easy goal	121	500	-0.3835158333333333
873	easy goal	121	550	-0.3850901666666666
873	easy goal	121	600	-0.38054400000000005
873	easy goal	121	650	-0.37134683333333335
873	easy goal	121	700	-0.353189
873	easy goal	121	750	-0.33808499999999997
873	easy goal	121	800	-0.3449246666666667
873	easy goal	121	850	-0.32876833333333333
873	easy goal	121	900	NA
873	easy goal	121	950	NA
873	easy goal	121	1e3	NA
873	easy goal	121	1050	NA
873	easy goal	121	1100	NA
873	easy goal	121	1150	NA
873	easy goal	122	-200	NA
873	easy goal	122	-150	0
873	easy goal	122	-100	NA
873	easy goal	122	-50	NA
873	easy goal	122	0	NA
873	easy goal	122	50	NA
873	easy goal	122	100	NA
873	easy goal	122	150	NA
873	easy goal	122	200	NA
873	easy goal	122	250	NA
873	easy goal	122	300	NA
873	easy goal	122	350	NA
873	easy goal	122	400	NA
873	easy goal	122	450	NA
873	easy goal	122	500	NA
873	easy goal	122	550	NA
873	easy goal	122	600	NA
873	easy goal	122	650	NA
873	easy goal	122	700	NA
873	easy goal	122	750	NA
873	easy goal	122	800	NA
873	easy goal	122	850	NA
873	easy goal	122	900	NA
873	easy goal	122	950	NA
873	easy goal	122	1e3	NA
873	easy goal	122	1050	NA
873	easy goal	122	1100	NA
873	easy goal	122	1150	NA
873	easy goal	123	-200	NA
873	easy goal	123	-150	NA
873	easy goal	123	-100	NA
873	easy goal	123	-50	NA
873	easy goal	123	0	NA
873	easy goal	123	50	NA
873	easy goal	123	100	NA
873	easy goal	123	150	NA
873	easy goal	123	200	NA
873	easy goal	123	250	NA
873	easy goal	123	300	NA
873	easy goal	123	350	NA
873	easy goal	123	400	NA
873	easy goal	123	450	NA
873	easy goal	123	500	NA
873	easy goal	123	550	NA
873	easy goal	123	600	NA
873	easy goal	123	650	NA
873	easy goal	123	700	NA
873	easy goal	123	750	NA
873	easy goal	123	800	NA
873	easy goal	123	850	NA
873	easy goal	123	900	NA
873	easy goal	123	950	NA
873	easy goal	123	1e3	NA
873	easy goal	123	1050	NA
873	easy goal	123	1100	NA
873	easy goal	123	1150	NA
873	easy goal	124	-200	-0.10421352380952371
873	easy goal	124	-150	-0.008883523809523583
873	easy goal	124	-100	-0.0734028571428571
873	easy goal	124	-50	NA
873	easy goal	124	0	0.15822564285714302
873	easy goal	124	50	0.19726514285714294
873	easy goal	124	100	0.22604380952380967
873	easy goal	124	150	0.24397514285714297
873	easy goal	124	200	0.2527349761904763
873	easy goal	124	250	0.25394414285714295
873	easy goal	124	300	0.21728547619047633
873	easy goal	124	350	0.14828364285714302
873	easy goal	124	400	0.07725014285714304
873	easy goal	124	450	0.039806309523809626
873	easy goal	124	500	-0.00825685714285703
873	easy goal	124	550	-0.03468469047619031
873	easy goal	124	600	-0.03812969047619038
873	easy goal	124	650	-0.05180052380952375
873	easy goal	124	700	-0.04625452380952363
873	easy goal	124	750	-0.041316190476190284
873	easy goal	124	800	-0.021715523809523612
873	easy goal	124	850	0.0019508095238095862
873	easy goal	124	900	0.02352597619047625
873	easy goal	124	950	0.041722642857142965
873	easy goal	124	1e3	0.05835214285714289
873	easy goal	124	1050	0.059029976190476306
873	easy goal	124	1100	0.07283464285714292
873	easy goal	124	1150	0.07493147619047631
873	easy goal	125	-200	NA
873	easy goal	125	-150	NA
873	easy goal	125	-100	NA
873	easy goal	125	-50	NA
873	easy goal	125	0	NA
873	easy goal	125	50	NA
873	easy goal	125	100	NA
873	easy goal	125	150	NA
873	easy goal	125	200	NA
873	easy goal	125	250	NA
873	easy goal	125	300	NA
873	easy goal	125	350	NA
873	easy goal	125	400	NA
873	easy goal	125	450	NA
873	easy goal	125	500	NA
873	easy goal	125	550	NA
873	easy goal	125	600	NA
873	easy goal	125	650	NA
873	easy goal	125	700	NA
873	easy goal	125	750	NA
873	easy goal	125	800	NA
873	easy goal	125	850	NA
873	easy goal	125	900	NA
873	easy goal	125	950	NA
873	easy goal	125	1e3	NA
873	easy goal	125	1050	NA
873	easy goal	125	1100	NA
873	easy goal	125	1150	NA
873	easy goal	126	-200	NA
873	easy goal	126	-150	NA
873	easy goal	126	-100	NA
873	easy goal	126	-50	NA
873	easy goal	126	0	NA
873	easy goal	126	50	NA
873	easy goal	126	100	NA
873	easy goal	126	150	NA
873	easy goal	126	200	NA
873	easy goal	126	250	NA
873	easy goal	126	300	NA
873	easy goal	126	350	NA
873	easy goal	126	400	NA
873	easy goal	126	450	NA
873	easy goal	126	500	NA
873	easy goal	126	550	NA
873	easy goal	126	600	NA
873	easy goal	126	650	NA
873	easy goal	126	700	NA
873	easy goal	126	750	NA
873	easy goal	126	800	NA
873	easy goal	126	850	NA
873	easy goal	126	900	NA
873	easy goal	126	950	NA
873	easy goal	126	1e3	NA
873	easy goal	126	1050	NA
873	easy goal	126	1100	NA
873	easy goal	126	1150	NA
873	easy goal	127	-200	NA
873	easy goal	127	-150	NA
873	easy goal	127	-100	NA
873	easy goal	127	-50	NA
873	easy goal	127	0	NA
873	easy goal	127	50	NA
873	easy goal	127	100	NA
873	easy goal	127	150	NA
873	easy goal	127	200	NA
873	easy goal	127	250	NA
873	easy goal	127	300	NA
873	easy goal	127	350	NA
873	easy goal	127	400	NA
873	easy goal	127	450	NA
873	easy goal	127	500	NA
873	easy goal	127	550	NA
873	easy goal	127	600	NA
873	easy goal	127	650	NA
873	easy goal	127	700	NA
873	easy goal	127	750	NA
873	easy goal	127	800	NA
873	easy goal	127	850	NA
873	easy goal	127	900	NA
873	easy goal	127	950	NA
873	easy goal	127	1e3	NA
873	easy goal	127	1050	NA
873	easy goal	127	1100	NA
873	easy goal	127	1150	NA
873	easy goal	129	-200	NA
873	easy goal	129	-150	NA
873	easy goal	129	-100	NA
873	easy goal	129	-50	NA
873	easy goal	129	0	NA
873	easy goal	129	50	NA
873	easy goal	129	100	NA
873	easy goal	129	150	NA
873	easy goal	129	200	NA
873	easy goal	129	250	NA
873	easy goal	129	300	NA
873	easy goal	129	350	NA
873	easy goal	129	400	NA
873	easy goal	129	450	NA
873	easy goal	129	500	NA
873	easy goal	129	550	NA
873	easy goal	129	600	NA
873	easy goal	129	650	NA
873	easy goal	129	700	NA
873	easy goal	129	750	NA
873	easy goal	129	800	NA
873	easy goal	129	850	NA
873	easy goal	129	900	NA
873	easy goal	129	950	NA
873	easy goal	129	1e3	NA
873	easy goal	129	1050	NA
873	easy goal	129	1100	NA
873	easy goal	129	1150	NA
873	easy goal	130	-200	NA
873	easy goal	130	-150	NA
873	easy goal	130	-100	NA
873	easy goal	130	-50	0
873	easy goal	130	0	NA
873	easy goal	130	50	NA
873	easy goal	130	100	NA
873	easy goal	130	150	NA
873	easy goal	130	200	NA
873	easy goal	130	250	NA
873	easy goal	130	300	NA
873	easy goal	130	350	NA
873	easy goal	130	400	NA
873	easy goal	130	450	NA
873	easy goal	130	500	NA
873	easy goal	130	550	NA
873	easy goal	130	600	NA
873	easy goal	130	650	NA
873	easy goal	130	700	NA
873	easy goal	130	750	NA
873	easy goal	130	800	NA
873	easy goal	130	850	NA
873	easy goal	130	900	NA
873	easy goal	130	950	NA
873	easy goal	130	1e3	NA
873	easy goal	130	1050	NA
873	easy goal	130	1100	NA
873	easy goal	130	1150	NA
873	easy goal	131	-200	0.09382296666666656
873	easy goal	131	-150	0.07397596666666661
873	easy goal	131	-100	0.023760299999999884
873	easy goal	131	-50	-0.04413903333333343
873	easy goal	131	0	-0.1474202
873	easy goal	131	50	-0.2534937000000001
873	easy goal	131	100	-0.3434378666666667
873	easy goal	131	150	-0.39732470000000003
873	easy goal	131	200	-0.4514610333333334
873	easy goal	131	250	-0.47818786666666663
873	easy goal	131	300	-0.5066065333333335
873	easy goal	131	350	-0.5197932000000001
873	easy goal	131	400	-0.5298780333333334
873	easy goal	131	450	-0.5404512000000001
873	easy goal	131	500	-0.5488188666666668
873	easy goal	131	550	-0.5326417000000002
873	easy goal	131	600	-0.5068027
873	easy goal	131	650	-0.49163870000000015
873	easy goal	131	700	-0.48866253333333337
873	easy goal	131	750	-0.4729247000000001
873	easy goal	131	800	-0.45934720000000007
873	easy goal	131	850	-0.4565915333333334
873	easy goal	131	900	-0.42800070000000007
873	easy goal	131	950	-0.39872693333333337
873	easy goal	131	1e3	-0.4083942833333334
873	easy goal	131	1050	-0.4159655333333334
873	easy goal	131	1100	NA
873	easy goal	131	1150	NA
873	easy goal	132	-200	NA
873	easy goal	132	-150	NA
873	easy goal	132	-100	NA
873	easy goal	132	-50	NA
873	easy goal	132	0	NA
873	easy goal	132	50	NA
873	easy goal	132	100	NA
873	easy goal	132	150	NA
873	easy goal	132	200	NA
873	easy goal	132	250	NA
873	easy goal	132	300	NA
873	easy goal	132	350	NA
873	easy goal	132	400	NA
873	easy goal	132	450	NA
873	easy goal	132	500	NA
873	easy goal	132	550	NA
873	easy goal	132	600	NA
873	easy goal	132	650	NA
873	easy goal	132	700	NA
873	easy goal	132	750	NA
873	easy goal	132	800	NA
873	easy goal	132	850	NA
873	easy goal	132	900	NA
873	easy goal	132	950	NA
873	easy goal	132	1e3	NA
873	easy goal	132	1050	NA
873	easy goal	132	1100	NA
873	easy goal	132	1150	NA
873	easy goal	133	-200	NA
873	easy goal	133	-150	NA
873	easy goal	133	-100	NA
873	easy goal	133	-50	-0.39175842857142884
873	easy goal	133	0	0.06529307142857133
873	easy goal	133	50	0.19477890476190463
873	easy goal	133	100	0.311642738095238
873	easy goal	133	150	0.22426490476190467
873	easy goal	133	200	0.149638238095238
873	easy goal	133	250	0.048740238095237975
873	easy goal	133	300	-0.05798826190476203
873	easy goal	133	350	-0.164415761904762
873	easy goal	133	400	-0.2536850952380953
873	easy goal	133	450	-0.33163076190476204
873	easy goal	133	500	-0.3838890952380954
873	easy goal	133	550	-0.42414242857142875
873	easy goal	133	600	-0.430726261904762
873	easy goal	133	650	-0.4559110952380954
873	easy goal	133	700	-0.594593761904762
873	easy goal	133	750	NA
873	easy goal	133	800	NA
873	easy goal	133	850	NA
873	easy goal	133	900	NA
873	easy goal	133	950	NA
873	easy goal	133	1e3	NA
873	easy goal	133	1050	NA
873	easy goal	133	1100	NA
873	easy goal	133	1150	NA
873	easy goal	134	-200	NA
873	easy goal	134	-150	NA
873	easy goal	134	-100	NA
873	easy goal	134	-50	NA
873	easy goal	134	0	NA
873	easy goal	134	50	NA
873	easy goal	134	100	NA
873	easy goal	134	150	NA
873	easy goal	134	200	NA
873	easy goal	134	250	NA
873	easy goal	134	300	NA
873	easy goal	134	350	NA
873	easy goal	134	400	NA
873	easy goal	134	450	NA
873	easy goal	134	500	NA
873	easy goal	134	550	NA
873	easy goal	134	600	NA
873	easy goal	134	650	NA
873	easy goal	134	700	NA
873	easy goal	134	750	NA
873	easy goal	134	800	NA
873	easy goal	134	850	NA
873	easy goal	134	900	NA
873	easy goal	134	950	NA
873	easy goal	134	1e3	NA
873	easy goal	134	1050	NA
873	easy goal	134	1100	NA
873	easy goal	134	1150	NA
873	easy goal	136	-200	-0.025241714285714232
873	easy goal	136	-150	NA
873	easy goal	136	-100	-0.05619135714285717
873	easy goal	136	-50	0.0307426428571429
873	easy goal	136	0	0.01743647619047617
873	easy goal	136	50	0.011115142857142915
873	easy goal	136	100	0.023666642857142817
873	easy goal	136	150	0.0384733095238096
873	easy goal	136	200	0.0394409761904763
873	easy goal	136	250	0.026378309523809484
873	easy goal	136	300	0.01441697619047629
873	easy goal	136	350	0.0056476428571428094
873	easy goal	136	400	-0.011867023809523683
873	easy goal	136	450	-0.030416357142857137
873	easy goal	136	500	-0.03365135714285716
873	easy goal	136	550	0.010085942857142793
873	easy goal	136	600	NA
873	easy goal	136	650	0.47812214285714294
873	easy goal	136	700	0.500178142857143
873	easy goal	136	750	0.5409221428571427
873	easy goal	136	800	0.7385301428571429
873	easy goal	136	850	NA
873	easy goal	136	900	0.010509142857142884
873	easy goal	136	950	0.11731314285714278
873	easy goal	136	1e3	0.1284316428571428
873	easy goal	136	1050	NA
873	easy goal	136	1100	NA
873	easy goal	136	1150	NA
873	easy goal	137	-200	-0.02433928571428558
873	easy goal	137	-150	-0.008501499999999792
873	easy goal	137	-100	0.014004333333333507
873	easy goal	137	-50	0.01822416666666678
873	easy goal	137	0	0.004668833333333418
873	easy goal	137	50	-0.011703166666666412
873	easy goal	137	100	-0.01483316666666649
873	easy goal	137	150	-0.013376166666666522
873	easy goal	137	200	-0.013593999999999884
873	easy goal	137	250	0.004852833333333528
873	easy goal	137	300	0.02416900000000018
873	easy goal	137	350	0.03620200000000007
873	easy goal	137	400	0.052016833333333436
873	easy goal	137	450	0.06380716666666679
873	easy goal	137	500	0.06741433333333353
873	easy goal	137	550	0.06644516666666685
873	easy goal	137	600	0.09009533333333349
873	easy goal	137	650	0.08267200000000008
873	easy goal	137	700	NA
873	easy goal	137	750	NA
873	easy goal	137	800	NA
873	easy goal	137	850	NA
873	easy goal	137	900	NA
873	easy goal	137	950	NA
873	easy goal	137	1e3	NA
873	easy goal	137	1050	NA
873	easy goal	137	1100	NA
873	easy goal	137	1150	NA
873	easy goal	138	-200	NA
873	easy goal	138	-150	NA
873	easy goal	138	-100	NA
873	easy goal	138	-50	NA
873	easy goal	138	0	NA
873	easy goal	138	50	NA
873	easy goal	138	100	NA
873	easy goal	138	150	NA
873	easy goal	138	200	NA
873	easy goal	138	250	NA
873	easy goal	138	300	NA
873	easy goal	138	350	NA
873	easy goal	138	400	NA
873	easy goal	138	450	NA
873	easy goal	138	500	NA
873	easy goal	138	550	NA
873	easy goal	138	600	NA
873	easy goal	138	650	NA
873	easy goal	138	700	NA
873	easy goal	138	750	NA
873	easy goal	138	800	NA
873	easy goal	138	850	NA
873	easy goal	138	900	NA
873	easy goal	138	950	NA
873	easy goal	138	1e3	NA
873	easy goal	138	1050	NA
873	easy goal	138	1100	NA
873	easy goal	138	1150	NA
873	easy goal	139	-200	0.01020886175115221
873	easy goal	139	-150	0.019822290322580722
873	easy goal	139	-100	0.013386123655914073
873	easy goal	139	-50	-0.008348043010752537
873	easy goal	139	0	-0.03677070967741917
873	easy goal	139	50	-0.04673787634408577
873	easy goal	139	100	-0.06264454301075244
873	easy goal	139	150	-0.05473587634408594
873	easy goal	139	200	-0.04695354301075261
873	easy goal	139	250	-0.05610337634408576
873	easy goal	139	300	-0.052429209677419264
873	easy goal	139	350	-0.04533954301075253
873	easy goal	139	400	-0.04208504301075259
873	easy goal	139	450	-0.02468787634408587
873	easy goal	139	500	0.03284079032258077
873	easy goal	139	550	0.08103529032258076
873	easy goal	139	600	0.11287795698924752
873	easy goal	139	650	NA
873	easy goal	139	700	NA
873	easy goal	139	750	NA
873	easy goal	139	800	NA
873	easy goal	139	850	NA
873	easy goal	139	900	NA
873	easy goal	139	950	NA
873	easy goal	139	1e3	NA
873	easy goal	139	1050	NA
873	easy goal	139	1100	NA
873	easy goal	139	1150	NA
873	easy goal	140	-200	NA
873	easy goal	140	-150	NA
873	easy goal	140	-100	NA
873	easy goal	140	-50	NA
873	easy goal	140	0	1.1102230246251565e-16
873	easy goal	140	50	-0.05395591666666647
873	easy goal	140	100	-0.038227083333333134
873	easy goal	140	150	-0.002820083333333242
873	easy goal	140	200	0.03282741666666681
873	easy goal	140	250	0.0308297500000001
873	easy goal	140	300	-0.019051583333333195
873	easy goal	140	350	-0.12419641666666655
873	easy goal	140	400	-0.20597508333333314
873	easy goal	140	450	-0.27062741666666645
873	easy goal	140	500	-0.3165632499999998
873	easy goal	140	550	-0.32706791666666657
873	easy goal	140	600	-0.3055683499999998
873	easy goal	140	650	NA
873	easy goal	140	700	-0.05004874999999975
873	easy goal	140	750	0.15068625000000013
873	easy goal	140	800	0.3884002500000001
873	easy goal	140	850	-0.6416822499999999
873	easy goal	140	900	-0.12930474999999975
873	easy goal	140	950	-0.2736517499999998
873	easy goal	140	1e3	-0.3921954999999999
873	easy goal	140	1050	-0.4481157499999999
873	easy goal	140	1100	NA
873	easy goal	140	1150	-0.2123427499999999
