Subject	condition	TrialId	bin	pupil_change
911	no goal	1	-200	0.03720769124423974
911	no goal	1	-150	-0.02063911827956984
911	no goal	1	-100	-0.006135618279569839
911	no goal	1	-50	0.01367571505376349
911	no goal	1	0	-0.030309951612903136
911	no goal	1	50	-0.049768618279569875
911	no goal	1	100	-0.04676145161290313
911	no goal	1	150	-0.02656928494623645
911	no goal	1	200	-0.011941118279569821
911	no goal	1	250	-0.01759045161290314
911	no goal	1	300	-0.019508618279569845
911	no goal	1	350	-0.03125811827956978
911	no goal	1	400	-0.048993284946236525
911	no goal	1	450	-0.02011528494623649
911	no goal	1	500	-0.016866784946236574
911	no goal	1	550	0.08198538172043013
911	no goal	1	600	0.08169804838709675
911	no goal	1	650	0.10306771505376348
911	no goal	1	700	0.08060321505376351
911	no goal	1	750	0.05842554838709679
911	no goal	1	800	NA
911	no goal	1	850	NA
911	no goal	1	900	NA
911	no goal	1	950	-0.11304345161290319
911	no goal	1	1e3	-0.05643595161290316
911	no goal	1	1050	0.02942904838709685
911	no goal	1	1100	0.02637671505376356
911	no goal	1	1150	-0.032227618279569846
911	no goal	3	-200	-0.01477933333333333
911	no goal	3	-150	0.00467850000000003
911	no goal	3	-100	-0.003991666666666689
911	no goal	3	-50	0.00585516666666656
911	no goal	3	0	0.008237333333333282
911	no goal	3	50	-0.008810500000000054
911	no goal	3	100	-0.008069833333333257
911	no goal	3	150	0.005343333333333404
911	no goal	3	200	0.01145649999999998
911	no goal	3	250	0.014542166666666745
911	no goal	3	300	0.014445166666666657
911	no goal	3	350	0.011926500000000026
911	no goal	3	400	0.012647666666666687
911	no goal	3	450	0.024621666666666764
911	no goal	3	500	0.06149083333333335
911	no goal	3	550	0.10045183333333337
911	no goal	3	600	0.1702279999999999
911	no goal	3	650	0.1784300000000001
911	no goal	3	700	0.1802688333333334
911	no goal	3	750	0.1617938333333334
911	no goal	3	800	0.11854766666666672
911	no goal	3	850	0.078718
911	no goal	3	900	0.06456666666666673
911	no goal	3	950	0.026298666666666543
911	no goal	3	1e3	0.0022570833333332985
911	no goal	3	1050	NA
911	no goal	3	1100	NA
911	no goal	3	1150	-0.5126006666666667
911	no goal	4	-200	-0.012642875576036923
911	no goal	4	-150	0.004713672043010542
911	no goal	4	-100	0.0038371720430105207
911	no goal	4	-50	0.0036658387096772196
911	no goal	4	0	0.002533338709677313
911	no goal	4	50	0.015115005376343879
911	no goal	4	100	0.0019073387096772236
911	no goal	4	150	0.014344005376343949
911	no goal	4	200	0.011736672043010618
911	no goal	4	250	0.06636000537634394
911	no goal	4	300	0.06056283870967719
911	no goal	4	350	0.04063700537634385
911	no goal	4	400	0.09230683870967733
911	no goal	4	450	0.12399333870967728
911	no goal	4	500	0.13814300537634386
911	no goal	4	550	0.1648150053763439
911	no goal	4	600	0.17971017204301062
911	no goal	4	650	0.20171833870967726
911	no goal	4	700	0.19850800537634394
911	no goal	4	750	0.23256600537634395
911	no goal	4	800	0.23258550537634393
911	no goal	4	850	0.21444883870967732
911	no goal	4	900	0.18198800537634385
911	no goal	4	950	0.12021217204301056
911	no goal	4	1e3	0.09603333870967723
911	no goal	4	1050	0.06939900537634387
911	no goal	4	1100	0.07847533870967727
911	no goal	4	1150	0.05633750537634389
911	no goal	5	-200	-0.006986502304147292
911	no goal	5	-150	-0.02271631182795682
911	no goal	5	-100	-0.010235311827956858
911	no goal	5	-50	0.022696688172043105
911	no goal	5	0	0.018405854838709823
911	no goal	5	50	6.013548387098222e-4
911	no goal	5	100	0.02710402150537646
911	no goal	5	150	0.03166685483870979
911	no goal	5	200	0.03025068817204309
911	no goal	5	250	0.024971521505376515
911	no goal	5	300	0.04737752150537652
911	no goal	5	350	0.02168818817204306
911	no goal	5	400	0.042055021505376544
911	no goal	5	450	0.08722485483870994
911	no goal	5	500	0.12000202150537653
911	no goal	5	550	0.1847685215053764
911	no goal	5	600	0.23891952150537654
911	no goal	5	650	0.2623443548387099
911	no goal	5	700	0.26771285483870977
911	no goal	5	750	0.21601068817204308
911	no goal	5	800	0.16942185483870978
911	no goal	5	850	0.18191602150537656
911	no goal	5	900	0.056068688172043135
911	no goal	5	950	0.06879675483870988
911	no goal	5	1e3	NA
911	no goal	5	1050	NA
911	no goal	5	1100	NA
911	no goal	5	1150	0.06116585483870973
911	no goal	6	-200	0.03063466820276504
911	no goal	6	-150	0.022206430107527025
911	no goal	6	-100	0.009621930107527099
911	no goal	6	-50	-0.03629756989247294
911	no goal	6	0	-0.03127123655913966
911	no goal	6	50	-0.03429123655913976
911	no goal	6	100	-0.049635403225806396
911	no goal	6	150	-0.04525023655913962
911	no goal	6	200	-0.04019323655913968
911	no goal	6	250	-0.0551050698924731
911	no goal	6	300	-0.05422940322580631
911	no goal	6	350	-0.06906940322580628
911	no goal	6	400	-0.05758806989247297
911	no goal	6	450	-0.04012290322580644
911	no goal	6	500	-0.04227256989247308
911	no goal	6	550	-0.03207423655913969
911	no goal	6	600	0.03802343010752707
911	no goal	6	650	0.08588609677419361
911	no goal	6	700	0.1136615967741937
911	no goal	6	750	0.15107859677419358
911	no goal	6	800	0.1109002634408603
911	no goal	6	850	0.10463343010752697
911	no goal	6	900	0.04286176344086027
911	no goal	6	950	0.06417376344086034
911	no goal	6	1e3	0.06885893010752701
911	no goal	6	1050	0.04426743010752706
911	no goal	6	1100	0.044806930107527045
911	no goal	6	1150	0.03814509677419379
911	no goal	7	-200	-0.03362142396313349
911	no goal	7	-150	0.018202456989247384
911	no goal	7	-100	0.012371290322580627
911	no goal	7	-50	0.006489123655914142
911	no goal	7	0	0.002162123655914172
911	no goal	7	50	0.007597123655914029
911	no goal	7	100	-0.016939376344085932
911	no goal	7	150	-0.009894876344085812
911	no goal	7	200	-0.00744070967741924
911	no goal	7	250	0.03340695698924737
911	no goal	7	300	0.033466956989247475
911	no goal	7	350	-0.028792209677419134
911	no goal	7	400	-0.039242043010752514
911	no goal	7	450	0.04082629032258075
911	no goal	7	500	2.697903225807134e-4
911	no goal	7	550	0.05134629032258083
911	no goal	7	600	0.06541179032258082
911	no goal	7	650	0.12007762365591408
911	no goal	7	700	NA
911	no goal	7	750	NA
911	no goal	7	800	NA
911	no goal	7	850	-0.14017220967741917
911	no goal	7	900	-0.006315209677419276
911	no goal	7	950	-0.01738337634408582
911	no goal	7	1e3	-0.032142709677419244
911	no goal	7	1050	0.0046956236559141384
911	no goal	7	1100	-0.006099209677419208
911	no goal	7	1150	-0.016188543010752603
911	no goal	8	-200	0.04372360829493083
911	no goal	8	-150	0.04834298924731173
911	no goal	8	-100	-0.02182917741935486
911	no goal	8	-50	-0.04716617741935488
911	no goal	8	0	-0.030358510752688177
911	no goal	8	50	-0.0515431774193548
911	no goal	8	100	-0.04103867741935489
911	no goal	8	150	-0.0870070107526882
911	no goal	8	200	-0.08400767741935485
911	no goal	8	250	-0.11640417741935478
911	no goal	8	300	-0.1170193440860215
911	no goal	8	350	-0.09901334408602154
911	no goal	8	400	-0.12702534408602148
911	no goal	8	450	-0.11276267741935479
911	no goal	8	500	-0.046993010752688136
911	no goal	8	550	-0.020961510752688223
911	no goal	8	600	0.02503782258064513
911	no goal	8	650	0.05094415591397842
911	no goal	8	700	0.04463065591397856
911	no goal	8	750	0.06053665591397861
911	no goal	8	800	0.026234822580645172
911	no goal	8	850	0.05973165591397844
911	no goal	8	900	0.04514748924731182
911	no goal	8	950	0.0738513225806452
911	no goal	8	1e3	NA
911	no goal	8	1050	NA
911	no goal	8	1100	-0.13150107741935485
911	no goal	8	1150	0.09830582258064517
911	no goal	9	-200	-3.482488479262485e-4
911	no goal	9	-150	0.010422322580645313
911	no goal	9	-100	0.012699989247312008
911	no goal	9	-50	-0.0026628440860213174
911	no goal	9	0	-0.020053177419354713
911	no goal	9	50	-0.030362010752688073
911	no goal	9	100	-0.051823010752688026
911	no goal	9	150	-0.04158367741935476
911	no goal	9	200	-0.03325467741935465
911	no goal	9	250	-0.036490677419354745
911	no goal	9	300	-0.04861701075268806
911	no goal	9	350	-0.025649344086021413
911	no goal	9	400	0.02051315591397862
911	no goal	9	450	0.05034098924731197
911	no goal	9	500	0.08158082258064514
911	no goal	9	550	0.10182215591397854
911	no goal	9	600	0.22330415591397856
911	no goal	9	650	0.2701198225806452
911	no goal	9	700	0.2586853225806453
911	no goal	9	750	0.24891965591397858
911	no goal	9	800	0.18897015591397856
911	no goal	9	850	0.1578041559139786
911	no goal	9	900	0.12780715591397862
911	no goal	9	950	0.12775998924731202
911	no goal	9	1e3	0.04834932258064528
911	no goal	9	1050	NA
911	no goal	9	1100	NA
911	no goal	9	1150	0.14956982258064522
911	no goal	10	-200	0.034766331797235
911	no goal	10	-150	0.01922890322580632
911	no goal	10	-100	-0.007127596774193575
911	no goal	10	-50	0.004614069892473112
911	no goal	10	0	-0.05727609677419365
911	no goal	10	50	-0.13575176344086018
911	no goal	10	100	-0.10501576344086032
911	no goal	10	150	-0.10123609677419358
911	no goal	10	200	-0.10523759677419357
911	no goal	10	250	-0.1316874301075269
911	no goal	10	300	-0.10615059677419358
911	no goal	10	350	-0.17002343010752688
911	no goal	10	400	-0.10322959677419356
911	no goal	10	450	-0.15156926344086022
911	no goal	10	500	-0.12668409677419357
911	no goal	10	550	-0.07799193010752692
911	no goal	10	600	-0.061148096774193604
911	no goal	10	650	-0.04029226344086023
911	no goal	10	700	-0.021339263440860234
911	no goal	10	750	0.11028940322580645
911	no goal	10	800	0.06985423655913962
911	no goal	10	850	-0.0431932634408602
911	no goal	10	900	-0.0629082634408602
911	no goal	10	950	-0.12974959677419365
911	no goal	10	1e3	-0.08692109677419335
911	no goal	10	1050	NA
911	no goal	10	1100	-0.31460243010752703
911	no goal	10	1150	-0.09029926344086014
911	no goal	11	-200	-0.022286414746543897
911	no goal	11	-150	-0.0026704623655915416
911	no goal	11	-100	0.006856370967741905
911	no goal	11	-50	0.01294987096774188
911	no goal	11	0	0.008865037634408454
911	no goal	11	50	0.013965704301075244
911	no goal	11	100	0.05537120430107515
911	no goal	11	150	0.06790537096774181
911	no goal	11	200	0.05677787096774186
911	no goal	11	250	0.0444500376344085
911	no goal	11	300	0.015120204301075116
911	no goal	11	350	0.00838170430107521
911	no goal	11	400	-9.93462365591391e-4
911	no goal	11	450	-0.01204462903225815
911	no goal	11	500	0.01425087096774195
911	no goal	11	550	0.028482870967741897
911	no goal	11	600	0.07933653763440855
911	no goal	11	650	0.13564337096774182
911	no goal	11	700	0.2226957043010751
911	no goal	11	750	0.21875837096774173
911	no goal	11	800	0.28680370430107516
911	no goal	11	850	0.28192470430107514
911	no goal	11	900	0.2612412043010752
911	no goal	11	950	NA
911	no goal	11	1e3	NA
911	no goal	11	1050	NA
911	no goal	11	1100	0.17048807096774182
911	no goal	11	1150	0.23089220430107527
911	no goal	12	-200	-0.05855335023041487
911	no goal	12	-150	-0.0385143978494625
911	no goal	12	-100	0.03020593548387085
911	no goal	12	-50	0.044094602150537586
911	no goal	12	0	0.03252610215053756
911	no goal	12	50	0.10003226881720417
911	no goal	12	100	0.13928160215053756
911	no goal	12	150	0.14605643548387084
911	no goal	12	200	0.14279026881720425
911	no goal	12	250	0.10603476881720415
911	no goal	12	300	0.18659126881720423
911	no goal	12	350	0.11868460215053751
911	no goal	12	400	0.04299160215053758
911	no goal	12	450	-0.032558231182795806
911	no goal	12	500	-0.05286089784946246
911	no goal	12	550	-0.04244889784946245
911	no goal	12	600	-0.03500606451612912
911	no goal	12	650	-0.022522564516129107
911	no goal	12	700	-0.03816439784946243
911	no goal	12	750	-0.06255956451612914
911	no goal	12	800	-0.06131573118279573
911	no goal	12	850	-0.07045089784946246
911	no goal	12	900	-0.08641106451612905
911	no goal	12	950	-0.08212939784946253
911	no goal	12	1e3	-0.04319456451612913
911	no goal	12	1050	-0.04696656451612909
911	no goal	12	1100	-0.0377437311827958
911	no goal	12	1150	-0.0016392311827958157
911	no goal	13	-200	-0.0445519032258065
911	no goal	13	-150	-0.021022069892473166
911	no goal	13	-100	0.005319096774193473
911	no goal	13	-50	0.010140930107526813
911	no goal	13	0	0.05753926344086017
911	no goal	13	50	0.10534259677419351
911	no goal	13	100	0.11290793010752671
911	no goal	13	150	0.10388976344086014
911	no goal	13	200	0.14499976344086019
911	no goal	13	250	0.14097459677419347
911	no goal	13	300	0.15036809677419352
911	no goal	13	350	0.08738559677419344
911	no goal	13	400	0.12848793010752688
911	no goal	13	450	0.14094126344086014
911	no goal	13	500	0.14999626344086017
911	no goal	13	550	0.19127026344086015
911	no goal	13	600	0.22777376344086017
911	no goal	13	650	0.26293326344086027
911	no goal	13	700	0.27750359677419345
911	no goal	13	750	0.24309493010752678
911	no goal	13	800	0.1256087634408601
911	no goal	13	850	0.09809159677419348
911	no goal	13	900	0.07877243010752684
911	no goal	13	950	0.09165476344086006
911	no goal	13	1e3	0.06194409677419347
911	no goal	13	1050	0.09856643010752701
911	no goal	13	1100	0.13476759677419356
911	no goal	13	1150	0.14406643010752682
911	no goal	14	-200	-0.003695207373271955
911	no goal	14	-150	0.01541276881720425
911	no goal	14	-100	0.022586768817204266
911	no goal	14	-50	-0.03100023118279586
911	no goal	14	0	-0.0026882311827958194
911	no goal	14	50	0.011402935483870872
911	no goal	14	100	-0.007283731182795794
911	no goal	14	150	0.0031207688172041337
911	no goal	14	200	0.01541310215053763
911	no goal	14	250	0.08679593548387092
911	no goal	14	300	0.09622943548387086
911	no goal	14	350	0.1262352688172043
911	no goal	14	400	0.10777976881720419
911	no goal	14	450	0.01710576881720427
911	no goal	14	500	0.04742876881720415
911	no goal	14	550	0.07673210215053754
911	no goal	14	600	0.08060910215053751
911	no goal	14	650	0.12716710215053753
911	no goal	14	700	0.23472326881720415
911	no goal	14	750	0.2305807688172042
911	no goal	14	800	0.19789610215053752
911	no goal	14	850	0.10779560215053759
911	no goal	14	900	0.07621993548387085
911	no goal	14	950	0.009617602150537493
911	no goal	14	1e3	-0.018109564516129106
911	no goal	14	1050	-0.022783397849462483
911	no goal	14	1100	9.261021505374926e-4
911	no goal	14	1150	-0.003624231182795793
911	no goal	15	-200	0.01974470000000002
911	no goal	15	-150	0.0012835333333334198
911	no goal	15	-100	-0.009639299999999981
911	no goal	15	-50	-0.014293799999999987
911	no goal	15	0	0.0029048666666667464
911	no goal	15	50	-0.021016299999999877
911	no goal	15	100	-0.05258263333333324
911	no goal	15	150	-0.043372299999999996
911	no goal	15	200	-0.07458496666666663
911	no goal	15	250	-0.06645130000000006
911	no goal	15	300	-0.08463963333333324
911	no goal	15	350	-0.06521746666666657
911	no goal	15	400	-0.05337649047619042
911	no goal	15	450	-0.0050628333333333055
911	no goal	15	500	0.03983669999999995
911	no goal	15	550	0.08715270000000015
911	no goal	15	600	0.16495353333333349
911	no goal	15	650	0.1997755333333334
911	no goal	15	700	0.2358498666666667
911	no goal	15	750	0.23669886666666673
911	no goal	15	800	0.23081250952380955
911	no goal	15	850	0.24431796666666666
911	no goal	15	900	0.2491523666666668
911	no goal	15	950	0.2268193666666667
911	no goal	15	1e3	0.20708936666666666
911	no goal	15	1050	0.2435120333333333
911	no goal	15	1100	0.28701636666666674
911	no goal	15	1150	0.32838619999999996
911	no goal	16	-200	-0.012358824884792532
911	no goal	16	-150	0.01322886559139791
911	no goal	16	-100	0.008323198924731212
911	no goal	16	-50	4.841989247312828e-4
911	no goal	16	0	-0.0076176344086019325
911	no goal	16	50	-0.03436663440860199
911	no goal	16	100	-0.05878896774193546
911	no goal	16	150	-0.05617146774193538
911	no goal	16	200	-0.06606913440860203
911	no goal	16	250	-0.06279530107526865
911	no goal	16	300	-0.05068096774193539
911	no goal	16	350	-0.06421713440860215
911	no goal	16	400	-0.050831967741935324
911	no goal	16	450	-0.044223134408602004
911	no goal	16	500	0.03687986559139792
911	no goal	16	550	0.07671503225806468
911	no goal	16	600	0.14552369892473127
911	no goal	16	650	0.12789169892473132
911	no goal	16	700	0.10290636559139799
911	no goal	16	750	0.07751719892473126
911	no goal	16	800	0.045106865591397906
911	no goal	16	850	-0.008451967741935315
911	no goal	16	900	-0.029056467741935377
911	no goal	16	950	NA
911	no goal	16	1e3	NA
911	no goal	16	1050	-0.13233796774193518
911	no goal	16	1100	-0.010150467741935435
911	no goal	16	1150	0.05319269892473125
911	no goal	17	-200	-0.002499870967741989
911	no goal	17	-150	-0.007854204301075418
911	no goal	17	-100	0.028201962365591287
911	no goal	17	-50	-6.187096774216509e-5
911	no goal	17	0	-0.017369370967742048
911	no goal	17	50	-0.03889270430107539
911	no goal	17	100	-0.021648037634408663
911	no goal	17	150	-0.01913637096774205
911	no goal	17	200	-0.03630437096774197
911	no goal	17	250	-0.026795204301075442
911	no goal	17	300	-0.035657537634408674
911	no goal	17	350	-0.043967204301075334
911	no goal	17	400	-0.04638387096774207
911	no goal	17	450	-0.04710537096774211
911	no goal	17	500	-0.036604204301075326
911	no goal	17	550	-0.01575037096774194
911	no goal	17	600	0.037028295698924595
911	no goal	17	650	0.07514379569892456
911	no goal	17	700	0.1384737956989246
911	no goal	17	750	0.15606879569892454
911	no goal	17	800	0.11685346236559124
911	no goal	17	850	0.10122896236559124
911	no goal	17	900	0.07886129569892468
911	no goal	17	950	0.037548295698924594
911	no goal	17	1e3	0.01694962903225794
911	no goal	17	1050	-0.14405187096774208
911	no goal	17	1100	NA
911	no goal	17	1150	NA
911	no goal	18	-200	-0.019571092165898536
911	no goal	18	-150	0.008425360215053765
911	no goal	18	-100	0.005508860215053775
911	no goal	18	-50	-0.01589263978494615
911	no goal	18	0	0.024791360215053865
911	no goal	18	50	0.052286193548387226
911	no goal	18	100	0.026259860215053887
911	no goal	18	150	0.009408026881720488
911	no goal	18	200	0.01004752688172054
911	no goal	18	250	-0.009608806451612883
911	no goal	18	300	-0.006704639784946176
911	no goal	18	350	-0.0039593064516127985
911	no goal	18	400	-0.010578639784946183
911	no goal	18	450	0.031022693548387197
911	no goal	18	500	-0.0018684731182794974
911	no goal	18	550	0.06926336021505386
911	no goal	18	600	0.11155152688172043
911	no goal	18	650	0.16115769354838716
911	no goal	18	700	0.1558873602150538
911	no goal	18	750	0.16908586021505387
911	no goal	18	800	0.14950869354838714
911	no goal	18	850	0.11918202688172046
911	no goal	18	900	0.08821119354838718
911	no goal	18	950	NA
911	no goal	18	1e3	NA
911	no goal	18	1050	NA
911	no goal	18	1100	NA
911	no goal	18	1150	NA
911	no goal	19	-200	-0.01598466666666683
911	no goal	19	-150	0.0019528333333331076
911	no goal	19	-100	-0.015384166666666902
911	no goal	19	-50	0.030383166666666517
911	no goal	19	0	-9.671666666668521e-4
911	no goal	19	50	0.006440999999999845
911	no goal	19	100	0.08239649999999976
911	no goal	19	150	0.10745549999999977
911	no goal	19	200	0.14844033333333315
911	no goal	19	250	0.1488139999999997
911	no goal	19	300	0.1389093333333331
911	no goal	19	350	0.1663389999999997
911	no goal	19	400	0.14186399999999977
911	no goal	19	450	0.14970766666666643
911	no goal	19	500	0.18968316666666638
911	no goal	19	550	0.26800633333333307
911	no goal	19	600	0.2927261666666665
911	no goal	19	650	0.33540389999999987
911	no goal	19	700	NA
911	no goal	19	750	NA
911	no goal	19	800	-0.13227150000000018
911	no goal	19	850	0.13707766666666643
911	no goal	19	900	0.19694399999999979
911	no goal	19	950	0.13882535714285682
911	no goal	19	1e3	0.1400674999999998
911	no goal	19	1050	0.13848821428571403
911	no goal	19	1100	0.16948583333333297
911	no goal	19	1150	0.16759199999999974
911	no goal	20	-200	-0.0037036333333330487
911	no goal	20	-150	-0.012389633333333094
911	no goal	20	-100	-4.312999999998753e-4
911	no goal	20	-50	0.003481866666666796
911	no goal	20	0	0.01304270000000011
911	no goal	20	50	0.02537086666666677
911	no goal	20	100	0.04854753333333354
911	no goal	20	150	0.08134386666666682
911	no goal	20	200	0.1173498666666668
911	no goal	20	250	0.1489603666666668
911	no goal	20	300	0.16148753333333343
911	no goal	20	350	0.15245253333333345
911	no goal	20	400	0.15737736666666682
911	no goal	20	450	0.1587088666666668
911	no goal	20	500	0.1805438666666669
911	no goal	20	550	0.1832983666666668
911	no goal	20	600	0.21051203333333346
911	no goal	20	650	0.25241103333333353
911	no goal	20	700	0.2973412000000002
911	no goal	20	750	0.3221345666666668
911	no goal	20	800	0.35563436666666676
911	no goal	20	850	0.3898455666666667
911	no goal	20	900	0.41134393809523834
911	no goal	20	950	0.46433886666666685
911	no goal	20	1e3	0.42391436666666693
911	no goal	20	1050	0.3933272000000001
911	no goal	20	1100	0.39754636666666693
911	no goal	20	1150	0.44544320000000015
911	no goal	21	-200	0.00935636405529935
911	no goal	21	-150	0.013173435483870769
911	no goal	21	-100	0.009295935483870643
911	no goal	21	-50	-0.014075564516129235
911	no goal	21	0	-0.019309564516129123
911	no goal	21	50	-0.027764897849462455
911	no goal	21	100	-0.029926731182795763
911	no goal	21	150	-0.022309564516129237
911	no goal	21	200	-0.028287397849462586
911	no goal	21	250	-0.020574397849462578
911	no goal	21	300	-0.031185397849462577
911	no goal	21	350	-0.01704806451612928
911	no goal	21	400	0.012317268817204186
911	no goal	21	450	0.059030935483870804
911	no goal	21	500	0.11699160215053735
911	no goal	21	550	0.16861060215053744
911	no goal	21	600	0.24770210215053745
911	no goal	21	650	0.3156424354838708
911	no goal	21	700	0.3690861021505374
911	no goal	21	750	0.342766768817204
911	no goal	21	800	0.33196493548387096
911	no goal	21	850	NA
911	no goal	21	900	NA
911	no goal	21	950	0.15853468548387095
911	no goal	21	1e3	0.38490826881720414
911	no goal	21	1050	0.3426792688172042
911	no goal	21	1100	0.3621587688172041
911	no goal	21	1150	0.45964326881720413
911	no goal	22	-200	-0.017421166666666748
911	no goal	22	-150	-0.027389666666666646
911	no goal	22	-100	0.006295166666666703
911	no goal	22	-50	0.016470000000000134
911	no goal	22	0	0.022045666666666703
911	no goal	22	50	-0.012055166666666617
911	no goal	22	100	3.9216666666678596e-4
911	no goal	22	150	-0.011169119047618954
911	no goal	22	200	0.008971166666666619
911	no goal	22	250	-0.022899499999999923
911	no goal	22	300	-0.007256666666666615
911	no goal	22	350	-0.020982333333333363
911	no goal	22	400	-0.02828216666666661
911	no goal	22	450	-0.04410249999999993
911	no goal	22	500	-0.020208833333333304
911	no goal	22	550	-0.005328833333333323
911	no goal	22	600	0.015972966666666633
911	no goal	22	650	0.029203166666666686
911	no goal	22	700	0.03424216666666665
911	no goal	22	750	0.05403566666666667
911	no goal	22	800	7.391666666665871e-4
911	no goal	22	850	-0.04442500000000001
911	no goal	22	900	-0.04241299999999989
911	no goal	22	950	-0.11413066666666667
911	no goal	22	1e3	-0.10795349999999997
911	no goal	22	1050	-0.10569483333333325
911	no goal	22	1100	-0.11974723333333319
911	no goal	22	1150	NA
911	no goal	23	-200	-0.02432811827956975
911	no goal	23	-150	0.018227691244239872
911	no goal	23	-100	0.006135381720430229
911	no goal	23	-50	0.007883881720430233
911	no goal	23	0	-0.010956784946236345
911	no goal	23	50	0.04744204838709698
911	no goal	23	100	0.04984854838709696
911	no goal	23	150	0.04435638172043029
911	no goal	23	200	0.002042048387097021
911	no goal	23	250	0.03511171505376365
911	no goal	23	300	-0.0027974516129029383
911	no goal	23	350	0.006928715053763653
911	no goal	23	400	0.009183881720430312
911	no goal	23	450	0.04822204838709698
911	no goal	23	500	-0.012962618279569607
911	no goal	23	550	0.020603548387096993
911	no goal	23	600	0.07848904838709703
911	no goal	23	650	0.09730104838709693
911	no goal	23	700	0.22480704838709706
911	no goal	23	750	0.20611121505376376
911	no goal	23	800	0.12509454838709688
911	no goal	23	850	NA
911	no goal	23	900	NA
911	no goal	23	950	-0.10463395161290312
911	no goal	23	1e3	0.09912829838709702
911	no goal	23	1050	0.014205048387097019
911	no goal	23	1100	0.01314371505376366
911	no goal	23	1150	0.22341904838709695
911	no goal	24	-200	-0.01803631797235036
911	no goal	24	-150	-0.012828865591398028
911	no goal	24	-100	-0.006963698924731328
911	no goal	24	-50	0.010746634408602018
911	no goal	24	0	0.03008830107526868
911	no goal	24	50	0.03634913440860199
911	no goal	24	100	0.04549446774193525
911	no goal	24	150	0.06085080107526871
911	no goal	24	200	0.07263530107526857
911	no goal	24	250	0.06697763440860201
911	no goal	24	300	0.0389144677419353
911	no goal	24	350	0.05527563440860198
911	no goal	24	400	0.0718706344086019
911	no goal	24	450	0.06603446774193533
911	no goal	24	500	0.101654134408602
911	no goal	24	550	0.1764204677419353
911	no goal	24	600	0.23145313440860202
911	no goal	24	650	0.28038796774193525
911	no goal	24	700	0.3233593010752687
911	no goal	24	750	0.3414259677419354
911	no goal	24	800	0.31288896774193525
911	no goal	24	850	0.2986814677419353
911	no goal	24	900	0.28573496774193524
911	no goal	24	950	0.29195130107526873
911	no goal	24	1e3	0.2624624677419353
911	no goal	24	1050	0.28790996774193545
911	no goal	24	1100	0.36520263440860207
911	no goal	24	1150	0.416650634408602
911	no goal	25	-200	-0.003184705069124557
911	no goal	25	-150	0.046824913978494496
911	no goal	25	-100	0.1002837473118278
911	no goal	25	-50	-0.05986808602150543
911	no goal	25	0	-0.08352508602150548
911	no goal	25	50	-0.10669841935483888
911	no goal	25	100	-0.13234858602150537
911	no goal	25	150	-0.1334627526881723
911	no goal	25	200	-0.1535555860215055
911	no goal	25	250	-0.13198691935483894
911	no goal	25	300	-0.10892758602150554
911	no goal	25	350	-0.09546391935483885
911	no goal	25	400	-0.04150658602150551
911	no goal	25	450	-0.016958086021505503
911	no goal	25	500	0.02774224731182784
911	no goal	25	550	0.08265608064516113
911	no goal	25	600	0.14029008064516124
911	no goal	25	650	0.1539232473118278
911	no goal	25	700	0.1800754139784945
911	no goal	25	750	0.09827008064516123
911	no goal	25	800	0.037597580645161166
911	no goal	25	850	0.024132913978494486
911	no goal	25	900	0.032267080645161185
911	no goal	25	950	0.06079408064516123
911	no goal	25	1e3	0.08664174731182794
911	no goal	25	1050	0.0629955806451612
911	no goal	25	1100	NA
911	no goal	25	1150	NA
911	no goal	26	-200	-0.03879260000000029
911	no goal	26	-150	-0.01987726666666682
911	no goal	26	-100	0.012443899999999767
911	no goal	26	-50	0.018590066666666516
911	no goal	26	0	0.027635899999999713
911	no goal	26	50	0.05061789999999977
911	no goal	26	100	0.07639323333333319
911	no goal	26	150	0.09686123333333303
911	no goal	26	200	0.11255323333333322
911	no goal	26	250	0.07280268571428554
911	no goal	26	300	0.08522806666666642
911	no goal	26	350	0.08773156666666641
911	no goal	26	400	0.13019523333333308
911	no goal	26	450	0.141275733333333
911	no goal	26	500	0.17744406666666634
911	no goal	26	550	0.2557763999999998
911	no goal	26	600	0.28533139999999974
911	no goal	26	650	0.27476623333333317
911	no goal	26	700	0.2788778999999997
911	no goal	26	750	0.1814553999999998
911	no goal	26	800	0.17973189999999986
911	no goal	26	850	0.12221206666666655
911	no goal	26	900	0.11364106666666651
911	no goal	26	950	0.0545065666666665
911	no goal	26	1e3	0.06655523333333317
911	no goal	26	1050	0.0779093999999998
911	no goal	26	1100	0.0717760666666664
911	no goal	26	1150	0.13318389999999983
911	no goal	27	-200	-0.017879333333333063
911	no goal	27	-150	0.017917000000000256
911	no goal	27	-100	-0.0034044999999998105
911	no goal	27	-50	0.01108233333333349
911	no goal	27	0	-0.007715499999999764
911	no goal	27	50	0.022922166666666948
911	no goal	27	100	0.03267066666666688
911	no goal	27	150	0.06973383333333365
911	no goal	27	200	0.068166666666667
911	no goal	27	250	0.12443866666666696
911	no goal	27	300	0.1606258333333337
911	no goal	27	350	0.20556783333333364
911	no goal	27	400	0.2401338333333336
911	no goal	27	450	0.22044183333333364
911	no goal	27	500	0.26353366666666694
911	no goal	27	550	0.2879275000000003
911	no goal	27	600	0.33769133333333357
911	no goal	27	650	0.3022218333333335
911	no goal	27	700	0.23249583333333357
911	no goal	27	750	0.19454166666666692
911	no goal	27	800	0.14323866666666682
911	no goal	27	850	0.10868100000000032
911	no goal	27	900	0.0488510000000002
911	no goal	27	950	0.04125983333333353
911	no goal	27	1e3	0.02464633333333362
911	no goal	27	1050	0.0059092666666669125
911	no goal	27	1100	NA
911	no goal	27	1150	NA
911	no goal	28	-200	0.030853004608295036
911	no goal	28	-150	0.013416623655913895
911	no goal	28	-100	-0.012744043010752678
911	no goal	28	-50	-0.020802709677419262
911	no goal	28	0	-0.015865043010752606
911	no goal	28	50	-0.04638237634408604
911	no goal	28	100	-0.08080204301075271
911	no goal	28	150	-0.08576454301075269
911	no goal	28	200	-0.09445337634408595
911	no goal	28	250	-0.10985004301075274
911	no goal	28	300	-0.11116704301075275
911	no goal	28	350	-0.10811187634408603
911	no goal	28	400	-0.11297054301075267
911	no goal	28	450	-0.10969020967741934
911	no goal	28	500	-0.11349870967741937
911	no goal	28	550	-0.06844004301075264
911	no goal	28	600	-0.06623720967741938
911	no goal	28	650	-0.06574770967741934
911	no goal	28	700	-0.03647870967741943
911	no goal	28	750	-0.05705110967741946
911	no goal	28	800	NA
911	no goal	28	850	NA
911	no goal	28	900	NA
911	no goal	28	950	-0.17069020967741944
911	no goal	28	1e3	-0.11060970967741938
911	no goal	28	1050	-0.08688304301075271
911	no goal	28	1100	-0.051303209677419304
911	no goal	28	1150	0.03803995698924734
911	no goal	29	-200	0.012883769585253344
911	no goal	29	-150	0.008959983870967747
911	no goal	29	-100	5.363172043009919e-4
911	no goal	29	-50	0.004479483870967786
911	no goal	29	0	-0.029006849462365574
911	no goal	29	50	-0.08350951612903224
911	no goal	29	100	-0.10558551612903237
911	no goal	29	150	-0.10747034946236567
911	no goal	29	200	-0.1369275161290322
911	no goal	29	250	-0.13180418279569897
911	no goal	29	300	-0.14451984946236562
911	no goal	29	350	-0.12371584946236558
911	no goal	29	400	-0.1086433494623656
911	no goal	29	450	-0.07969168279569898
911	no goal	29	500	-0.030856849462365554
911	no goal	29	550	0.013297817204301158
911	no goal	29	600	0.055732817204301156
911	no goal	29	650	0.12891948387096766
911	no goal	29	700	0.15409565053763444
911	no goal	29	750	0.047378150537634424
911	no goal	29	800	0.038161817204301084
911	no goal	29	850	-0.015537016129032244
911	no goal	29	900	-0.06546684946236558
911	no goal	29	950	-0.08013584946236556
911	no goal	29	1e3	-0.06652401612903214
911	no goal	29	1050	NA
911	no goal	29	1100	NA
911	no goal	29	1150	-0.4223575161290323
911	no goal	30	-200	0.00843166666666654
911	no goal	30	-150	-0.004905500000000155
911	no goal	30	-100	0.0030808333333332736
911	no goal	30	-50	0.0017204999999997916
911	no goal	30	0	-0.00832750000000019
911	no goal	30	50	-0.011374833333333445
911	no goal	30	100	0.024162999999999935
911	no goal	30	150	0.061121166666666525
911	no goal	30	200	0.07541216666666666
911	no goal	30	250	0.09842966666666648
911	no goal	30	300	0.07765616666666648
911	no goal	30	350	0.018457166666666486
911	no goal	30	400	0.01427599999999988
911	no goal	30	450	0.05255183333333324
911	no goal	30	500	0.03205166666666651
911	no goal	30	550	0.04691933333333331
911	no goal	30	600	0.13699566666666643
911	no goal	30	650	0.14771116666666662
911	no goal	30	700	0.17906666666666649
911	no goal	30	750	0.20520119999999986
911	no goal	30	800	NA
911	no goal	30	850	NA
911	no goal	30	900	-0.1902210000000002
911	no goal	30	950	0.20857466666666657
911	no goal	30	1e3	0.30428416666666647
911	no goal	30	1050	0.30646599999999985
911	no goal	30	1100	0.3158019999999999
911	no goal	30	1150	0.35625399999999985
911	no goal	31	-200	-0.02311266820276492
911	no goal	31	-150	-0.012478596774193532
911	no goal	31	-100	-0.008412596774193407
911	no goal	31	-50	0.01965640322580649
911	no goal	31	0	0.028199569892473075
911	no goal	31	50	0.03683090322580651
911	no goal	31	100	0.10773906989247317
911	no goal	31	150	0.15471023655913987
911	no goal	31	200	0.16865623655913975
911	no goal	31	250	0.18113823655913985
911	no goal	31	300	0.14193440322580653
911	no goal	31	350	0.16517440322580645
911	no goal	31	400	0.1259629032258065
911	no goal	31	450	0.17758890322580645
911	no goal	31	500	0.19794790322580647
911	no goal	31	550	0.24804056989247303
911	no goal	31	600	0.295179069892473
911	no goal	31	650	0.31529673655913987
911	no goal	31	700	0.3124015698924732
911	no goal	31	750	0.2105577365591397
911	no goal	31	800	0.17254706989247315
911	no goal	31	850	0.15191606989247317
911	no goal	31	900	0.12152923655913976
911	no goal	31	950	0.08786023655913981
911	no goal	31	1e3	0.13891606989247318
911	no goal	31	1050	0.11068773655913973
911	no goal	31	1100	0.1452870698924731
911	no goal	31	1150	0.15441590322580648
911	no goal	32	-200	-0.025931852534562365
911	no goal	32	-150	-0.011410209677419495
911	no goal	32	-100	0.007690123655913779
911	no goal	32	-50	0.00949429032258046
911	no goal	32	0	0.024479623655913718
911	no goal	32	50	-0.02826720967741962
911	no goal	32	100	-0.04681037634408621
911	no goal	32	150	-0.009096709677419637
911	no goal	32	200	0.023845956989247075
911	no goal	32	250	-0.09782387634408618
911	no goal	32	300	-0.02898520967741954
911	no goal	32	350	-0.013084209677419523
911	no goal	32	400	-0.019599709677419492
911	no goal	32	450	0.013546790322580474
911	no goal	32	500	0.00220345698924714
911	no goal	32	550	0.0633912903225804
911	no goal	32	600	0.0840366236559138
911	no goal	32	650	0.1822281236559138
911	no goal	32	700	0.12636562365591378
911	no goal	32	750	-0.024116709677419596
911	no goal	32	800	-0.05598954301075295
911	no goal	32	850	-0.11899154301075288
911	no goal	32	900	-0.10677254301075283
911	no goal	32	950	-0.07466454301075287
911	no goal	32	1e3	-0.09997154301075284
911	no goal	32	1050	-0.12512704301075286
911	no goal	32	1100	-0.08101837634408615
911	no goal	32	1150	-0.05833370967741939
911	no goal	33	-200	0.02533159907834102
911	no goal	33	-150	-0.0013470913978494241
911	no goal	33	-100	0.006628575268817179
911	no goal	33	-50	-0.01815009139784955
911	no goal	33	0	-0.01668492473118281
911	no goal	33	50	-0.023852258064516112
911	no goal	33	100	-0.04719442473118277
911	no goal	33	150	-0.06819792473118287
911	no goal	33	200	-0.08176392473118292
911	no goal	33	250	-0.11362409139784946
911	no goal	33	300	-0.13257725806451623
911	no goal	33	350	-0.15776542473118282
911	no goal	33	400	-0.16440959139784947
911	no goal	33	450	-0.17276159139784952
911	no goal	33	500	-0.1514270913978495
911	no goal	33	550	-0.11098709139784953
911	no goal	33	600	-0.06221092473118284
911	no goal	33	650	-0.014351591397849583
911	no goal	33	700	0.014883241935483849
911	no goal	33	750	0.01451207526881726
911	no goal	33	800	NA
911	no goal	33	850	NA
911	no goal	33	900	-0.2288772580645162
911	no goal	33	950	0.05797890860215049
911	no goal	33	1e3	0.09526057526881715
911	no goal	33	1050	0.16314057526881717
911	no goal	33	1100	0.20462340860215056
911	no goal	33	1150	0.22157057526881715
911	no goal	34	-200	-0.0015316635944702434
911	no goal	34	-150	-0.004347639784946382
911	no goal	34	-100	-0.007307973118279613
911	no goal	34	-50	0.012075193548386931
911	no goal	34	0	0.0013673602150536073
911	no goal	34	50	-0.025438973118279657
911	no goal	34	100	-0.03311247311827977
911	no goal	34	150	-0.025100473118279638
911	no goal	34	200	-0.021202306451613067
911	no goal	34	250	0.0021213602150536026
911	no goal	34	300	3.0486021505371497e-4
911	no goal	34	350	0.041000526881720324
911	no goal	34	400	0.06811352688172027
911	no goal	34	450	0.12456252688172025
911	no goal	34	500	0.15804436021505364
911	no goal	34	550	0.14954469354838698
911	no goal	34	600	0.18145469354838695
911	no goal	34	650	0.23888086021505361
911	no goal	34	700	0.21551619354838703
911	no goal	34	750	NA
911	no goal	34	800	NA
911	no goal	34	850	-0.19543580645161285
911	no goal	34	900	0.026266860215053606
911	no goal	34	950	0.11756169354838697
911	no goal	34	1e3	0.1606241935483869
911	no goal	34	1050	0.17587302688172027
911	no goal	34	1100	0.2051983602150537
911	no goal	34	1150	0.17339919354838695
911	no goal	35	-200	-0.0085285000000000135
911	no goal	35	-150	-0.0027325000000000266
911	no goal	35	-100	-0.006530500000000143
911	no goal	35	-50	0.0067481666666665925
911	no goal	35	0	0.011043333333333294
911	no goal	35	50	0.010224500000000006
911	no goal	35	100	0.023824166666666608
911	no goal	35	150	0.04634783333333329
911	no goal	35	200	0.07363599999999988
911	no goal	35	250	0.08984749999999986
911	no goal	35	300	0.09941349999999989
911	no goal	35	350	0.11466949999999998
911	no goal	35	400	0.12176999999999993
911	no goal	35	450	0.13773500000000002
911	no goal	35	500	0.16151033333333334
911	no goal	35	550	0.20875666666666656
911	no goal	35	600	0.25472683333333324
911	no goal	35	650	0.31033499999999997
911	no goal	35	700	0.31208133333333327
911	no goal	35	750	0.31913033333333335
911	no goal	35	800	0.339831
911	no goal	35	850	0.34095000000000003
911	no goal	35	900	0.3151928333333332
911	no goal	35	950	0.32542949999999987
911	no goal	35	1e3	0.34212116666666664
911	no goal	35	1050	0.3356206666666666
911	no goal	35	1100	0.3775941666666665
911	no goal	35	1150	0.29035483333333323
911	no goal	36	-200	0.007243129032258037
911	no goal	36	-150	0.0162614623655913
911	no goal	36	-100	9.434623655912855e-4
911	no goal	36	-50	-0.0045652043010753944
911	no goal	36	0	-0.02109003763440868
911	no goal	36	50	-0.01243770430107527
911	no goal	36	100	-0.01564937096774203
911	no goal	36	150	0.00895196236559137
911	no goal	36	200	0.008768129032257951
911	no goal	36	250	0.019419962365591365
911	no goal	36	300	0.027753962365591356
911	no goal	36	350	0.029622962365591327
911	no goal	36	400	0.043265795698924636
911	no goal	36	450	0.06588429569892466
911	no goal	36	500	0.11408979569892463
911	no goal	36	550	0.12568096236559131
911	no goal	36	600	0.20136229569892464
911	no goal	36	650	0.21588429569892464
911	no goal	36	700	0.2510387956989247
911	no goal	36	750	NA
911	no goal	36	800	NA
911	no goal	36	850	-0.2977548709677418
911	no goal	36	900	0.02075279569892463
911	no goal	36	950	0.11983612903225797
911	no goal	36	1e3	0.12851546236559122
911	no goal	36	1050	0.1821152956989247
911	no goal	36	1100	0.24791079569892469
911	no goal	36	1150	0.318500629032258
911	no goal	37	-200	0.014803502304147413
911	no goal	37	-150	0.0070833118279570355
911	no goal	37	-100	-0.0052465215053763
911	no goal	37	-50	-0.007975188172043124
911	no goal	37	0	-0.011132354838709668
911	no goal	37	50	-0.019187021505376434
911	no goal	37	100	-0.01277285483870975
911	no goal	37	150	-0.018423021505376298
911	no goal	37	200	-0.0018825215053764517
911	no goal	37	250	0.007818145161290277
911	no goal	37	300	0.020694145161290384
911	no goal	37	350	0.0317736451612903
911	no goal	37	400	0.07780181182795702
911	no goal	37	450	0.1355079784946236
911	no goal	37	500	0.19065581182795702
911	no goal	37	550	0.24333964516129028
911	no goal	37	600	0.28014297849462366
911	no goal	37	650	0.3368204784946236
911	no goal	37	700	0.37022597849462363
911	no goal	37	750	0.3613574784946236
911	no goal	37	800	0.3255866451612903
911	no goal	37	850	0.32270414516129037
911	no goal	37	900	0.311558311827957
911	no goal	37	950	0.3099009784946236
911	no goal	37	1e3	0.33116997849462365
911	no goal	37	1050	0.33529797849462367
911	no goal	37	1100	0.39267697849462363
911	no goal	37	1150	0.422132311827957
911	no goal	38	-200	0.013136990783410176
911	no goal	38	-150	0.025710252688172213
911	no goal	38	-100	0.0043307526881721055
911	no goal	38	-50	-0.03422658064516123
911	no goal	38	0	-0.011140913978494446
911	no goal	38	50	-0.0016864139784945238
911	no goal	38	100	-0.060131580645161144
911	no goal	38	150	-0.07218708064516122
911	no goal	38	200	-0.07510891397849462
911	no goal	38	250	-0.09970524731182791
911	no goal	38	300	-0.09650974731182793
911	no goal	38	350	-0.08808941397849453
911	no goal	38	400	-0.10017858064516123
911	no goal	38	450	-0.07958591397849461
911	no goal	38	500	-0.09388724731182789
911	no goal	38	550	-0.07330624731182793
911	no goal	38	600	-0.014143580645161155
911	no goal	38	650	0.012100752688172086
911	no goal	38	700	-0.00449458064516121
911	no goal	38	750	-0.05976324731182784
911	no goal	38	800	-0.09228158064516119
911	no goal	38	850	-0.1304295806451612
911	no goal	38	900	-0.14405608064516126
911	no goal	38	950	-0.15149358064516125
911	no goal	38	1e3	-0.16917674731182797
911	no goal	38	1050	-0.16850708064516126
911	no goal	38	1100	-0.1755554139784945
911	no goal	38	1150	-0.15933324731182785
911	no goal	39	-200	-0.007714852534561992
911	no goal	39	-150	-0.00729087634408591
911	no goal	39	-100	0.006446123655914053
911	no goal	39	-50	0.010922790322580736
911	no goal	39	0	-0.0010773763440858897
911	no goal	39	50	0.013687790322580717
911	no goal	39	100	-0.0225682096774192
911	no goal	39	150	-0.0426683763440859
911	no goal	39	200	-0.04433320967741931
911	no goal	39	250	-0.05046887634408592
911	no goal	39	300	-0.012695709677419323
911	no goal	39	350	-0.0015687096774192888
911	no goal	39	400	0.019173623655914056
911	no goal	39	450	0.026795290322580767
911	no goal	39	500	0.07238362365591418
911	no goal	39	550	0.13160895698924743
911	no goal	39	600	0.16436229032258076
911	no goal	39	650	0.1370726236559141
911	no goal	39	700	NA
911	no goal	39	750	NA
911	no goal	39	800	NA
911	no goal	39	850	-0.1545023763440858
911	no goal	39	900	-0.0369710430107526
911	no goal	39	950	-0.05620820967741932
911	no goal	39	1e3	-0.03972820967741919
911	no goal	39	1050	-0.027985043010752515
911	no goal	39	1100	-0.03326004301075266
911	no goal	39	1150	-0.029798876344085956
911	no goal	40	-200	-0.01709980000000022
911	no goal	40	-150	-0.010853466666666867
911	no goal	40	-100	-0.0016508000000001744
911	no goal	40	-50	0.008753033333333141
911	no goal	40	0	0.02085103333333323
911	no goal	40	50	0.02089836666666652
911	no goal	40	100	0.02701269999999978
911	no goal	40	150	0.02061636666666648
911	no goal	40	200	0.036074199999999834
911	no goal	40	250	0.016166366666666415
911	no goal	40	300	0.004664533333333128
911	no goal	40	350	-0.009302466666666861
911	no goal	40	400	0.0022755333333330055
911	no goal	40	450	0.03717600952380927
911	no goal	40	500	0.06111986666666649
911	no goal	40	550	0.10510369999999976
911	no goal	40	600	0.14739969999999972
911	no goal	40	650	0.2226713666666665
911	no goal	40	700	0.2646735333333332
911	no goal	40	750	0.28473136666666643
911	no goal	40	800	0.2604297238095236
911	no goal	40	850	0.23321453333333317
911	no goal	40	900	0.24344253333333307
911	no goal	40	950	0.2525701166666665
911	no goal	40	1e3	NA
911	no goal	40	1050	NA
911	no goal	40	1100	NA
911	no goal	40	1150	NA
911	no goal	41	-200	-0.029911732718893802
911	no goal	41	-150	-0.029016994623655663
911	no goal	41	-100	-0.008737661290322274
911	no goal	41	-50	0.027496338709677604
911	no goal	41	0	0.04515533870967755
911	no goal	41	50	0.10757133870967772
911	no goal	41	100	0.1204401720430109
911	no goal	41	150	0.16321850537634433
911	no goal	41	200	0.15928167204301089
911	no goal	41	250	0.1689700053763444
911	no goal	41	300	0.190256172043011
911	no goal	41	350	0.18158767204301088
911	no goal	41	400	0.1444913387096777
911	no goal	41	450	0.14907800537634439
911	no goal	41	500	0.17974833870967766
911	no goal	41	550	0.21851017204301101
911	no goal	41	600	0.2654655053763444
911	no goal	41	650	0.314656672043011
911	no goal	41	700	0.29612017204301094
911	no goal	41	750	0.24104583870967775
911	no goal	41	800	0.20498733870967759
911	no goal	41	850	0.19452983870967766
911	no goal	41	900	0.12562533870967765
911	no goal	41	950	0.1218881720430111
911	no goal	41	1e3	0.13192150537634428
911	no goal	41	1050	0.10162967204301099
911	no goal	41	1100	0.15896467204301098
911	no goal	41	1150	0.20925400537634423
911	no goal	42	-200	0.06216724193548403
911	no goal	42	-150	0.018360575268817254
911	no goal	42	-100	0.01469417050691251
911	no goal	42	-50	-0.027676258064516013
911	no goal	42	0	-0.06394925806451594
911	no goal	42	50	-0.09780875806451601
911	no goal	42	100	-0.11445542473118271
911	no goal	42	150	-0.122306758064516
911	no goal	42	200	-0.14302525806451608
911	no goal	42	250	-0.13838459139784934
911	no goal	42	300	-0.14888909139784942
911	no goal	42	350	-0.1579655913978494
911	no goal	42	400	-0.15282342473118268
911	no goal	42	450	-0.13834242473118277
911	no goal	42	500	-0.11695475806451598
911	no goal	42	550	-0.12195075806451605
911	no goal	42	600	-0.08001975806451611
911	no goal	42	650	-0.09299042473118273
911	no goal	42	700	NA
911	no goal	42	750	NA
911	no goal	42	800	NA
911	no goal	42	850	-0.3223202580645159
911	no goal	42	900	-0.11492182949308745
911	no goal	42	950	-0.1342160913978494
911	no goal	42	1e3	-0.1741689247311827
911	no goal	42	1050	-0.1433835913978493
911	no goal	42	1100	-0.09890042473118273
911	no goal	42	1150	-0.09164842473118269
911	no goal	43	-200	0.031105466666666803
911	no goal	43	-150	0.006640133333333391
911	no goal	43	-100	0.00272379999999998
911	no goal	43	-50	-0.0018876999999999367
911	no goal	43	0	-0.03858169999999994
911	no goal	43	50	-0.043350699999999964
911	no goal	43	100	-0.06125653333333333
911	no goal	43	150	-0.08010753333333336
911	no goal	43	200	-0.07956953333333328
911	no goal	43	250	-0.09075269999999998
911	no goal	43	300	-0.08953936666666662
911	no goal	43	350	-0.0913456999999999
911	no goal	43	400	-0.0636653666666666
911	no goal	43	450	-0.0447538666666667
911	no goal	43	500	-0.026595866666666728
911	no goal	43	550	-0.009436533333333275
911	no goal	43	600	0.02581196666666667
911	no goal	43	650	0.087830966666666635
911	no goal	43	700	0.13472063333333337
911	no goal	43	750	0.17236030000000002
911	no goal	43	800	0.2038336333333334
911	no goal	43	850	0.19204180000000007
911	no goal	43	900	0.1400248000000001
911	no goal	43	950	0.11502246666666667
911	no goal	43	1e3	0.10415213333333335
911	no goal	43	1050	0.06689413333333327
911	no goal	43	1100	NA
911	no goal	43	1150	NA
911	no goal	44	-200	-0.006475500000000078
911	no goal	44	-150	-0.009848500000000149
911	no goal	44	-100	-0.010347333333333411
911	no goal	44	-50	0.005942833333333193
911	no goal	44	0	0.020728499999999928
911	no goal	44	50	0.06506752380952374
911	no goal	44	100	0.029603666666666584
911	no goal	44	150	0.03808633333333322
911	no goal	44	200	0.05669649999999993
911	no goal	44	250	0.017908666666666573
911	no goal	44	300	0.04651499999999986
911	no goal	44	350	0.05706066666666657
911	no goal	44	400	0.055845499999999916
911	no goal	44	450	0.09403783333333315
911	no goal	44	500	0.07200616666666655
911	no goal	44	550	0.11785999999999978
911	no goal	44	600	0.12218016666666658
911	no goal	44	650	0.1826053333333333
911	no goal	44	700	0.1405961666666664
911	no goal	44	750	0.039407333333333204
911	no goal	44	800	0.005380833333333168
911	no goal	44	850	-0.011943833333333412
911	no goal	44	900	-0.026446666666666802
911	no goal	44	950	-0.05582683333333346
911	no goal	44	1e3	-0.07259700000000002
911	no goal	44	1050	-0.05800266666666679
911	no goal	44	1100	-0.05558900000000019
911	no goal	44	1150	-0.023752000000000145
911	no goal	45	-200	0.004675200000000028
911	no goal	45	-150	0.028942366666666608
911	no goal	45	-100	0.0034753666666667016
911	no goal	45	-50	-0.028813133333333314
911	no goal	45	0	-0.008279800000000023
911	no goal	45	50	0.007317366666666603
911	no goal	45	100	0.021868533333333273
911	no goal	45	150	0.03785186666666659
911	no goal	45	200	0.04718339047619047
911	no goal	45	250	0.03351703333333337
911	no goal	45	300	0.04339770000000002
911	no goal	45	350	0.08283453333333328
911	no goal	45	400	0.07401669999999998
911	no goal	45	450	0.09124769999999997
911	no goal	45	500	0.13560286666666665
911	no goal	45	550	0.15278136666666672
911	no goal	45	600	0.16076353333333349
911	no goal	45	650	0.20581020000000003
911	no goal	45	700	0.22699320000000012
911	no goal	45	750	0.2134712
911	no goal	45	800	0.16483936666666676
911	no goal	45	850	0.10817603333333332
911	no goal	45	900	0.06371520000000001
911	no goal	45	950	0.04882603333333332
911	no goal	45	1e3	0.08496286666666664
911	no goal	45	1050	0.08353236666666668
911	no goal	45	1100	0.0909353666666668
911	no goal	45	1150	0.06960803333333339
911	no goal	46	-200	0.03937776666666659
911	no goal	46	-150	0.030575766666666688
911	no goal	46	-100	-0.014387899999999934
911	no goal	46	-50	-0.01577373333333328
911	no goal	46	0	-0.03979189999999999
911	no goal	46	50	-0.06751073333333335
911	no goal	46	100	-0.10001887619047624
911	no goal	46	150	-0.12922373333333326
911	no goal	46	200	-0.14250873333333333
911	no goal	46	250	-0.13431573333333327
911	no goal	46	300	-0.15482889999999996
911	no goal	46	350	-0.16788990000000004
911	no goal	46	400	-0.14697356666666664
911	no goal	46	450	-0.0984249
911	no goal	46	500	-0.06531190000000005
911	no goal	46	550	-0.038857899999999924
911	no goal	46	600	0.011541933333333384
911	no goal	46	650	0.044970433333333316
911	no goal	46	700	-0.0076529
911	no goal	46	750	-0.0182480666666666
911	no goal	46	800	-0.06653256666666667
911	no goal	46	850	-0.07553923333333327
911	no goal	46	900	-0.09057156666666673
911	no goal	46	950	-0.06688390000000011
911	no goal	46	1e3	-0.09044606666666673
911	no goal	46	1050	-0.06445333333333333
911	no goal	46	1100	-0.06731373333333332
911	no goal	46	1150	-0.00515656666666664
911	no goal	47	-200	-0.032595966666666566
911	no goal	47	-150	-0.018762299999999826
911	no goal	47	-100	0.0055987000000001785
911	no goal	47	-50	0.015322200000000175
911	no goal	47	0	0.030437366666666854
911	no goal	47	50	-0.10361496666666643
911	no goal	47	100	0.03885136666666685
911	no goal	47	150	0.016328866666666924
911	no goal	47	200	0.02567003333333358
911	no goal	47	250	0.02954486666666689
911	no goal	47	300	0.039506200000000234
911	no goal	47	350	0.02945553333333358
911	no goal	47	400	-0.01742639523809502
911	no goal	47	450	-0.05044613333333318
911	no goal	47	500	-0.06269496666666652
911	no goal	47	550	-0.06039979999999975
911	no goal	47	600	-0.045990633333333086
911	no goal	47	650	-0.025920299999999747
911	no goal	47	700	-0.023118799999999773
911	no goal	47	750	-0.005590799999999785
911	no goal	47	800	-3.062999999997225e-4
911	no goal	47	850	-0.011906966666666463
911	no goal	47	900	0.0049230333333335485
911	no goal	47	950	NA
911	no goal	47	1e3	NA
911	no goal	47	1050	-0.2674219666666664
911	no goal	47	1100	0.06686970000000018
911	no goal	47	1150	0.06598970000000019
911	no goal	48	-200	-0.03829713333333329
911	no goal	48	-150	-0.027617466666666646
911	no goal	48	-100	-0.007394799999999924
911	no goal	48	-50	0.02088136666666664
911	no goal	48	0	0.058737366666666714
911	no goal	48	50	0.06792253333333338
911	no goal	48	100	0.061749033333333404
911	no goal	48	150	0.030835223809523842
911	no goal	48	200	0.020666033333333427
911	no goal	48	250	-0.013822466666666644
911	no goal	48	300	-0.0114488
911	no goal	48	350	-0.016730299999999865
911	no goal	48	400	-0.002392299999999903
911	no goal	48	450	-0.007729133333333212
911	no goal	48	500	-0.014877466666666525
911	no goal	48	550	0.019797533333333412
911	no goal	48	600	0.08402070000000002
911	no goal	48	650	0.08825003333333337
911	no goal	48	700	0.07575686666666666
911	no goal	48	750	0.05931853333333333
911	no goal	48	800	0.02528836666666671
911	no goal	48	850	-0.01015713333333316
911	no goal	48	900	-0.054537966666666625
911	no goal	48	950	-0.0894059666666666
911	no goal	48	1e3	-0.09790413333333332
911	no goal	48	1050	-0.08785196666666654
911	no goal	48	1100	-0.055166133333333235
911	no goal	48	1150	-0.007697633333333176
911	no goal	49	-200	0.0433814666666669
911	no goal	49	-150	0.013262800000000205
911	no goal	49	-100	0.010154466666666936
911	no goal	49	-50	-0.02185586666666654
911	no goal	49	0	-0.04494286666666647
911	no goal	49	50	-0.05211453333333312
911	no goal	49	100	-0.05709986666666637
911	no goal	49	150	-0.07243386666666647
911	no goal	49	200	-0.11627569999999972
911	no goal	49	250	-0.14409719999999973
911	no goal	49	300	-0.15153886666666638
911	no goal	49	350	-0.1505108666666665
911	no goal	49	400	-0.13999212857142831
911	no goal	49	450	-0.1294086999999997
911	no goal	49	500	-0.059688699999999796
911	no goal	49	550	-0.0014116999999997937
911	no goal	49	600	0.07100613333333354
911	no goal	49	650	0.11817663333333354
911	no goal	49	700	0.11320805000000023
911	no goal	49	750	NA
911	no goal	49	800	NA
911	no goal	49	850	NA
911	no goal	49	900	0.01874346666666682
911	no goal	49	950	0.0660385857142859
911	no goal	49	1e3	0.10357013333333358
911	no goal	49	1050	0.11292730000000024
911	no goal	49	1100	0.21259796666666694
911	no goal	49	1150	0.215755966666667
911	no goal	51	-200	-0.029610723502304204
911	no goal	51	-150	-0.0294725806451613
911	no goal	51	-100	-0.009580580645161355
911	no goal	51	-50	0.016054252688172028
911	no goal	51	0	0.05754475268817205
911	no goal	51	50	0.0927104193548387
911	no goal	51	100	0.07572325268817208
911	no goal	51	150	0.11748091935483866
911	no goal	51	200	0.15809358602150536
911	no goal	51	250	0.12948758602150537
911	no goal	51	300	0.11372891935483868
911	no goal	51	350	0.13530241935483867
911	no goal	51	400	0.18354058602150528
911	no goal	51	450	0.1553494193548386
911	no goal	51	500	0.1858059193548387
911	no goal	51	550	0.23495158602150523
911	no goal	51	600	0.1773049193548387
911	no goal	51	650	0.2542265860215054
911	no goal	51	700	0.25772458602150533
911	no goal	51	750	0.3090690860215053
911	no goal	51	800	0.30613841935483865
911	no goal	51	850	0.28304025268817196
911	no goal	51	900	0.22787441935483863
911	no goal	51	950	0.1862939193548386
911	no goal	51	1e3	0.14919341935483862
911	no goal	51	1050	0.1060135860215053
911	no goal	51	1100	0.0980760860215053
911	no goal	51	1150	0.14918541935483862
911	no goal	52	-200	-0.06464274654377881
911	no goal	52	-150	-0.034922865591397866
911	no goal	52	-100	-0.016034698924731233
911	no goal	52	-50	0.036672134408602064
911	no goal	52	0	0.08970196774193544
911	no goal	52	50	0.041813301075268816
911	no goal	52	100	0.13005263440860215
911	no goal	52	150	0.13836780107526878
911	no goal	52	200	0.1499391344086022
911	no goal	52	250	0.15391030107526885
911	no goal	52	300	0.14468730107526886
911	no goal	52	350	0.1507299677419356
911	no goal	52	400	0.1895603010752688
911	no goal	52	450	0.19986563440860214
911	no goal	52	500	0.25976030107526876
911	no goal	52	550	0.28403096774193554
911	no goal	52	600	0.2752304677419355
911	no goal	52	650	0.26508513440860204
911	no goal	52	700	0.18234380107526885
911	no goal	52	750	0.17324496774193543
911	no goal	52	800	NA
911	no goal	52	850	NA
911	no goal	52	900	-0.41359703225806443
911	no goal	52	950	-0.11220219892473111
911	no goal	52	1e3	-0.017170698924731182
911	no goal	52	1050	-0.0017473655913978388
911	no goal	52	1100	-0.03144603225806453
911	no goal	52	1150	0.05361646774193537
911	no goal	53	-200	0.02348592165898619
911	no goal	53	-150	-0.006182102150537568
911	no goal	53	-100	0.0023600645161290235
911	no goal	53	-50	-0.006756435483870948
911	no goal	53	0	-0.01682176881720432
911	no goal	53	50	-0.015234435483870934
911	no goal	53	100	-0.04500410215053763
911	no goal	53	150	-0.06059110215053757
911	no goal	53	200	-0.04523393548387097
911	no goal	53	250	-0.05709193548387096
911	no goal	53	300	-0.05944276881720434
911	no goal	53	350	-0.026937102150537646
911	no goal	53	400	0.004319897849462369
911	no goal	53	450	0.04270406451612896
911	no goal	53	500	0.0805402311827957
911	no goal	53	550	0.06953373118279571
911	no goal	53	600	0.09616656451612908
911	no goal	53	650	0.10358056451612896
911	no goal	53	700	0.0859653978494624
911	no goal	53	750	0.06873123118279574
911	no goal	53	800	0.060969731182795694
911	no goal	53	850	0.03203089784946241
911	no goal	53	900	0.04670156451612898
911	no goal	53	950	-0.09146593548387116
911	no goal	53	1e3	NA
911	no goal	53	1050	NA
911	no goal	53	1100	-0.04119168548387098
911	no goal	53	1150	0.20760773118279566
911	no goal	54	-200	-0.027171274193548145
911	no goal	54	-150	-0.011268440860214909
911	no goal	54	-100	-5.821075268816293e-4
911	no goal	54	-50	0.021839559139785154
911	no goal	54	0	0.014727654377880357
911	no goal	54	50	0.030689225806451875
911	no goal	54	100	0.028294225806451755
911	no goal	54	150	0.05820565437788045
911	no goal	54	200	0.0429840591397852
911	no goal	54	250	8.615591397851396e-4
911	no goal	54	300	0.005903392473118589
911	no goal	54	350	-0.008974774193548196
911	no goal	54	400	-0.039359440860214846
911	no goal	54	450	-0.03534544086021474
911	no goal	54	500	-0.010641440860214827
911	no goal	54	550	-0.009922274193548223
911	no goal	54	600	0.051016725806451856
911	no goal	54	650	0.05830889247311847
911	no goal	54	700	0.12444122580645185
911	no goal	54	750	0.1134118924731186
911	no goal	54	800	0.12320789247311859
911	no goal	54	850	0.12884122580645183
911	no goal	54	900	0.1259805591397852
911	no goal	54	950	0.10076639247311851
911	no goal	54	1e3	0.16542855913978505
911	no goal	54	1050	0.20356322580645192
911	no goal	54	1100	0.27649539247311844
911	no goal	54	1150	0.2813465591397853
911	no goal	55	-200	-0.009516266666666828
911	no goal	55	-150	0.01225973333333319
911	no goal	55	-100	-9.907666666668646e-4
911	no goal	55	-50	0.007701233333333206
911	no goal	55	0	-0.009453933333333516
911	no goal	55	50	-0.008429100000000226
911	no goal	55	100	-0.043504933333333495
911	no goal	55	150	-0.034156100000000134
911	no goal	55	200	-0.061624100000000105
911	no goal	55	250	-0.08225143333333344
911	no goal	55	300	-0.10386410000000017
911	no goal	55	350	-0.10084843333333342
911	no goal	55	400	-0.08487160000000012
911	no goal	55	450	-0.0839497666666668
911	no goal	55	500	-0.0743817428571431
911	no goal	55	550	-0.059303600000000144
911	no goal	55	600	-0.04513417142857153
911	no goal	55	650	-0.014744000000000135
911	no goal	55	700	-0.05148674285714305
911	no goal	55	750	-0.09623626666666689
911	no goal	55	800	-0.10897943333333353
911	no goal	55	850	-0.1446166000000002
911	no goal	55	900	-0.18395893333333344
911	no goal	55	950	-0.19237060000000014
911	no goal	55	1e3	-0.18413060000000012
911	no goal	55	1050	-0.16794676666666689
911	no goal	55	1100	-0.1613281000000001
911	no goal	55	1150	-0.14670976666666688
911	no goal	56	-200	0.046288193548387015
911	no goal	56	-150	0.028439193548386976
911	no goal	56	-100	-0.015933639784946257
911	no goal	56	-50	-0.015966806451613042
911	no goal	56	0	-0.0505416397849463
911	no goal	56	50	-0.05928613978494631
911	no goal	56	100	-0.04931480645161298
911	no goal	56	150	-0.024465639784946314
911	no goal	56	200	-0.015424639784946311
911	no goal	56	250	4.56526881720265e-4
911	no goal	56	300	0.01319836021505368
911	no goal	56	350	0.03202919354838696
911	no goal	56	400	0.07442752688172034
911	no goal	56	450	0.04491252688172024
911	no goal	56	500	0.06568186021505366
911	no goal	56	550	0.1188706935483869
911	no goal	56	600	0.09643186021505372
911	no goal	56	650	0.1675010268817204
911	no goal	56	700	0.24169302688172026
911	no goal	56	750	0.24724386021505373
911	no goal	56	800	0.23167436021505372
911	no goal	56	850	0.239026693548387
911	no goal	56	900	0.21862319354838697
911	no goal	56	950	NA
911	no goal	56	1e3	NA
911	no goal	56	1050	-0.3389668064516129
911	no goal	56	1100	0.05055152688172034
911	no goal	56	1150	0.19668702688172032
911	no goal	57	-200	-0.03663491705069128
911	no goal	57	-150	-0.017103940860215088
911	no goal	57	-100	-0.008682107526881774
911	no goal	57	-50	0.030830892473118283
911	no goal	57	0	0.037695892473118255
911	no goal	57	50	0.02473905913978484
911	no goal	57	100	0.020039559139784908
911	no goal	57	150	-0.014458440860215157
911	no goal	57	200	0.006509559139784941
911	no goal	57	250	-0.00908227419354842
911	no goal	57	300	-0.00825860752688179
911	no goal	57	350	0.018050892473118196
911	no goal	57	400	0.04627189247311817
911	no goal	57	450	0.08341939247311814
911	no goal	57	500	0.08595622580645146
911	no goal	57	550	0.15660222580645158
911	no goal	57	600	0.2144107258064515
911	no goal	57	650	0.2620638924731182
911	no goal	57	700	0.25521255913978486
911	no goal	57	750	0.16835955913978484
911	no goal	57	800	0.17328572580645152
911	no goal	57	850	0.12144655913978486
911	no goal	57	900	0.11097455913978489
911	no goal	57	950	0.101490559139785
911	no goal	57	1e3	0.07068289247311814
911	no goal	57	1050	0.04811039247311825
911	no goal	57	1100	0.07136222580645146
911	no goal	57	1150	0.1046862258064516
911	no goal	58	-200	0.017562107526881626
911	no goal	58	-150	0.020401107526881512
911	no goal	58	-100	0.0018154408602149748
911	no goal	58	-50	-0.011763082949308818
911	no goal	58	0	-0.02605505913978501
911	no goal	58	50	-0.10306455913978503
911	no goal	58	100	-0.09503939247311839
911	no goal	58	150	-0.08687289247311836
911	no goal	58	200	-0.0808218924731184
911	no goal	58	250	-0.06947039247311844
911	no goal	58	300	-0.0678348924731184
911	no goal	58	350	-0.1483877258064518
911	no goal	58	400	-0.1736993924731184
911	no goal	58	450	-0.15428822580645174
911	no goal	58	500	-0.14005355913978504
911	no goal	58	550	-0.10912255913978501
911	no goal	58	600	-0.07377905913978511
911	no goal	58	650	-0.049293892473118404
911	no goal	58	700	-0.11204722580645177
911	no goal	58	750	-0.21486372580645186
911	no goal	58	800	-0.21842789247311845
911	no goal	58	850	-0.267821559139785
911	no goal	58	900	-0.2973665591397851
911	no goal	58	950	-0.30416989247311826
911	no goal	58	1e3	-0.3175838924731183
911	no goal	58	1050	-0.3079847258064517
911	no goal	58	1100	-0.3106510591397851
911	no goal	58	1150	-0.27363255913978507
911	no goal	59	-200	0.01136275576036873
911	no goal	59	-150	0.00831961290322599
911	no goal	59	-100	0.010009612903225959
911	no goal	59	-50	-0.0038115537634407413
911	no goal	59	0	-0.027774220430107317
911	no goal	59	50	-0.04279138709677407
911	no goal	59	100	-0.05267638709677406
911	no goal	59	150	-0.0793440537634406
911	no goal	59	200	-0.061854553763440734
911	no goal	59	250	-0.06801505376344075
911	no goal	59	300	-0.06664472043010734
911	no goal	59	350	-0.06564988709677395
911	no goal	59	400	-0.05870222043010731
911	no goal	59	450	-0.036431887096774064
911	no goal	59	500	-0.002028553763440651
911	no goal	59	550	0.046183279569892655
911	no goal	59	600	0.08171461290322594
911	no goal	59	650	0.1224177795698927
911	no goal	59	700	0.14975227956989268
911	no goal	59	750	0.17231577956989255
911	no goal	59	800	0.1662377795698927
911	no goal	59	850	0.13609444623655928
911	no goal	59	900	0.14466877956989266
911	no goal	59	950	0.14511944623655934
911	no goal	59	1e3	0.1566902795698927
911	no goal	59	1050	0.08962461290322588
911	no goal	59	1100	NA
911	no goal	59	1150	NA
911	no goal	60	-200	0.028510626728110618
911	no goal	60	-150	0.005911150537634506
911	no goal	60	-100	-0.0030215161290321943
911	no goal	60	-50	-0.017105016129032258
911	no goal	60	0	-0.01904701612903222
911	no goal	60	50	-0.028900349462365565
911	no goal	60	100	-0.027236016129032148
911	no goal	60	150	-0.023950516129032245
911	no goal	60	200	-0.02935651612903219
911	no goal	60	250	-0.020385516129032277
911	no goal	60	300	-0.033498182795698904
911	no goal	60	350	-0.027993016129032117
911	no goal	60	400	-0.024620682795698883
911	no goal	60	450	-0.012819182795698788
911	no goal	60	500	0.012556817204301204
911	no goal	60	550	0.0495063172043011
911	no goal	60	600	0.08176998387096779
911	no goal	60	650	0.12624181720430117
911	no goal	60	700	0.1647109838709678
911	no goal	60	750	0.16759381720430108
911	no goal	60	800	0.15584248387096786
911	no goal	60	850	0.1593549838709678
911	no goal	60	900	NA
911	no goal	60	950	NA
911	no goal	60	1e3	NA
911	no goal	60	1050	-0.04525784946236552
911	no goal	60	1100	0.24945448387096772
911	no goal	60	1150	0.2622183172043011
911	no goal	61	-200	-0.06407568279569882
911	no goal	61	-150	-0.03781894470046072
911	no goal	61	-100	-0.005629016129032068
911	no goal	61	-50	0.04269031720430109
911	no goal	61	0	0.07113648387096783
911	no goal	61	50	0.08142781720430119
911	no goal	61	100	0.07923048387096794
911	no goal	61	150	0.10764231720430122
911	no goal	61	200	0.1295736505376345
911	no goal	61	250	0.13816781720430119
911	no goal	61	300	0.1154134838709678
911	no goal	61	350	0.10290065053763457
911	no goal	61	400	0.07281398387096776
911	no goal	61	450	0.06902948387096781
911	no goal	61	500	0.06016248387096793
911	no goal	61	550	0.11079081720430113
911	no goal	61	600	0.13972198387096788
911	no goal	61	650	0.14237698387096787
911	no goal	61	700	0.15318131720430128
911	no goal	61	750	0.15853948387096786
911	no goal	61	800	0.17694648387096787
911	no goal	61	850	0.11510131720430117
911	no goal	61	900	0.0900014838709678
911	no goal	61	950	0.10877581720430125
911	no goal	61	1e3	0.13521515053763444
911	no goal	61	1050	0.10568681720430113
911	no goal	61	1100	0.02870048387096776
911	no goal	61	1150	0.05660398387096784
911	no goal	62	-200	-0.018662451612903093
911	no goal	62	-150	0.0023477150537634848
911	no goal	62	-100	0.01703371505376361
911	no goal	62	-50	-0.01718411827956993
911	no goal	62	0	0.019575548387096964
911	no goal	62	50	0.02303088172043018
911	no goal	62	100	0.0269385483870969
911	no goal	62	150	0.02786471505376357
911	no goal	62	200	0.03773488172043008
911	no goal	62	250	0.011602048387096811
911	no goal	62	300	0.012669548387096885
911	no goal	62	350	0.02964988172043011
911	no goal	62	400	0.05867204838709691
911	no goal	62	450	0.07726004838709688
911	no goal	62	500	0.16188721505376358
911	no goal	62	550	0.16017754838709694
911	no goal	62	600	0.18078738172043027
911	no goal	62	650	0.19195671505376363
911	no goal	62	700	0.1622713817204303
911	no goal	62	750	0.18142454838709687
911	no goal	62	800	0.12957238172043017
911	no goal	62	850	0.06177954838709695
911	no goal	62	900	NA
911	no goal	62	950	NA
911	no goal	62	1e3	NA
911	no goal	62	1050	-0.1002072016129032
911	no goal	62	1100	0.1447262150537635
911	no goal	62	1150	0.10754388172043024
911	no goal	63	-200	0.06015699999999998
911	no goal	63	-150	0.004117833333333228
911	no goal	63	-100	-0.005279000000000034
911	no goal	63	-50	-0.03362116666666667
911	no goal	63	0	-0.0354008333333334
911	no goal	63	50	-0.07761050000000003
911	no goal	63	100	-0.06600200000000005
911	no goal	63	150	-0.05568750000000011
911	no goal	63	200	-0.05699066666666671
911	no goal	63	250	-0.04726316666666667
911	no goal	63	300	-0.037962833333333425
911	no goal	63	350	-0.010160500000000164
911	no goal	63	400	0.013296166666666664
911	no goal	63	450	0.018876166666666583
911	no goal	63	500	0.025494666666666665
911	no goal	63	550	0.05395983333333324
911	no goal	63	600	0.08033383333333328
911	no goal	63	650	0.06641266666666668
911	no goal	63	700	0.030159333333333278
911	no goal	63	750	-0.00788883333333327
911	no goal	63	800	-0.05316683333333335
911	no goal	63	850	-0.06774899999999998
911	no goal	63	900	NA
911	no goal	63	950	NA
911	no goal	63	1e3	NA
911	no goal	63	1050	-0.4987364999999999
911	no goal	63	1100	-0.08196599999999998
911	no goal	63	1150	-0.1078235
911	no goal	64	-200	0.046743963133640536
911	no goal	64	-150	0.04851767741935483
911	no goal	64	-100	0.013851344086021511
911	no goal	64	-50	-0.0333164892473119
911	no goal	64	0	-0.0835871559139784
911	no goal	64	50	-0.09154565591397845
911	no goal	64	100	-0.07173415591397843
911	no goal	64	150	-0.06774232258064505
911	no goal	64	200	-0.0709733225806451
911	no goal	64	250	-0.04314715591397852
911	no goal	64	300	-0.027337322580645102
911	no goal	64	350	-0.017025822580645073
911	no goal	64	400	0.024876510752688263
911	no goal	64	450	0.0309938440860215
911	no goal	64	500	0.056055010752688116
911	no goal	64	550	0.06379751075268818
911	no goal	64	600	0.09760151075268812
911	no goal	64	650	0.09801634408602156
911	no goal	64	700	0.09744601075268815
911	no goal	64	750	0.11733917741935485
911	no goal	64	800	0.032758010752688214
911	no goal	64	850	0.030553844086021503
911	no goal	64	900	0.028550844086021526
911	no goal	64	950	0.0193380107526883
911	no goal	64	1e3	-8.498225806451801e-4
911	no goal	64	1050	0.021953010752688257
911	no goal	64	1100	-0.011389322580645104
911	no goal	64	1150	NA
911	no goal	65	-200	0.025923857142857148
911	no goal	65	-150	0.007873000000000019
911	no goal	65	-100	-0.003427666666666681
911	no goal	65	-50	-0.007633000000000075
911	no goal	65	0	-0.027056833333333346
911	no goal	65	50	-0.0225675
911	no goal	65	100	-0.02705949999999994
911	no goal	65	150	-0.028904833333333418
911	no goal	65	200	-0.028807333333333258
911	no goal	65	250	-0.036680333333333426
911	no goal	65	300	-0.025477500000000042
911	no goal	65	350	-0.018430333333333326
911	no goal	65	400	-0.005828166666666708
911	no goal	65	450	0.01410783333333332
911	no goal	65	500	0.04319883333333322
911	no goal	65	550	0.08048483333333323
911	no goal	65	600	0.13045216666666662
911	no goal	65	650	0.19077499999999992
911	no goal	65	700	0.22050316666666672
911	no goal	65	750	0.24306949999999997
911	no goal	65	800	0.22879933333333327
911	no goal	65	850	0.22560633333333327
911	no goal	65	900	0.11483299999999996
911	no goal	65	950	NA
911	no goal	65	1e3	NA
911	no goal	65	1050	NA
911	no goal	65	1100	0.07716199999999995
911	no goal	65	1150	0.386946
911	no goal	66	-200	-0.02528153917050689
911	no goal	66	-150	-0.008571967741935435
911	no goal	66	-100	-0.017031634408602114
911	no goal	66	-50	0.02309669892473128
911	no goal	66	0	0.032002032258064604
911	no goal	66	50	0.0326128655913979
911	no goal	66	100	0.02260569892473126
911	no goal	66	150	0.007372032258064598
911	no goal	66	200	-0.011129634408602115
911	no goal	66	250	-0.014043801075268814
911	no goal	66	300	-0.023942801075268767
911	no goal	66	350	-0.02114430107526884
911	no goal	66	400	-0.018037967741935484
911	no goal	66	450	-0.02714713440860206
911	no goal	66	500	-0.005734134408602154
911	no goal	66	550	-9.709677419354653e-4
911	no goal	66	600	-6.586344086020693e-4
911	no goal	66	650	0.0562825322580646
911	no goal	66	700	0.07763919892473121
911	no goal	66	750	0.012074032258064507
911	no goal	66	800	0.0017245322580645706
911	no goal	66	850	-0.055427467741935445
911	no goal	66	900	-0.08921736774193549
911	no goal	66	950	NA
911	no goal	66	1e3	NA
911	no goal	66	1050	NA
911	no goal	66	1100	NA
911	no goal	66	1150	-0.12808896774193546
911	no goal	67	-200	0.028727013824884802
911	no goal	67	-150	0.014406370967741852
911	no goal	67	-100	0.009872037634408656
911	no goal	67	-50	-0.013452295698924699
911	no goal	67	0	-0.04434096236559134
911	no goal	67	50	-0.05397662903225794
911	no goal	67	100	-0.05517096236559146
911	no goal	67	150	-0.09144612903225806
911	no goal	67	200	-0.08906579569892477
911	no goal	67	250	-0.11517646236559138
911	no goal	67	300	-0.1195069623655914
911	no goal	67	350	-0.11388662903225806
911	no goal	67	400	-0.06126412903225805
911	no goal	67	450	-0.043744462365591374
911	no goal	67	500	-0.01854112903225798
911	no goal	67	550	0.03529620430107524
911	no goal	67	600	0.03691570430107527
911	no goal	67	650	0.05404637096774197
911	no goal	67	700	-0.008532462365591279
911	no goal	67	750	-0.046885129032258055
911	no goal	67	800	-0.07344812903225817
911	no goal	67	850	-0.08056429569892476
911	no goal	67	900	-0.1028694623655914
911	no goal	67	950	-0.11531229569892476
911	no goal	67	1e3	-0.09862129569892475
911	no goal	67	1050	-0.0847657956989248
911	no goal	67	1100	-0.05426596236559137
911	no goal	67	1150	-0.053740462365591414
911	no goal	68	-200	-0.05712899999999991
911	no goal	68	-150	-0.03663416666666638
911	no goal	68	-100	-0.01610816666666648
911	no goal	68	-50	0.03795533333333349
911	no goal	68	0	0.07191600000000016
911	no goal	68	50	0.09028783333333361
911	no goal	68	100	0.12457050000000014
911	no goal	68	150	0.14163466666666688
911	no goal	68	200	0.14571733333333348
911	no goal	68	250	0.1513978333333336
911	no goal	68	300	0.15318516666666682
911	no goal	68	350	0.13564883333333358
911	no goal	68	400	0.1161311666666669
911	no goal	68	450	0.0796523333333335
911	no goal	68	500	0.11533302380952407
911	no goal	68	550	0.17817776666666685
911	no goal	68	600	0.1483500000000002
911	no goal	68	650	0.14895388095238118
911	no goal	68	700	0.10952133333333358
911	no goal	68	750	0.04034633333333352
911	no goal	68	800	-0.02009883333333325
911	no goal	68	850	-0.047882333333333214
911	no goal	68	900	-0.08025899999999979
911	no goal	68	950	-0.08850649999999982
911	no goal	68	1e3	-0.07622399999999978
911	no goal	68	1050	-0.06206966666666647
911	no goal	68	1100	-0.018278333333333174
911	no goal	68	1150	0.018412500000000314
911	no goal	69	-200	-0.05276634101382508
911	no goal	69	-150	-0.022137683870967973
911	no goal	69	-100	0.003225801843317872
911	no goal	69	-50	0.03246168279569872
911	no goal	69	0	0.043783682795698775
911	no goal	69	50	0.05520568279569874
911	no goal	69	100	0.049032182795698764
911	no goal	69	150	-0.05281248387096804
911	no goal	69	200	-0.02134948387096796
911	no goal	69	250	0.05754584946236544
911	no goal	69	300	0.08528084946236543
911	no goal	69	350	0.11172451612903196
911	no goal	69	400	0.12352384946236539
911	no goal	69	450	0.13321101612903208
911	no goal	69	500	0.14948668279569874
911	no goal	69	550	0.16961251612903205
911	no goal	69	600	0.20010218279569866
911	no goal	69	650	0.23335201612903203
911	no goal	69	700	0.23497351612903214
911	no goal	69	750	0.23740884946236532
911	no goal	69	800	0.23000076612903209
911	no goal	69	850	NA
911	no goal	69	900	NA
911	no goal	69	950	NA
911	no goal	69	1e3	NA
911	no goal	69	1050	-0.31717048387096813
911	no goal	69	1100	-0.6724754838709681
911	no goal	69	1150	-0.270802983870968
911	no goal	70	-200	-0.012739110599078427
911	no goal	70	-150	-0.023877967741935624
911	no goal	70	-100	0.013369198924731096
911	no goal	70	-50	0.022892032258064427
911	no goal	70	0	0.0024790322580644877
911	no goal	70	50	-0.0016858010752688706
911	no goal	70	100	-0.005221301075268858
911	no goal	70	150	-0.00577496774193557
911	no goal	70	200	-0.011290301075268886
911	no goal	70	250	-0.019878467741935617
911	no goal	70	300	-0.035456467741935636
911	no goal	70	350	-0.03019396774193554
911	no goal	70	400	-0.04424480107526888
911	no goal	70	450	-0.011217967741935508
911	no goal	70	500	-0.010390134408602222
911	no goal	70	550	0.027443365591397706
911	no goal	70	600	0.0838956989247311
911	no goal	70	650	0.1233051989247312
911	no goal	70	700	0.13838803225806448
911	no goal	70	750	0.12720819892473104
911	no goal	70	800	0.10648186559139787
911	no goal	70	850	0.06503036559139774
911	no goal	70	900	NA
911	no goal	70	950	NA
911	no goal	70	1e3	-0.09045330107526883
911	no goal	70	1050	0.032673032258064394
911	no goal	70	1100	0.08278303225806449
911	no goal	70	1150	0.10104503225806442
911	no goal	71	-200	-0.025240525345622013
911	no goal	71	-150	-0.016280596774193468
911	no goal	71	-100	-0.011142096774193385
911	no goal	71	-50	0.00978690322580659
911	no goal	71	0	0.047083069892473274
911	no goal	71	50	0.06083290322580659
911	no goal	71	100	0.07696606989247316
911	no goal	71	150	0.10137956989247332
911	no goal	71	200	0.09144756989247312
911	no goal	71	250	0.0771507365591398
911	no goal	71	300	0.06809023655913989
911	no goal	71	350	0.06204106989247323
911	no goal	71	400	0.06770006989247317
911	no goal	71	450	0.07222823655913986
911	no goal	71	500	0.08348756989247315
911	no goal	71	550	0.09537190322580646
911	no goal	71	600	0.12927106989247314
911	no goal	71	650	0.1662899032258065
911	no goal	71	700	0.16019206989247325
911	no goal	71	750	0.13578373655913997
911	no goal	71	800	0.12395956989247314
911	no goal	71	850	0.11050873655913988
911	no goal	71	900	0.11150956989247307
911	no goal	71	950	0.14036206989247324
911	no goal	71	1e3	0.17568373655913985
911	no goal	71	1050	0.2053417365591399
911	no goal	71	1100	0.26086123655913984
911	no goal	71	1150	0.3297112365591399
911	no goal	72	-200	0.007926668202764997
911	no goal	72	-150	0.01828643010752688
911	no goal	72	-100	0.008947263440860201
911	no goal	72	-50	-0.020175403225806427
911	no goal	72	0	-0.016306069892473
911	no goal	72	50	-0.05104073655913973
911	no goal	72	100	-0.0496439032258064
911	no goal	72	150	-0.05909323655913975
911	no goal	72	200	-0.038606403225806364
911	no goal	72	250	-0.05511156989247312
911	no goal	72	300	-0.033113569892473084
911	no goal	72	350	-0.02543923655913975
911	no goal	72	400	-0.02023673655913975
911	no goal	72	450	0.0039515967741935816
911	no goal	72	500	0.01777159677419367
911	no goal	72	550	0.06260426344086019
911	no goal	72	600	0.11168826344086025
911	no goal	72	650	0.1219972634408603
911	no goal	72	700	0.17182509677419358
911	no goal	72	750	0.16391109677419355
911	no goal	72	800	0.16603843010752697
911	no goal	72	850	NA
911	no goal	72	900	NA
911	no goal	72	950	-0.4361619032258064
911	no goal	72	1e3	-0.10236406989247311
911	no goal	72	1050	0.10372359677419363
911	no goal	72	1100	0.11218576344086022
911	no goal	72	1150	0.15730259677419353
911	no goal	73	-200	-0.003684866666666823
911	no goal	73	-150	-0.006006866666666759
911	no goal	73	-100	0.008005466666666608
911	no goal	73	-50	-7.127000000000846e-4
911	no goal	73	0	0.002398966666666539
911	no goal	73	50	0.010744633333333345
911	no goal	73	100	0.007659466666666577
911	no goal	73	150	0.011885799999999872
911	no goal	73	200	0.008684633333333247
911	no goal	73	250	0.017794680952380824
911	no goal	73	300	0.01150296666666648
911	no goal	73	350	0.006491395238095166
911	no goal	73	400	0.026441466666666507
911	no goal	73	450	0.02959496666666661
911	no goal	73	500	0.05861396666666652
911	no goal	73	550	0.06021179999999989
911	no goal	73	600	0.08635146666666656
911	no goal	73	650	0.08424563333333317
911	no goal	73	700	0.01808979999999975
911	no goal	73	750	-0.017488200000000138
911	no goal	73	800	-0.09499603333333344
911	no goal	73	850	-0.1314413666666668
911	no goal	73	900	-0.14938620000000022
911	no goal	73	950	-0.16625136666666682
911	no goal	73	1e3	-0.2604663666666667
911	no goal	73	1050	NA
911	no goal	73	1100	NA
911	no goal	73	1150	-0.3299762833333335
911	no goal	74	-200	0.008617027649769746
911	no goal	74	-150	0.005926741935483888
911	no goal	74	-100	-0.017430424731182576
911	no goal	74	-50	0.011366575268817236
911	no goal	74	0	-0.009916091397849325
911	no goal	74	50	-0.00674642473118281
911	no goal	74	100	-0.023434591397849463
911	no goal	74	150	0.014034075268817281
911	no goal	74	200	0.022713575268817305
911	no goal	74	250	0.037372075268817286
911	no goal	74	300	0.021902241935483957
911	no goal	74	350	0.04151807526881727
911	no goal	74	400	0.06641057526881726
911	no goal	74	450	0.06283407526881739
911	no goal	74	500	0.07072157526881728
911	no goal	74	550	0.10477974193548405
911	no goal	74	600	0.10693057526881737
911	no goal	74	650	0.13157624193548392
911	no goal	74	700	0.12472440860215055
911	no goal	74	750	0.09844224193548394
911	no goal	74	800	0.06265757526881736
911	no goal	74	850	0.06272240860215066
911	no goal	74	900	0.07494107526881733
911	no goal	74	950	0.030851575268817284
911	no goal	74	1e3	0.03810590860215061
911	no goal	74	1050	0.02209890860215058
911	no goal	74	1100	0.06881074193548405
911	no goal	74	1150	0.07026590860215065
911	no goal	75	-200	0.013706799999999872
911	no goal	75	-150	-0.008741033333333462
911	no goal	75	-100	-0.013642366666666886
911	no goal	75	-50	0.0018661333333331864
911	no goal	75	0	0.006810466666666404
911	no goal	75	50	-0.0023817000000002273
911	no goal	75	100	0.011592133333333162
911	no goal	75	150	0.02898663333333314
911	no goal	75	200	0.02975163333333312
911	no goal	75	250	0.033869466666666424
911	no goal	75	300	0.03671646666666647
911	no goal	75	350	0.004242633333333116
911	no goal	75	400	0.00492229999999975
911	no goal	75	450	0.013874633333333128
911	no goal	75	500	0.022626799999999836
911	no goal	75	550	0.046749299999999806
911	no goal	75	600	0.08536579999999978
911	no goal	75	650	0.14617079999999985
911	no goal	75	700	0.18011829999999981
911	no goal	75	750	0.21523663333333318
911	no goal	75	800	0.15520296666666655
911	no goal	75	850	0.21056263333333303
911	no goal	75	900	0.23080113333333316
911	no goal	75	950	0.20855663333333316
911	no goal	75	1e3	0.16945546666666655
911	no goal	75	1050	0.13394513333333302
911	no goal	75	1100	NA
911	no goal	75	1150	-0.5988918666666669
911	no goal	76	-200	-0.004564806451612962
911	no goal	76	-150	0.011889193548387059
911	no goal	76	-100	-0.006969139784946214
911	no goal	76	-50	0.00297219354838707
911	no goal	76	0	-0.0025666397849463487
911	no goal	76	50	-0.0026878064516129285
911	no goal	76	100	-0.011697973118279656
911	no goal	76	150	0.016729860215053627
911	no goal	76	200	-7.771397849462384e-4
911	no goal	76	250	0.015686693548387032
911	no goal	76	300	0.008968526881720415
911	no goal	76	350	0.01677969354838697
911	no goal	76	400	0.020414026881720337
911	no goal	76	450	0.06332569354838695
911	no goal	76	500	0.07288552688172041
911	no goal	76	550	0.13334102688172034
911	no goal	76	600	0.1344453602150537
911	no goal	76	650	0.09468302688172041
911	no goal	76	700	0.11350952688172034
911	no goal	76	750	0.09120402688172032
911	no goal	76	800	0.057362693548387
911	no goal	76	850	0.050101526881720426
911	no goal	76	900	0.051276360215053586
911	no goal	76	950	0.05535236021505378
911	no goal	76	1e3	0.036237193548387024
911	no goal	76	1050	0.045261693548387015
911	no goal	76	1100	0.06978269354838702
911	no goal	76	1150	0.11153719354838702
911	no goal	77	-200	0.004872834101382458
911	no goal	77	-150	0.01869588172043013
911	no goal	77	-100	-0.008624284946236571
911	no goal	77	-50	-0.019751284946236607
911	no goal	77	0	0.003994715053763438
911	no goal	77	50	-0.013936118279569865
911	no goal	77	100	-0.02914128494623654
911	no goal	77	150	-0.027703451612903107
911	no goal	77	200	-0.010933618279569846
911	no goal	77	250	-0.004860284946236544
911	no goal	77	300	-0.010642618279569879
911	no goal	77	350	-0.020065951612903143
911	no goal	77	400	-0.018512451612903307
911	no goal	77	450	-0.010668951612903266
911	no goal	77	500	-0.02482578494623655
911	no goal	77	550	0.013890881720430107
911	no goal	77	600	0.023223215053763457
911	no goal	77	650	0.012147048387096682
911	no goal	77	700	-0.017884451612903307
911	no goal	77	750	-0.049033618279569945
911	no goal	77	800	-0.1088902849462366
911	no goal	77	850	-0.22181945161290306
911	no goal	77	900	NA
911	no goal	77	950	NA
911	no goal	77	1e3	-0.4276342016129032
911	no goal	77	1050	-0.19530395161290315
911	no goal	77	1100	-0.22051161827956997
911	no goal	77	1150	-0.18883995161290312
911	no goal	78	-200	0.011314585253456093
911	no goal	78	-150	-0.0015916290322581794
911	no goal	78	-100	-0.00543479569892491
911	no goal	78	-50	-0.0010197956989247785
911	no goal	78	0	-0.005154129032258092
911	no goal	78	50	-0.027364795698924766
911	no goal	78	100	-8.65629032258175e-4
911	no goal	78	150	-0.005801462365591463
911	no goal	78	200	-0.005811462365591454
911	no goal	78	250	-0.00992429569892487
911	no goal	78	300	0.014998204301075235
911	no goal	78	350	-0.019435295698924843
911	no goal	78	400	0.004632370967741902
911	no goal	78	450	0.010875537634408516
911	no goal	78	500	0.027998704301075206
911	no goal	78	550	0.07789337096774178
911	no goal	78	600	0.06849103763440849
911	no goal	78	650	0.08166853763440847
911	no goal	78	700	0.04974637096774185
911	no goal	78	750	0.020772537634408488
911	no goal	78	800	0.00199370430107515
911	no goal	78	850	-7.254623655915301e-4
911	no goal	78	900	-0.019379295698924864
911	no goal	78	950	-0.07288132903225808
911	no goal	78	1e3	NA
911	no goal	78	1050	NA
911	no goal	78	1100	NA
911	no goal	78	1150	-0.16543062903225825
911	no goal	79	-200	-0.03534859447004601
911	no goal	79	-150	-0.013013784946236543
911	no goal	79	-100	-2.1295161290324494e-4
911	no goal	79	-50	0.011482381720430146
911	no goal	79	0	0.04298438172043014
911	no goal	79	50	0.02472488172043012
911	no goal	79	100	0.035479881720430116
911	no goal	79	150	0.07532954838709675
911	no goal	79	200	0.07883871505376357
911	no goal	79	250	0.08437454838709679
911	no goal	79	300	0.07735471505376346
911	no goal	79	350	0.0486038817204301
911	no goal	79	400	0.051326715053763516
911	no goal	79	450	0.06503204838709682
911	no goal	79	500	0.10121271505376346
911	no goal	79	550	0.11263854838709679
911	no goal	79	600	0.13159354838709678
911	no goal	79	650	0.14544371505376344
911	no goal	79	700	0.13844321505376347
911	no goal	79	750	0.11632554838709686
911	no goal	79	800	0.11511388172043009
911	no goal	79	850	0.04238188172043015
911	no goal	79	900	NA
911	no goal	79	950	NA
911	no goal	79	1e3	NA
911	no goal	79	1050	-0.12182905161290325
911	no goal	79	1100	-0.008183118279569893
911	no goal	79	1150	9.021505376346124e-5
911	no goal	80	-200	0.07710926728110591
911	no goal	80	-150	0.01002983870967733
911	no goal	80	-100	-0.007660161290322727
911	no goal	80	-50	-0.03304649462365609
911	no goal	80	0	-0.05928399462365608
911	no goal	80	50	-0.09265132795698938
911	no goal	80	100	-0.09694866129032269
911	no goal	80	150	-0.12658749462365604
911	no goal	80	200	-0.15059982795698934
911	no goal	80	250	-0.15677916129032274
911	no goal	80	300	-0.1646113279569894
911	no goal	80	350	-0.1543071612903227
911	no goal	80	400	-0.16338866129032273
911	no goal	80	450	-0.15560399462365604
911	no goal	80	500	-0.13914299462365606
911	no goal	80	550	-0.11820966129032258
911	no goal	80	600	-0.08515682795698935
911	no goal	80	650	-0.06040149462365604
911	no goal	80	700	-0.05052949462365608
911	no goal	80	750	-0.05352816129032275
911	no goal	80	800	-0.04854049462365606
911	no goal	80	850	-0.02978382795698938
911	no goal	80	900	-0.03203299462365602
911	no goal	80	950	-0.03362016129032271
911	no goal	80	1e3	-0.03246799462365613
911	no goal	80	1050	-0.007131994623655953
911	no goal	80	1100	0.02931417204301064
911	no goal	80	1150	0.07468067204301065
911	no goal	81	-200	0.013584585253456119
911	no goal	81	-150	0.009087370967741778
911	no goal	81	-100	0.009706037634408471
911	no goal	81	-50	-0.015555295698924812
911	no goal	81	0	-0.019086795698924835
911	no goal	81	50	-0.02730612903225819
911	no goal	81	100	-0.0338179623655915
911	no goal	81	150	-0.03898596236559141
911	no goal	81	200	-0.036367462365591484
911	no goal	81	250	-0.026160129032258245
911	no goal	81	300	-0.017407129032258162
911	no goal	81	350	-0.0032031290322581305
911	no goal	81	400	0.01963837096774183
911	no goal	81	450	0.06028953763440851
911	no goal	81	500	0.1163055376344085
911	no goal	81	550	0.1544525376344085
911	no goal	81	600	0.1928585376344086
911	no goal	81	650	0.23282587096774185
911	no goal	81	700	0.14928287096774184
911	no goal	81	750	NA
911	no goal	81	800	NA
911	no goal	81	850	NA
911	no goal	81	900	NA
911	no goal	81	950	NA
911	no goal	81	1e3	NA
911	no goal	81	1050	NA
911	no goal	81	1100	NA
911	no goal	81	1150	NA
911	no goal	82	-200	0.005016525345621962
911	no goal	82	-150	0.005036763440860052
911	no goal	82	-100	0.024862930107526788
911	no goal	82	-50	-0.02630823655913983
911	no goal	82	0	-0.00944406989247315
911	no goal	82	50	-0.019131236559139914
911	no goal	82	100	-0.0645299032258065
911	no goal	82	150	-0.08197523655913981
911	no goal	82	200	-0.08530423655913981
911	no goal	82	250	-0.12103523655913984
911	no goal	82	300	-0.09370990322580657
911	no goal	82	350	-0.09752440322580647
911	no goal	82	400	-0.11109923655913982
911	no goal	82	450	-0.10671056989247323
911	no goal	82	500	-0.07774006989247328
911	no goal	82	550	-0.05017173655913979
911	no goal	82	600	-0.04365806989247319
911	no goal	82	650	-0.04844856989247326
911	no goal	82	700	-0.11570206989247327
911	no goal	82	750	-0.14971123655913984
911	no goal	82	800	-0.09305040322580653
911	no goal	82	850	-0.1543705698924732
911	no goal	82	900	-0.18685590322580659
911	no goal	82	950	-0.1939585698924732
911	no goal	82	1e3	-0.1965699032258065
911	no goal	82	1050	-0.2322432365591399
911	no goal	82	1100	-0.20932190322580654
911	no goal	82	1150	-0.2045715698924732
911	no goal	83	-200	0.03716906666666642
911	no goal	83	-150	-0.0010271000000002435
911	no goal	83	-100	-0.008365266666666852
911	no goal	83	-50	-0.00895226666666682
911	no goal	83	0	-0.01882443333333354
911	no goal	83	50	0.005986566666666378
911	no goal	83	100	0.019828399999999746
911	no goal	83	150	0.015246233333333118
911	no goal	83	200	-0.01124493333333354
911	no goal	83	250	0.03546873333333308
911	no goal	83	300	0.05376439999999979
911	no goal	83	350	0.051785233333333146
911	no goal	83	400	0.05816223333333307
911	no goal	83	450	0.07929789999999981
911	no goal	83	500	0.14100123333333311
911	no goal	83	550	0.16351006666666645
911	no goal	83	600	0.23100656666666644
911	no goal	83	650	0.23676039999999984
911	no goal	83	700	0.2044323999999998
911	no goal	83	750	0.14130239999999977
911	no goal	83	800	0.11213623333333318
911	no goal	83	850	0.09832956666666652
911	no goal	83	900	0.11988556666666643
911	no goal	83	950	0.08368889999999977
911	no goal	83	1e3	0.09307189999999976
911	no goal	83	1050	0.10955773333333314
911	no goal	83	1100	0.14579589999999976
911	no goal	83	1150	0.16827389999999975
911	no goal	84	-200	-0.05199134101382492
911	no goal	84	-150	-0.0038421505376345553
911	no goal	84	-100	0.02096034946236543
911	no goal	84	-50	0.021892349462365585
911	no goal	84	0	0.021646016129032164
911	no goal	84	50	0.02484201612903214
911	no goal	84	100	0.026747349462365493
911	no goal	84	150	0.039266849462365506
911	no goal	84	200	0.0327485161290321
911	no goal	84	250	0.04888618279569886
911	no goal	84	300	0.09225501612903209
911	no goal	84	350	0.07459718279569875
911	no goal	84	400	0.06532501612903219
911	no goal	84	450	0.0797306827956988
911	no goal	84	500	0.10124984946236548
911	no goal	84	550	0.09157718279569875
911	no goal	84	600	0.1236573494623654
911	no goal	84	650	0.14403918279569883
911	no goal	84	700	0.11605518279569882
911	no goal	84	750	0.09359018279569879
911	no goal	84	800	0.07018184946236546
911	no goal	84	850	0.045952349462365406
911	no goal	84	900	0.05361968279569873
911	no goal	84	950	0.06546901612903211
911	no goal	84	1e3	0.08591434946236538
911	no goal	84	1050	0.11801634946236539
911	no goal	84	1100	0.15429851612903214
911	no goal	84	1150	0.1756500161290321
911	no goal	85	-200	-0.06602809999999988
911	no goal	85	-150	-0.019542766666666544
911	no goal	85	-100	0.01979540000000024
911	no goal	85	-50	0.034599566666666894
911	no goal	85	0	0.031175900000000107
911	no goal	85	50	0.05439390000000022
911	no goal	85	100	0.03625990000000027
911	no goal	85	150	0.041722733333333505
911	no goal	85	200	0.04183323333333355
911	no goal	85	250	-0.017108433333333117
911	no goal	85	300	-0.0029084095238094093
911	no goal	85	350	-0.042254433333333154
911	no goal	85	400	-0.028441933333333152
911	no goal	85	450	-0.01355809999999987
911	no goal	85	500	-0.06000493333333323
911	no goal	85	550	-0.053546266666666474
911	no goal	85	600	-0.057455433333333104
911	no goal	85	650	-0.10914609999999973
911	no goal	85	700	-0.04205343333333311
911	no goal	85	750	-0.04083726666666654
911	no goal	85	800	-0.08137526666666642
911	no goal	85	850	NA
911	no goal	85	900	NA
911	no goal	85	950	-0.7868122666666664
911	no goal	85	1e3	-0.25550426666666654
911	no goal	85	1050	-0.21693759999999984
911	no goal	85	1100	-0.22891826666666648
911	no goal	85	1150	-0.19106026666666653
911	no goal	86	-200	-0.024673940092165707
911	no goal	86	-150	-0.010804892473118036
911	no goal	86	-100	6.866075268818772e-4
911	no goal	86	-50	0.018261607526881923
911	no goal	86	0	0.020642940860215342
911	no goal	86	50	0.018752607526881793
911	no goal	86	100	0.022598440860215268
911	no goal	86	150	0.01657694086021529
911	no goal	86	200	0.010912440860215256
911	no goal	86	250	0.00888594086021525
911	no goal	86	300	-0.0034355591397846976
911	no goal	86	350	0.0018411075268818244
911	no goal	86	400	0.03197877419354859
911	no goal	86	450	0.038398440860215155
911	no goal	86	500	0.06878727419354862
911	no goal	86	550	0.11109460752688187
911	no goal	86	600	0.1428567741935486
911	no goal	86	650	0.1856367741935486
911	no goal	86	700	0.21350310752688192
911	no goal	86	750	0.2093064408602153
911	no goal	86	800	0.18470860752688187
911	no goal	86	850	0.17135160752688186
911	no goal	86	900	0.14211810752688195
911	no goal	86	950	0.13232710752688193
911	no goal	86	1e3	0.1459267741935486
911	no goal	86	1050	0.160555607526882
911	no goal	86	1100	0.1726141075268819
911	no goal	86	1150	0.19977660752688195
911	no goal	87	-200	0.039941115207373014
911	no goal	87	-150	0.009539258064515868
911	no goal	87	-100	0.010179924731182602
911	no goal	87	-50	-0.03579240860215075
911	no goal	87	0	-0.030524741935484007
911	no goal	87	50	0.0023835913978493086
911	no goal	87	100	-0.014875741935484058
911	no goal	87	150	0.045071424731182454
911	no goal	87	200	0.04356242473118255
911	no goal	87	250	0.055872758064515825
911	no goal	87	300	0.021536424731182596
911	no goal	87	350	0.032739758064515824
911	no goal	87	400	0.05173209139784918
911	no goal	87	450	0.09266909139784925
911	no goal	87	500	0.12257725806451585
911	no goal	87	550	0.14350109139784925
911	no goal	87	600	0.19595259139784935
911	no goal	87	650	0.22818642473118259
911	no goal	87	700	0.1966889247311825
911	no goal	87	750	0.11483209139784926
911	no goal	87	800	0.06254725806451596
911	no goal	87	850	0.052381258064515844
911	no goal	87	900	0.037073258064515814
911	no goal	87	950	0.027095591397849155
911	no goal	87	1e3	0.03782725806451589
911	no goal	87	1050	0.07189242473118251
911	no goal	87	1100	0.0705822580645159
911	no goal	87	1150	0.0674790913978492
911	no goal	88	-200	7.09281105990746e-4
911	no goal	88	-150	0.006924376344085974
911	no goal	88	-100	0.009087876344085958
911	no goal	88	-50	-0.025943790322580613
911	no goal	88	0	0.009104043010752738
911	no goal	88	50	0.03960020967741936
911	no goal	88	100	0.017909543010752687
911	no goal	88	150	0.03148504301075272
911	no goal	88	200	0.05115670967741933
911	no goal	88	250	0.026191876344086113
911	no goal	88	300	-0.013084123655913974
911	no goal	88	350	-0.010650290322580691
911	no goal	88	400	-0.007062123655914003
911	no goal	88	450	0.005702043010752685
911	no goal	88	500	0.03722320967741929
911	no goal	88	550	0.06610770967741934
911	no goal	88	600	0.12204304301075257
911	no goal	88	650	0.11549304301075265
911	no goal	88	700	0.14217754301075272
911	no goal	88	750	0.10805620967741936
911	no goal	88	800	0.08587937634408609
911	no goal	88	850	0.025261209677419256
911	no goal	88	900	0.027416043010752622
911	no goal	88	950	0.01470804301075268
911	no goal	88	1e3	0.03475470967741937
911	no goal	88	1050	0.05929620967741944
911	no goal	88	1100	0.11622537634408599
911	no goal	88	1150	0.10949170967741928
911	no goal	89	-200	-0.06146474654377876
911	no goal	89	-150	-0.006958698924731073
911	no goal	89	-100	-0.011902032258064374
911	no goal	89	-50	0.019550967741935654
911	no goal	89	0	0.07101863440860234
911	no goal	89	50	0.10267996774193566
911	no goal	89	100	0.09673530107526895
911	no goal	89	150	0.10547096774193565
911	no goal	89	200	0.07258480107526892
911	no goal	89	250	0.08075413440860224
911	no goal	89	300	0.0988029677419356
911	no goal	89	350	0.10316713440860226
911	no goal	89	400	0.106758301075269
911	no goal	89	450	0.13132963440860226
911	no goal	89	500	0.164604301075269
911	no goal	89	550	0.2215239677419356
911	no goal	89	600	0.2493863010752689
911	no goal	89	650	0.2413451344086023
911	no goal	89	700	0.22333346774193555
911	no goal	89	750	0.1864091344086022
911	no goal	89	800	0.11280463440860238
911	no goal	89	850	0.09706896774193556
911	no goal	89	900	0.05175763440860237
911	no goal	89	950	0.03930196774193565
911	no goal	89	1e3	0.06311713440860227
911	no goal	89	1050	0.06865930107526896
911	no goal	89	1100	0.11157713440860235
911	no goal	89	1150	0.110317301075269
911	no goal	90	-200	0.039577099999999955
911	no goal	90	-150	0.030051266666666576
911	no goal	90	-100	0.004626100000000004
911	no goal	90	-50	-0.03133806666666664
911	no goal	90	0	-0.04291640000000004
911	no goal	90	50	-0.0640004
911	no goal	90	100	-0.08869989999999994
911	no goal	90	150	-0.0954910666666667
911	no goal	90	200	-0.12582406666666665
911	no goal	90	250	-0.1382892333333333
911	no goal	90	300	-0.12538039999999998
911	no goal	90	350	-0.1424634000000001
911	no goal	90	400	-0.11759406666666676
911	no goal	90	450	-0.0999867333333333
911	no goal	90	500	-0.06533206666666658
911	no goal	90	550	0.003863266666666698
911	no goal	90	600	0.07868476666666664
911	no goal	90	650	0.12986226666666667
911	no goal	90	700	0.13531093333333333
911	no goal	90	750	0.07419960000000003
911	no goal	90	800	NA
911	no goal	90	850	-0.058458066666666676
911	no goal	90	900	0.0684262666666667
911	no goal	90	950	0.047580100000000014
911	no goal	90	1e3	0.040544849999999966
911	no goal	90	1050	NA
911	no goal	90	1100	NA
911	no goal	90	1150	NA
911	no goal	91	-200	0.04252124884792614
911	no goal	91	-150	0.013127844086021412
911	no goal	91	-100	0.005449844086021338
911	no goal	91	-50	-0.03309365591397865
911	no goal	91	0	-0.035092155913978594
911	no goal	91	50	-0.03849582258064518
911	no goal	91	100	-0.025600655913978605
911	no goal	91	150	-0.021265655913978554
911	no goal	91	200	-0.037267822580645316
911	no goal	91	250	-0.03285015591397866
911	no goal	91	300	-0.04280165591397863
911	no goal	91	350	-0.04318615591397871
911	no goal	91	400	-0.03569198924731206
911	no goal	91	450	-0.009806155913978746
911	no goal	91	500	0.0151058440860213
911	no goal	91	550	0.05867967741935461
911	no goal	91	600	0.10184884408602146
911	no goal	91	650	0.11725751075268809
911	no goal	91	700	0.08551067741935466
911	no goal	91	750	0.09951534408602132
911	no goal	91	800	0.0776131774193547
911	no goal	91	850	0.07449051075268809
911	no goal	91	900	0.05672417741935476
911	no goal	91	950	0.056114010752687994
911	no goal	91	1e3	0.04166084408602141
911	no goal	91	1050	0.06567934408602134
911	no goal	91	1100	0.09980084408602134
911	no goal	91	1150	0.10964851075268796
911	no goal	92	-200	0.02897788940092148
911	no goal	92	-150	0.011119832258064299
911	no goal	92	-100	-0.0016869677419356474
911	no goal	92	-50	-0.02384696774193566
911	no goal	92	0	-0.017258967741935693
911	no goal	92	50	-0.011907634408602355
911	no goal	92	100	-0.016321801075268965
911	no goal	92	150	-0.04326163440860231
911	no goal	92	200	-0.048931301075268996
911	no goal	92	250	-0.0472186344086023
911	no goal	92	300	-0.036346801075269
911	no goal	92	350	-0.018034301075269044
911	no goal	92	400	0.013936032258064316
911	no goal	92	450	0.03826503225806436
911	no goal	92	500	0.07015003225806438
911	no goal	92	550	0.09955803225806426
911	no goal	92	600	0.16577619892473097
911	no goal	92	650	0.20229969892473107
911	no goal	92	700	0.264651698924731
911	no goal	92	750	0.25252519892473096
911	no goal	92	800	0.2687985322580644
911	no goal	92	850	0.22848503225806435
911	no goal	92	900	0.1980185322580644
911	no goal	92	950	0.259746698924731
911	no goal	92	1e3	0.23452919892473098
911	no goal	92	1050	NA
911	no goal	92	1100	NA
911	no goal	92	1150	0.08275360368663577
911	no goal	93	-200	0.046323769585253353
911	no goal	93	-150	0.03594498387096764
911	no goal	93	-100	-0.012961182795698948
911	no goal	93	-50	-0.03188868279569901
911	no goal	93	0	-0.045139516129032366
911	no goal	93	50	-0.05128434946236574
911	no goal	93	100	-0.058826849462365605
911	no goal	93	150	-0.08489568279569903
911	no goal	93	200	-0.11506118279569903
911	no goal	93	250	-0.1043178494623657
911	no goal	93	300	-0.08154818279569905
911	no goal	93	350	-0.06422701612903237
911	no goal	93	400	-0.06038884946236567
911	no goal	93	450	-0.04061934946236575
911	no goal	93	500	-0.009236849462365656
911	no goal	93	550	0.048579650537634356
911	no goal	93	600	0.0910644838709677
911	no goal	93	650	0.13016431720430108
911	no goal	93	700	0.13361715053763432
911	no goal	93	750	0.11923415053763435
911	no goal	93	800	0.12982198387096777
911	no goal	93	850	0.1207534838709677
911	no goal	93	900	0.12717165053763427
911	no goal	93	950	0.15377865053763426
911	no goal	93	1e3	0.18318365053763444
911	no goal	93	1050	0.2261899838709677
911	no goal	93	1100	0.2421601505376343
911	no goal	93	1150	0.27708065053763437
911	no goal	94	-200	-0.009638926267281165
911	no goal	94	-150	0.020925478494623635
911	no goal	94	-100	0.012666811827957
911	no goal	94	-50	0.007142811827957063
911	no goal	94	0	-0.029489688172043078
911	no goal	94	50	-0.031328354838709625
911	no goal	94	100	-0.02167418817204303
911	no goal	94	150	0.002680645161290407
911	no goal	94	200	-0.007355354838709675
911	no goal	94	250	0.021140145161290407
911	no goal	94	300	0.0038296451612903257
911	no goal	94	350	0.030982311827957004
911	no goal	94	400	0.06802997849462367
911	no goal	94	450	0.04363014516129038
911	no goal	94	500	0.10054564516129035
911	no goal	94	550	0.16637481182795702
911	no goal	94	600	0.17341014516129039
911	no goal	94	650	0.2008893118279571
911	no goal	94	700	0.2294251451612903
911	no goal	94	750	0.2386194784946237
911	no goal	94	800	0.16619631182795702
911	no goal	94	850	0.1587036451612903
911	no goal	94	900	0.08431764516129037
911	no goal	94	950	0.06427431182795688
911	no goal	94	1e3	0.05122814516129037
911	no goal	94	1050	0.023829478494623652
911	no goal	94	1100	0.05091447849462368
911	no goal	94	1150	0.09440131182795704
911	no goal	95	-200	-0.00397857603686637
911	no goal	95	-150	-0.002143123655914033
911	no goal	95	-100	-0.0028469569892473068
911	no goal	95	-50	0.004910709677419393
911	no goal	95	0	0.004721043010752712
911	no goal	95	50	-0.0044701236559140005
911	no goal	95	100	-0.030903956989247305
911	no goal	95	150	-0.035441956989247236
911	no goal	95	200	-0.06522895698924724
911	no goal	95	250	-0.039871123655913866
911	no goal	95	300	-0.04228229032258072
911	no goal	95	350	-0.03455479032258076
911	no goal	95	400	-0.0074219569892473025
911	no goal	95	450	-0.014369456989247334
911	no goal	95	500	0.03301637634408605
911	no goal	95	550	0.07167337634408606
911	no goal	95	600	0.11020370967741926
911	no goal	95	650	0.10040487634408597
911	no goal	95	700	0.05327870967741936
911	no goal	95	750	0.030356709677419397
911	no goal	95	800	-0.029927290322580458
911	no goal	95	850	NA
911	no goal	95	900	NA
911	no goal	95	950	NA
911	no goal	95	1e3	NA
911	no goal	95	1050	-0.0237949569892472
911	no goal	95	1100	-0.022008456989247287
911	no goal	95	1150	0.02483887634408603
911	no goal	96	-200	-8.298248847926944e-4
911	no goal	96	-150	-0.004227134408602229
911	no goal	96	-100	0.007085198924731066
911	no goal	96	-50	-5.094677419355728e-4
911	no goal	96	0	-0.0013804677419355649
911	no goal	96	50	-0.010527467741935507
911	no goal	96	100	0.025487698924731166
911	no goal	96	150	0.03973803225806442
911	no goal	96	200	0.0373231989247312
911	no goal	96	250	0.047979032258064436
911	no goal	96	300	0.056246198924731004
911	no goal	96	350	0.056496865591397695
911	no goal	96	400	0.051755198924731204
911	no goal	96	450	0.05860836559139789
911	no goal	96	500	0.07197919892473115
911	no goal	96	550	0.12337003225806442
911	no goal	96	600	0.09536186559139792
911	no goal	96	650	0.15403119892473108
911	no goal	96	700	0.14329669892473107
911	no goal	96	750	0.11082369892473125
911	no goal	96	800	0.05716486559139781
911	no goal	96	850	0.00311819892473116
911	no goal	96	900	0.014330865591397846
911	no goal	96	950	0.0035995322580643454
911	no goal	96	1e3	-0.030723634408602225
911	no goal	96	1050	-0.016368467741935493
911	no goal	96	1100	5.825322580644462e-4
911	no goal	96	1150	0.01683869892473111
911	no goal	97	-200	-0.008414400921659126
911	no goal	97	-150	-0.004732424731182923
911	no goal	97	-100	-0.002054424731182891
911	no goal	97	-50	0.005382741935483715
911	no goal	97	0	0.011220908602150415
911	no goal	97	50	0.030601908602150507
911	no goal	97	100	0.03700524193548368
911	no goal	97	150	0.05144490860215053
911	no goal	97	200	0.05422190860215048
911	no goal	97	250	0.07154474193548377
911	no goal	97	300	0.09046457526881713
911	no goal	97	350	0.09152290860215044
911	no goal	97	400	0.11163757526881708
911	no goal	97	450	0.14017324193548383
911	no goal	97	500	0.1780567419354838
911	no goal	97	550	0.2122815752688171
911	no goal	97	600	0.2634977419354838
911	no goal	97	650	0.3125825752688171
911	no goal	97	700	0.31653057526881717
911	no goal	97	750	0.3484944086021504
911	no goal	97	800	0.4124300752688172
911	no goal	97	850	0.4165477419354838
911	no goal	97	900	0.4190152419354838
911	no goal	97	950	0.42555890860215045
911	no goal	97	1e3	0.46106007526881715
911	no goal	97	1050	0.4457970752688172
911	no goal	97	1100	0.4631262419354838
911	no goal	97	1150	0.4922055752688172
911	no goal	98	-200	-3.0343778801838236e-4
911	no goal	98	-150	0.008204752688172112
911	no goal	98	-100	-0.004081413978494523
911	no goal	98	-50	0.0027670860215054383
911	no goal	98	0	-0.0065364139784945445
911	no goal	98	50	0.0018515860215054432
911	no goal	98	100	-0.024862413978494608
911	no goal	98	150	-0.0025079139784944062
911	no goal	98	200	0.002113252688172196
911	no goal	98	250	0.031875086021505496
911	no goal	98	300	0.03395158602150539
911	no goal	98	350	0.01268391935483885
911	no goal	98	400	0.028755252688172177
911	no goal	98	450	0.06351641935483883
911	no goal	98	500	0.06920341935483876
911	no goal	98	550	0.10429691935483872
911	no goal	98	600	0.11968825268817203
911	no goal	98	650	0.13813258602150547
911	no goal	98	700	0.0903574193548388
911	no goal	98	750	0.05931325268817211
911	no goal	98	800	0.01140991935483878
911	no goal	98	850	-0.0534430806451612
911	no goal	98	900	-0.07091158064516123
911	no goal	98	950	-0.08744541397849452
911	no goal	98	1e3	-0.08271674731182792
911	no goal	98	1050	-0.05796741397849455
911	no goal	98	1100	-0.04006474731182785
911	no goal	98	1150	-0.02291724731182791
911	no goal	99	-200	-0.03168382488479279
911	no goal	99	-150	-0.023410634408602322
911	no goal	99	-100	-0.006545801075269031
911	no goal	99	-50	0.022295365591397703
911	no goal	99	0	0.04462553225806428
911	no goal	99	50	0.07897853225806435
911	no goal	99	100	0.11828019892473085
911	no goal	99	150	0.17216653225806433
911	no goal	99	200	0.19259169892473094
911	no goal	99	250	0.24067169892473092
911	no goal	99	300	0.261146698924731
911	no goal	99	350	0.25477336559139774
911	no goal	99	400	0.2551848655913977
911	no goal	99	450	0.25971803225806434
911	no goal	99	500	0.2890553655913976
911	no goal	99	550	0.2910893655913976
911	no goal	99	600	0.334443198924731
911	no goal	99	650	0.35044286559139765
911	no goal	99	700	0.37027036559139764
911	no goal	99	750	0.3832070322580643
911	no goal	99	800	0.3592000322580644
911	no goal	99	850	0.31679753225806434
911	no goal	99	900	0.3269481989247309
911	no goal	99	950	0.2775828655913976
911	no goal	99	1e3	0.29954019892473105
911	no goal	99	1050	0.32163436559139774
911	no goal	99	1100	NA
911	no goal	99	1150	NA
911	no goal	100	-200	-0.008841032258064476
911	no goal	100	-150	0.01632230107526896
911	no goal	100	-100	0.0023573010752688806
911	no goal	100	-50	0.0011309677419355513
911	no goal	100	0	-0.009496032258064465
911	no goal	100	50	-0.029944032258064412
911	no goal	100	100	-0.028497865591397813
911	no goal	100	150	-0.04853419892473113
911	no goal	100	200	-0.06378303225806452
911	no goal	100	250	-0.07282203225806445
911	no goal	100	300	-0.09643919892473123
911	no goal	100	350	-0.0813301989247311
911	no goal	100	400	-0.07841419892473118
911	no goal	100	450	-0.057540198924731056
911	no goal	100	500	-0.035586198924731104
911	no goal	100	550	0.010558967741935469
911	no goal	100	600	0.037505634408602294
911	no goal	100	650	0.002934634408602236
911	no goal	100	700	-0.06183186559139786
911	no goal	100	750	-0.10003803225806444
911	no goal	100	800	-0.1360171989247311
911	no goal	100	850	-0.17369419892473115
911	no goal	100	900	-0.16844803225806437
911	no goal	100	950	-0.17035719892473114
911	no goal	100	1e3	-0.17402653225806453
911	no goal	100	1050	-0.1756743655913978
911	no goal	100	1100	-0.17545469892473106
911	no goal	100	1150	-0.13672769892473102
911	no goal	101	-200	0.004951733333333393
911	no goal	101	-150	0.010203233333333358
911	no goal	101	-100	0.00798956666666665
911	no goal	101	-50	-0.0018346000000000195
911	no goal	101	0	-0.02130993333333338
911	no goal	101	50	-0.03347610000000004
911	no goal	101	100	-0.04098910000000008
911	no goal	101	150	-0.05704993333333334
911	no goal	101	200	-0.06328576666666678
911	no goal	101	250	-0.06847993333333331
911	no goal	101	300	-0.08191093333333344
911	no goal	101	350	-0.07601643333333337
911	no goal	101	400	-0.06696643333333345
911	no goal	101	450	-0.055968100000000076
911	no goal	101	500	-0.03171443333333338
911	no goal	101	550	-0.007062599999999956
911	no goal	101	600	0.028198900000000027
911	no goal	101	650	0.05868423333333328
911	no goal	101	700	0.05944723333333327
911	no goal	101	750	0.0513034
911	no goal	101	800	NA
911	no goal	101	850	NA
911	no goal	101	900	NA
911	no goal	101	950	-0.06531460000000014
911	no goal	101	1e3	-0.01614760000000004
911	no goal	101	1050	-0.006529766666666677
911	no goal	101	1100	0.013414233333333284
911	no goal	101	1150	0.05922289999999989
911	no goal	102	-200	0.009486520737327364
911	no goal	102	-150	0.0016603064516129695
911	no goal	102	-100	-0.005818026881720284
911	no goal	102	-50	-0.0022096935483869227
911	no goal	102	0	-0.004700193548387095
911	no goal	102	50	0.009291973118279673
911	no goal	102	100	-0.0034323602150536647
911	no goal	102	150	8.408064516129224e-4
911	no goal	102	200	-0.004268026881720344
911	no goal	102	250	-0.01539569354838699
911	no goal	102	300	-0.028737860215053795
911	no goal	102	350	-0.03782402688172041
911	no goal	102	400	-0.04771052688172047
911	no goal	102	450	-0.026763693548387108
911	no goal	102	500	-0.00056886021505375695
911	no goal	102	550	0.06170630645161287
911	no goal	102	600	0.08802947311827951
911	no goal	102	650	0.10608697311827964
911	no goal	102	700	0.09789647311827965
911	no goal	102	750	0.09461447311827964
911	no goal	102	800	0.05331697311827958
911	no goal	102	850	0.03866597311827954
911	no goal	102	900	0.04256847311827968
911	no goal	102	950	-0.057390193548386925
911	no goal	102	1e3	NA
911	no goal	102	1050	NA
911	no goal	102	1100	-0.06450699354838703
911	no goal	102	1150	0.1189024731182798
911	no goal	103	-200	0.00617260368663608
911	no goal	103	-150	-0.004138967741935377
911	no goal	103	-100	-0.003087301075268704
911	no goal	103	-50	-0.0010656344086019676
911	no goal	103	0	0.0010905322580646952
911	no goal	103	50	-0.016489134408602002
911	no goal	103	100	-0.058314967741935377
911	no goal	103	150	-0.06821246774193535
911	no goal	103	200	-0.06683496774193538
911	no goal	103	250	-0.06976063440860199
911	no goal	103	300	-0.09597330107526858
911	no goal	103	350	-0.13741596774193532
911	no goal	103	400	-0.13946746774193533
911	no goal	103	450	-0.14980430107526863
911	no goal	103	500	-0.11425396774193526
911	no goal	103	550	-0.09160413440860211
911	no goal	103	600	-0.10245130107526863
911	no goal	103	650	-0.08957746774193542
911	no goal	103	700	-0.10799446774193533
911	no goal	103	750	-0.14290996774193543
911	no goal	103	800	-0.20789946774193532
911	no goal	103	850	-0.2316943010752687
911	no goal	103	900	-0.2581128010752687
911	no goal	103	950	-0.28447196774193523
911	no goal	103	1e3	-0.3060913010752688
911	no goal	103	1050	-0.30660180107526863
911	no goal	103	1100	-0.31278196774193545
911	no goal	103	1150	-0.29743496774193545
911	no goal	104	-200	-0.02508187096774193
911	no goal	104	-150	-0.0012228709677419107
911	no goal	104	-100	0.011389962365591458
911	no goal	104	-50	0.015900462365591322
911	no goal	104	0	0.0031946290322580526
911	no goal	104	50	0.02673912903225813
911	no goal	104	100	0.004704795698924717
911	no goal	104	150	0.009861629032258032
911	no goal	104	200	0.01811112903225805
911	no goal	104	250	0.015069795698924748
911	no goal	104	300	0.02278112903225815
911	no goal	104	350	0.009269295698924799
911	no goal	104	400	0.020891462365591362
911	no goal	104	450	0.015695629032258147
911	no goal	104	500	0.03630096236559136
911	no goal	104	550	0.052699795698924724
911	no goal	104	600	0.07855762903225812
911	no goal	104	650	0.08908779569892473
911	no goal	104	700	0.07774129569892481
911	no goal	104	750	0.038669129032258054
911	no goal	104	800	-0.021190870967741898
911	no goal	104	850	-0.06870403763440851
911	no goal	104	900	NA
911	no goal	104	950	NA
911	no goal	104	1e3	NA
911	no goal	104	1050	-0.35323387096774206
911	no goal	104	1100	-0.13093553763440857
911	no goal	104	1150	-0.09306887096774201
911	no goal	105	-200	0.018159930875575863
911	no goal	105	-150	-0.00836985483870989
911	no goal	105	-100	0.007444311827956944
911	no goal	105	-50	-0.02076268817204315
911	no goal	105	0	5.016451612901799e-4
911	no goal	105	50	-0.017251854838709873
911	no goal	105	100	-0.06552102150537646
911	no goal	105	150	-0.06922735483870983
911	no goal	105	200	-0.05612902150537654
911	no goal	105	250	-0.05599752150537644
911	no goal	105	300	-0.07877052150537638
911	no goal	105	350	-0.10516602150537653
911	no goal	105	400	-0.09630002150537642
911	no goal	105	450	-0.09124002150537651
911	no goal	105	500	-0.07467802150537654
911	no goal	105	550	-0.048753688172043175
911	no goal	105	600	-0.016794354838709797
911	no goal	105	650	-0.00492068817204309
911	no goal	105	700	-0.025594521505376482
911	no goal	105	750	-0.0592086881720432
911	no goal	105	800	-0.10499485483870985
911	no goal	105	850	-0.13846585483870988
911	no goal	105	900	-0.16489385483870977
911	no goal	105	950	-0.21079318817204315
911	no goal	105	1e3	-0.19937485483870984
911	no goal	105	1050	-0.22008818817204304
911	no goal	105	1100	-0.19998935483870994
911	no goal	105	1150	-0.1611868548387098
911	no goal	106	-200	0.004155654377880362
911	no goal	106	-150	5.717258064517802e-4
911	no goal	106	-100	-0.0055841075268815805
911	no goal	106	-50	-0.0033484408602149074
911	no goal	106	0	0.0035125591397850986
911	no goal	106	50	0.0038643924731183907
911	no goal	106	100	0.011008059139785123
911	no goal	106	150	0.009421559139785188
911	no goal	106	200	0.017557059139785114
911	no goal	106	250	0.02784939247311846
911	no goal	106	300	0.025192059139785172
911	no goal	106	350	0.05327589247311848
911	no goal	106	400	0.04928505913978509
911	no goal	106	450	0.0705232258064518
911	no goal	106	500	0.11378805913978514
911	no goal	106	550	0.14721972580645173
911	no goal	106	600	0.1698905591397851
911	no goal	106	650	0.16257705913978512
911	no goal	106	700	0.13190505913978515
911	no goal	106	750	0.11915905913978515
911	no goal	106	800	0.09542555913978508
911	no goal	106	850	0.09888105913978507
911	no goal	106	900	0.07478155913978513
911	no goal	106	950	0.006986225806451696
911	no goal	106	1e3	NA
911	no goal	106	1050	NA
911	no goal	106	1100	NA
911	no goal	106	1150	0.013026059139785126
911	no goal	107	-200	0.028855004608294963
911	no goal	107	-150	0.025120290322580896
911	no goal	107	-100	4.807903225808226e-4
911	no goal	107	-50	-0.020305043010752605
911	no goal	107	0	-0.038960209677419165
911	no goal	107	50	-0.07709504301075258
911	no goal	107	100	-0.10021537634408584
911	no goal	107	150	-0.13988420967741919
911	no goal	107	200	-0.15503704301075247
911	no goal	107	250	-0.1817498763440859
911	no goal	107	300	-0.19923737634408592
911	no goal	107	350	-0.21190070967741917
911	no goal	107	400	-0.19511954301075254
911	no goal	107	450	-0.1938430430107525
911	no goal	107	500	-0.1676230430107525
911	no goal	107	550	-0.12961154301075242
911	no goal	107	600	-0.0935352096774192
911	no goal	107	650	-0.045234709677419126
911	no goal	107	700	-0.045268543010752525
911	no goal	107	750	-0.04241470967741915
911	no goal	107	800	-0.01906004301075252
911	no goal	107	850	NA
911	no goal	107	900	NA
911	no goal	107	950	NA
911	no goal	107	1e3	-0.2792369596774191
911	no goal	107	1050	-0.13048604301075262
911	no goal	107	1100	-0.1285183763440859
911	no goal	107	1150	-0.14441854301075252
911	no goal	108	-200	-0.010961166666666763
911	no goal	108	-150	-0.0011095000000000226
911	no goal	108	-100	0.011436833333333304
911	no goal	108	-50	0.0056699999999999156
911	no goal	108	0	-0.005036166666666804
911	no goal	108	50	-0.010938333333333494
911	no goal	108	100	-0.017494333333333428
911	no goal	108	150	6.771666666664325e-4
911	no goal	108	200	0.004738166666666599
911	no goal	108	250	-0.011679833333333445
911	no goal	108	300	-4.218333333334545e-4
911	no goal	108	350	0.00795749999999984
911	no goal	108	400	0.011302738095237963
911	no goal	108	450	0.033830666666666565
911	no goal	108	500	0.05987233333333316
911	no goal	108	550	0.09461196666666663
911	no goal	108	600	0.11128673809523804
911	no goal	108	650	0.1250656666666666
911	no goal	108	700	0.06775216666666672
911	no goal	108	750	NA
911	no goal	108	800	NA
911	no goal	108	850	-0.1823708333333336
911	no goal	108	900	-0.2767891666666667
911	no goal	108	950	-0.09114266666666675
911	no goal	108	1e3	-0.058989666666666864
911	no goal	108	1050	-0.04306200000000008
911	no goal	108	1100	-0.03144716666666677
911	no goal	108	1150	0.005225999999999953
911	no goal	109	-200	0.07253485253456209
911	no goal	109	-150	0.032055043010752605
911	no goal	109	-100	0.0060888763440859845
911	no goal	109	-50	-0.03460195698924743
911	no goal	109	0	-0.08816595698924745
911	no goal	109	50	-0.12369429032258068
911	no goal	109	100	-0.16019345698924745
911	no goal	109	150	-0.1944119569892473
911	no goal	109	200	-0.1987342903225807
911	no goal	109	250	-0.222625623655914
911	no goal	109	300	-0.25079229032258077
911	no goal	109	350	-0.26271145698924747
911	no goal	109	400	-0.2702354569892473
911	no goal	109	450	-0.2524404569892474
911	no goal	109	500	-0.258166123655914
911	no goal	109	550	-0.19717795698924742
911	no goal	109	600	-0.15173645698924734
911	no goal	109	650	-0.1047852903225807
911	no goal	109	700	-0.07227179032258069
911	no goal	109	750	-0.06518362365591408
911	no goal	109	800	-0.08038345698924743
911	no goal	109	850	-0.05648862365591404
911	no goal	109	900	-0.07440312365591402
911	no goal	109	950	-0.0742467903225806
911	no goal	109	1e3	-0.04173879032258069
911	no goal	109	1050	-0.009764790322580744
911	no goal	109	1100	0.020388209677419205
911	no goal	109	1150	0.06898570967741928
911	no goal	110	-200	0.011350479262672917
911	no goal	110	-150	-0.00210640645161293
911	no goal	110	-100	-0.020153092165898556
911	no goal	110	-50	-0.002613973118279489
911	no goal	110	0	0.0146390268817204
911	no goal	110	50	-0.001614473118279521
911	no goal	110	100	0.008313026881720495
911	no goal	110	150	0.03491352688172052
911	no goal	110	200	0.03279619354838722
911	no goal	110	250	0.02254752688172042
911	no goal	110	300	0.033023026881720506
911	no goal	110	350	0.0774860268817205
911	no goal	110	400	0.07899636021505378
911	no goal	110	450	0.09830552688172049
911	no goal	110	500	0.09032769354838706
911	no goal	110	550	0.0927548602150537
911	no goal	110	600	0.13841086021505378
911	no goal	110	650	0.11786386021505384
911	no goal	110	700	0.11034036021505389
911	no goal	110	750	0.08460219354838709
911	no goal	110	800	0.06003686021505383
911	no goal	110	850	0.04407052688172045
911	no goal	110	900	-0.006645639784946145
911	no goal	110	950	-0.031100306451612953
911	no goal	110	1e3	-0.034586306451612904
911	no goal	110	1050	-0.022827306451612833
911	no goal	110	1100	-0.044133973118279636
911	no goal	110	1150	-0.05522230645161286
911	no goal	111	-200	-0.0278319585253457
911	no goal	111	-150	-0.015706220430107498
911	no goal	111	-100	-0.010325887096774103
911	no goal	111	-50	0.009766279569892436
911	no goal	111	0	0.04873644623655915
911	no goal	111	50	0.09082361290322576
911	no goal	111	100	0.10645877956989251
911	no goal	111	150	0.15539277956989248
911	no goal	111	200	0.17353477956989236
911	no goal	111	250	0.20792144623655898
911	no goal	111	300	0.21717577956989245
911	no goal	111	350	0.24582427956989247
911	no goal	111	400	0.23337027956989234
911	no goal	111	450	0.2955161129032257
911	no goal	111	500	0.32446411290322574
911	no goal	111	550	0.3452334462365591
911	no goal	111	600	0.314796946236559
911	no goal	111	650	0.3233547795698924
911	no goal	111	700	0.21784727956989247
911	no goal	111	750	NA
911	no goal	111	800	-0.11721138709677437
911	no goal	111	850	0.11671527956989247
911	no goal	111	900	0.18342461290322576
911	no goal	111	950	0.1713514462365592
911	no goal	111	1e3	0.1832124462365591
911	no goal	111	1050	0.19876411290322582
911	no goal	111	1100	0.15374427956989253
911	no goal	111	1150	NA
911	no goal	112	-200	0.05330651152073752
911	no goal	112	-150	0.005150559139785127
911	no goal	112	-100	-0.015092774193548264
911	no goal	112	-50	-0.03406544086021487
911	no goal	112	0	-0.01818327419354815
911	no goal	112	50	0.013120559139785234
911	no goal	112	100	0.018957559139785102
911	no goal	112	150	0.03801039247311855
911	no goal	112	200	0.051910559139785116
911	no goal	112	250	0.06598655913978517
911	no goal	112	300	0.08359539247311853
911	no goal	112	350	0.06799822580645183
911	no goal	112	400	0.09923722580645185
911	no goal	112	450	0.13234205913978517
911	no goal	112	500	0.1470090591397851
911	no goal	112	550	0.21469939247311842
911	no goal	112	600	0.2205850591397851
911	no goal	112	650	0.24148455913978517
911	no goal	112	700	0.21231689247311838
911	no goal	112	750	0.19614022580645166
911	no goal	112	800	0.17795105913978512
911	no goal	112	850	0.18756322580645182
911	no goal	112	900	0.1440648924731184
911	no goal	112	950	0.12041322580645186
911	no goal	112	1e3	0.08634289247311851
911	no goal	112	1050	0.07954805913978517
911	no goal	112	1100	0.059008059139785164
911	no goal	112	1150	0.04810589247311851
911	no goal	113	-200	0.018619182795698668
911	no goal	113	-150	0.007960516129032083
911	no goal	113	-100	-0.02459698387096787
911	no goal	113	-50	-0.011827483870967992
911	no goal	113	0	0.00851801612903206
911	no goal	113	50	-0.019241150537634644
911	no goal	113	100	-0.034834983870967985
911	no goal	113	150	-0.026081150537634528
911	no goal	113	200	-0.035444983870967915
911	no goal	113	250	-0.06911048387096781
911	no goal	113	300	-0.08703365053763472
911	no goal	113	350	-0.11736165053763463
911	no goal	113	400	-0.13953381720430125
911	no goal	113	450	-0.15285481720430125
911	no goal	113	500	-0.15861148387096788
911	no goal	113	550	-0.16576931720430133
911	no goal	113	600	-0.11168598387096806
911	no goal	113	650	-0.08962598387096787
911	no goal	113	700	-0.11206231720430122
911	no goal	113	750	-0.17433065053763452
911	no goal	113	800	-0.2171169838709679
911	no goal	113	850	-0.3219668172043013
911	no goal	113	900	NA
911	no goal	113	950	NA
911	no goal	113	1e3	NA
911	no goal	113	1050	-0.49549748387096804
911	no goal	113	1100	-0.3297047695852536
911	no goal	113	1150	-0.3106869838709679
911	no goal	114	-200	-0.001444760368663367
911	no goal	114	-150	0.01151393010752703
911	no goal	114	-100	0.0049407634408604
911	no goal	114	-50	-0.005618903225806197
911	no goal	114	0	-0.009150236559139602
911	no goal	114	50	-0.02775956989247293
911	no goal	114	100	-0.019713569892472933
911	no goal	114	150	-0.018176903225806267
911	no goal	114	200	-0.026463569892472966
911	no goal	114	250	-0.039407236559139656
911	no goal	114	300	-0.045879069892473
911	no goal	114	350	-0.0691932365591396
911	no goal	114	400	-0.06617273655913965
911	no goal	114	450	-0.05267606989247294
911	no goal	114	500	-0.058187236559139675
911	no goal	114	550	-0.020821903225806276
911	no goal	114	600	-0.024989736559139608
911	no goal	114	650	-0.006906569892472995
911	no goal	114	700	-0.020760736559139643
911	no goal	114	750	-0.10370123655913965
911	no goal	114	800	-0.1294122365591396
911	no goal	114	850	-0.18370290322580632
911	no goal	114	900	-0.22804373655913968
911	no goal	114	950	-0.26429490322580634
911	no goal	114	1e3	-0.27203956989247297
911	no goal	114	1050	-0.2640475698924729
911	no goal	114	1100	-0.24128423655913958
911	no goal	114	1150	-0.232106569892473
911	no goal	115	-200	0.03503827188940064
911	no goal	115	-150	0.023603629032257878
911	no goal	115	-100	-7.742043010754429e-4
911	no goal	115	-50	-0.029534704301075482
911	no goal	115	0	-0.034172704301075475
911	no goal	115	50	-0.0618862043010755
911	no goal	115	100	-0.1128943709677422
911	no goal	115	150	-0.1105893709677422
911	no goal	115	200	-0.10631770430107552
911	no goal	115	250	-0.1358562043010755
911	no goal	115	300	-0.15321487096774225
911	no goal	115	350	-0.17126787096774213
911	no goal	115	400	-0.16717070430107542
911	no goal	115	450	-0.17656487096774218
911	no goal	115	500	-0.15203503763440884
911	no goal	115	550	-0.12421203763440884
911	no goal	115	600	-0.09009353763440875
911	no goal	115	650	-0.06831220430107547
911	no goal	115	700	-0.05487587096774216
911	no goal	115	750	-0.020956537634408745
911	no goal	115	800	-0.04552837096774217
911	no goal	115	850	-0.009841870967742214
911	no goal	115	900	0.014530795698924459
911	no goal	115	950	-5.885376344088034e-4
911	no goal	115	1e3	-0.0120242043010755
911	no goal	115	1050	0.024568629032257833
911	no goal	115	1100	0.036688962365591125
911	no goal	115	1150	0.10680696236559133
911	no goal	116	-200	-0.007094815668203073
911	no goal	116	-150	-0.0053468870967744815
911	no goal	116	-100	-0.011092720430107672
911	no goal	116	-50	-0.0030777204301077146
911	no goal	116	0	0.027794612903225675
911	no goal	116	50	0.04801594623655888
911	no goal	116	100	0.07792677956989229
911	no goal	116	150	0.09140011290322551
911	no goal	116	200	0.1318924462365588
911	no goal	116	250	0.15674411290322557
911	no goal	116	300	0.15931094623655895
911	no goal	116	350	0.14137827956989227
911	no goal	116	400	0.1330022795698922
911	no goal	116	450	0.1226751129032256
911	no goal	116	500	0.12717311290322564
911	no goal	116	550	0.12432194623655901
911	no goal	116	600	0.1485534462365589
911	no goal	116	650	0.15069277956989224
911	no goal	116	700	0.14828377956989236
911	no goal	116	750	0.14022677956989224
911	no goal	116	800	0.12965211290322567
911	no goal	116	850	0.0709833629032256
911	no goal	116	900	NA
911	no goal	116	950	NA
911	no goal	116	1e3	NA
911	no goal	116	1050	NA
911	no goal	116	1100	0.10711861290322577
911	no goal	116	1150	0.0924018629032255
911	no goal	117	-200	-0.04432693333333352
911	no goal	117	-150	-0.011086433333333515
911	no goal	117	-100	3.773999999999352e-4
911	no goal	117	-50	0.018689638095237906
911	no goal	117	0	0.03987766666666639
911	no goal	117	50	0.020364638095237936
911	no goal	117	100	0.013527899999999852
911	no goal	117	150	0.030417066666666475
911	no goal	117	200	0.0442215666666664
911	no goal	117	250	0.02646856666666649
911	no goal	117	300	0.03937889999999977
911	no goal	117	350	0.04183439999999979
911	no goal	117	400	0.03762106666666646
911	no goal	117	450	0.06630573333333316
911	no goal	117	500	0.12108006666666656
911	no goal	117	550	0.13795489999999985
911	no goal	117	600	0.1592892333333331
911	no goal	117	650	0.18805706666666647
911	no goal	117	700	0.13632356666666653
911	no goal	117	750	0.0883758999999998
911	no goal	117	800	0.06296106666666645
911	no goal	117	850	0.02476506666666663
911	no goal	117	900	0.04729473333333319
911	no goal	117	950	0.07507439999999994
911	no goal	117	1e3	0.12476756666666648
911	no goal	117	1050	0.16772473333333315
911	no goal	117	1100	0.2532550666666664
911	no goal	117	1150	0.28154889999999994
911	no goal	118	-200	-0.043184294930875576
911	no goal	118	-150	0.008479752688172137
911	no goal	118	-100	0.02583158602150541
911	no goal	118	-50	0.027086252688172108
911	no goal	118	0	-0.011015913978494662
911	no goal	118	50	-0.02666208064516118
911	no goal	118	100	-0.02194391397849464
911	no goal	118	150	-0.08402358064516124
911	no goal	118	200	-0.06703658064516131
911	no goal	118	250	-0.08672708064516137
911	no goal	118	300	-0.11878624731182796
911	no goal	118	350	-0.1203149139784947
911	no goal	118	400	-0.08353091397849455
911	no goal	118	450	-0.08968274731182801
911	no goal	118	500	-0.03655824731182807
911	no goal	118	550	-0.009961247311827867
911	no goal	118	600	0.017498752688172026
911	no goal	118	650	-0.0033022473118279696
911	no goal	118	700	-0.03401558064516127
911	no goal	118	750	-0.05440108064516128
911	no goal	118	800	-0.1098220806451613
911	no goal	118	850	-0.14764758064516137
911	no goal	118	900	-0.13378558064516133
911	no goal	118	950	-0.12828608064516134
911	no goal	118	1e3	-0.1355212473118279
911	no goal	118	1050	-0.11224058064516125
911	no goal	118	1100	-0.09976574731182801
911	no goal	118	1150	-0.06839791397849464
911	no goal	119	-200	-0.003837066666666796
911	no goal	119	-150	0.02233059999999994
911	no goal	119	-100	0.010125266666666466
911	no goal	119	-50	-0.008981733333333445
911	no goal	119	0	-0.019637066666666758
911	no goal	119	50	-0.024401566666666746
911	no goal	119	100	-0.022106733333333423
911	no goal	119	150	-0.021945066666666884
911	no goal	119	200	0.0027825999999998205
911	no goal	119	250	-0.013911900000000088
911	no goal	119	300	0.003774933333333156
911	no goal	119	350	-0.0118037333333334
911	no goal	119	400	0.009094576190475998
911	no goal	119	450	-0.0035957333333334804
911	no goal	119	500	1.0676666666653567e-4
911	no goal	119	550	0.004608433333333088
911	no goal	119	600	0.03322443333333321
911	no goal	119	650	0.04369393333333312
911	no goal	119	700	0.03775743333333326
911	no goal	119	750	-0.020289400000000086
911	no goal	119	800	-0.07128390000000007
911	no goal	119	850	NA
911	no goal	119	900	NA
911	no goal	119	950	NA
911	no goal	119	1e3	NA
911	no goal	119	1050	NA
911	no goal	119	1100	NA
911	no goal	119	1150	NA
911	no goal	120	-200	0.04143933333333353
911	no goal	120	-150	0.020984333333333494
911	no goal	120	-100	0.006175500000000185
911	no goal	120	-50	-0.02714949999999979
911	no goal	120	0	-0.04144966666666646
911	no goal	120	50	-0.07143649999999983
911	no goal	120	100	-0.07223999999999986
911	no goal	120	150	-0.07123166666666643
911	no goal	120	200	-0.07644216666666652
911	no goal	120	250	-0.07815476190476169
911	no goal	120	300	-0.07692866666666642
911	no goal	120	350	-0.06904949999999976
911	no goal	120	400	-0.0363594999999998
911	no goal	120	450	0.004059333333333563
911	no goal	120	500	0.03888400000000022
911	no goal	120	550	0.09488083333333346
911	no goal	120	600	0.1153961666666669
911	no goal	120	650	0.00934700000000029
911	no goal	120	700	NA
911	no goal	120	750	NA
911	no goal	120	800	-0.11143916666666646
911	no goal	120	850	0.020884333333333577
911	no goal	120	900	-0.03382253333333311
911	no goal	120	950	0.09471666666666691
911	no goal	120	1e3	0.22218566666666684
911	no goal	120	1050	0.1313806666666668
911	no goal	120	1100	NA
911	no goal	120	1150	NA
911	no goal	121	-200	0.002097940092165843
911	no goal	121	-150	0.008501892473118314
911	no goal	121	-100	0.013435725806451545
911	no goal	121	-50	-0.008622607526881746
911	no goal	121	0	-0.015762607526881744
911	no goal	121	50	0.002030059139784749
911	no goal	121	100	-0.017238274193548397
911	no goal	121	150	-0.03165877419354842
911	no goal	121	200	-0.022182774193548527
911	no goal	121	250	-0.006920107526881732
911	no goal	121	300	0.00794939247311821
911	no goal	121	350	0.003399059139784851
911	no goal	121	400	0.003934225806451567
911	no goal	121	450	0.03393855913978494
911	no goal	121	500	0.05159405913978491
911	no goal	121	550	0.08152505913978492
911	no goal	121	600	0.07021639247311821
911	no goal	121	650	0.07135139247311817
911	no goal	121	700	0.039306392473118144
911	no goal	121	750	-0.01733127419354837
911	no goal	121	800	-0.03847727419354833
911	no goal	121	850	-0.06519010752688185
911	no goal	121	900	-0.07256260752688186
911	no goal	121	950	-0.0945381075268817
911	no goal	121	1e3	-0.07834060752688177
911	no goal	121	1050	-0.0689182741935485
911	no goal	121	1100	-0.05764760752688177
911	no goal	121	1150	-0.056851440860214986
911	no goal	122	-200	-0.00948545622119834
911	no goal	122	-150	-0.00759424193548397
911	no goal	122	-100	3.709247311826462e-4
911	no goal	122	-50	0.004124091397849157
911	no goal	122	0	0.014165591397849342
911	no goal	122	50	0.010298924731182582
911	no goal	122	100	0.018376091397849237
911	no goal	122	150	0.007932091397849264
911	no goal	122	200	0.019691424731182572
911	no goal	122	250	0.02636675806451594
911	no goal	122	300	0.01845209139784935
911	no goal	122	350	0.029085424731182547
911	no goal	122	400	0.023016091397849287
911	no goal	122	450	0.04494859139784927
911	no goal	122	500	0.08172725806451586
911	no goal	122	550	0.10038925806451597
911	no goal	122	600	0.10438575806451593
911	no goal	122	650	0.06498642473118259
911	no goal	122	700	-0.007794341935484006
911	no goal	122	750	NA
911	no goal	122	800	NA
911	no goal	122	850	NA
911	no goal	122	900	NA
911	no goal	122	950	NA
911	no goal	122	1e3	NA
911	no goal	122	1050	NA
911	no goal	122	1100	NA
911	no goal	122	1150	-0.47691674193548383
911	no goal	123	-200	0.033075672811060004
911	no goal	123	-150	0.020860887096774212
911	no goal	123	-100	-0.00428377956989238
911	no goal	123	-50	-0.018956612903225773
911	no goal	123	0	-0.03620877956989251
911	no goal	123	50	-0.05319044623655911
911	no goal	123	100	-0.0655241129032258
911	no goal	123	150	-0.05924794623655908
911	no goal	123	200	-0.06736961290322567
911	no goal	123	250	-0.06658677956989238
911	no goal	123	300	-0.07288627956989235
911	no goal	123	350	-0.06660344623655907
911	no goal	123	400	-0.060020946236559146
911	no goal	123	450	-0.04026927956989246
911	no goal	123	500	-0.04659911290322564
911	no goal	123	550	-0.021082112903225703
911	no goal	123	600	0.019620387096774234
911	no goal	123	650	0.048675387096774214
911	no goal	123	700	0.06351838709677422
911	no goal	123	750	0.08899022043010756
911	no goal	123	800	0.06325355376344088
911	no goal	123	850	0.04059805376344102
911	no goal	123	900	0.026210887096774327
911	no goal	123	950	0.017877053763441026
911	no goal	123	1e3	-0.08152361290322574
911	no goal	123	1050	NA
911	no goal	123	1100	-0.30588927956989237
911	no goal	123	1150	-0.02229794623655912
911	no goal	124	-200	0.005264066666666641
911	no goal	124	-150	-0.003125266666666645
911	no goal	124	-100	4.4406666666674255e-4
911	no goal	124	-50	0.00636323333333344
911	no goal	124	0	-0.008946099999999882
911	no goal	124	50	-0.011330599999999968
911	no goal	124	100	-0.0064804333333332576
911	no goal	124	150	-0.0029089333333333447
911	no goal	124	200	-0.005429599999999961
911	no goal	124	250	-0.026520433333333315
911	no goal	124	300	-0.03172159999999994
911	no goal	124	350	-0.045114433333333315
911	no goal	124	400	-0.046641266666666605
911	no goal	124	450	-0.036217599999999996
911	no goal	124	500	-0.004745099999999909
911	no goal	124	550	0.039162733333333456
911	no goal	124	600	0.07322256666666675
911	no goal	124	650	0.09545756666666676
911	no goal	124	700	0.10238475714285723
911	no goal	124	750	0.1097069000000001
911	no goal	124	800	0.10769690000000016
911	no goal	124	850	0.11560730000000001
911	no goal	124	900	0.11563961428571432
911	no goal	124	950	0.10633056666666674
911	no goal	124	1e3	0.11650006666666675
911	no goal	124	1050	0.14335740000000005
911	no goal	124	1100	0.17832823333333336
911	no goal	124	1150	0.20181273333333336
911	no goal	125	-200	-0.026375502304147615
911	no goal	125	-150	-0.012051645161290573
911	no goal	125	-100	-0.015346978494623778
911	no goal	125	-50	0.01419568817204279
911	no goal	125	0	0.043974354838709484
911	no goal	125	50	0.057323688172042774
911	no goal	125	100	0.05467268817204296
911	no goal	125	150	0.04895285483870956
911	no goal	125	200	0.04377035483870954
911	no goal	125	250	0.05186318817204275
911	no goal	125	300	0.06841835483870946
911	no goal	125	350	0.06806002150537616
911	no goal	125	400	0.057069854838709556
911	no goal	125	450	0.058671354838709444
911	no goal	125	500	0.048840688172042825
911	no goal	125	550	0.08856752150537621
911	no goal	125	600	0.08774185483870951
911	no goal	125	650	0.058439854838709504
911	no goal	125	700	NA
911	no goal	125	750	NA
911	no goal	125	800	-0.09578164516129029
911	no goal	125	850	-0.2703756451612904
911	no goal	125	900	0.03331168817204285
911	no goal	125	950	0.010964021505376195
911	no goal	125	1e3	0.01087902150537623
911	no goal	125	1050	0.044334354838709546
911	no goal	125	1100	0.048283021505376146
911	no goal	125	1150	-0.014588145161290514
911	no goal	126	-200	-0.026165027649769548
911	no goal	126	-150	0.00603259139784947
911	no goal	126	-100	-0.020836075268817107
911	no goal	126	-50	0.029159758064516133
911	no goal	126	0	0.01616959139784953
911	no goal	126	50	0.014182258064516118
911	no goal	126	100	0.02229325806451617
911	no goal	126	150	0.024744091397849537
911	no goal	126	200	0.01251825806451623
911	no goal	126	250	-0.01227557526881721
911	no goal	126	300	0.0014227580645160831
911	no goal	126	350	-0.00365774193548396
911	no goal	126	400	-0.01963274193548381
911	no goal	126	450	-0.013675075268817208
911	no goal	126	500	-0.038994741935483836
911	no goal	126	550	-0.03939557526881717
911	no goal	126	600	-0.04636324193548388
911	no goal	126	650	-0.04423190860215046
911	no goal	126	700	-0.08600874193548387
911	no goal	126	750	-0.10333890860215049
911	no goal	126	800	-0.1301560752688172
911	no goal	126	850	-0.14657674193548384
911	no goal	126	900	-0.1714554086021506
911	no goal	126	950	-0.2480594086021505
911	no goal	126	1e3	-0.5472977419354841
911	no goal	126	1050	-0.2400899086021505
911	no goal	126	1100	-0.15435474193548374
911	no goal	126	1150	-0.1592334086021506
911	no goal	127	-200	-0.01882109216589876
911	no goal	127	-150	-0.013617639784946345
911	no goal	127	-100	0.0065928602150537126
911	no goal	127	-50	0.011903026881720255
911	no goal	127	0	0.017079693548387082
911	no goal	127	50	0.01736252688172028
911	no goal	127	100	0.02139069354838689
911	no goal	127	150	0.007669860215053707
911	no goal	127	200	-0.049740639784946396
911	no goal	127	250	-0.0548711397849464
911	no goal	127	300	-0.06624230645161318
911	no goal	127	350	-0.042080639784946326
911	no goal	127	400	-0.05095180645161309
911	no goal	127	450	-0.04160663978494631
911	no goal	127	500	-0.032533973118279734
911	no goal	127	550	-0.029593639784946408
911	no goal	127	600	-0.0011316397849462738
911	no goal	127	650	0.017268026881720317
911	no goal	127	700	0.008260526881720262
911	no goal	127	750	-0.013076473118279678
911	no goal	127	800	-0.029832473118279818
911	no goal	127	850	-0.226883806451613
911	no goal	127	900	NA
911	no goal	127	950	-0.5160073064516131
911	no goal	127	1e3	-0.21325213978494642
911	no goal	127	1050	-0.1182536397849463
911	no goal	127	1100	-0.14263497311827975
911	no goal	127	1150	-0.11142897311827982
911	no goal	128	-200	-0.0029561244239629963
911	no goal	128	-150	0.017354327956989286
911	no goal	128	-100	-0.027065505376344
911	no goal	128	-50	-0.02170550537634397
911	no goal	128	0	0.03486549462365596
911	no goal	128	50	0.03669549462365603
911	no goal	128	100	0.043908661290322705
911	no goal	128	150	0.05386266129032272
911	no goal	128	200	0.060632161290322596
911	no goal	128	250	0.04095699462365602
911	no goal	128	300	0.0464724946236561
911	no goal	128	350	0.030940494623656074
911	no goal	128	400	0.04351482795698932
911	no goal	128	450	0.08810016129032272
911	no goal	128	500	0.1396331612903227
911	no goal	128	550	0.1350024946236561
911	no goal	128	600	0.18928066129032275
911	no goal	128	650	0.18370482795698936
911	no goal	128	700	0.16908449462365605
911	no goal	128	750	0.12785732795698931
911	no goal	128	800	0.1628108279569894
911	no goal	128	850	0.18552849462365603
911	no goal	128	900	0.1824968279569894
911	no goal	128	950	0.19385866129032267
911	no goal	128	1e3	0.21819299462365604
911	no goal	128	1050	0.2314833279569893
911	no goal	128	1100	0.24989866129032268
911	no goal	128	1150	0.2173974946236561
911	no goal	129	-200	0.009544099999999908
911	no goal	129	-150	0.010408599999999954
911	no goal	129	-100	-0.010015733333333424
911	no goal	129	-50	-0.014865900000000062
911	no goal	129	0	0.004928933333333256
911	no goal	129	50	0.022331766666666624
911	no goal	129	100	0.035641600000000086
911	no goal	129	150	0.04097709999999988
911	no goal	129	200	0.026020766666666677
911	no goal	129	250	0.025606909523809458
911	no goal	129	300	0.011501099999999967
911	no goal	129	350	0.028150933333333333
911	no goal	129	400	0.05142260000000006
911	no goal	129	450	0.0525609333333333
911	no goal	129	500	0.07010009999999989
911	no goal	129	550	0.09782959999999992
911	no goal	129	600	0.11863759999999994
911	no goal	129	650	0.12845959999999992
911	no goal	129	700	0.11810093333333323
911	no goal	129	750	0.09446676666666676
911	no goal	129	800	NA
911	no goal	129	850	NA
911	no goal	129	900	-0.16591023333333332
911	no goal	129	950	-0.06127351904761902
911	no goal	129	1e3	-0.0371615666666667
911	no goal	129	1050	-0.00384506666666673
911	no goal	129	1100	0.04343359999999996
911	no goal	129	1150	0.05658026666666668
911	no goal	130	-200	8.386820276498064e-4
911	no goal	130	-150	0.0067033010752688416
911	no goal	130	-100	0.004154467741935471
911	no goal	130	-50	-0.00757953225806444
911	no goal	130	0	-0.004256698924731091
911	no goal	130	50	-0.020239532258064408
911	no goal	130	100	-0.06116519892473112
911	no goal	130	150	-0.06640803225806453
911	no goal	130	200	-0.05154603225806446
911	no goal	130	250	-0.04820603225806456
911	no goal	130	300	-0.06199286559139779
911	no goal	130	350	-0.05173036559139773
911	no goal	130	400	-0.03952353225806449
911	no goal	130	450	-0.018300365591397732
911	no goal	130	500	0.005455467741935542
911	no goal	130	550	0.033276134408602255
911	no goal	130	600	0.05059363440860228
911	no goal	130	650	0.07461846774193548
911	no goal	130	700	0.06530013440860223
911	no goal	130	750	0.03378846774193556
911	no goal	130	800	-0.009738365591397772
911	no goal	130	850	-0.0035213655913977813
911	no goal	130	900	-0.014976198924731158
911	no goal	130	950	-0.016498865591397793
911	no goal	130	1e3	-0.02022319892473116
911	no goal	130	1050	-0.008881198924731123
911	no goal	130	1100	0.010744134408602187
911	no goal	130	1150	-0.019436532258064448
911	no goal	131	-200	0.005551926267281309
911	no goal	131	-150	0.020311354838709866
911	no goal	131	-100	-0.005892978494623484
911	no goal	131	-50	-0.0034526451612901057
911	no goal	131	0	-0.017442978494623507
911	no goal	131	50	0.00514652150537646
911	no goal	131	100	0.004559854838709798
911	no goal	131	150	0.020113521505376486
911	no goal	131	200	0.04443352150537653
911	no goal	131	250	0.06664052150537654
911	no goal	131	300	0.07735952150537646
911	no goal	131	350	0.10251035483870985
911	no goal	131	400	0.13339335483870984
911	no goal	131	450	0.14324652150537656
911	no goal	131	500	0.2112370215053764
911	no goal	131	550	0.23058318817204318
911	no goal	131	600	0.2517038548387099
911	no goal	131	650	0.2547741881720433
911	no goal	131	700	0.20260435483870984
911	no goal	131	750	0.16337102150537652
911	no goal	131	800	0.1314605215053765
911	no goal	131	850	0.07174018817204326
911	no goal	131	900	0.04369735483870977
911	no goal	131	950	0.025661688172043135
911	no goal	131	1e3	0.016368354838709836
911	no goal	131	1050	0.025844021505376496
911	no goal	131	1100	0.05381368817204324
911	no goal	131	1150	-0.05950364516129003
911	no goal	132	-200	-1.4055760368661803e-4
911	no goal	132	-150	-0.005471962365591443
911	no goal	132	-100	0.0016183709677419778
911	no goal	132	-50	0.003596370967742013
911	no goal	132	0	4.2120430107517315e-4
911	no goal	132	50	-0.023135962365591494
911	no goal	132	100	-0.022300129032258198
911	no goal	132	150	-0.03158762903225809
911	no goal	132	200	-0.02690912903225806
911	no goal	132	250	-0.03825896236559149
911	no goal	132	300	-0.025135462365591426
911	no goal	132	350	-0.03313996236559139
911	no goal	132	400	-0.017608295698924747
911	no goal	132	450	-0.02962479569892477
911	no goal	132	500	-0.013693629032258162
911	no goal	132	550	0.006753204301075251
911	no goal	132	600	0.041042704301075116
911	no goal	132	650	0.04564087096774198
911	no goal	132	700	0.05800503763440856
911	no goal	132	750	0.06291320430107517
911	no goal	132	800	0.058553037634408556
911	no goal	132	850	0.0026245376344085822
911	no goal	132	900	0.006418870967741889
911	no goal	132	950	-0.012427795698924715
911	no goal	132	1e3	-0.027946629032258086
911	no goal	132	1050	-0.029697795698924834
911	no goal	132	1100	-0.020657962365591365
911	no goal	132	1150	-0.02109796236559151
911	no goal	133	-200	-0.019700533333333176
911	no goal	133	-150	-0.030471699999999952
911	no goal	133	-100	9.656333333335118e-4
911	no goal	133	-50	0.008816133333333346
911	no goal	133	0	0.040390466666666715
911	no goal	133	50	0.0632713000000001
911	no goal	133	100	0.08366363333333345
911	no goal	133	150	0.04299730000000005
911	no goal	133	200	0.05997013333333342
911	no goal	133	250	0.06348196666666676
911	no goal	133	300	0.04152646666666682
911	no goal	133	350	0.052905133333333465
911	no goal	133	400	0.06569258571428575
911	no goal	133	450	0.036868700000000046
911	no goal	133	500	0.04951787142857159
911	no goal	133	550	0.03531880000000006
911	no goal	133	600	0.06378880000000005
911	no goal	133	650	0.06901013333333335
911	no goal	133	700	-0.09034169999999975
911	no goal	133	750	NA
911	no goal	133	800	NA
911	no goal	133	850	NA
911	no goal	133	900	-0.2407128428571428
911	no goal	133	950	-0.0726810333333332
911	no goal	133	1e3	-0.08641253333333328
911	no goal	133	1050	-0.05713836666666664
911	no goal	133	1100	-0.03198403333333314
911	no goal	133	1150	-0.017706200000000043
911	no goal	134	-200	-0.014069912442396035
911	no goal	134	-150	-0.005203150537634205
911	no goal	134	-100	0.015239682795699094
911	no goal	134	-50	-2.31983870967604e-4
911	no goal	134	0	0.00661034946236579
911	no goal	134	50	-0.009684983870967464
911	no goal	134	100	-0.003565983870967552
911	no goal	134	150	0.00171884946236589
911	no goal	134	200	-0.0058233172043007375
911	no goal	134	250	-0.007167483870967439
911	no goal	134	300	-0.02902548387096752
911	no goal	134	350	-0.03580415053763408
911	no goal	134	400	-0.032678483870967424
911	no goal	134	450	-0.06831815053763417
911	no goal	134	500	-0.005357817204300878
911	no goal	134	550	-0.0023336505376341985
911	no goal	134	600	-0.003510650537634182
911	no goal	134	650	-0.012459483870967514
911	no goal	134	700	-0.053890317204300896
911	no goal	134	750	-0.1021644838709675
911	no goal	134	800	-0.13090665053763417
911	no goal	134	850	-0.14937298387096742
911	no goal	134	900	-0.17023065053763417
911	no goal	134	950	-0.16186565053763413
911	no goal	134	1e3	-0.14451498387096748
911	no goal	134	1050	-0.13142648387096748
911	no goal	134	1100	-0.12131498387096751
911	no goal	134	1150	NA
911	no goal	135	-200	0.015466783410138138
911	no goal	135	-150	-0.0016798118279570673
911	no goal	135	-100	-0.008148145161290513
911	no goal	135	-50	0.0037786881720428176
911	no goal	135	0	-0.011995311827957211
911	no goal	135	50	-0.04882731182795704
911	no goal	135	100	-0.055583311827957095
911	no goal	135	150	-0.06452864516129046
911	no goal	135	200	-0.060506645161290486
911	no goal	135	250	-0.056245811827957036
911	no goal	135	300	-0.048148811827957085
911	no goal	135	350	-0.05948181182795705
911	no goal	135	400	-0.049108478494623777
911	no goal	135	450	-0.03753747849462378
911	no goal	135	500	-0.003275478494623766
911	no goal	135	550	0.028945521505376215
911	no goal	135	600	0.03671118817204292
911	no goal	135	650	0.02011618817204286
911	no goal	135	700	0.007933188172042879
911	no goal	135	750	-0.14903164516129053
911	no goal	135	800	NA
911	no goal	135	850	NA
911	no goal	135	900	-0.11021464516129043
911	no goal	135	950	-0.05560289516129058
911	no goal	135	1e3	-0.05868714516129055
911	no goal	135	1050	-0.023246978494623798
911	no goal	135	1100	0.024486688172042765
911	no goal	135	1150	0.03513168817204293
911	no goal	136	-200	0.0047505483870968436
911	no goal	136	-150	0.009390048387096783
911	no goal	136	-100	-0.01231878494623658
911	no goal	136	-50	-0.00334411827956993
911	no goal	136	0	7.305483870968151e-4
911	no goal	136	50	-0.0012456182795699267
911	no goal	136	100	0.02140121505376354
911	no goal	136	150	0.013094548387096783
911	no goal	136	200	0.007427881720430074
911	no goal	136	250	-0.010355951612903258
911	no goal	136	300	0.020175381720430135
911	no goal	136	350	0.05998871505376354
911	no goal	136	400	0.03185554838709681
911	no goal	136	450	0.04134838172043017
911	no goal	136	500	0.08454171505376344
911	no goal	136	550	0.10194404838709674
911	no goal	136	600	0.08918321505376348
911	no goal	136	650	0.08786438172043017
911	no goal	136	700	0.021752715053763527
911	no goal	136	750	-0.02340745161290318
911	no goal	136	800	-0.09051745161290303
911	no goal	136	850	NA
911	no goal	136	900	-0.5775264516129033
911	no goal	136	950	-0.3414071182795699
911	no goal	136	1e3	-0.18130178494623647
911	no goal	136	1050	-0.17866261827956986
911	no goal	136	1100	-0.1903126182795698
911	no goal	136	1150	-0.1839251182795699
911	no goal	137	-200	0.001080230414746554
911	no goal	137	-150	-0.0034088172043009735
911	no goal	137	-100	-1.7931720430105122e-4
911	no goal	137	-50	0.0022975161290322474
911	no goal	137	0	3.0349462365686364e-5
911	no goal	137	50	0.005417682795698949
911	no goal	137	100	-0.00944131720430108
911	no goal	137	150	-0.026668317204301035
911	no goal	137	200	-0.0410319838709677
911	no goal	137	250	-0.018839650537634256
911	no goal	137	300	-0.013431150537634329
911	no goal	137	350	-0.039893150537634314
911	no goal	137	400	-0.025217983870967704
911	no goal	137	450	-0.006376983870967671
911	no goal	137	500	0.007772182795698986
911	no goal	137	550	0.014162516129032335
911	no goal	137	600	0.00709118279569898
911	no goal	137	650	-0.06118848387096768
911	no goal	137	700	-0.09090881720430088
911	no goal	137	750	NA
911	no goal	137	800	NA
911	no goal	137	850	NA
911	no goal	137	900	-0.25908548387096764
911	no goal	137	950	-0.16778698387096772
911	no goal	137	1e3	-0.13738648387096766
911	no goal	137	1050	-0.1548766505376343
911	no goal	137	1100	-0.12342598387096763
911	no goal	137	1150	-0.10702465053763444
911	no goal	138	-200	0.009179838709677248
911	no goal	138	-150	-0.007273161290322812
911	no goal	138	-100	-0.003389327956989504
911	no goal	138	-50	-2.2661290322763723e-5
911	no goal	138	0	-2.466129032274722e-5
911	no goal	138	50	-1.4499462365609914e-4
911	no goal	138	100	0.001862172043010461
911	no goal	138	150	0.0029158387096772653
911	no goal	138	200	-0.0057141612903227985
911	no goal	138	250	-0.02345382795698951
911	no goal	138	300	-0.05039549462365615
911	no goal	138	350	-0.06529616129032283
911	no goal	138	400	-0.06807866129032288
911	no goal	138	450	-0.06492699462365621
911	no goal	138	500	-0.06076816129032281
911	no goal	138	550	-0.05927099462365611
911	no goal	138	600	-0.07324582795698949
911	no goal	138	650	-0.08621399462365627
911	no goal	138	700	-0.10739549462365623
911	no goal	138	750	-0.1340076612903228
911	no goal	138	800	-0.1548583279569895
911	no goal	138	850	-0.1763231612903228
911	no goal	138	900	-0.1987991612903229
911	no goal	138	950	-0.1928438279569895
911	no goal	138	1e3	-0.2006929946236562
911	no goal	138	1050	-0.20996916129032273
911	no goal	138	1100	-0.2033918279569895
911	no goal	138	1150	-0.18148282795698956
911	no goal	139	-200	-0.04287806451612898
911	no goal	139	-150	-0.023311064516128965
911	no goal	139	-100	0.006231102150537608
911	no goal	139	-50	0.030947268817204332
911	no goal	139	0	0.036157102150537655
911	no goal	139	50	0.025496935483870997
911	no goal	139	100	0.041735602150537655
911	no goal	139	150	0.020315935483870968
911	no goal	139	200	-0.021854397849462377
911	no goal	139	250	-0.06329139784946225
911	no goal	139	300	-0.10907439784946231
911	no goal	139	350	-0.14026756451612896
911	no goal	139	400	-0.1836392311827956
911	no goal	139	450	-0.1882387311827957
911	no goal	139	500	-0.1920973978494623
911	no goal	139	550	-0.19443673118279556
911	no goal	139	600	-0.17619189784946232
911	no goal	139	650	-0.17039606451612901
911	no goal	139	700	-0.1836527311827957
911	no goal	139	750	-0.19100389784946237
911	no goal	139	800	-0.2262083978494623
911	no goal	139	850	-0.24981789784946237
911	no goal	139	900	-0.26157723118279574
911	no goal	139	950	-0.2713010645161291
911	no goal	139	1e3	-0.25987606451612905
911	no goal	139	1050	-0.256094564516129
911	no goal	139	1100	-0.24475756451612893
911	no goal	139	1150	-0.24219656451612903
911	no goal	140	-200	0.01088829493087554
911	no goal	140	-150	0.005262080645161316
911	no goal	140	-100	-0.006871752688172084
911	no goal	140	-50	-0.0036190860215053653
911	no goal	140	0	-0.007474252688171923
911	no goal	140	50	-0.0012144193548386066
911	no goal	140	100	0.014522413978494667
911	no goal	140	150	0.020827913978494594
911	no goal	140	200	0.03729291397849469
911	no goal	140	250	0.05467008064516129
911	no goal	140	300	0.070141747311827915
911	no goal	140	350	0.0854430806451613
911	no goal	140	400	0.09541458064516124
911	no goal	140	450	0.12224558064516129
911	no goal	140	500	0.15712191397849465
911	no goal	140	550	0.17209174731182805
911	no goal	140	600	0.17138308064516142
911	no goal	140	650	0.18032624731182798
911	no goal	140	700	0.1560465806451612
911	no goal	140	750	NA
911	no goal	140	800	NA
911	no goal	140	850	NA
911	no goal	140	900	NA
911	no goal	140	950	0.19284408064516145
911	no goal	140	1e3	0.15558624731182805
911	no goal	140	1050	0.14751891397849462
911	no goal	140	1100	0.1943940806451613
911	no goal	140	1150	0.1826264139784947
