Subject	condition	TrialId	bin	pupil_change
902	no goal	1	-200	0.007017733333333591
902	no goal	1	-150	0.001777233333333535
902	no goal	1	-100	0.0028182333333334566
902	no goal	1	-50	-0.0024790999999998085
902	no goal	1	0	-0.009134099999999886
902	no goal	1	50	-0.023438266666666523
902	no goal	1	100	-0.024266599999999805
902	no goal	1	150	-0.03668359999999978
902	no goal	1	200	-0.048341099999999804
902	no goal	1	250	-0.03969359999999981
902	no goal	1	300	-0.0277394333333331
902	no goal	1	350	-0.01179909999999973
902	no goal	1	400	-2.082666666665863e-4
902	no goal	1	450	0.03220440000000021
902	no goal	1	500	0.08006340000000023
902	no goal	1	550	0.09311806666666689
902	no goal	1	600	0.1582194000000002
902	no goal	1	650	0.17427123333333353
902	no goal	1	700	0.18174473333333352
902	no goal	1	750	0.11079640000000013
902	no goal	1	800	0.03685456666666672
902	no goal	1	850	0.019368233333333446
902	no goal	1	900	0.013750066666666783
902	no goal	1	950	0.01737623333333353
902	no goal	1	1e3	-0.05509393333333312
902	no goal	1	1050	NA
902	no goal	1	1100	NA
902	no goal	1	1150	0.14932256666666666
902	no goal	2	-200	-0.022551815668203
902	no goal	2	-150	-0.005361387096774435
902	no goal	2	-100	0.008700279569892352
902	no goal	2	-50	0.004848779569892307
902	no goal	2	0	0.018122779569892316
902	no goal	2	50	-0.0015637204301076995
902	no goal	2	100	0.00671261290322563
902	no goal	2	150	0.021808946236559008
902	no goal	2	200	-0.009172720430107676
902	no goal	2	250	-0.021775220430107673
902	no goal	2	300	-0.03599338709677443
902	no goal	2	350	-0.0339172204301077
902	no goal	2	400	-0.03659588709677434
902	no goal	2	450	-0.02728088709677438
902	no goal	2	500	-0.012855053763441019
902	no goal	2	550	0.014565612903225592
902	no goal	2	600	0.05235727956989226
902	no goal	2	650	0.08907527956989236
902	no goal	2	700	0.09006477956989227
902	no goal	2	750	0.0932016129032256
902	no goal	2	800	0.11479844623655899
902	no goal	2	850	0.09321411290322557
902	no goal	2	900	0.0546419462365589
902	no goal	2	950	0.03747894623655901
902	no goal	2	1e3	0.035382446236558916
902	no goal	2	1050	0.022711946236559033
902	no goal	2	1100	0.024232446236558847
902	no goal	2	1150	0.029455779569892277
902	no goal	3	-200	0.031224728110599224
902	no goal	3	-150	0.010620037634408849
902	no goal	3	-100	0.005792704301075406
902	no goal	3	-50	-0.02204679569892461
902	no goal	3	0	-0.030794795698924588
902	no goal	3	50	-0.030654629032257946
902	no goal	3	100	-0.017896462365591354
902	no goal	3	150	-0.002608795698924619
902	no goal	3	200	-0.010452129032257895
902	no goal	3	250	0.0018947043010753746
902	no goal	3	300	0.013553704301075387
902	no goal	3	350	0.0053228709677421255
902	no goal	3	400	0.017948370967742083
902	no goal	3	450	0.034149370967742065
902	no goal	3	500	0.07880253763440881
902	no goal	3	550	0.1429315376344086
902	no goal	3	600	0.1461568709677421
902	no goal	3	650	0.1654157043010754
902	no goal	3	700	0.14753720430107542
902	no goal	3	750	0.07620287096774203
902	no goal	3	800	0.026720537634408775
902	no goal	3	850	0.06329437096774211
902	no goal	3	900	0.09098270430107536
902	no goal	3	950	0.08008737096774203
902	no goal	3	1e3	0.05668987096774206
902	no goal	3	1050	0.07017847096774217
902	no goal	3	1100	0.10371472811059913
902	no goal	3	1150	0.08594253763440873
902	no goal	4	-200	-0.00797986175115233
902	no goal	4	-150	0.025168209677419135
902	no goal	4	-100	0.007742709677419191
902	no goal	4	-50	-0.011138623655914262
902	no goal	4	0	-0.012462456989247453
902	no goal	4	50	0.0032720430107524567
902	no goal	4	100	0.020267709677419237
902	no goal	4	150	0.03173454301075244
902	no goal	4	200	0.026473543010752405
902	no goal	4	250	0.049724376344085774
902	no goal	4	300	0.06806520967741918
902	no goal	4	350	0.044854209677419155
902	no goal	4	400	0.031492209677419135
902	no goal	4	450	0.01796170967741902
902	no goal	4	500	3.3854301075253446e-4
902	no goal	4	550	0.029627543010752433
902	no goal	4	600	0.06794620967741911
902	no goal	4	650	0.04034020967741917
902	no goal	4	700	0.016710709677419205
902	no goal	4	750	-0.049110956989247535
902	no goal	4	800	-0.05991445698924758
902	no goal	4	850	-0.08149495698924751
902	no goal	4	900	-0.09411162365591423
902	no goal	4	950	-0.007617790322580846
902	no goal	4	1e3	0.012639209677419124
902	no goal	4	1050	0.0010130430107525938
902	no goal	4	1100	0.02051187634408576
902	no goal	4	1150	0.0504838763440858
902	no goal	5	-200	-0.03698596313364063
902	no goal	5	-150	-0.02306967741935499
902	no goal	5	-100	-0.011831844086021523
902	no goal	5	-50	0.03142482258064513
902	no goal	5	0	0.04662698924731168
902	no goal	5	50	0.043205989247311706
902	no goal	5	100	0.06603082258064503
902	no goal	5	150	0.08285265591397846
902	no goal	5	200	0.06517498924731176
902	no goal	5	250	0.04453148924731173
902	no goal	5	300	0.02449532258064509
902	no goal	5	350	-0.014214510752688314
902	no goal	5	400	0.00161832258064513
902	no goal	5	450	0.00990632258064513
902	no goal	5	500	0.04489498924731169
902	no goal	5	550	0.09110215591397848
902	no goal	5	600	0.14931965591397836
902	no goal	5	650	0.15073698924731174
902	no goal	5	700	0.15138132258064507
902	no goal	5	750	0.12675032258064514
902	no goal	5	800	0.11893698924731178
902	no goal	5	850	0.11295415591397846
902	no goal	5	900	0.07440198924731178
902	no goal	5	950	0.06417148924731182
902	no goal	5	1e3	0.07817248924731175
902	no goal	5	1050	0.058854489247311736
902	no goal	5	1100	0.0661048225806451
902	no goal	5	1150	0.11059148924731166
902	no goal	6	-200	-9.107926267279964e-4
902	no goal	6	-150	0.01240523118279587
902	no goal	6	-100	0.015156064516129275
902	no goal	6	-50	-0.015515602150537452
902	no goal	6	0	-0.010983102150537475
902	no goal	6	50	-0.019938435483870753
902	no goal	6	100	-0.02567710215053746
902	no goal	6	150	-0.0274674354838708
902	no goal	6	200	-0.0076807688172041795
902	no goal	6	250	0.009282231182795956
902	no goal	6	300	0.01475756451612916
902	no goal	6	350	0.013828897849462582
902	no goal	6	400	0.05206673118279589
902	no goal	6	450	0.05123723118279592
902	no goal	6	500	0.10248089784946253
902	no goal	6	550	0.10847373118279584
902	no goal	6	600	0.18157389784946246
902	no goal	6	650	0.1562655645161292
902	no goal	6	700	0.14021023118279596
902	no goal	6	750	0.09277439784946255
902	no goal	6	800	0.058820897849462574
902	no goal	6	850	0.022810897849462553
902	no goal	6	900	4.697311827958443e-4
902	no goal	6	950	-0.016840535483870767
902	no goal	6	1e3	-0.02730622119815651
902	no goal	6	1050	0.009692897849462515
902	no goal	6	1100	0.11383806451612914
902	no goal	6	1150	0.1475573978494625
902	no goal	7	-200	0.011995066666666757
902	no goal	7	-150	-0.015446933333333135
902	no goal	7	-100	0.0044905666666668065
902	no goal	7	-50	0.002202066666666743
902	no goal	7	0	-0.0032407666666664317
902	no goal	7	50	-0.015498099999999923
902	no goal	7	100	-0.0158257666666665
902	no goal	7	150	-0.009475599999999806
902	no goal	7	200	-0.019935433333333252
902	no goal	7	250	-0.005717099999999957
902	no goal	7	300	0.01479523333333336
902	no goal	7	350	0.025765233333333432
902	no goal	7	400	0.06565473333333334
902	no goal	7	450	0.06960740000000006
902	no goal	7	500	0.08947806666666687
902	no goal	7	550	0.12379106666666677
902	no goal	7	600	0.18900256666666673
902	no goal	7	650	0.17182990000000023
902	no goal	7	700	0.1862065666666668
902	no goal	7	750	0.10896006666666695
902	no goal	7	800	0.06524073333333351
902	no goal	7	850	0.02623213809523823
902	no goal	7	900	0.024560733333333456
902	no goal	7	950	0.05078906666666675
902	no goal	7	1e3	0.06613596666666685
902	no goal	7	1050	0.1576835666666668
902	no goal	7	1100	0.2085220666666668
902	no goal	7	1150	0.24256256666666678
902	no goal	8	-200	-0.004008119815668224
902	no goal	8	-150	-0.01447454838709672
902	no goal	8	-100	-0.01502154838709672
902	no goal	8	-50	0.025864784946236636
902	no goal	8	0	0.008307451612903213
902	no goal	8	50	0.045875618279569874
902	no goal	8	100	0.06651211827956989
902	no goal	8	150	0.03724695161290333
902	no goal	8	200	0.03104195161290324
902	no goal	8	250	0.02458028494623658
902	no goal	8	300	-0.020793381720430215
902	no goal	8	350	-0.04523788172043012
902	no goal	8	400	-0.0858278817204301
902	no goal	8	450	-0.09123454838709673
902	no goal	8	500	-0.05527171505376346
902	no goal	8	550	-0.06199954838709668
902	no goal	8	600	-0.028989881720430082
902	no goal	8	650	0.019125284946236592
902	no goal	8	700	0.07168828494623658
902	no goal	8	750	0.010786618279569874
902	no goal	8	800	-0.0010862150537633841
902	no goal	8	850	-0.05036421505376339
902	no goal	8	900	-0.0730092150537635
902	no goal	8	950	-0.07234288172043013
902	no goal	8	1e3	-0.08829454838709672
902	no goal	8	1050	-0.10773971505376341
902	no goal	8	1100	-0.13615254838709667
902	no goal	8	1150	-0.09489154838709668
902	no goal	9	-200	-0.015427036866359283
902	no goal	9	-150	0.0074310107526883344
902	no goal	9	-100	0.0012700107526883257
902	no goal	9	-50	-0.0031159892473116013
902	no goal	9	0	0.012413177419354993
902	no goal	9	50	0.03803151075268837
902	no goal	9	100	0.016258177419354942
902	no goal	9	150	0.06794017741935494
902	no goal	9	200	0.04989267741935496
902	no goal	9	250	0.07407451075268827
902	no goal	9	300	0.08653767741935507
902	no goal	9	350	0.05921917741935512
902	no goal	9	400	0.08488417741935501
902	no goal	9	450	0.08576951075268835
902	no goal	9	500	0.11486901075268834
902	no goal	9	550	0.17415817741935494
902	no goal	9	600	0.20381584408602169
902	no goal	9	650	0.2047281774193551
902	no goal	9	700	0.18808517741935496
902	no goal	9	750	0.12231817741935506
902	no goal	9	800	0.08730701075268832
902	no goal	9	850	0.03857434408602178
902	no goal	9	900	0.024453177419355043
902	no goal	9	950	0.011287677419355028
902	no goal	9	1e3	0.03715317741935505
902	no goal	9	1050	0.07931767741935498
902	no goal	9	1100	0.08569051075268826
902	no goal	9	1150	0.10449901075268841
902	no goal	10	-200	-0.0029060138248849627
902	no goal	10	-150	-0.00325653763440877
902	no goal	10	-100	0.0053602956989245625
902	no goal	10	-50	-3.2220430107532394e-4
902	no goal	10	0	0.0016087956989245071
902	no goal	10	50	-0.010011037634408693
902	no goal	10	100	-0.0034475376344087483
902	no goal	10	150	-0.0319055376344087
902	no goal	10	200	-0.025481037634408715
902	no goal	10	250	-0.03346937096774205
902	no goal	10	300	-0.046435204301075395
902	no goal	10	350	-0.023613370967742114
902	no goal	10	400	-0.05416337096774204
902	no goal	10	450	-0.02337637096774207
902	no goal	10	500	0.006418295698924566
902	no goal	10	550	0.02305212903225799
902	no goal	10	600	0.06437629569892452
902	no goal	10	650	0.10015246236559139
902	no goal	10	700	0.15654896236559135
902	no goal	10	750	0.12213679569892462
902	no goal	10	800	0.12202596236559127
902	no goal	10	850	0.08586312903225801
902	no goal	10	900	0.05230946236559123
902	no goal	10	950	0.011037295698924495
902	no goal	10	1e3	0.0024554623655913175
902	no goal	10	1050	-0.018711870967742072
902	no goal	10	1100	0.0052084623655913225
902	no goal	10	1150	0.05017696236559129
902	no goal	11	-200	-0.0044793917050688515
902	no goal	11	-150	0.02408465591397868
902	no goal	11	-100	-0.003480010752688001
902	no goal	11	-50	-0.004443010752687974
902	no goal	11	0	-0.010935677419354676
902	no goal	11	50	-0.010977344086021171
902	no goal	11	100	0.019588655913978847
902	no goal	11	150	0.03189415591397885
902	no goal	11	200	0.016907322580645385
902	no goal	11	250	0.017542489247312092
902	no goal	11	300	0.03052798924731211
902	no goal	11	350	0.027680655913978686
902	no goal	11	400	0.05339882258064536
902	no goal	11	450	0.057817822580645384
902	no goal	11	500	0.12100115591397875
902	no goal	11	550	0.1575579892473121
902	no goal	11	600	0.19750598924731202
902	no goal	11	650	0.20649532258064532
902	no goal	11	700	0.16092098924731216
902	no goal	11	750	0.11281132258064537
902	no goal	11	800	0.04692065591397868
902	no goal	11	850	0.012611655913978762
902	no goal	11	900	0.013835655913978803
902	no goal	11	950	0.017627989247312053
902	no goal	11	1e3	0.010542655913978813
902	no goal	11	1050	0.044614122580645434
902	no goal	11	1100	0.09356275115207392
902	no goal	11	1150	0.14001232258064542
902	no goal	12	-200	-0.00522696666666674
902	no goal	12	-150	-0.02709279999999999
902	no goal	12	-100	0.006412699999999975
902	no goal	12	-50	-0.006458300000000028
902	no goal	12	0	0.03236536666666671
902	no goal	12	50	0.016661247619047526
902	no goal	12	100	0.025928733333333297
902	no goal	12	150	0.010189247619047557
902	no goal	12	200	0.0068010333333333355
902	no goal	12	250	-0.02629829999999996
902	no goal	12	300	-0.01660229999999996
902	no goal	12	350	-0.04736930000000009
902	no goal	12	400	-0.04216580000000003
902	no goal	12	450	-0.021481633333333344
902	no goal	12	500	-0.004048300000000005
902	no goal	12	550	0.028726199999999997
902	no goal	12	600	0.05282853333333337
902	no goal	12	650	0.06059419999999993
902	no goal	12	700	0.06241836666666667
902	no goal	12	750	0.007857533333333278
902	no goal	12	800	-0.061040800000000006
902	no goal	12	850	-0.09341463333333337
902	no goal	12	900	-0.11365430000000003
902	no goal	12	950	-0.09991080000000004
902	no goal	12	1e3	-0.05919663333333336
902	no goal	12	1050	-0.06445429999999996
902	no goal	12	1100	-0.05377996666666666
902	no goal	12	1150	-0.021108800000000077
902	no goal	13	-200	-0.023953677419354946
902	no goal	13	-150	-0.024842105990783545
902	no goal	13	-100	-0.029519844086021447
902	no goal	13	-50	0.034467822580645104
902	no goal	13	0	0.047988155913978536
902	no goal	13	50	0.059998655913978384
902	no goal	13	100	0.06755648924731165
902	no goal	13	150	0.06807115591397846
902	no goal	13	200	0.08368048924731175
902	no goal	13	250	0.08892798924731182
902	no goal	13	300	0.09993365591397844
902	no goal	13	350	0.10049982258064512
902	no goal	13	400	0.10759282258064506
902	no goal	13	450	0.1556926559139784
902	no goal	13	500	0.1840556559139784
902	no goal	13	550	0.23851215591397845
902	no goal	13	600	0.22157798924731184
902	no goal	13	650	0.2495658225806452
902	no goal	13	700	0.19883982258064506
902	no goal	13	750	0.14892882258064502
902	no goal	13	800	0.11672548924731181
902	no goal	13	850	0.09047582258064508
902	no goal	13	900	0.08163448924731183
902	no goal	13	950	0.07437298924731173
902	no goal	13	1e3	0.09098182258064506
902	no goal	13	1050	0.1282254892473118
902	no goal	13	1100	0.1740736559139784
902	no goal	13	1150	0.2213044892473118
902	no goal	14	-200	-0.023445700000000198
902	no goal	14	-150	-0.005429200000000097
902	no goal	14	-100	0.0015287999999998487
902	no goal	14	-50	0.006592633333333116
902	no goal	14	0	0.020753466666666442
902	no goal	14	50	0.015754966666666464
902	no goal	14	100	0.038165466666666426
902	no goal	14	150	0.02673896666666642
902	no goal	14	200	0.0056886333333331
902	no goal	14	250	-5.873666666668479e-4
902	no goal	14	300	0.002163466666666484
902	no goal	14	350	-0.040916533333333595
902	no goal	14	400	-0.062487033333333386
902	no goal	14	450	-0.05961634285714305
902	no goal	14	500	-0.06638736666666685
902	no goal	14	550	-0.008574200000000243
902	no goal	14	600	0.028132657142856905
902	no goal	14	650	-0.0026738000000003483
902	no goal	14	700	-0.024155485714285923
902	no goal	14	750	-0.0730047000000001
902	no goal	14	800	-0.0986205333333335
902	no goal	14	850	-0.09936886666666685
902	no goal	14	900	-0.046817033333333535
902	no goal	14	950	-0.055199866666666875
902	no goal	14	1e3	-0.04587470000000023
902	no goal	14	1050	-0.032445700000000244
902	no goal	14	1100	-0.008853366666666881
902	no goal	14	1150	0.011743466666666405
902	no goal	15	-200	0.013998986175114985
902	no goal	15	-150	0.01799696236559119
902	no goal	15	-100	0.00549262903225789
902	no goal	15	-50	-0.011892704301075474
902	no goal	15	0	-0.027929037634408793
902	no goal	15	50	-0.05502120430107545
902	no goal	15	100	-0.05807520430107549
902	no goal	15	150	-0.06563070430107538
902	no goal	15	200	-0.04797487096774211
902	no goal	15	250	-0.059379870967742075
902	no goal	15	300	-0.031343537634408745
902	no goal	15	350	0.017187795698924518
902	no goal	15	400	0.033193129032257795
902	no goal	15	450	0.05266929569892446
902	no goal	15	500	0.09941862903225777
902	no goal	15	550	0.13964296236559126
902	no goal	15	600	0.1426192956989246
902	no goal	15	650	0.12639612903225786
902	no goal	15	700	0.0895824623655912
902	no goal	15	750	0.08531796236559124
902	no goal	15	800	0.025591795698924447
902	no goal	15	850	-0.019869037634408837
902	no goal	15	900	-0.013265037634408857
902	no goal	15	950	0.006734962365591161
902	no goal	15	1e3	0.0012856290322578918
902	no goal	15	1050	0.05048012903225785
902	no goal	15	1100	0.0970727956989245
902	no goal	15	1150	0.16533962903225782
902	no goal	16	-200	0.07306750230414723
902	no goal	16	-150	0.011336478494623492
902	no goal	16	-100	-0.002605521505376555
902	no goal	16	-50	-0.039618354838709825
902	no goal	16	0	-0.05435802150537657
902	no goal	16	50	-0.06659335483870994
902	no goal	16	100	-0.04855435483870981
902	no goal	16	150	-0.018220021505376643
902	no goal	16	200	-0.01675135483870993
902	no goal	16	250	0.024540478494623413
902	no goal	16	300	0.03365064516129013
902	no goal	16	350	0.07199581182795682
902	no goal	16	400	0.07502031182795672
902	no goal	16	450	0.10701897849462332
902	no goal	16	500	0.1306604784946234
902	no goal	16	550	0.09853581182795675
902	no goal	16	600	0.11995447849462344
902	no goal	16	650	0.16494697849462336
902	no goal	16	700	0.1441486451612902
902	no goal	16	750	0.07664097849462344
902	no goal	16	800	0.02626431182795678
902	no goal	16	850	0.016536311827956823
902	no goal	16	900	0.030144145161290048
902	no goal	16	950	0.003204978494623534
902	no goal	16	1e3	0.0068203118279568375
902	no goal	16	1050	0.018894978494623443
902	no goal	16	1100	0.006276645161290044
902	no goal	16	1150	0.0250889784946234
902	no goal	17	-200	-0.028159966666666758
902	no goal	17	-150	-0.0012546333333334214
902	no goal	17	-100	0.013043533333333265
902	no goal	17	-50	0.01937236666666653
902	no goal	17	0	-0.0030012999999999845
902	no goal	17	50	-0.03834096666666683
902	no goal	17	100	-0.04696096666666668
902	no goal	17	150	-0.0596319666666667
902	no goal	17	200	-0.08286396666666669
902	no goal	17	250	-0.09283146666666675
902	no goal	17	300	-0.06900534761904766
902	no goal	17	350	-0.06367563333333344
902	no goal	17	400	-0.056652633333333355
902	no goal	17	450	-0.005856633333333416
902	no goal	17	500	0.03690336666666649
902	no goal	17	550	0.06582919999999996
902	no goal	17	600	0.12028053333333322
902	no goal	17	650	0.13721903333333318
902	no goal	17	700	0.10763469999999997
902	no goal	17	750	0.07753053333333322
902	no goal	17	800	0.008987533333333205
902	no goal	17	850	0.01306236666666664
902	no goal	17	900	0.01156019999999991
902	no goal	17	950	0.04228153333333329
902	no goal	17	1e3	0.03880819999999985
902	no goal	17	1050	0.03692836666666666
902	no goal	17	1100	0.04090453333333325
902	no goal	17	1150	0.04625619999999997
902	no goal	18	-200	-0.012714382488479257
902	no goal	18	-150	0.002055236559139676
902	no goal	18	-100	-0.0025074301075269645
902	no goal	18	-50	0.0053159032258064025
902	no goal	18	0	0.009969736559139797
902	no goal	18	50	0.01611856989247314
902	no goal	18	100	0.02278173655913977
902	no goal	18	150	0.03633706989247313
902	no goal	18	200	0.015344736559139704
902	no goal	18	250	-0.006913596774193638
902	no goal	18	300	-0.0036514301075268505
902	no goal	18	350	-0.001545596774193451
902	no goal	18	400	0.001324736559139783
902	no goal	18	450	0.013593736559139794
902	no goal	18	500	0.08125223655913978
902	no goal	18	550	0.12029156989247314
902	no goal	18	600	0.11916990322580645
902	no goal	18	650	0.11311923655913987
902	no goal	18	700	0.08436306989247311
902	no goal	18	750	-0.02329643010752691
902	no goal	18	800	-0.05186576344086021
902	no goal	18	850	-0.10276859677419352
902	no goal	18	900	-0.12670376344086018
902	no goal	18	950	-0.1560572634408602
902	no goal	18	1e3	-0.14056093010752688
902	no goal	18	1050	-0.1514204301075269
902	no goal	18	1100	-0.12181676344086023
902	no goal	18	1150	-0.1013599301075269
902	no goal	19	-200	0.012429552995391597
902	no goal	19	-150	0.006365172043010681
902	no goal	19	-100	-0.012932994623656047
902	no goal	19	-50	-2.883279569892612e-4
902	no goal	19	0	-0.0076449946236560136
902	no goal	19	50	-0.007396661290322755
902	no goal	19	100	-0.01697899462365604
902	no goal	19	150	-0.020908161290322653
902	no goal	19	200	-0.01825699462365608
902	no goal	19	250	-0.008886661290322673
902	no goal	19	300	-0.02950582795698938
902	no goal	19	350	-0.0019506612903226934
902	no goal	19	400	0.006872038709677231
902	no goal	19	450	0.01720650537634394
902	no goal	19	500	0.028119005376344042
902	no goal	19	550	0.05914833870967725
902	no goal	19	600	0.07939967204301064
902	no goal	19	650	0.12304550537634402
902	no goal	19	700	0.14239250537634404
902	no goal	19	750	0.09901333870967728
902	no goal	19	800	0.08139083870967727
902	no goal	19	850	0.022383338709677236
902	no goal	19	900	0.02157083870967728
902	no goal	19	950	0.008830505376343925
902	no goal	19	1e3	0.006969005376343966
902	no goal	19	1050	-0.002231661290322743
902	no goal	19	1100	-0.0011516612903226993
902	no goal	19	1150	0.040653672043010625
902	no goal	20	-200	-0.016842571428571467
902	no goal	20	-150	-0.011485166666666732
902	no goal	20	-100	-0.002995833333333383
902	no goal	20	-50	0.01007616666666659
902	no goal	20	0	0.024054500000000017
902	no goal	20	50	0.03362999999999997
902	no goal	20	100	0.06147949999999991
902	no goal	20	150	0.08116083333333328
902	no goal	20	200	0.07636799999999992
902	no goal	20	250	0.10008566666666659
902	no goal	20	300	0.12171499999999995
902	no goal	20	350	0.13778383333333322
902	no goal	20	400	0.14731816666666653
902	no goal	20	450	0.14854816666666668
902	no goal	20	500	0.16291099999999994
902	no goal	20	550	0.1925703333333333
902	no goal	20	600	0.1930746666666666
902	no goal	20	650	0.20444966666666672
902	no goal	20	700	0.1804716666666665
902	no goal	20	750	0.13829033333333332
902	no goal	20	800	0.08550333333333326
902	no goal	20	850	0.05356133333333335
902	no goal	20	900	0.006989333333333218
902	no goal	20	950	-0.02392583333333335
902	no goal	20	1e3	-0.019597000000000087
902	no goal	20	1050	0.04390366666666664
902	no goal	20	1100	0.10656016666666661
902	no goal	20	1150	0.1442313333333333
902	no goal	21	-200	-0.006075377880184529
902	no goal	21	-150	-0.010588639784946471
902	no goal	21	-100	-0.011318639784946368
902	no goal	21	-50	0.015028193548386914
902	no goal	21	0	0.01396702688172032
902	no goal	21	50	-0.001842306451613022
902	no goal	21	100	-0.017159473118279738
902	no goal	21	150	-6.929731182796495e-4
902	no goal	21	200	-0.005584806451613078
902	no goal	21	250	-0.004893139784946395
902	no goal	21	300	0.02359319354838692
902	no goal	21	350	0.027709526881720237
902	no goal	21	400	0.030972193548386946
902	no goal	21	450	0.025365526881720262
902	no goal	21	500	0.05690736021505353
902	no goal	21	550	0.09109136021505375
902	no goal	21	600	0.04822219354838694
902	no goal	21	650	0.03711219354838698
902	no goal	21	700	-0.005883306451613131
902	no goal	21	750	-0.06581530645161308
902	no goal	21	800	-0.10325730645161313
902	no goal	21	850	-0.11122063978494638
902	no goal	21	900	-0.09307663978494629
902	no goal	21	950	-0.0641344731182798
902	no goal	21	1e3	-0.0585246397849463
902	no goal	21	1050	-0.054989639784946386
902	no goal	21	1100	-0.028842806451613006
902	no goal	21	1150	-0.06979497311827972
902	no goal	22	-200	-0.010420066666666505
902	no goal	22	-150	-0.02235039999999988
902	no goal	22	-100	-0.0027955666666664345
902	no goal	22	-50	0.00957760000000015
902	no goal	22	0	0.02598843333333356
902	no goal	22	50	0.035385766666666894
902	no goal	22	100	0.03941510000000018
902	no goal	22	150	0.0271139333333336
902	no goal	22	200	0.026667933333333504
902	no goal	22	250	0.05306160000000023
902	no goal	22	300	0.0925022666666669
902	no goal	22	350	0.11261660000000011
902	no goal	22	400	0.13968460000000005
902	no goal	22	450	0.15580943333333352
902	no goal	22	500	0.18843543333333343
902	no goal	22	550	0.17677593333333355
902	no goal	22	600	0.20260993333333346
902	no goal	22	650	0.2270854333333335
902	no goal	22	700	0.21022510000000003
902	no goal	22	750	0.14916226666666685
902	no goal	22	800	0.11780910000000018
902	no goal	22	850	0.08454910000000027
902	no goal	22	900	0.08354993333333345
902	no goal	22	950	0.07879776666666682
902	no goal	22	1e3	0.07582760000000022
902	no goal	22	1050	0.09586110000000025
902	no goal	22	1100	0.08358243333333348
902	no goal	22	1150	0.12514810000000023
902	no goal	23	-200	-0.032883525345621986
902	no goal	23	-150	-0.02956459677419332
902	no goal	23	-100	3.273655913993423e-5
902	no goal	23	-50	0.018878236559139856
902	no goal	23	0	0.049017736559139914
902	no goal	23	50	0.03683456989247332
902	no goal	23	100	0.06939873655913997
902	no goal	23	150	0.10399740322580664
902	no goal	23	200	0.07364406989247325
902	no goal	23	250	0.07335456989247335
902	no goal	23	300	0.03598106989247318
902	no goal	23	350	0.02019373655913988
902	no goal	23	400	-0.007801596774193491
902	no goal	23	450	-0.015445596774193401
902	no goal	23	500	0.009860569892473267
902	no goal	23	550	0.02037640322580662
902	no goal	23	600	0.05087440322580661
902	no goal	23	650	0.05804706989247318
902	no goal	23	700	0.08121573655913994
902	no goal	23	750	0.07070040322580658
902	no goal	23	800	0.061617403225806555
902	no goal	23	850	0.021668069892473236
902	no goal	23	900	0.038150736559139885
902	no goal	23	950	0.1115465698924732
902	no goal	23	1e3	0.13433523655913984
902	no goal	23	1050	0.1608352365591399
902	no goal	23	1100	0.18281856989247322
902	no goal	23	1150	0.1448969032258066
902	no goal	24	-200	0.008547966666666499
902	no goal	24	-150	-0.017087366666666808
902	no goal	24	-100	-0.016982033333333407
902	no goal	24	-50	0.025567299999999776
902	no goal	24	0	-4.586666666680136e-5
902	no goal	24	50	0.024894966666666535
902	no goal	24	100	0.02290696666666651
902	no goal	24	150	0.060380466666666445
902	no goal	24	200	0.08215046666666652
902	no goal	24	250	0.0995272999999998
902	no goal	24	300	0.10509096666666647
902	no goal	24	350	0.1267784666666664
902	no goal	24	400	0.1440872999999999
902	no goal	24	450	0.17408813333333314
902	no goal	24	500	0.21181246666666653
902	no goal	24	550	0.22721196666666646
902	no goal	24	600	0.2924922999999999
902	no goal	24	650	0.28361646666666657
902	no goal	24	700	0.2706404666666664
902	no goal	24	750	0.2570289666666665
902	no goal	24	800	0.17958296666666643
902	no goal	24	850	0.10818429999999986
902	no goal	24	900	0.09286213333333326
902	no goal	24	950	0.11544913333333325
902	no goal	24	1e3	0.1682119666666666
902	no goal	24	1050	0.16100976666666647
902	no goal	24	1100	0.20363646666666657
902	no goal	24	1150	0.23264746666666647
902	no goal	25	-200	0.04687194930875568
902	no goal	25	-150	0.019886306451612823
902	no goal	25	-100	0.01549313978494619
902	no goal	25	-50	-0.02150519354838713
902	no goal	25	0	-0.06855819354838714
902	no goal	25	50	-0.07165652688172049
902	no goal	25	100	-0.08138402688172046
902	no goal	25	150	-0.05308052688172049
902	no goal	25	200	-0.03671469354838708
902	no goal	25	250	-0.03653152688172042
902	no goal	25	300	-0.020416860215053696
902	no goal	25	350	-0.021061193548387164
902	no goal	25	400	0.02575363978494612
902	no goal	25	450	0.10346547311827958
902	no goal	25	500	0.1257676397849461
902	no goal	25	550	0.15164397311827957
902	no goal	25	600	0.18704680645161295
902	no goal	25	650	0.14913030645161288
902	no goal	25	700	0.1143708064516129
902	no goal	25	750	0.019173473118279622
902	no goal	25	800	-0.041490693548387046
902	no goal	25	850	-0.06029186021505373
902	no goal	25	900	NA
902	no goal	25	950	NA
902	no goal	25	1e3	-0.058771193548387224
902	no goal	25	1050	-0.15561039354838707
902	no goal	25	1100	0.06638030645161293
902	no goal	25	1150	0.15592680645161283
902	no goal	26	-200	0.005888533333333464
902	no goal	26	-150	0.007573366666666785
902	no goal	26	-100	-0.017077466666666503
902	no goal	26	-50	-0.007172799999999831
902	no goal	26	0	0.010788366666666901
902	no goal	26	50	0.0018962666666668682
902	no goal	26	100	0.0033636666666667205
902	no goal	26	150	0.02958953333333351
902	no goal	26	200	0.05871920000000016
902	no goal	26	250	0.05736020000000012
902	no goal	26	300	0.07170770000000022
902	no goal	26	350	0.07407420000000009
902	no goal	26	400	0.12310103333333355
902	no goal	26	450	0.12047153333333342
902	no goal	26	500	0.17078970000000018
902	no goal	26	550	0.18436436666666692
902	no goal	26	600	0.21046936666666682
902	no goal	26	650	0.23244286666666691
902	no goal	26	700	0.18313536666666685
902	no goal	26	750	0.14543553333333348
902	no goal	26	800	0.16978886666666684
902	no goal	26	850	0.14771820000000022
902	no goal	26	900	0.13855200952380978
902	no goal	26	950	0.0943707000000001
902	no goal	26	1e3	0.10544186666666684
902	no goal	26	1050	0.08585036666666679
902	no goal	26	1100	0.0773022000000001
902	no goal	26	1150	0.09070336666666694
902	no goal	27	-200	-0.021337447004608316
902	no goal	27	-150	0.003605172043010733
902	no goal	27	-100	0.0017476720430108135
902	no goal	27	-50	0.004489505376344072
902	no goal	27	0	0.015051338709677417
902	no goal	27	50	0.015320338709677417
902	no goal	27	100	0.05335950537634412
902	no goal	27	150	0.04907133870967743
902	no goal	27	200	0.06053067204301069
902	no goal	27	250	0.052800672043010755
902	no goal	27	300	0.03759617204301069
902	no goal	27	350	0.029571172043010813
902	no goal	27	400	0.061294172043010686
902	no goal	27	450	0.07339383870967746
902	no goal	27	500	0.08571350537634397
902	no goal	27	550	0.12106417204301079
902	no goal	27	600	0.10419717204301075
902	no goal	27	650	0.11563717204301072
902	no goal	27	700	0.10331717204301076
902	no goal	27	750	0.040936338709677424
902	no goal	27	800	-0.021327494623655907
902	no goal	27	850	-0.06111949462365581
902	no goal	27	900	-0.01546049462365584
902	no goal	27	950	0.0019445053763441262
902	no goal	27	1e3	-0.0026336612903226087
902	no goal	27	1050	0.006750638709677315
902	no goal	27	1100	0.006215981566820223
902	no goal	27	1150	0.024983005376344087
902	no goal	28	-200	-0.019118199999999936
902	no goal	28	-150	-0.01921253333333321
902	no goal	28	-100	-0.013754533333333244
902	no goal	28	-50	0.015371466666666741
902	no goal	28	0	0.03671380000000002
902	no goal	28	50	0.05805796666666666
902	no goal	28	100	0.044979966666666815
902	no goal	28	150	0.045783633333333386
902	no goal	28	200	0.06449013333333342
902	no goal	28	250	0.07687530000000013
902	no goal	28	300	0.06908430000000003
902	no goal	28	350	0.09288663333333336
902	no goal	28	400	0.08067946666666666
902	no goal	28	450	0.08574863333333327
902	no goal	28	500	0.11313863333333336
902	no goal	28	550	0.15737989523809523
902	no goal	28	600	0.19186186666666663
902	no goal	28	650	0.22548546666666672
902	no goal	28	700	0.18323103809523808
902	no goal	28	750	0.11956096666666667
902	no goal	28	800	0.09447313333333336
902	no goal	28	850	0.1072506333333334
902	no goal	28	900	0.12068530000000004
902	no goal	28	950	0.1152953000000001
902	no goal	28	1e3	0.1219249666666667
902	no goal	28	1050	0.13856479999999993
902	no goal	28	1100	0.18857663333333333
902	no goal	28	1150	0.22046146666666666
902	no goal	29	-200	0.013345936781608966
902	no goal	29	-150	-0.0107295632183911
902	no goal	29	-100	-0.015491229885057653
902	no goal	29	-50	-0.004808063218390964
902	no goal	29	0	0.021219503448275657
902	no goal	29	50	0.004945270114942317
902	no goal	29	100	0.023631103448275532
902	no goal	29	150	0.023721603448275674
902	no goal	29	200	0.012070770114942361
902	no goal	29	250	0.004213936781609047
902	no goal	29	300	0.012968770114942277
902	no goal	29	350	0.001815903448275602
902	no goal	29	400	0.03660193678160898
902	no goal	29	450	0.04742293678160895
902	no goal	29	500	0.08891643678160895
902	no goal	29	550	0.11391877011494222
902	no goal	29	600	0.1276872701149423
902	no goal	29	650	0.1469749367816089
902	no goal	29	700	0.09745677011494232
902	no goal	29	750	0.045445936781608985
902	no goal	29	800	0.010131936781609063
902	no goal	29	850	0.03516477011494231
902	no goal	29	900	0.01004710344827564
902	no goal	29	950	0.021131770114942272
902	no goal	29	1e3	0.03748177011494236
902	no goal	29	1050	0.07449177011494228
902	no goal	29	1100	0.12933843678160906
902	no goal	29	1150	0.20331560344827557
902	no goal	30	-200	-0.029377156682027623
902	no goal	30	-150	-0.016115204301075343
902	no goal	30	-100	0.014639329032257998
902	no goal	30	-50	0.014831129032257997
902	no goal	30	0	0.02088612903225795
902	no goal	30	50	0.01724612903225801
902	no goal	30	100	0.019908962365591327
902	no goal	30	150	0.013002629032258017
902	no goal	30	200	0.006573129032258078
902	no goal	30	250	-0.0034737043010754456
902	no goal	30	300	-0.016219537634408754
902	no goal	30	350	-0.032859870967741976
902	no goal	30	400	-0.013509037634408694
902	no goal	30	450	-0.011814870967742067
902	no goal	30	500	0.02667896236559127
902	no goal	30	550	0.07024379569892465
902	no goal	30	600	0.10831262903225795
902	no goal	30	650	0.1217592956989247
902	no goal	30	700	0.11276996236559127
902	no goal	30	750	0.07049212903225806
902	no goal	30	800	0.017724962365591363
902	no goal	30	850	-0.019954037634408655
902	no goal	30	900	-0.023955204301075412
902	no goal	30	950	-0.05291720430107535
902	no goal	30	1e3	-0.060766537634408646
902	no goal	30	1050	-0.03606520430107533
902	no goal	30	1100	-0.05223920430107539
902	no goal	30	1150	-0.0554500376344087
902	no goal	31	-200	-0.01280796774193568
902	no goal	31	-150	-0.009751467741935693
902	no goal	31	-100	-0.011974467741935705
902	no goal	31	-50	0.0033685322580644015
902	no goal	31	0	0.03330003225806433
902	no goal	31	50	0.020077532258064412
902	no goal	31	100	0.040406198924731
902	no goal	31	150	0.030116365591397704
902	no goal	31	200	0.06016236559139757
902	no goal	31	250	0.06099719892473102
902	no goal	31	300	0.07090169892473093
902	no goal	31	350	0.08830169892473094
902	no goal	31	400	0.08840819892473095
902	no goal	31	450	0.07415203225806428
902	no goal	31	500	0.10263853225806445
902	no goal	31	550	0.1485603655913977
902	no goal	31	600	0.1782440322580643
902	no goal	31	650	0.17347553225806434
902	no goal	31	700	0.157648698924731
902	no goal	31	750	0.11432203225806441
902	no goal	31	800	0.054226365591397784
902	no goal	31	850	0.0031241989247309623
902	no goal	31	900	-0.04777063440860233
902	no goal	31	950	-0.04002496774193568
902	no goal	31	1e3	-0.013550134408602199
902	no goal	31	1050	-0.04014563440860234
902	no goal	31	1100	-0.005224634408602362
902	no goal	31	1150	0.014092865591397663
902	no goal	32	-200	-0.005516110599078162
902	no goal	32	-150	0.0016645322580647697
902	no goal	32	-100	-0.007270634408601984
902	no goal	32	-50	2.230322580646741e-4
902	no goal	32	0	0.011818532258064765
902	no goal	32	50	-0.0224661344086019
902	no goal	32	100	-0.04020713440860191
902	no goal	32	150	-0.06981330107526862
902	no goal	32	200	-0.06432063440860203
902	no goal	32	250	-0.07988480107526856
902	no goal	32	300	-0.06562130107526865
902	no goal	32	350	-0.044596301075268574
902	no goal	32	400	0.0010266989247313951
902	no goal	32	450	0.02981336559139806
902	no goal	32	500	0.06376653225806472
902	no goal	32	550	0.10453569892473132
902	no goal	32	600	0.10024719892473148
902	no goal	32	650	0.08500453225806474
902	no goal	32	700	0.045421532258064744
902	no goal	32	750	0.001063365591398006
902	no goal	32	800	-0.04579713440860189
902	no goal	32	850	-0.07576663440860194
902	no goal	32	900	-0.0997339677419354
902	no goal	32	950	-0.1292199677419353
902	no goal	32	1e3	-0.12259046774193531
902	no goal	32	1050	-0.07260946774193533
902	no goal	32	1100	-0.021591134408602015
902	no goal	32	1150	0.023405032258064635
902	no goal	33	-200	-0.024100880184331812
902	no goal	33	-150	-0.01937345161290316
902	no goal	33	-100	0.008536881720430026
902	no goal	33	-50	0.010418881720430262
902	no goal	33	0	0.02853538172043013
902	no goal	33	50	0.03847338172043013
902	no goal	33	100	0.049768048387096885
902	no goal	33	150	0.06180171505376353
902	no goal	33	200	0.0531595483870968
902	no goal	33	250	0.07209571505376348
902	no goal	33	300	0.10884521505376339
902	no goal	33	350	0.0991365483870968
902	no goal	33	400	0.12395304838709675
902	no goal	33	450	0.17357988172043015
902	no goal	33	500	0.21177304838709685
902	no goal	33	550	0.2314710483870969
902	no goal	33	600	0.2475555483870968
902	no goal	33	650	0.23761804838709688
902	no goal	33	700	0.18911071505376342
902	no goal	33	750	0.1132297150537634
902	no goal	33	800	0.10424504838709676
902	no goal	33	850	0.1253200483870968
902	no goal	33	900	0.08690821505376352
902	no goal	33	950	0.1004753817204301
902	no goal	33	1e3	0.11196338172043012
902	no goal	33	1050	0.1348807150537635
902	no goal	33	1100	0.1563655483870968
902	no goal	33	1150	0.20058138172043005
902	no goal	34	-200	0.04751813333333331
902	no goal	34	-150	-0.011779199999999879
902	no goal	34	-100	-0.017403533333333332
902	no goal	34	-50	-0.021578466666666695
902	no goal	34	0	-0.008273033333333254
902	no goal	34	50	-0.01026353333333326
902	no goal	34	100	0.0037006333333333696
902	no goal	34	150	-0.002066200000000018
902	no goal	34	200	0.025623966666666664
902	no goal	34	250	0.043557800000000015
902	no goal	34	300	0.03674246666666662
902	no goal	34	350	0.05578896666666674
902	no goal	34	400	0.08210030000000001
902	no goal	34	450	0.10694279999999996
902	no goal	34	500	0.15203813333333338
902	no goal	34	550	0.1734026333333334
902	no goal	34	600	0.1896034666666667
902	no goal	34	650	0.2209484666666667
902	no goal	34	700	0.23004296666666665
902	no goal	34	750	0.1904189666666666
902	no goal	34	800	0.1136736333333334
902	no goal	34	850	0.11443763333333339
902	no goal	34	900	0.1519131333333333
902	no goal	34	950	0.1563251333333334
902	no goal	34	1e3	0.14386113333333328
902	no goal	34	1050	0.14453380000000005
902	no goal	34	1100	0.15257446666666663
902	no goal	34	1150	0.17693596666666678
902	no goal	35	-200	-0.01812394009216594
902	no goal	35	-150	-0.01346055913978487
902	no goal	35	-100	0.028536440860215045
902	no goal	35	-50	0.002734440860215015
902	no goal	35	0	0.003334274193548333
902	no goal	35	50	0.02682494086021503
902	no goal	35	100	-1.3572580645160315e-4
902	no goal	35	150	-0.011599559139785054
902	no goal	35	200	-0.02310002580645163
902	no goal	35	250	-0.03167679723502305
902	no goal	35	300	-0.06859455913978496
902	no goal	35	350	-0.06529322580645162
902	no goal	35	400	-0.11925822580645162
902	no goal	35	450	-0.09591022580645163
902	no goal	35	500	-0.08300055913978488
902	no goal	35	550	-0.04434205913978495
902	no goal	35	600	-0.003945059139785008
902	no goal	35	650	0.04538760752688161
902	no goal	35	700	0.08600344086021505
902	no goal	35	750	0.09433560752688168
902	no goal	35	800	0.07315960752688166
902	no goal	35	850	0.03334360752688174
902	no goal	35	900	0.044509440860215056
902	no goal	35	950	0.045047774193548294
902	no goal	35	1e3	0.10984727419354834
902	no goal	35	1050	NA
902	no goal	35	1100	NA
902	no goal	35	1150	-0.03212982580645161
902	no goal	36	-200	-0.026317755760368718
902	no goal	36	-150	-0.016478612903225942
902	no goal	36	-100	0.0016037204301075174
902	no goal	36	-50	0.01811638709677414
902	no goal	36	0	0.02746255376344083
902	no goal	36	50	0.04072322043010749
902	no goal	36	100	0.05613972043010743
902	no goal	36	150	0.05462155376344069
902	no goal	36	200	0.06763472043010747
902	no goal	36	250	0.06664838709677416
902	no goal	36	300	0.0494185537634407
902	no goal	36	350	0.04875505376344077
902	no goal	36	400	0.033208720430107475
902	no goal	36	450	0.07118738709677423
902	no goal	36	500	0.12393155376344074
902	no goal	36	550	0.1343498870967741
902	no goal	36	600	0.15517788709677416
902	no goal	36	650	0.13363088709677418
902	no goal	36	700	0.07770472043010741
902	no goal	36	750	0.010611720430107422
902	no goal	36	800	-0.03525061290322588
902	no goal	36	850	-0.08733661290322603
902	no goal	36	900	NA
902	no goal	36	950	NA
902	no goal	36	1e3	-0.09244236290322594
902	no goal	36	1050	-0.08780377956989249
902	no goal	36	1100	-0.023999112903225834
902	no goal	36	1150	0.014409220430107469
902	no goal	37	-200	0.022458967741935214
902	no goal	37	-150	-0.00875936559139808
902	no goal	37	-100	0.0027084677419353387
902	no goal	37	-50	-0.026671698924731313
902	no goal	37	0	0.0065204677419351915
902	no goal	37	50	0.0063394677419352785
902	no goal	37	100	0.012919967741935231
902	no goal	37	150	-0.005979032258064769
902	no goal	37	200	-0.007643698924731416
902	no goal	37	250	-0.040788698924731394
902	no goal	37	300	-0.06100269892473135
902	no goal	37	350	-0.042916698924731454
902	no goal	37	400	-0.01553086559139801
902	no goal	37	450	-0.018289198924731426
902	no goal	37	500	0.0326119677419352
902	no goal	37	550	0.023111801075268595
902	no goal	37	600	0.04894780107526864
902	no goal	37	650	0.05129346774193522
902	no goal	37	700	0.04639380107526847
902	no goal	37	750	-0.004826865591398037
902	no goal	37	800	-0.02447603225806468
902	no goal	37	850	-0.09181453225806473
902	no goal	37	900	-0.12517436559139802
902	no goal	37	950	-0.13335003225806483
902	no goal	37	1e3	-0.13461636559139803
902	no goal	37	1050	-0.105226865591398
902	no goal	37	1100	-0.08104353225806486
902	no goal	37	1150	-0.05224386559139808
902	no goal	38	-200	-0.015901774193548386
902	no goal	38	-150	-0.011303940860215134
902	no goal	38	-100	0.005688892473118286
902	no goal	38	-50	0.011713559139785076
902	no goal	38	0	0.012453559139784964
902	no goal	38	50	0.006826892473118222
902	no goal	38	100	-0.021135940860215047
902	no goal	38	150	-0.02472360752688174
902	no goal	38	200	-0.04953110752688161
902	no goal	38	250	-0.0401741075268817
902	no goal	38	300	-0.043642107526881725
902	no goal	38	350	-0.010419374193548325
902	no goal	38	400	0.010994511520737429
902	no goal	38	450	0.04489539247311828
902	no goal	38	500	0.06637172580645172
902	no goal	38	550	0.09968055913978491
902	no goal	38	600	0.09470055913978499
902	no goal	38	650	0.050780559139784964
902	no goal	38	700	-0.0013374408602149963
902	no goal	38	750	-0.05476060752688169
902	no goal	38	800	-0.11952344086021505
902	no goal	38	850	NA
902	no goal	38	900	NA
902	no goal	38	950	-0.15705257419354846
902	no goal	38	1e3	-0.11096377419354837
902	no goal	38	1050	-0.0967751075268816
902	no goal	38	1100	-0.06083527419354836
902	no goal	38	1150	-0.015288107526881737
902	no goal	39	-200	0.01600720952380958
902	no goal	39	-150	2.6206666666669004e-4
902	no goal	39	-100	-0.008917733333333367
902	no goal	39	-50	-2.6593333333331987e-4
902	no goal	39	0	-0.011239766666666595
902	no goal	39	50	0.006042233333333351
902	no goal	39	100	0.003829400000000094
902	no goal	39	150	-9.957333333332485e-4
902	no goal	39	200	0.03127273333333336
902	no goal	39	250	-0.010136504761904672
902	no goal	39	300	0.0017018999999998858
902	no goal	39	350	0.016786266666666626
902	no goal	39	400	0.03281140000000008
902	no goal	39	450	0.04703006666666658
902	no goal	39	500	0.10568273333333345
902	no goal	39	550	0.13358192380952374
902	no goal	39	600	0.15972906666666672
902	no goal	39	650	0.16884906666666674
902	no goal	39	700	0.1631639000000001
902	no goal	39	750	0.13063890000000003
902	no goal	39	800	0.12674090000000007
902	no goal	39	850	0.12370240000000006
902	no goal	39	900	0.10992823333333335
902	no goal	39	950	0.12637666666666664
902	no goal	39	1e3	0.1512229238095238
902	no goal	39	1050	0.16594606666666664
902	no goal	39	1100	0.1985260666666667
902	no goal	39	1150	0.2243115666666667
902	no goal	40	-200	-0.0070381666666666
902	no goal	40	-150	-0.021749966666666686
902	no goal	40	-100	0.01302754761904769
902	no goal	40	-50	-0.008662333333333327
902	no goal	40	0	0.02375963333333333
902	no goal	40	50	0.025299333333333413
902	no goal	40	100	0.030602833333333246
902	no goal	40	150	0.0039231666666666625
902	no goal	40	200	-0.01691016666666667
902	no goal	40	250	-0.026502999999999943
902	no goal	40	300	-0.04183616666666653
902	no goal	40	350	-0.04718149999999999
902	no goal	40	400	-0.04873676666666667
902	no goal	40	450	-0.030890880952380937
902	no goal	40	500	0.0038013333333333974
902	no goal	40	550	0.03526600000000002
902	no goal	40	600	0.07270983333333336
902	no goal	40	650	0.07121316666666673
902	no goal	40	700	0.06785933333333327
902	no goal	40	750	0.050586499999999944
902	no goal	40	800	0.02256733333333331
902	no goal	40	850	-0.02438466666666672
902	no goal	40	900	NA
902	no goal	40	950	NA
902	no goal	40	1e3	-0.08615066666666671
902	no goal	40	1050	0.021678833333333463
902	no goal	40	1100	-0.007751833333333365
902	no goal	40	1150	0.040010500000000025
902	no goal	41	-200	-0.034979933333333456
902	no goal	41	-150	-0.00948876666666676
902	no goal	41	-100	-2.6643333333338976e-4
902	no goal	41	-50	0.012562566666666589
902	no goal	41	0	0.032172566666666645
902	no goal	41	50	0.042437899999999994
902	no goal	41	100	0.037369733333333155
902	no goal	41	150	0.008382733333333206
902	no goal	41	200	0.0022392333333331274
902	no goal	41	250	-0.009873147619047704
902	no goal	41	300	-0.024141933333333476
902	no goal	41	350	-0.07533226666666677
902	no goal	41	400	-0.04782010000000011
902	no goal	41	450	-0.04823776666666668
902	no goal	41	500	-0.028196033333333405
902	no goal	41	550	0.01929399523809521
902	no goal	41	600	0.04101336666666668
902	no goal	41	650	0.05617913809523811
902	no goal	41	700	0.04079889999999997
902	no goal	41	750	0.0019720666666665685
902	no goal	41	800	8.310666666665837e-4
902	no goal	41	850	0.030194566666666606
902	no goal	41	900	0.03588189999999991
902	no goal	41	950	0.04622489999999998
902	no goal	41	1e3	0.03725639999999997
902	no goal	41	1050	0.030995733333333348
902	no goal	41	1100	0.07078439999999997
902	no goal	41	1150	0.08204889999999998
902	no goal	42	-200	-0.030276866666666846
902	no goal	42	-150	-0.015332866666666852
902	no goal	42	-100	-0.008553200000000224
902	no goal	42	-50	0.018870966666666433
902	no goal	42	0	0.03529196666666645
902	no goal	42	50	-0.0038503666666668637
902	no goal	42	100	-0.0018068666666669249
902	no goal	42	150	-0.021371700000000216
902	no goal	42	200	-0.03923520000000025
902	no goal	42	250	-0.06143453333333356
902	no goal	42	300	-0.04874936666666696
902	no goal	42	350	-0.08384220000000024
902	no goal	42	400	-0.07076453333333362
902	no goal	42	450	-0.05472120000000028
902	no goal	42	500	-0.023273033333333526
902	no goal	42	550	-0.006788700000000129
902	no goal	42	600	0.03716546666666639
902	no goal	42	650	0.08431563333333303
902	no goal	42	700	0.0807477999999997
902	no goal	42	750	0.04220229999999973
902	no goal	42	800	0.0031522999999997747
902	no goal	42	850	7.372999999997187e-4
902	no goal	42	900	0.026056966666666497
902	no goal	42	950	0.01728579999999987
902	no goal	42	1e3	-0.0011712000000002238
902	no goal	42	1050	-0.007414366666666838
902	no goal	42	1100	-0.021531200000000233
902	no goal	42	1150	-0.018123200000000228
902	no goal	43	-200	0.009527366666666795
902	no goal	43	-150	-0.006077966666666601
902	no goal	43	-100	-0.005632466666666576
902	no goal	43	-50	-0.0016452999999999236
902	no goal	43	0	0.0038283666666667493
902	no goal	43	50	-0.011068966666666643
902	no goal	43	100	-0.026077799999999856
902	no goal	43	150	-0.03421146666666656
902	no goal	43	200	-0.056113466666666646
902	no goal	43	250	-0.026608466666666535
902	no goal	43	300	-0.030373466666666626
902	no goal	43	350	0.003845033333333451
902	no goal	43	400	0.020975533333333463
902	no goal	43	450	0.04399403333333344
902	no goal	43	500	0.07340670000000005
902	no goal	43	550	0.11584586666666678
902	no goal	43	600	0.15670870000000012
902	no goal	43	650	0.17552720000000002
902	no goal	43	700	0.14583536666666674
902	no goal	43	750	0.1079252000000001
902	no goal	43	800	0.05323403333333343
902	no goal	43	850	-0.0025241333333331597
902	no goal	43	900	0.014033866666666691
902	no goal	43	950	0.0733278666666668
902	no goal	43	1e3	0.043392533333333295
902	no goal	43	1050	0.045332533333333425
902	no goal	43	1100	0.057121033333333404
902	no goal	43	1150	0.052980533333333524
902	no goal	44	-200	-0.03807469999999998
902	no goal	44	-150	-0.01986753333333328
902	no goal	44	-100	-3.4769999999998785e-4
902	no goal	44	-50	0.026220966666666623
902	no goal	44	0	0.03206896666666662
902	no goal	44	50	0.024843800000000003
902	no goal	44	100	0.03868646666666672
902	no goal	44	150	0.033503300000000014
902	no goal	44	200	0.024757633333333324
902	no goal	44	250	0.02932280000000002
902	no goal	44	300	0.047785299999999996
902	no goal	44	350	0.051332966666666646
902	no goal	44	400	0.03056529999999998
902	no goal	44	450	0.0413511333333334
902	no goal	44	500	0.050079133333333394
902	no goal	44	550	0.09219513333333329
902	no goal	44	600	0.12056063333333333
902	no goal	44	650	0.1520104666666667
902	no goal	44	700	0.1678574666666667
902	no goal	44	750	0.1304758
902	no goal	44	800	0.09459830000000007
902	no goal	44	850	0.08636530000000005
902	no goal	44	900	0.0806231333333333
902	no goal	44	950	0.04426880000000022
902	no goal	44	1e3	NA
902	no goal	44	1050	NA
902	no goal	44	1100	NA
902	no goal	44	1150	0.1371468
902	no goal	45	-200	0.013016714285714428
902	no goal	45	-150	0.0023133333333335373
902	no goal	45	-100	7.553333333335152e-4
902	no goal	45	-50	-0.009319499999999778
902	no goal	45	0	-0.008935333333333148
902	no goal	45	50	0.008694833333333504
902	no goal	45	100	-0.0014966666666664796
902	no goal	45	150	0.005624166666666837
902	no goal	45	200	-0.007255666666666623
902	no goal	45	250	-0.020570333333333062
902	no goal	45	300	-0.013622833333333176
902	no goal	45	350	-0.007347499999999914
902	no goal	45	400	-0.03735983333333307
902	no goal	45	450	-0.03209249999999986
902	no goal	45	500	-0.010289199999999799
902	no goal	45	550	0.030285571428571627
902	no goal	45	600	0.06601733333333352
902	no goal	45	650	0.06296683333333353
902	no goal	45	700	0.05333266666666677
902	no goal	45	750	0.044229166666666764
902	no goal	45	800	0.006544333333333559
902	no goal	45	850	-0.015785833333333093
902	no goal	45	900	0.0026100000000002974
902	no goal	45	950	0.05066950000000022
902	no goal	45	1e3	0.03177350000000012
902	no goal	45	1050	0.016716833333333625
902	no goal	45	1100	0.029531666666666807
902	no goal	45	1150	0.03686100000000018
902	no goal	46	-200	-0.020322198156681903
902	no goal	46	-150	-0.005248483870967731
902	no goal	46	-100	0.011049849462365646
902	no goal	46	-50	0.012974016129032373
902	no goal	46	0	0.004933849462365636
902	no goal	46	50	0.004907849462365703
902	no goal	46	100	-0.023201483870967543
902	no goal	46	150	-0.026512983870967677
902	no goal	46	200	-0.05178015053763437
902	no goal	46	250	-0.06169615053763441
902	no goal	46	300	-0.0740039838709677
902	no goal	46	350	-0.07551581720430105
902	no goal	46	400	-0.05623431720430102
902	no goal	46	450	-0.0412109838709677
902	no goal	46	500	2.708494623656262e-4
902	no goal	46	550	0.04876651612903234
902	no goal	46	600	0.08779334946236565
902	no goal	46	650	0.11080251612903232
902	no goal	46	700	0.07901268279569902
902	no goal	46	750	0.05294418279569898
902	no goal	46	800	-0.012553483870967627
902	no goal	46	850	-0.054755150537634245
902	no goal	46	900	-0.08574715053763438
902	no goal	46	950	-0.09766231720430103
902	no goal	46	1e3	-0.1213826505376343
902	no goal	46	1050	-0.12020881720430106
902	no goal	46	1100	-0.11489798387096761
902	no goal	46	1150	-0.10804765053763428
902	no goal	47	-200	0.034307766666666906
902	no goal	47	-150	0.020515766666666806
902	no goal	47	-100	0.005347600000000119
902	no goal	47	-50	-0.025508233333333113
902	no goal	47	0	-0.03466289999999983
902	no goal	47	50	-0.06831773333333313
902	no goal	47	100	-0.08730606666666652
902	no goal	47	150	-0.0987745666666664
902	no goal	47	200	-0.13287006666666654
902	no goal	47	250	-0.12011339999999986
902	no goal	47	300	-0.11501906666666654
902	no goal	47	350	-0.11634656666666639
902	no goal	47	400	-0.09894306666666651
902	no goal	47	450	-0.059494566666666415
902	no goal	47	500	-0.047378066666666475
902	no goal	47	550	-0.0066798999999998126
902	no goal	47	600	0.017251600000000106
902	no goal	47	650	0.028097933333333474
902	no goal	47	700	-0.009798899999999758
902	no goal	47	750	-0.04596506666666644
902	no goal	47	800	-0.07594546666666649
902	no goal	47	850	-0.0740366380952379
902	no goal	47	900	-0.09512889999999974
902	no goal	47	950	-0.06531506666666649
902	no goal	47	1e3	-0.06132839999999976
902	no goal	47	1050	-0.04471639999999991
902	no goal	47	1100	-0.05664073333333312
902	no goal	47	1150	-0.045603066666666546
902	no goal	48	-200	0.016861799999999816
902	no goal	48	-150	0.021809299999999848
902	no goal	48	-100	0.0061067999999998195
902	no goal	48	-50	-0.024349200000000144
902	no goal	48	0	-0.020428700000000227
902	no goal	48	50	-0.041174533333333464
902	no goal	48	100	-0.030787366666666927
902	no goal	48	150	-0.032526533333333475
902	no goal	48	200	-0.0035363666666668645
902	no goal	48	250	0.016931633333333067
902	no goal	48	300	0.05438063333333313
902	no goal	48	350	0.08083096666666652
902	no goal	48	400	0.11453613333333316
902	no goal	48	450	0.14214329999999986
902	no goal	48	500	0.18214529999999982
902	no goal	48	550	0.2243911333333332
902	no goal	48	600	0.26541729999999975
902	no goal	48	650	0.25144246666666653
902	no goal	48	700	0.28422679999999984
902	no goal	48	750	0.23385013333333315
902	no goal	48	800	0.1824954666666664
902	no goal	48	850	0.11102396666666643
902	no goal	48	900	0.10091046666666655
902	no goal	48	950	0.14007229999999973
902	no goal	48	1e3	0.15981663333333315
902	no goal	48	1050	0.13834446666666644
902	no goal	48	1100	0.14124729999999985
902	no goal	48	1150	0.14558929999999978
902	no goal	49	-200	-0.012845493087557383
902	no goal	49	-150	0.006156102150537857
902	no goal	49	-100	5.701021505378397e-4
902	no goal	49	-50	0.00988393548387112
902	no goal	49	0	-0.0016237311827954997
902	no goal	49	50	-4.1206451612888867e-4
902	no goal	49	100	-5.106451612883293e-5
902	no goal	49	150	-0.003825564516128773
902	no goal	49	200	-0.014758064516128858
902	no goal	49	250	-0.03996473118279553
902	no goal	49	300	-0.058076897849462204
902	no goal	49	350	-0.05687189784946215
902	no goal	49	400	-0.047314564516128886
902	no goal	49	450	-0.0451775645161289
902	no goal	49	500	-0.013056397849462295
902	no goal	49	550	0.024014602150537783
902	no goal	49	600	0.07021776881720447
902	no goal	49	650	0.10401226881720442
902	no goal	49	700	0.1335844354838712
902	no goal	49	750	0.10312976881720452
902	no goal	49	800	0.07879860215053787
902	no goal	49	850	0.04573473548387117
902	no goal	49	900	NA
902	no goal	49	950	NA
902	no goal	49	1e3	0.08488443548387115
902	no goal	49	1050	-0.0310977311827955
902	no goal	49	1100	-0.019290731182795524
902	no goal	49	1150	0.030071335483871132
902	no goal	50	-200	0.0037576333333331955
902	no goal	50	-150	-0.002841200000000136
902	no goal	50	-100	-0.018123033333333465
902	no goal	50	-50	-0.005652700000000103
902	no goal	50	0	0.022859299999999916
902	no goal	50	50	0.02857996666666655
902	no goal	50	100	0.060265133333333276
902	no goal	50	150	0.07579663333333324
902	no goal	50	200	0.0872868
902	no goal	50	250	0.11604896666666657
902	no goal	50	300	0.1292644666666666
902	no goal	50	350	0.15182646666666658
902	no goal	50	400	0.19614856190476188
902	no goal	50	450	0.22794333333333325
902	no goal	50	500	0.23324279999999997
902	no goal	50	550	0.24820429999999996
902	no goal	50	600	0.23962629999999993
902	no goal	50	650	0.19602513333333316
902	no goal	50	700	0.13265246666666664
902	no goal	50	750	0.09651799047619043
902	no goal	50	800	0.0730469666666665
902	no goal	50	850	0.003815133333333165
902	no goal	50	900	NA
902	no goal	50	950	NA
902	no goal	50	1e3	0.09601793333333326
902	no goal	50	1050	0.0366558476190475
902	no goal	50	1100	0.08274363333333327
902	no goal	50	1150	0.1230054666666666
902	no goal	51	-200	-0.01109650691244227
902	no goal	51	-150	-0.005772602150537616
902	no goal	51	-100	-0.004003102150537489
902	no goal	51	-50	0.01674689784946241
902	no goal	51	0	0.005974731182795863
902	no goal	51	50	0.009806397849462467
902	no goal	51	100	9.235645161291087e-4
902	no goal	51	150	0.0052947311827957755
902	no goal	51	200	0.007906564516129144
902	no goal	51	250	0.039384897849462495
902	no goal	51	300	0.045957564516129125
902	no goal	51	350	0.07561223118279581
902	no goal	51	400	0.10883523118279581
902	no goal	51	450	0.1164787311827958
902	no goal	51	500	0.14345139784946256
902	no goal	51	550	0.15654356451612905
902	no goal	51	600	0.1697605645161291
902	no goal	51	650	0.15410956451612914
902	no goal	51	700	0.09215906451612914
902	no goal	51	750	0.06428073118279583
902	no goal	51	800	0.03685923118279577
902	no goal	51	850	0.06776739784946247
902	no goal	51	900	0.05696239784946244
902	no goal	51	950	0.05066689784946243
902	no goal	51	1e3	0.041409564516129205
902	no goal	51	1050	0.04532606451612908
902	no goal	51	1100	0.05488989784946252
902	no goal	51	1150	0.07386656451612916
902	no goal	52	-200	0.02348003333333352
902	no goal	52	-150	0.003939533333333485
902	no goal	52	-100	0.0010723666666667686
902	no goal	52	-50	-0.019666466666666604
902	no goal	52	0	-0.008825466666666578
902	no goal	52	50	0.007091700000000145
902	no goal	52	100	0.045756866666666784
902	no goal	52	150	0.052299700000000206
902	no goal	52	200	0.059712700000000174
902	no goal	52	250	0.07316320000000014
902	no goal	52	300	0.10093003333333346
902	no goal	52	350	0.10906870000000013
902	no goal	52	400	0.13132970000000013
902	no goal	52	450	0.13015686666666682
902	no goal	52	500	0.15741120000000008
902	no goal	52	550	0.1814113666666668
902	no goal	52	600	0.20870270000000013
902	no goal	52	650	0.2372607000000002
902	no goal	52	700	0.24766220000000025
902	no goal	52	750	0.28013586666666673
902	no goal	52	800	0.2918447000000002
902	no goal	52	850	0.24411853333333355
902	no goal	52	900	0.24193070000000008
902	no goal	52	950	0.21278720000000018
902	no goal	52	1e3	0.23045420000000005
902	no goal	52	1050	0.2312885571428573
902	no goal	52	1100	0.2264818666666668
902	no goal	52	1150	0.2342797000000001
902	no goal	53	-200	-0.03435081566820264
902	no goal	53	-150	-0.0046127204301074825
902	no goal	53	-100	0.00737727956989261
902	no goal	53	-50	0.015793279569892515
902	no goal	53	0	0.021518112903225955
902	no goal	53	50	0.021916946236559303
902	no goal	53	100	0.003217612903225975
902	no goal	53	150	-0.005862553763440692
902	no goal	53	200	0.018357279569892675
902	no goal	53	250	0.01496961290322596
902	no goal	53	300	0.025546279569892565
902	no goal	53	350	0.029344612903225986
902	no goal	53	400	0.023123779569892644
902	no goal	53	450	0.07128994623655927
902	no goal	53	500	0.09734677956989264
902	no goal	53	550	0.12386194623655933
902	no goal	53	600	0.15977827956989263
902	no goal	53	650	0.10588494623655927
902	no goal	53	700	0.06202111290322598
902	no goal	53	750	0.01821711290322588
902	no goal	53	800	-0.060202053763440753
902	no goal	53	850	-0.062166053763440754
902	no goal	53	900	-0.007740553763440738
902	no goal	53	950	-0.017955887096774054
902	no goal	53	1e3	-0.030980887096774046
902	no goal	53	1050	-0.0059742204301073505
902	no goal	53	1100	0.00802061290322594
902	no goal	53	1150	0.06970477956989256
902	no goal	54	-200	0.013212976958525096
902	no goal	54	-150	-0.009697284946236747
902	no goal	54	-100	-0.009396451612903403
902	no goal	54	-50	0.008846381720429841
902	no goal	54	0	-0.005167784946236746
902	no goal	54	50	-0.0013622849462367654
902	no goal	54	100	0.01430804838709654
902	no goal	54	150	0.03755404838709649
902	no goal	54	200	0.056170215053763295
902	no goal	54	250	0.09835254838709655
902	no goal	54	300	0.11524421505376314
902	no goal	54	350	0.1502640483870965
902	no goal	54	400	0.1622267150537633
902	no goal	54	450	0.18924671505376311
902	no goal	54	500	0.20812754838709666
902	no goal	54	550	0.24587621505376323
902	no goal	54	600	0.21798354838709658
902	no goal	54	650	0.16742871505376314
902	no goal	54	700	0.0769098817204299
902	no goal	54	750	0.010773715053763233
902	no goal	54	800	-0.052275451612903444
902	no goal	54	850	-0.0689911182795701
902	no goal	54	900	-0.10893645161290351
902	no goal	54	950	-0.0975662849462368
902	no goal	54	1e3	-0.10541378494623681
902	no goal	54	1050	-0.07282061827957009
902	no goal	54	1100	-0.014897951612903379
902	no goal	54	1150	0.03003371505376314
902	no goal	55	-200	0.028028622119815605
902	no goal	55	-150	-0.001211306451612974
902	no goal	55	-100	-0.01774297311827966
902	no goal	55	-50	-0.0011418064516130293
902	no goal	55	0	-0.012603973118279654
902	no goal	55	50	-0.006303639784946302
902	no goal	55	100	0.0020621935483869556
902	no goal	55	150	0.009927526881720347
902	no goal	55	200	0.009571526881720397
902	no goal	55	250	-0.02994663978494631
902	no goal	55	300	-0.032045306451613
902	no goal	55	350	-0.06939780645161298
902	no goal	55	400	-0.07992597311827969
902	no goal	55	450	-0.06737363978494626
902	no goal	55	500	-0.056566306451612945
902	no goal	55	550	0.027292860215053654
902	no goal	55	600	0.0529665268817204
902	no goal	55	650	0.08279702688172041
902	no goal	55	700	0.07841452688172039
902	no goal	55	750	0.02495052688172043
902	no goal	55	800	7.086021505364748e-5
902	no goal	55	850	0.0038853602150537014
902	no goal	55	900	0.012958360215053663
902	no goal	55	950	0.03555702688172032
902	no goal	55	1e3	0.057188860215053726
902	no goal	55	1050	0.08265236021505373
902	no goal	55	1100	0.12130352688172034
902	no goal	55	1150	0.20638936021505372
902	no goal	56	-200	-0.017381677419354893
902	no goal	56	-150	-0.011500844086021663
902	no goal	56	-100	0.0029673225806450265
902	no goal	56	-50	-2.3701075268833804e-4
902	no goal	56	0	0.029049155913978275
902	no goal	56	50	0.05231448924731167
902	no goal	56	100	0.04911432258064504
902	no goal	56	150	0.0022796559139783845
902	no goal	56	200	-0.0136510107526883
902	no goal	56	250	-0.022349677419354935
902	no goal	56	300	-0.04632251075268826
902	no goal	56	350	-0.05815301075268827
902	no goal	56	400	-0.05727484408602157
902	no goal	56	450	-0.059230844086021715
902	no goal	56	500	-0.08208417741935503
902	no goal	56	550	-0.03246184408602167
902	no goal	56	600	-0.023451177419355023
902	no goal	56	650	0.005584822580644966
902	no goal	56	700	0.03802882258064496
902	no goal	56	750	0.04538532258064509
902	no goal	56	800	0.03121065591397835
902	no goal	56	850	0.017725989247311686
902	no goal	56	900	-0.002417177419354951
902	no goal	56	950	-0.030583677419354933
902	no goal	56	1e3	0.01648515591397833
902	no goal	56	1050	0.08246365591397842
902	no goal	56	1100	0.06908465591397839
902	no goal	56	1150	0.09613698924731162
902	no goal	57	-200	-0.034012069892473074
902	no goal	57	-150	-0.019331331797234914
902	no goal	57	-100	-7.570322580630062e-5
902	no goal	57	-50	0.012435953917050784
902	no goal	57	0	0.04211976344086025
902	no goal	57	50	0.05873376344086031
902	no goal	57	100	0.0718585967741936
902	no goal	57	150	0.09610509677419365
902	no goal	57	200	0.089901430107527
902	no goal	57	250	0.090744930107527
902	no goal	57	300	0.06500826344086034
902	no goal	57	350	0.05875493010752705
902	no goal	57	400	0.05950043010752711
902	no goal	57	450	0.07153243010752708
902	no goal	57	500	0.09681259677419367
902	no goal	57	550	0.13113126344086026
902	no goal	57	600	0.1398984301075271
902	no goal	57	650	0.10503176344086033
902	no goal	57	700	0.0765225967741936
902	no goal	57	750	0.04292126344086037
902	no goal	57	800	0.055967263440860414
902	no goal	57	850	0.08333576344086031
902	no goal	57	900	0.060239430107527005
902	no goal	57	950	0.052062930107526974
902	no goal	57	1e3	0.060003763440860336
902	no goal	57	1050	0.07690426344086025
902	no goal	57	1100	0.08710543010752698
902	no goal	57	1150	0.10051893010752704
902	no goal	58	-200	-0.018004799999999783
902	no goal	58	-150	-0.010472133333333003
902	no goal	58	-100	0.01799336666666688
902	no goal	58	-50	0.0033598666666668406
902	no goal	58	0	0.007123700000000177
902	no goal	58	50	0.017799533333333544
902	no goal	58	100	0.01727220000000022
902	no goal	58	150	0.0023275333333336126
902	no goal	58	200	0.0052748666666668775
902	no goal	58	250	0.023305866666667008
902	no goal	58	300	0.013839200000000274
902	no goal	58	350	0.022564366666666908
902	no goal	58	400	0.01627270000000025
902	no goal	58	450	0.04083403333333354
902	no goal	58	500	0.09259236666666688
902	no goal	58	550	0.11569603333333367
902	no goal	58	600	0.15846286666666698
902	no goal	58	650	0.18661403333333357
902	no goal	58	700	0.17118422380952408
902	no goal	58	750	0.13405320000000023
902	no goal	58	800	0.11144820000000026
902	no goal	58	850	0.15664653333333356
902	no goal	58	900	0.1659120333333335
902	no goal	58	950	0.14814636666666683
902	no goal	58	1e3	0.1415753666666669
902	no goal	58	1050	0.16897770000000026
902	no goal	58	1100	0.18548403333333355
902	no goal	58	1150	0.21344903333333357
902	no goal	59	-200	0.04825005529953901
902	no goal	59	-150	0.02660248387096753
902	no goal	59	-100	0.010023483870967556
902	no goal	59	-50	-0.03019218279569902
902	no goal	59	0	-0.06272551612903247
902	no goal	59	50	-0.12911151612903246
902	no goal	59	100	-0.16677634946236583
902	no goal	59	150	-0.21094151612903245
902	no goal	59	200	-0.2544105161290324
902	no goal	59	250	-0.28448368279569913
902	no goal	59	300	-0.27722668279569906
902	no goal	59	350	-0.2806539161290324
902	no goal	59	400	-0.23301037327188956
902	no goal	59	450	-0.19420031612903238
902	no goal	59	500	-0.12077765898617539
902	no goal	59	550	-0.09136201612903243
902	no goal	59	600	-0.06424318279569914
902	no goal	59	650	-0.09328201612903242
902	no goal	59	700	-0.11630401612903245
902	no goal	59	750	-0.13079384946236572
902	no goal	59	800	-0.16591934946236578
902	no goal	59	850	-0.18873151612903238
902	no goal	59	900	-0.16962718279569913
902	no goal	59	950	-0.11896118279569919
902	no goal	59	1e3	-0.13662218279569913
902	no goal	59	1050	-0.14142468279569909
902	no goal	59	1100	-0.1111686827956991
902	no goal	59	1150	-0.07818101612903246
902	no goal	60	-200	0.03235720967741947
902	no goal	60	-150	0.028649043010752957
902	no goal	60	-100	0.010937376344086166
902	no goal	60	-50	-0.023391290322580655
902	no goal	60	0	-0.04161629032258052
902	no goal	60	50	-0.06436195698924714
902	no goal	60	100	-0.07577429032258043
902	no goal	60	150	-0.0862517903225805
902	no goal	60	200	-0.0974206903225805
902	no goal	60	250	-0.10805886175115198
902	no goal	60	300	-0.10370079032258046
902	no goal	60	350	-0.1050064569892472
902	no goal	60	400	-0.07331462365591375
902	no goal	60	450	-0.03202879032258051
902	no goal	60	500	-0.014907490322580496
902	no goal	60	550	0.01971656682027672
902	no goal	60	600	0.05817420967741945
902	no goal	60	650	0.08574420967741954
902	no goal	60	700	0.07403354301075298
902	no goal	60	750	0.019363876344086133
902	no goal	60	800	-0.02778112365591386
902	no goal	60	850	-0.041183956989247227
902	no goal	60	900	0.01010037634408619
902	no goal	60	950	0.027473876344086195
902	no goal	60	1e3	0.020987876344086203
902	no goal	60	1050	0.016929309677419548
902	no goal	60	1100	0.05126185253456234
902	no goal	60	1150	0.07759954301075278
902	no goal	61	-200	0.001049635944700216
902	no goal	61	-150	0.0010052311827954963
902	no goal	61	-100	-0.0025891021505377587
902	no goal	61	-50	-0.013255268817204438
902	no goal	61	0	0.013614564516128821
902	no goal	61	50	0.007764564516128909
902	no goal	61	100	-0.002031268817204538
902	no goal	61	150	0.004299731182795474
902	no goal	61	200	-0.006668435483871082
902	no goal	61	250	-9.039354838712063e-4
902	no goal	61	300	-0.003947268817204419
902	no goal	61	350	0.015207397849462234
902	no goal	61	400	0.0037637311827956044
902	no goal	61	450	0.019905397849462325
902	no goal	61	500	0.02714506451612886
902	no goal	61	550	0.06666473118279555
902	no goal	61	600	0.11399773118279548
902	no goal	61	650	0.15551956451612892
902	no goal	61	700	0.18115173118279557
902	no goal	61	750	0.15146056451612888
902	no goal	61	800	0.0964870645161288
902	no goal	61	850	0.05059673118279558
902	no goal	61	900	0.09987223118279553
902	no goal	61	950	0.1279575645161289
902	no goal	61	1e3	0.07802523118279558
902	no goal	61	1050	NA
902	no goal	61	1100	NA
902	no goal	61	1150	0.05409206451612878
902	no goal	62	-200	0.028775336405530094
902	no goal	62	-150	0.010889526881720476
902	no goal	62	-100	0.014771526881720417
902	no goal	62	-50	-0.01422063978494618
902	no goal	62	0	-0.04501163978494627
902	no goal	62	50	-0.05694497311827954
902	no goal	62	100	-0.0503953064516128
902	no goal	62	150	-0.0563189731182796
902	no goal	62	200	-0.041254639784946256
902	no goal	62	250	-0.03695997311827948
902	no goal	62	300	-0.05984297311827946
902	no goal	62	350	-0.06387380645161274
902	no goal	62	400	-0.06597147311827951
902	no goal	62	450	-0.06233463978494617
902	no goal	62	500	-0.01259030645161278
902	no goal	62	550	0.02250102688172051
902	no goal	62	600	0.08069936021505386
902	no goal	62	650	0.07014436021505392
902	no goal	62	700	0.033390693548387196
902	no goal	62	750	0.006093360215053911
902	no goal	62	800	-0.0449669731182795
902	no goal	62	850	-0.05133997311827946
902	no goal	62	900	-0.07371280645161282
902	no goal	62	950	-0.006187473118279459
902	no goal	62	1e3	2.0026881720536238e-5
902	no goal	62	1050	0.0021105268817205314
902	no goal	62	1100	0.019933360215053913
902	no goal	62	1150	0.05650319354838729
902	no goal	63	-200	0.027160751152073725
902	no goal	63	-150	0.012833989247311939
902	no goal	63	-100	-0.004111677419354735
902	no goal	63	-50	-0.013421177419354743
902	no goal	63	0	-0.026988677419354772
902	no goal	63	50	-0.04851667741935469
902	no goal	63	100	-0.041593010752688064
902	no goal	63	150	-0.0582458440860214
902	no goal	63	200	-0.04091217741935468
902	no goal	63	250	-0.03718151075268805
902	no goal	63	300	-0.05412917741935478
902	no goal	63	350	-0.05394351075268807
902	no goal	63	400	-0.06498301075268802
902	no goal	63	450	-0.06037851075268811
902	no goal	63	500	-0.018416677419354672
902	no goal	63	550	0.002738155913978598
902	no goal	63	600	0.05909332258064529
902	no goal	63	650	0.08426298924731197
902	no goal	63	700	0.07291815591397859
902	no goal	63	750	0.07767698924731192
902	no goal	63	800	0.057592722580645274
902	no goal	63	850	NA
902	no goal	63	900	0.18790432258064538
902	no goal	63	950	0.07310592258064519
902	no goal	63	1e3	0.05019548924731184
902	no goal	63	1050	0.059482489247311886
902	no goal	63	1100	0.06414632258064519
902	no goal	63	1150	0.08135282258064518
902	no goal	64	-200	-0.021758723502304265
902	no goal	64	-150	0.0017109193548386543
902	no goal	64	-100	-0.0054940806451613255
902	no goal	64	-50	0.017129752688172035
902	no goal	64	0	0.01203858602150524
902	no goal	64	50	-0.03939074731182801
902	no goal	64	100	-0.06757908064516134
902	no goal	64	150	-0.10229724731182799
902	no goal	64	200	-0.10959574731182793
902	no goal	64	250	-0.12426341397849468
902	no goal	64	300	-0.13596491397849464
902	no goal	64	350	-0.1306474139784947
902	no goal	64	400	-0.10425108064516138
902	no goal	64	450	-0.07103974731182805
902	no goal	64	500	-0.04031141397849473
902	no goal	64	550	-0.01244874731182799
902	no goal	64	600	0.03491908602150532
902	no goal	64	650	0.03755208602150536
902	no goal	64	700	-0.004569413978494641
902	no goal	64	750	-0.05983574731182798
902	no goal	64	800	-0.13161274731182812
902	no goal	64	850	-0.1581644139784947
902	no goal	64	900	-0.13188224731182804
902	no goal	64	950	-0.153457747311828
902	no goal	64	1e3	-0.1761955806451614
902	no goal	64	1050	-0.17755274731182805
902	no goal	64	1100	-0.15987824731182795
902	no goal	64	1150	-0.14841774731182808
902	no goal	65	-200	-0.02160373732718877
902	no goal	65	-150	-0.021748784946236333
902	no goal	65	-100	-0.0018969516129028936
902	no goal	65	-50	0.023329715053763616
902	no goal	65	0	0.025520381720430214
902	no goal	65	50	0.03544054838709698
902	no goal	65	100	0.04907454838709705
902	no goal	65	150	0.06244921505376374
902	no goal	65	200	0.0890057150537636
902	no goal	65	250	0.10027838172043031
902	no goal	65	300	0.11874821505376361
902	no goal	65	350	0.10602104838709699
902	no goal	65	400	0.10711438172043031
902	no goal	65	450	0.10599504838709706
902	no goal	65	500	0.106907548387097
902	no goal	65	550	0.1317427150537637
902	no goal	65	600	0.14899538172043023
902	no goal	65	650	0.18875804838709698
902	no goal	65	700	0.21161438172043043
902	no goal	65	750	0.22792288172043026
902	no goal	65	800	0.23009754838709692
902	no goal	65	850	NA
902	no goal	65	900	NA
902	no goal	65	950	0.34994404838709703
902	no goal	65	1e3	0.25392988172043035
902	no goal	65	1050	0.2136807150537637
902	no goal	65	1100	0.19910188172043033
902	no goal	65	1150	0.189640548387097
902	no goal	66	-200	-0.033531101382488666
902	no goal	66	-150	-0.009597387096774268
902	no goal	66	-100	-0.0040210537634409365
902	no goal	66	-50	0.023716612903225725
902	no goal	66	0	0.029021446236559074
902	no goal	66	50	0.0506046129032256
902	no goal	66	100	0.027775446236558993
902	no goal	66	150	-0.002008387096774348
902	no goal	66	200	0.00351727956989234
902	no goal	66	250	-0.023300387096774216
902	no goal	66	300	-0.033273887096774445
902	no goal	66	350	-0.029326553763440993
902	no goal	66	400	-0.018928387096774246
902	no goal	66	450	-0.0014232204301076745
902	no goal	66	500	0.027111446236559072
902	no goal	66	550	0.05104044623655901
902	no goal	66	600	0.10371077956989239
902	no goal	66	650	0.12439077956989235
902	no goal	66	700	0.1637527795698924
902	no goal	66	750	0.1775576129032257
902	no goal	66	800	0.141706946236559
902	no goal	66	850	0.07389827956989237
902	no goal	66	900	0.049884946236558925
902	no goal	66	950	0.051768446236559
902	no goal	66	1e3	0.013547779569892393
902	no goal	66	1050	-0.014725887096774212
902	no goal	66	1100	-0.08255338709677436
902	no goal	66	1150	-0.11732588709677431
902	no goal	67	-200	-0.01693220276497717
902	no goal	67	-150	-0.021106440860215292
902	no goal	67	-100	-8.367741935485876e-4
902	no goal	67	-50	0.008477725806451378
902	no goal	67	0	0.033219725806451494
902	no goal	67	50	0.06935189247311808
902	no goal	67	100	0.08580672580645143
902	no goal	67	150	0.11058805913978476
902	no goal	67	200	0.11503222580645141
902	no goal	67	250	0.11654989247311816
902	no goal	67	300	0.13656555913978474
902	no goal	67	350	0.13809072580645143
902	no goal	67	400	0.12185255913978461
902	no goal	67	450	0.11373205913978479
902	no goal	67	500	0.12042205913978472
902	no goal	67	550	0.1620652258064513
902	no goal	67	600	0.20622405913978473
902	no goal	67	650	0.1822465591397847
902	no goal	67	700	0.15797355913978475
902	no goal	67	750	0.09472172580645144
902	no goal	67	800	0.05802372580645132
902	no goal	67	850	0.0213595591397846
902	no goal	67	900	0.021073392473118124
902	no goal	67	950	0.015263559139784796
902	no goal	67	1e3	0.013784392473117949
902	no goal	67	1050	0.023207892473118125
902	no goal	67	1100	0.05118322580645137
902	no goal	67	1150	0.05338355913978473
902	no goal	68	-200	0.014840502304147638
902	no goal	68	-150	0.017539145161290588
902	no goal	68	-100	0.009529978494623817
902	no goal	68	-50	-0.009918688172042852
902	no goal	68	0	-0.0344643548387095
902	no goal	68	50	-0.033023854838709545
902	no goal	68	100	-0.033258021505376156
902	no goal	68	150	-0.029816188172042752
902	no goal	68	200	-0.024960188172042857
902	no goal	68	250	-0.006055854838709444
902	no goal	68	300	0.018852478494623792
902	no goal	68	350	0.05128147849462391
902	no goal	68	400	0.07612931182795712
902	no goal	68	450	0.09036864516129046
902	no goal	68	500	0.13758264516129048
902	no goal	68	550	0.16575197849462384
902	no goal	68	600	0.20380781182795707
902	no goal	68	650	0.20156297849462387
902	no goal	68	700	0.19821414516129057
902	no goal	68	750	0.11536131182795713
902	no goal	68	800	0.028459978494623856
902	no goal	68	850	-0.008317188172042892
902	no goal	68	900	-0.038289188172042854
902	no goal	68	950	-0.059555521505376095
902	no goal	68	1e3	-0.06842635483870955
902	no goal	68	1050	0.02401864516129056
902	no goal	68	1100	0.05932031182795713
902	no goal	68	1150	0.09005264516129048
902	no goal	69	-200	-0.024940166666666652
902	no goal	69	-150	-0.007279833333333263
902	no goal	69	-100	0.005355666666666685
902	no goal	69	-50	0.008934500000000067
902	no goal	69	0	0.01792983333333331
902	no goal	69	50	0.013050500000000001
902	no goal	69	100	0.006231666666666784
902	no goal	69	150	-0.006553166666666721
902	no goal	69	200	-0.0229093333333333
902	no goal	69	250	-0.022499166666666588
902	no goal	69	300	-0.049157666666666655
902	no goal	69	350	-0.04525466666666652
902	no goal	69	400	-0.05252566666666647
902	no goal	69	450	-0.03066149999999997
902	no goal	69	500	-0.007886833333333287
902	no goal	69	550	0.016630333333333452
902	no goal	69	600	0.05751183333333346
902	no goal	69	650	0.06529666666666671
902	no goal	69	700	0.05009083333333342
902	no goal	69	750	-0.008814166666666567
902	no goal	69	800	-0.016764666666666688
902	no goal	69	850	-0.043387785714285636
902	no goal	69	900	-0.04897466666666661
902	no goal	69	950	-0.05265966666666655
902	no goal	69	1e3	-0.03384933333333325
902	no goal	69	1050	-0.04077666666666654
902	no goal	69	1100	-0.023837833333333263
902	no goal	69	1150	-0.012800499999999918
902	no goal	70	-200	0.01617938709677404
902	no goal	70	-150	0.01608338709677411
902	no goal	70	-100	-0.007423612903225907
902	no goal	70	-50	-0.004965779569892674
902	no goal	70	0	-0.02256994623655924
902	no goal	70	50	-0.05132427956989257
902	no goal	70	100	-0.026581946236559222
902	no goal	70	150	-0.03887527956989264
902	no goal	70	200	-0.059935946236559255
902	no goal	70	250	-0.05713861290322594
902	no goal	70	300	-0.07423677956989254
902	no goal	70	350	-0.058435279569892584
902	no goal	70	400	-0.07094811290322589
902	no goal	70	450	-0.04192711290322585
902	no goal	70	500	-0.010337112903225995
902	no goal	70	550	0.025548553763440784
902	no goal	70	600	0.051955053763440784
902	no goal	70	650	0.0410842204301074
902	no goal	70	700	0.005620553763440765
902	no goal	70	750	-0.040777779569892626
902	no goal	70	800	-0.0776026129032259
902	no goal	70	850	-0.09269494623655931
902	no goal	70	900	-0.086819612903226
902	no goal	70	950	-0.11231444623655928
902	no goal	70	1e3	-0.07650694623655929
902	no goal	70	1050	-0.025564779569892632
902	no goal	70	1100	-0.00867177956989266
902	no goal	70	1150	0.0525995537634408
902	no goal	71	-200	0.030087999999999965
902	no goal	71	-150	0.017363666666666628
902	no goal	71	-100	-0.0025715000000000967
902	no goal	71	-50	-0.014752833333333326
902	no goal	71	0	-0.030127333333333395
902	no goal	71	50	-0.05075066666666669
902	no goal	71	100	-0.053839000000000116
902	no goal	71	150	-0.0667308333333334
902	no goal	71	200	-0.0692441666666667
902	no goal	71	250	-0.09642883333333334
902	no goal	71	300	-0.07771500000000005
902	no goal	71	350	-0.09096500000000003
902	no goal	71	400	-0.10129033333333333
902	no goal	71	450	-0.0818843333333333
902	no goal	71	500	-0.06340650000000014
902	no goal	71	550	-0.022206666666666635
902	no goal	71	600	0.02318083333333328
902	no goal	71	650	0.010603499999999913
902	no goal	71	700	0.00853783333333332
902	no goal	71	750	-0.07139283333333342
902	no goal	71	800	-0.11187683333333347
902	no goal	71	850	-0.13917516666666674
902	no goal	71	900	-0.15697833333333344
902	no goal	71	950	-0.18387847619047618
902	no goal	71	1e3	-0.18615966666666672
902	no goal	71	1050	-0.19219333333333335
902	no goal	71	1100	-0.16935716666666675
902	no goal	71	1150	-0.13291533333333336
902	no goal	72	-200	0.03825966359447002
902	no goal	72	-150	0.011417473118279453
902	no goal	72	-100	-0.00892969354838713
902	no goal	72	-50	-0.020384860215053813
902	no goal	72	0	-0.026739193548387163
902	no goal	72	50	-0.022635193548387205
902	no goal	72	100	0.0017481397849461455
902	no goal	72	150	0.005478639784946078
902	no goal	72	200	0.02314247311827944
902	no goal	72	250	0.06249030645161269
902	no goal	72	300	0.06021963978494601
902	no goal	72	350	0.05824747311827938
902	no goal	72	400	0.07403447311827945
902	no goal	72	450	0.10722447311827943
902	no goal	72	500	0.12728113978494612
902	no goal	72	550	0.16269147311827944
902	no goal	72	600	0.16990080645161285
902	no goal	72	650	0.13785280645161282
902	no goal	72	700	0.08597230645161284
902	no goal	72	750	0.027664973118279496
902	no goal	72	800	0.00404647311827951
902	no goal	72	850	-0.014345526881720602
902	no goal	72	900	0.03406030645161281
902	no goal	72	950	0.017058806451612767
902	no goal	72	1e3	0.018055473118279375
902	no goal	72	1050	0.01094513978494612
902	no goal	72	1100	0.02832463978494615
902	no goal	72	1150	0.03346780645161281
902	no goal	73	-200	0.0022829539170508006
902	no goal	73	-150	0.009424263440860337
902	no goal	73	-100	-0.0018580698924731316
902	no goal	73	-50	-0.00404706989247298
902	no goal	73	0	-0.006182569892472974
902	no goal	73	50	-0.04516973655913962
902	no goal	73	100	-0.06859306989247298
902	no goal	73	150	-0.08837840322580637
902	no goal	73	200	-0.09123140322580636
902	no goal	73	250	-0.12333140322580631
902	no goal	73	300	-0.14427106989247304
902	no goal	73	350	-0.17862256989247297
902	no goal	73	400	-0.20168590322580626
902	no goal	73	450	-0.21788273655913967
902	no goal	73	500	-0.2058424032258063
902	no goal	73	550	-0.1972764032258063
902	no goal	73	600	-0.17785640322580645
902	no goal	73	650	-0.13452856989247297
902	no goal	73	700	-0.09528706989247297
902	no goal	73	750	-0.04564440322580632
902	no goal	73	800	-0.03641940322580628
902	no goal	73	850	-0.05006373655913965
902	no goal	73	900	-0.06176806989247304
902	no goal	73	950	NA
902	no goal	73	1e3	NA
902	no goal	73	1050	NA
902	no goal	73	1100	-0.2634729032258063
902	no goal	73	1150	-0.08970523655913969
902	no goal	74	-200	-0.016466317972350288
902	no goal	74	-150	-0.03185253225806465
902	no goal	74	-100	-0.005376698924731323
902	no goal	74	-50	0.02637363440860215
902	no goal	74	0	0.03006630107526879
902	no goal	74	50	0.06922013440860209
902	no goal	74	100	0.07486596774193544
902	no goal	74	150	0.06989880107526873
902	no goal	74	200	0.07475913440860212
902	no goal	74	250	0.050676467741935426
902	no goal	74	300	0.019495967741935443
902	no goal	74	350	-0.00198236559139775
902	no goal	74	400	-0.06039986559139784
902	no goal	74	450	-0.04155836559139795
902	no goal	74	500	-0.022410032258064556
902	no goal	74	550	6.219677419354586e-4
902	no goal	74	600	0.017445301075268798
902	no goal	74	650	-0.014692865591397894
902	no goal	74	700	-0.028742198924731177
902	no goal	74	750	-0.08047436559139798
902	no goal	74	800	-0.1107261989247313
902	no goal	74	850	-0.06548253225806455
902	no goal	74	900	-0.03537536559139798
902	no goal	74	950	-0.04908003225806453
902	no goal	74	1e3	-0.051707198924731156
902	no goal	74	1050	-0.060060532258064514
902	no goal	74	1100	-0.04762986559139789
902	no goal	74	1150	-0.056435532258064525
902	no goal	75	-200	-0.011481986175115073
902	no goal	75	-150	5.870967742109082e-6
902	no goal	75	-100	-0.006324629032257834
902	no goal	75	-50	0.002016704301075478
902	no goal	75	0	0.01769770430107546
902	no goal	75	50	0.030033037634408826
902	no goal	75	100	0.04582503763440878
902	no goal	75	150	0.04021170430107538
902	no goal	75	200	0.037091704301075445
902	no goal	75	250	0.029943370967742133
902	no goal	75	300	0.02851570430107553
902	no goal	75	350	0.042589537634408835
902	no goal	75	400	0.027366537634408772
902	no goal	75	450	0.03491003763440877
902	no goal	75	500	0.05352370430107545
902	no goal	75	550	0.06246137096774218
902	no goal	75	600	0.11382287096774209
902	no goal	75	650	0.13927170430107538
902	no goal	75	700	0.11192370430107552
902	no goal	75	750	0.0765165376344088
902	no goal	75	800	0.02013767096774215
902	no goal	75	850	NA
902	no goal	75	900	0.00938387096774207
902	no goal	75	950	0.01663953763440884
902	no goal	75	1e3	0.03808353763440886
902	no goal	75	1050	0.05149953763440881
902	no goal	75	1100	0.08778670430107553
902	no goal	75	1150	0.1310712043010754
902	no goal	76	-200	-0.002341539170506771
902	no goal	76	-150	-0.011368134408601996
902	no goal	76	-100	0.0022568655913980753
902	no goal	76	-50	0.003915532258064698
902	no goal	76	0	0.007927532258064677
902	no goal	76	50	0.007855032258064684
902	no goal	76	100	0.013272198924731379
902	no goal	76	150	0.0028331989247312914
902	no goal	76	200	4.532258064774789e-6
902	no goal	76	250	0.001766532258064742
902	no goal	76	300	-0.00258363440860195
902	no goal	76	350	-0.018212967741935298
902	no goal	76	400	0.006008865591398053
902	no goal	76	450	0.020318032258064795
902	no goal	76	500	0.05686269892473139
902	no goal	76	550	0.10517669892473136
902	no goal	76	600	0.13535936559139805
902	no goal	76	650	0.1329780322580647
902	no goal	76	700	0.1287471989247313
902	no goal	76	750	0.07256919892473146
902	no goal	76	800	0.06117869892473138
902	no goal	76	850	0.022321365591398006
902	no goal	76	900	0.007614032258064747
902	no goal	76	950	0.014666532258064727
902	no goal	76	1e3	0.037808865591397955
902	no goal	76	1050	0.037400032258064764
902	no goal	76	1100	0.07509603225806472
902	no goal	76	1150	0.12312853225806464
902	no goal	77	-200	-0.0794664608294932
902	no goal	77	-150	-0.03847169892473142
902	no goal	77	-100	-0.013706365591397892
902	no goal	77	-50	0.05024113440860208
902	no goal	77	0	0.09464780107526878
902	no goal	77	50	0.10731713440860198
902	no goal	77	100	0.10988396774193543
902	no goal	77	150	0.09213746774193547
902	no goal	77	200	0.09050763440860206
902	no goal	77	250	0.05377996774193542
902	no goal	77	300	0.03472380107526877
902	no goal	77	350	0.024481134408602
902	no goal	77	400	0.029038967741935446
902	no goal	77	450	0.016584301075268797
902	no goal	77	500	0.013686134408602113
902	no goal	77	550	0.04037080107526873
902	no goal	77	600	0.07528630107526883
902	no goal	77	650	0.10314546774193545
902	no goal	77	700	0.11559996774193541
902	no goal	77	750	0.13401896774193553
902	no goal	77	800	0.13448163440860203
902	no goal	77	850	0.09807996774193543
902	no goal	77	900	0.059556134408602045
902	no goal	77	950	0.05156713440860209
902	no goal	77	1e3	0.11064646774193543
902	no goal	77	1050	0.08696730107526873
902	no goal	77	1100	0.06889496774193549
902	no goal	77	1150	0.05108196774193541
902	no goal	78	-200	0.01696984792626712
902	no goal	78	-150	0.002535919354838582
902	no goal	78	-100	0.0010399193548386403
902	no goal	78	-50	-0.0028464139784947218
902	no goal	78	0	-0.020527580645161397
902	no goal	78	50	-0.018469580645161503
902	no goal	78	100	-0.03014024731182811
902	no goal	78	150	-0.03088474731182811
902	no goal	78	200	-0.023901580645161458
902	no goal	78	250	-0.020252913978494675
902	no goal	78	300	-0.027688080645161445
902	no goal	78	350	-0.02969691397849476
902	no goal	78	400	-0.016038913978494662
902	no goal	78	450	0.020491419354838596
902	no goal	78	500	0.045707086021505194
902	no goal	78	550	0.09261675268817182
902	no goal	78	600	0.11644858602150528
902	no goal	78	650	0.12904891935483861
902	no goal	78	700	0.09027175268817193
902	no goal	78	750	0.05318691935483866
902	no goal	78	800	-0.007568080645161383
902	no goal	78	850	-0.031572747311828055
902	no goal	78	900	-0.02531991397849483
902	no goal	78	950	0.05455541935483862
902	no goal	78	1e3	0.05174758602150531
902	no goal	78	1050	0.060105919354838555
902	no goal	78	1100	0.07909625268817193
902	no goal	78	1150	0.12221375268817192
902	no goal	79	-200	0.008567027649769798
902	no goal	79	-150	0.008176241935483905
902	no goal	79	-100	-0.0028364247311826554
902	no goal	79	-50	0.0016717419354839909
902	no goal	79	0	-0.017006424731182673
902	no goal	79	50	-0.023016924731182737
902	no goal	79	100	-0.02291925806451604
902	no goal	79	150	-0.01949009139784937
902	no goal	79	200	-0.04032675806451613
902	no goal	79	250	0.008191575268817383
902	no goal	79	300	0.008418741935483975
902	no goal	79	350	0.030594575268817332
902	no goal	79	400	0.04179540860215066
902	no goal	79	450	0.09216590860215068
902	no goal	79	500	0.13110190860215062
902	no goal	79	550	0.1852079086021506
902	no goal	79	600	0.20106074193548404
902	no goal	79	650	0.15347874193548394
902	no goal	79	700	0.10514207526881732
902	no goal	79	750	0.05430107526881719
902	no goal	79	800	0.03662090860215065
902	no goal	79	850	0.0034879086021505725
902	no goal	79	900	-0.004136091397849355
902	no goal	79	950	-0.015100591397849398
902	no goal	79	1e3	-0.02294075806451601
902	no goal	79	1050	-0.028517258064516104
902	no goal	79	1100	-0.01454925806451605
902	no goal	79	1150	0.008307741935484003
902	no goal	80	-200	0.009188622119815573
902	no goal	80	-150	0.011116193548386924
902	no goal	80	-100	0.0026210268817203897
902	no goal	80	-50	-0.001614473118279743
902	no goal	80	0	-0.022842806451613074
902	no goal	80	50	-0.028089973118279765
902	no goal	80	100	-0.020546139784946387
902	no goal	80	150	-0.017316973118279694
902	no goal	80	200	-0.019009639784946335
902	no goal	80	250	-0.017752806451613035
902	no goal	80	300	-0.0010531397849464035
902	no goal	80	350	0.004331360215053648
902	no goal	80	400	0.01949219354838701
902	no goal	80	450	0.021224860215053692
902	no goal	80	500	0.060985360215053554
902	no goal	80	550	0.09579836021505368
902	no goal	80	600	0.1170220268817203
902	no goal	80	650	0.11076119354838698
902	no goal	80	700	0.09963969354838682
902	no goal	80	750	0.06424652688172035
902	no goal	80	800	0.03525319354838693
902	no goal	80	850	0.024731693548387
902	no goal	80	900	0.01004886021505369
902	no goal	80	950	-0.012937806451612946
902	no goal	80	1e3	-0.010664139784946366
902	no goal	80	1050	0.0567643602150536
902	no goal	80	1100	0.127408693548387
902	no goal	80	1150	0.1360958602150537
902	no goal	81	-200	-0.010340499999999789
902	no goal	81	-150	-0.01348399999999983
902	no goal	81	-100	0.009016333333333515
902	no goal	81	-50	0.001664000000000205
902	no goal	81	0	0.012866833333333494
902	no goal	81	50	0.0014346000000000636
902	no goal	81	100	-6.862857142855917e-4
902	no goal	81	150	-0.016377166666666554
902	no goal	81	200	-0.008572999999999987
902	no goal	81	250	-0.00626899999999989
902	no goal	81	300	-0.0036001666666665897
902	no goal	81	350	0.014023333333333499
902	no goal	81	400	0.049167833333333556
902	no goal	81	450	0.07081550000000014
902	no goal	81	500	0.12182566666666676
902	no goal	81	550	0.17820666666666676
902	no goal	81	600	0.21281200000000014
902	no goal	81	650	0.21420783333333349
902	no goal	81	700	0.18487100000000015
902	no goal	81	750	0.12923316666666684
902	no goal	81	800	0.07905650000000009
902	no goal	81	850	0.050358333333333505
902	no goal	81	900	0.02422816666666683
902	no goal	81	950	-0.015705499999999855
902	no goal	81	1e3	-0.012239333333333121
902	no goal	81	1050	0.013784000000000166
902	no goal	81	1100	0.044792000000000165
902	no goal	81	1150	0.07784450000000016
902	no goal	82	-200	0.02297505529953923
902	no goal	82	-150	-0.002518016129032056
902	no goal	82	-100	-0.004413516129032106
902	no goal	82	-50	-0.01419651612903213
902	no goal	82	0	-0.005676182795698888
902	no goal	82	50	0.013999150537634527
902	no goal	82	100	0.023384317204301192
902	no goal	82	150	0.045651483870967846
902	no goal	82	200	0.026968983870967838
902	no goal	82	250	0.03656331720430117
902	no goal	82	300	0.024103317204301256
902	no goal	82	350	0.008831317204301156
902	no goal	82	400	-0.008442516129032166
902	no goal	82	450	-0.0047091827956988
902	no goal	82	500	-1.068279569886125e-5
902	no goal	82	550	0.022887983870967837
902	no goal	82	600	0.06043481720430129
902	no goal	82	650	0.09862331720430118
902	no goal	82	700	0.08248381720430113
902	no goal	82	750	0.05292731720430107
902	no goal	82	800	0.011043483870967949
902	no goal	82	850	-0.020947849462365536
902	no goal	82	900	-0.04417751612903217
902	no goal	82	950	-0.0756043494623655
902	no goal	82	1e3	-0.08010351612903215
902	no goal	82	1050	-0.09420618279569881
902	no goal	82	1100	-0.0712460161290321
902	no goal	82	1150	-0.07718434946236556
902	no goal	83	-200	-0.01904236666666666
902	no goal	83	-150	0.008807799999999885
902	no goal	83	-100	0.015741133333333195
902	no goal	83	-50	0.01011179999999993
902	no goal	83	0	-0.015618366666666642
902	no goal	83	50	-0.03402191428571433
902	no goal	83	100	-0.03315170000000004
902	no goal	83	150	-0.03948253333333337
902	no goal	83	200	-0.04614180000000001
902	no goal	83	250	-0.04328405714285725
902	no goal	83	300	-0.01796286666666676
902	no goal	83	350	-0.021627033333333417
902	no goal	83	400	0.011715800000000018
902	no goal	83	450	0.07415713333333329
902	no goal	83	500	0.11078163333333328
902	no goal	83	550	0.14446213333333327
902	no goal	83	600	0.17029313333333337
902	no goal	83	650	0.16050579999999992
902	no goal	83	700	0.10221296666666661
902	no goal	83	750	0.05401779999999993
902	no goal	83	800	-0.019859533333333346
902	no goal	83	850	-0.07146386666666671
902	no goal	83	900	-0.09098119999999994
902	no goal	83	950	-0.10761586666666667
902	no goal	83	1e3	-0.07849869999999999
902	no goal	83	1050	-0.06025519999999999
902	no goal	83	1100	-0.006559866666666636
902	no goal	83	1150	0.08161829999999999
902	no goal	84	-200	0.016205500000000022
902	no goal	84	-150	0.00259066666666663
902	no goal	84	-100	0.007810166666666711
902	no goal	84	-50	-0.006490999999999951
902	no goal	84	0	-0.020115333333333336
902	no goal	84	50	-0.03794816666666664
902	no goal	84	100	-0.03768333333333329
902	no goal	84	150	-0.0513351666666666
902	no goal	84	200	-0.053278166666666626
902	no goal	84	250	-0.050870333333333274
902	no goal	84	300	-0.017672666666666743
902	no goal	84	350	-0.016846333333333297
902	no goal	84	400	0.012929500000000038
902	no goal	84	450	0.036441738095238145
902	no goal	84	500	0.05987236666666673
902	no goal	84	550	0.09765683333333335
902	no goal	84	600	0.13547099999999998
902	no goal	84	650	0.1709905952380952
902	no goal	84	700	0.1505383666666667
902	no goal	84	750	0.10755230952380954
902	no goal	84	800	0.04888516666666676
902	no goal	84	850	0.018496166666666685
902	no goal	84	900	0.016729333333333374
902	no goal	84	950	0.008997499999999992
902	no goal	84	1e3	0.00982316666666668
902	no goal	84	1050	0.030863500000000082
902	no goal	84	1100	0.06666283333333338
902	no goal	84	1150	0.09736550000000015
902	no goal	85	-200	-0.019221663594470226
902	no goal	85	-150	-0.003417806451612974
902	no goal	85	-100	-0.0022314731182797587
902	no goal	85	-50	0.022635860215053594
902	no goal	85	0	0.005438693548386923
902	no goal	85	50	0.003959526881720225
902	no goal	85	100	-0.0023439731182797927
902	no goal	85	150	-0.031823806451613125
902	no goal	85	200	-0.06719030645161306
902	no goal	85	250	-0.11328513978494636
902	no goal	85	300	-0.12386230645161304
902	no goal	85	350	-0.13236930645161302
902	no goal	85	400	-0.13890363978494644
902	no goal	85	450	-0.1232056397849463
902	no goal	85	500	-0.08756997311827974
902	no goal	85	550	-0.029217306451613172
902	no goal	85	600	-0.002294973118279605
902	no goal	85	650	0.013116526881720233
902	no goal	85	700	-0.02067630645161304
902	no goal	85	750	-0.04963663978494637
902	no goal	85	800	-0.08266013978494646
902	no goal	85	850	-0.09748397311827979
902	no goal	85	900	-0.10861197311827975
902	no goal	85	950	-0.10848780645161298
902	no goal	85	1e3	-0.12283563978494631
902	no goal	85	1050	-0.12590630645161313
902	no goal	85	1100	-0.11007930645161308
902	no goal	85	1150	-0.09901413978494637
902	no goal	86	-200	-0.020064419354838565
902	no goal	86	-150	0.002581413978494762
902	no goal	86	-100	5.060806451614811e-4
902	no goal	86	-50	0.01316200921658999
902	no goal	86	0	0.0016212473118280741
902	no goal	86	50	0.005996747311828088
902	no goal	86	100	-0.0019912193548384137
902	no goal	86	150	0.01078500921658998
902	no goal	86	200	0.003610247311828093
902	no goal	86	250	0.015151580645161422
902	no goal	86	300	0.03726658064516138
902	no goal	86	350	0.01682374731182808
902	no goal	86	400	0.014167747311828164
902	no goal	86	450	0.014538913978494827
902	no goal	86	500	0.04861891397849479
902	no goal	86	550	0.06260324731182809
902	no goal	86	600	0.10707424731182809
902	no goal	86	650	0.12325174731182813
902	no goal	86	700	0.15104741397849475
902	no goal	86	750	0.09563208064516145
902	no goal	86	800	0.09335074731182809
902	no goal	86	850	0.06333374731182813
902	no goal	86	900	0.06861241397849471
902	no goal	86	950	0.09914908064516144
902	no goal	86	1e3	0.08697541397849484
902	no goal	86	1050	0.07211324731182815
902	no goal	86	1100	0.0654444139784948
902	no goal	86	1150	0.07206191397849482
902	no goal	87	-200	-0.016088364055299436
902	no goal	87	-150	-0.014659435483870942
902	no goal	87	-100	-6.457688172042028e-4
902	no goal	87	-50	0.013413731182795688
902	no goal	87	0	0.020661231182795836
902	no goal	87	50	0.05876006451612895
902	no goal	87	100	0.11032573118279572
902	no goal	87	150	0.11771406451612905
902	no goal	87	200	0.11848089784946247
902	no goal	87	250	0.11939856451612907
902	no goal	87	300	0.12751923118279582
902	no goal	87	350	0.11244639784946231
902	no goal	87	400	0.11404606451612904
902	no goal	87	450	0.10546623118279579
902	no goal	87	500	0.11582306451612905
902	no goal	87	550	0.1393877311827958
902	no goal	87	600	0.1588238978494624
902	no goal	87	650	0.1672142311827957
902	no goal	87	700	0.15793123118279576
902	no goal	87	750	0.1049828978494624
902	no goal	87	800	0.04672723118279568
902	no goal	87	850	0.03557289784946235
902	no goal	87	900	0.0984613978494624
902	no goal	87	950	0.09157323118279577
902	no goal	87	1e3	0.09415106451612898
902	no goal	87	1050	0.1123998978494624
902	no goal	87	1100	0.10117689784946249
902	no goal	87	1150	0.12187989784946247
902	no goal	88	-200	-0.008723300000000064
902	no goal	88	-150	0.01585386666666655
902	no goal	88	-100	0.017753533333333182
902	no goal	88	-50	-0.006153300000000028
902	no goal	88	0	-0.01873080000000001
902	no goal	88	50	-0.05048130000000003
902	no goal	88	100	-0.06639330000000003
902	no goal	88	150	-0.06366113333333345
902	no goal	88	200	-0.06457413333333333
902	no goal	88	250	-0.05228246666666673
902	no goal	88	300	-0.03958980000000004
902	no goal	88	350	-0.021977633333333395
902	no goal	88	400	-0.013265300000000183
902	no goal	88	450	0.023714699999999977
902	no goal	88	500	0.055836199999999815
902	no goal	88	550	0.05702219999999995
902	no goal	88	600	0.07501503333333326
902	no goal	88	650	0.048093866666666596
902	no goal	88	700	-0.018340966666666663
902	no goal	88	750	-0.06358663333333348
902	no goal	88	800	-0.07982480000000007
902	no goal	88	850	-0.13277296666666683
902	no goal	88	900	-0.12400596666666679
902	no goal	88	950	-0.17524096666666678
902	no goal	88	1e3	-0.1587366333333335
902	no goal	88	1050	-0.14242596666666682
902	no goal	88	1100	-0.0901644666666667
902	no goal	88	1150	-0.06050513333333344
902	no goal	89	-200	-0.021737258064516003
902	no goal	89	-150	-0.016036591397849225
902	no goal	89	-100	0.0036519086021506997
902	no goal	89	-50	0.01820274193548399
902	no goal	89	0	0.01954207526881735
902	no goal	89	50	0.03499790860215072
902	no goal	89	100	0.019213575268817396
902	no goal	89	150	0.0031204086021506447
902	no goal	89	200	0.003524075268817336
902	no goal	89	250	-0.008194258064516013
902	no goal	89	300	-0.028787758064515945
902	no goal	89	350	-0.010988924731182662
902	no goal	89	400	0.00012040860215067895
902	no goal	89	450	0.014581075268817356
902	no goal	89	500	0.054963241935483964
902	no goal	89	550	0.06707874193548398
902	no goal	89	600	0.07641724193548398
902	no goal	89	650	0.04164557526881733
902	no goal	89	700	-0.0034852580645159392
902	no goal	89	750	-0.04306609139784926
902	no goal	89	800	-0.11364875806451602
902	no goal	89	850	-0.13178592473118264
902	no goal	89	900	-0.15969525806451595
902	no goal	89	950	-0.1495189723502303
902	no goal	89	1e3	-0.15987009139784933
902	no goal	89	1050	-0.15089809139784935
902	no goal	89	1100	-0.13557025806451603
902	no goal	89	1150	-0.08248892473118263
902	no goal	90	-200	-1.3333179723495903e-4
902	no goal	90	-150	0.011182930107526948
902	no goal	90	-100	0.018089596774193566
902	no goal	90	-50	-0.009767569892472924
902	no goal	90	0	-0.01934940322580636
902	no goal	90	50	-0.06540656989247313
902	no goal	90	100	-0.08234850322580636
902	no goal	90	150	-0.09193233179723492
902	no goal	90	200	-0.10939040322580633
902	no goal	90	250	-0.11896123655913964
902	no goal	90	300	-0.11831190322580627
902	no goal	90	350	-0.11418423655913967
902	no goal	90	400	-0.10236023655913969
902	no goal	90	450	-0.06782356989247303
902	no goal	90	500	-0.03396106989247305
902	no goal	90	550	2.0676344086030993e-4
902	no goal	90	600	0.026836930107527007
902	no goal	90	650	0.015363763440860248
902	no goal	90	700	-0.017475736559139737
902	no goal	90	750	-0.06682490322580636
902	no goal	90	800	-0.10065956989247304
902	no goal	90	850	-0.12288923655913964
902	no goal	90	900	-0.14859623655913964
902	no goal	90	950	-0.13985456989247305
902	no goal	90	1e3	-0.13577856989247303
902	no goal	90	1050	-0.10359190322580636
902	no goal	90	1100	-0.034696569892472974
902	no goal	90	1150	0.030112596774193756
902	no goal	91	-200	-0.05156786175115213
902	no goal	91	-150	-0.03006045698924731
902	no goal	91	-100	-0.005688456989247322
902	no goal	91	-50	0.031072209677419416
902	no goal	91	0	0.0648392096774193
902	no goal	91	50	0.0989287096774194
902	no goal	91	100	0.10817520967741927
902	no goal	91	150	0.09490954301075265
902	no goal	91	200	0.07530270967741932
902	no goal	91	250	0.0772597096774194
902	no goal	91	300	0.0673193763440861
902	no goal	91	350	0.06385004301075263
902	no goal	91	400	0.09036237634408595
902	no goal	91	450	0.09857687634408596
902	no goal	91	500	0.11509520967741937
902	no goal	91	550	0.15557404301075262
902	no goal	91	600	0.1588157096774193
902	no goal	91	650	0.1425580430107527
902	no goal	91	700	0.1216350430107526
902	no goal	91	750	0.08737187634408605
902	no goal	91	800	0.04082754301075261
902	no goal	91	850	0.03314937634408599
902	no goal	91	900	0.014933376344086055
902	no goal	91	950	0.004974709677419309
902	no goal	91	1e3	0.005444876344085969
902	no goal	91	1050	0.01685904301075262
902	no goal	91	1100	0.026565543010752757
902	no goal	91	1150	0.048847543010752593
902	no goal	92	-200	-0.011788990783409987
902	no goal	92	-150	-0.007563419354838692
902	no goal	92	-100	-0.003868086021505235
902	no goal	92	-50	0.011040747311827989
902	no goal	92	0	0.014144580645161367
902	no goal	92	50	-0.003590919354838684
902	no goal	92	100	-0.003639919354838724
902	no goal	92	150	-0.01500725268817201
902	no goal	92	200	0.004782913978494656
902	no goal	92	250	-0.00955758602150536
902	no goal	92	300	0.009480913978494673
902	no goal	92	350	0.022744747311827924
902	no goal	92	400	0.04343191397849466
902	no goal	92	450	0.0720789139784946
902	no goal	92	500	0.11110124731182802
902	no goal	92	550	0.13375958064516139
902	no goal	92	600	0.17565341397849474
902	no goal	92	650	0.1557534139784947
902	no goal	92	700	0.10427491397849471
902	no goal	92	750	0.0453812473118281
902	no goal	92	800	0.0880980806451613
902	no goal	92	850	0.10460458064516136
902	no goal	92	900	0.09693374731182798
902	no goal	92	950	0.06559591397849474
902	no goal	92	1e3	0.0746954139784947
902	no goal	92	1050	0.054375080645161354
902	no goal	92	1100	0.06905358064516139
902	no goal	92	1150	0.09493341397849468
902	no goal	93	-200	0.02638900000000007
902	no goal	93	-150	0.026306333333333393
902	no goal	93	-100	0.02067700000000013
902	no goal	93	-50	-0.02913116666666656
902	no goal	93	0	-0.04424116666666659
902	no goal	93	50	-0.06179833333333332
902	no goal	93	100	-0.05753316666666667
902	no goal	93	150	-0.0655699999999999
902	no goal	93	200	-0.06661749999999993
902	no goal	93	250	-0.05765980952380951
902	no goal	93	300	-0.03700683333333332
902	no goal	93	350	-0.036823333333333284
902	no goal	93	400	-0.012836666666666607
902	no goal	93	450	0.007122166666666763
902	no goal	93	500	0.04641816666666676
902	no goal	93	550	0.08244633333333333
902	no goal	93	600	0.0966638333333334
902	no goal	93	650	0.11011033333333346
902	no goal	93	700	0.06947133333333337
902	no goal	93	750	0.1053641666666667
902	no goal	93	800	0.07833333333333344
902	no goal	93	850	0.033983000000000096
902	no goal	93	900	0.011021166666666637
902	no goal	93	950	-0.0024256666666666593
902	no goal	93	1e3	-0.009690166666666592
902	no goal	93	1050	-0.01723700000000002
902	no goal	93	1100	-0.0016644999999998837
902	no goal	93	1150	0.03617983333333341
902	no goal	94	-200	0.011209870967741889
902	no goal	94	-150	0.005425704301075178
902	no goal	94	-100	-0.0015639623655914943
902	no goal	94	-50	-0.010778629032258236
902	no goal	94	0	-0.006161295698924911
902	no goal	94	50	0.002516204301075131
902	no goal	94	100	0.0019380376344085477
902	no goal	94	150	-0.0017984623655915577
902	no goal	94	200	-0.0032589623655915703
902	no goal	94	250	-0.0037224623655914466
902	no goal	94	300	0.007558204301075122
902	no goal	94	350	0.005325537634408499
902	no goal	94	400	0.015959370967741693
902	no goal	94	450	0.040038370967741876
902	no goal	94	500	0.0733155376344085
902	no goal	94	550	0.1144410376344085
902	no goal	94	600	0.10997603763440848
902	no goal	94	650	0.07032987096774186
902	no goal	94	700	0.035977204301075094
902	no goal	94	750	-0.01223929569892479
902	no goal	94	800	-0.05395512903225819
902	no goal	94	850	-0.07721046236559144
902	no goal	94	900	-0.08666712903225819
902	no goal	94	950	-0.10737412903225814
902	no goal	94	1e3	-0.09563162903225823
902	no goal	94	1050	-0.08006179569892484
902	no goal	94	1100	-0.041139795698924786
902	no goal	94	1150	-0.017183295698924777
902	no goal	95	-200	-0.004383966666666517
902	no goal	95	-150	0.0012233666666667808
902	no goal	95	-100	-0.001952133333333143
902	no goal	95	-50	-0.005366466666666477
902	no goal	95	0	0.010479200000000096
902	no goal	95	50	0.026395366666666753
902	no goal	95	100	0.026182033333333504
902	no goal	95	150	0.0253202000000002
902	no goal	95	200	-0.0037131333333332663
902	no goal	95	250	-0.03284496666666651
902	no goal	95	300	-0.06432446666666647
902	no goal	95	350	-0.06675029999999975
902	no goal	95	400	-0.0603736333333332
902	no goal	95	450	-0.05434213333333323
902	no goal	95	500	-0.023884133333333207
902	no goal	95	550	0.006938700000000149
902	no goal	95	600	0.024768866666666705
902	no goal	95	650	0.09036470000000008
902	no goal	95	700	0.10193703333333352
902	no goal	95	750	0.09977520000000013
902	no goal	95	800	0.0843025333333334
902	no goal	95	850	0.06166336666666683
902	no goal	95	900	0.05572120000000017
902	no goal	95	950	0.10196086666666677
902	no goal	95	1e3	0.12343003333333342
902	no goal	95	1050	0.1282208666666668
902	no goal	95	1100	0.1347312000000002
902	no goal	95	1150	0.1610508666666668
902	no goal	96	-200	0.0255893917050691
902	no goal	96	-150	0.0015493440860214758
902	no goal	96	-100	-0.013711489247311878
902	no goal	96	-50	-0.008476655913978615
902	no goal	96	0	-0.009215489247311822
902	no goal	96	50	-0.014477822580645302
902	no goal	96	100	-0.0066488225806452155
902	no goal	96	150	-0.01212348924731188
902	no goal	96	200	-0.008519989247311862
902	no goal	96	250	-0.028097155913978655
902	no goal	96	300	-0.02927082258064521
902	no goal	96	350	-0.019628655913978516
902	no goal	96	400	0.012492177419354785
902	no goal	96	450	0.027915177419354825
902	no goal	96	500	0.06451884408602138
902	no goal	96	550	0.09737801075268811
902	no goal	96	600	0.12195134408602144
902	no goal	96	650	0.09037917741935482
902	no goal	96	700	0.04090884408602147
902	no goal	96	750	3.623440860215747e-4
902	no goal	96	800	-0.032135655913978566
902	no goal	96	850	-0.07060865591397862
902	no goal	96	900	-0.0856868225806453
902	no goal	96	950	-0.08720948924731194
902	no goal	96	1e3	-0.10222315591397857
902	no goal	96	1050	-0.09810332258064529
902	no goal	96	1100	-0.06772998924731193
902	no goal	96	1150	-0.03430265591397852
902	no goal	97	-200	-0.013009633333333529
902	no goal	97	-150	0.004089033333333214
902	no goal	97	-100	0.01633269999999983
902	no goal	97	-50	-0.007409466666666864
902	no goal	97	0	-2.6333333336125975e-6
902	no goal	97	50	-0.002043633333333572
902	no goal	97	100	-0.027356466666666874
902	no goal	97	150	-0.03722780000000022
902	no goal	97	200	-0.041626800000000186
902	no goal	97	250	-0.035970300000000156
902	no goal	97	300	-0.05361113333333356
902	no goal	97	350	-0.03531530000000024
902	no goal	97	400	-0.04976380000000017
902	no goal	97	450	-0.022176633333333456
902	no goal	97	500	0.027139866666666457
902	no goal	97	550	0.04452969999999978
902	no goal	97	600	0.06832153333333306
902	no goal	97	650	0.07060753333333321
902	no goal	97	700	0.0212276999999997
902	no goal	97	750	-0.03192230000000018
902	no goal	97	800	-0.06707230000000013
902	no goal	97	850	-0.09264363333333359
902	no goal	97	900	-0.10305565714285736
902	no goal	97	950	-0.11762980000000023
902	no goal	97	1e3	-0.1449083000000002
902	no goal	97	1050	-0.12234913333333353
902	no goal	97	1100	-0.10278130000000019
902	no goal	97	1150	-0.07498713333333347
902	no goal	98	-200	0.014949972350230592
902	no goal	98	-150	0.01143875806451633
902	no goal	98	-100	-0.009147575268817118
902	no goal	98	-50	-0.012785408602150458
902	no goal	98	0	-0.0069474086021503
902	no goal	98	50	0.007220924731182891
902	no goal	98	100	-0.002238241935483757
902	no goal	98	150	0.002301758064516305
902	no goal	98	200	0.03010442473118295
902	no goal	98	250	0.046644091397849495
902	no goal	98	300	0.08852792473118291
902	no goal	98	350	0.09790175806451636
902	no goal	98	400	0.13950775806451624
902	no goal	98	450	0.14678542473118292
902	no goal	98	500	0.17054609139784974
902	no goal	98	550	0.19824942473118293
902	no goal	98	600	0.21249875806451635
902	no goal	98	650	0.20857692473118297
902	no goal	98	700	0.20367609139784962
902	no goal	98	750	0.14154075806451627
902	no goal	98	800	0.10077725806451632
902	no goal	98	850	0.08027109139784964
902	no goal	98	900	0.06227159139784962
902	no goal	98	950	0.042615924731182954
902	no goal	98	1e3	0.05683425806451625
902	no goal	98	1050	0.06496992473118302
902	no goal	98	1100	0.06844975806451632
902	no goal	98	1150	0.09948259139784958
902	no goal	99	-200	0.00981963333333343
902	no goal	99	-150	0.0018578000000000205
902	no goal	99	-100	-0.0026800333333333684
902	no goal	99	-50	-0.00604703333333334
902	no goal	99	0	-0.002950366666666593
902	no goal	99	50	0.0012446333333334298
902	no goal	99	100	0.0061329666666666656
902	no goal	99	150	0.022138966666666704
902	no goal	99	200	0.024618299999999982
902	no goal	99	250	0.05044513333333341
902	no goal	99	300	0.05317096666666673
902	no goal	99	350	0.06128863333333334
902	no goal	99	400	0.053963633333333316
902	no goal	99	450	0.031156300000000064
902	no goal	99	500	0.02297013333333342
902	no goal	99	550	0.04407663333333341
902	no goal	99	600	0.07474996666666667
902	no goal	99	650	0.06067960952380951
902	no goal	99	700	0.015927800000000047
902	no goal	99	750	-0.009849699999999961
902	no goal	99	800	-0.0385858666666666
902	no goal	99	850	0.013706966666666784
902	no goal	99	900	-0.0017531333333333343
902	no goal	99	950	0.007276038095238072
902	no goal	99	1e3	0.004025466666666662
902	no goal	99	1050	0.008055966666666711
902	no goal	99	1100	0.0033296333333333963
902	no goal	99	1150	0.023475966666666775
902	no goal	100	-200	-0.010793266666666726
902	no goal	100	-150	-0.0026959333333334743
902	no goal	100	-100	-0.0031901000000000845
902	no goal	100	-50	-0.006921600000000083
902	no goal	100	0	0.023600899999999925
902	no goal	100	50	0.011849233333333245
902	no goal	100	100	0.018779566666666653
902	no goal	100	150	0.01142706666666656
902	no goal	100	200	0.017815566666666543
902	no goal	100	250	0.0029925666666666593
902	no goal	100	300	-0.04316026666666676
902	no goal	100	350	-0.08015393333333336
902	no goal	100	400	-0.13369476666666671
902	no goal	100	450	-0.17103843333333338
902	no goal	100	500	-0.18783510000000012
902	no goal	100	550	-0.14043843333333342
902	no goal	100	600	-0.1128100333333335
902	no goal	100	650	-0.12746460000000007
902	no goal	100	700	-0.14346693333333338
902	no goal	100	750	-0.17730976666666676
902	no goal	100	800	-0.21820310000000012
902	no goal	100	850	-0.22578010000000007
902	no goal	100	900	-0.24887100476190488
902	no goal	100	950	-0.24777010000000002
902	no goal	100	1e3	-0.23643576666666669
902	no goal	100	1050	-0.20371763333333348
902	no goal	100	1100	-0.1033191
902	no goal	100	1150	-0.06960957619047622
902	no goal	101	-200	0.0026498479262673236
902	no goal	101	-150	-0.0023997473118278676
902	no goal	101	-100	-0.003320913978494581
902	no goal	101	-50	-0.005144413978494559
902	no goal	101	0	0.007773586021505426
902	no goal	101	50	0.01523675268817204
902	no goal	101	100	0.045426752688172055
902	no goal	101	150	0.049449919354838855
902	no goal	101	200	0.05482391935483877
902	no goal	101	250	0.06558008602150538
902	no goal	101	300	0.07500175268817204
902	no goal	101	350	0.11327541935483872
902	no goal	101	400	0.1506694193548387
902	no goal	101	450	0.1835550860215054
902	no goal	101	500	0.23041475268817213
902	no goal	101	550	0.25304308602150544
902	no goal	101	600	0.24126875268817213
902	no goal	101	650	0.21458141935483876
902	no goal	101	700	0.15274558602150545
902	no goal	101	750	0.11308558602150535
902	no goal	101	800	0.07811058602150545
902	no goal	101	850	0.06477658602150542
902	no goal	101	900	0.01874941935483876
902	no goal	101	950	0.008079919354838724
902	no goal	101	1e3	0.0321727526881721
902	no goal	101	1050	0.04640141935483877
902	no goal	101	1100	0.04824891935483877
902	no goal	101	1150	0.07288691935483878
902	no goal	102	-200	0.0024770875576038015
902	no goal	102	-150	-0.018847983870967644
902	no goal	102	-100	-0.005212150537634279
902	no goal	102	-50	-0.006254150537634266
902	no goal	102	0	0.027424349462365754
902	no goal	102	50	0.029744182795699087
902	no goal	102	100	0.06314018279569915
902	no goal	102	150	0.07399401612903238
902	no goal	102	200	0.07556918279569909
902	no goal	102	250	0.057032349462365683
902	no goal	102	300	0.04939934946236576
902	no goal	102	350	0.06604634946236576
902	no goal	102	400	0.07676934946236573
902	no goal	102	450	0.09547351612903239
902	no goal	102	500	0.12208451612903233
902	no goal	102	550	0.14648101612903242
902	no goal	102	600	0.135272182795699
902	no goal	102	650	0.11848018279569901
902	no goal	102	700	0.08752068279569898
902	no goal	102	750	0.05054601612903239
902	no goal	102	800	0.02501201612903244
902	no goal	102	850	0.060673682795699145
902	no goal	102	900	0.052111182795698964
902	no goal	102	950	0.04032001612903232
902	no goal	102	1e3	0.04439068279569917
902	no goal	102	1050	0.05771934946236579
902	no goal	102	1100	0.05410051612903244
902	no goal	102	1150	0.06717151612903242
902	no goal	103	-200	0.008264728110598973
902	no goal	103	-150	0.005272870967741798
902	no goal	103	-100	-0.007214295698924881
902	no goal	103	-50	-0.011132962365591581
902	no goal	103	0	0.003432204301075122
902	no goal	103	50	-8.844623655914763e-4
902	no goal	103	100	0.0011947043010751557
902	no goal	103	150	0.022342704301075173
902	no goal	103	200	0.02345720430107508
902	no goal	103	250	0.03124937096774179
902	no goal	103	300	0.028919370967741703
902	no goal	103	350	0.04513670430107508
902	no goal	103	400	0.03712737096774177
902	no goal	103	450	0.06217253763440844
902	no goal	103	500	0.10848653763440841
902	no goal	103	550	0.1520962043010751
902	no goal	103	600	0.20107337096774183
902	no goal	103	650	0.21311970430107507
902	no goal	103	700	0.2520565376344084
902	no goal	103	750	0.23442103763440839
902	no goal	103	800	0.20363403763440843
902	no goal	103	850	0.16786153763440845
902	no goal	103	900	0.14827087096774175
902	no goal	103	950	0.2016068709677418
902	no goal	103	1e3	0.21419387096774187
902	no goal	103	1050	0.10916370430107507
902	no goal	103	1100	NA
902	no goal	103	1150	NA
902	no goal	104	-200	0.03812901843317951
902	no goal	104	-150	0.014160827956988994
902	no goal	104	-100	-0.009205172043010931
902	no goal	104	-50	-0.021892672043010892
902	no goal	104	0	-0.027546838709677557
902	no goal	104	50	-0.029933838709677474
902	no goal	104	100	-0.03268883870967761
902	no goal	104	150	-0.009351005376344293
902	no goal	104	200	-0.018859005376344218
902	no goal	104	250	-0.020524672043011005
902	no goal	104	300	-0.016342838709677565
902	no goal	104	350	-0.00817250537634425
902	no goal	104	400	0.01774799462365569
902	no goal	104	450	0.04148866129032247
902	no goal	104	500	0.09853432795698909
902	no goal	104	550	0.11857182795698902
902	no goal	104	600	0.16112782795698913
902	no goal	104	650	0.1927313279569891
902	no goal	104	700	0.21013316129032242
902	no goal	104	750	0.21921966129032247
902	no goal	104	800	0.20487499462365574
902	no goal	104	850	0.19229499462365576
902	no goal	104	900	0.2247286612903224
902	no goal	104	950	0.2180029946236557
902	no goal	104	1e3	0.2245201612903224
902	no goal	104	1050	0.215330827956989
902	no goal	104	1100	0.21954032795698905
902	no goal	104	1150	0.23995549462365565
902	no goal	105	-200	0.02075747926267305
902	no goal	105	-150	0.01598119354838734
902	no goal	105	-100	-0.006695473118279486
902	no goal	105	-50	-0.005739306451612765
902	no goal	105	0	-0.027763473118279425
902	no goal	105	50	-0.020315473118279453
902	no goal	105	100	-0.014938639784946103
902	no goal	105	150	0.0015676935483872612
902	no goal	105	200	-0.007934139784946096
902	no goal	105	250	0.00142069354838729
902	no goal	105	300	-0.015545139784946057
902	no goal	105	350	-0.0259438064516128
902	no goal	105	400	-0.02848730645161268
902	no goal	105	450	-0.0014336397849461502
902	no goal	105	500	0.007179860215053828
902	no goal	105	550	0.0365621935483873
902	no goal	105	600	0.029129360215053895
902	no goal	105	650	0.015869193548387228
902	no goal	105	700	0.013625193548387315
902	no goal	105	750	-0.02300297311827948
902	no goal	105	800	-0.02727480645161277
902	no goal	105	850	-0.04884113978494612
902	no goal	105	900	-0.04071647311827934
902	no goal	105	950	-0.0577691397849461
902	no goal	105	1e3	-0.0734288064516128
902	no goal	105	1050	-0.08690347311827946
902	no goal	105	1100	-0.06677130645161282
902	no goal	105	1150	-0.04290630645161272
902	no goal	106	-200	0.022032951612903046
902	no goal	106	-150	-0.003722715053763611
902	no goal	106	-100	-4.735483870970114e-4
902	no goal	106	-50	-0.014319715053763652
902	no goal	106	0	-0.003014548387097043
902	no goal	106	50	0.016098618279569637
902	no goal	106	100	0.02767995161290308
902	no goal	106	150	0.05303461827956971
902	no goal	106	200	0.06902061827956978
902	no goal	106	250	0.09347245161290292
902	no goal	106	300	0.11381605161290302
902	no goal	106	350	0.150059951612903
902	no goal	106	400	0.19083516589861732
902	no goal	106	450	0.213001951612903
902	no goal	106	500	0.2440551182795697
902	no goal	106	550	0.2697986182795697
902	no goal	106	600	0.2878716182795697
902	no goal	106	650	0.22103695161290293
902	no goal	106	700	0.13821678494623635
902	no goal	106	750	0.06489028494623635
902	no goal	106	800	0.0040489516129029735
902	no goal	106	850	-0.0149168817204303
902	no goal	106	900	-0.038181048387097016
902	no goal	106	950	-0.05865021505376363
902	no goal	106	1e3	-0.05022588172043033
902	no goal	106	1050	-0.016954715053763596
902	no goal	106	1100	0.04883061827956962
902	no goal	106	1150	0.11188361827956965
902	no goal	107	-200	0.023065525345622322
902	no goal	107	-150	-0.004467403225806299
902	no goal	107	-100	-0.00934206989247303
902	no goal	107	-50	-0.0033494032258062725
902	no goal	107	0	-0.00975090322580637
902	no goal	107	50	0.02462909677419371
902	no goal	107	100	0.016971930107527067
902	no goal	107	150	0.020977763440860404
902	no goal	107	200	0.026696263440860363
902	no goal	107	250	0.04496043010752696
902	no goal	107	300	0.06141843010752712
902	no goal	107	350	0.08004476344086038
902	no goal	107	400	0.062354263440860334
902	no goal	107	450	0.07965443010752704
902	no goal	107	500	0.08449209677419371
902	no goal	107	550	0.09990643010752698
902	no goal	107	600	0.11974009677419366
902	no goal	107	650	0.14823409677419366
902	no goal	107	700	0.18591359677419375
902	no goal	107	750	0.22176776344086035
902	no goal	107	800	0.19467676344086024
902	no goal	107	850	0.15303459677419365
902	no goal	107	900	0.09273926344086036
902	no goal	107	950	0.06712193010752698
902	no goal	107	1e3	0.08168876344086044
902	no goal	107	1050	0.0666507634408604
902	no goal	107	1100	0.031889930107527054
902	no goal	107	1150	-0.0018947365591396685
902	no goal	108	-200	0.0048474999999998936
902	no goal	108	-150	-0.004475500000000077
902	no goal	108	-100	-0.010344833333333284
902	no goal	108	-50	0.0028886666666665395
902	no goal	108	0	0.007084166666666632
902	no goal	108	50	-0.012394833333333377
902	no goal	108	100	-0.030709000000000097
902	no goal	108	150	-0.04642933333333336
902	no goal	108	200	-0.07564883333333339
902	no goal	108	250	-0.08689326190476196
902	no goal	108	300	-0.08328666666666673
902	no goal	108	350	-0.09716483333333348
902	no goal	108	400	-0.10154266666666671
902	no goal	108	450	-0.07801866666666675
902	no goal	108	500	-0.03235116666666671
902	no goal	108	550	0.011738999999999944
902	no goal	108	600	0.05139749999999991
902	no goal	108	650	0.06929516666666664
902	no goal	108	700	0.04871149999999987
902	no goal	108	750	0.016855333333333222
902	no goal	108	800	-0.01886750000000011
902	no goal	108	850	-0.044055833333333405
902	no goal	108	900	-0.06743816666666665
902	no goal	108	950	-0.08905933333333338
902	no goal	108	1e3	-0.0974446666666667
902	no goal	108	1050	-0.08615816666666672
902	no goal	108	1100	-0.08392133333333336
902	no goal	108	1150	-0.054249166666666605
902	no goal	109	-200	0.05858643317972342
902	no goal	109	-150	0.024239956989247153
902	no goal	109	-100	-0.0041578763440860795
902	no goal	109	-50	-0.021945209677419458
902	no goal	109	0	-0.06648770967741939
902	no goal	109	50	-0.0900915430107528
902	no goal	109	100	-0.09919404301075274
902	no goal	109	150	-0.1183610430107529
902	no goal	109	200	-0.1443027096774195
902	no goal	109	250	-0.11962737634408611
902	no goal	109	300	-0.11867670967741957
902	no goal	109	350	-0.11421970967741957
902	no goal	109	400	-0.11148087634408621
902	no goal	109	450	-0.07640654301075278
902	no goal	109	500	-0.05372187634408617
902	no goal	109	550	-0.028136876344086126
902	no goal	109	600	0.017749790322580505
902	no goal	109	650	0.036446123655913855
902	no goal	109	700	0.003058623655913806
902	no goal	109	750	-0.03037404301075286
902	no goal	109	800	-0.03930087634408608
902	no goal	109	850	-0.026425709677419567
902	no goal	109	900	-0.006251209677419507
902	no goal	109	950	-0.019862709677419498
902	no goal	109	1e3	-0.030088876344086152
902	no goal	109	1050	-0.03152387634408608
902	no goal	109	1100	-0.05290637634408624
902	no goal	109	1150	-0.051075543010752865
902	no goal	110	-200	-0.02009591705069142
902	no goal	110	-150	-0.014542107526881972
902	no goal	110	-100	0.002762392473118084
902	no goal	110	-50	0.014988225806451538
902	no goal	110	0	0.020236725806451455
902	no goal	110	50	0.025588559139784788
902	no goal	110	100	0.012633059139784889
902	no goal	110	150	-0.0012892741935485545
902	no goal	110	200	-0.047655440860215226
902	no goal	110	250	-0.09733227419354858
902	no goal	110	300	-0.10568260752688181
902	no goal	110	350	-0.11465577419354855
902	no goal	110	400	-0.09329494086021521
902	no goal	110	450	-0.08508277419354855
902	no goal	110	500	-0.05772994086021529
902	no goal	110	550	-0.029996374193548458
902	no goal	110	600	0.027563368663594354
902	no goal	110	650	0.04485855913978476
902	no goal	110	700	0.01782189247311809
902	no goal	110	750	-0.01871510752688188
902	no goal	110	800	-0.030109940860215234
902	no goal	110	850	-8.569408602151866e-4
902	no goal	110	900	-0.004589440860215177
902	no goal	110	950	-0.019580107526881847
902	no goal	110	1e3	-0.035718940860215286
902	no goal	110	1050	-0.04897060752688195
902	no goal	110	1100	-0.06410094086021519
902	no goal	110	1150	-0.0608417741935486
902	no goal	111	-200	-0.02831253333333324
902	no goal	111	-150	-0.028609033333333162
902	no goal	111	-100	-0.005568366666666454
902	no goal	111	-50	0.020615466666666842
902	no goal	111	0	0.04187446666666691
902	no goal	111	50	0.06290930000000013
902	no goal	111	100	0.07087946666666693
902	no goal	111	150	0.07313046666666678
902	no goal	111	200	0.03132946666666688
902	no goal	111	250	-0.004646699999999819
902	no goal	111	300	-0.016886866666666462
902	no goal	111	350	-0.05315469999999989
902	no goal	111	400	-0.037699866666666505
902	no goal	111	450	-0.03224103333333317
902	no goal	111	500	-0.010627033333333147
902	no goal	111	550	0.03169263333333346
902	no goal	111	600	0.0716836333333335
902	no goal	111	650	0.11227696666666698
902	no goal	111	700	0.1031432523809526
902	no goal	111	750	0.0702666333333335
902	no goal	111	800	0.02780680000000017
902	no goal	111	850	0.005883633333333564
902	no goal	111	900	0.00951196666666676
902	no goal	111	950	NA
902	no goal	111	1e3	NA
902	no goal	111	1050	NA
902	no goal	111	1100	-0.04216717619047599
902	no goal	111	1150	-0.10092486666666645
902	no goal	112	-200	0.014996884792626666
902	no goal	112	-150	-0.004000591397849436
902	no goal	112	-100	-0.021697258064516056
902	no goal	112	-50	-0.004631424731182794
902	no goal	112	0	0.012832908602150583
902	no goal	112	50	0.014459575268817323
902	no goal	112	100	0.016729908602150623
902	no goal	112	150	0.028291241935483862
902	no goal	112	200	0.03337324193548382
902	no goal	112	250	0.058959908602150536
902	no goal	112	300	0.07611990860215052
902	no goal	112	350	0.12527257526881722
902	no goal	112	400	0.14676157526881717
902	no goal	112	450	0.18330640860215053
902	no goal	112	500	0.17590407526881716
902	no goal	112	550	0.18464824193548401
902	no goal	112	600	0.2059369086021506
902	no goal	112	650	0.22976657526881725
902	no goal	112	700	0.2646540752688173
902	no goal	112	750	0.25412090860215053
902	no goal	112	800	0.26027390860215055
902	no goal	112	850	0.19521507526881723
902	no goal	112	900	NA
902	no goal	112	950	NA
902	no goal	112	1e3	NA
902	no goal	112	1050	0.0353581419354839
902	no goal	112	1100	0.010032908602150522
902	no goal	112	1150	-0.003732924731182733
902	no goal	113	-200	0.04624827649769576
902	no goal	113	-150	0.020374586021505214
902	no goal	113	-100	-0.013655580645161258
902	no goal	113	-50	-0.029187580645161287
902	no goal	113	0	-0.03148774731182802
902	no goal	113	50	-0.026258247311828093
902	no goal	113	100	-0.03613441397849463
902	no goal	113	150	-0.03232708064516121
902	no goal	113	200	-0.0370229139784947
902	no goal	113	250	-0.0600770806451613
902	no goal	113	300	-0.059510413978494624
902	no goal	113	350	-0.08022508064516136
902	no goal	113	400	-0.03373158064516139
902	no goal	113	450	-0.007596580645161295
902	no goal	113	500	0.017373252688171952
902	no goal	113	550	0.05220325268817202
902	no goal	113	600	0.11819791935483866
902	no goal	113	650	0.13687341935483865
902	no goal	113	700	0.1515194193548386
902	no goal	113	750	0.13145225268817193
902	no goal	113	800	0.1430309193548387
902	no goal	113	850	0.1417044193548386
902	no goal	113	900	0.1590992526881719
902	no goal	113	950	0.1267705860215053
902	no goal	113	1e3	0.1105534193548386
902	no goal	113	1050	0.09275175268817197
902	no goal	113	1100	0.08880108602150531
902	no goal	113	1150	0.07153408602150531
902	no goal	114	-200	0.018257557603686653
902	no goal	114	-150	-0.0010863709677420008
902	no goal	114	-100	-0.011049204301075255
902	no goal	114	-50	-0.009075037634408497
902	no goal	114	0	-8.9870967741786e-5
902	no goal	114	50	-2.7204301075241705e-5
902	no goal	114	100	0.01978646236559145
902	no goal	114	150	0.019203795698924758
902	no goal	114	200	0.015141795698924746
902	no goal	114	250	-0.023621204301075133
902	no goal	114	300	-0.04817120430107521
902	no goal	114	350	-0.11183770430107527
902	no goal	114	400	-0.14532870430107528
902	no goal	114	450	-0.12957520430107525
902	no goal	114	500	-0.13310620430107525
902	no goal	114	550	-0.10023320430107534
902	no goal	114	600	-0.07528887096774188
902	no goal	114	650	-0.07905787096774186
902	no goal	114	700	-0.11114787096774197
902	no goal	114	750	-0.1355800376344086
902	no goal	114	800	-0.15501270430107517
902	no goal	114	850	-0.17829437096774195
902	no goal	114	900	-0.1756467043010752
902	no goal	114	950	-0.17503220430107516
902	no goal	114	1e3	-0.15943020430107535
902	no goal	114	1050	-0.15585353763440848
902	no goal	114	1100	-0.1460203709677419
902	no goal	114	1150	-0.14795770430107522
902	no goal	115	-200	0.006340764976958457
902	no goal	115	-150	0.011592026881720304
902	no goal	115	-100	0.018897860215053724
902	no goal	115	-50	-0.01361697311827966
902	no goal	115	0	-0.02427047311827968
902	no goal	115	50	-0.04231947311827966
902	no goal	115	100	-0.04808847311827965
902	no goal	115	150	-0.04301080645161289
902	no goal	115	200	-0.06837430645161291
902	no goal	115	250	-0.080060306451613
902	no goal	115	300	-0.05457997311827967
902	no goal	115	350	-0.06571363978494633
902	no goal	115	400	-0.05628547311827966
902	no goal	115	450	-0.05484747311827953
902	no goal	115	500	-0.02328113978494632
902	no goal	115	550	-0.018931306451613006
902	no goal	115	600	-0.04066380645161294
902	no goal	115	650	-0.06442097311827966
902	no goal	115	700	-0.09919613978494628
902	no goal	115	750	-0.13992680645161312
902	no goal	115	800	-0.18117597311827968
902	no goal	115	850	-0.18538613978494625
902	no goal	115	900	-0.19260980645161294
902	no goal	115	950	-0.18002130645161296
902	no goal	115	1e3	-0.162769306451613
902	no goal	115	1050	-0.15037747311827965
902	no goal	115	1100	-0.17066697311827964
902	no goal	115	1150	-0.14072480645161298
902	no goal	116	-200	-0.015890966666666895
902	no goal	116	-150	6.170333333331465e-4
902	no goal	116	-100	0.01144419999999983
902	no goal	116	-50	0.0029521999999998863
902	no goal	116	0	8.775333333331433e-4
902	no goal	116	50	-0.012386800000000106
902	no goal	116	100	-0.02001363333333354
902	no goal	116	150	-0.013440133333333529
902	no goal	116	200	-0.00935046666666691
902	no goal	116	250	-0.014212633333333521
902	no goal	116	300	0.001786199999999812
902	no goal	116	350	0.00680819999999982
902	no goal	116	400	0.03231019999999981
902	no goal	116	450	0.06662353333333315
902	no goal	116	500	0.10586836666666644
902	no goal	116	550	0.13584103333333322
902	no goal	116	600	0.14818536666666646
902	no goal	116	650	0.16097103333333318
902	no goal	116	700	0.10959203333333312
902	no goal	116	750	0.06248800952380933
902	no goal	116	800	0.02840386666666639
902	no goal	116	850	NA
902	no goal	116	900	NA
902	no goal	116	950	NA
902	no goal	116	1e3	0.0291760666666665
902	no goal	116	1050	-0.008924419047619267
902	no goal	116	1100	0.025500866666666438
902	no goal	116	1150	0.09078019999999976
902	no goal	117	-200	0.038442686635944856
902	no goal	117	-150	0.007290091397849678
902	no goal	117	-100	0.0027677580645162347
902	no goal	117	-50	-0.029646908602150395
902	no goal	117	0	-0.02526074193548385
902	no goal	117	50	-0.02613874193548371
902	no goal	117	100	-0.029869741935483713
902	no goal	117	150	-9.585752688169672e-4
902	no goal	117	200	0.0034675913978496156
902	no goal	117	250	-0.0031480752688171076
902	no goal	117	300	-5.062419354836903e-4
902	no goal	117	350	0.011260591397849481
902	no goal	117	400	0.011393591397849493
902	no goal	117	450	0.04396242473118287
902	no goal	117	500	0.08373175806451627
902	no goal	117	550	0.12244492473118296
902	no goal	117	600	0.12669242473118292
902	no goal	117	650	0.0641057580645162
902	no goal	117	700	0.03425475806451613
902	no goal	117	750	-0.015693575268817057
902	no goal	117	800	-0.021278575268817008
902	no goal	117	850	-0.03623224193548369
902	no goal	117	900	-0.02067957526881714
902	no goal	117	950	0.01827625806451631
902	no goal	117	1e3	0.025183924731182916
902	no goal	117	1050	0.03346292473118299
902	no goal	117	1100	0.034717458064516205
902	no goal	117	1150	0.06377182949308764
902	no goal	118	-200	-0.001703800000000107
902	no goal	118	-150	0.00721436666666649
902	no goal	118	-100	-0.005408800000000029
902	no goal	118	-50	-0.0034933000000000694
902	no goal	118	0	0.0033915333333331965
902	no goal	118	50	-0.0073889666666668114
902	no goal	118	100	-0.006187466666666808
902	no goal	118	150	0.00770286666666653
902	no goal	118	200	0.008485699999999818
902	no goal	118	250	0.012552033333333249
902	no goal	118	300	-0.005030466666666807
902	no goal	118	350	-0.004829800000000217
902	no goal	118	400	0.027988533333333326
902	no goal	118	450	0.043383533333333224
902	no goal	118	500	0.0763735333333333
902	no goal	118	550	0.1266951999999999
902	no goal	118	600	0.16104236666666658
902	no goal	118	650	0.16744086666666647
902	no goal	118	700	0.13968769999999986
902	no goal	118	750	0.09760470000000006
902	no goal	118	800	0.059679699999999856
902	no goal	118	850	0.0407045333333332
902	no goal	118	900	0.023540914285714174
902	no goal	118	950	0.06105753333333319
902	no goal	118	1e3	0.0667143666666666
902	no goal	118	1050	0.08781879999999997
902	no goal	118	1100	0.11062819999999991
902	no goal	118	1150	0.1565276999999999
902	no goal	119	-200	0.039315529953917024
902	no goal	119	-150	0.0066657204301074175
902	no goal	119	-100	0.012431553763440814
902	no goal	119	-50	-0.011832446236559102
902	no goal	119	0	-0.05313294623655921
902	no goal	119	50	-0.06874411290322587
902	no goal	119	100	-0.07954311290322595
902	no goal	119	150	-0.09347844623655914
902	no goal	119	200	-0.14052211290322592
902	no goal	119	250	-0.13247961290322582
902	no goal	119	300	-0.1268194462365592
902	no goal	119	350	-0.12856311290322586
902	no goal	119	400	-0.10696711290322591
902	no goal	119	450	-0.0826521129032259
902	no goal	119	500	-0.03891294623655909
902	no goal	119	550	0.026643553763440853
902	no goal	119	600	0.03535805376344089
902	no goal	119	650	0.04771422043010739
902	no goal	119	700	0.031495553763440855
902	no goal	119	750	0.006781887096774186
902	no goal	119	800	-0.01942877956989249
902	no goal	119	850	-0.01755877956989253
902	no goal	119	900	-0.04735461290322592
902	no goal	119	950	-0.05887294623655914
902	no goal	119	1e3	-0.05569961290322589
902	no goal	119	1050	-0.045548946236559106
902	no goal	119	1100	-0.006745779569892492
902	no goal	119	1150	0.05792822043010748
902	no goal	120	-200	0.019222834101382258
902	no goal	120	-150	0.01710354838709664
902	no goal	120	-100	0.011420048387096537
902	no goal	120	-50	-0.005636951612903414
902	no goal	120	0	-0.045313284946236765
902	no goal	120	50	-0.05817011827957005
902	no goal	120	100	-0.0764709516129034
902	no goal	120	150	-0.07617195161290335
902	no goal	120	200	-0.0721489516129034
902	no goal	120	250	-0.07512311827957012
902	no goal	120	300	-0.06944711827957002
902	no goal	120	350	-0.05367745161290335
902	no goal	120	400	-0.033944284946236726
902	no goal	120	450	-9.874516129033672e-4
902	no goal	120	500	0.03485304838709665
902	no goal	120	550	0.0761892150537633
902	no goal	120	600	0.1031638817204299
902	no goal	120	650	0.0736632150537632
902	no goal	120	700	0.006846048387096608
902	no goal	120	750	-0.054120284946236774
902	no goal	120	800	-0.11750828494623677
902	no goal	120	850	-0.15636661827957007
902	no goal	120	900	-0.17349445161290342
902	no goal	120	950	-0.18470211827957006
902	no goal	120	1e3	-0.15240361827957014
902	no goal	120	1050	-0.11395411827957003
902	no goal	120	1100	-0.10553261827957001
902	no goal	120	1150	-0.05355395161290333
902	no goal	121	-200	0.017250894009216644
902	no goal	121	-150	0.02423682258064515
902	no goal	121	-100	2.1165591397849978e-4
902	no goal	121	-50	-0.015651344086021535
902	no goal	121	0	-0.028923177419354795
902	no goal	121	50	-0.0503395107526882
902	no goal	121	100	-0.0767738440860215
902	no goal	121	150	-0.07181347741935493
902	no goal	121	200	-0.07967239170506911
902	no goal	121	250	-0.08725634408602145
902	no goal	121	300	-0.08416034408602147
902	no goal	121	350	-0.07407851075268823
902	no goal	121	400	-0.04289451075268813
902	no goal	121	450	0.005138989247311783
902	no goal	121	500	0.04591748924731176
902	no goal	121	550	0.06130065591397852
902	no goal	121	600	0.06690598924731184
902	no goal	121	650	0.03751648924731188
902	no goal	121	700	0.0010441559139785135
902	no goal	121	750	-0.051675177419354824
902	no goal	121	800	-0.07855301075268817
902	no goal	121	850	-0.08266534408602151
902	no goal	121	900	-0.11074451075268817
902	no goal	121	950	-0.11691317741935481
902	no goal	121	1e3	-0.08585467741935493
902	no goal	121	1050	-0.009367844086021426
902	no goal	121	1100	0.030253655913978477
902	no goal	121	1150	0.06683548924731182
902	no goal	122	-200	0.016402999999999796
902	no goal	122	-150	-0.010120166666666893
902	no goal	122	-100	-0.004392666666666785
902	no goal	122	-50	0.0011884999999998147
902	no goal	122	0	-0.003078666666666822
902	no goal	122	50	0.013397333333333114
902	no goal	122	100	0.005672666666666363
902	no goal	122	150	0.004987333333333233
902	no goal	122	200	0.01674299999999973
902	no goal	122	250	0.024976666666666425
902	no goal	122	300	0.018532499999999914
902	no goal	122	350	0.02121766666666643
902	no goal	122	400	0.022449309523809254
902	no goal	122	450	0.0467853666666664
902	no goal	122	500	0.06252383333333311
902	no goal	122	550	0.08638316666666634
902	no goal	122	600	0.1241027380952379
902	no goal	122	650	0.12260016666666651
902	no goal	122	700	0.09009776666666643
902	no goal	122	750	0.05137216666666638
902	no goal	122	800	0.024529333333333108
902	no goal	122	850	-0.004342500000000212
902	no goal	122	900	-0.015535166666666841
902	no goal	122	950	-0.025449333333333584
902	no goal	122	1e3	-0.026272000000000146
902	no goal	122	1050	-0.0055810000000002065
902	no goal	122	1100	0.011819499999999797
902	no goal	122	1150	0.030928999999999762
902	no goal	123	-200	0.038731046082949305
902	no goal	123	-150	0.01207740322580649
902	no goal	123	-100	-0.02636426344086022
902	no goal	123	-50	-0.0040145967741935795
902	no goal	123	0	-0.026884763440860215
902	no goal	123	50	-0.05605559677419351
902	no goal	123	100	-0.062138263440860264
902	no goal	123	150	-0.05389159677419353
902	no goal	123	200	-0.07716959677419351
902	no goal	123	250	-0.0737514301075269
902	no goal	123	300	-0.045127763440860225
902	no goal	123	350	-0.03914326344086024
902	no goal	123	400	-0.009949096774193608
902	no goal	123	450	0.015811403225806542
902	no goal	123	500	0.023609069892473133
902	no goal	123	550	0.0655527365591398
902	no goal	123	600	0.08698556989247301
902	no goal	123	650	0.1072455698924731
902	no goal	123	700	0.12217840322580649
902	no goal	123	750	0.07202490322580639
902	no goal	123	800	0.044904569892473045
902	no goal	123	850	-0.006734763440860325
902	no goal	123	900	-0.005274596774193545
902	no goal	123	950	0.05383090322580649
902	no goal	123	1e3	0.04399906989247312
902	no goal	123	1050	0.041029236559139814
902	no goal	123	1100	0.04796656989247309
902	no goal	123	1150	0.05556540322580646
902	no goal	124	-200	-3.919000000001856e-4
902	no goal	124	-150	-0.014856400000000214
902	no goal	124	-100	-0.005308066666666796
902	no goal	124	-50	4.49266666666448e-4
902	no goal	124	0	0.020107099999999784
902	no goal	124	50	-0.002694400000000282
902	no goal	124	100	0.015240933333333206
902	no goal	124	150	-0.003960733333333429
902	no goal	124	200	0.009057266666666544
902	no goal	124	250	0.017620433333333112
902	no goal	124	300	0.01904976666666654
902	no goal	124	350	0.03333093333333307
902	no goal	124	400	0.03593959999999977
902	no goal	124	450	0.08059993333333308
902	no goal	124	500	0.11011043333333315
902	no goal	124	550	0.1235695999999998
902	no goal	124	600	0.18474959999999988
902	no goal	124	650	0.19092243333333303
902	no goal	124	700	0.14179226666666653
902	no goal	124	750	0.09463193333333313
902	no goal	124	800	0.04163559999999977
902	no goal	124	850	0.021559433333333173
902	no goal	124	900	-0.005070066666666835
902	no goal	124	950	-0.03424556666666686
902	no goal	124	1e3	-0.04319090000000022
902	no goal	124	1050	-0.03525890000000024
902	no goal	124	1100	-0.014143685714285845
902	no goal	124	1150	0.039934933333333054
902	no goal	125	-200	0.011021110599078288
902	no goal	125	-150	0.01930513440860193
902	no goal	125	-100	0.018607634408601987
902	no goal	125	-50	-0.021510365591398035
902	no goal	125	0	-0.029260365591398035
902	no goal	125	50	-0.04805269892473133
902	no goal	125	100	-0.06352469892473134
902	no goal	125	150	-0.06830386559139805
902	no goal	125	200	-0.07636086559139794
902	no goal	125	250	-0.09644436559139809
902	no goal	125	300	-0.09592369892473133
902	no goal	125	350	-0.10489436559139802
902	no goal	125	400	-0.09063303225806463
902	no goal	125	450	-0.05113719892473134
902	no goal	125	500	-0.023430032258064653
902	no goal	125	550	0.02265780107526864
902	no goal	125	600	0.07077280107526869
902	no goal	125	650	0.10392530107526861
902	no goal	125	700	0.13374280107526867
902	no goal	125	750	0.07207996774193533
902	no goal	125	800	0.02319596774193533
902	no goal	125	850	-0.027928032258064617
902	no goal	125	900	-0.04660469892473144
902	no goal	125	950	-0.0995682322580647
902	no goal	125	1e3	-0.1015081751152074
902	no goal	125	1050	-0.11116519892473131
902	no goal	125	1100	-0.11025886559139801
902	no goal	125	1150	-0.11666936559139802
902	no goal	126	-200	0.015001096774193621
902	no goal	126	-150	0.017105596774193616
902	no goal	126	-100	-0.002704736559139794
902	no goal	126	-50	-0.012515069892473122
902	no goal	126	0	-0.01938706989247326
902	no goal	126	50	-0.060950403225806436
902	no goal	126	100	-0.08315023655913974
902	no goal	126	150	-0.09331373655913973
902	no goal	126	200	-0.08887906989247307
902	no goal	126	250	-0.0962185698924732
902	no goal	126	300	-0.09596806989247304
902	no goal	126	350	-0.09163890322580644
902	no goal	126	400	-0.08110633179723495
902	no goal	126	450	-0.05136056989247306
902	no goal	126	500	-0.015816903225806422
902	no goal	126	550	0.019093763440860185
902	no goal	126	600	0.03073126344086023
902	no goal	126	650	-0.00702123655913985
902	no goal	126	700	-0.05931056989247304
902	no goal	126	750	-0.10409373655913974
902	no goal	126	800	-0.1186907365591398
902	no goal	126	850	-0.11292773655913975
902	no goal	126	900	-0.16078090322580635
902	no goal	126	950	-0.1474459032258065
902	no goal	126	1e3	-0.1490669032258065
902	no goal	126	1050	-0.12812990322580645
902	no goal	126	1100	-0.10908823655913975
902	no goal	126	1150	-0.07151373655913969
902	no goal	127	-200	-0.007868949308755686
902	no goal	127	-150	-0.015111973118279462
902	no goal	127	-100	-1.4613978494604218e-4
902	no goal	127	-50	0.013443360215053879
902	no goal	127	0	0.010995193548387258
902	no goal	127	50	0.005034193548387226
902	no goal	127	100	0.009383026881720546
902	no goal	127	150	-0.005808139784946098
902	no goal	127	200	-0.01454897311827937
902	no goal	127	250	-0.016977806451612915
902	no goal	127	300	-0.041831973118279464
902	no goal	127	350	-0.046288973118279474
902	no goal	127	400	-0.02982613978494612
902	no goal	127	450	-0.03729213978494602
902	no goal	127	500	-0.014386473118279453
902	no goal	127	550	0.05488036021505397
902	no goal	127	600	0.044523860215053945
902	no goal	127	650	-0.0023343064516127368
902	no goal	127	700	-0.07563197311827936
902	no goal	127	750	-0.12472930645161269
902	no goal	127	800	-0.15833830645161284
902	no goal	127	850	-0.18606447311827945
902	no goal	127	900	-0.19294397311827938
902	no goal	127	950	-0.19882147311827944
902	no goal	127	1e3	-0.19766447311827942
902	no goal	127	1050	-0.1868373064516128
902	no goal	127	1100	-0.16169730645161265
902	no goal	127	1150	-0.13853447311827938
902	no goal	128	-200	-0.03217839814814816
902	no goal	128	-150	-0.01554274814814809
902	no goal	128	-100	-0.007394148148148168
902	no goal	128	-50	-0.004281481481481553
902	no goal	128	0	0.04608018518518516
902	no goal	128	50	0.05733601851851855
902	no goal	128	100	0.010006851851851831
902	no goal	128	150	3.091851851851531e-4
902	no goal	128	200	-0.07204829100529102
902	no goal	128	250	-0.10230131481481479
902	no goal	128	300	-0.12177398148148148
902	no goal	128	350	-0.11471264814814819
902	no goal	128	400	-0.10835164814814813
902	no goal	128	450	-0.06534448148148149
902	no goal	128	500	-0.024060981481481464
902	no goal	128	550	1.9268518518522626e-4
902	no goal	128	600	0.034097518518518534
902	no goal	128	650	0.030048351851851802
902	no goal	128	700	-0.024728314814814894
902	no goal	128	750	-0.07363314814814818
902	no goal	128	800	-0.09301864814814816
902	no goal	128	850	-0.06076181481481472
902	no goal	128	900	-0.07644164814814809
902	no goal	128	950	-0.0722788148148148
902	no goal	128	1e3	-0.04924798148148154
902	no goal	128	1050	-0.017723981481481504
902	no goal	128	1100	0.025196685185185252
902	no goal	128	1150	0.04488851851851846
902	no goal	129	-200	0.029487033333333395
902	no goal	129	-150	0.02650186666666669
902	no goal	129	-100	0.012920700000000007
902	no goal	129	-50	-0.021608133333333335
902	no goal	129	0	-0.04730146666666668
902	no goal	129	50	-0.08533146666666669
902	no goal	129	100	-0.10325641904761897
902	no goal	129	150	-0.10683863333333332
902	no goal	129	200	-0.11293063333333331
902	no goal	129	250	-0.11293846666666663
902	no goal	129	300	-0.1149668
902	no goal	129	350	-0.09195096666666662
902	no goal	129	400	-0.05307863333333329
902	no goal	129	450	-0.03724413333333332
902	no goal	129	500	0.004448700000000046
902	no goal	129	550	0.05832170000000003
902	no goal	129	600	0.06476053333333327
902	no goal	129	650	0.0585693666666666
902	no goal	129	700	-0.0011826333333332755
902	no goal	129	750	-0.03426313333333334
902	no goal	129	800	-0.07047196666666666
902	no goal	129	850	-0.10863363333333324
902	no goal	129	900	-0.13084346666666677
902	no goal	129	950	-0.15822213333333326
902	no goal	129	1e3	-0.1743724666666667
902	no goal	129	1050	-0.16980846666666669
902	no goal	129	1100	-0.16265213333333337
902	no goal	129	1150	-0.1328071333333333
902	no goal	130	-200	0.00078409677419338005
902	no goal	130	-150	-0.009317903225806612
902	no goal	130	-100	-0.006517069892473248
902	no goal	130	-50	0.0027949301075266644
902	no goal	130	0	0.012125263440860104
902	no goal	130	50	0.04206859677419339
902	no goal	130	100	0.04659909677419338
902	no goal	130	150	0.04584259677419341
902	no goal	130	200	0.03777159677419332
902	no goal	130	250	0.05231693010752673
902	no goal	130	300	0.032293596774193446
902	no goal	130	350	0.019550430107526735
902	no goal	130	400	0.014241263440860111
902	no goal	130	450	0.026970930107526714
902	no goal	130	500	0.06470276344086012
902	no goal	130	550	0.10885726344086007
902	no goal	130	600	0.11838659677419335
902	no goal	130	650	0.12683543010752665
902	no goal	130	700	0.06549026344086006
902	no goal	130	750	0.04017109677419336
902	no goal	130	800	0.005314596774193436
902	no goal	130	850	-0.022377403225806686
902	no goal	130	900	-0.0027467365591399653
902	no goal	130	950	0.050739096774193415
902	no goal	130	1e3	0.024233096774193424
902	no goal	130	1050	0.03745459677419327
902	no goal	130	1100	0.06671843010752676
902	no goal	130	1150	0.10656993010752669
902	no goal	131	-200	-0.005515092165898595
902	no goal	131	-150	0.0055075268817204774
902	no goal	131	-100	0.0015576935483870475
902	no goal	131	-50	0.0031948602150538483
902	no goal	131	0	-0.003825806451612864
902	no goal	131	50	-0.017836973118279476
902	no goal	131	100	-0.04808680645161282
902	no goal	131	150	-0.04981963978494619
902	no goal	131	200	-0.06598563978494625
902	no goal	131	250	-0.08729647311827948
902	no goal	131	300	-0.07724313978494624
902	no goal	131	350	-0.0669311397849462
902	no goal	131	400	-0.05286380645161278
902	no goal	131	450	-0.03905013978494624
902	no goal	131	500	0.025969693548387147
902	no goal	131	550	0.06032436021505383
902	no goal	131	600	0.08745969354838712
902	no goal	131	650	0.07612186021505381
902	no goal	131	700	0.04127686021505387
902	no goal	131	750	0.003004193548387176
902	no goal	131	800	-0.0848874731182796
902	no goal	131	850	-0.12124063978494615
902	no goal	131	900	-0.15597347311827958
902	no goal	131	950	-0.1769378064516128
902	no goal	131	1e3	-0.2171024731182795
902	no goal	131	1050	-0.21169613978494617
902	no goal	131	1100	-0.19392930645161285
902	no goal	131	1150	-0.1895481397849462
902	no goal	132	-200	0.05223170506912427
902	no goal	132	-150	0.03150425268817192
902	no goal	132	-100	0.006185586021505281
902	no goal	132	-50	-0.035439080645161436
902	no goal	132	0	-0.06318774731182815
902	no goal	132	50	-0.08766774731182814
902	no goal	132	100	-0.08390808064516146
902	no goal	132	150	-0.10242741397849486
902	no goal	132	200	-0.0951545806451614
902	no goal	132	250	-0.09252674731182808
902	no goal	132	300	-0.09762424731182806
902	no goal	132	350	-0.08052124731182812
902	no goal	132	400	-0.060606247311828065
902	no goal	132	450	-0.0391210806451614
902	no goal	132	500	-0.006536747311828073
902	no goal	132	550	0.013821586021505258
902	no goal	132	600	0.005314752688171905
902	no goal	132	650	-0.003216580645161393
902	no goal	132	700	-0.035793247311828015
902	no goal	132	750	-0.07194358064516145
902	no goal	132	800	-0.0806317473118281
902	no goal	132	850	-0.08399924731182813
902	no goal	132	900	-0.053708747311828064
902	no goal	132	950	-0.060357747311828115
902	no goal	132	1e3	-0.06161558064516141
902	no goal	132	1050	-0.06408274731182802
902	no goal	132	1100	-0.07130158064516141
902	no goal	132	1150	-0.05516191397849476
902	no goal	133	-200	-0.04547364055299547
902	no goal	133	-150	-0.021032854838709685
902	no goal	133	-100	0.01875564516129032
902	no goal	133	-50	0.02702447849462364
902	no goal	133	0	0.028305311827957036
902	no goal	133	50	0.034223311827956904
902	no goal	133	100	0.034057978494623775
902	no goal	133	150	0.035966311827956954
902	no goal	133	200	0.026239978494623523
902	no goal	133	250	0.002331978494623632
902	no goal	133	300	-0.007584521505376325
902	no goal	133	350	-0.051180354838709606
902	no goal	133	400	-0.09454635483870977
902	no goal	133	450	-0.088437688172043
902	no goal	133	500	-0.07802768817204304
902	no goal	133	550	-0.05765818817204297
902	no goal	133	600	-0.03087802150537633
902	no goal	133	650	-0.060903354838709754
902	no goal	133	700	-0.09795785483870967
902	no goal	133	750	-0.140487188172043
902	no goal	133	800	-0.17248802150537634
902	no goal	133	850	-0.18032302150537638
902	no goal	133	900	-0.17758852150537638
902	no goal	133	950	-0.18000302150537636
902	no goal	133	1e3	-0.18457685483870967
902	no goal	133	1050	-0.18670652150537634
902	no goal	133	1100	-0.17070935483870966
902	no goal	133	1150	-0.15305402150537625
902	no goal	134	-200	0.03430163333333317
902	no goal	134	-150	0.019824799999999792
902	no goal	134	-100	-0.0061733666666668645
902	no goal	134	-50	-0.0265320333333335
902	no goal	134	0	-0.02142103333333349
902	no goal	134	50	0.00351563333333312
902	no goal	134	100	0.02296646666666639
902	no goal	134	150	0.05427879999999985
902	no goal	134	200	0.06732163333333314
902	no goal	134	250	0.09534346666666653
902	no goal	134	300	0.10231096666666646
902	no goal	134	350	0.10188763333333317
902	no goal	134	400	0.07454613333333304
902	no goal	134	450	0.08655463333333313
902	no goal	134	500	0.12083963333333318
902	no goal	134	550	0.11385713333333314
902	no goal	134	600	0.10818046666666652
902	no goal	134	650	0.09113013333333313
902	no goal	134	700	0.04870313333333313
902	no goal	134	750	0.0012867999999998578
902	no goal	134	800	-0.01754920000000008
902	no goal	134	850	-0.043557366666666875
902	no goal	134	900	-0.05451303333333354
902	no goal	134	950	-0.07320170000000019
902	no goal	134	1e3	-0.05571853333333343
902	no goal	134	1050	-0.028626200000000157
902	no goal	134	1100	0.003766633333333195
902	no goal	134	1150	0.031234299999999715
902	no goal	135	-200	0.007443000000000015
902	no goal	135	-150	-0.004305666666666689
902	no goal	135	-100	0.0020491666666665833
902	no goal	135	-50	-0.002779833333333389
902	no goal	135	0	-0.002406666666666668
902	no goal	135	50	0.004127499999999988
902	no goal	135	100	-0.0018323333333333618
902	no goal	135	150	-0.0019460000000000033
902	no goal	135	200	0.00847766666666668
902	no goal	135	250	0.0013420000000000283
902	no goal	135	300	0.012160500000000019
902	no goal	135	350	0.017038166666666726
902	no goal	135	400	0.03561499999999995
902	no goal	135	450	0.07508316666666655
902	no goal	135	500	0.1124994999999999
902	no goal	135	550	0.14489016666666651
902	no goal	135	600	0.19090299999999996
902	no goal	135	650	0.18955299999999994
902	no goal	135	700	0.16220233333333325
902	no goal	135	750	0.13503066666666666
902	no goal	135	800	0.09982983333333333
902	no goal	135	850	0.06164316666666658
902	no goal	135	900	0.07309049999999995
902	no goal	135	950	0.04728433333333326
902	no goal	135	1e3	0.06413033333333333
902	no goal	135	1050	0.07064299999999994
902	no goal	135	1100	0.08482426190476179
902	no goal	135	1150	0.12396133333333337
902	no goal	136	-200	-0.0063839400921657284
902	no goal	136	-150	-0.006042059139784876
902	no goal	136	-100	-0.0012563924731182248
902	no goal	136	-50	0.00321160752688184
902	no goal	136	0	0.011534774193548388
902	no goal	136	50	0.027723940860215162
902	no goal	136	100	0.0472759408602151
902	no goal	136	150	0.048894940860215064
902	no goal	136	200	0.06989144086021508
902	no goal	136	250	0.07143144086021509
902	no goal	136	300	0.07553910752688187
902	no goal	136	350	0.05964660752688178
902	no goal	136	400	0.08891994086021504
902	no goal	136	450	0.10973410752688184
902	no goal	136	500	0.13231194086021505
902	no goal	136	550	0.1635911075268818
902	no goal	136	600	0.20724577419354842
902	no goal	136	650	0.22508110752688185
902	no goal	136	700	0.17593327419354834
902	no goal	136	750	0.14297510752688183
902	no goal	136	800	0.07978460752688184
902	no goal	136	850	0.08853160752688176
902	no goal	136	900	0.1492064408602151
902	no goal	136	950	0.1216046075268818
902	no goal	136	1e3	0.11365494086021506
902	no goal	136	1050	0.12429277419354845
902	no goal	136	1100	0.14929727419354846
902	no goal	136	1150	0.1639252741935484
902	no goal	137	-200	-0.009027004608294817
902	no goal	137	-150	0.0028533763440861857
902	no goal	137	-100	-0.0013914569892472528
902	no goal	137	-50	0.0018450430107527598
902	no goal	137	0	0.007224543010752778
902	no goal	137	50	0.0024492096774194247
902	no goal	137	100	-0.003393623655913928
902	no goal	137	150	-0.008301456989247299
902	no goal	137	200	-0.02263879032258065
902	no goal	137	250	-0.015979956989247295
902	no goal	137	300	-0.0010796236559138528
902	no goal	137	350	2.1876344086087702e-5
902	no goal	137	400	-0.016669123655913925
902	no goal	137	450	0.0032533763440860675
902	no goal	137	500	0.0329028763440861
902	no goal	137	550	0.061872876344086114
902	no goal	137	600	0.09146770967741953
902	no goal	137	650	0.08634670967741931
902	no goal	137	700	0.06794537634408604
902	no goal	137	750	0.03012987634408611
902	no goal	137	800	-0.004878623655913887
902	no goal	137	850	-0.03277845698924723
902	no goal	137	900	-0.049051290322580675
902	no goal	137	950	-0.03418412365591387
902	no goal	137	1e3	-0.021162790322580616
902	no goal	137	1050	-0.010720790322580479
902	no goal	137	1100	0.009472043010752737
902	no goal	137	1150	0.060683876344086084
902	no goal	138	-200	0.007347585253456325
902	no goal	138	-150	0.011340204301075296
902	no goal	138	-100	0.0023500376344087006
902	no goal	138	-50	-0.005072962365591256
902	no goal	138	0	-0.01718946236559134
902	no goal	138	50	-0.034775962365591294
902	no goal	138	100	-0.0404619623655913
902	no goal	138	150	-0.04630796236559117
902	no goal	138	200	-0.052014129032257994
902	no goal	138	250	-0.05858396236559127
902	no goal	138	300	-0.05826429569892463
902	no goal	138	350	-0.023970295698924577
902	no goal	138	400	-0.005560462365591379
902	no goal	138	450	-0.005966795698924665
902	no goal	138	500	0.012750537634408735
902	no goal	138	550	0.05251220430107528
902	no goal	138	600	0.06612370430107532
902	no goal	138	650	0.08446987096774199
902	no goal	138	700	0.050465537634408676
902	no goal	138	750	0.00160137096774197
902	no goal	138	800	-0.041593295698924594
902	no goal	138	850	-0.07175412903225802
902	no goal	138	900	-0.11333029569892468
902	no goal	138	950	-0.11917229569892467
902	no goal	138	1e3	-0.13091496236559133
902	no goal	138	1050	-0.11758479569892459
902	no goal	138	1100	-0.07551962903225802
902	no goal	138	1150	-0.05459179569892466
902	no goal	139	-200	0.028920930875576265
902	no goal	139	-150	0.005878811827957205
902	no goal	139	-100	-0.006076021505376117
902	no goal	139	-50	-0.012766688172042814
902	no goal	139	0	-0.02077718817204281
902	no goal	139	50	-0.016040021505376128
902	no goal	139	100	-0.02772252150537609
902	no goal	139	150	-0.018037854838709455
902	no goal	139	200	-0.018417021505376125
902	no goal	139	250	0.002275811827957256
902	no goal	139	300	0.004654811827957239
902	no goal	139	350	0.02006081182795727
902	no goal	139	400	0.03729681182795722
902	no goal	139	450	0.07113847849462392
902	no goal	139	500	0.11935031182795715
902	no goal	139	550	0.1459416451612905
902	no goal	139	600	0.16877897849462387
902	no goal	139	650	0.19380247849462387
902	no goal	139	700	0.1562443118279572
902	no goal	139	750	0.08560614516129054
902	no goal	139	800	0.047033478494623804
902	no goal	139	850	-0.008031354838709426
902	no goal	139	900	-0.021589188172042695
902	no goal	139	950	-0.04255735483870948
902	no goal	139	1e3	-0.025392188172042918
902	no goal	139	1050	9.631182795718136e-5
902	no goal	139	1100	0.03178681182795725
902	no goal	139	1150	0.08840464516129054
902	no goal	140	-200	0.04456720737327175
902	no goal	140	-150	0.015843731182795695
902	no goal	140	-100	-0.006301768817204382
902	no goal	140	-50	-0.02819810215053768
902	no goal	140	0	-0.033338935483871124
902	no goal	140	50	-0.03957510215053772
902	no goal	140	100	-0.05666210215053772
902	no goal	140	150	-0.03492110215053771
902	no goal	140	200	-0.014845935483871031
902	no goal	140	250	0.03284189784946223
902	no goal	140	300	0.0817357311827956
902	no goal	140	350	0.096354064516129
902	no goal	140	400	0.15001906451612887
902	no goal	140	450	0.18970823118279564
902	no goal	140	500	0.22409623118279565
902	no goal	140	550	0.2185467311827957
902	no goal	140	600	0.22464739784946222
902	no goal	140	650	0.18703389784946242
902	no goal	140	700	0.11065439784946222
902	no goal	140	750	0.03882889784946227
902	no goal	140	800	-0.0370841021505377
902	no goal	140	850	-0.06634260215053778
902	no goal	140	900	-0.09190643548387108
902	no goal	140	950	-0.09912926881720445
902	no goal	140	1e3	-0.07853026881720442
902	no goal	140	1050	-0.03789893548387102
902	no goal	140	1100	0.0020355645161289626
902	no goal	140	1150	0.07536006451612898
