Subject	condition	TrialId	bin	pupil_change
936	easy goal	1	-200	0.002691645161290485
936	easy goal	1	-150	0.0034196451612905263
936	easy goal	1	-100	-0.002614354838709495
936	easy goal	1	-50	-0.02552185483870943
936	easy goal	1	0	0.021576311827957273
936	easy goal	1	50	0.013174145161290562
936	easy goal	1	100	0.026892311827957222
936	easy goal	1	150	0.01575297849462376
936	easy goal	1	200	0.005859145161290602
936	easy goal	1	250	0.01732897849462393
936	easy goal	1	300	0.02041281182795725
936	easy goal	1	350	0.03392681182795728
936	easy goal	1	400	0.0354528118279572
936	easy goal	1	450	0.02903497849462385
936	easy goal	1	500	0.011952978494623808
936	easy goal	1	550	NA
936	easy goal	1	600	NA
936	easy goal	1	650	NA
936	easy goal	1	700	NA
936	easy goal	1	750	NA
936	easy goal	1	800	-0.07984515483870949
936	easy goal	1	850	-0.05030318817204275
936	easy goal	1	900	-0.04446002150537617
936	easy goal	1	950	-0.08708385483870955
936	easy goal	1	1e3	NA
936	easy goal	1	1050	NA
936	easy goal	1	1100	-0.06456760483870949
936	easy goal	1	1150	0.0468528118279572
936	easy goal	2	-200	-0.04459813824884806
936	easy goal	2	-150	-0.034972376344086044
936	easy goal	2	-100	0.010634623655913908
936	easy goal	2	-50	0.01659462365591387
936	easy goal	2	0	0.05977429032258064
936	easy goal	2	50	0.06776229032258052
936	easy goal	2	100	0.08106062365591393
936	easy goal	2	150	0.1340376236559139
936	easy goal	2	200	0.16618595698924735
936	easy goal	2	250	0.16953279032258065
936	easy goal	2	300	0.14142579032258062
936	easy goal	2	350	0.12118495698924729
936	easy goal	2	400	0.11461312365591388
936	easy goal	2	450	0.08540862365591395
936	easy goal	2	500	0.04490012365591397
936	easy goal	2	550	NA
936	easy goal	2	600	NA
936	easy goal	2	650	NA
936	easy goal	2	700	-0.8656497096774194
936	easy goal	2	750	0.13897812365591392
936	easy goal	2	800	0.10730629032258061
936	easy goal	2	850	-0.02838570967741938
936	easy goal	2	900	NA
936	easy goal	2	950	NA
936	easy goal	2	1e3	-0.07346130967741944
936	easy goal	2	1050	-0.004403709677419358
936	easy goal	2	1100	0.03552362365591385
936	easy goal	2	1150	-0.04044250967741938
936	easy goal	3	-200	5.061520737327717e-4
936	easy goal	3	-150	-9.194193548385984e-4
936	easy goal	3	-100	0.021575913978494638
936	easy goal	3	-50	-0.00852608602150536
936	easy goal	3	0	-0.01272091935483862
936	easy goal	3	50	-0.0187414193548386
936	easy goal	3	100	-0.017032586021505258
936	easy goal	3	150	-0.02468558602150524
936	easy goal	3	200	-0.03318008602150524
936	easy goal	3	250	-0.0175759193548386
936	easy goal	3	300	-0.0028862526881720343
936	easy goal	3	350	0.020232080645161393
936	easy goal	3	400	0.04225941397849472
936	easy goal	3	450	0.04103024731182803
936	easy goal	3	500	0.05185191397849468
936	easy goal	3	550	0.08281908064516141
936	easy goal	3	600	-0.02764741935483883
936	easy goal	3	650	NA
936	easy goal	3	700	NA
936	easy goal	3	750	-0.04604841935483863
936	easy goal	3	800	0.1577149139784948
936	easy goal	3	850	0.14529558064516124
936	easy goal	3	900	-0.0969559193548386
936	easy goal	3	950	NA
936	easy goal	3	1e3	-0.5463074193548387
936	easy goal	3	1050	0.022497080645161427
936	easy goal	3	1100	0.10114174731182797
936	easy goal	3	1150	0.1366632473118281
936	easy goal	4	-200	-0.026490966666666615
936	easy goal	4	-150	-0.015898633333333228
936	easy goal	4	-100	-0.0018486333333332567
936	easy goal	4	-50	0.009924200000000086
936	easy goal	4	0	0.03431403333333346
936	easy goal	4	50	0.04046786666666683
936	easy goal	4	100	0.05565420000000013
936	easy goal	4	150	0.07502953333333344
936	easy goal	4	200	0.09946403333333342
936	easy goal	4	250	0.11062720000000008
936	easy goal	4	300	0.12062670000000009
936	easy goal	4	350	0.11933170000000004
936	easy goal	4	400	0.11539020000000007
936	easy goal	4	450	0.1269047000000001
936	easy goal	4	500	0.13714703333333342
936	easy goal	4	550	0.15775748571428583
936	easy goal	4	600	NA
936	easy goal	4	650	NA
936	easy goal	4	700	NA
936	easy goal	4	750	NA
936	easy goal	4	800	NA
936	easy goal	4	850	0.13712220000000003
936	easy goal	4	900	0.2083830333333335
936	easy goal	4	950	0.2141498666666668
936	easy goal	4	1e3	0.2203920333333335
936	easy goal	4	1050	0.21282586666666678
936	easy goal	4	1100	0.24514553333333344
936	easy goal	4	1150	0.28779853333333333
936	easy goal	5	-200	-0.0330198571428573
936	easy goal	5	-150	-0.008276166666666787
936	easy goal	5	-100	0.00877949999999994
936	easy goal	5	-50	0.02140399999999998
936	easy goal	5	0	0.016615833333333274
936	easy goal	5	50	0.03498416666666652
936	easy goal	5	100	0.04546366666666657
936	easy goal	5	150	0.05284733333333317
936	easy goal	5	200	0.06736699999999995
936	easy goal	5	250	0.06370933333333324
936	easy goal	5	300	0.07280933333333328
936	easy goal	5	350	0.06802683333333315
936	easy goal	5	400	0.08353299999999993
936	easy goal	5	450	0.08564816666666648
936	easy goal	5	500	0.11548466666666661
936	easy goal	5	550	0.1362418333333332
936	easy goal	5	600	0.1482406666666666
936	easy goal	5	650	0.06149349999999987
936	easy goal	5	700	NA
936	easy goal	5	750	NA
936	easy goal	5	800	NA
936	easy goal	5	850	-0.3618619999999999
936	easy goal	5	900	0.13735624999999985
936	easy goal	5	950	0.1691206666666666
936	easy goal	5	1e3	0.1811601666666666
936	easy goal	5	1050	0.1984653333333332
936	easy goal	5	1100	0.22762616666666657
936	easy goal	5	1150	0.30405116666666654
936	easy goal	6	-200	0.01651910952380956
936	easy goal	6	-150	0.008037166666666717
936	easy goal	6	-100	-0.014341319047618992
936	easy goal	6	-50	0.0023631666666667607
936	easy goal	6	0	-0.011207700000000006
936	easy goal	6	50	-0.0021158904761904296
936	easy goal	6	100	-0.016238366666666632
936	easy goal	6	150	-0.02447486666666669
936	easy goal	6	200	-0.05039253333333327
936	easy goal	6	250	-0.06566920000000002
936	easy goal	6	300	-0.07907436666666667
936	easy goal	6	350	-0.09634086666666668
936	easy goal	6	400	-0.10204419999999999
936	easy goal	6	450	-0.10471736666666669
936	easy goal	6	500	-0.10341103333333326
936	easy goal	6	550	-0.12115153333333328
936	easy goal	6	600	NA
936	easy goal	6	650	NA
936	easy goal	6	700	NA
936	easy goal	6	750	-0.24869053333333335
936	easy goal	6	800	0.060203466666666726
936	easy goal	6	850	0.0717974666666666
936	easy goal	6	900	0.06275096666666664
936	easy goal	6	950	0.09122729999999997
936	easy goal	6	1e3	0.12867913333333333
936	easy goal	6	1050	0.15591679999999997
936	easy goal	6	1100	0.17341730000000002
936	easy goal	6	1150	-0.4020545333333334
936	easy goal	7	-200	0.004404640552995355
936	easy goal	7	-150	0.009424021505376393
936	easy goal	7	-100	0.0020358548387096054
936	easy goal	7	-50	-0.002096145161290345
936	easy goal	7	0	-0.014502478494623716
936	easy goal	7	50	-0.03859181182795712
936	easy goal	7	100	-0.05969747849462367
936	easy goal	7	150	-0.06532081182795706
936	easy goal	7	200	-0.05455847849462373
936	easy goal	7	250	-0.062240145161290394
936	easy goal	7	300	-0.05923864516129029
936	easy goal	7	350	-0.04000297849462379
936	easy goal	7	400	-0.029643811827957094
936	easy goal	7	450	-0.014421478494623793
936	easy goal	7	500	0.007614688172042842
936	easy goal	7	550	-0.006974311827957121
936	easy goal	7	600	0.025722521505376388
936	easy goal	7	650	0.0620081881720429
936	easy goal	7	700	0.044540188172043006
936	easy goal	7	750	0.06599318817204303
936	easy goal	7	800	0.042280854838709615
936	easy goal	7	850	0.004617688172043
936	easy goal	7	900	-0.017288645161290434
936	easy goal	7	950	-0.03421847849462378
936	easy goal	7	1e3	-0.039586311827957056
936	easy goal	7	1050	-0.04378347849462375
936	easy goal	7	1100	-0.03445314516129039
936	easy goal	7	1150	-0.01917381182795704
936	easy goal	8	-200	-0.007010055299539226
936	easy goal	8	-150	-0.007030650537634371
936	easy goal	8	-100	0.0013593494623656
936	easy goal	8	-50	-3.2898387096769177e-4
936	easy goal	8	0	0.014178682795698968
936	easy goal	8	50	0.009862182795698985
936	easy goal	8	100	0.017292516129032265
936	easy goal	8	150	0.008329016129032288
936	easy goal	8	200	0.029332349462365626
936	easy goal	8	250	0.04433484946236558
936	easy goal	8	300	0.04959501612903224
936	easy goal	8	350	0.049056016129032244
936	easy goal	8	400	0.05176134946236558
936	easy goal	8	450	0.046093516129032265
936	easy goal	8	500	0.051101849462365546
936	easy goal	8	550	-0.14350298387096783
936	easy goal	8	600	NA
936	easy goal	8	650	NA
936	easy goal	8	700	NA
936	easy goal	8	750	-0.8258894838709678
936	easy goal	8	800	0.1313320161290322
936	easy goal	8	850	0.13830784946236552
936	easy goal	8	900	0.08285751612903229
936	easy goal	8	950	0.08127768279569884
936	easy goal	8	1e3	0.017641266129032385
936	easy goal	8	1050	NA
936	easy goal	8	1100	NA
936	easy goal	8	1150	NA
936	easy goal	9	-200	0.026285928571428436
936	easy goal	9	-150	0.007907309523809358
936	easy goal	9	-100	-0.0031458571428573112
936	easy goal	9	-50	0.006376476190476099
936	easy goal	9	0	-0.08360969047619049
936	easy goal	9	50	-0.5118173571428573
936	easy goal	9	100	-0.13047019047619068
936	easy goal	9	150	-0.04866369047619049
936	easy goal	9	200	-0.025430523809523892
936	easy goal	9	250	-0.019363523809523997
936	easy goal	9	300	-0.0174915238095239
936	easy goal	9	350	-0.0029301904761905493
936	easy goal	9	400	-6.371904761905967e-4
936	easy goal	9	450	-9.452380952394239e-5
936	easy goal	9	500	0.005296142857142749
936	easy goal	9	550	0.009878642857142758
936	easy goal	9	600	0.025529642857142692
936	easy goal	9	650	-0.047505023809523816
936	easy goal	9	700	NA
936	easy goal	9	750	NA
936	easy goal	9	800	-0.7793733571428572
936	easy goal	9	850	-0.06276635714285728
936	easy goal	9	900	0.0181716428571427
936	easy goal	9	950	-4.832142857143903e-4
936	easy goal	9	1e3	-0.04244252380952399
936	easy goal	9	1050	-0.029283857142857233
936	easy goal	9	1100	-0.008907690476190592
936	easy goal	9	1150	0.015435809523809407
936	easy goal	10	-200	-0.022975119815668306
936	easy goal	10	-150	-0.0011715483870968768
936	easy goal	10	-100	-0.011847381720430317
936	easy goal	10	-50	0.023548618279569816
936	easy goal	10	0	0.016274618279569813
936	easy goal	10	50	0.03962495161290317
936	easy goal	10	100	0.02392695161290311
936	easy goal	10	150	0.008109118279569763
936	easy goal	10	200	-0.002206381720430158
936	easy goal	10	250	-0.007894748387096851
936	easy goal	10	300	-0.0152801198156683
936	easy goal	10	350	-0.017647881720430265
936	easy goal	10	400	-0.039703381720430274
936	easy goal	10	450	-0.05325771505376357
936	easy goal	10	500	-0.040918548387096854
936	easy goal	10	550	-0.023946381720430177
936	easy goal	10	600	-0.04001221505376348
936	easy goal	10	650	NA
936	easy goal	10	700	NA
936	easy goal	10	750	NA
936	easy goal	10	800	NA
936	easy goal	10	850	-0.3242595483870969
936	easy goal	10	900	-0.055354976958525474
936	easy goal	10	950	-0.011973548387096855
936	easy goal	10	1e3	0.009384618279569823
936	easy goal	10	1050	-0.001330381720430207
936	easy goal	10	1100	0.021265284946236546
936	easy goal	10	1150	0.0647642849462365
936	easy goal	11	-200	0.034813066666666614
936	easy goal	11	-150	NA
936	easy goal	11	-100	-0.13471693333333334
936	easy goal	11	-50	-0.020248933333333257
936	easy goal	11	0	0.031097400000000015
936	easy goal	11	50	0.04346139999999998
936	easy goal	11	100	0.05914606666666663
936	easy goal	11	150	0.07507706666666669
936	easy goal	11	200	0.0883799
936	easy goal	11	250	0.11702773333333331
936	easy goal	11	300	0.10240590000000001
936	easy goal	11	350	0.08285989999999994
936	easy goal	11	400	0.06075056666666664
936	easy goal	11	450	0.04257040000000001
936	easy goal	11	500	0.048874400000000096
936	easy goal	11	550	0.043411733333333334
936	easy goal	11	600	-0.009501433333333309
936	easy goal	11	650	NA
936	easy goal	11	700	NA
936	easy goal	11	750	NA
936	easy goal	11	800	-0.6736929333333332
936	easy goal	11	850	-0.09940943333333341
936	easy goal	11	900	-0.011662599999999967
936	easy goal	11	950	-0.0057982666666666445
936	easy goal	11	1e3	0.007813566666666697
936	easy goal	11	1050	0.04794140000000002
936	easy goal	11	1100	0.09454673333333326
936	easy goal	11	1150	0.1265923999999999
936	easy goal	12	-200	-0.02172800000000016
936	easy goal	12	-150	0.007778833333333217
936	easy goal	12	-100	0.016745833333333165
936	easy goal	12	-50	-0.010840500000000105
936	easy goal	12	0	0.011665166666666579
936	easy goal	12	50	0.011874499999999863
936	easy goal	12	100	0.011570333333333238
936	easy goal	12	150	0.0014224999999998822
936	easy goal	12	200	-0.011909666666666707
936	easy goal	12	250	-0.033291333333333416
936	easy goal	12	300	-0.0481168333333335
936	easy goal	12	350	-0.060493333333333434
936	easy goal	12	400	-0.06852900000000013
936	easy goal	12	450	-0.07971550000000005
936	easy goal	12	500	-0.059845333333333604
936	easy goal	12	550	-0.030895333333333424
936	easy goal	12	600	-0.004975500000000095
936	easy goal	12	650	-0.10032933333333356
936	easy goal	12	700	NA
936	easy goal	12	750	NA
936	easy goal	12	800	NA
936	easy goal	12	850	NA
936	easy goal	12	900	-0.07724733333333338
936	easy goal	12	950	0.046058833333333236
936	easy goal	12	1e3	0.10492999999999997
936	easy goal	12	1050	0.09078599999999981
936	easy goal	12	1100	0.11527166666666659
936	easy goal	12	1150	0.15645449999999994
936	easy goal	13	-200	-0.008953635944700571
936	easy goal	13	-150	0.0013381021505374975
936	easy goal	13	-100	0.00529333548387072
936	easy goal	13	-50	-0.001985921658986367
936	easy goal	13	0	0.007013602150537442
936	easy goal	13	50	-0.006182264516129266
936	easy goal	13	100	-0.0014616359447006439
936	easy goal	13	150	0.0015976021505374287
936	easy goal	13	200	0.017134268817204108
936	easy goal	13	250	0.0151172688172041
936	easy goal	13	300	0.027378435483870717
936	easy goal	13	350	0.038882102150537445
936	easy goal	13	400	0.05055860215053739
936	easy goal	13	450	0.05677026881720404
936	easy goal	13	500	0.08231543548387073
936	easy goal	13	550	0.09310153548387072
936	easy goal	13	600	0.11119379262672784
936	easy goal	13	650	0.05212393548387073
936	easy goal	13	700	NA
936	easy goal	13	750	NA
936	easy goal	13	800	NA
936	easy goal	13	850	-0.623924064516129
936	easy goal	13	900	0.11477993548387078
936	easy goal	13	950	0.09956926881720414
936	easy goal	13	1e3	0.09388410215053737
936	easy goal	13	1050	0.060159935483870886
936	easy goal	13	1100	NA
936	easy goal	13	1150	NA
936	easy goal	15	-200	0.0012238294930876517
936	easy goal	15	-150	-8.059086021504994e-4
936	easy goal	15	-100	6.882580645161488e-4
936	easy goal	15	-50	-0.0017485752688171097
936	easy goal	15	0	4.384247311829033e-4
936	easy goal	15	50	-0.01483140860215045
936	easy goal	15	100	-0.01557107526881718
936	easy goal	15	150	-0.025785241935483816
936	easy goal	15	200	-0.03196874193548379
936	easy goal	15	250	-0.04208124193548376
936	easy goal	15	300	-0.052260741935483766
936	easy goal	15	350	-0.04700057526881718
936	easy goal	15	400	-0.03984257526881718
936	easy goal	15	450	-0.036202908602150474
936	easy goal	15	500	-0.0017972419354839175
936	easy goal	15	550	0.02403359139784948
936	easy goal	15	600	0.04016942473118279
936	easy goal	15	650	0.03961059139784958
936	easy goal	15	700	0.030432091397849453
936	easy goal	15	750	0.021496758064516158
936	easy goal	15	800	-0.014649908602150393
936	easy goal	15	850	-0.0278480752688172
936	easy goal	15	900	-0.06342257526881719
936	easy goal	15	950	-0.07639774193548383
936	easy goal	15	1e3	-0.0923292419354839
936	easy goal	15	1050	-0.1040424086021506
936	easy goal	15	1100	-0.11063257526881731
936	easy goal	15	1150	-0.1100365752688172
936	easy goal	16	-200	-0.10160039170506899
936	easy goal	16	-150	0.01508382258064526
936	easy goal	16	-100	0.0293146559139786
936	easy goal	16	-50	0.03148965591397849
936	easy goal	16	0	0.04264565591397851
936	easy goal	16	50	0.0681048225806451
936	easy goal	16	100	0.09780365591397848
936	easy goal	16	150	0.13715332258064525
936	easy goal	16	200	0.1654861559139785
936	easy goal	16	250	0.16781898924731187
936	easy goal	16	300	0.14943932258064518
936	easy goal	16	350	0.14634698924731185
936	easy goal	16	400	0.11804415591397859
936	easy goal	16	450	0.11912948924731181
936	easy goal	16	500	0.12471365591397854
936	easy goal	16	550	0.1296151559139785
936	easy goal	16	600	0.15548782258064522
936	easy goal	16	650	0.18373965591397848
936	easy goal	16	700	0.18744298924731187
936	easy goal	16	750	0.16298732258064522
936	easy goal	16	800	0.1448401559139784
936	easy goal	16	850	0.09565848924731186
936	easy goal	16	900	0.07887898924731178
936	easy goal	16	950	0.05709932258064524
936	easy goal	16	1e3	0.0488403225806453
936	easy goal	16	1050	0.059872322580645156
936	easy goal	16	1100	0.07679048924731198
936	easy goal	16	1150	0.08304232258064514
936	easy goal	17	-200	-0.024294682027649728
936	easy goal	17	-150	-0.0046721344086020355
936	easy goal	17	-100	6.500322580646293e-4
936	easy goal	17	-50	0.01170153225806462
936	easy goal	17	0	0.020664365591397987
936	easy goal	17	50	0.01998186559139777
936	easy goal	17	100	0.013993532258064581
936	easy goal	17	150	0.00314936559139789
936	easy goal	17	200	0.010821198924731249
936	easy goal	17	250	-0.003422634408602132
936	easy goal	17	300	-0.007720801075268735
936	easy goal	17	350	-0.0040899677419354115
936	easy goal	17	400	0.026707198924731168
936	easy goal	17	450	0.03900986559139782
936	easy goal	17	500	0.06355236559139787
936	easy goal	17	550	0.054635282258064466
936	easy goal	17	600	NA
936	easy goal	17	650	NA
936	easy goal	17	700	NA
936	easy goal	17	750	NA
936	easy goal	17	800	NA
936	easy goal	17	850	0.13719303225806456
936	easy goal	17	900	0.13237986559139783
936	easy goal	17	950	NA
936	easy goal	17	1e3	NA
936	easy goal	17	1050	-0.046623967741935335
936	easy goal	17	1100	0.14411053225806456
936	easy goal	17	1150	0.20122953225806453
936	easy goal	18	-200	0.015753377880184098
936	easy goal	18	-150	0.004826806451612671
936	easy goal	18	-100	-0.0013810268817205558
936	easy goal	18	-50	-0.0037983602150539753
936	easy goal	18	0	-0.018026360215054032
936	easy goal	18	50	-0.027273526881720578
936	easy goal	18	100	-0.036168526881720675
936	easy goal	18	150	-0.04678602688172062
936	easy goal	18	200	-0.0647656935483872
936	easy goal	18	250	-0.06841569354838735
936	easy goal	18	300	-0.06330619354838733
936	easy goal	18	350	-0.04827286021505395
936	easy goal	18	400	-0.037996693548387306
936	easy goal	18	450	-0.012470860215053984
936	easy goal	18	500	-0.0017500268817206195
936	easy goal	18	550	0.030317639784945987
936	easy goal	18	600	0.05552030645161269
936	easy goal	18	650	0.059896639784946006
936	easy goal	18	700	0.048412806451612576
936	easy goal	18	750	0.026967139784945953
936	easy goal	18	800	-0.11066119354838744
936	easy goal	18	850	NA
936	easy goal	18	900	NA
936	easy goal	18	950	NA
936	easy goal	18	1e3	-0.6034951935483872
936	easy goal	18	1050	-0.05507169354838737
936	easy goal	18	1100	-0.002972026881720602
936	easy goal	18	1150	0.026310473118279276
936	easy goal	19	-200	NA
936	easy goal	19	-150	-0.410384238095238
936	easy goal	19	-100	0.08871409523809537
936	easy goal	19	-50	0.09238992857142876
936	easy goal	19	0	0.024088095238095446
936	easy goal	19	50	0.0542302619047621
936	easy goal	19	100	0.05314059523809537
936	easy goal	19	150	0.05481959523809551
936	easy goal	19	200	0.03712209523809543
936	easy goal	19	250	0.014366428571428669
936	easy goal	19	300	-0.037544571428571295
936	easy goal	19	350	-0.06988623809523786
936	easy goal	19	400	-0.08615640476190463
936	easy goal	19	450	-0.11284057142857125
936	easy goal	19	500	-0.12760407142857125
936	easy goal	19	550	-0.14455757142857126
936	easy goal	19	600	-0.15011607142857128
936	easy goal	19	650	-0.13302890476190465
936	easy goal	19	700	-0.09722990476190459
936	easy goal	19	750	-0.0866470714285712
936	easy goal	19	800	-0.08069457142857117
936	easy goal	19	850	-0.07377590476190465
936	easy goal	19	900	-0.0730387380952379
936	easy goal	19	950	-0.09183040476190452
936	easy goal	19	1e3	-0.11295007142857123
936	easy goal	19	1050	-0.1027260714285713
936	easy goal	19	1100	-0.1100644047619046
936	easy goal	19	1150	-0.12024057142857125
936	easy goal	20	-200	-0.027939170506912588
936	easy goal	20	-150	-0.010495408602150702
936	easy goal	20	-100	-3.5807526881740753e-4
936	easy goal	20	-50	0.022910091397849275
936	easy goal	20	0	0.0205390913978493
936	easy goal	20	50	0.05290092473118261
936	easy goal	20	100	0.06326842473118262
936	easy goal	20	150	0.08563125806451592
936	easy goal	20	200	0.09960675806451598
936	easy goal	20	250	0.11536342473118262
936	easy goal	20	300	0.1262667580645159
936	easy goal	20	350	0.12525642473118262
936	easy goal	20	400	0.11874425806451587
936	easy goal	20	450	0.11949309139784936
936	easy goal	20	500	0.15117642473118256
936	easy goal	20	550	0.18175009139784923
936	easy goal	20	600	0.17876809139784924
936	easy goal	20	650	NA
936	easy goal	20	700	NA
936	easy goal	20	750	NA
936	easy goal	20	800	NA
936	easy goal	20	850	NA
936	easy goal	20	900	-0.11134274193548421
936	easy goal	20	950	0.1290505080645159
936	easy goal	20	1e3	0.18954482949308746
936	easy goal	20	1050	0.21441092473118264
936	easy goal	20	1100	0.25413109139784923
936	easy goal	20	1150	0.28563409139784923
936	easy goal	21	-200	0.02482866666666661
936	easy goal	21	-150	0.01303033333333318
936	easy goal	21	-100	-0.00505183333333344
936	easy goal	21	-50	-0.018034666666666716
936	easy goal	21	0	-0.014772500000000077
936	easy goal	21	50	-0.040597500000000064
936	easy goal	21	100	-0.04470016666666665
936	easy goal	21	150	-0.026469000000000076
936	easy goal	21	200	-0.02347233333333339
936	easy goal	21	250	-0.019982333333333473
936	easy goal	21	300	-0.007583666666666655
936	easy goal	21	350	0.00709833333333328
936	easy goal	21	400	0.02298816666666655
936	easy goal	21	450	0.01352761904761898
936	easy goal	21	500	0.029921833333333314
936	easy goal	21	550	0.019024333333333237
936	easy goal	21	600	0.019592166666666522
936	easy goal	21	650	0.01290999999999983
936	easy goal	21	700	0.028490999999999822
936	easy goal	21	750	0.024725499999999883
936	easy goal	21	800	-0.017915833333333353
936	easy goal	21	850	-0.012914166666666707
936	easy goal	21	900	-0.016791000000000073
936	easy goal	21	950	-0.03171116666666681
936	easy goal	21	1e3	-0.06820733333333344
936	easy goal	21	1050	-0.06784166666666687
936	easy goal	21	1100	-0.06309086666666675
936	easy goal	21	1150	-0.06816209523809531
936	easy goal	22	-200	0.008016171428571297
936	easy goal	22	-150	0.003727099999999872
936	easy goal	22	-100	-0.003539900000000188
936	easy goal	22	-50	-1.1420000000015307e-4
936	easy goal	22	0	-0.009444233333333626
936	easy goal	22	50	-0.004545066666666875
936	easy goal	22	100	-0.01142673333333355
936	easy goal	22	150	-0.03019856666666687
936	easy goal	22	200	-0.029541066666666893
936	easy goal	22	250	-0.04484940000000015
936	easy goal	22	300	-0.06305706666666684
936	easy goal	22	350	-0.05367556666666684
936	easy goal	22	400	-0.06279940000000021
936	easy goal	22	450	-0.039820066666666896
936	easy goal	22	500	-0.03659990000000013
936	easy goal	22	550	-0.015245566666666802
936	easy goal	22	600	-0.006439900000000165
936	easy goal	22	650	-0.19437340000000036
936	easy goal	22	700	NA
936	easy goal	22	750	NA
936	easy goal	22	800	NA
936	easy goal	22	850	NA
936	easy goal	22	900	-0.17947390000000016
936	easy goal	22	950	-0.03179123333333352
936	easy goal	22	1e3	-0.016678400000000204
936	easy goal	22	1050	0.009200433333333091
936	easy goal	22	1100	0.052259766666666506
936	easy goal	22	1150	0.06641793333333308
936	easy goal	23	-200	-0.007136345622119844
936	easy goal	23	-150	-6.597741935484199e-4
936	easy goal	23	-100	-0.0033879408602150254
936	easy goal	23	-50	-0.002035940860215154
936	easy goal	23	0	0.014409392473118343
936	easy goal	23	50	0.00889855913978499
936	easy goal	23	100	0.006614725806451578
936	easy goal	23	150	0.00909372580645155
936	easy goal	23	200	-9.982741935484392e-4
936	easy goal	23	250	-0.007194107526881839
936	easy goal	23	300	6.07725806451557e-4
936	easy goal	23	350	8.228924731182493e-4
936	easy goal	23	400	0.01734089247311828
936	easy goal	23	450	0.003290892473118312
936	easy goal	23	500	0.02448939247311821
936	easy goal	23	550	0.03576289247311822
936	easy goal	23	600	0.03164522580645146
936	easy goal	23	650	-0.028916440860215165
936	easy goal	23	700	NA
936	easy goal	23	750	NA
936	easy goal	23	800	NA
936	easy goal	23	850	NA
936	easy goal	23	900	NA
936	easy goal	23	950	NA
936	easy goal	23	1e3	NA
936	easy goal	23	1050	0.03002822580645148
936	easy goal	23	1100	0.03768582580645159
936	easy goal	23	1150	0.06501255913978483
936	easy goal	24	-200	0.04482937327188947
936	easy goal	24	-150	0.0164788494623657
936	easy goal	24	-100	0.003977182795698993
936	easy goal	24	-50	-0.025030983870967694
936	easy goal	24	0	-0.0477259838709676
936	easy goal	24	50	-0.05516815053763432
936	easy goal	24	100	-0.059055817204300975
936	easy goal	24	150	-0.06643981720430103
936	easy goal	24	200	-0.06335848387096761
936	easy goal	24	250	-0.04479281720430106
936	easy goal	24	300	-0.01526615053763436
936	easy goal	24	350	0.015774682795698974
936	easy goal	24	400	0.0543423494623656
936	easy goal	24	450	0.08545201612903235
936	easy goal	24	500	0.13152834946236566
936	easy goal	24	550	0.17705301612903232
936	easy goal	24	600	0.20492768279569895
936	easy goal	24	650	0.18114951612903218
936	easy goal	24	700	NA
936	easy goal	24	750	NA
936	easy goal	24	800	NA
936	easy goal	24	850	NA
936	easy goal	24	900	NA
936	easy goal	24	950	0.1012302661290323
936	easy goal	24	1e3	0.15118084946236574
936	easy goal	24	1050	0.13692651612903237
936	easy goal	24	1100	0.16634468279569906
936	easy goal	24	1150	0.2107706827956989
936	easy goal	25	-200	-0.0020285806451612993
936	easy goal	25	-150	-0.012304080645161308
936	easy goal	25	-100	0.0020147526881720466
936	easy goal	25	-50	0.00416591935483875
936	easy goal	25	0	0.008490086021505435
936	easy goal	25	50	0.012381586021505372
936	easy goal	25	100	0.009190752688172044
936	easy goal	25	150	0.005280086021505352
936	easy goal	25	200	0.026798086021505352
936	easy goal	25	250	0.03910758602150547
936	easy goal	25	300	0.040442419354838645
936	easy goal	25	350	0.0378010860215053
936	easy goal	25	400	0.029345919354838657
936	easy goal	25	450	0.028281586021505323
936	easy goal	25	500	0.009072586021505366
936	easy goal	25	550	0.004642419354838741
936	easy goal	25	600	0.006876086021505283
936	easy goal	25	650	-0.03406441397849469
936	easy goal	25	700	NA
936	easy goal	25	750	NA
936	easy goal	25	800	NA
936	easy goal	25	850	-0.47725058064516124
936	easy goal	25	900	-0.013798080645161304
936	easy goal	25	950	-0.04552415207373274
936	easy goal	25	1e3	-0.06518574731182795
936	easy goal	25	1050	-0.018668413978494575
936	easy goal	25	1100	0.014685752688171997
936	easy goal	25	1150	0.03411925268817195
936	easy goal	26	-200	0.005427161290322375
936	easy goal	26	-150	0.002011327956989032
936	easy goal	26	-100	-0.006226672043010935
936	easy goal	26	-50	0.0024414946236557267
936	easy goal	26	0	-0.004557838709677631
936	easy goal	26	50	-0.0023921720430109725
936	easy goal	26	100	0.0020146612903223873
936	easy goal	26	150	0.003796827956988954
936	easy goal	26	200	0.010825327956989058
936	easy goal	26	250	-5.558387096776437e-4
936	easy goal	26	300	0.016668827956989023
936	easy goal	26	350	0.027542994623655614
936	easy goal	26	400	0.04921699462365566
936	easy goal	26	450	0.08037499462365567
936	easy goal	26	500	0.11423199462365563
936	easy goal	26	550	0.162723327956989
936	easy goal	26	600	0.186215327956989
936	easy goal	26	650	0.21650749462365573
936	easy goal	26	700	0.15258599462365563
936	easy goal	26	750	NA
936	easy goal	26	800	NA
936	easy goal	26	850	NA
936	easy goal	26	900	NA
936	easy goal	26	950	NA
936	easy goal	26	1e3	0.10999616129032241
936	easy goal	26	1050	0.21427016129032225
936	easy goal	26	1100	0.22007599462365576
936	easy goal	26	1150	0.24015616129032233
936	easy goal	27	-200	0.019065138248848066
936	easy goal	27	-150	0.0179293763440862
936	easy goal	27	-100	-0.007236123655913899
936	easy goal	27	-50	-0.006756790322580549
936	easy goal	27	0	-0.026179123655913905
936	easy goal	27	50	-0.043834623655913875
936	easy goal	27	100	-0.04588979032258048
936	easy goal	27	150	-0.05427062365591384
936	easy goal	27	200	-0.07093562365591399
936	easy goal	27	250	-0.08363329032258056
936	easy goal	27	300	-0.09226629032258045
936	easy goal	27	350	-0.101179623655914
936	easy goal	27	400	-0.09923729032258051
936	easy goal	27	450	-0.10550562365591391
936	easy goal	27	500	-0.0840537903225805
936	easy goal	27	550	-0.06849645698924715
936	easy goal	27	600	-0.06861362365591384
936	easy goal	27	650	-0.29511529032258066
936	easy goal	27	700	NA
936	easy goal	27	750	NA
936	easy goal	27	800	NA
936	easy goal	27	850	NA
936	easy goal	27	900	0.025040709677419448
936	easy goal	27	950	-0.07740789032258047
936	easy goal	27	1e3	-0.08562845698924722
936	easy goal	27	1050	-0.05369179032258057
936	easy goal	27	1100	-0.008480290322580611
936	easy goal	27	1150	0.035389543010752846
936	easy goal	28	-200	0.03981669124423944
936	easy goal	28	-150	0.016036948387096663
936	easy goal	28	-100	-0.0033788801843318084
936	easy goal	28	-50	-0.021265951612903383
936	easy goal	28	0	-0.034608951612903414
936	easy goal	28	50	-0.045144118279570065
936	easy goal	28	100	-0.05632761827957008
936	easy goal	28	150	-0.06883278494623661
936	easy goal	28	200	-0.06562061827957
936	easy goal	28	250	-0.06203261827957
936	easy goal	28	300	-0.058768618279569994
936	easy goal	28	350	-0.059198618279569994
936	easy goal	28	400	-0.05569528494623673
936	easy goal	28	450	-0.033953618279570184
936	easy goal	28	500	-0.018340118279570012
936	easy goal	28	550	0.009990381720430022
936	easy goal	28	600	0.037493048387096696
936	easy goal	28	650	0.024090715053763256
936	easy goal	28	700	0.03137371505376333
936	easy goal	28	750	0.006228215053763364
936	easy goal	28	800	-0.01224028494623671
936	easy goal	28	850	-0.04758061827957002
936	easy goal	28	900	-0.06382478494623663
936	easy goal	28	950	-0.08915745161290338
936	easy goal	28	1e3	-0.07375928494623674
936	easy goal	28	1050	-0.09229595161290331
936	easy goal	28	1100	-0.08763111827957
936	easy goal	28	1150	-0.08055495161290331
936	easy goal	29	-200	-0.0030866000000000504
936	easy goal	29	-150	0.0012655190476189887
936	easy goal	29	-100	0.004765233333333363
936	easy goal	29	-50	-0.0037947666666666713
936	easy goal	29	0	0.0014338999999999509
936	easy goal	29	50	0.006800233333333239
936	easy goal	29	100	-0.014410766666666705
936	easy goal	29	150	-0.014064099999999987
936	easy goal	29	200	-0.04640190952380958
936	easy goal	29	250	-0.060675266666666706
936	easy goal	29	300	-0.06135936666666675
936	easy goal	29	350	-0.06622133809523811
936	easy goal	29	400	-0.04830343333333342
936	easy goal	29	450	-0.04707316666666674
936	easy goal	29	500	-0.020111338095238147
936	easy goal	29	550	-0.019359766666666722
936	easy goal	29	600	-0.0011246238095239391
936	easy goal	29	650	-0.0012986000000000757
936	easy goal	29	700	-0.015797433333333277
936	easy goal	29	750	-0.06287626666666675
936	easy goal	29	800	-0.1789352666666666
936	easy goal	29	850	NA
936	easy goal	29	900	NA
936	easy goal	29	950	NA
936	easy goal	29	1e3	-0.28667109999999996
936	easy goal	29	1050	-0.06424976666666667
936	easy goal	29	1100	-0.07135526666666674
936	easy goal	29	1150	-0.0672519333333333
936	easy goal	30	-200	-0.02679068663594464
936	easy goal	30	-150	-0.015401424731182741
936	easy goal	30	-100	0.004583408602150636
936	easy goal	30	-50	0.012565241935484028
936	easy goal	30	0	0.029508575268817266
936	easy goal	30	50	0.036492075268817294
936	easy goal	30	100	0.03793074193548396
936	easy goal	30	150	0.05281124193548389
936	easy goal	30	200	0.06467940860215056
936	easy goal	30	250	0.06711857526881733
936	easy goal	30	300	0.09951440860215059
936	easy goal	30	350	0.09415457526881732
936	easy goal	30	400	0.1294360752688172
936	easy goal	30	450	0.14222174193548395
936	easy goal	30	500	0.13553657526881727
936	easy goal	30	550	NA
936	easy goal	30	600	NA
936	easy goal	30	650	NA
936	easy goal	30	700	-0.040232758064516094
936	easy goal	30	750	0.28470199193548407
936	easy goal	30	800	0.267031541935484
936	easy goal	30	850	0.19393731336405542
936	easy goal	30	900	0.13059757526881732
936	easy goal	30	950	NA
936	easy goal	30	1e3	NA
936	easy goal	30	1050	NA
936	easy goal	30	1100	0.014924075268817264
936	easy goal	30	1150	0.2751212419354839
936	easy goal	31	-200	0.013093700000000133
936	easy goal	31	-150	0.019588699999999976
936	easy goal	31	-100	0.010465366666666753
936	easy goal	31	-50	-0.014024799999999912
936	easy goal	31	0	-0.029122966666666656
936	easy goal	31	50	-0.020998133333333262
936	easy goal	31	100	-0.02410796666666659
936	easy goal	31	150	-0.026548466666666732
936	easy goal	31	200	-0.027962966666666533
936	easy goal	31	250	-0.00981863333333314
936	easy goal	31	300	0.002553866666666756
936	easy goal	31	350	-0.01736563333333326
936	easy goal	31	400	-0.0033731333333333335
936	easy goal	31	450	0.00576136666666668
936	easy goal	31	500	0.0011853666666667984
936	easy goal	31	550	0.008123200000000145
936	easy goal	31	600	0.012454866666666767
936	easy goal	31	650	0.027944866666666845
936	easy goal	31	700	0.05722396666666674
936	easy goal	31	750	-0.08072623333333322
936	easy goal	31	800	NA
936	easy goal	31	850	NA
936	easy goal	31	900	NA
936	easy goal	31	950	-0.13357963333333345
936	easy goal	31	1e3	-0.042119799999999895
936	easy goal	31	1050	0.018543200000000166
936	easy goal	31	1100	0.025024033333333435
936	easy goal	31	1150	0.023828533333333384
936	easy goal	32	-200	6.096302521010344e-4
936	easy goal	32	-150	0.017816558823529578
936	easy goal	32	-100	-0.06056427450980376
936	easy goal	32	-50	NA
936	easy goal	32	0	0.07052605882352969
936	easy goal	32	50	0.08212322549019639
936	easy goal	32	100	0.09961439215686292
936	easy goal	32	150	0.11421122549019629
936	easy goal	32	200	0.1294038921568629
936	easy goal	32	250	0.13064889215686293
936	easy goal	32	300	0.15723155882352965
936	easy goal	32	350	0.15568022549019642
936	easy goal	32	400	0.14552539215686303
936	easy goal	32	450	0.16548722549019623
936	easy goal	32	500	0.1693113921568629
936	easy goal	32	550	0.1784382254901964
936	easy goal	32	600	0.09837572549019624
936	easy goal	32	650	NA
936	easy goal	32	700	NA
936	easy goal	32	750	NA
936	easy goal	32	800	NA
936	easy goal	32	850	0.19424705882352958
936	easy goal	32	900	0.166089392156863
936	easy goal	32	950	0.163712892156863
936	easy goal	32	1e3	0.16469922549019636
936	easy goal	32	1050	0.20190739215686304
936	easy goal	32	1100	0.22296839215686295
936	easy goal	32	1150	0.23417672549019639
936	easy goal	34	-200	0.012846107142857388
936	easy goal	34	-150	-0.009772749999999775
936	easy goal	34	-100	-2.098928571426636e-4
936	easy goal	34	-50	-0.007917949999999863
936	easy goal	34	0	NA
936	easy goal	34	50	NA
936	easy goal	34	100	-0.2615957499999997
936	easy goal	34	150	0.009498678571428863
936	easy goal	34	200	0.013223416666666932
936	easy goal	34	250	0.005941083333333541
936	easy goal	34	300	9.142500000001904e-4
936	easy goal	34	350	-0.00528108333333314
936	easy goal	34	400	0.010899583333333554
936	easy goal	34	450	0.014846083333333482
936	easy goal	34	500	0.005977583333333536
936	easy goal	34	550	0.013204583333333483
936	easy goal	34	600	0.04605425000000022
936	easy goal	34	650	0.041436083333333595
936	easy goal	34	700	0.0490540833333335
936	easy goal	34	750	0.043759416666666905
936	easy goal	34	800	0.04463741666666684
936	easy goal	34	850	0.013768583333333565
936	easy goal	34	900	0.015362083333333443
936	easy goal	34	950	-0.009117916666666467
936	easy goal	34	1e3	-8.517499999998179e-4
936	easy goal	34	1050	-0.015024916666666424
936	easy goal	34	1100	-0.03205994999999984
936	easy goal	34	1150	-0.030945321428571187
936	easy goal	35	-200	-0.010683640552995564
936	easy goal	35	-150	-0.005786021505376586
936	easy goal	35	-100	0.006618811827956798
936	easy goal	35	-50	0.0072604784946235235
936	easy goal	35	0	0.004370978494623534
936	easy goal	35	50	-0.00968752150537644
936	easy goal	35	100	-0.035862521505376575
936	easy goal	35	150	-0.06466068817204314
936	easy goal	35	200	-0.08202802150537643
936	easy goal	35	250	-0.10653368817204312
936	easy goal	35	300	-0.12634318817204315
936	easy goal	35	350	-0.13290002150537647
936	easy goal	35	400	-0.14255952150537646
936	easy goal	35	450	-0.15064568817204313
936	easy goal	35	500	-0.1261491881720432
936	easy goal	35	550	-0.10404068817204304
936	easy goal	35	600	-0.06369618817204319
936	easy goal	35	650	-0.08765168817204312
936	easy goal	35	700	NA
936	easy goal	35	750	NA
936	easy goal	35	800	NA
936	easy goal	35	850	NA
936	easy goal	35	900	-0.0782593548387096
936	easy goal	35	950	0.057277045161290195
936	easy goal	35	1e3	0.12668847849462347
936	easy goal	35	1050	0.14689847849462354
936	easy goal	35	1100	-0.01423285483870984
936	easy goal	35	1150	NA
936	easy goal	36	-200	0.019717182795699006
936	easy goal	36	-150	0.014374849462365594
936	easy goal	36	-100	0.007043944700460817
936	easy goal	36	-50	-0.012041483870967618
936	easy goal	36	0	-0.02766462672811062
936	easy goal	36	50	-0.03981165053763432
936	easy goal	36	100	-0.05117268387096772
936	easy goal	36	150	-0.07417534101382493
936	easy goal	36	200	-0.08913765053763438
936	easy goal	36	250	-0.096967317204301
936	easy goal	36	300	-0.09690981720430103
936	easy goal	36	350	-0.09282981720430102
936	easy goal	36	400	-0.09930748387096777
936	easy goal	36	450	-0.08517919815668204
936	easy goal	36	500	-0.07505048387096773
936	easy goal	36	550	-0.06133931720430108
936	easy goal	36	600	-0.059653317204301004
936	easy goal	36	650	NA
936	easy goal	36	700	NA
936	easy goal	36	750	NA
936	easy goal	36	800	-0.6779004838709679
936	easy goal	36	850	0.09246326612903233
936	easy goal	36	900	0.07589580184331801
936	easy goal	36	950	-0.05498748387096786
936	easy goal	36	1e3	NA
936	easy goal	36	1050	NA
936	easy goal	36	1100	-0.33877681720430103
936	easy goal	36	1150	0.052627849462365615
936	easy goal	37	-200	-0.002597258064515971
936	easy goal	37	-150	-0.015072924731182638
936	easy goal	37	-100	-0.005881758064515852
936	easy goal	37	-50	0.013094075268817265
936	easy goal	37	0	0.01089074193548408
936	easy goal	37	50	0.008713075268817446
936	easy goal	37	100	0.05022674193548404
936	easy goal	37	150	0.046846075268817344
936	easy goal	37	200	0.04426157526881743
936	easy goal	37	250	0.06434740860215071
936	easy goal	37	300	0.07458424193548407
936	easy goal	37	350	0.12533607526881738
936	easy goal	37	400	0.16882874193548406
936	easy goal	37	450	0.18755024193548406
936	easy goal	37	500	0.19609990860215074
936	easy goal	37	550	0.22024740860215072
936	easy goal	37	600	0.2200720752688173
936	easy goal	37	650	0.2187395752688174
936	easy goal	37	700	0.21833124193548406
936	easy goal	37	750	0.22940940860215067
936	easy goal	37	800	0.27158624193548403
936	easy goal	37	850	0.25550074193548417
936	easy goal	37	900	0.2532569086021508
936	easy goal	37	950	0.23435240860215067
936	easy goal	37	1e3	0.20115540860215075
936	easy goal	37	1050	0.16991674193548403
936	easy goal	37	1100	0.16840974193548405
936	easy goal	37	1150	0.15032007526881733
936	easy goal	38	-200	0.048649788018433275
936	easy goal	38	-150	0.016869978494623572
936	easy goal	38	-100	-0.006171854838709745
936	easy goal	38	-50	-0.023964021505376316
936	easy goal	38	0	-0.043492188172043
936	easy goal	38	50	-0.05450218817204303
936	easy goal	38	100	-0.05655218817204292
936	easy goal	38	150	-0.06577918817204302
936	easy goal	38	200	-0.04264052150537637
936	easy goal	38	250	-0.02499318817204303
936	easy goal	38	300	-0.012142854838709619
936	easy goal	38	350	-0.00233802150537632
936	easy goal	38	400	0.006483645161290334
936	easy goal	38	450	0.024761978494623582
936	easy goal	38	500	0.021547145161290304
936	easy goal	38	550	0.03905797849462367
936	easy goal	38	600	0.03662884516129026
936	easy goal	38	650	NA
936	easy goal	38	700	NA
936	easy goal	38	750	NA
936	easy goal	38	800	NA
936	easy goal	38	850	NA
936	easy goal	38	900	0.10878264516129033
936	easy goal	38	950	0.11177324516129028
936	easy goal	38	1e3	0.14308581182795707
936	easy goal	38	1050	0.14478147849462367
936	easy goal	38	1100	0.16358281182795698
936	easy goal	38	1150	0.16430981182795698
936	easy goal	39	-200	0.048882238095237916
936	easy goal	39	-150	0.04194307142857123
936	easy goal	39	-100	NA
936	easy goal	39	-50	NA
936	easy goal	39	0	-0.11526642857142888
936	easy goal	39	50	0.09294657142857125
936	easy goal	39	100	0.04706423809523789
936	easy goal	39	150	0.018317571428571194
936	easy goal	39	200	0.01280423809523786
936	easy goal	39	250	6.229047619045561e-4
936	easy goal	39	300	-0.001472095238095476
936	easy goal	39	350	0.006662904761904602
936	easy goal	39	400	0.030913071428571248
936	easy goal	39	450	0.005996071428571244
936	easy goal	39	500	0.012346904761904623
936	easy goal	39	550	0.03811757142857123
936	easy goal	39	600	0.0522199047619046
936	easy goal	39	650	0.04008757142857126
936	easy goal	39	700	0.03405523809523784
936	easy goal	39	750	0.018000404761904603
936	easy goal	39	800	0.0059682380952378695
936	easy goal	39	850	-0.04809009523809552
936	easy goal	39	900	-0.11482792857142887
936	easy goal	39	950	NA
936	easy goal	39	1e3	NA
936	easy goal	39	1050	-0.28615059523809555
936	easy goal	39	1100	-0.09000426190476214
936	easy goal	39	1150	-0.06290809523809553
936	easy goal	40	-200	-0.0055723963133640685
936	easy goal	40	-150	-0.016886301075268895
936	easy goal	40	-100	-0.004794634408602135
936	easy goal	40	-50	0.021056198924731095
936	easy goal	40	0	0.007125865591397866
936	easy goal	40	50	0.021647198924731176
936	easy goal	40	100	0.04051569892473106
936	easy goal	40	150	0.0644501989247311
936	easy goal	40	200	0.05351753225806447
936	easy goal	40	250	0.032736865591397844
936	easy goal	40	300	0.009534865591397748
936	easy goal	40	350	-0.02504113440860219
936	easy goal	40	400	-0.04684196774193553
936	easy goal	40	450	-0.043115634408602256
936	easy goal	40	500	-0.0332411344086021
936	easy goal	40	550	-0.03507430107526884
936	easy goal	40	600	-0.09053796774193534
936	easy goal	40	650	NA
936	easy goal	40	700	NA
936	easy goal	40	750	NA
936	easy goal	40	800	NA
936	easy goal	40	850	0.01512353225806451
936	easy goal	40	900	0.007150832258064543
936	easy goal	40	950	-0.029986801075268854
936	easy goal	40	1e3	-0.22942996774193558
936	easy goal	40	1050	NA
936	easy goal	40	1100	NA
936	easy goal	40	1150	-0.06943263440860226
936	easy goal	41	-200	0.04280348412698417
936	easy goal	41	-150	-0.041309277777777854
936	easy goal	41	-100	NA
936	easy goal	41	-50	-0.2182749444444445
936	easy goal	41	0	0.043475555555555566
936	easy goal	41	50	0.05454072222222228
936	easy goal	41	100	0.07360588888888893
936	easy goal	41	150	0.053493722222222186
936	easy goal	41	200	0.05380705555555565
936	easy goal	41	250	0.06728488888888891
936	easy goal	41	300	0.05936272222222231
936	easy goal	41	350	0.07059505555555552
936	easy goal	41	400	0.08594588888888895
936	easy goal	41	450	0.08504222222222217
936	easy goal	41	500	0.10469672222222222
936	easy goal	41	550	0.11516738888888896
936	easy goal	41	600	0.13312938888888892
936	easy goal	41	650	0.14926088888888897
936	easy goal	41	700	0.1583365555555556
936	easy goal	41	750	0.15681288888888897
936	easy goal	41	800	0.08089438888888889
936	easy goal	41	850	NA
936	easy goal	41	900	NA
936	easy goal	41	950	NA
936	easy goal	41	1e3	NA
936	easy goal	41	1050	-0.12378361111111118
936	easy goal	41	1100	0.05096772222222231
936	easy goal	41	1150	0.11075488888888903
936	easy goal	42	-200	0.013692866666666617
936	easy goal	42	-150	0.003849033333333344
936	easy goal	42	-100	-2.0880000000000898e-4
936	easy goal	42	-50	-0.0013739666666667076
936	easy goal	42	0	-0.01595913333333332
936	easy goal	42	50	-0.002040466666666759
936	easy goal	42	100	-0.021641133333333284
936	easy goal	42	150	-0.027324633333333386
936	easy goal	42	200	-0.03242396666666673
936	easy goal	42	250	-0.03641553809523807
936	easy goal	42	300	-0.036021766666666635
936	easy goal	42	350	-0.03201125238095243
936	easy goal	42	400	-0.04094776666666675
936	easy goal	42	450	-0.044042966666666725
936	easy goal	42	500	-0.036968466666666755
936	easy goal	42	550	-0.030599299999999996
936	easy goal	42	600	-0.0044541333333333695
936	easy goal	42	650	0.018073699999999897
936	easy goal	42	700	0.043434033333333254
936	easy goal	42	750	0.059280699999999964
936	easy goal	42	800	NA
936	easy goal	42	850	NA
936	easy goal	42	900	NA
936	easy goal	42	950	-0.09941630000000012
936	easy goal	42	1e3	0.05976219999999991
936	easy goal	42	1050	0.029598199999999908
936	easy goal	42	1100	0.030640833333333273
936	easy goal	42	1150	0.03442903333333325
936	easy goal	43	-200	-0.004297506912442335
936	easy goal	43	-150	-0.007794935483870891
936	easy goal	43	-100	-0.014519268817204223
936	easy goal	43	-50	0.004635064516129124
936	easy goal	43	0	0.02269289784946249
936	easy goal	43	50	0.03600039784946244
936	easy goal	43	100	0.03490723118279582
936	easy goal	43	150	0.018001897849462416
936	easy goal	43	200	-9.792688172042634e-4
936	easy goal	43	250	-0.03259926881720424
936	easy goal	43	300	-0.03751110215053751
936	easy goal	43	350	-0.052386768817204166
936	easy goal	43	400	-0.07144576881720417
936	easy goal	43	450	-0.06259943548387088
936	easy goal	43	500	-0.05901793548387091
936	easy goal	43	550	-0.034340268817204166
936	easy goal	43	600	0.006745564516129103
936	easy goal	43	650	-0.07696093548387095
936	easy goal	43	700	NA
936	easy goal	43	750	NA
936	easy goal	43	800	NA
936	easy goal	43	850	NA
936	easy goal	43	900	0.0017245645161292344
936	easy goal	43	950	0.05807246451612915
936	easy goal	43	1e3	-0.02527660215053758
936	easy goal	43	1050	NA
936	easy goal	43	1100	NA
936	easy goal	43	1150	0.04580389784946245
936	easy goal	44	-200	0.02457631797235032
936	easy goal	44	-150	0.01485819892473117
936	easy goal	44	-100	-0.0032578010752688513
936	easy goal	44	-50	-0.00896630107526882
936	easy goal	44	0	-0.03130646774193546
936	easy goal	44	50	-0.039258967741935415
936	easy goal	44	100	-0.0465409677419355
936	easy goal	44	150	-0.06703763440860218
936	easy goal	44	200	-0.04532180107526881
936	easy goal	44	250	-0.042456634408602145
936	easy goal	44	300	-0.043827467741935466
936	easy goal	44	350	-0.03668180107526897
936	easy goal	44	400	-0.022771467741935503
936	easy goal	44	450	0.0026815322580645193
936	easy goal	44	500	0.008606365591397788
936	easy goal	44	550	0.037444198924731165
936	easy goal	44	600	0.03574303225806452
936	easy goal	44	650	0.0569658655913979
936	easy goal	44	700	0.07400753225806445
936	easy goal	44	750	0.0720478655913978
936	easy goal	44	800	0.06936886559139784
936	easy goal	44	850	-0.0041098010752688525
936	easy goal	44	900	NA
936	easy goal	44	950	NA
936	easy goal	44	1e3	NA
936	easy goal	44	1050	NA
936	easy goal	44	1100	-0.14013821774193547
936	easy goal	44	1150	-0.03276046774193553
936	easy goal	45	-200	0.01590311520737345
936	easy goal	45	-150	0.0167257580645163
936	easy goal	45	-100	-0.006170741935483726
936	easy goal	45	-50	-0.014929241935483764
936	easy goal	45	0	-0.014179408602150353
936	easy goal	45	50	-0.022914241935483748
936	easy goal	45	100	-0.030151241935483613
936	easy goal	45	150	-0.037947241935483676
936	easy goal	45	200	-0.034422075268817055
936	easy goal	45	250	-0.026218908602150332
936	easy goal	45	300	-0.029379075268817
936	easy goal	45	350	-0.011712741935483661
936	easy goal	45	400	-0.007266408602150405
936	easy goal	45	450	0.020114591397849546
936	easy goal	45	500	0.049373924731182926
936	easy goal	45	550	0.06821592473118294
936	easy goal	45	600	0.09188375806451628
936	easy goal	45	650	0.04795450806451629
936	easy goal	45	700	NA
936	easy goal	45	750	NA
936	easy goal	45	800	NA
936	easy goal	45	850	-0.3179912419354838
936	easy goal	45	900	0.07386375806451628
936	easy goal	45	950	0.06025225806451625
936	easy goal	45	1e3	0.0793872580645163
936	easy goal	45	1050	0.09667709139784957
936	easy goal	45	1100	0.10806959139784955
936	easy goal	45	1150	0.13753542473118294
936	easy goal	46	-200	-0.05292124705882353
936	easy goal	46	-150	NA
936	easy goal	46	-100	NA
936	easy goal	46	-50	-0.023554813725490176
936	easy goal	46	0	0.06765585294117653
936	easy goal	46	50	0.07143951960784307
936	easy goal	46	100	0.07807685294117646
936	easy goal	46	150	0.08800468627450986
936	easy goal	46	200	0.0919221862745098
936	easy goal	46	250	0.11272501960784309
936	easy goal	46	300	0.11214968627450979
936	easy goal	46	350	0.10070868627450984
936	easy goal	46	400	0.0886841862745098
936	easy goal	46	450	0.0888466862745098
936	easy goal	46	500	0.08725401960784307
936	easy goal	46	550	0.10343301960784308
936	easy goal	46	600	0.1318968529411765
936	easy goal	46	650	0.14379768627450984
936	easy goal	46	700	0.14677868627450974
936	easy goal	46	750	0.14570085294117652
936	easy goal	46	800	0.08340735294117652
936	easy goal	46	850	NA
936	easy goal	46	900	NA
936	easy goal	46	950	NA
936	easy goal	46	1e3	NA
936	easy goal	46	1050	NA
936	easy goal	46	1100	NA
936	easy goal	46	1150	0.18932835294117645
936	easy goal	47	-200	-0.005811958525345392
936	easy goal	47	-150	-8.255376344064776e-5
936	easy goal	47	-100	0.005187946236559308
936	easy goal	47	-50	0.001142612903226074
936	easy goal	47	0	5.326129032260004e-4
936	easy goal	47	50	-0.026485220430107297
936	easy goal	47	100	-0.017628220430107255
936	easy goal	47	150	-0.02542005376344066
936	easy goal	47	200	-0.019014553763440672
936	easy goal	47	250	-0.019641720430107295
936	easy goal	47	300	-0.009154387096774
936	easy goal	47	350	-0.006255553763440706
936	easy goal	47	400	-0.007247720430107278
936	easy goal	47	450	0.02164744623655938
936	easy goal	47	500	0.04031794623655934
936	easy goal	47	550	0.029306012903226097
936	easy goal	47	600	NA
936	easy goal	47	650	NA
936	easy goal	47	700	NA
936	easy goal	47	750	-0.6603303870967738
936	easy goal	47	800	-0.13131088709677394
936	easy goal	47	850	-0.01344172043010731
936	easy goal	47	900	-0.0033235537634406973
936	easy goal	47	950	0.059986612903226044
936	easy goal	47	1e3	0.07840227956989272
936	easy goal	47	1050	0.1004437795698927
936	easy goal	47	1100	0.131971612903226
936	easy goal	47	1150	NA
936	easy goal	48	-200	0.09524645833333345
936	easy goal	48	-150	0.053682625000000095
936	easy goal	48	-100	NA
936	easy goal	48	-50	-0.567304375
936	easy goal	48	0	-0.04378097499999987
936	easy goal	48	50	0.10893929166666678
936	easy goal	48	100	0.10298376785714305
936	easy goal	48	150	0.06167429166666668
936	easy goal	48	200	0.05237929166666677
936	easy goal	48	250	0.060378458333333405
936	easy goal	48	300	0.051907125000000054
936	easy goal	48	350	0.05940329166666669
936	easy goal	48	400	0.0637871250000001
936	easy goal	48	450	0.04944979166666674
936	easy goal	48	500	0.05597379166666679
936	easy goal	48	550	0.04686529166666675
936	easy goal	48	600	0.07427395833333339
936	easy goal	48	650	0.059246825000000135
936	easy goal	48	700	0.03460629166666673
936	easy goal	48	750	-0.002579232142857078
936	easy goal	48	800	-0.0060942083333332215
936	easy goal	48	850	-0.08691520833333326
936	easy goal	48	900	NA
936	easy goal	48	950	NA
936	easy goal	48	1e3	NA
936	easy goal	48	1050	NA
936	easy goal	48	1100	0.13906262500000022
936	easy goal	48	1150	-0.00867137499999986
936	easy goal	49	-200	0.004761714285714242
936	easy goal	49	-150	0.022753166666666564
936	easy goal	49	-100	0.032567499999999784
936	easy goal	49	-50	-0.12175200000000015
936	easy goal	49	0	NA
936	easy goal	49	50	NA
936	easy goal	49	100	-0.051308800000000154
936	easy goal	49	150	0.0651923333333333
936	easy goal	49	200	0.06781533333333319
936	easy goal	49	250	0.06804249999999985
936	easy goal	49	300	0.06568233333333318
936	easy goal	49	350	0.05935566666666651
936	easy goal	49	400	0.06492666666666642
936	easy goal	49	450	0.04455099999999986
936	easy goal	49	500	0.03654366666666653
936	easy goal	49	550	0.03684033333333314
936	easy goal	49	600	0.018594999999999844
936	easy goal	49	650	0.02638583333333318
936	easy goal	49	700	0.031806499999999925
936	easy goal	49	750	0.025751666666666544
936	easy goal	49	800	0.01918333333333318
936	easy goal	49	850	-0.021565500000000126
936	easy goal	49	900	-0.04013133333333352
936	easy goal	49	950	-0.02891800000000015
936	easy goal	49	1e3	-0.05787400000000016
936	easy goal	49	1050	NA
936	easy goal	49	1100	NA
936	easy goal	49	1150	NA
936	easy goal	50	-200	-0.00177549999999993
936	easy goal	50	-150	-0.013113166666666546
936	easy goal	50	-100	-0.012782666666666534
936	easy goal	50	-50	0.005875000000000075
936	easy goal	50	0	0.02179633333333338
936	easy goal	50	50	0.03899000000000008
936	easy goal	50	100	0.03179385714285716
936	easy goal	50	150	0.049167800000000206
936	easy goal	50	200	0.05987816666666679
936	easy goal	50	250	0.0444410000000001
936	easy goal	50	300	0.0734215000000001
936	easy goal	50	350	0.08633614285714294
936	easy goal	50	400	0.10776416666666673
936	easy goal	50	450	0.11732950000000009
936	easy goal	50	500	0.1479301666666668
936	easy goal	50	550	0.15560116666666687
936	easy goal	50	600	0.11322716666666666
936	easy goal	50	650	NA
936	easy goal	50	700	NA
936	easy goal	50	750	NA
936	easy goal	50	800	NA
936	easy goal	50	850	-0.4769669999999997
936	easy goal	50	900	0.12172900000000007
936	easy goal	50	950	0.11013420000000015
936	easy goal	50	1e3	-0.006888399999999883
936	easy goal	50	1050	NA
936	easy goal	50	1100	NA
936	easy goal	50	1150	0.29575700000000005
936	easy goal	51	-200	0.022264824884792755
936	easy goal	51	-150	0.0018298010752689404
936	easy goal	51	-100	-0.01803669892473107
936	easy goal	51	-50	-0.014380198924731044
936	easy goal	51	0	0.004611467741935549
936	easy goal	51	50	0.0012813010752690257
936	easy goal	51	100	0.0013431344086022683
936	easy goal	51	150	0.007060467741935546
936	easy goal	51	200	-0.005805198924731044
936	easy goal	51	250	-0.004976365591397691
936	easy goal	51	300	-0.009138198924731075
936	easy goal	51	350	-5.31365591397733e-4
936	easy goal	51	400	-0.025171198924731037
936	easy goal	51	450	-0.04130469892473099
936	easy goal	51	500	-0.02202086559139767
936	easy goal	51	550	-0.01428286559139765
936	easy goal	51	600	5.783010752689055e-4
936	easy goal	51	650	-0.08271553225806438
936	easy goal	51	700	NA
936	easy goal	51	750	NA
936	easy goal	51	800	NA
936	easy goal	51	850	NA
936	easy goal	51	900	-0.02902303225806424
936	easy goal	51	950	-0.012008432258064338
936	easy goal	51	1e3	0.007098801075268835
936	easy goal	51	1050	-0.014521698924730911
936	easy goal	51	1100	4.113440860235388e-5
936	easy goal	51	1150	-0.18106403225806433
936	easy goal	52	-200	-0.018253333333333604
936	easy goal	52	-150	NA
936	easy goal	52	-100	NA
936	easy goal	52	-50	-0.07378850000000015
936	easy goal	52	0	0.06744566666666658
936	easy goal	52	50	0.08673366666666649
936	easy goal	52	100	0.09834616666666636
936	easy goal	52	150	0.09292966666666636
936	easy goal	52	200	0.10069683333333312
936	easy goal	52	250	0.11530733333333314
936	easy goal	52	300	0.10134316666666643
936	easy goal	52	350	0.11577666666666635
936	easy goal	52	400	0.1131404999999998
936	easy goal	52	450	0.1347941666666664
936	easy goal	52	500	0.11682383333333306
936	easy goal	52	550	0.1346034999999998
936	easy goal	52	600	0.1700499999999998
936	easy goal	52	650	0.19377033333333307
936	easy goal	52	700	0.17528066666666642
936	easy goal	52	750	2.989999999999012e-4
936	easy goal	52	800	NA
936	easy goal	52	850	NA
936	easy goal	52	900	NA
936	easy goal	52	950	NA
936	easy goal	52	1e3	NA
936	easy goal	52	1050	-0.07026250000000023
936	easy goal	52	1100	0.09148349999999976
936	easy goal	52	1150	0.13413616666666642
936	easy goal	53	-200	-0.0518893456221197
936	easy goal	53	-150	-0.03514527419354837
936	easy goal	53	-100	0.004717725806451615
936	easy goal	53	-50	0.032396225806451705
936	easy goal	53	0	0.05856889247311833
936	easy goal	53	50	0.0618333924731184
936	easy goal	53	100	0.06688189247311833
936	easy goal	53	150	0.06187789247311833
936	easy goal	53	200	0.06215805913978493
936	easy goal	53	250	0.05201872580645158
936	easy goal	53	300	0.052379392473118326
936	easy goal	53	350	0.04172039247311828
936	easy goal	53	400	0.04376455913978498
936	easy goal	53	450	0.05254555913978498
936	easy goal	53	500	0.06328389247311834
936	easy goal	53	550	0.07650389247311835
936	easy goal	53	600	0.1051058924731183
936	easy goal	53	650	-0.03336477419354833
936	easy goal	53	700	NA
936	easy goal	53	750	NA
936	easy goal	53	800	NA
936	easy goal	53	850	NA
936	easy goal	53	900	-0.01581552419354837
936	easy goal	53	950	0.056420892473118434
936	easy goal	53	1e3	0.08274705913978504
936	easy goal	53	1050	0.08663305913978488
936	easy goal	53	1100	0.09833272580645162
936	easy goal	53	1150	-0.04147977419354835
936	easy goal	54	-200	NA
936	easy goal	54	-150	-0.1274921666666667
936	easy goal	54	-100	0.019633833333333312
936	easy goal	54	-50	0.05006549999999995
936	easy goal	54	0	0.05779283333333322
936	easy goal	54	50	0.045058999999999884
936	easy goal	54	100	0.04863533333333329
936	easy goal	54	150	0.05500733333333333
936	easy goal	54	200	0.06974766666666661
936	easy goal	54	250	0.05596466666666652
936	easy goal	54	300	0.028914333333333264
936	easy goal	54	350	0.03414983333333321
936	easy goal	54	400	0.014927166666666528
936	easy goal	54	450	0.008849166666666575
936	easy goal	54	500	0.012105999999999876
936	easy goal	54	550	0.014774833333333218
936	easy goal	54	600	0.04989416666666657
936	easy goal	54	650	0.05333866666666657
936	easy goal	54	700	-0.04625143333333339
936	easy goal	54	750	NA
936	easy goal	54	800	NA
936	easy goal	54	850	NA
936	easy goal	54	900	NA
936	easy goal	54	950	-0.19290133333333348
936	easy goal	54	1e3	-0.0028160000000000776
936	easy goal	54	1050	-0.11939750000000011
936	easy goal	54	1100	NA
936	easy goal	54	1150	NA
936	easy goal	55	-200	0.03173404147465415
936	easy goal	55	-150	0.010223946236559053
936	easy goal	55	-100	-0.0015873870967742694
936	easy goal	55	-50	-0.01669255376344103
936	easy goal	55	0	-0.02896705376344107
936	easy goal	55	50	-0.04076505376344112
936	easy goal	55	100	-0.055347720430107605
936	easy goal	55	150	-0.05705855376344101
936	easy goal	55	200	-0.0684863870967743
936	easy goal	55	250	-0.07843638709677436
936	easy goal	55	300	-0.08765438709677438
936	easy goal	55	350	-0.09036472043010775
936	easy goal	55	400	-0.08688922043010772
936	easy goal	55	450	-0.06199755376344096
936	easy goal	55	500	-0.036781720430107745
936	easy goal	55	550	-0.007611220430107683
936	easy goal	55	600	0.0123602795698922
936	easy goal	55	650	0.05625794623655896
936	easy goal	55	700	0.09407777956989231
936	easy goal	55	750	0.087951946236559
936	easy goal	55	800	0.08959644623655905
936	easy goal	55	850	0.08934677956989227
936	easy goal	55	900	-0.22639538709677431
936	easy goal	55	950	NA
936	easy goal	55	1e3	NA
936	easy goal	55	1050	NA
936	easy goal	55	1100	NA
936	easy goal	55	1150	-0.08064288709677436
936	easy goal	56	-200	-0.005812474654378111
936	easy goal	56	-150	-0.0018219032258066648
936	easy goal	56	-100	-0.0013175698924732988
936	easy goal	56	-50	0.0016720967741932953
936	easy goal	56	0	0.008248596774193354
936	easy goal	56	50	0.033023930107526654
936	easy goal	56	100	0.05990626344086011
936	easy goal	56	150	0.0726257634408601
936	easy goal	56	200	0.09320193010752671
936	easy goal	56	250	0.10399193010752672
936	easy goal	56	300	0.12479693010752668
936	easy goal	56	350	0.12225276344085996
936	easy goal	56	400	0.14423043010752656
936	easy goal	56	450	0.17927509677419332
936	easy goal	56	500	0.1888660967741933
936	easy goal	56	550	0.2047595967741934
936	easy goal	56	600	0.19046193010752685
936	easy goal	56	650	0.15933109677419335
936	easy goal	56	700	0.12545693010752665
936	easy goal	56	750	-0.10261790322580677
936	easy goal	56	800	NA
936	easy goal	56	850	NA
936	easy goal	56	900	-0.18936556989247336
936	easy goal	56	950	0.026825430107526655
936	easy goal	56	1e3	0.06591393010752682
936	easy goal	56	1050	0.06684576344085998
936	easy goal	56	1100	0.08014209677419333
936	easy goal	56	1150	0.1038719301075266
936	easy goal	57	-200	-0.0023262211981568575
936	easy goal	57	-150	0.02427406451612894
936	easy goal	57	-100	4.445645161289165e-4
936	easy goal	57	-50	0.002665731182795561
936	easy goal	57	0	-0.024670435483871083
936	easy goal	57	50	-0.06514443548387112
936	easy goal	57	100	-0.10011393548387108
936	easy goal	57	150	-0.114438435483871
936	easy goal	57	200	-0.10502160215053769
936	easy goal	57	250	-0.0967307688172044
936	easy goal	57	300	-0.10935410215053776
936	easy goal	57	350	-0.10376860215053774
936	easy goal	57	400	-0.0975199354838711
936	easy goal	57	450	-0.07294376881720432
936	easy goal	57	500	-0.02480526881720439
936	easy goal	57	550	-0.007505268817204369
936	easy goal	57	600	-0.013121768817204504
936	easy goal	57	650	-0.246659935483871
936	easy goal	57	700	NA
936	easy goal	57	750	NA
936	easy goal	57	800	-0.30641668548387113
936	easy goal	57	850	0.056936064516128905
936	easy goal	57	900	0.06578039784946221
936	easy goal	57	950	-0.03251026881720446
936	easy goal	57	1e3	NA
936	easy goal	57	1050	NA
936	easy goal	57	1100	NA
936	easy goal	57	1150	-0.031396935483871125
936	easy goal	58	-200	-0.9591534166666666
936	easy goal	58	-150	-0.09206841666666676
936	easy goal	58	-100	0.07784298333333331
936	easy goal	58	-50	0.0748772499999999
936	easy goal	58	0	0.11218091666666667
936	easy goal	58	50	0.13763041666666664
936	easy goal	58	100	0.18201891666666659
936	easy goal	58	150	0.2107584166666665
936	easy goal	58	200	0.23309374999999996
936	easy goal	58	250	0.24834008333333327
936	easy goal	58	300	0.2760342499999999
936	easy goal	58	350	0.17959191666666663
936	easy goal	58	400	0.1525884166666666
936	easy goal	58	450	0.15189158333333333
936	easy goal	58	500	0.17235624999999985
936	easy goal	58	550	0.15765024999999988
936	easy goal	58	600	0.1756291547619047
936	easy goal	58	650	0.1744085833333333
936	easy goal	58	700	0.15805458333333333
936	easy goal	58	750	0.14320158333333327
936	easy goal	58	800	0.14341901190476194
936	easy goal	58	850	0.11336378333333323
936	easy goal	58	900	0.0775024404761904
936	easy goal	58	950	0.04540124999999998
936	easy goal	58	1e3	-0.019088916666666716
936	easy goal	58	1050	-0.0688750833333333
936	easy goal	58	1100	-0.08511191666666673
936	easy goal	58	1150	-0.11130541666666671
936	easy goal	59	-200	0.04100941935483864
936	easy goal	59	-150	0.011808919354838668
936	easy goal	59	-100	-0.017990580645161458
936	easy goal	59	-50	-0.01384641397849462
936	easy goal	59	0	-0.02781624731182797
936	easy goal	59	50	-0.024876247311827953
936	easy goal	59	100	-0.046363747311827984
936	easy goal	59	150	-0.05763491397849463
936	easy goal	59	200	-0.06261991397849472
936	easy goal	59	250	-0.0640125806451614
936	easy goal	59	300	-0.07340274731182801
936	easy goal	59	350	-0.055573580645161304
936	easy goal	59	400	-0.030209413978494675
936	easy goal	59	450	-0.009042413978494665
936	easy goal	59	500	0.03174091935483873
936	easy goal	59	550	0.05308925268817196
936	easy goal	59	600	0.07093875268817203
936	easy goal	59	650	0.09462541935483874
936	easy goal	59	700	0.07927825268817197
936	easy goal	59	750	-0.03734458064516133
936	easy goal	59	800	NA
936	easy goal	59	850	NA
936	easy goal	59	900	NA
936	easy goal	59	950	-0.1580918306451613
936	easy goal	59	1e3	0.08341741935483864
936	easy goal	59	1050	0.12169058602150525
936	easy goal	59	1100	0.03671216935483845
936	easy goal	59	1150	NA
936	easy goal	60	-200	-0.027671953917050778
936	easy goal	60	-150	-0.01043876344086033
936	easy goal	60	-100	0.006251069892473075
936	easy goal	60	-50	0.02217156989247308
936	easy goal	60	0	0.014300069892473122
936	easy goal	60	50	0.046172903225806396
936	easy goal	60	100	0.021896403225806438
936	easy goal	60	150	0.034819569892473146
936	easy goal	60	200	0.01937040322580656
936	easy goal	60	250	0.038325403225806465
936	easy goal	60	300	0.013971403225806478
936	easy goal	60	350	0.01471156989247313
936	easy goal	60	400	-0.026925930107526863
936	easy goal	60	450	-0.03805159677419353
936	easy goal	60	500	-0.03498443010752698
936	easy goal	60	550	-0.013232763440860218
936	easy goal	60	600	-0.016498930107526972
936	easy goal	60	650	-0.11828009677419364
936	easy goal	60	700	NA
936	easy goal	60	750	NA
936	easy goal	60	800	NA
936	easy goal	60	850	-0.21995559677419352
936	easy goal	60	900	-0.015504096774193435
936	easy goal	60	950	-0.026840596774193592
936	easy goal	60	1e3	-0.04946659677419363
936	easy goal	60	1050	-0.028156096774193545
936	easy goal	60	1100	0.01273656989247307
936	easy goal	60	1150	0.030811236559139754
936	easy goal	61	-200	-0.0221637465437786
936	easy goal	61	-150	-0.010678198924731023
936	easy goal	61	-100	-0.017499032258064373
936	easy goal	61	-50	0.0058731344086024135
936	easy goal	61	0	0.04816180107526898
936	easy goal	61	50	0.04623946774193569
936	easy goal	61	100	0.06797563440860237
936	easy goal	61	150	0.08843530107526898
936	easy goal	61	200	0.10594063440860231
936	easy goal	61	250	0.13188863440860232
936	easy goal	61	300	0.1459361344086024
936	easy goal	61	350	0.16132213440860235
936	easy goal	61	400	0.15672730107526908
936	easy goal	61	450	0.17701446774193563
936	easy goal	61	500	0.2049523010752691
936	easy goal	61	550	0.18914396774193568
936	easy goal	61	600	0.16121116774193567
936	easy goal	61	650	NA
936	easy goal	61	700	NA
936	easy goal	61	750	NA
936	easy goal	61	800	NA
936	easy goal	61	850	-0.01699803225806438
936	easy goal	61	900	0.12523476774193573
936	easy goal	61	950	0.12496730107526899
936	easy goal	61	1e3	0.13197713440860226
936	easy goal	61	1050	0.1107368010752691
936	easy goal	61	1100	-0.2087370322580644
936	easy goal	61	1150	NA
936	easy goal	62	-200	0.025310899999999952
936	easy goal	62	-150	0.026473066666666527
936	easy goal	62	-100	-0.0025496000000001886
936	easy goal	62	-50	-0.03652976666666685
936	easy goal	62	0	-0.01270460000000003
936	easy goal	62	50	-0.04423526666666677
936	easy goal	62	100	-0.051555433333333456
936	easy goal	62	150	-0.02409610000000025
936	easy goal	62	200	0.004788066666666646
936	easy goal	62	250	-0.007221433333333434
936	easy goal	62	300	-0.012148766666666791
936	easy goal	62	350	-0.012179433333333378
936	easy goal	62	400	-2.1626666666681635e-4
936	easy goal	62	450	-0.007082933333333467
936	easy goal	62	500	0.018527399999999822
936	easy goal	62	550	0.02234473333333316
936	easy goal	62	600	0.0462073999999999
936	easy goal	62	650	0.045272233333333155
936	easy goal	62	700	0.041248566666666577
936	easy goal	62	750	-0.08308610000000005
936	easy goal	62	800	NA
936	easy goal	62	850	NA
936	easy goal	62	900	-0.2170841000000001
936	easy goal	62	950	-0.13493776666666682
936	easy goal	62	1e3	-0.08923167142857157
936	easy goal	62	1050	-0.09067243333333345
936	easy goal	62	1100	-0.08590326666666674
936	easy goal	62	1150	-0.07571976666666669
936	easy goal	63	-200	-0.016826792626728006
936	easy goal	63	-150	-0.013440268817204245
936	easy goal	63	-100	0.01674773118279586
936	easy goal	63	-50	0.009509564516129018
936	easy goal	63	0	0.00681423118279582
936	easy goal	63	50	0.007887231182795698
936	easy goal	63	100	0.0019075645161291306
936	easy goal	63	150	0.0018607311827957644
936	easy goal	63	200	-0.007499102150537507
936	easy goal	63	250	-0.0037971021505375604
936	easy goal	63	300	-0.001123768817204181
936	easy goal	63	350	-5.019354838708967e-4
936	easy goal	63	400	0.00376556451612912
936	easy goal	63	450	0.030176231182795776
936	easy goal	63	500	0.020445397849462532
936	easy goal	63	550	0.038552564516129095
936	easy goal	63	600	0.0702140645161291
936	easy goal	63	650	0.061076897849462464
936	easy goal	63	700	-0.00374693548387095
936	easy goal	63	750	NA
936	easy goal	63	800	NA
936	easy goal	63	850	NA
936	easy goal	63	900	NA
936	easy goal	63	950	NA
936	easy goal	63	1e3	0.004045814516129065
936	easy goal	63	1050	0.009931897849462393
936	easy goal	63	1100	0.008694231182795775
936	easy goal	63	1150	0.01728756451612908
936	easy goal	64	-200	0.0026888018433180528
936	easy goal	64	-150	0.003793516129032337
936	easy goal	64	-100	-0.003782983870967612
936	easy goal	64	-50	-0.008446483870967766
936	easy goal	64	0	0.005299016129032348
936	easy goal	64	50	0.032752349462365604
936	easy goal	64	100	0.042059516129032325
936	easy goal	64	150	0.05745634946236566
936	easy goal	64	200	0.03973551612903218
936	easy goal	64	250	0.034925849462365655
936	easy goal	64	300	0.024911849462365687
936	easy goal	64	350	0.0040128494623656126
936	easy goal	64	400	0.00199101612903226
936	easy goal	64	450	0.002711516129032384
936	easy goal	64	500	0.01723651612903228
936	easy goal	64	550	0.0448263494623656
936	easy goal	64	600	0.06031368279569893
936	easy goal	64	650	0.06305551612903233
936	easy goal	64	700	0.04828751612903224
936	easy goal	64	750	NA
936	easy goal	64	800	NA
936	easy goal	64	850	NA
936	easy goal	64	900	NA
936	easy goal	64	950	-0.11229648387096791
936	easy goal	64	1e3	0.03914101612903235
936	easy goal	64	1050	0.07808068279569902
936	easy goal	64	1100	-0.011888483870967637
936	easy goal	64	1150	NA
936	easy goal	65	-200	0.004522233333333163
936	easy goal	65	-150	-0.0041619333333333675
936	easy goal	65	-100	0.004559376190476083
936	easy goal	65	-50	-0.010789366666666744
936	easy goal	65	0	0.0033115666666665433
936	easy goal	65	50	0.002562804761904593
936	easy goal	65	100	0.025005066666666576
936	easy goal	65	150	0.05103206666666652
936	easy goal	65	200	0.05449089999999993
936	easy goal	65	250	0.0800160666666665
936	easy goal	65	300	0.07591443333333317
936	easy goal	65	350	0.0771803761904761
936	easy goal	65	400	0.09810273333333315
936	easy goal	65	450	0.10584506666666653
936	easy goal	65	500	0.12567689999999976
936	easy goal	65	550	0.1465205666666666
936	easy goal	65	600	0.15845306666666645
936	easy goal	65	650	0.030253733333333255
936	easy goal	65	700	NA
936	easy goal	65	750	NA
936	easy goal	65	800	NA
936	easy goal	65	850	NA
936	easy goal	65	900	NA
936	easy goal	65	950	0.06888223333333321
936	easy goal	65	1e3	0.035517376190476124
936	easy goal	65	1050	0.040290899999999796
936	easy goal	65	1100	0.05898256666666657
936	easy goal	65	1150	0.09714873333333325
936	easy goal	66	-200	-7.879666666668802e-4
936	easy goal	66	-150	0.008422533333333204
936	easy goal	66	-100	-5.699666666667547e-4
936	easy goal	66	-50	0.005948700000000029
936	easy goal	66	0	-0.013013300000000191
936	easy goal	66	50	-0.015416133333333434
936	easy goal	66	100	-0.08533050000000016
936	easy goal	66	150	NA
936	easy goal	66	200	NA
936	easy goal	66	250	-0.2510003
936	easy goal	66	300	-0.07031879999999997
936	easy goal	66	350	-0.04115496666666685
936	easy goal	66	400	-0.06886913333333355
936	easy goal	66	450	-0.054716800000000086
936	easy goal	66	500	-0.034388633333333495
936	easy goal	66	550	-0.012893133333333454
936	easy goal	66	600	0.004219366666666484
936	easy goal	66	650	0.044959033333333176
936	easy goal	66	700	0.046566699999999926
936	easy goal	66	750	0.029537533333333272
936	easy goal	66	800	0.010607866666666466
936	easy goal	66	850	-0.054141300000000246
936	easy goal	66	900	NA
936	easy goal	66	950	NA
936	easy goal	66	1e3	NA
936	easy goal	66	1050	NA
936	easy goal	66	1100	NA
936	easy goal	66	1150	-0.09402730000000004
936	easy goal	67	-200	0.023502520737327233
936	easy goal	67	-150	0.013826139784946326
936	easy goal	67	-100	-0.014774360215053703
936	easy goal	67	-50	-0.015445526881720332
936	easy goal	67	0	-0.01102586021505377
936	easy goal	67	50	-0.035996526881720316
936	easy goal	67	100	-0.015645526881720384
936	easy goal	67	150	-0.03188636021505372
936	easy goal	67	200	-0.032148193548387084
936	easy goal	67	250	-0.037714693548387045
936	easy goal	67	300	-0.0408600268817203
936	easy goal	67	350	-0.05455402688172047
936	easy goal	67	400	-0.05865102688172034
936	easy goal	67	450	-0.06568136021505382
936	easy goal	67	500	-0.07559852688172031
936	easy goal	67	550	-0.037647526881720385
936	easy goal	67	600	-0.027765693548386983
936	easy goal	67	650	-0.00997869354838706
936	easy goal	67	700	-0.001623360215053567
936	easy goal	67	750	-0.06537594354838705
936	easy goal	67	800	NA
936	easy goal	67	850	NA
936	easy goal	67	900	-0.6226401935483872
936	easy goal	67	950	-0.375525193548387
936	easy goal	67	1e3	-0.03981794354838708
936	easy goal	67	1050	0.06565413978494623
936	easy goal	67	1100	0.11943480645161293
936	easy goal	67	1150	0.14936780645161293
936	easy goal	68	-200	-0.031670396313363866
936	easy goal	68	-150	0.02388683225806476
936	easy goal	68	-100	0.020384175115207563
936	easy goal	68	-50	-0.005817634408601983
936	easy goal	68	0	-9.208010752685958e-4
936	easy goal	68	50	0.005224198924731398
936	easy goal	68	100	0.022748532258064724
936	easy goal	68	150	0.0025005322580648284
936	easy goal	68	200	0.00960919892473148
936	easy goal	68	250	0.0068225322580648395
936	easy goal	68	300	-0.0012171344086019016
936	easy goal	68	350	-0.026619134408601825
936	easy goal	68	400	-0.05412713440860192
936	easy goal	68	450	-0.06877413440860199
936	easy goal	68	500	-0.04667846774193518
936	easy goal	68	550	-0.03459063440860192
936	easy goal	68	600	0.08508936559139808
936	easy goal	68	650	0.053962865591398033
936	easy goal	68	700	0.27205036559139817
936	easy goal	68	750	0.0374170322580647
936	easy goal	68	800	NA
936	easy goal	68	850	NA
936	easy goal	68	900	-0.2217413677419353
936	easy goal	68	950	0.04164469892473136
936	easy goal	68	1e3	0.01929319892473143
936	easy goal	68	1050	-0.26660596774193523
936	easy goal	68	1100	NA
936	easy goal	68	1150	NA
936	easy goal	69	-200	0.002875887096774147
936	easy goal	69	-150	-0.012203112903225843
936	easy goal	69	-100	0.006342672811059951
936	easy goal	69	-50	8.28587096774136e-4
936	easy goal	69	0	0.001060244239631279
936	easy goal	69	50	-0.02854711290322583
936	easy goal	69	100	-0.05942761290322577
936	easy goal	69	150	-0.07270627956989244
936	easy goal	69	200	-0.10368427956989261
936	easy goal	69	250	-0.12829777956989252
936	easy goal	69	300	-0.1507257795698925
936	easy goal	69	350	-0.1612474462365591
936	easy goal	69	400	-0.16675261290322582
936	easy goal	69	450	-0.17690627956989244
936	easy goal	69	500	-0.16841444623655924
936	easy goal	69	550	-0.14010261290322581
936	easy goal	69	600	-0.12849027956989248
936	easy goal	69	650	-0.11380061290322585
936	easy goal	69	700	-0.23763461290322585
936	easy goal	69	750	NA
936	easy goal	69	800	NA
936	easy goal	69	850	-0.4023386129032258
936	easy goal	69	900	-0.15912011290322572
936	easy goal	69	950	-0.08816677956989245
936	easy goal	69	1e3	-0.0899197795698925
936	easy goal	69	1050	-0.07829411290322574
936	easy goal	69	1100	-0.07218561290322582
936	easy goal	69	1150	-0.048762279569892465
936	easy goal	70	-200	0.03299803686635932
936	easy goal	70	-150	0.0066924892473117685
936	easy goal	70	-100	-0.0016146774193548374
936	easy goal	70	-50	-0.022222177419354876
936	easy goal	70	0	-0.02135334408602163
936	easy goal	70	50	-0.019939844086021525
936	easy goal	70	100	-0.014414344086021602
936	easy goal	70	150	-0.012595510752688202
936	easy goal	70	200	-0.006796677419354931
936	easy goal	70	250	0.01727715591397853
936	easy goal	70	300	0.031777489247311795
936	easy goal	70	350	0.04846482258064507
936	easy goal	70	400	0.0606144892473118
936	easy goal	70	450	0.0941421559139785
936	easy goal	70	500	0.10350348924731174
936	easy goal	70	550	0.15576082258064505
936	easy goal	70	600	0.19044248924731177
936	easy goal	70	650	0.17932865591397848
936	easy goal	70	700	0.1894528225806452
936	easy goal	70	750	0.1602273225806452
936	easy goal	70	800	NA
936	easy goal	70	850	NA
936	easy goal	70	900	-0.004714677419354718
936	easy goal	70	950	0.11023365591397842
936	easy goal	70	1e3	0.1675408225806451
936	easy goal	70	1050	0.15724848924731175
936	easy goal	70	1100	0.08176498924731179
936	easy goal	70	1150	NA
936	easy goal	71	-200	0.008737032258064659
936	easy goal	71	-150	0.01939119892473129
936	easy goal	71	-100	0.0018033655913978948
936	easy goal	71	-50	-0.024660634408602073
936	easy goal	71	0	-0.006727134408602027
936	easy goal	71	50	-0.033225301075268776
936	easy goal	71	100	-0.025333467741935383
936	easy goal	71	150	-0.045153301075268715
936	easy goal	71	200	-0.056527967741935393
936	easy goal	71	250	-0.07205330107526864
936	easy goal	71	300	-0.06445430107526873
936	easy goal	71	350	-0.04489096774193535
936	easy goal	71	400	-0.04678163440860206
936	easy goal	71	450	-0.05104880107526862
936	easy goal	71	500	-0.03351630107526867
936	easy goal	71	550	-0.00475080107526867
936	easy goal	71	600	-0.029136301075268694
936	easy goal	71	650	-0.026441801075268723
936	easy goal	71	700	-0.06962613440860199
936	easy goal	71	750	-0.08856663440860202
936	easy goal	71	800	-0.14749480107526866
936	easy goal	71	850	-0.17124496774193534
936	easy goal	71	900	-0.1710419677419354
936	easy goal	71	950	-0.17670630107526866
936	easy goal	71	1e3	-0.192426134408602
936	easy goal	71	1050	-0.182615134408602
936	easy goal	71	1100	-0.25644146774193555
936	easy goal	71	1150	NA
936	easy goal	72	-200	0.018220366666666637
936	easy goal	72	-150	0.004031033333333323
936	easy goal	72	-100	-0.003331966666666686
936	easy goal	72	-50	-0.016923800000000044
936	easy goal	72	0	-0.001995633333333524
936	easy goal	72	50	0.024107699999999992
936	easy goal	72	100	0.02671469999999987
936	easy goal	72	150	0.005213199999999955
936	easy goal	72	200	0.025662699999999965
936	easy goal	72	250	0.04553069999999996
936	easy goal	72	300	0.049237033333333256
936	easy goal	72	350	0.0737305333333332
936	easy goal	72	400	0.08181103333333335
936	easy goal	72	450	0.07890069999999993
936	easy goal	72	500	0.09355786666666654
936	easy goal	72	550	0.1441557
936	easy goal	72	600	0.19066486666666652
936	easy goal	72	650	0.17237303333333323
936	easy goal	72	700	0.17631653333333328
936	easy goal	72	750	0.0632862
936	easy goal	72	800	NA
936	easy goal	72	850	NA
936	easy goal	72	900	-0.4287913000000001
936	easy goal	72	950	0.17899094999999998
936	easy goal	72	1e3	0.3693227000000001
936	easy goal	72	1050	0.11857599999999983
936	easy goal	72	1100	NA
936	easy goal	72	1150	NA
936	easy goal	73	-200	0.01714193087557606
936	easy goal	73	-150	0.0045924784946237045
936	easy goal	73	-100	0.00886747849462366
936	easy goal	73	-50	-0.013054021505376415
936	easy goal	73	0	-0.020404854838709685
936	easy goal	73	50	-0.028918854838709596
936	easy goal	73	100	-0.022216188172043
936	easy goal	73	150	-0.01674202150537633
936	easy goal	73	200	-0.015625854838709596
936	easy goal	73	250	-0.0015391881720430156
936	easy goal	73	300	0.003632145161290253
936	easy goal	73	350	0.03433381182795695
936	easy goal	73	400	0.055814978494623725
936	easy goal	73	450	0.06167514516129032
936	easy goal	73	500	0.099976811827957
936	easy goal	73	550	0.15137797849462356
936	easy goal	73	600	0.10479014516129033
936	easy goal	73	650	NA
936	easy goal	73	700	NA
936	easy goal	73	750	NA
936	easy goal	73	800	-0.5024563548387095
936	easy goal	73	850	0.1501808951612903
936	easy goal	73	900	0.15117397849462377
936	easy goal	73	950	0.1163144784946238
936	easy goal	73	1e3	0.04914114516129042
936	easy goal	73	1050	0.048710311827956966
936	easy goal	73	1100	0.07123547849462364
936	easy goal	73	1150	0.08405997849462359
936	easy goal	74	-200	-0.006838096774193606
936	easy goal	74	-150	-0.009547763440860354
936	easy goal	74	-100	-0.015894430107527002
936	easy goal	74	-50	0.004422236559139758
936	easy goal	74	0	0.028997736559139693
936	easy goal	74	50	0.047025236559139705
936	easy goal	74	100	0.06885623655913971
936	easy goal	74	150	0.059975903225806336
936	easy goal	74	200	0.011849903225806369
936	easy goal	74	250	NA
936	easy goal	74	300	NA
936	easy goal	74	350	-0.029731896774193613
936	easy goal	74	400	0.14628823655913967
936	easy goal	74	450	0.12885590322580645
936	easy goal	74	500	0.1689222365591397
936	easy goal	74	550	0.19171556989247315
936	easy goal	74	600	0.23554390322580643
936	easy goal	74	650	0.25125423655913975
936	easy goal	74	700	0.2539855698924731
936	easy goal	74	750	0.27818656989247303
936	easy goal	74	800	0.26847990322580645
936	easy goal	74	850	0.21055840322580646
936	easy goal	74	900	0.17924956989247307
936	easy goal	74	950	0.14663956989247295
936	easy goal	74	1e3	0.12205956989247306
936	easy goal	74	1050	0.08714023655913976
936	easy goal	74	1100	0.07038723655913981
936	easy goal	74	1150	0.04397373655913972
936	easy goal	75	-200	0.03233132258064516
936	easy goal	75	-150	0.013553489247311923
936	easy goal	75	-100	-0.001357177419354964
936	easy goal	75	-50	-0.007651677419354834
936	easy goal	75	0	-0.04226451075268808
936	easy goal	75	50	-0.058309510752688164
936	easy goal	75	100	-0.07338834408602146
936	easy goal	75	150	-0.09297484408602141
936	easy goal	75	200	-0.09997634408602152
936	easy goal	75	250	-0.10879884408602147
936	easy goal	75	300	-0.1186358440860215
936	easy goal	75	350	-0.13203684408602157
936	easy goal	75	400	-0.14313801075268814
936	easy goal	75	450	-0.15033767741935478
936	easy goal	75	500	-0.13929617741935485
936	easy goal	75	550	-0.1163441774193547
936	easy goal	75	600	-0.12220201075268806
936	easy goal	75	650	NA
936	easy goal	75	700	NA
936	easy goal	75	750	NA
936	easy goal	75	800	-0.1989766774193548
936	easy goal	75	850	-0.1254628440860214
936	easy goal	75	900	-0.15237351075268815
936	easy goal	75	950	-0.3519776774193546
936	easy goal	75	1e3	NA
936	easy goal	75	1050	NA
936	easy goal	75	1100	-0.0984085107526882
936	easy goal	75	1150	0.03005598924731186
936	easy goal	76	-200	-0.03653772350230395
936	easy goal	76	-150	0.0013830860215056084
936	easy goal	76	-100	0.004646919354838926
936	easy goal	76	-50	0.020789586021505563
936	easy goal	76	0	0.01580775268817221
936	easy goal	76	50	-0.0013994139784944497
936	easy goal	76	100	-0.02412608064516116
936	easy goal	76	150	-0.0294769139784945
936	easy goal	76	200	-0.041815580645161075
936	easy goal	76	250	-0.03880774731182779
936	easy goal	76	300	-0.04860958064516119
936	easy goal	76	350	-0.060146413978494406
936	easy goal	76	400	-0.06930058064516105
936	easy goal	76	450	-0.0700755806451611
936	easy goal	76	500	-0.06990258064516112
936	easy goal	76	550	-0.05962424731182773
936	easy goal	76	600	-0.04757624731182782
936	easy goal	76	650	-0.02390891397849441
936	easy goal	76	700	-0.05449324731182781
936	easy goal	76	750	-0.36390058064516095
936	easy goal	76	800	NA
936	easy goal	76	850	NA
936	easy goal	76	900	NA
936	easy goal	76	950	-0.3454735806451612
936	easy goal	76	1e3	-0.056913747311827745
936	easy goal	76	1050	-0.02893558064516107
936	easy goal	76	1100	-0.03553724731182769
936	easy goal	76	1150	-0.013402913978494432
936	easy goal	77	-200	0.006890387096774253
936	easy goal	77	-150	0.0038141013824885155
936	easy goal	77	-100	-0.0031142795698924086
936	easy goal	77	-50	-3.3511290322577975e-4
936	easy goal	77	0	-0.00789077956989237
936	easy goal	77	50	-0.021405279569892317
936	easy goal	77	100	-0.020087946236559073
936	easy goal	77	150	-0.021015279569892503
936	easy goal	77	200	-0.0165697795698924
936	easy goal	77	250	-0.015250946236559093
936	easy goal	77	300	-0.017566279569892467
936	easy goal	77	350	-0.01396377956989244
936	easy goal	77	400	-0.006355279569892532
936	easy goal	77	450	0.021425220430107528
936	easy goal	77	500	0.03436672043010754
936	easy goal	77	550	0.03761638709677421
936	easy goal	77	600	0.059326387096774257
936	easy goal	77	650	0.046836553763440904
936	easy goal	77	700	-0.002289112903225754
936	easy goal	77	750	NA
936	easy goal	77	800	NA
936	easy goal	77	850	NA
936	easy goal	77	900	-0.3783451129032258
936	easy goal	77	950	0.06269552995391711
936	easy goal	77	1e3	0.05161555376344092
936	easy goal	77	1050	0.034250053763440924
936	easy goal	77	1100	0.02390255376344097
936	easy goal	77	1150	0.01615055376344084
936	easy goal	78	-200	9.18666666665698e-5
936	easy goal	78	-150	0.0017650333333332213
936	easy goal	78	-100	8.721999999998786e-4
936	easy goal	78	-50	-0.008637300000000033
936	easy goal	78	0	0.005908199999999919
936	easy goal	78	50	-0.017176633333333562
936	easy goal	78	100	-0.0261986333333335
936	easy goal	78	150	-0.02952980000000016
936	easy goal	78	200	-0.031051800000000036
936	easy goal	78	250	-0.05592180000000013
936	easy goal	78	300	-0.08633496666666678
936	easy goal	78	350	-0.10556896666666682
936	easy goal	78	400	-0.12650146666666676
936	easy goal	78	450	-0.12444830000000014
936	easy goal	78	500	-0.12560513333333354
936	easy goal	78	550	-0.12649563333333344
936	easy goal	78	600	-0.11526363333333352
936	easy goal	78	650	-0.12281446666666677
936	easy goal	78	700	-0.15136380000000016
936	easy goal	78	750	NA
936	easy goal	78	800	NA
936	easy goal	78	850	NA
936	easy goal	78	900	NA
936	easy goal	78	950	-0.18911080000000013
936	easy goal	78	1e3	-0.1701936333333335
936	easy goal	78	1050	-0.18038180000000015
936	easy goal	78	1100	-0.16900763333333355
936	easy goal	78	1150	-0.1457976333333335
936	easy goal	79	-200	0.01983877419354853
936	easy goal	79	-150	0.00866010752688188
936	easy goal	79	-100	-0.010468725806451454
936	easy goal	79	-50	-0.009647059139784808
936	easy goal	79	0	-0.011689559139784903
936	easy goal	79	50	-0.010671392473118177
936	easy goal	79	100	-0.009660892473118151
936	easy goal	79	150	-0.012445392473118044
936	easy goal	79	200	-0.026093825806451497
936	easy goal	79	250	-0.01820079723502285
936	easy goal	79	300	-0.029011392473118052
936	easy goal	79	350	-0.027875025806451514
936	easy goal	79	400	-0.004923368663594362
936	easy goal	79	450	0.004586107526881822
936	easy goal	79	500	0.028060274193548507
936	easy goal	79	550	0.05959410752688191
936	easy goal	79	600	0.09319727419354851
936	easy goal	79	650	0.10099037419354859
936	easy goal	79	700	0.04550052419354855
936	easy goal	79	750	NA
936	easy goal	79	800	NA
936	easy goal	79	850	NA
936	easy goal	79	900	-0.17702422580645152
936	easy goal	79	950	0.07236744086021529
936	easy goal	79	1e3	0.13945944086021514
936	easy goal	79	1050	0.10513502419354859
936	easy goal	79	1100	NA
936	easy goal	79	1150	NA
936	easy goal	80	-200	-0.028814599999999874
936	easy goal	80	-150	-0.018601933333333154
936	easy goal	80	-100	-0.0064795999999998815
936	easy goal	80	-50	0.01717056666666683
936	easy goal	80	0	0.03672556666666682
936	easy goal	80	50	0.017487066666666884
936	easy goal	80	100	NA
936	easy goal	80	150	NA
936	easy goal	80	200	0.04791073333333351
936	easy goal	80	250	0.09635690000000012
936	easy goal	80	300	0.0938545666666668
936	easy goal	80	350	0.09630106666666682
936	easy goal	80	400	0.08857573333333331
936	easy goal	80	450	0.1074689000000002
936	easy goal	80	500	0.12587473333333352
936	easy goal	80	550	0.14230406666666684
936	easy goal	80	600	0.13502706666666672
936	easy goal	80	650	0.15384490000000003
936	easy goal	80	700	0.15412423333333355
936	easy goal	80	750	0.15886456666666682
936	easy goal	80	800	0.1704407333333334
936	easy goal	80	850	0.16248406666666684
936	easy goal	80	900	0.15053106666666674
936	easy goal	80	950	0.06526340000000015
936	easy goal	80	1e3	NA
936	easy goal	80	1050	NA
936	easy goal	80	1100	NA
936	easy goal	80	1150	-0.05907043333333317
936	easy goal	81	-200	0.01744476666666661
936	easy goal	81	-150	0.013198766666666417
936	easy goal	81	-100	-0.00462773333333355
936	easy goal	81	-50	-0.010388900000000145
936	easy goal	81	0	-0.01562690000000022
936	easy goal	81	50	-0.01942490000000019
936	easy goal	81	100	-0.015495733333333503
936	easy goal	81	150	-0.014277400000000181
936	easy goal	81	200	0.00922543333333318
936	easy goal	81	250	0.0114285999999999
936	easy goal	81	300	0.02413159999999981
936	easy goal	81	350	0.0315852666666665
936	easy goal	81	400	0.04612626666666649
936	easy goal	81	450	0.06806576666666649
936	easy goal	81	500	0.08583043333333307
936	easy goal	81	550	0.10582909999999986
936	easy goal	81	600	0.13584309999999977
936	easy goal	81	650	0.11023409999999978
936	easy goal	81	700	NA
936	easy goal	81	750	NA
936	easy goal	81	800	NA
936	easy goal	81	850	-0.6990944000000001
936	easy goal	81	900	-0.018365600000000183
936	easy goal	81	950	0.14203209999999977
936	easy goal	81	1e3	0.15822009999999986
936	easy goal	81	1050	0.18205726666666658
936	easy goal	81	1100	0.22078239999999977
936	easy goal	81	1150	0.2444260285714284
936	easy goal	82	-200	-0.018708720430107666
936	easy goal	82	-150	-0.010896387096774238
936	easy goal	82	-100	0.004256779569892455
936	easy goal	82	-50	0.015732279569892427
936	easy goal	82	0	0.011432112903225766
936	easy goal	82	50	-0.014140787096774243
936	easy goal	82	100	0.0029111843317971087
936	easy goal	82	150	-0.021404720430107622
936	easy goal	82	200	-0.05339705376344087
936	easy goal	82	250	-0.06810405376344097
936	easy goal	82	300	-0.07670438709677434
936	easy goal	82	350	-0.08310381566820288
936	easy goal	82	400	-0.07593405376344091
936	easy goal	82	450	-0.0830735537634409
936	easy goal	82	500	-0.047819887096774316
936	easy goal	82	550	-0.027417387096774288
936	easy goal	82	600	0.011769279569892413
936	easy goal	82	650	0.010586612903225786
936	easy goal	82	700	0.017371779569892443
936	easy goal	82	750	-0.06719378709677422
936	easy goal	82	800	NA
936	easy goal	82	850	NA
936	easy goal	82	900	NA
936	easy goal	82	950	-0.48440938709677406
936	easy goal	82	1e3	0.013601212903225779
936	easy goal	82	1050	0.025656112903225708
936	easy goal	82	1100	0.02201377956989233
936	easy goal	82	1150	0.031874112903225615
936	easy goal	83	-200	0.12910234999999995
936	easy goal	83	-150	0.07728059999999992
936	easy goal	83	-100	NA
936	easy goal	83	-50	-0.42324198333333357
936	easy goal	83	0	0.009481183333333254
936	easy goal	83	50	-0.03365215000000014
936	easy goal	83	100	-0.055192650000000176
936	easy goal	83	150	-0.07196231666666675
936	easy goal	83	200	-0.0670369833333333
936	easy goal	83	250	-0.061809150000000125
936	easy goal	83	300	-0.04353815000000005
936	easy goal	83	350	-0.04922698333333342
936	easy goal	83	400	-0.054939150000000124
936	easy goal	83	450	-0.03208548333333342
936	easy goal	83	500	-0.04584398333333343
936	easy goal	83	550	-0.02063331666666679
936	easy goal	83	600	-0.01370515000000013
936	easy goal	83	650	-0.08576865000000011
936	easy goal	83	700	NA
936	easy goal	83	750	NA
936	easy goal	83	800	NA
936	easy goal	83	850	NA
936	easy goal	83	900	-0.5163121500000001
936	easy goal	83	950	-0.13471065000000015
936	easy goal	83	1e3	-0.0837844500000001
936	easy goal	83	1050	-0.019021483333333533
936	easy goal	83	1100	0.009588016666666643
936	easy goal	83	1150	0.04347951666666653
936	easy goal	84	-200	-0.0184900666666666
936	easy goal	84	-150	0.0034864333333334643
936	easy goal	84	-100	0.00608676666666678
936	easy goal	84	-50	0.006302433333333394
936	easy goal	84	0	0.0026144333333334067
936	easy goal	84	50	-0.012838233333333301
936	easy goal	84	100	-0.03259439999999988
936	easy goal	84	150	-0.04722406666666649
936	easy goal	84	200	-0.06435906666666653
936	easy goal	84	250	-0.07663889999999991
936	easy goal	84	300	-0.07764839999999988
936	easy goal	84	350	-0.06911673333333328
936	easy goal	84	400	-0.04757156666666651
936	easy goal	84	450	-0.03288473333333316
936	easy goal	84	500	-0.012821066666666455
936	easy goal	84	550	0.008700100000000136
936	easy goal	84	600	0.03736010000000012
936	easy goal	84	650	0.04269260000000016
936	easy goal	84	700	0.03304693333333334
936	easy goal	84	750	-0.05575989999999986
936	easy goal	84	800	NA
936	easy goal	84	850	NA
936	easy goal	84	900	NA
936	easy goal	84	950	-0.3678083999999999
936	easy goal	84	1e3	-0.03189939999999982
936	easy goal	84	1050	0.025647400000000164
936	easy goal	84	1100	0.04187274285714304
936	easy goal	84	1150	0.06320743333333345
936	easy goal	85	-200	NA
936	easy goal	85	-150	-0.2717713863636365
936	easy goal	85	-100	0.07146436363636344
936	easy goal	85	-50	0.06565036363636345
936	easy goal	85	0	0.04406619696969679
936	easy goal	85	50	0.026672030303030114
936	easy goal	85	100	0.034486863636363406
936	easy goal	85	150	0.04877986363636344
936	easy goal	85	200	0.05523669696969676
936	easy goal	85	250	0.03943836363636347
936	easy goal	85	300	0.012667030303030144
936	easy goal	85	350	0.0112460303030301
936	easy goal	85	400	-0.008038636363636517
936	easy goal	85	450	-0.042386303030303184
936	easy goal	85	500	-0.03949163636363654
936	easy goal	85	550	-0.03557130303030317
936	easy goal	85	600	0.01481619696969679
936	easy goal	85	650	0.036281530303030086
936	easy goal	85	700	0.034262196969696866
936	easy goal	85	750	0.03089519696969682
936	easy goal	85	800	-0.04327363636363657
936	easy goal	85	850	NA
936	easy goal	85	900	NA
936	easy goal	85	950	NA
936	easy goal	85	1e3	-0.3478309696969699
936	easy goal	85	1050	-0.08001330303030318
936	easy goal	85	1100	-0.08881646969696992
936	easy goal	85	1150	-0.07746103636363655
936	easy goal	86	-200	0.029687655555555546
936	easy goal	86	-150	NA
936	easy goal	86	-100	-0.5527219444444444
936	easy goal	86	-50	0.019053722222222385
936	easy goal	86	0	0.048326888888888954
936	easy goal	86	50	0.06943122222222227
936	easy goal	86	100	0.07031755555555552
936	easy goal	86	150	0.054926888888889046
936	easy goal	86	200	0.055191555555555695
936	easy goal	86	250	0.05772888888888902
936	easy goal	86	300	0.030798055555555592
936	easy goal	86	350	0.026031555555555624
936	easy goal	86	400	0.03146838888888892
936	easy goal	86	450	0.012236888888888927
936	easy goal	86	500	0.019518055555555636
936	easy goal	86	550	0.0438128888888889
936	easy goal	86	600	0.061251055555555656
936	easy goal	86	650	0.03208455555555564
936	easy goal	86	700	-0.053323944444444396
936	easy goal	86	750	NA
936	easy goal	86	800	NA
936	easy goal	86	850	NA
936	easy goal	86	900	-0.29888394444444444
936	easy goal	86	950	-0.085540611111111
936	easy goal	86	1e3	-0.06292877777777768
936	easy goal	86	1050	-0.03983027777777778
936	easy goal	86	1100	-0.019695777777777757
936	easy goal	86	1150	0.0038010555555556547
936	easy goal	87	-200	-0.023510635944700504
936	easy goal	87	-150	-0.007678231182795721
936	easy goal	87	-100	-0.0034245645161290472
936	easy goal	87	-50	0.012907435483870891
936	easy goal	87	0	0.025624435483870982
936	easy goal	87	50	0.02601460215053771
936	easy goal	87	100	0.04519143548387087
936	easy goal	87	150	0.030607935483871012
936	easy goal	87	200	0.03189726881720426
936	easy goal	87	250	0.024873435483870887
936	easy goal	87	300	0.028507768817204182
936	easy goal	87	350	0.04845510215053772
936	easy goal	87	400	0.023120102150537614
936	easy goal	87	450	0.04499843548387091
936	easy goal	87	500	0.029340768817204266
936	easy goal	87	550	0.0515114354838709
936	easy goal	87	600	0.07433426881720424
936	easy goal	87	650	0.061555768817204294
936	easy goal	87	700	0.04355976881720425
936	easy goal	87	750	-0.029465564516129028
936	easy goal	87	800	NA
936	easy goal	87	850	NA
936	easy goal	87	900	NA
936	easy goal	87	950	-0.1353164645161291
936	easy goal	87	1e3	-0.054698064516129095
936	easy goal	87	1050	-0.0698433978494623
936	easy goal	87	1100	-0.03953723118279573
936	easy goal	87	1150	-0.02265773118279572
936	easy goal	88	-200	-0.015639695852534503
936	easy goal	88	-150	-0.0015583387096774388
936	easy goal	88	-100	-0.0074400053763440015
936	easy goal	88	-50	0.007847161290322665
936	easy goal	88	0	0.01939749462365592
936	easy goal	88	50	0.010631161290322636
936	easy goal	88	100	0.018016494623655992
936	easy goal	88	150	0.014834327956989357
936	easy goal	88	200	0.01884032795698924
936	easy goal	88	250	0.014971827956989333
936	easy goal	88	300	0.009155994623655905
936	easy goal	88	350	-0.008166338709677238
936	easy goal	88	400	-0.023976005376344034
936	easy goal	88	450	-0.038133505376344
936	easy goal	88	500	-0.02488700537634399
936	easy goal	88	550	-0.041868505376344047
936	easy goal	88	600	-0.0610313387096774
936	easy goal	88	650	NA
936	easy goal	88	700	NA
936	easy goal	88	750	NA
936	easy goal	88	800	NA
936	easy goal	88	850	-0.44927583870967736
936	easy goal	88	900	-0.09758533870967734
936	easy goal	88	950	-0.06118150537634411
936	easy goal	88	1e3	-0.03426300537634397
936	easy goal	88	1050	-0.07520200537634403
936	easy goal	88	1100	-0.03778517204301061
936	easy goal	88	1150	-0.005814505376344092
936	easy goal	89	-200	-0.010706142857142633
936	easy goal	89	-150	-0.01591049999999979
936	easy goal	89	-100	0.00839450000000023
936	easy goal	89	-50	0.01583416666666689
936	easy goal	89	0	0.004172333333333518
936	easy goal	89	50	-0.0012171666666664176
936	easy goal	89	100	-0.030270499999999794
936	easy goal	89	150	-0.11685099999999975
936	easy goal	89	200	NA
936	easy goal	89	250	-0.3303174999999998
936	easy goal	89	300	-0.19321033333333312
936	easy goal	89	350	-0.14387916666666642
936	easy goal	89	400	-0.14282783333333318
936	easy goal	89	450	-0.14761516666666652
936	easy goal	89	500	-0.1287388333333331
936	easy goal	89	550	-0.11066183333333313
936	easy goal	89	600	-0.08449416666666654
936	easy goal	89	650	NA
936	easy goal	89	700	NA
936	easy goal	89	750	NA
936	easy goal	89	800	NA
936	easy goal	89	850	NA
936	easy goal	89	900	0.003151500000000196
936	easy goal	89	950	0.026357166666666803
936	easy goal	89	1e3	0.008819666666666818
936	easy goal	89	1050	0.04454000000000017
936	easy goal	89	1100	0.0723586666666669
936	easy goal	89	1150	0.10398933333333356
936	easy goal	90	-200	0.003018199999999934
936	easy goal	90	-150	0.0027676999999999286
936	easy goal	90	-100	-0.0017846333333334148
936	easy goal	90	-50	3.773666666665824e-4
936	easy goal	90	0	-0.004378633333333474
936	easy goal	90	50	0.011829533333333217
936	easy goal	90	100	0.023185699999999903
936	easy goal	90	150	0.036787866666666634
936	easy goal	90	200	0.053666033333333196
936	easy goal	90	250	0.060665199999999864
936	easy goal	90	300	0.08117886666666663
936	easy goal	90	350	0.06366086666666655
936	easy goal	90	400	0.09354553333333326
936	easy goal	90	450	0.0868933666666667
936	easy goal	90	500	0.10570120000000001
936	easy goal	90	550	0.10947836666666662
936	easy goal	90	600	0.10830853333333328
936	easy goal	90	650	0.1151128666666666
936	easy goal	90	700	0.09004003333333332
936	easy goal	90	750	NA
936	easy goal	90	800	NA
936	easy goal	90	850	NA
936	easy goal	90	900	-0.17083280000000003
936	easy goal	90	950	0.057467533333333355
936	easy goal	90	1e3	0.07180703333333331
936	easy goal	90	1050	0.07541669999999989
936	easy goal	90	1100	0.08257986666666661
936	easy goal	90	1150	0.10059036666666654
936	easy goal	91	-200	0.02037793333333333
936	easy goal	91	-150	NA
936	easy goal	91	-100	NA
936	easy goal	91	-50	-0.07996001666666663
936	easy goal	91	0	0.03632506666666672
936	easy goal	91	50	0.06595906666666673
936	easy goal	91	100	0.060392733333333316
936	easy goal	91	150	0.05421456666666676
936	easy goal	91	200	0.06054906666666674
936	easy goal	91	250	0.0625795666666668
936	easy goal	91	300	0.08028506666666672
936	easy goal	91	350	0.08511140000000002
936	easy goal	91	400	0.06808873333333339
936	easy goal	91	450	0.07830790000000006
936	easy goal	91	500	0.07211006666666675
936	easy goal	91	550	0.07588440000000014
936	easy goal	91	600	0.07968256666666673
936	easy goal	91	650	0.09772173333333338
936	easy goal	91	700	0.10501244761904768
936	easy goal	91	750	0.039006733333333446
936	easy goal	91	800	NA
936	easy goal	91	850	NA
936	easy goal	91	900	NA
936	easy goal	91	950	NA
936	easy goal	91	1e3	NA
936	easy goal	91	1050	0.09205773333333338
936	easy goal	91	1100	0.09555423333333346
936	easy goal	91	1150	0.08845123333333338
936	easy goal	92	-200	0.009437456221198228
936	easy goal	92	-150	0.0154559086021507
936	easy goal	92	-100	-2.2159139784938553e-4
936	easy goal	92	-50	-0.011681758064516027
936	easy goal	92	0	-0.014562924731182555
936	easy goal	92	50	-0.010940258064516003
936	easy goal	92	100	-0.0105089247311827
936	easy goal	92	150	-0.0025204247311827466
936	easy goal	92	200	-0.011427658064516066
936	easy goal	92	250	-0.04104754377880176
936	easy goal	92	300	-0.05895109139784949
936	easy goal	92	350	-0.05161475806451602
936	easy goal	92	400	-0.05450525806451608
936	easy goal	92	450	-0.06054025806451602
936	easy goal	92	500	-0.053732424731182636
936	easy goal	92	550	-0.04600459139784944
936	easy goal	92	600	-0.03235909139784939
936	easy goal	92	650	0.0032884086021505907
936	easy goal	92	700	0.004366408602150651
936	easy goal	92	750	-0.024838258064515967
936	easy goal	92	800	NA
936	easy goal	92	850	NA
936	easy goal	92	900	NA
936	easy goal	92	950	-0.25087825806451614
936	easy goal	92	1e3	0.05397594193548398
936	easy goal	92	1050	-0.011991258064516064
936	easy goal	92	1100	-0.05533609139784934
936	easy goal	92	1150	-0.0562975913978494
936	easy goal	93	-200	-0.01894673732718883
936	easy goal	93	-150	-0.012859951612903023
936	easy goal	93	-100	-6.381182795698326e-4
936	easy goal	93	-50	0.011984381720430223
936	easy goal	93	0	0.023618215053763603
936	easy goal	93	50	0.03879704838709689
936	easy goal	93	100	0.04661671505376367
936	easy goal	93	150	0.05356188172043027
936	easy goal	93	200	0.054538215053763515
936	easy goal	93	250	0.04627838172043027
936	easy goal	93	300	0.03455438172043027
936	easy goal	93	350	0.03631104838709698
936	easy goal	93	400	0.03228821505376356
936	easy goal	93	450	0.038159548387096974
936	easy goal	93	500	0.05713754838709691
936	easy goal	93	550	0.07875088172043039
936	easy goal	93	600	0.0850608817204302
936	easy goal	93	650	0.11215121505376358
936	easy goal	93	700	0.06756194838709702
936	easy goal	93	750	NA
936	easy goal	93	800	NA
936	easy goal	93	850	NA
936	easy goal	93	900	NA
936	easy goal	93	950	-0.025220451612903094
936	easy goal	93	1e3	0.10306234838709702
936	easy goal	93	1050	0.11786938172043031
936	easy goal	93	1100	0.10465221505376365
936	easy goal	93	1150	0.14828004838709696
936	easy goal	94	-200	-0.054323416666666624
936	easy goal	94	-150	NA
936	easy goal	94	-100	NA
936	easy goal	94	-50	0.014507333333333317
936	easy goal	94	0	0.008436249999999998
936	easy goal	94	50	-0.0084039166666666585
936	easy goal	94	100	-4.780833333333234e-4
936	easy goal	94	150	0.003379083333333218
936	easy goal	94	200	0.030102916666666646
936	easy goal	94	250	0.05531924999999993
936	easy goal	94	300	0.07252441666666654
936	easy goal	94	350	0.09797391666666659
936	easy goal	94	400	0.09348808333333336
936	easy goal	94	450	0.11636491666666655
936	easy goal	94	500	0.13015308333333322
936	easy goal	94	550	0.14859874999999997
936	easy goal	94	600	0.1669320833333333
936	easy goal	94	650	0.18407741666666663
936	easy goal	94	700	0.19800575
936	easy goal	94	750	0.19639008333333333
936	easy goal	94	800	0.19245041666666665
936	easy goal	94	850	0.15183175000000002
936	easy goal	94	900	0.10898074999999989
936	easy goal	94	950	0.09849041666666662
936	easy goal	94	1e3	0.06873441666666658
936	easy goal	94	1050	0.05913875000000002
936	easy goal	94	1100	0.05977674999999986
936	easy goal	94	1150	0.06256191666666666
936	easy goal	95	-200	-0.04525017972350241
936	easy goal	95	-150	-0.017521822580645274
936	easy goal	95	-100	0.005061844086021357
936	easy goal	95	-50	0.029851510752687993
936	easy goal	95	0	0.035400344086021475
936	easy goal	95	50	0.05204351075268798
936	easy goal	95	100	0.05292134408602145
936	easy goal	95	150	0.042742177419354745
936	easy goal	95	200	0.05049084408602137
936	easy goal	95	250	0.027774677419354726
936	easy goal	95	300	0.014947010752688042
936	easy goal	95	350	0.015236844086021476
936	easy goal	95	400	0.012850010752688101
936	easy goal	95	450	0.02741734408602133
936	easy goal	95	500	0.05285601075268801
936	easy goal	95	550	0.08188417741935483
936	easy goal	95	600	0.09616617741935458
936	easy goal	95	650	0.13069217741935465
936	easy goal	95	700	0.11049351075268803
936	easy goal	95	750	-0.0499403225806454
936	easy goal	95	800	NA
936	easy goal	95	850	NA
936	easy goal	95	900	NA
936	easy goal	95	950	-0.3110553225806453
936	easy goal	95	1e3	0.02532184408602145
936	easy goal	95	1050	0.039158844086021403
936	easy goal	95	1100	0.04340310599078328
936	easy goal	95	1150	NA
936	easy goal	96	-200	-0.04558576666666673
936	easy goal	96	-150	-0.025147433333333396
936	easy goal	96	-100	0.010510566666666573
936	easy goal	96	-50	0.02178273333333336
936	easy goal	96	0	0.03843990000000005
936	easy goal	96	50	0.07730239999999992
936	easy goal	96	100	0.09414073333333321
936	easy goal	96	150	0.11165106666666665
936	easy goal	96	200	0.12174723333333322
936	easy goal	96	250	0.13349606666666655
936	easy goal	96	300	0.1218553999999999
936	easy goal	96	350	0.13137723333333326
936	easy goal	96	400	0.12110673333333333
936	easy goal	96	450	0.11042873333333329
936	easy goal	96	500	0.12901173333333324
936	easy goal	96	550	0.11130440000000001
936	easy goal	96	600	0.12000989999999996
936	easy goal	96	650	0.12395090000000002
936	easy goal	96	700	0.04564581666666656
936	easy goal	96	750	NA
936	easy goal	96	800	NA
936	easy goal	96	850	-0.25579493333333336
936	easy goal	96	900	0.08688923333333338
936	easy goal	96	950	0.10989956666666667
936	easy goal	96	1e3	0.06303839999999994
936	easy goal	96	1050	NA
936	easy goal	96	1100	NA
936	easy goal	96	1150	-0.16862710000000003
936	easy goal	97	-200	0.03616279723502285
936	easy goal	97	-150	0.014795559139784809
936	easy goal	97	-100	0.0036008924731180483
936	easy goal	97	-50	-0.014169107526881941
936	easy goal	97	0	-0.04641727419354861
936	easy goal	97	50	-0.07746844086021525
936	easy goal	97	100	-0.10406510752688192
936	easy goal	97	150	-0.1271374408602152
936	easy goal	97	200	-0.13663477419354866
936	easy goal	97	250	-0.1550591075268819
936	easy goal	97	300	-0.16275760752688187
936	easy goal	97	350	-0.16246444086021525
936	easy goal	97	400	-0.16410027419354853
936	easy goal	97	450	-0.16057010752688186
936	easy goal	97	500	-0.14609194086021526
936	easy goal	97	550	-0.1314149408602153
936	easy goal	97	600	-0.09770927419354858
936	easy goal	97	650	-0.07468277419354852
936	easy goal	97	700	-0.06697477419354854
936	easy goal	97	750	-0.08847194086021526
936	easy goal	97	800	-0.20493477419354855
936	easy goal	97	850	NA
936	easy goal	97	900	NA
936	easy goal	97	950	-0.5171467741935485
936	easy goal	97	1e3	-0.04649810752688192
936	easy goal	97	1050	-0.022197274193548482
936	easy goal	97	1100	-0.07712810752688193
936	easy goal	97	1150	NA
936	easy goal	98	-200	-0.05795060829493088
936	easy goal	98	-150	0.008208677419354752
936	easy goal	98	-100	0.018439510752688165
936	easy goal	98	-50	0.026512844086021465
936	easy goal	98	0	0.01444801075268809
936	easy goal	98	50	0.01822117741935488
936	easy goal	98	100	0.02322167741935477
936	easy goal	98	150	0.016722510752688196
936	easy goal	98	200	0.0010225107526882216
936	easy goal	98	250	-0.027468155913978515
936	easy goal	98	300	-0.037877489247311935
936	easy goal	98	350	-0.06129698924731194
936	easy goal	98	400	-0.055320322580645266
936	easy goal	98	450	-0.06716132258064518
936	easy goal	98	500	-0.042810489247311935
936	easy goal	98	550	-0.018868989247311802
936	easy goal	98	600	-0.003329989247311834
936	easy goal	98	650	0.02501134408602142
936	easy goal	98	700	0.03238717741935478
936	easy goal	98	750	0.021441344086021497
936	easy goal	98	800	0.024769510752688184
936	easy goal	98	850	-0.027438822580645228
936	easy goal	98	900	NA
936	easy goal	98	950	NA
936	easy goal	98	1e3	NA
936	easy goal	98	1050	-0.13204865591397855
936	easy goal	98	1100	-0.0628529892473119
936	easy goal	98	1150	-0.013011822580645186
936	easy goal	99	-200	-0.0016310506912441877
936	easy goal	99	-150	0.006969806451612899
936	easy goal	99	-100	-0.005005360215053711
936	easy goal	99	-50	0.0020443064516130574
936	easy goal	99	0	-0.0021058602150536565
936	easy goal	99	50	0.018089973118279607
936	easy goal	99	100	-0.0120928602150537
936	easy goal	99	150	-0.002158860215053663
936	easy goal	99	200	0.014833473118279686
936	easy goal	99	250	-0.013990693548386965
936	easy goal	99	300	-0.015884193548386955
936	easy goal	99	350	-0.043719526881720316
936	easy goal	99	400	-0.056645360215053765
936	easy goal	99	450	-0.0732673602150536
936	easy goal	99	500	-0.07016102688172032
936	easy goal	99	550	-0.06409569354838711
936	easy goal	99	600	-0.041006860215053655
936	easy goal	99	650	-0.06103636021505373
936	easy goal	99	700	-0.1932168602150536
936	easy goal	99	750	NA
936	easy goal	99	800	NA
936	easy goal	99	850	NA
936	easy goal	99	900	NA
936	easy goal	99	950	-0.3736305268817204
936	easy goal	99	1e3	-0.11417686021505369
936	easy goal	99	1050	-0.10880086021505364
936	easy goal	99	1100	-0.14967086021505369
936	easy goal	99	1150	-0.13643686021505363
936	easy goal	100	-200	-0.013065589861751168
936	easy goal	100	-150	-0.0026309946236560133
936	easy goal	100	-100	-0.0024948279569892615
936	easy goal	100	-50	0.008644505376344128
936	easy goal	100	0	0.011724505376344027
936	easy goal	100	50	0.00295383870967747
936	easy goal	100	100	-0.0182159946236559
936	easy goal	100	150	-0.031054827956989106
936	easy goal	100	200	-0.040598494623655945
936	easy goal	100	250	-0.023601327956989326
936	easy goal	100	300	-0.03608766129032256
936	easy goal	100	350	-0.02249349462365598
936	easy goal	100	400	-0.014143994623655972
936	easy goal	100	450	0.004696338709677376
936	easy goal	100	500	0.031164838709677456
936	easy goal	100	550	0.04409750537634408
936	easy goal	100	600	0.04863867204301061
936	easy goal	100	650	0.03286133870967752
936	easy goal	100	700	-0.021753161290322637
936	easy goal	100	750	NA
936	easy goal	100	800	NA
936	easy goal	100	850	NA
936	easy goal	100	900	NA
936	easy goal	100	950	NA
936	easy goal	100	1e3	-0.4560381612903226
936	easy goal	100	1050	0.04966863870967746
936	easy goal	100	1100	0.09726767204301079
936	easy goal	100	1150	0.10859300537634405
936	easy goal	101	-200	0.009797398496240664
936	easy goal	101	-150	0.0031946842105263773
936	easy goal	101	-100	-0.014624982456140264
936	easy goal	101	-50	NA
936	easy goal	101	0	NA
936	easy goal	101	50	NA
936	easy goal	101	100	-0.33982731578947356
936	easy goal	101	150	0.024468112781954914
936	easy goal	101	200	0.03342951754385962
936	easy goal	101	250	0.02015018421052635
936	easy goal	101	300	0.012536350877193033
936	easy goal	101	350	0.050463850877192996
936	easy goal	101	400	0.08952135087719297
936	easy goal	101	450	0.09959685087719301
936	easy goal	101	500	0.11050835087719306
936	easy goal	101	550	0.1031301842105264
936	easy goal	101	600	0.09662951754385962
936	easy goal	101	650	0.100082850877193
936	easy goal	101	700	0.12063301754385976
936	easy goal	101	750	0.13045018421052634
936	easy goal	101	800	0.17987918421052637
936	easy goal	101	850	0.1999903508771931
936	easy goal	101	900	0.22732818421052636
936	easy goal	101	950	0.191339850877193
936	easy goal	101	1e3	0.1742080175438597
936	easy goal	101	1050	0.15597985087719293
936	easy goal	101	1100	0.12537835087719293
936	easy goal	101	1150	0.09011951754385968
936	easy goal	102	-200	0.0077429585253456145
936	easy goal	102	-150	-4.797795698923875e-4
936	easy goal	102	-100	-0.008850446236559062
936	easy goal	102	-50	-0.0050167795698924005
936	easy goal	102	0	0.005313553763440855
936	easy goal	102	50	0.022661553763440923
936	easy goal	102	100	0.028231387096774235
936	easy goal	102	150	0.03442955376344092
936	easy goal	102	200	0.03281672043010753
936	easy goal	102	250	0.030657720430107505
936	easy goal	102	300	0.03630455376344092
936	easy goal	102	350	-0.003136612903225829
936	easy goal	102	400	-0.012950946236559124
936	easy goal	102	450	-0.02281494623655907
936	easy goal	102	500	-0.011023612903225732
936	easy goal	102	550	-0.005871779569892451
936	easy goal	102	600	-0.004640112903225783
936	easy goal	102	650	0.007958387096774175
936	easy goal	102	700	0.016643053763440923
936	easy goal	102	750	0.018557220430107584
936	easy goal	102	800	-0.04990021290322577
936	easy goal	102	850	NA
936	easy goal	102	900	NA
936	easy goal	102	950	NA
936	easy goal	102	1e3	NA
936	easy goal	102	1050	-0.16167861290322572
936	easy goal	102	1100	0.07950698709677413
936	easy goal	102	1150	0.058545053763440956
936	easy goal	103	-200	0.025055714285714435
936	easy goal	103	-150	0.008979833333333445
936	easy goal	103	-100	-0.00439849999999975
936	easy goal	103	-50	-0.021233666666666522
936	easy goal	103	0	-0.012579333333333128
936	easy goal	103	50	-0.006302499999999878
936	easy goal	103	100	-0.003099499999999885
936	easy goal	103	150	-0.0032858333333332843
936	easy goal	103	200	-0.020569999999999828
936	easy goal	103	250	-0.011494666666666506
936	easy goal	103	300	-0.029373666666666482
936	easy goal	103	350	-0.058866799999999844
936	easy goal	103	400	-0.06403385714285699
936	easy goal	103	450	-0.0647109999999999
936	easy goal	103	500	-0.06169266666666647
936	easy goal	103	550	-0.028311333333333133
936	easy goal	103	600	-0.025249666666666542
936	easy goal	103	650	-0.031527999999999924
936	easy goal	103	700	NA
936	easy goal	103	750	NA
936	easy goal	103	800	NA
936	easy goal	103	850	NA
936	easy goal	103	900	NA
936	easy goal	103	950	0.02720900000000004
936	easy goal	103	1e3	-0.06361449999999991
936	easy goal	103	1050	-0.05376766666666651
936	easy goal	103	1100	-0.010639666666666528
936	easy goal	103	1150	0.03753833333333353
936	easy goal	104	-200	0.015229175115207192
936	easy goal	104	-150	0.009895198924731044
936	easy goal	104	-100	-0.004553634408602347
936	easy goal	104	-50	-0.007105301075268929
936	easy goal	104	0	-0.016003634408602307
936	easy goal	104	50	-0.02865863440860224
936	easy goal	104	100	-0.04122713440860237
936	easy goal	104	150	-0.044217134408602345
936	easy goal	104	200	-0.04319213440860237
936	easy goal	104	250	-0.046707634408602296
936	easy goal	104	300	-0.02264346774193567
936	easy goal	104	350	-0.03169280107526906
936	easy goal	104	400	-0.06101580107526897
936	easy goal	104	450	-0.03640963440860238
936	easy goal	104	500	-0.005697634408602307
936	easy goal	104	550	0.0017456989247309391
936	easy goal	104	600	0.04937253225806441
936	easy goal	104	650	0.07832486559139773
936	easy goal	104	700	0.04994553225806442
936	easy goal	104	750	-0.01183376774193574
936	easy goal	104	800	NA
936	easy goal	104	850	NA
936	easy goal	104	900	NA
936	easy goal	104	950	NA
936	easy goal	104	1e3	NA
936	easy goal	104	1050	0.07430803225806448
936	easy goal	104	1100	0.043822232258064364
936	easy goal	104	1150	0.06660669892473099
936	easy goal	105	-200	-0.006665166666666463
936	easy goal	105	-150	-0.006091499999999843
936	easy goal	105	-100	-8.374999999997504e-4
936	easy goal	105	-50	0.010112500000000338
936	easy goal	105	0	0.0034816666666668272
936	easy goal	105	50	-0.0011908333333331782
936	easy goal	105	100	-0.01913116666666655
936	easy goal	105	150	-0.04944083333333323
936	easy goal	105	200	-0.06988249999999985
936	easy goal	105	250	-0.09851033333333319
936	easy goal	105	300	-0.10083983333333313
936	easy goal	105	350	-0.0813081666666664
936	easy goal	105	400	-0.08603183333333313
936	easy goal	105	450	-0.09357183333333315
936	easy goal	105	500	-0.06120133333333322
936	easy goal	105	550	-0.03071849999999987
936	easy goal	105	600	-0.024516333333333213
936	easy goal	105	650	-0.01607166666666641
936	easy goal	105	700	-0.020376833333333105
936	easy goal	105	750	-0.3990136666666664
936	easy goal	105	800	NA
936	easy goal	105	850	NA
936	easy goal	105	900	NA
936	easy goal	105	950	-0.09870766666666642
936	easy goal	105	1e3	0.05400993333333348
936	easy goal	105	1050	0.012722133333333562
936	easy goal	105	1100	0.018134666666666854
936	easy goal	105	1150	0.05807090476190498
936	easy goal	106	-200	0.01677961827956979
936	easy goal	106	-150	0.0032092849462365494
936	easy goal	106	-100	0.00579130875576033
936	easy goal	106	-50	-0.00837854838709684
936	easy goal	106	0	-0.018366881720430106
936	easy goal	106	50	-0.028944148387096913
936	easy goal	106	100	-0.007523405529953945
936	easy goal	106	150	0.0048860516129032305
936	easy goal	106	200	2.4861827956979e-4
936	easy goal	106	250	-0.011557691244239696
936	easy goal	106	300	-0.017656215053763507
936	easy goal	106	350	-0.0383387483870969
936	easy goal	106	400	-0.02728369124423973
936	easy goal	106	450	-0.028208715053763544
936	easy goal	106	500	-0.023802215053763492
936	easy goal	106	550	0.007095284946236531
936	easy goal	106	600	-0.025346881720430165
936	easy goal	106	650	NA
936	easy goal	106	700	NA
936	easy goal	106	750	NA
936	easy goal	106	800	NA
936	easy goal	106	850	-0.23962654838709696
936	easy goal	106	900	0.10044411827956982
936	easy goal	106	950	0.11428661827956987
936	easy goal	106	1e3	0.10017928494623647
936	easy goal	106	1050	0.13321111827956988
936	easy goal	106	1100	0.17183378494623658
936	easy goal	106	1150	0.1790042849462364
936	easy goal	107	-200	0.03927898617511546
936	easy goal	107	-150	0.006995129032258222
936	easy goal	107	-100	-0.008132870967741734
936	easy goal	107	-50	-0.02215987096774182
936	easy goal	107	0	-0.02252787096774182
936	easy goal	107	50	-0.029663370967741704
936	easy goal	107	100	-0.027071204301075163
936	easy goal	107	150	-0.029852537634408538
936	easy goal	107	200	-0.035993370967741724
936	easy goal	107	250	-0.029526037634408347
936	easy goal	107	300	-0.027872704301075135
936	easy goal	107	350	-0.032806037634408446
936	easy goal	107	400	-0.021557537634408448
936	easy goal	107	450	-0.0030897043010750616
936	easy goal	107	500	0.009961462365591553
936	easy goal	107	550	0.06704912903225828
936	easy goal	107	600	0.10518146236559156
936	easy goal	107	650	0.14786496236559152
936	easy goal	107	700	0.18198179569892484
936	easy goal	107	750	-0.05693987096774178
936	easy goal	107	800	NA
936	easy goal	107	850	NA
936	easy goal	107	900	NA
936	easy goal	107	950	NA
936	easy goal	107	1e3	0.1916451290322584
936	easy goal	107	1050	0.2562812956989249
936	easy goal	107	1100	0.32379996236559166
936	easy goal	107	1150	0.36590146236559157
936	easy goal	108	-200	0.023149649769585143
936	easy goal	108	-150	-0.021080231182795856
936	easy goal	108	-100	0.029017435483870813
936	easy goal	108	-50	-0.01419339784946246
936	easy goal	108	0	-0.02075173118279583
936	easy goal	108	50	-0.013257564516129102
936	easy goal	108	100	-0.057309231182795774
936	easy goal	108	150	-0.08956189784946249
936	easy goal	108	200	-0.06986939784946251
936	easy goal	108	250	-0.1110350645161291
936	easy goal	108	300	-0.11793806451612905
936	easy goal	108	350	-0.12254873118279581
936	easy goal	108	400	-0.12875423118279583
936	easy goal	108	450	-0.13838156451612912
936	easy goal	108	500	-0.11884806451612924
936	easy goal	108	550	-0.1278505645161291
936	easy goal	108	600	-0.15144306451612902
936	easy goal	108	650	-0.1774820645161291
936	easy goal	108	700	-0.15143039784946252
936	easy goal	108	750	-0.1657038978494625
936	easy goal	108	800	-0.16996939784946238
936	easy goal	108	850	-0.24288506451612912
936	easy goal	108	900	NA
936	easy goal	108	950	NA
936	easy goal	108	1e3	NA
936	easy goal	108	1050	-0.3735920645161291
936	easy goal	108	1100	-0.09517539784946243
936	easy goal	108	1150	-0.12242289784946243
936	easy goal	109	-200	0.005910023041474588
936	easy goal	109	-150	-0.008988715053763455
936	easy goal	109	-100	-0.0010403817204301575
936	easy goal	109	-50	0.014799951612903225
936	easy goal	109	0	-0.011665881720430038
936	easy goal	109	50	-0.029463215053763554
936	easy goal	109	100	-0.08381871505376355
936	easy goal	109	150	-0.12349204838709678
936	easy goal	109	200	-0.14372238172043014
936	easy goal	109	250	-0.17388871505376344
936	easy goal	109	300	-0.17748238172043015
936	easy goal	109	350	-0.2085850483870968
936	easy goal	109	400	-0.21193621505376345
936	easy goal	109	450	-0.19653021505376342
936	easy goal	109	500	-0.19820154838709678
936	easy goal	109	550	-0.18609854838709672
936	easy goal	109	600	-0.14233288172043027
936	easy goal	109	650	-0.13155288172043011
936	easy goal	109	700	-0.08768838172043014
936	easy goal	109	750	-0.06696888172043007
936	easy goal	109	800	-0.04720404838709672
936	easy goal	109	850	-0.03352921505376346
936	easy goal	109	900	-0.05331771505376345
936	easy goal	109	950	-0.07968421505376348
936	easy goal	109	1e3	-0.12414638172043009
936	easy goal	109	1050	-0.14147621505376354
936	easy goal	109	1100	-0.1748960483870968
936	easy goal	109	1150	-0.1810578817204301
936	easy goal	110	-200	0.04315686175115222
936	easy goal	110	-150	0.022134956989247428
936	easy goal	110	-100	-0.0011107096774191454
936	easy goal	110	-50	-0.018310709677419174
936	easy goal	110	0	-0.053063209677419065
936	easy goal	110	50	-0.07304537634408585
936	easy goal	110	100	-0.08462637634408592
936	easy goal	110	150	-0.09311887634408585
936	easy goal	110	200	-0.09636670967741916
936	easy goal	110	250	-0.1025420430107525
936	easy goal	110	300	-0.10360587634408591
936	easy goal	110	350	-0.10408370967741913
936	easy goal	110	400	-0.10378387634408577
936	easy goal	110	450	-0.09420770967741914
936	easy goal	110	500	-0.06433387634408587
936	easy goal	110	550	-0.03335554301075246
936	easy goal	110	600	-0.0044035430107525935
936	easy goal	110	650	0.03397479032258081
936	easy goal	110	700	-0.004989209677419337
936	easy goal	110	750	NA
936	easy goal	110	800	NA
936	easy goal	110	850	NA
936	easy goal	110	900	NA
936	easy goal	110	950	-0.2456697096774192
936	easy goal	110	1e3	0.07318229032258072
936	easy goal	110	1050	0.05497345698924749
936	easy goal	110	1100	0.09417695698924751
936	easy goal	110	1150	0.13123012365591422
936	easy goal	111	-200	0.01702539631336394
936	easy goal	111	-150	0.008107801075268725
936	easy goal	111	-100	-0.0017446989247312434
936	easy goal	111	-50	-0.012727698924731209
936	easy goal	111	0	-0.013498365591397906
936	easy goal	111	50	-0.014147198924731189
936	easy goal	111	100	-0.0026366989247312844
936	easy goal	111	150	-5.3032258064596625e-5
936	easy goal	111	200	0.005747801075268806
936	easy goal	111	250	0.01270780107526881
936	easy goal	111	300	0.030343134408601962
936	easy goal	111	350	0.036033634408602
936	easy goal	111	400	0.04817363440860204
936	easy goal	111	450	0.08824646774193545
936	easy goal	111	500	0.1191711344086021
936	easy goal	111	550	0.15285896774193541
936	easy goal	111	600	0.16100030107526875
936	easy goal	111	650	0.17425813440860205
936	easy goal	111	700	0.05659396774193537
936	easy goal	111	750	NA
936	easy goal	111	800	NA
936	easy goal	111	850	NA
936	easy goal	111	900	-0.0226785322580646
936	easy goal	111	950	0.14621046774193544
936	easy goal	111	1e3	0.11754996774193538
936	easy goal	111	1050	0.11922663440860208
936	easy goal	111	1100	0.1157068010752688
936	easy goal	111	1150	0.15250863440860205
936	easy goal	112	-200	0.035234520737327024
936	easy goal	112	-150	0.014910639784946037
936	easy goal	112	-100	4.929731182794495e-4
936	easy goal	112	-50	-0.01918079354838733
936	easy goal	112	0	-0.03473705069124427
936	easy goal	112	50	-0.05794902688172051
936	easy goal	112	100	-0.07122319354838728
936	easy goal	112	150	-0.08075319354838732
936	easy goal	112	200	-0.08010102688172067
936	easy goal	112	250	-0.08429186021505397
936	easy goal	112	300	-0.09004019354838728
936	easy goal	112	350	-0.08448486021505401
936	easy goal	112	400	-0.08624369354838723
936	easy goal	112	450	-0.06347902688172062
936	easy goal	112	500	-0.04689869354838735
936	easy goal	112	550	-0.005290193548387334
936	easy goal	112	600	0.023547806451612734
936	easy goal	112	650	0.029330473118279448
936	easy goal	112	700	0.04822463978494618
936	easy goal	112	750	0.02469797311827941
936	easy goal	112	800	NA
936	easy goal	112	850	NA
936	easy goal	112	900	NA
936	easy goal	112	950	NA
936	easy goal	112	1e3	NA
936	easy goal	112	1050	NA
936	easy goal	112	1100	0.06996130645161269
936	easy goal	112	1150	0.13798400645161282
936	easy goal	113	-200	-0.0248561428571429
936	easy goal	113	-150	-0.005689666666666667
936	easy goal	113	-100	0.00665300000000002
936	easy goal	113	-50	0.013211499999999857
936	easy goal	113	0	0.014823999999999948
936	easy goal	113	50	0.01688566666666665
936	easy goal	113	100	0.002051666666666637
936	easy goal	113	150	-0.018093166666666678
936	easy goal	113	200	-0.034762500000000106
936	easy goal	113	250	-0.02813116666666667
936	easy goal	113	300	-0.03424999999999997
936	easy goal	113	350	-0.054647166666666656
936	easy goal	113	400	-0.06776066666666665
936	easy goal	113	450	-0.06875333333333329
936	easy goal	113	500	-0.058333333333333494
936	easy goal	113	550	-0.057433999999999985
936	easy goal	113	600	-0.06315650000000013
936	easy goal	113	650	-0.06928850000000016
936	easy goal	113	700	-0.09154816666666672
936	easy goal	113	750	-0.11691466666666672
936	easy goal	113	800	-0.12703283333333348
936	easy goal	113	850	-0.33660999999999985
936	easy goal	113	900	NA
936	easy goal	113	950	NA
936	easy goal	113	1e3	NA
936	easy goal	113	1050	NA
936	easy goal	113	1100	-0.3181034000000001
936	easy goal	113	1150	-0.006682833333333378
936	easy goal	114	-200	-0.005029359447004873
936	easy goal	114	-150	-0.006205245161290484
936	easy goal	114	-100	-0.012042645161290404
936	easy goal	114	-50	0.0011095215053761691
936	easy goal	114	0	0.023978854838709502
936	easy goal	114	50	0.01911018817204287
936	easy goal	114	100	0.03818652150537627
936	easy goal	114	150	0.04016175483870956
936	easy goal	114	200	0.03627392626728091
936	easy goal	114	250	0.03099002150537622
936	easy goal	114	300	0.037456021505376226
936	easy goal	114	350	0.03602395483870957
936	easy goal	114	400	0.05154906912442384
936	easy goal	114	450	0.045177021505376246
936	easy goal	114	500	0.0261408548387095
936	easy goal	114	550	0.04599518817204277
936	easy goal	114	600	0.05466818817204285
936	easy goal	114	650	0.06388655483870949
936	easy goal	114	700	0.0836492119815667
936	easy goal	114	750	0.07864968817204288
936	easy goal	114	800	0.06278568817204293
936	easy goal	114	850	0.06213618817204295
936	easy goal	114	900	0.03984418817204283
936	easy goal	114	950	0.012650354838709577
936	easy goal	114	1e3	-0.007405978494623729
936	easy goal	114	1050	0.010365688172042864
936	easy goal	114	1100	0.014197854838709612
936	easy goal	114	1150	0.021142521505376138
936	easy goal	115	-200	-0.002408903225806685
936	easy goal	115	-150	-0.008165903225806645
936	easy goal	115	-100	-1.0403225806661828e-5
936	easy goal	115	-50	-0.00233723655913994
936	easy goal	115	0	0.013323930107526675
936	easy goal	115	50	0.009454596774193321
936	easy goal	115	100	0.018129430107526694
936	easy goal	115	150	0.026213430107526598
936	easy goal	115	200	0.024066430107526626
936	easy goal	115	250	0.03311043010752668
936	easy goal	115	300	0.05718209677419339
936	easy goal	115	350	0.05118276344085985
936	easy goal	115	400	0.0377399301075266
936	easy goal	115	450	0.05464643010752668
936	easy goal	115	500	0.08363126344086003
936	easy goal	115	550	0.0854339301075268
936	easy goal	115	600	0.09340693010752658
936	easy goal	115	650	0.11723893010752658
936	easy goal	115	700	-0.05452490322580683
936	easy goal	115	750	NA
936	easy goal	115	800	NA
936	easy goal	115	850	NA
936	easy goal	115	900	NA
936	easy goal	115	950	0.16057009677419343
936	easy goal	115	1e3	0.27345469677419326
936	easy goal	115	1050	0.2582237634408601
936	easy goal	115	1100	0.26070759677419336
936	easy goal	115	1150	0.2987515967741934
936	easy goal	116	-200	-0.009521633333333149
936	easy goal	116	-150	-0.003874133333333122
936	easy goal	116	-100	0.0010927000000002056
936	easy goal	116	-50	0.0015278666666668588
936	easy goal	116	0	0.010775200000000318
936	easy goal	116	50	0.017960366666666856
936	easy goal	116	100	0.01684620000000033
936	easy goal	116	150	0.013381366666666969
936	easy goal	116	200	0.004298866666666938
936	easy goal	116	250	-0.019798133333333096
936	easy goal	116	300	-0.031637514285714055
936	easy goal	116	350	-0.03633899999999981
936	easy goal	116	400	-0.041694799999999824
936	easy goal	116	450	-0.026690799999999754
936	easy goal	116	500	-0.011585466666666452
936	easy goal	116	550	0.017174366666666902
936	easy goal	116	600	0.04298586666666685
936	easy goal	116	650	0.03524780000000023
936	easy goal	116	700	-0.05877029999999983
936	easy goal	116	750	NA
936	easy goal	116	800	NA
936	easy goal	116	850	NA
936	easy goal	116	900	NA
936	easy goal	116	950	-0.1915737999999998
936	easy goal	116	1e3	-0.035332799999999796
936	easy goal	116	1050	-0.05153465714285689
936	easy goal	116	1100	-0.005201133333333201
936	easy goal	116	1150	0.028097200000000228
936	easy goal	117	-200	NA
936	easy goal	117	-150	-0.5229629473684212
936	easy goal	117	-100	-0.10966628070175433
936	easy goal	117	-50	0.09181555263157892
936	easy goal	117	0	0.10501121929824568
936	easy goal	117	50	0.11390405263157895
936	easy goal	117	100	0.12501821929824572
936	easy goal	117	150	0.12556505263157902
936	easy goal	117	200	0.1281772192982457
936	easy goal	117	250	0.11978555263157897
936	easy goal	117	300	0.11277555263157901
936	easy goal	117	350	0.12492305263157892
936	easy goal	117	400	0.11178205263157899
936	easy goal	117	450	0.11015321929824566
936	easy goal	117	500	0.13658421929824568
936	easy goal	117	550	0.15873738596491238
936	easy goal	117	600	0.1754903859649124
936	easy goal	117	650	0.18637588596491236
936	easy goal	117	700	0.15913338596491236
936	easy goal	117	750	0.08571965263157902
936	easy goal	117	800	NA
936	easy goal	117	850	NA
936	easy goal	117	900	-0.5329739473684212
936	easy goal	117	950	0.016667385964912313
936	easy goal	117	1e3	0.0492482192982456
936	easy goal	117	1050	-0.007087280701754277
936	easy goal	117	1100	NA
936	easy goal	117	1150	NA
936	easy goal	118	-200	0.004143096774193619
936	easy goal	118	-150	-0.013500903225806512
936	easy goal	118	-100	0.003309596774193624
936	easy goal	118	-50	0.0023945967741936247
936	easy goal	118	0	0.0029630967741935965
936	easy goal	118	50	0.007386763440860274
936	easy goal	118	100	0.02021976344086022
936	easy goal	118	150	0.011652763440860229
936	easy goal	118	200	-0.004338903225806397
936	easy goal	118	250	-0.021239736559139837
936	easy goal	118	300	-0.02597790322580651
936	easy goal	118	350	-0.034890403225806464
936	easy goal	118	400	-0.016405069892473145
936	easy goal	118	450	-0.0019895698924731566
936	easy goal	118	500	0.02902293010752695
936	easy goal	118	550	0.028970763440860175
936	easy goal	118	600	0.04591059677419351
936	easy goal	118	650	0.044083430107526876
936	easy goal	118	700	0.03334909677419362
936	easy goal	118	750	-0.026789236559139784
936	easy goal	118	800	NA
936	easy goal	118	850	NA
936	easy goal	118	900	NA
936	easy goal	118	950	-0.45063723655913995
936	easy goal	118	1e3	0.07787126344086033
936	easy goal	118	1050	0.14655993010752688
936	easy goal	118	1100	0.1369055967741936
936	easy goal	118	1150	-0.041565403225806596
936	easy goal	119	-200	-0.012321018433179771
936	easy goal	119	-150	0.00921700537634392
936	easy goal	119	-100	0.005349338709677316
936	easy goal	119	-50	0.00132967204301071
936	easy goal	119	0	-0.0015214946236559908
936	easy goal	119	50	-0.021069661290322655
936	easy goal	119	100	-0.02613866129032257
936	easy goal	119	150	-0.022700161290322523
936	easy goal	119	200	-0.01414082795698938
936	easy goal	119	250	-0.015079994623655946
936	easy goal	119	300	-0.02779166129032255
936	easy goal	119	350	-0.026678161290322633
936	easy goal	119	400	-0.028984661290322695
936	easy goal	119	450	-0.010295327956989286
936	easy goal	119	500	0.01594933870967726
936	easy goal	119	550	0.04220200537634403
936	easy goal	119	600	0.06570850537634405
936	easy goal	119	650	0.097341005376344
936	easy goal	119	700	0.11169717204301073
936	easy goal	119	750	0.1666231720430107
936	easy goal	119	800	0.14711317204301055
936	easy goal	119	850	NA
936	easy goal	119	900	NA
936	easy goal	119	950	-0.6147641612903225
936	easy goal	119	1e3	-0.041765018433179764
936	easy goal	119	1050	0.2300378387096773
936	easy goal	119	1100	0.04793758870967735
936	easy goal	119	1150	NA
936	easy goal	120	-200	-0.002815880184331717
936	easy goal	120	-150	-0.010023284946236425
936	easy goal	120	-100	-0.008170284946236395
936	easy goal	120	-50	0.01209854838709686
936	easy goal	120	0	0.00938021505376363
936	easy goal	120	50	0.014391548387096886
936	easy goal	120	100	0.009456715053763443
936	easy goal	120	150	0.039045048387096916
936	easy goal	120	200	0.053368948387096715
936	easy goal	120	250	0.05281626267281116
936	easy goal	120	300	0.0909743817204302
936	easy goal	120	350	0.11092721505376353
936	easy goal	120	400	0.11738821505376351
936	easy goal	120	450	0.11623154838709689
936	easy goal	120	500	0.1224487150537635
936	easy goal	120	550	0.12045921505376356
936	easy goal	120	600	0.13827854838709697
936	easy goal	120	650	0.13944171505376346
936	easy goal	120	700	0.13583638172043022
936	easy goal	120	750	0.17788204838709687
936	easy goal	120	800	0.1271012150537635
936	easy goal	120	850	NA
936	easy goal	120	900	NA
936	easy goal	120	950	NA
936	easy goal	120	1e3	-0.025247618279569856
936	easy goal	120	1050	0.16556371505376358
936	easy goal	120	1100	0.12708204838709683
936	easy goal	120	1150	0.10992194838709679
936	easy goal	121	-200	0.005454829493087716
936	easy goal	121	-150	0.007020258064516301
936	easy goal	121	-100	0.00796192473118292
936	easy goal	121	-50	-0.00553007526881714
936	easy goal	121	0	-0.015816075268817082
936	easy goal	121	50	-0.020854241935483797
936	easy goal	121	100	-0.025930908602150415
936	easy goal	121	150	-0.01338457526881709
936	easy goal	121	200	-0.005835741935483678
936	easy goal	121	250	0.002826091397849654
936	easy goal	121	300	-0.004107908602150416
936	easy goal	121	350	0.0044932580645162075
936	easy goal	121	400	0.014037091397849588
936	easy goal	121	450	0.03485909139784956
936	easy goal	121	500	0.04755875806451626
936	easy goal	121	550	0.048711591397849606
936	easy goal	121	600	0.10853309139784957
936	easy goal	121	650	0.08058559139784964
936	easy goal	121	700	NA
936	easy goal	121	750	NA
936	easy goal	121	800	NA
936	easy goal	121	850	NA
936	easy goal	121	900	-0.4448547419354838
936	easy goal	121	950	-0.004108075268817031
936	easy goal	121	1e3	0.012697758064516304
936	easy goal	121	1050	0.04432659139784959
936	easy goal	121	1100	NA
936	easy goal	121	1150	NA
936	easy goal	122	-200	-0.008774466666666703
936	easy goal	122	-150	-0.0028451333333333237
936	easy goal	122	-100	0.004316866666666641
936	easy goal	122	-50	-1.9079999999993547e-4
936	easy goal	122	0	0.0074935333333332466
936	easy goal	122	50	0.015008866666666712
936	easy goal	122	100	0.04823419999999993
936	easy goal	122	150	0.03993403333333334
936	easy goal	122	200	0.03970403333333324
936	easy goal	122	250	0.0036441999999999495
936	easy goal	122	300	-0.005605133333333345
936	easy goal	122	350	-0.0038410380952380585
936	easy goal	122	400	-0.030856066666666758
936	easy goal	122	450	-0.023423966666666612
936	easy goal	122	500	0.01249453333333328
936	easy goal	122	550	0.017664199999999946
936	easy goal	122	600	0.058226104761904755
936	easy goal	122	650	0.0363007333333333
936	easy goal	122	700	0.006152133333333332
936	easy goal	122	750	NA
936	easy goal	122	800	NA
936	easy goal	122	850	NA
936	easy goal	122	900	NA
936	easy goal	122	950	NA
936	easy goal	122	1e3	0.03883253333333325
936	easy goal	122	1050	0.004042199999999996
936	easy goal	122	1100	0.00885470000000003
936	easy goal	122	1150	-0.11197613333333341
936	easy goal	123	-200	-0.03905536666666672
936	easy goal	123	-150	-0.015224866666666633
936	easy goal	123	-100	0.015860799999999935
936	easy goal	123	-50	0.01660296666666672
936	easy goal	123	0	0.021816466666666628
936	easy goal	123	50	0.029209633333333374
936	easy goal	123	100	0.009573300000000007
936	easy goal	123	150	-0.012057200000000027
936	easy goal	123	200	-0.014601033333333365
936	easy goal	123	250	0.005212799999999869
936	easy goal	123	300	-0.005050033333333426
936	easy goal	123	350	-0.010196366666666604
936	easy goal	123	400	-0.019417533333333292
936	easy goal	123	450	-0.017647366666666702
936	easy goal	123	500	0.007982300000000109
936	easy goal	123	550	0.007120800000000038
936	easy goal	123	600	-0.005296700000000006
936	easy goal	123	650	0.008209966666666624
936	easy goal	123	700	0.00996013333333338
936	easy goal	123	750	0.03146563333333341
936	easy goal	123	800	0.033727133333333326
936	easy goal	123	850	0.015176466666666647
936	easy goal	123	900	-0.006035866666666667
936	easy goal	123	950	-0.04387360000000005
936	easy goal	123	1e3	NA
936	easy goal	123	1050	NA
936	easy goal	123	1100	NA
936	easy goal	123	1150	-0.18812544999999992
936	easy goal	124	-200	0.018522465437788176
936	easy goal	124	-150	0.005480322580645236
936	easy goal	124	-100	-0.0075051774193547844
936	easy goal	124	-50	-0.026234177419354705
936	easy goal	124	0	0.006649489247311975
936	easy goal	124	50	-0.0011026774193547695
936	easy goal	124	100	-0.003157010752688224
936	easy goal	124	150	0.010982989247311892
936	easy goal	124	200	-0.0028056774193547795
936	easy goal	124	250	-0.0052196774193547695
936	easy goal	124	300	0.04160132258064523
936	easy goal	124	350	0.02994798924731194
936	easy goal	124	400	0.0409849892473119
936	easy goal	124	450	0.02774298924731185
936	easy goal	124	500	0.06691165591397863
936	easy goal	124	550	0.0914108225806453
936	easy goal	124	600	0.09328482258064523
936	easy goal	124	650	0.11210815591397856
936	easy goal	124	700	0.12350782258064519
936	easy goal	124	750	0.09466348924731194
936	easy goal	124	800	0.11260032258064527
936	easy goal	124	850	0.06850282258064522
936	easy goal	124	900	0.05105482258064523
936	easy goal	124	950	0.04987332258064514
936	easy goal	124	1e3	0.014885489247311886
936	easy goal	124	1050	-0.0030266774193546584
936	easy goal	124	1100	0.007171155913978507
936	easy goal	124	1150	-0.03378801075268808
936	easy goal	125	-200	0.002053733333333163
936	easy goal	125	-150	NA
936	easy goal	125	-100	NA
936	easy goal	125	-50	-0.0699732666666667
936	easy goal	125	0	0.04493739999999987
936	easy goal	125	50	0.01330439999999992
936	easy goal	125	100	0.004023899999999821
936	easy goal	125	150	-0.002891766666666721
936	easy goal	125	200	-0.005697933333333571
936	easy goal	125	250	0.02436473333333315
936	easy goal	125	300	0.019075733333333195
936	easy goal	125	350	0.014654133333333163
936	easy goal	125	400	0.039648447619047546
936	easy goal	125	450	0.04679406666666656
936	easy goal	125	500	0.07594023333333322
936	easy goal	125	550	0.08671539999999982
936	easy goal	125	600	0.0910665666666665
936	easy goal	125	650	0.09152306666666643
936	easy goal	125	700	0.0649362333333332
936	easy goal	125	750	0.020910399999999774
936	easy goal	125	800	NA
936	easy goal	125	850	NA
936	easy goal	125	900	NA
936	easy goal	125	950	NA
936	easy goal	125	1e3	-0.15445351666666685
936	easy goal	125	1050	0.05437139999999981
936	easy goal	125	1100	0.0958550666666665
936	easy goal	125	1150	0.07873423333333311
936	easy goal	126	-200	0.030303933333333106
936	easy goal	126	-150	0.013485599999999801
936	easy goal	126	-100	0.008597933333333252
936	easy goal	126	-50	-0.020250566666666876
936	easy goal	126	0	-0.03213690000000017
936	easy goal	126	50	-0.046755566666666803
936	easy goal	126	100	-0.05301840000000024
936	easy goal	126	150	-0.08175456666666674
936	easy goal	126	200	-0.10827006666666672
936	easy goal	126	250	-0.12457040000000008
936	easy goal	126	300	-0.1366017333333335
936	easy goal	126	350	-0.15352490000000021
936	easy goal	126	400	-0.1446590666666668
936	easy goal	126	450	-0.1472564000000002
936	easy goal	126	500	-0.14897440000000003
936	easy goal	126	550	-0.14177906666666681
936	easy goal	126	600	-0.11094606666666684
936	easy goal	126	650	-0.07828523333333348
936	easy goal	126	700	-0.04924140000000025
936	easy goal	126	750	-0.0177652333333335
936	easy goal	126	800	-0.016054566666666863
936	easy goal	126	850	0.0034860999999998623
936	easy goal	126	900	0.05043409999999985
936	easy goal	126	950	0.059754599999999845
936	easy goal	126	1e3	0.06910909999999985
936	easy goal	126	1050	0.06686509999999979
936	easy goal	126	1100	NA
936	easy goal	126	1150	NA
936	easy goal	127	-200	0.024235612903225956
936	easy goal	127	-150	0.0328959462365593
936	easy goal	127	-100	-0.020084053763440652
936	easy goal	127	-50	-0.02657738709677404
936	easy goal	127	0	-0.014509387096773999
936	easy goal	127	50	-0.03787372043010732
936	easy goal	127	100	-0.06547622043010737
936	easy goal	127	150	NA
936	easy goal	127	200	NA
936	easy goal	127	250	-0.297314887096774
936	easy goal	127	300	-0.14861255376344062
936	easy goal	127	350	-0.15214955376344066
936	easy goal	127	400	-0.1396408870967741
936	easy goal	127	450	-0.13778222043010735
936	easy goal	127	500	-0.09799622043010725
936	easy goal	127	550	-0.04654605376344071
936	easy goal	127	600	-0.022964387096774026
936	easy goal	127	650	0.00527527956989271
936	easy goal	127	700	0.0392202795698926
936	easy goal	127	750	0.007504279569892673
936	easy goal	127	800	-0.009372720430107359
936	easy goal	127	850	-0.04425272043010738
936	easy goal	127	900	-0.08785172043010725
936	easy goal	127	950	NA
936	easy goal	127	1e3	NA
936	easy goal	127	1050	NA
936	easy goal	127	1100	NA
936	easy goal	127	1150	NA
936	easy goal	128	-200	-0.01551708755760352
936	easy goal	128	-150	-0.005059849462365411
936	easy goal	128	-100	0.005473483870967873
936	easy goal	128	-50	-0.004935682795698855
936	easy goal	128	0	0.022625317204301314
936	easy goal	128	50	0.033835817204301254
936	easy goal	128	100	0.06647498387096788
936	easy goal	128	150	0.08905031720430119
936	easy goal	128	200	0.12542815053763445
936	easy goal	128	250	0.1197546505376345
936	easy goal	128	300	0.12644715053763456
936	easy goal	128	350	0.18131381720430118
936	easy goal	128	400	0.14844381720430122
936	easy goal	128	450	0.2054176505376346
936	easy goal	128	500	0.20674231720430125
936	easy goal	128	550	0.20440648387096783
936	easy goal	128	600	0.19372508387096793
936	easy goal	128	650	NA
936	easy goal	128	700	NA
936	easy goal	128	750	NA
936	easy goal	128	800	-0.3564695161290321
936	easy goal	128	850	-0.06406751612903216
936	easy goal	128	900	0.08251265053763464
936	easy goal	128	950	0.07593215053763454
936	easy goal	128	1e3	0.058140983870967965
936	easy goal	128	1050	0.07132031720430132
936	easy goal	128	1100	0.09062023387096796
936	easy goal	128	1150	NA
936	easy goal	129	-200	-0.0132664976958525
936	easy goal	129	-150	-0.0017165215053762672
936	easy goal	129	-100	-0.0080338548387097
936	easy goal	129	-50	0.0056078118279570726
936	easy goal	129	0	0.019620145161290365
936	easy goal	129	50	0.03924097849462371
936	easy goal	129	100	0.05298464516129031
936	easy goal	129	150	0.056917978494623656
936	easy goal	129	200	0.07019464516129033
936	easy goal	129	250	0.05612614516129022
936	easy goal	129	300	0.01989147849462373
936	easy goal	129	350	0.004927311827957063
936	easy goal	129	400	-0.0028626881720429744
936	easy goal	129	450	-0.014071188172043003
936	easy goal	129	500	0.003552811827957081
936	easy goal	129	550	0.01831897849462368
936	easy goal	129	600	0.013136445161290311
936	easy goal	129	650	NA
936	easy goal	129	700	NA
936	easy goal	129	750	NA
936	easy goal	129	800	NA
936	easy goal	129	850	-0.35637935483870953
936	easy goal	129	900	-0.005331954838709585
936	easy goal	129	950	0.037725145161290406
936	easy goal	129	1e3	0.061487978494623764
936	easy goal	129	1050	0.08196897849462374
936	easy goal	129	1100	0.11443864516129036
936	easy goal	129	1150	0.146376311827957
936	easy goal	130	-200	0.009357900000000216
936	easy goal	130	-150	0.01364323333333354
936	easy goal	130	-100	0.005819400000000178
936	easy goal	130	-50	-0.011352433333333245
936	easy goal	130	0	-0.017468099999999875
936	easy goal	130	50	-0.03508743333333316
936	easy goal	130	100	-0.02356159999999985
936	easy goal	130	150	-0.03809393333333314
936	easy goal	130	200	-0.040992266666666444
936	easy goal	130	250	-0.031030933333333104
936	easy goal	130	300	-0.02146076666666648
936	easy goal	130	350	-0.013099266666666573
936	easy goal	130	400	-0.010693766666666512
936	easy goal	130	450	-0.007368266666666641
936	easy goal	130	500	-0.0019534333333332357
936	easy goal	130	550	0.038019733333333416
936	easy goal	130	600	0.05258006666666678
936	easy goal	130	650	0.06456356666666685
936	easy goal	130	700	0.03899423333333342
936	easy goal	130	750	-0.10357476666666665
936	easy goal	130	800	NA
936	easy goal	130	850	NA
936	easy goal	130	900	NA
936	easy goal	130	950	NA
936	easy goal	130	1e3	-0.2336469666666666
936	easy goal	130	1050	-0.07103536666666654
936	easy goal	130	1100	-0.02013476666666644
936	easy goal	130	1150	0.006051233333333424
936	easy goal	131	-200	0.009759930875575902
936	easy goal	131	-150	-0.0064465215053765386
936	easy goal	131	-100	0.0028574784946235146
936	easy goal	131	-50	-0.014016188172043162
936	easy goal	131	0	0.006218645161290226
936	easy goal	131	50	0.01216781182795675
936	easy goal	131	100	0.0035344784946235532
936	easy goal	131	150	0.0425251451612901
936	easy goal	131	200	0.03452914516129013
936	easy goal	131	250	0.028596978494623615
936	easy goal	131	300	0.04046281182795678
936	easy goal	131	350	0.04464464516129015
936	easy goal	131	400	0.03555597849462355
936	easy goal	131	450	0.043025978494623494
936	easy goal	131	500	0.044152478494623525
936	easy goal	131	550	0.05951881182795682
936	easy goal	131	600	0.07355747849462357
936	easy goal	131	650	0.0851636451612902
936	easy goal	131	700	0.0069620451612901315
936	easy goal	131	750	NA
936	easy goal	131	800	NA
936	easy goal	131	850	NA
936	easy goal	131	900	NA
936	easy goal	131	950	NA
936	easy goal	131	1e3	0.040164645161290036
936	easy goal	131	1050	0.05457414516129022
936	easy goal	131	1100	0.04821531182795683
936	easy goal	131	1150	0.08568664516129025
936	easy goal	132	-200	-0.016551658986175357
936	easy goal	132	-150	-8.51516129032411e-4
936	easy goal	132	-100	0.015532650537634233
936	easy goal	132	-50	0.019375983870967655
936	easy goal	132	0	-0.014746849462365782
936	easy goal	132	50	-0.06320884946236571
936	easy goal	132	100	-0.09260551612903238
936	easy goal	132	150	-0.11995901612903233
936	easy goal	132	200	-0.13131068279569905
936	easy goal	132	250	-0.15140484946236574
936	easy goal	132	300	-0.1805358494623658
936	easy goal	132	350	-0.18368101612903232
936	easy goal	132	400	-0.1813468494623657
936	easy goal	132	450	-0.17721301612903248
936	easy goal	132	500	-0.16533268279569913
936	easy goal	132	550	-0.15712401612903237
936	easy goal	132	600	-0.13534418279569901
936	easy goal	132	650	-0.10353368279569904
936	easy goal	132	700	-0.11430111612903238
936	easy goal	132	750	NA
936	easy goal	132	800	NA
936	easy goal	132	850	NA
936	easy goal	132	900	NA
936	easy goal	132	950	-0.8214885161290324
936	easy goal	132	1e3	-0.11037676612903247
936	easy goal	132	1050	-0.13941818279569915
936	easy goal	132	1100	-0.08164901612903235
936	easy goal	132	1150	-0.1712741827956991
936	easy goal	133	-200	-0.004296350230414843
936	easy goal	133	-150	-0.009597897849462337
936	easy goal	133	-100	-0.006796897849462506
936	easy goal	133	-50	0.011636602150537486
936	easy goal	133	0	0.009770602150537636
936	easy goal	133	50	0.036126602150537535
936	easy goal	133	100	0.06496260215053762
936	easy goal	133	150	0.07068560215053747
936	easy goal	133	200	0.0815414354838709
936	easy goal	133	250	0.07381543548387093
936	easy goal	133	300	0.08819460215053754
936	easy goal	133	350	0.07971460215053756
936	easy goal	133	400	0.08756993548387082
936	easy goal	133	450	0.10098226881720425
936	easy goal	133	500	0.11631743548387097
936	easy goal	133	550	0.11564576881720412
936	easy goal	133	600	0.12591710215053764
936	easy goal	133	650	0.10065793548387088
936	easy goal	133	700	0.08482310215053752
936	easy goal	133	750	0.04002068548387083
936	easy goal	133	800	NA
936	easy goal	133	850	NA
936	easy goal	133	900	NA
936	easy goal	133	950	-0.3480330645161289
936	easy goal	133	1e3	0.04695468548387083
936	easy goal	133	1050	0.07488560215053759
936	easy goal	133	1100	0.06837426881720421
936	easy goal	133	1150	0.029065435483870933
936	easy goal	134	-200	0.001278935483870734
936	easy goal	134	-150	0.007002735483870736
936	easy goal	134	-100	-0.009366921658986322
936	easy goal	134	-50	-0.0022852311827958882
936	easy goal	134	0	0.00588560215053735
936	easy goal	134	50	0.006272935483870794
936	easy goal	134	100	-0.015604231182795822
936	easy goal	134	150	-0.031618897849462625
936	easy goal	134	200	-0.0248542311827958
936	easy goal	134	250	-0.0332043978494625
936	easy goal	134	300	-0.04182473118279587
936	easy goal	134	350	-0.0500922311827959
936	easy goal	134	400	-0.020335464516129154
936	easy goal	134	450	0.0017693640552994033
936	easy goal	134	500	0.027272602150537468
936	easy goal	134	550	0.013892935483870902
936	easy goal	134	600	-0.005597897849462556
936	easy goal	134	650	-0.0762528645161293
936	easy goal	134	700	NA
936	easy goal	134	750	NA
936	easy goal	134	800	NA
936	easy goal	134	850	-0.7039690645161292
936	easy goal	134	900	-0.18141566451612912
936	easy goal	134	950	-0.12533473118279592
936	easy goal	134	1e3	-0.10890806451612918
936	easy goal	134	1050	-0.10535673118279587
936	easy goal	134	1100	-0.05381389784946259
936	easy goal	134	1150	-0.03171589784946257
936	easy goal	135	-200	0.02650888018433165
936	easy goal	135	-150	0.005998618279569638
936	easy goal	135	-100	-0.00539721505376356
936	easy goal	135	-50	-0.016881548387096944
936	easy goal	135	0	-0.014966119815668375
936	easy goal	135	50	-0.020862048387096932
936	easy goal	135	100	-0.0060788817204302514
936	easy goal	135	150	-0.018165548387096903
936	easy goal	135	200	-0.030119548387096923
936	easy goal	135	250	-0.04378488172043019
936	easy goal	135	300	-0.04297304838709685
936	easy goal	135	350	-0.06257754838709695
936	easy goal	135	400	-0.0633258817204303
936	easy goal	135	450	-0.06965721505376361
936	easy goal	135	500	-0.0730150483870969
936	easy goal	135	550	-0.0668903817204302
936	easy goal	135	600	-0.03702704838709692
936	easy goal	135	650	-0.016042215053763575
936	easy goal	135	700	-0.015836715053763568
936	easy goal	135	750	-0.14771554838709688
936	easy goal	135	800	NA
936	easy goal	135	850	NA
936	easy goal	135	900	NA
936	easy goal	135	950	-0.5442935483870968
936	easy goal	135	1e3	-0.029717881720430366
936	easy goal	135	1050	0.047758308755760225
936	easy goal	135	1100	0.0585517849462364
936	easy goal	135	1150	0.09318445161290308
936	easy goal	136	-200	0.00903513824884783
936	easy goal	136	-150	0.023368876344085947
936	easy goal	136	-100	0.00802404301075262
936	easy goal	136	-50	-0.004123123655914052
936	easy goal	136	0	-0.03781079032258069
936	easy goal	136	50	-0.06304062365591401
936	easy goal	136	100	-0.06767662365591402
936	easy goal	136	150	-0.07704362365591393
936	easy goal	136	200	-0.07022745698924737
936	easy goal	136	250	-0.0804587903225807
936	easy goal	136	300	-0.0709207903225808
936	easy goal	136	350	-0.06209912365591408
936	easy goal	136	400	-0.035334623655914
936	easy goal	136	450	-0.0035852903225806663
936	easy goal	136	500	0.027514543010752623
936	easy goal	136	550	0.06439770967741924
936	easy goal	136	600	0.0670920430107526
936	easy goal	136	650	0.056178709677419336
936	easy goal	136	700	0.009560709677419066
936	easy goal	136	750	NA
936	easy goal	136	800	NA
936	easy goal	136	850	NA
936	easy goal	136	900	-0.06333962365591406
936	easy goal	136	950	0.03706710967741929
936	easy goal	136	1e3	0.05835290967741926
936	easy goal	136	1050	0.06650454301075263
936	easy goal	136	1100	0.09926087634408594
936	easy goal	136	1150	0.12915554301075258
936	easy goal	137	-200	0.008626864285714322
936	easy goal	137	-150	0.00833015
936	easy goal	137	-100	-0.002253016666666626
936	easy goal	137	-50	-0.09685085000000004
936	easy goal	137	0	NA
936	easy goal	137	50	-0.25454184999999985
936	easy goal	137	100	-0.06712901666666664
936	easy goal	137	150	-0.016072183333333417
936	easy goal	137	200	-0.03660701666666669
936	easy goal	137	250	-0.03386368333333337
936	easy goal	137	300	-0.04485401666666681
936	easy goal	137	350	-0.02987518333333335
936	easy goal	137	400	-0.03217851666666675
936	easy goal	137	450	-7.668499999999856e-4
936	easy goal	137	500	-0.03176368333333331
936	easy goal	137	550	-0.02349818333333335
936	easy goal	137	600	-0.024011350000000098
936	easy goal	137	650	-0.0068311833333332865
936	easy goal	137	700	-0.005092183333333278
936	easy goal	137	750	-7.180166666667098e-4
936	easy goal	137	800	0.004092483333333489
936	easy goal	137	850	-0.017000016666666617
936	easy goal	137	900	-0.0522225166666667
936	easy goal	137	950	-0.07240134999999996
936	easy goal	137	1e3	-0.13365434999999995
936	easy goal	137	1050	-0.1484915166666667
936	easy goal	137	1100	-0.14198134999999992
936	easy goal	137	1150	-0.14075685000000004
936	easy goal	138	-200	0.06034446236559132
936	easy goal	138	-150	0.028562295698924805
936	easy goal	138	-100	0.007759795698924672
936	easy goal	138	-50	-0.03534937096774208
936	easy goal	138	0	-0.05255758525345623
936	easy goal	138	50	-0.08297770430107525
936	easy goal	138	100	-0.09162120430107534
936	easy goal	138	150	-0.08333637096774187
936	easy goal	138	200	-0.09274370430107526
936	easy goal	138	250	-0.06797453763440868
936	easy goal	138	300	-0.0543942043010753
936	easy goal	138	350	-0.045868204301075265
936	easy goal	138	400	-0.031628537634408684
936	easy goal	138	450	-0.005578704301075321
936	easy goal	138	500	0.02478679569892465
936	easy goal	138	550	0.05002796236559141
936	easy goal	138	600	0.05022396236559142
936	easy goal	138	650	0.07700996236559139
936	easy goal	138	700	0.08863462903225816
936	easy goal	138	750	0.06880862903225804
936	easy goal	138	800	0.04279729569892473
936	easy goal	138	850	0.03935112903225798
936	easy goal	138	900	0.03569362903225811
936	easy goal	138	950	0.03809596236559143
936	easy goal	138	1e3	0.04196196236559143
936	easy goal	138	1050	0.07621346236559139
936	easy goal	138	1100	0.11424896236559134
936	easy goal	138	1150	0.1529814623655914
936	easy goal	139	-200	0.0031239999999998097
936	easy goal	139	-150	0.029774833333333195
936	easy goal	139	-100	0.00948116666666654
936	easy goal	139	-50	-0.016590666666666865
936	easy goal	139	0	-0.026310000000000205
936	easy goal	139	50	-0.042304000000000196
936	easy goal	139	100	-0.05672350000000015
936	easy goal	139	150	-0.04747100000000012
936	easy goal	139	200	-0.07335050000000017
936	easy goal	139	250	-0.08374050000000022
936	easy goal	139	300	-0.09335716666666682
936	easy goal	139	350	-0.10146966666666679
936	easy goal	139	400	-0.1242795000000001
936	easy goal	139	450	-0.12278216666666679
936	easy goal	139	500	-0.1100425000000002
936	easy goal	139	550	-0.09846683333333354
936	easy goal	139	600	-0.07697166666666681
936	easy goal	139	650	-0.05836333333333347
936	easy goal	139	700	-0.053571333333333415
936	easy goal	139	750	-0.06724366666666677
936	easy goal	139	800	-0.07626866666666691
936	easy goal	139	850	-0.09213516666666692
936	easy goal	139	900	-0.07786550000000021
936	easy goal	139	950	-0.06420516666666683
936	easy goal	139	1e3	-0.08036266666666687
936	easy goal	139	1050	-0.056640666666666784
936	easy goal	139	1100	-0.051829333333333505
936	easy goal	139	1150	-0.03361650000000016
936	easy goal	140	-200	0.006145774193548226
936	easy goal	140	-150	-0.009192511520737476
936	easy goal	140	-100	-0.012117892473118378
936	easy goal	140	-50	-0.004191725806451663
936	easy goal	140	0	0.02088844086021509
936	easy goal	140	50	0.014545440860214956
936	easy goal	140	100	0.012113607526881584
936	easy goal	140	150	-0.008887892473118386
936	easy goal	140	200	-0.02502039247311842
936	easy goal	140	250	-0.04931222580645178
936	easy goal	140	300	-0.0670610591397851
936	easy goal	140	350	-0.07979505913978506
936	easy goal	140	400	-0.09480005913978506
936	easy goal	140	450	-0.07827705913978507
936	easy goal	140	500	-0.06476972580645175
936	easy goal	140	550	-0.03832889247311836
936	easy goal	140	600	-0.014247225806451658
936	easy goal	140	650	-0.12274822580645173
936	easy goal	140	700	NA
936	easy goal	140	750	NA
936	easy goal	140	800	NA
936	easy goal	140	850	NA
936	easy goal	140	900	NA
936	easy goal	140	950	NA
936	easy goal	140	1e3	-0.0852772258064518
936	easy goal	140	1050	0.042807974193548315
936	easy goal	140	1100	0.029586607526881654
936	easy goal	140	1150	0.05050627419354833
