Subject	condition	TrialId	bin	pupil_change
930	hard goal	1	-200	-0.018828686635944804
930	hard goal	1	-150	0.0022570752688170583
930	hard goal	1	-100	-0.005449424731182928
930	hard goal	1	-50	0.007796075268817167
930	hard goal	1	0	0.017363075268817123
930	hard goal	1	50	0.04082307526881701
930	hard goal	1	100	0.09202307526881708
930	hard goal	1	150	0.08314824193548372
930	hard goal	1	200	0.11800474193548378
930	hard goal	1	250	0.12202140860215042
930	hard goal	1	300	0.11592257526881711
930	hard goal	1	350	0.08005657526881708
930	hard goal	1	400	0.1490189086021505
930	hard goal	1	450	0.14431640860215053
930	hard goal	1	500	0.20079890860215044
930	hard goal	1	550	0.2772959086021504
930	hard goal	1	600	0.363711575268817
930	hard goal	1	650	0.4495317419354837
930	hard goal	1	700	0.38343590860215043
930	hard goal	1	750	0.3325085752688172
930	hard goal	1	800	0.25301507526881717
930	hard goal	1	850	NA
930	hard goal	1	900	NA
930	hard goal	1	950	0.20048174193548374
930	hard goal	1	1e3	0.1553545752688171
930	hard goal	1	1050	0.09223024193548375
930	hard goal	1	1100	0.1014212419354837
930	hard goal	1	1150	0.14406540860215045
930	hard goal	3	-200	-0.015288820276497741
930	hard goal	3	-150	0.014338155913978431
930	hard goal	3	-100	-0.010049177419354885
930	hard goal	3	-50	-0.0022298440860216337
930	hard goal	3	0	0.015777822580645084
930	hard goal	3	50	0.03842282258064511
930	hard goal	3	100	0.026127489247311786
930	hard goal	3	150	0.018488822580645065
930	hard goal	3	200	0.030691322580645036
930	hard goal	3	250	0.005410822580645143
930	hard goal	3	300	0.008831489247311733
930	hard goal	3	350	0.0035826559139784386
930	hard goal	3	400	0.011644989247311758
930	hard goal	3	450	0.03645815591397835
930	hard goal	3	500	0.08372248924731185
930	hard goal	3	550	0.14276382258064504
930	hard goal	3	600	0.18491448924731166
930	hard goal	3	650	0.2439093225806451
930	hard goal	3	700	0.24239098924731173
930	hard goal	3	750	0.21701148924731176
930	hard goal	3	800	0.1621701559139784
930	hard goal	3	850	0.12180115591397837
930	hard goal	3	900	0.10288015591397841
930	hard goal	3	950	0.10725315591397844
930	hard goal	3	1e3	0.040920822580645
930	hard goal	3	1050	NA
930	hard goal	3	1100	NA
930	hard goal	3	1150	NA
930	hard goal	4	-200	-0.0037962333333333063
930	hard goal	4	-150	0.005846599999999998
930	hard goal	4	-100	-0.007713566666666709
930	hard goal	4	-50	0.003648100000000006
930	hard goal	4	0	0.0020151000000000105
930	hard goal	4	50	0.011427433333333292
930	hard goal	4	100	0.004395266666666675
930	hard goal	4	150	0.022904933333333394
930	hard goal	4	200	0.0011734333333333808
930	hard goal	4	250	-0.060115233333333316
930	hard goal	4	300	-0.09524556666666657
930	hard goal	4	350	-0.11754568571428571
930	hard goal	4	400	-0.15966706666666672
930	hard goal	4	450	-0.1966765666666667
930	hard goal	4	500	-0.1660972333333334
930	hard goal	4	550	-0.12664499999999998
930	hard goal	4	600	-0.03994339999999985
930	hard goal	4	650	NA
930	hard goal	4	700	NA
930	hard goal	4	750	-0.07899539999999994
930	hard goal	4	800	-0.04320440000000003
930	hard goal	4	850	-0.04126856666666671
930	hard goal	4	900	-0.0439468999999999
930	hard goal	4	950	-0.05429673333333329
930	hard goal	4	1e3	-0.05592839999999999
930	hard goal	4	1050	-0.09142856666666677
930	hard goal	4	1100	-0.1664475666666667
930	hard goal	4	1150	-0.1887649
930	hard goal	5	-200	-0.0011237834101380478
930	hard goal	5	-150	-0.027642854838709468
930	hard goal	5	-100	-0.009362188172042782
930	hard goal	5	-50	0.01332447849462389
930	hard goal	5	0	0.02499164516129045
930	hard goal	5	50	0.023836145161290512
930	hard goal	5	100	0.019671478494623768
930	hard goal	5	150	0.02769231182795721
930	hard goal	5	200	0.06612714516129052
930	hard goal	5	250	0.050298311827957264
930	hard goal	5	300	0.06692314516129054
930	hard goal	5	350	0.09406497849462392
930	hard goal	5	400	0.056154145161290504
930	hard goal	5	450	0.08733347849462388
930	hard goal	5	500	0.13434664516129047
930	hard goal	5	550	0.16257414516129046
930	hard goal	5	600	0.2229273118279571
930	hard goal	5	650	0.25172214516129054
930	hard goal	5	700	0.29928614516129054
930	hard goal	5	750	0.24308531182795723
930	hard goal	5	800	0.17510497849462384
930	hard goal	5	850	0.12921464516129047
930	hard goal	5	900	NA
930	hard goal	5	950	0.0017162451612905195
930	hard goal	5	1e3	-0.019535354838709384
930	hard goal	5	1050	NA
930	hard goal	5	1100	NA
930	hard goal	5	1150	0.04649864516129054
930	hard goal	6	-200	-0.00635683333333333
930	hard goal	6	-150	-0.026774999999999993
930	hard goal	6	-100	0.00375783333333346
930	hard goal	6	-50	0.01392199999999999
930	hard goal	6	0	0.015452000000000021
930	hard goal	6	50	0.012026000000000018
930	hard goal	6	100	0.024058833333333435
930	hard goal	6	150	0.04113333333333332
930	hard goal	6	200	0.05562066666666662
930	hard goal	6	250	0.05743066666666663
930	hard goal	6	300	0.06804783333333335
930	hard goal	6	350	0.0683287142857143
930	hard goal	6	400	0.11011360000000012
930	hard goal	6	450	0.13099728571428562
930	hard goal	6	500	0.14684479999999994
930	hard goal	6	550	0.20225683333333336
930	hard goal	6	600	0.09664050000000013
930	hard goal	6	650	NA
930	hard goal	6	700	0.2833049999999999
930	hard goal	6	750	0.27209866666666666
930	hard goal	6	800	0.15052785714285724
930	hard goal	6	850	0.07315083333333335
930	hard goal	6	900	0.07553050000000017
930	hard goal	6	950	NA
930	hard goal	6	1e3	NA
930	hard goal	6	1050	NA
930	hard goal	6	1100	-0.283771
930	hard goal	6	1150	-0.06604933333333318
930	hard goal	7	-200	-0.04027980645161281
930	hard goal	7	-150	-0.030640639784946206
930	hard goal	7	-100	-0.00366430645161279
930	hard goal	7	-50	0.022823693548387203
930	hard goal	7	0	0.05847436021505392
930	hard goal	7	50	0.062354360215053806
930	hard goal	7	100	0.08127019354838712
930	hard goal	7	150	0.04145502688172057
930	hard goal	7	200	0.04926486021505383
930	hard goal	7	250	0.027969693548387225
930	hard goal	7	300	0.006261860215053853
930	hard goal	7	350	-0.010512639784946135
930	hard goal	7	400	-0.02554030645161287
930	hard goal	7	450	0.03702202688172059
930	hard goal	7	500	0.06282386021505386
930	hard goal	7	550	0.07373069354838717
930	hard goal	7	600	0.14753519354838715
930	hard goal	7	650	0.17624152688172043
930	hard goal	7	700	0.20689594354838725
930	hard goal	7	750	0.09168519354838726
930	hard goal	7	800	0.3700375268817205
930	hard goal	7	850	0.24818102688172053
930	hard goal	7	900	0.1447010268817205
930	hard goal	7	950	-0.06231580645161294
930	hard goal	7	1e3	NA
930	hard goal	7	1050	NA
930	hard goal	7	1100	NA
930	hard goal	7	1150	-0.07691280645161269
930	hard goal	8	-200	-0.010624147465437923
930	hard goal	8	-150	-0.010555956989247347
930	hard goal	8	-100	-0.023461956989247506
930	hard goal	8	-50	0.009147376344085837
930	hard goal	8	0	0.03726537634408592
930	hard goal	8	50	0.06380754301075253
930	hard goal	8	100	0.08300970967741923
930	hard goal	8	150	0.1477950430107525
930	hard goal	8	200	0.15698737634408588
930	hard goal	8	250	0.2119678763440859
930	hard goal	8	300	0.20089687634408585
930	hard goal	8	350	0.1715083763440859
930	hard goal	8	400	0.14934770967741925
930	hard goal	8	450	0.17659287634408596
930	hard goal	8	500	0.18532820967741928
930	hard goal	8	550	0.17945887634408586
930	hard goal	8	600	0.22931890967741914
930	hard goal	8	650	NA
930	hard goal	8	700	NA
930	hard goal	8	750	0.22133504301075257
930	hard goal	8	800	0.19188370967741916
930	hard goal	8	850	NA
930	hard goal	8	900	NA
930	hard goal	8	950	NA
930	hard goal	8	1e3	NA
930	hard goal	8	1050	NA
930	hard goal	8	1100	NA
930	hard goal	8	1150	NA
930	hard goal	9	-200	-0.011807966666666836
930	hard goal	9	-150	1.1336666666654042e-4
930	hard goal	9	-100	-0.0019271333333334233
930	hard goal	9	-50	0.008258866666666531
930	hard goal	9	0	0.0053628666666665215
930	hard goal	9	50	-0.01970963333333346
930	hard goal	9	100	-0.04074713333333335
930	hard goal	9	150	-0.04000696666666692
930	hard goal	9	200	-0.043631585714285936
930	hard goal	9	250	-0.044849100000000156
930	hard goal	9	300	-0.04372872857142873
930	hard goal	9	350	-0.04920563333333342
930	hard goal	9	400	-0.039211800000000054
930	hard goal	9	450	-0.010488800000000223
930	hard goal	9	500	-0.01089730000000011
930	hard goal	9	550	0.012962699999999883
930	hard goal	9	600	0.03107369999999987
930	hard goal	9	650	0.10971829999999975
930	hard goal	9	700	0.11499555714285702
930	hard goal	9	750	0.13193803333333318
930	hard goal	9	800	0.09711786666666655
930	hard goal	9	850	0.07860169999999995
930	hard goal	9	900	0.0520955333333332
930	hard goal	9	950	0.03196236666666663
930	hard goal	9	1e3	0.03655653333333323
930	hard goal	9	1050	0.04861236666666654
930	hard goal	9	1100	0.07063053333333318
930	hard goal	9	1150	0.05447386666666657
930	hard goal	10	-200	-0.06333664516129055
930	hard goal	10	-150	-0.023842311827957152
930	hard goal	10	-100	0.016172354838709452
930	hard goal	10	-50	0.026698854838709485
930	hard goal	10	0	0.05486385483870948
930	hard goal	10	50	0.053979354838709526
930	hard goal	10	100	0.08696852150537615
930	hard goal	10	150	0.059189854838709456
930	hard goal	10	200	0.05070502150537615
930	hard goal	10	250	0.048417021505376155
930	hard goal	10	300	-0.007159645161290529
930	hard goal	10	350	-0.05382014516129052
930	hard goal	10	400	-0.007140145161290541
930	hard goal	10	450	0.005741021505376291
930	hard goal	10	500	0.02539785483870956
930	hard goal	10	550	0.005946688172042765
930	hard goal	10	600	NA
930	hard goal	10	650	-0.10411664516129049
930	hard goal	10	700	0.03439035483870952
930	hard goal	10	750	0.03991635483870944
930	hard goal	10	800	-0.02816864516129051
930	hard goal	10	850	-0.15588364516129039
930	hard goal	10	900	NA
930	hard goal	10	950	NA
930	hard goal	10	1e3	NA
930	hard goal	10	1050	NA
930	hard goal	10	1100	-0.1969340451612905
930	hard goal	10	1150	-0.17286264516129046
930	hard goal	11	-200	-0.019495576036866562
930	hard goal	11	-150	-0.009701623655914204
930	hard goal	11	-100	0.009683876344085926
930	hard goal	11	-50	0.012673043010752597
930	hard goal	11	0	0.010089543010752525
930	hard goal	11	50	0.04316104301075252
930	hard goal	11	100	0.0813735430107525
930	hard goal	11	150	0.06021487634408581
930	hard goal	11	200	0.051761876344085835
930	hard goal	11	250	0.019841209677419203
930	hard goal	11	300	0.016459543010752586
930	hard goal	11	350	-0.044294623655914
930	hard goal	11	400	-0.05548212365591406
930	hard goal	11	450	-0.02227995698924749
930	hard goal	11	500	-0.00574345698924746
930	hard goal	11	550	0.01779820967741926
930	hard goal	11	600	0.05810454301075252
930	hard goal	11	650	0.12784870967741915
930	hard goal	11	700	0.0819949596774191
930	hard goal	11	750	NA
930	hard goal	11	800	NA
930	hard goal	11	850	NA
930	hard goal	11	900	NA
930	hard goal	11	950	NA
930	hard goal	11	1e3	NA
930	hard goal	11	1050	NA
930	hard goal	11	1100	NA
930	hard goal	11	1150	NA
930	hard goal	12	-200	0.019759087557603663
930	hard goal	12	-150	0.005532349462365582
930	hard goal	12	-100	-0.003889983870967617
930	hard goal	12	-50	-0.0013569838709677946
930	hard goal	12	0	-0.02333765053763437
930	hard goal	12	50	-0.03244981720430107
930	hard goal	12	100	-0.05382365053763438
930	hard goal	12	150	-0.07005748387096777
930	hard goal	12	200	-0.061979150537634364
930	hard goal	12	250	-0.07274498387096773
930	hard goal	12	300	-0.08117298387096776
930	hard goal	12	350	-0.12439131720430112
930	hard goal	12	400	-0.147976817204301
930	hard goal	12	450	-0.14538531720430115
930	hard goal	12	500	-0.10978315053763439
930	hard goal	12	550	-0.09776881720430113
930	hard goal	12	600	-0.05332615053763442
930	hard goal	12	650	0.006274516129032219
930	hard goal	12	700	0.043131016129032286
930	hard goal	12	750	0.06588351612903225
930	hard goal	12	800	0.043091682795699006
930	hard goal	12	850	0.009513516129032284
930	hard goal	12	900	-0.004062233870967713
930	hard goal	12	950	NA
930	hard goal	12	1e3	NA
930	hard goal	12	1050	NA
930	hard goal	12	1100	NA
930	hard goal	12	1150	NA
930	hard goal	13	-200	-0.0011174746543777734
930	hard goal	13	-150	-0.005740069892472999
930	hard goal	13	-100	-0.016776903225806272
930	hard goal	13	-50	0.0034634301075269955
930	hard goal	13	0	0.020357263440860345
930	hard goal	13	50	0.017144763440860356
930	hard goal	13	100	0.05983776344086037
930	hard goal	13	150	0.07191559677419364
930	hard goal	13	200	0.08744309677419364
930	hard goal	13	250	0.11203643010752695
930	hard goal	13	300	0.1283920967741936
930	hard goal	13	350	0.13816343010752688
930	hard goal	13	400	0.14871893010752704
930	hard goal	13	450	0.21201609677419367
930	hard goal	13	500	0.21116809677419365
930	hard goal	13	550	0.24735776344086036
930	hard goal	13	600	0.3010350967741937
930	hard goal	13	650	0.3389389301075269
930	hard goal	13	700	0.31016559677419364
930	hard goal	13	750	0.23778059677419364
930	hard goal	13	800	0.23661476344086033
930	hard goal	13	850	0.1834375967741937
930	hard goal	13	900	NA
930	hard goal	13	950	NA
930	hard goal	13	1e3	NA
930	hard goal	13	1050	NA
930	hard goal	13	1100	0.26474009677419363
930	hard goal	13	1150	0.3283785967741936
930	hard goal	14	-200	0.04971257603686663
930	hard goal	14	-150	0.019821123655914114
930	hard goal	14	-100	-0.006445209677419091
930	hard goal	14	-50	-0.0304977096774192
930	hard goal	14	0	-0.040876209677419194
930	hard goal	14	50	-0.06276570967741917
930	hard goal	14	100	-0.06318104301075252
930	hard goal	14	150	-0.0560085430107525
930	hard goal	14	200	-0.047310043010752624
930	hard goal	14	250	-0.00812104301075256
930	hard goal	14	300	0.022647456989247566
930	hard goal	14	350	0.05975145698924744
930	hard goal	14	400	0.12963862365591425
930	hard goal	14	450	0.20566912365591414
930	hard goal	14	500	0.23577912365591414
930	hard goal	14	550	0.32372362365591417
930	hard goal	14	600	0.4167522903225808
930	hard goal	14	650	0.40472995698924746
930	hard goal	14	700	0.3157454569892475
930	hard goal	14	750	0.21439979032258086
930	hard goal	14	800	0.17405995698924745
930	hard goal	14	850	0.11245379032258085
930	hard goal	14	900	NA
930	hard goal	14	950	NA
930	hard goal	14	1e3	-0.010199709677419122
930	hard goal	14	1050	0.1683471236559142
930	hard goal	14	1100	0.12791245698924744
930	hard goal	14	1150	0.11758262365591417
930	hard goal	15	-200	-0.014408364055299596
930	hard goal	15	-150	0.028826064516128975
930	hard goal	15	-100	0.012050231182795615
930	hard goal	15	-50	0.001090397849462299
930	hard goal	15	0	-0.025156935483870917
930	hard goal	15	50	-0.033931602150537664
930	hard goal	15	100	-0.0478634354838711
930	hard goal	15	150	-0.026599602150537693
930	hard goal	15	200	-0.04320926881720447
930	hard goal	15	250	-0.010014602150537696
930	hard goal	15	300	0.01446423118279568
930	hard goal	15	350	0.08619739784946227
930	hard goal	15	400	0.08991706451612898
930	hard goal	15	450	0.11333289784946225
930	hard goal	15	500	0.10082423118279567
930	hard goal	15	550	0.1388988978494623
930	hard goal	15	600	0.15920073118279565
930	hard goal	15	650	0.19917906451612896
930	hard goal	15	700	0.21221723118279576
930	hard goal	15	750	0.186086564516129
930	hard goal	15	800	0.1528338978494622
930	hard goal	15	850	0.12567573118279562
930	hard goal	15	900	0.017627731182795554
930	hard goal	15	950	NA
930	hard goal	15	1e3	NA
930	hard goal	15	1050	NA
930	hard goal	15	1100	NA
930	hard goal	15	1150	NA
930	hard goal	16	-200	0.0021429666666668012
930	hard goal	16	-150	0.010187133333333431
930	hard goal	16	-100	-0.005779699999999795
930	hard goal	16	-50	-0.005787533333333261
930	hard goal	16	0	-7.62866666666584e-4
930	hard goal	16	50	0.024638633333333344
930	hard goal	16	100	0.03815146666666669
930	hard goal	16	150	0.04662280000000004
930	hard goal	16	200	0.0531614666666668
930	hard goal	16	250	0.0823778000000001
930	hard goal	16	300	0.10522796666666683
930	hard goal	16	350	0.14929163333333348
930	hard goal	16	400	0.1579411333333335
930	hard goal	16	450	0.16419913333333339
930	hard goal	16	500	0.16563680000000006
930	hard goal	16	550	0.21933730000000015
930	hard goal	16	600	0.18987463333333343
930	hard goal	16	650	NA
930	hard goal	16	700	NA
930	hard goal	16	750	0.18625613333333346
930	hard goal	16	800	0.2786353
930	hard goal	16	850	0.26277730000000005
930	hard goal	16	900	0.2132248000000001
930	hard goal	16	950	0.21930313333333337
930	hard goal	16	1e3	0.22937177619047627
930	hard goal	16	1050	0.19965680000000016
930	hard goal	16	1100	0.15230913333333343
930	hard goal	16	1150	0.12738363333333344
930	hard goal	17	-200	-0.026844470046082973
930	hard goal	17	-150	-0.007969279569892462
930	hard goal	17	-100	0.0034427204301076633
930	hard goal	17	-50	0.016049220430107553
930	hard goal	17	0	0.019795887096774194
930	hard goal	17	50	0.02830305376344085
930	hard goal	17	100	0.04816005376344079
930	hard goal	17	150	0.05026388709677421
930	hard goal	17	200	0.0485000537634408
930	hard goal	17	250	0.0438573870967743
930	hard goal	17	300	0.037976553763440814
930	hard goal	17	350	0.0544640537634408
930	hard goal	17	400	0.05741488709677426
930	hard goal	17	450	0.06621222043010759
930	hard goal	17	500	0.09997288709677421
930	hard goal	17	550	0.15700372043010757
930	hard goal	17	600	0.2105613870967742
930	hard goal	17	650	0.2650332204301076
930	hard goal	17	700	0.2644602204301076
930	hard goal	17	750	0.21444155376344085
930	hard goal	17	800	0.1850035537634409
930	hard goal	17	850	0.15294488709677415
930	hard goal	17	900	0.1503468870967742
930	hard goal	17	950	0.15980288709677426
930	hard goal	17	1e3	0.09430588709677412
930	hard goal	17	1050	NA
930	hard goal	17	1100	NA
930	hard goal	17	1150	NA
930	hard goal	18	-200	0.005572064516129175
930	hard goal	18	-150	-0.004060102150537463
930	hard goal	18	-100	-0.007952102150537543
930	hard goal	18	-50	0.003921897849462545
930	hard goal	18	0	0.0015895645161291643
930	hard goal	18	50	-0.02002660215053753
930	hard goal	18	100	-0.025218768817204234
930	hard goal	18	150	-0.038865768817204195
930	hard goal	18	200	-0.03370943548387088
930	hard goal	18	250	-0.030007602150537476
930	hard goal	18	300	-0.00829926881720433
930	hard goal	18	350	0.010094564516129148
930	hard goal	18	400	0.04293956451612916
930	hard goal	18	450	0.07215323118279578
930	hard goal	18	500	0.06581706451612919
930	hard goal	18	550	0.0787603978494625
930	hard goal	18	600	0.1279608978494625
930	hard goal	18	650	0.1709573978494625
930	hard goal	18	700	0.1979427311827958
930	hard goal	18	750	0.16264289784946237
930	hard goal	18	800	0.10535906451612931
930	hard goal	18	850	NA
930	hard goal	18	900	NA
930	hard goal	18	950	0.019811564516129126
930	hard goal	18	1e3	0.05293556451612913
930	hard goal	18	1050	0.13647673118279577
930	hard goal	18	1100	0.15823306451612926
930	hard goal	18	1150	0.1784578978494625
930	hard goal	19	-200	7.495666666666642e-4
930	hard goal	19	-150	-0.010116766666666685
930	hard goal	19	-100	6.247333333334234e-4
930	hard goal	19	-50	0.0018470666666667117
930	hard goal	19	0	0.006895400000000033
930	hard goal	19	50	-0.00740609999999986
930	hard goal	19	100	-0.01146560000000004
930	hard goal	19	150	-0.008107599999999993
930	hard goal	19	200	-0.04352493333333326
930	hard goal	19	250	-0.03480326666666659
930	hard goal	19	300	-0.03479574285714276
930	hard goal	19	350	-0.017969099999999887
930	hard goal	19	400	0.008107400000000098
930	hard goal	19	450	0.056092400000000084
930	hard goal	19	500	0.06517140000000017
930	hard goal	19	550	0.11979382857142865
930	hard goal	19	600	0.17349000000000006
930	hard goal	19	650	NA
930	hard goal	19	700	NA
930	hard goal	19	750	0.002908800000000067
930	hard goal	19	800	0.1915275666666668
930	hard goal	19	850	0.2402731142857144
930	hard goal	19	900	0.17754806666666667
930	hard goal	19	950	NA
930	hard goal	19	1e3	NA
930	hard goal	19	1050	NA
930	hard goal	19	1100	-0.1500726000000001
930	hard goal	19	1150	0.10535120000000013
930	hard goal	20	-200	0.038167704301075446
930	hard goal	20	-150	0.011223370967742063
930	hard goal	20	-100	-0.007098462365591196
930	hard goal	20	-50	-0.02444379569892452
930	hard goal	20	0	-0.015298986175115064
930	hard goal	20	50	-0.051558962365591134
930	hard goal	20	100	-0.07755829569892454
930	hard goal	20	150	-0.08868912903225801
930	hard goal	20	200	-0.10154179569892456
930	hard goal	20	250	-0.1255292956989246
930	hard goal	20	300	-0.15633279569892453
930	hard goal	20	350	-0.15771496236559113
930	hard goal	20	400	-0.17450079569892463
930	hard goal	20	450	-0.1811867956989246
930	hard goal	20	500	-0.20102446236559124
930	hard goal	20	550	-0.21587612903225786
930	hard goal	20	600	-0.19478346236559121
930	hard goal	20	650	-0.1305342956989246
930	hard goal	20	700	-0.08450879569892455
930	hard goal	20	750	-0.06924479569892454
930	hard goal	20	800	NA
930	hard goal	20	850	NA
930	hard goal	20	900	NA
930	hard goal	20	950	-0.18388612903225798
930	hard goal	20	1e3	-0.0864487290322578
930	hard goal	20	1050	-0.08444146236559129
930	hard goal	20	1100	-0.027650629032257863
930	hard goal	20	1150	0.03310987096774206
930	hard goal	21	-200	-0.011599082949308923
930	hard goal	21	-150	-0.0030000591397851086
930	hard goal	21	-100	-4.975591397850346e-4
930	hard goal	21	-50	-0.0055570591397850295
930	hard goal	21	0	0.022586940860215066
930	hard goal	21	50	0.02758110752688155
930	hard goal	21	100	0.020964607526881673
930	hard goal	21	150	0.0349052741935482
930	hard goal	21	200	0.05171160752688168
930	hard goal	21	250	0.02845694086021496
930	hard goal	21	300	0.06793060752688151
930	hard goal	21	350	0.08281560752688162
930	hard goal	21	400	0.11392994086021486
930	hard goal	21	450	0.15424160752688162
930	hard goal	21	500	0.17569010752688166
930	hard goal	21	550	0.21306794086021497
930	hard goal	21	600	0.2755731075268817
930	hard goal	21	650	0.3152461075268817
930	hard goal	21	700	0.3455847741935482
930	hard goal	21	750	0.36004044086021497
930	hard goal	21	800	0.3540842741935482
930	hard goal	21	850	0.3103139408602149
930	hard goal	21	900	0.287634940860215
930	hard goal	21	950	0.2644302741935483
930	hard goal	21	1e3	0.2698071075268816
930	hard goal	21	1050	0.2782294408602149
930	hard goal	21	1100	0.27309194086021504
930	hard goal	21	1150	0.18789127419354834
930	hard goal	22	-200	0.023346833333333317
930	hard goal	22	-150	-0.00659066666666656
930	hard goal	22	-100	-0.005339333333333214
930	hard goal	22	-50	0.0051766666666667556
930	hard goal	22	0	-0.016593499999999855
930	hard goal	22	50	-0.025733333333333313
930	hard goal	22	100	-0.025188499999999836
930	hard goal	22	150	-0.024630833333333157
930	hard goal	22	200	-0.027075666666666647
930	hard goal	22	250	-0.029859333333333165
930	hard goal	22	300	-0.023403166666666603
930	hard goal	22	350	-0.014352666666666533
930	hard goal	22	400	0.0018531666666667945
930	hard goal	22	450	0.043479333333333425
930	hard goal	22	500	0.10570016666666675
930	hard goal	22	550	0.12917766666666677
930	hard goal	22	600	0.1686255000000001
930	hard goal	22	650	0.24154483333333335
930	hard goal	22	700	0.2945991666666667
930	hard goal	22	750	0.30534136666666667
930	hard goal	22	800	0.3049926666666667
930	hard goal	22	850	0.2192426666666668
930	hard goal	22	900	NA
930	hard goal	22	950	NA
930	hard goal	22	1e3	NA
930	hard goal	22	1050	0.011765166666666715
930	hard goal	22	1100	0.3135467666666668
930	hard goal	22	1150	0.33787833333333345
930	hard goal	23	-200	0.023040285714285895
930	hard goal	23	-150	0.00522283333333351
930	hard goal	23	-100	-0.008468499999999768
930	hard goal	23	-50	-0.013142666666666525
930	hard goal	23	0	-0.010491999999999798
930	hard goal	23	50	-0.01700133333333313
930	hard goal	23	100	-0.0020246666666665636
930	hard goal	23	150	0.016020500000000142
930	hard goal	23	200	0.04427266666666685
930	hard goal	23	250	0.04676800000000014
930	hard goal	23	300	0.05882216666666684
930	hard goal	23	350	0.06066516666666696
930	hard goal	23	400	0.07136066666666685
930	hard goal	23	450	0.10387200000000019
930	hard goal	23	500	0.1619855000000002
930	hard goal	23	550	0.21691250000000015
930	hard goal	23	600	0.2802363333333336
930	hard goal	23	650	0.2935541666666668
930	hard goal	23	700	0.33250333333333343
930	hard goal	23	750	0.3662531666666668
930	hard goal	23	800	0.3340673333333335
930	hard goal	23	850	0.2842498333333335
930	hard goal	23	900	0.2502021666666668
930	hard goal	23	950	0.21828150000000016
930	hard goal	23	1e3	0.18763216666666685
930	hard goal	23	1050	0.02188833333333336
930	hard goal	23	1100	NA
930	hard goal	23	1150	NA
930	hard goal	24	-200	0.03189326267281085
930	hard goal	24	-150	0.023828715053763272
930	hard goal	24	-100	-0.001775618279570142
930	hard goal	24	-50	-0.02356711827957018
930	hard goal	24	0	-0.035694784946236714
930	hard goal	24	50	-0.04556095161290356
930	hard goal	24	100	-0.050273951612903454
930	hard goal	24	150	-0.06444795161290351
930	hard goal	24	200	-0.07136095161290353
930	hard goal	24	250	-0.07700078494623679
930	hard goal	24	300	-0.08012645161290351
930	hard goal	24	350	-0.08234811827957016
930	hard goal	24	400	-0.06929395161290357
930	hard goal	24	450	-0.05700245161290344
930	hard goal	24	500	-0.006646118279570216
930	hard goal	24	550	0.0499310483870965
930	hard goal	24	600	0.11840238172042983
930	hard goal	24	650	0.19294704838709653
930	hard goal	24	700	0.23759821505376313
930	hard goal	24	750	0.2070618817204298
930	hard goal	24	800	0.19669704838709645
930	hard goal	24	850	0.1695020483870965
930	hard goal	24	900	0.11437074838709646
930	hard goal	24	950	NA
930	hard goal	24	1e3	NA
930	hard goal	24	1050	NA
930	hard goal	24	1100	NA
930	hard goal	24	1150	NA
930	hard goal	25	-200	-0.034534834101382535
930	hard goal	25	-150	-0.016989381720430224
930	hard goal	25	-100	0.00860828494623648
930	hard goal	25	-50	0.022578451612903134
930	hard goal	25	0	0.026093284946236528
930	hard goal	25	50	0.012516118279569813
930	hard goal	25	100	0.010679451612903105
930	hard goal	25	150	-0.005796881720430284
930	hard goal	25	200	-0.0035832150537635035
930	hard goal	25	250	-0.02009338172043022
930	hard goal	25	300	-0.029218048387096813
930	hard goal	25	350	-0.038001048387096725
930	hard goal	25	400	-0.03995854838709693
930	hard goal	25	450	-0.030514548387096923
930	hard goal	25	500	-0.0011318817204300686
930	hard goal	25	550	0.052825451612903196
930	hard goal	25	600	0.10606228494623655
930	hard goal	25	650	0.18025978494623648
930	hard goal	25	700	0.22097095161290325
930	hard goal	25	750	0.22260278494623642
930	hard goal	25	800	0.21569761827956987
930	hard goal	25	850	0.1558801182795698
930	hard goal	25	900	0.12925245161290308
930	hard goal	25	950	0.09340895161290308
930	hard goal	25	1e3	0.1059806182795698
930	hard goal	25	1050	0.01693765161290308
930	hard goal	25	1100	NA
930	hard goal	25	1150	NA
930	hard goal	26	-200	-0.008423253456221096
930	hard goal	26	-150	-0.009931467741935318
930	hard goal	26	-100	-0.005971801075268586
930	hard goal	26	-50	0.011540532258064692
930	hard goal	26	0	0.014189865591397973
930	hard goal	26	50	0.046827698924731376
930	hard goal	26	100	0.07328819892473137
930	hard goal	26	150	0.10469636559139794
930	hard goal	26	200	0.12413619892473131
930	hard goal	26	250	0.1499806989247313
930	hard goal	26	300	0.15128353225806465
930	hard goal	26	350	0.17299219892473125
930	hard goal	26	400	0.19455319892473125
930	hard goal	26	450	0.2196056989247314
930	hard goal	26	500	0.2524796989247313
930	hard goal	26	550	0.32986553225806464
930	hard goal	26	600	0.38109319892473126
930	hard goal	26	650	0.4358040322580647
930	hard goal	26	700	0.4503150322580647
930	hard goal	26	750	0.4114145322580647
930	hard goal	26	800	0.34985803225806467
930	hard goal	26	850	0.3192245322580645
930	hard goal	26	900	0.2653623655913979
930	hard goal	26	950	0.17710603225806443
930	hard goal	26	1e3	NA
930	hard goal	26	1050	NA
930	hard goal	26	1100	NA
930	hard goal	26	1150	NA
930	hard goal	27	-200	-0.01656448847926249
930	hard goal	27	-150	-0.0050122741935482535
930	hard goal	27	-100	-0.004393107526881564
930	hard goal	27	-50	0.011638725806451719
930	hard goal	27	0	0.017091892473118337
930	hard goal	27	50	0.015385725806451664
930	hard goal	27	100	0.026704059139785057
930	hard goal	27	150	0.020230392473118346
930	hard goal	27	200	0.022232059139785026
930	hard goal	27	250	0.014689225806451711
930	hard goal	27	300	0.02678555913978505
930	hard goal	27	350	0.025058559139785015
930	hard goal	27	400	0.05140189247311833
930	hard goal	27	450	0.08376139247311842
930	hard goal	27	500	0.13830722580645172
930	hard goal	27	550	0.20771039247311837
930	hard goal	27	600	0.24551555913978507
930	hard goal	27	650	0.2993538924731183
930	hard goal	27	700	0.2592762258064516
930	hard goal	27	750	NA
930	hard goal	27	800	NA
930	hard goal	27	850	NA
930	hard goal	27	900	NA
930	hard goal	27	950	NA
930	hard goal	27	1e3	NA
930	hard goal	27	1050	NA
930	hard goal	27	1100	0.31852322580645165
930	hard goal	27	1150	-1.0304516075268817
930	hard goal	28	-200	0.0065304516129033475
930	hard goal	28	-150	0.007035451612903421
930	hard goal	28	-100	0.005916951612903325
930	hard goal	28	-50	-0.003013381720429864
930	hard goal	28	0	-0.017557881720429973
930	hard goal	28	50	-7.017150537633002e-4
930	hard goal	28	100	-0.005075048387096641
930	hard goal	28	150	-0.019722381720430022
930	hard goal	28	200	-0.0050508817204300005
930	hard goal	28	250	-0.02073621505376333
930	hard goal	28	300	0.0012254516129033277
930	hard goal	28	350	0.015666618279570093
930	hard goal	28	400	0.03585128494623668
930	hard goal	28	450	0.08200511827957002
930	hard goal	28	500	0.12403478494623665
930	hard goal	28	550	0.16747478494623666
930	hard goal	28	600	0.24705295161290342
930	hard goal	28	650	0.29019561827957013
930	hard goal	28	700	0.31243261827957003
930	hard goal	28	750	0.25393761827957007
930	hard goal	28	800	0.2122379516129033
930	hard goal	28	850	0.05174620161290344
930	hard goal	28	900	NA
930	hard goal	28	950	NA
930	hard goal	28	1e3	NA
930	hard goal	28	1050	-0.09011488172043003
930	hard goal	28	1100	0.011694784946236695
930	hard goal	28	1150	0.05327711827957008
930	hard goal	29	-200	-0.05944225806451626
930	hard goal	29	-150	-0.016712091397849644
930	hard goal	29	-100	0.011093241935483666
930	hard goal	29	-50	0.030111241935483795
930	hard goal	29	0	0.044856908602150414
930	hard goal	29	50	0.06345440860215039
930	hard goal	29	100	0.09212424193548367
930	hard goal	29	150	0.10996457526881705
930	hard goal	29	200	0.09445624193548374
930	hard goal	29	250	0.09679324193548378
930	hard goal	29	300	0.11771540860215042
930	hard goal	29	350	0.13685290860215052
930	hard goal	29	400	0.16423940860215036
930	hard goal	29	450	0.20213740860215043
930	hard goal	29	500	0.23892240860215042
930	hard goal	29	550	0.28106624193548374
930	hard goal	29	600	0.3274722419354837
930	hard goal	29	650	0.3629884086021504
930	hard goal	29	700	0.4035149086021504
930	hard goal	29	750	0.43282824193548386
930	hard goal	29	800	0.39149090860215047
930	hard goal	29	850	0.37825357526881714
930	hard goal	29	900	0.3496697419354837
930	hard goal	29	950	0.3002657419354838
930	hard goal	29	1e3	0.2540222419354837
930	hard goal	29	1050	0.2680112419354837
930	hard goal	29	1100	0.18045749193548377
930	hard goal	29	1150	NA
930	hard goal	30	-200	0.02229170046082959
930	hard goal	30	-150	0.010613795698924807
930	hard goal	30	-100	-0.012850204301075197
930	hard goal	30	-50	-0.01383437096774176
930	hard goal	30	0	-0.009936204301075113
930	hard goal	30	50	-0.008203537634408509
930	hard goal	30	100	0.012418295698924867
930	hard goal	30	150	0.030372962365591578
930	hard goal	30	200	0.0344904623655915
930	hard goal	30	250	0.06398146236559159
930	hard goal	30	300	0.07075179569892491
930	hard goal	30	350	0.08358629569892491
930	hard goal	30	400	0.11376496236559157
930	hard goal	30	450	0.14360246236559152
930	hard goal	30	500	0.1868364623655915
930	hard goal	30	550	0.2202026290322582
930	hard goal	30	600	0.24746096236559154
930	hard goal	30	650	0.28111112903225816
930	hard goal	30	700	0.2852506290322581
930	hard goal	30	750	0.2941557956989249
930	hard goal	30	800	0.26344446236559155
930	hard goal	30	850	0.20263679569892487
930	hard goal	30	900	0.1868374623655916
930	hard goal	30	950	0.19985846236559154
930	hard goal	30	1e3	0.2206157956989249
930	hard goal	30	1050	0.17557837903225815
930	hard goal	30	1100	NA
930	hard goal	30	1150	NA
930	hard goal	31	-200	0.0282687741935485
930	hard goal	31	-150	0.023890107526881737
930	hard goal	31	-100	-0.0076098924731182
930	hard goal	31	-50	-0.020113559139784815
930	hard goal	31	0	-0.029146892473118118
930	hard goal	31	50	-0.06191989247311813
930	hard goal	31	100	-0.0692843924731182
930	hard goal	31	150	-0.053220725806451506
930	hard goal	31	200	-0.0671597258064515
930	hard goal	31	250	-0.07791005913978484
930	hard goal	31	300	-0.09525839247311814
930	hard goal	31	350	-0.08637105913978482
930	hard goal	31	400	-0.055658725806451516
930	hard goal	31	450	-0.044367392473118196
930	hard goal	31	500	-0.00247472580645162
930	hard goal	31	550	0.05805060752688185
930	hard goal	31	600	0.10773127419354848
930	hard goal	31	650	0.16368060752688174
930	hard goal	31	700	0.0729097741935485
930	hard goal	31	750	NA
930	hard goal	31	800	NA
930	hard goal	31	850	0.11544544086021509
930	hard goal	31	900	0.15816710752688187
930	hard goal	31	950	0.051786940860215104
930	hard goal	31	1e3	0.012361940860215062
930	hard goal	31	1050	NA
930	hard goal	31	1100	NA
930	hard goal	31	1150	NA
930	hard goal	32	-200	-0.09352976923076906
930	hard goal	32	-150	0.0013220879120880039
930	hard goal	32	-100	-0.008274769230769197
930	hard goal	32	-50	0.004558897435897509
930	hard goal	32	0	0.01776173076923082
930	hard goal	32	50	0.027739397435897557
930	hard goal	32	100	0.01038123076923081
930	hard goal	32	150	8.253974358975272e-4
930	hard goal	32	200	-0.02965076923076926
930	hard goal	32	250	-0.05736576923076919
930	hard goal	32	300	-0.09482543589743579
930	hard goal	32	350	-0.09629360256410242
930	hard goal	32	400	-0.10646693589743579
930	hard goal	32	450	-0.09426526923076906
930	hard goal	32	500	-0.0732617692307691
930	hard goal	32	550	-0.0389366025641024
930	hard goal	32	600	0.017383230769230835
930	hard goal	32	650	0.07943189743589756
930	hard goal	32	700	0.10524656410256417
930	hard goal	32	750	0.10931306410256421
930	hard goal	32	800	0.10000123076923084
930	hard goal	32	850	0.09061923076923084
930	hard goal	32	900	-0.3270757692307691
930	hard goal	32	950	NA
930	hard goal	32	1e3	NA
930	hard goal	32	1050	NA
930	hard goal	32	1100	0.04448123076923105
930	hard goal	32	1150	0.06727906410256423
930	hard goal	34	-200	0.013244603686636047
930	hard goal	34	-150	-0.014029301075268638
930	hard goal	34	-100	-0.007313134408602077
930	hard goal	34	-50	8.258655913979673e-4
930	hard goal	34	0	0.005064532258064691
930	hard goal	34	50	-0.019275634408601954
930	hard goal	34	100	-0.04219146774193535
930	hard goal	34	150	-0.03987946774193533
930	hard goal	34	200	-0.03735513440860198
930	hard goal	34	250	-0.025952634408601922
930	hard goal	34	300	-0.0021143010752687394
930	hard goal	34	350	0.012208032258064735
930	hard goal	34	400	0.03681036559139798
930	hard goal	34	450	0.06547403225806463
930	hard goal	34	500	0.10913903225806469
930	hard goal	34	550	0.16349119892473132
930	hard goal	34	600	0.23844403225806468
930	hard goal	34	650	0.2552095322580647
930	hard goal	34	700	0.2625556989247313
930	hard goal	34	750	0.21831019892473127
930	hard goal	34	800	0.20026586559139803
930	hard goal	34	850	0.10471183225806477
930	hard goal	34	900	NA
930	hard goal	34	950	NA
930	hard goal	34	1e3	NA
930	hard goal	34	1050	NA
930	hard goal	34	1100	-0.04397046774193525
930	hard goal	34	1150	0.03673853225806467
930	hard goal	35	-200	-0.013814783410138214
930	hard goal	35	-150	-0.015810188172042938
930	hard goal	35	-100	-0.01756402150537628
930	hard goal	35	-50	0.014043978494623799
930	hard goal	35	0	0.035447478494623784
930	hard goal	35	50	0.03331297849462378
930	hard goal	35	100	0.03148597849462368
930	hard goal	35	150	0.04402547849462376
930	hard goal	35	200	0.038370645161290406
930	hard goal	35	250	0.061055978494623776
930	hard goal	35	300	0.0591244784946238
930	hard goal	35	350	0.047476645161290465
930	hard goal	35	400	0.06282164516129048
930	hard goal	35	450	0.08205147849462364
930	hard goal	35	500	0.10655514516129043
930	hard goal	35	550	0.16117664516129038
930	hard goal	35	600	0.18415431182795702
930	hard goal	35	650	0.23608464516129035
930	hard goal	35	700	0.2580511451612904
930	hard goal	35	750	0.14418664516129054
930	hard goal	35	800	NA
930	hard goal	35	850	NA
930	hard goal	35	900	0.002281145161290299
930	hard goal	35	950	0.07036114516129044
930	hard goal	35	1e3	-0.015317188172042862
930	hard goal	35	1050	0.08828731182795702
930	hard goal	35	1100	0.16932847849462376
930	hard goal	35	1150	0.26259997849462374
930	hard goal	36	-200	NA
930	hard goal	36	-150	-0.09673638636363624
930	hard goal	36	-100	0.01644003030303039
930	hard goal	36	-50	0.023398863636363787
930	hard goal	36	0	0.024652030303030276
930	hard goal	36	50	0.02581536363636361
930	hard goal	36	100	0.03383003030303026
930	hard goal	36	150	0.025683030303030357
930	hard goal	36	200	0.004518077922077891
930	hard goal	36	250	-0.05841146969696968
930	hard goal	36	300	-0.10524280303030298
930	hard goal	36	350	-0.15030846969696957
930	hard goal	36	400	-0.16732480303030303
930	hard goal	36	450	-0.16492163636363624
930	hard goal	36	500	-0.15042113636363638
930	hard goal	36	550	-0.09167263636363636
930	hard goal	36	600	-0.021226469696969657
930	hard goal	36	650	0.055592763636363604
930	hard goal	36	700	0.08614093506493507
930	hard goal	36	750	0.0744425636363637
930	hard goal	36	800	0.08717686363636375
930	hard goal	36	850	0.061371563636363646
930	hard goal	36	900	0.08236422077922079
930	hard goal	36	950	-0.038016886363636315
930	hard goal	36	1e3	NA
930	hard goal	36	1050	NA
930	hard goal	36	1100	NA
930	hard goal	36	1150	NA
930	hard goal	37	-200	-0.17850142857142837
930	hard goal	37	-150	NA
930	hard goal	37	-100	-0.01953342857142859
930	hard goal	37	-50	0.03896707142857155
930	hard goal	37	0	-0.005961261904761761
930	hard goal	37	50	-0.033322595238095186
930	hard goal	37	100	-0.03753159523809516
930	hard goal	37	150	-0.04252076190476184
930	hard goal	37	200	-0.055103595238095014
930	hard goal	37	250	-0.11947309523809513
930	hard goal	37	300	-0.13955226190476178
930	hard goal	37	350	-0.15845242857142847
930	hard goal	37	400	-0.18800626190476186
930	hard goal	37	450	-0.20301076190476178
930	hard goal	37	500	-0.1943715952380951
930	hard goal	37	550	-0.15568076190476185
930	hard goal	37	600	-0.11306492857142847
930	hard goal	37	650	-0.04971442857142846
930	hard goal	37	700	0.03640273809523823
930	hard goal	37	750	0.0356339047619049
930	hard goal	37	800	0.027713071428571528
930	hard goal	37	850	0.014624238095238237
930	hard goal	37	900	6.810714285715817e-4
930	hard goal	37	950	-0.07619992857142847
930	hard goal	37	1e3	NA
930	hard goal	37	1050	NA
930	hard goal	37	1100	NA
930	hard goal	37	1150	NA
930	hard goal	38	-200	NA
930	hard goal	38	-150	NA
930	hard goal	38	-100	-0.002127466666666559
930	hard goal	38	-50	0.00373019999999998
930	hard goal	38	0	-0.002666466666666626
930	hard goal	38	50	-0.014207466666666724
930	hard goal	38	100	-0.004379466666666554
930	hard goal	38	150	0.00117869999999994
930	hard goal	38	200	-0.028751466666666687
930	hard goal	38	250	-0.058871633333333305
930	hard goal	38	300	-0.08282663333333333
930	hard goal	38	350	-0.13532496666666663
930	hard goal	38	400	-0.14304146666666662
930	hard goal	38	450	-0.15946530000000006
930	hard goal	38	500	-0.14256146666666672
930	hard goal	38	550	-0.10711729999999993
930	hard goal	38	600	-0.06443663333333334
930	hard goal	38	650	0.003345200000000048
930	hard goal	38	700	0.07312670000000006
930	hard goal	38	750	0.12956603333333336
930	hard goal	38	800	0.1259378666666667
930	hard goal	38	850	0.11800669999999995
930	hard goal	38	900	0.11433253333333337
930	hard goal	38	950	0.09215386666666665
930	hard goal	38	1e3	0.07908569999999997
930	hard goal	38	1050	-0.11454413333333324
930	hard goal	38	1100	NA
930	hard goal	38	1150	NA
930	hard goal	39	-200	0.08736579999999987
930	hard goal	39	-150	0.051045799999999954
930	hard goal	39	-100	-0.001586700000000052
930	hard goal	39	-50	-0.05386553333333355
930	hard goal	39	0	-0.08295936666666681
930	hard goal	39	50	-0.11403320000000017
930	hard goal	39	100	-0.12721420000000014
930	hard goal	39	150	-0.13358520000000018
930	hard goal	39	200	-0.11507070000000019
930	hard goal	39	250	-0.09057403333333343
930	hard goal	39	300	-0.07031586666666685
930	hard goal	39	350	-0.08059320000000018
930	hard goal	39	400	-0.07548453333333345
930	hard goal	39	450	-0.05887503333333344
930	hard goal	39	500	-0.019029033333333462
930	hard goal	39	550	0.019088466666666637
930	hard goal	39	600	0.09448463333333312
930	hard goal	39	650	0.12976146666666658
930	hard goal	39	700	0.14900513333333318
930	hard goal	39	750	0.1815079666666665
930	hard goal	39	800	0.16163179999999988
930	hard goal	39	850	0.1020944666666664
930	hard goal	39	900	0.0836409666666665
930	hard goal	39	950	-0.10216661666666671
930	hard goal	39	1e3	NA
930	hard goal	39	1050	NA
930	hard goal	39	1100	NA
930	hard goal	39	1150	NA
930	hard goal	40	-200	-0.03034972350230428
930	hard goal	40	-150	-0.014095747311828092
930	hard goal	40	-100	-0.0015640806451614104
930	hard goal	40	-50	0.019220919354838568
930	hard goal	40	0	0.0318469193548386
930	hard goal	40	50	0.055689252688171896
930	hard goal	40	100	0.0769525860215053
930	hard goal	40	150	0.07605758602150521
930	hard goal	40	200	0.10295008602150513
930	hard goal	40	250	0.11395141935483855
930	hard goal	40	300	0.12579408602150513
930	hard goal	40	350	0.13550575268817192
930	hard goal	40	400	0.15346625268817182
930	hard goal	40	450	0.20373008602150514
930	hard goal	40	500	0.21720825268817193
930	hard goal	40	550	0.2764122526881718
930	hard goal	40	600	0.328684752688172
930	hard goal	40	650	0.39252708602150527
930	hard goal	40	700	0.3921350860215052
930	hard goal	40	750	0.3536620860215052
930	hard goal	40	800	0.2885542526881719
930	hard goal	40	850	0.18354541935483848
930	hard goal	40	900	NA
930	hard goal	40	950	NA
930	hard goal	40	1e3	NA
930	hard goal	40	1050	NA
930	hard goal	40	1100	NA
930	hard goal	40	1150	NA
930	hard goal	41	-200	0.030589917050691362
930	hard goal	41	-150	0.006437107526881869
930	hard goal	41	-100	-0.008953892473118211
930	hard goal	41	-50	-0.016664892473118236
930	hard goal	41	0	-0.016506559139784827
930	hard goal	41	50	-0.028231725806451575
930	hard goal	41	100	-0.024150892473118264
930	hard goal	41	150	-0.029984892473118235
930	hard goal	41	200	-0.027348725806451462
930	hard goal	41	250	-0.0062663924731181835
930	hard goal	41	300	0.04169010752688177
930	hard goal	41	350	0.0601349408602152
930	hard goal	41	400	0.07078344086021511
930	hard goal	41	450	0.06852394086021511
930	hard goal	41	500	0.10969144086021514
930	hard goal	41	550	0.1483462741935484
930	hard goal	41	600	0.15685144086021516
930	hard goal	41	650	0.16428777419354854
930	hard goal	41	700	0.17519610752688175
930	hard goal	41	750	0.19149377419354852
930	hard goal	41	800	0.20446310752688168
930	hard goal	41	850	0.13966860752688182
930	hard goal	41	900	0.10638260752688182
930	hard goal	41	950	0.08015644086021505
930	hard goal	41	1e3	0.023651524193548434
930	hard goal	41	1050	NA
930	hard goal	41	1100	NA
930	hard goal	41	1150	NA
930	hard goal	42	-200	0.05939345622119806
930	hard goal	42	-150	0.008289241935483785
930	hard goal	42	-100	-0.022263758064516193
930	hard goal	42	-50	-0.02456675806451621
930	hard goal	42	0	-0.030751091397849557
930	hard goal	42	50	-0.02468575806451619
930	hard goal	42	100	-0.13450975806451626
930	hard goal	42	150	-0.05951659139784956
930	hard goal	42	200	0.03677174193548368
930	hard goal	42	250	0.03976274193548379
930	hard goal	42	300	-0.00449542473118288
930	hard goal	42	350	-0.003630591397849603
930	hard goal	42	400	-0.0041694247311829065
930	hard goal	42	450	0.009772575268817066
930	hard goal	42	500	0.025696075268817047
930	hard goal	42	550	0.01563124193548367
930	hard goal	42	600	0.04563157526881708
930	hard goal	42	650	0.05311907526881702
930	hard goal	42	700	0.09549424193548377
930	hard goal	42	750	0.14376957526881706
930	hard goal	42	800	0.09955274193548365
930	hard goal	42	850	0.09959157526881701
930	hard goal	42	900	0.023900991935483784
930	hard goal	42	950	NA
930	hard goal	42	1e3	NA
930	hard goal	42	1050	NA
930	hard goal	42	1100	NA
930	hard goal	42	1150	3.1991935483643985e-5
930	hard goal	43	-200	-0.010396281105990621
930	hard goal	43	-150	0.005897290322580832
930	hard goal	43	-100	0.006684623655914157
930	hard goal	43	-50	0.005884623655914097
930	hard goal	43	0	-0.006337543010752548
930	hard goal	43	50	-0.00877887634408577
930	hard goal	43	100	-0.05563320967741925
930	hard goal	43	150	-0.051879209677419214
930	hard goal	43	200	-0.057977709677419074
930	hard goal	43	250	-0.06009270967741923
930	hard goal	43	300	-0.051749709677419174
930	hard goal	43	350	-0.05815670967741915
930	hard goal	43	400	-0.04595587634408586
930	hard goal	43	450	-0.018607876344085856
930	hard goal	43	500	0.015944290322580823
930	hard goal	43	550	0.06182212365591414
930	hard goal	43	600	0.11257779032258079
930	hard goal	43	650	0.1617629569892475
930	hard goal	43	700	0.22913879032258086
930	hard goal	43	750	0.24148595698924744
930	hard goal	43	800	0.20492845698924755
930	hard goal	43	850	0.17714229032258086
930	hard goal	43	900	0.1530091236559142
930	hard goal	43	950	0.14173995698924755
930	hard goal	43	1e3	0.12521162365591412
930	hard goal	43	1050	0.12173729032258085
930	hard goal	43	1100	0.12501045698924748
930	hard goal	43	1150	0.1335277903225808
930	hard goal	44	-200	0.06218213333333337
930	hard goal	44	-150	0.04854363333333326
930	hard goal	44	-100	-0.005381866666666586
930	hard goal	44	-50	-0.03543669999999999
930	hard goal	44	0	-0.06990720000000006
930	hard goal	44	50	-0.0972085333333333
930	hard goal	44	100	-0.11896153333333322
930	hard goal	44	150	-0.12588015238095235
930	hard goal	44	200	-0.12476386666666668
930	hard goal	44	250	-0.12412486666666656
930	hard goal	44	300	-0.10923086666666659
930	hard goal	44	350	-0.07435936666666665
930	hard goal	44	400	-0.04297836666666662
930	hard goal	44	450	0.0032769666666667696
930	hard goal	44	500	0.06067946666666679
930	hard goal	44	550	0.11166530000000008
930	hard goal	44	600	0.1604708
930	hard goal	44	650	0.2032613333333333
930	hard goal	44	700	0.25167256190476195
930	hard goal	44	750	0.2239369666666667
930	hard goal	44	800	0.17328896666666674
930	hard goal	44	850	0.15246146666666674
930	hard goal	44	900	0.13850430000000005
930	hard goal	44	950	0.12072030000000004
930	hard goal	44	1e3	0.13567896666666668
930	hard goal	44	1050	0.16015330000000003
930	hard goal	44	1100	0.17345796666666669
930	hard goal	44	1150	0.1942301333333334
930	hard goal	45	-200	-0.009580184331797017
930	hard goal	45	-150	-0.009917612903225534
930	hard goal	45	-100	0.009352220430107675
930	hard goal	45	-50	0.005454387096774409
930	hard goal	45	0	0.006287887096774414
930	hard goal	45	50	0.0040153870967744405
930	hard goal	45	100	-0.018219946236558943
930	hard goal	45	150	-0.0076887795698923345
930	hard goal	45	200	-0.0016189462365589307
930	hard goal	45	250	0.003769220430107708
930	hard goal	45	300	0.036792887096774494
930	hard goal	45	350	0.0294038870967744
930	hard goal	45	400	0.027323387096774326
930	hard goal	45	450	0.06469672043010766
930	hard goal	45	500	0.1080068870967743
930	hard goal	45	550	0.153489553763441
930	hard goal	45	600	0.20965272043010774
930	hard goal	45	650	0.28290605376344113
930	hard goal	45	700	0.3346483870967744
930	hard goal	45	750	0.395112053763441
930	hard goal	45	800	0.4304872204301076
930	hard goal	45	850	0.4065557204301076
930	hard goal	45	900	0.4039327204301077
930	hard goal	45	950	0.37106922043010776
930	hard goal	45	1e3	0.33291355376344106
930	hard goal	45	1050	0.3301172204301077
930	hard goal	45	1100	0.3273838870967743
930	hard goal	45	1150	0.3503397204301077
930	hard goal	46	-200	-0.005283497695852711
930	hard goal	46	-150	0.010904645161290194
930	hard goal	46	-100	0.004425978494623524
930	hard goal	46	-50	-0.013682354838709868
930	hard goal	46	0	0.004515811827956832
930	hard goal	46	50	0.010051978494623434
930	hard goal	46	100	0.003408478494623557
930	hard goal	46	150	-0.011072354838709867
930	hard goal	46	200	-0.008570688172043095
930	hard goal	46	250	-0.006762021505376525
930	hard goal	46	300	0.01979747849462347
930	hard goal	46	350	0.058962145161290204
930	hard goal	46	400	0.06724014516129014
930	hard goal	46	450	0.10695531182795685
930	hard goal	46	500	0.16559781182795694
930	hard goal	46	550	0.2204591451612902
930	hard goal	46	600	0.2685853118279569
930	hard goal	46	650	0.30883231182795695
930	hard goal	46	700	0.3509669784946235
930	hard goal	46	750	0.39787614516129016
930	hard goal	46	800	0.38740264516129014
930	hard goal	46	850	0.3378031451612902
930	hard goal	46	900	0.29416181182795675
930	hard goal	46	950	0.1904056451612902
930	hard goal	46	1e3	NA
930	hard goal	46	1050	NA
930	hard goal	46	1100	NA
930	hard goal	46	1150	NA
930	hard goal	48	-200	0.009055732718893974
930	hard goal	48	-150	-0.0023701720430108577
930	hard goal	48	-100	-0.00776933870967748
930	hard goal	48	-50	4.716129032248754e-5
930	hard goal	48	0	-4.7267204301082444e-4
930	hard goal	48	50	0.02366916129032252
930	hard goal	48	100	0.010860994623655898
930	hard goal	48	150	0.03030366129032247
930	hard goal	48	200	0.03363849462365587
930	hard goal	48	250	0.044763827956989154
930	hard goal	48	300	0.04690882795698914
930	hard goal	48	350	0.04093432795698915
930	hard goal	48	400	0.04124182795698913
930	hard goal	48	450	0.05485516129032253
930	hard goal	48	500	0.09180099462365576
930	hard goal	48	550	0.1221224946236558
930	hard goal	48	600	0.16663266129032248
930	hard goal	48	650	0.19169466129032245
930	hard goal	48	700	0.17412382795698914
930	hard goal	48	750	0.1498658279569891
930	hard goal	48	800	0.08568666129032243
930	hard goal	48	850	0.04602666129032248
930	hard goal	48	900	0.024799661290322367
930	hard goal	48	950	0.0020791612903224474
930	hard goal	48	1e3	-0.02273917204301094
930	hard goal	48	1050	-0.02178500537634435
930	hard goal	48	1100	-0.015641672043010812
930	hard goal	48	1150	-0.023519172043010867
930	hard goal	49	-200	0.014780198156682125
930	hard goal	49	-150	0.0036994838709677826
930	hard goal	49	-100	0.0013024838709678743
930	hard goal	49	-50	-0.014874849462365466
930	hard goal	49	0	-0.00737068279569882
930	hard goal	49	50	0.010898983870967882
930	hard goal	49	100	0.006510317204301212
930	hard goal	49	150	0.01209948387096782
930	hard goal	49	200	0.01004281720430115
930	hard goal	49	250	0.005800650537634604
930	hard goal	49	300	0.006595817204301173
930	hard goal	49	350	0.011863317204301152
930	hard goal	49	400	0.026009650537634526
930	hard goal	49	450	0.02736548387096782
930	hard goal	49	500	0.04578665053763453
930	hard goal	49	550	0.07813398387096789
930	hard goal	49	600	0.12344765053763458
930	hard goal	49	650	0.17033998387096783
930	hard goal	49	700	0.15190348387096786
930	hard goal	49	750	0.13558165053763446
930	hard goal	49	800	0.0793021505376345
930	hard goal	49	850	0.031793650537634534
930	hard goal	49	900	0.018067817204301173
930	hard goal	49	950	0.002859650537634595
930	hard goal	49	1e3	-0.009225349462365529
930	hard goal	49	1050	0.0056903172043010946
930	hard goal	49	1100	-0.14033001612903218
930	hard goal	49	1150	NA
930	hard goal	50	-200	0.0187508714285716
930	hard goal	50	-150	-7.765333333331625e-4
930	hard goal	50	-100	-0.0025076999999997795
930	hard goal	50	-50	-0.1115507
930	hard goal	50	0	NA
930	hard goal	50	50	-0.007174199999999686
930	hard goal	50	100	-0.015174366666666531
930	hard goal	50	150	-0.023777199999999832
930	hard goal	50	200	-0.03873686666666646
930	hard goal	50	250	-0.04389469999999984
930	hard goal	50	300	-0.06686103333333311
930	hard goal	50	350	-0.07699119999999986
930	hard goal	50	400	-0.11691253333333318
930	hard goal	50	450	-0.1326426999999999
930	hard goal	50	500	-0.14147553333333315
930	hard goal	50	550	-0.12267603333333306
930	hard goal	50	600	-0.0889820333333331
930	hard goal	50	650	-0.03691386666666648
930	hard goal	50	700	-0.011427699999999819
930	hard goal	50	750	0.019254966666666817
930	hard goal	50	800	0.015685966666666884
930	hard goal	50	850	-3.0069999999978353e-4
930	hard goal	50	900	-0.05432336666666641
930	hard goal	50	950	-0.03432903333333318
930	hard goal	50	1e3	-0.043293533333333155
930	hard goal	50	1050	-0.029124366666666512
930	hard goal	50	1100	-0.02062269999999981
930	hard goal	50	1150	0.003123633333333542
930	hard goal	51	-200	0.049710966666666634
930	hard goal	51	-150	0.03447613333333336
930	hard goal	51	-100	-0.006355866666666691
930	hard goal	51	-50	-0.027654366666666652
930	hard goal	51	0	-0.05017686666666665
930	hard goal	51	50	-0.061678533333333396
930	hard goal	51	100	-0.08008820000000005
930	hard goal	51	150	-0.062050033333333365
930	hard goal	51	200	-0.07132703333333341
930	hard goal	51	250	-0.04912469999999991
930	hard goal	51	300	-0.04780836666666666
930	hard goal	51	350	-0.019004033333333375
930	hard goal	51	400	4.171333333333749e-4
930	hard goal	51	450	-0.0046763666666666355
930	hard goal	51	500	0.04474496666666661
930	hard goal	51	550	0.09273229999999999
930	hard goal	51	600	0.14127663333333337
930	hard goal	51	650	0.20455863333333327
930	hard goal	51	700	0.23633946666666664
930	hard goal	51	750	0.2784654666666666
930	hard goal	51	800	0.27552646666666675
930	hard goal	51	850	0.05811896666666675
930	hard goal	51	900	NA
930	hard goal	51	950	NA
930	hard goal	51	1e3	NA
930	hard goal	51	1050	NA
930	hard goal	51	1100	NA
930	hard goal	51	1150	NA
930	hard goal	52	-200	0.059235645161290255
930	hard goal	52	-150	0.02196081182795691
930	hard goal	52	-100	-0.00926985483870979
930	hard goal	52	-50	-0.02383018817204315
930	hard goal	52	0	-0.05796902150537645
930	hard goal	52	50	-0.0720836881720431
930	hard goal	52	100	-0.09129435483870973
930	hard goal	52	150	-0.10123702150537646
930	hard goal	52	200	-0.09803618817204314
930	hard goal	52	250	-0.09721168817204306
930	hard goal	52	300	-0.10147202150537653
930	hard goal	52	350	-0.0976081881720432
930	hard goal	52	400	-0.10120952150537647
930	hard goal	52	450	-0.07493585483870986
930	hard goal	52	500	-0.01544435483870991
930	hard goal	52	550	0.024846811827956856
930	hard goal	52	600	0.08472414516129034
930	hard goal	52	650	0.10595431182795689
930	hard goal	52	700	0.10104281182795687
930	hard goal	52	750	0.07602881182795684
930	hard goal	52	800	0.032263978494623556
930	hard goal	52	850	0.013568311827956888
930	hard goal	52	900	0.014928478494623532
930	hard goal	52	950	-0.001741688172043121
930	hard goal	52	1e3	0.011154478494623513
930	hard goal	52	1050	-0.009139354838709831
930	hard goal	52	1100	-0.27775335483870967
930	hard goal	52	1150	NA
930	hard goal	53	-200	0.021373589861751148
930	hard goal	53	-150	0.017271327956989307
930	hard goal	53	-100	6.016612903226489e-4
930	hard goal	53	-50	-0.02541017204301066
930	hard goal	53	0	-0.017398672043010672
930	hard goal	53	50	-0.020166338709677323
930	hard goal	53	100	-0.008648838709677401
930	hard goal	53	150	-0.007080172043010628
930	hard goal	53	200	-0.010397338709677332
930	hard goal	53	250	0.008888827956989273
930	hard goal	53	300	-0.01142417204301068
930	hard goal	53	350	-0.011069172043010722
930	hard goal	53	400	-0.03611050537634405
930	hard goal	53	450	-0.032492672043010616
930	hard goal	53	500	-0.008854338709677334
930	hard goal	53	550	0.019846827956989294
930	hard goal	53	600	0.047974494623655994
930	hard goal	53	650	0.10115982795698926
930	hard goal	53	700	0.13933316129032272
930	hard goal	53	750	0.1634031612903227
930	hard goal	53	800	0.11943716129032267
930	hard goal	53	850	0.08580099462365598
930	hard goal	53	900	0.0558858279569893
930	hard goal	53	950	0.02800082795698929
930	hard goal	53	1e3	-0.05400903870967744
930	hard goal	53	1050	NA
930	hard goal	53	1100	NA
930	hard goal	53	1150	NA
930	hard goal	54	-200	0.03382670506912459
930	hard goal	54	-150	0.010392419354838811
930	hard goal	54	-100	-1.1458064516108497e-4
930	hard goal	54	-50	-0.022961080645161152
930	hard goal	54	0	-0.02678124731182785
930	hard goal	54	50	-0.01172991397849447
930	hard goal	54	100	-6.040806451610425e-4
930	hard goal	54	150	-0.10036458064516118
930	hard goal	54	200	-0.10843998064516117
930	hard goal	54	250	0.10176875268817216
930	hard goal	54	300	0.11118441935483896
930	hard goal	54	350	0.15095558602150558
930	hard goal	54	400	0.1963842526881722
930	hard goal	54	450	0.21195841935483886
930	hard goal	54	500	0.24841708602150558
930	hard goal	54	550	0.30838291935483886
930	hard goal	54	600	0.3343815860215056
930	hard goal	54	650	0.37189891935483893
930	hard goal	54	700	0.3850277526881723
930	hard goal	54	750	0.3705127526881722
930	hard goal	54	800	0.2481914193548389
930	hard goal	54	850	NA
930	hard goal	54	900	NA
930	hard goal	54	950	NA
930	hard goal	54	1e3	NA
930	hard goal	54	1050	0.36095041935483896
930	hard goal	54	1100	0.3140992526881721
930	hard goal	54	1150	0.32347025268817214
930	hard goal	55	-200	0.007320733333333311
930	hard goal	55	-150	0.009636399999999915
930	hard goal	55	-100	0.0018232333333333035
930	hard goal	55	-50	-0.010747100000000046
930	hard goal	55	0	-0.008033266666666705
930	hard goal	55	50	-0.007812600000000058
930	hard goal	55	100	-0.0034197666666667312
930	hard goal	55	150	3.8506666666656325e-4
930	hard goal	55	200	-0.010744266666666688
930	hard goal	55	250	-0.049954933333333416
930	hard goal	55	300	-0.0475614333333334
930	hard goal	55	350	-0.06045960000000002
930	hard goal	55	400	-0.07590560000000002
930	hard goal	55	450	-0.07516610000000006
930	hard goal	55	500	-0.04847159999999998
930	hard goal	55	550	-0.020224433333333385
930	hard goal	55	600	0.03680023333333334
930	hard goal	55	650	0.09095190000000002
930	hard goal	55	700	0.1419887333333333
930	hard goal	55	750	0.1863524
930	hard goal	55	800	0.18408006666666665
930	hard goal	55	850	0.1647282333333333
930	hard goal	55	900	0.12022606666666658
930	hard goal	55	950	-0.1530319333333332
930	hard goal	55	1e3	NA
930	hard goal	55	1050	NA
930	hard goal	55	1100	NA
930	hard goal	55	1150	NA
930	hard goal	56	-200	0.03310208294930891
930	hard goal	56	-150	0.012894725806451715
930	hard goal	56	-100	0.003890892473118394
930	hard goal	56	-50	-0.026137940860214925
930	hard goal	56	0	-0.029266774193548395
930	hard goal	56	50	-0.022622607526881538
930	hard goal	56	100	-0.031547107526881536
930	hard goal	56	150	-0.03225177419354819
930	hard goal	56	200	-0.042747607526881636
930	hard goal	56	250	-0.033009940860214915
930	hard goal	56	300	0.007899392473118327
930	hard goal	56	350	0.020735559139785087
930	hard goal	56	400	0.059410725806451646
930	hard goal	56	450	0.11911872580645173
930	hard goal	56	500	0.16196989247311833
930	hard goal	56	550	0.20525589247311835
930	hard goal	56	600	0.2837300591397851
930	hard goal	56	650	0.35282505913978496
930	hard goal	56	700	0.3093208924731183
930	hard goal	56	750	NA
930	hard goal	56	800	NA
930	hard goal	56	850	NA
930	hard goal	56	900	NA
930	hard goal	56	950	NA
930	hard goal	56	1e3	NA
930	hard goal	56	1050	NA
930	hard goal	56	1100	0.19975322580645183
930	hard goal	56	1150	0.17076062580645174
930	hard goal	57	-200	0.04577944239631356
930	hard goal	57	-150	-0.002120795698924501
930	hard goal	57	-100	-0.0018697956989246478
930	hard goal	57	-50	-0.015280129032257802
930	hard goal	57	0	-0.03413862903225784
930	hard goal	57	50	-0.03203179569892445
930	hard goal	57	100	-0.037372462365591184
930	hard goal	57	150	-0.021692795698924572
930	hard goal	57	200	-0.008590795698924625
930	hard goal	57	250	0.001242204301075504
930	hard goal	57	300	-0.02670162903225785
930	hard goal	57	350	-0.04452596236559122
930	hard goal	57	400	-0.07411612903225784
930	hard goal	57	450	-0.07972529569892466
930	hard goal	57	500	-0.09551146236559112
930	hard goal	57	550	-0.0916709623655912
930	hard goal	57	600	-0.07675662903225773
930	hard goal	57	650	-0.03622129569892459
930	hard goal	57	700	-0.009770962365591199
930	hard goal	57	750	-0.0024451290322577237
930	hard goal	57	800	NA
930	hard goal	57	850	NA
930	hard goal	57	900	-0.0628761290322577
930	hard goal	57	950	0.026696704301075513
930	hard goal	57	1e3	0.07278120430107553
930	hard goal	57	1050	0.08773720430107541
930	hard goal	57	1100	0.12022603763440887
930	hard goal	57	1150	0.16359370430107548
930	hard goal	58	-200	0.021869576036866536
930	hard goal	58	-150	0.029980123655914143
930	hard goal	58	-100	0.015989456989247437
930	hard goal	58	-50	-0.013222543010752505
930	hard goal	58	0	-0.05826154301075256
930	hard goal	58	50	-0.10163837634408586
930	hard goal	58	100	-0.11481687634408592
930	hard goal	58	150	-0.1235745430107525
930	hard goal	58	200	-0.12995854301075252
930	hard goal	58	250	-0.13444087634408586
930	hard goal	58	300	-0.14774687634408581
930	hard goal	58	350	-0.1482525430107525
930	hard goal	58	400	-0.13194620967741919
930	hard goal	58	450	-0.11432570967741922
930	hard goal	58	500	-0.06834637634408591
930	hard goal	58	550	-0.01253104301075251
930	hard goal	58	600	0.04812879032258081
930	hard goal	58	650	0.09655979032258084
930	hard goal	58	700	0.13177295698924749
930	hard goal	58	750	0.12618829032258075
930	hard goal	58	800	0.11529595698924748
930	hard goal	58	850	0.09096412365591415
930	hard goal	58	900	0.08816562365591414
930	hard goal	58	950	0.08883695698924739
930	hard goal	58	1e3	0.09416445698924747
930	hard goal	58	1050	0.11900712365591419
930	hard goal	58	1100	0.1472876236559142
930	hard goal	58	1150	0.16390912365591417
930	hard goal	59	-200	NA
930	hard goal	59	-150	NA
930	hard goal	59	-100	NA
930	hard goal	59	-50	0.0010589166666665022
930	hard goal	59	0	-0.0010589166666667242
930	hard goal	59	50	-0.004906249999999964
930	hard goal	59	100	0.0012012499999998945
930	hard goal	59	150	0.006394916666666657
930	hard goal	59	200	-0.03584841666666675
930	hard goal	59	250	-0.06013825000000006
930	hard goal	59	300	-0.08168441666666675
930	hard goal	59	350	-0.10519091666666676
930	hard goal	59	400	-0.11909275000000008
930	hard goal	59	450	-0.1146327500000001
930	hard goal	59	500	-0.08463775000000018
930	hard goal	59	550	-0.062297750000000075
930	hard goal	59	600	-0.0019734166666666533
930	hard goal	59	650	0.04710174999999994
930	hard goal	59	700	0.08505374999999993
930	hard goal	59	750	0.07953558333333333
930	hard goal	59	800	0.08686391666666664
930	hard goal	59	850	0.06477208333333324
930	hard goal	59	900	0.03800058333333323
930	hard goal	59	950	0.03270908333333337
930	hard goal	59	1e3	-0.09437141666666671
930	hard goal	59	1050	NA
930	hard goal	59	1100	NA
930	hard goal	59	1150	NA
930	hard goal	60	-200	NA
930	hard goal	60	-150	NA
930	hard goal	60	-100	NA
930	hard goal	60	-50	NA
930	hard goal	60	0	0
930	hard goal	60	50	0.01124074999999991
930	hard goal	60	100	0.029145499999999897
930	hard goal	60	150	0.05182599999999997
930	hard goal	60	200	0.10216428571428564
930	hard goal	60	250	0.10419516666666657
930	hard goal	60	300	0.07469449999999996
930	hard goal	60	350	0.032104666666666594
930	hard goal	60	400	-0.0030804999999999674
930	hard goal	60	450	-0.024924333333333326
930	hard goal	60	500	-0.034869000000000115
930	hard goal	60	550	-0.036464666666666735
930	hard goal	60	600	-0.023645500000000135
930	hard goal	60	650	-6.983333333334674e-4
930	hard goal	60	700	0.017532333333333334
930	hard goal	60	750	0.06673033333333327
930	hard goal	60	800	0.09009533333333335
930	hard goal	60	850	0.07923816666666654
930	hard goal	60	900	0.058625166666666693
930	hard goal	60	950	0.02631899999999998
930	hard goal	60	1e3	0.006339833333333249
930	hard goal	60	1050	0.0034933333333333483
930	hard goal	60	1100	-5.716000000000499e-4
930	hard goal	60	1150	-0.25124499999999994
930	hard goal	61	-200	0.00994070967741927
930	hard goal	61	-150	0.008535543010752692
930	hard goal	61	-100	-0.00971262365591404
930	hard goal	61	-50	-0.006891956989247309
930	hard goal	61	0	-0.0035284569892473083
930	hard goal	61	50	0.004768376344085927
930	hard goal	61	100	0.01607870967741931
930	hard goal	61	150	0.04346054301075264
930	hard goal	61	200	0.07125304301075275
930	hard goal	61	250	0.08872987634408602
930	hard goal	61	300	0.12781904301075256
930	hard goal	61	350	0.12567137634408598
930	hard goal	61	400	0.17977587634408607
930	hard goal	61	450	0.18147120967741937
930	hard goal	61	500	0.20522704301075265
930	hard goal	61	550	0.2580870430107527
930	hard goal	61	600	0.27206804301075277
930	hard goal	61	650	0.30868987634408596
930	hard goal	61	700	0.3591625430107526
930	hard goal	61	750	0.3312741096774193
930	hard goal	61	800	0.08051770967741945
930	hard goal	61	850	NA
930	hard goal	61	900	NA
930	hard goal	61	950	0.113678376344086
930	hard goal	61	1e3	0.20874820967741928
930	hard goal	61	1050	0.22525587634408595
930	hard goal	61	1100	0.286840876344086
930	hard goal	61	1150	0.31350887634408603
930	hard goal	62	-200	0.011296788018433241
930	hard goal	62	-150	0.03356697849462368
930	hard goal	62	-100	0.023021145161290352
930	hard goal	62	-50	-0.003273521505376372
930	hard goal	62	0	-0.06649418817204289
930	hard goal	62	50	-0.11572852150537627
930	hard goal	62	100	-0.1556031881720429
930	hard goal	62	150	-0.19031985483870964
930	hard goal	62	200	-0.21225602150537629
930	hard goal	62	250	-0.24733202150537625
930	hard goal	62	300	-0.25382252150537626
930	hard goal	62	350	-0.2804268548387096
930	hard goal	62	400	-0.2512813548387096
930	hard goal	62	450	-0.24572685483870957
930	hard goal	62	500	-0.19811518817204296
930	hard goal	62	550	-0.13167702150537633
930	hard goal	62	600	-0.06118252150537636
930	hard goal	62	650	0.012946478494623678
930	hard goal	62	700	0.06346131182795707
930	hard goal	62	750	0.05096614516129039
930	hard goal	62	800	0.01692447849462379
930	hard goal	62	850	-0.04115985483870962
930	hard goal	62	900	-0.0462140215053762
930	hard goal	62	950	-0.04207868817204304
930	hard goal	62	1e3	-0.04913952150537626
930	hard goal	62	1050	-0.035691021505376286
930	hard goal	62	1100	-0.015122354838709606
930	hard goal	62	1150	0.01755897849462366
930	hard goal	63	-200	NA
930	hard goal	63	-150	-0.07173207826086943
930	hard goal	63	-100	0.0399846884057972
930	hard goal	63	-50	0.0013896884057972663
930	hard goal	63	0	0.018402355072463756
930	hard goal	63	50	-0.0022663115942027634
930	hard goal	63	100	7.852173913051412e-5
930	hard goal	63	150	-0.014903311594202773
930	hard goal	63	200	-0.025673478260869482
930	hard goal	63	250	-0.04702181159420279
930	hard goal	63	300	-0.0516041449275361
930	hard goal	63	350	-0.06515847826086947
930	hard goal	63	400	-0.06877681159420275
930	hard goal	63	450	-0.07146647826086938
930	hard goal	63	500	-0.052850978260869486
930	hard goal	63	550	-0.005398144927536134
930	hard goal	63	600	0.05853018840579723
930	hard goal	63	650	0.08510752173913061
930	hard goal	63	700	-0.17759847826086927
930	hard goal	63	750	NA
930	hard goal	63	800	NA
930	hard goal	63	850	NA
930	hard goal	63	900	-0.13815407826086945
930	hard goal	63	950	-0.0925498115942028
930	hard goal	63	1e3	0.03925752173913052
930	hard goal	63	1050	-0.01698664492753606
930	hard goal	63	1100	0.014384521739130518
930	hard goal	63	1150	0.14013318840579717
930	hard goal	64	-200	0.02906835944700457
930	hard goal	64	-150	0.00991147849462363
930	hard goal	64	-100	-0.009551688172043068
930	hard goal	64	-50	-0.010487354838709662
930	hard goal	64	0	-0.02378552150537631
930	hard goal	64	50	-0.025534688172043
930	hard goal	64	100	-0.048030188172043
930	hard goal	64	150	-0.03534068817204313
930	hard goal	64	200	-0.039266354838709695
930	hard goal	64	250	-0.02634018817204309
930	hard goal	64	300	-0.032348188172043026
930	hard goal	64	350	-0.0284578548387097
930	hard goal	64	400	-0.004634021505376469
930	hard goal	64	450	0.007283978494623551
930	hard goal	64	500	0.03148514516129045
930	hard goal	64	550	0.08641147849462365
930	hard goal	64	600	0.13283314516129038
930	hard goal	64	650	0.1684734784946237
930	hard goal	64	700	0.06589264516129045
930	hard goal	64	750	NA
930	hard goal	64	800	NA
930	hard goal	64	850	-0.22847885483870956
930	hard goal	64	900	-0.10983835483870967
930	hard goal	64	950	-0.11285768817204289
930	hard goal	64	1e3	-0.07126802150537632
930	hard goal	64	1050	-0.01649352150537638
930	hard goal	64	1100	0.028501145161290282
930	hard goal	64	1150	0.06254531182795708
930	hard goal	65	-200	-0.006263566666666831
930	hard goal	65	-150	0.004763933333333211
930	hard goal	65	-100	-3.0806666666668053e-4
930	hard goal	65	-50	0.0031412666666665126
930	hard goal	65	0	-0.001333566666666804
930	hard goal	65	50	4.7909999999995456e-4
930	hard goal	65	100	0.0030059333333332106
930	hard goal	65	150	0.007543266666666455
930	hard goal	65	200	0.03452326666666653
930	hard goal	65	250	0.06275759999999986
930	hard goal	65	300	0.08056009999999987
930	hard goal	65	350	0.0978512666666665
930	hard goal	65	400	0.09476976666666655
930	hard goal	65	450	0.09802976666666659
930	hard goal	65	500	0.10486793333333318
930	hard goal	65	550	0.10342726666666646
930	hard goal	65	600	0.11697126666666653
930	hard goal	65	650	0.17228143333333326
930	hard goal	65	700	0.22170976666666653
930	hard goal	65	750	0.2635900999999998
930	hard goal	65	800	0.27370443333333316
930	hard goal	65	850	0.10529226666666647
930	hard goal	65	900	NA
930	hard goal	65	950	NA
930	hard goal	65	1e3	NA
930	hard goal	65	1050	NA
930	hard goal	65	1100	NA
930	hard goal	65	1150	NA
930	hard goal	66	-200	-0.005984199999999958
930	hard goal	66	-150	-0.004536699999999912
930	hard goal	66	-100	-0.015769866666666504
930	hard goal	66	-50	0.003383300000000089
930	hard goal	66	0	0.022907466666666876
930	hard goal	66	50	0.05009673333333335
930	hard goal	66	100	0.06281696666666677
930	hard goal	66	150	0.0839441333333335
930	hard goal	66	200	0.07834396666666683
930	hard goal	66	250	0.06579530000000007
930	hard goal	66	300	0.05875746666666674
930	hard goal	66	350	0.03883033333333339
930	hard goal	66	400	0.01112330000000017
930	hard goal	66	450	-0.00830686666666658
930	hard goal	66	500	0.006823966666666885
930	hard goal	66	550	0.02719613333333341
930	hard goal	66	600	0.06637346666666673
930	hard goal	66	650	0.12116280000000008
930	hard goal	66	700	0.1591764666666667
930	hard goal	66	750	0.18642630000000016
930	hard goal	66	800	0.16804713333333346
930	hard goal	66	850	0.15598746666666674
930	hard goal	66	900	0.14299630000000016
930	hard goal	66	950	-0.18370386666666638
930	hard goal	66	1e3	NA
930	hard goal	66	1050	NA
930	hard goal	66	1100	-0.05584386666666652
930	hard goal	66	1150	0.19946433333333352
930	hard goal	67	-200	0.008225751152073801
930	hard goal	67	-150	0.011521655913978579
930	hard goal	67	-100	0.009797155913978525
930	hard goal	67	-50	-0.003202510752687996
930	hard goal	67	0	-0.02771301075268795
930	hard goal	67	50	-0.04775384408602146
930	hard goal	67	100	-0.07240334408602138
930	hard goal	67	150	-0.09446684408602146
930	hard goal	67	200	-0.10978301075268804
930	hard goal	67	250	-0.11066017741935474
930	hard goal	67	300	-0.12787234408602152
930	hard goal	67	350	-0.11817817741935481
930	hard goal	67	400	-0.09705884408602139
930	hard goal	67	450	-0.08178651075268813
930	hard goal	67	500	-0.04227951075268802
930	hard goal	67	550	0.00901932258064527
930	hard goal	67	600	0.05631065591397869
930	hard goal	67	650	0.0983634892473119
930	hard goal	67	700	0.029091322580645153
930	hard goal	67	750	NA
930	hard goal	67	800	NA
930	hard goal	67	850	NA
930	hard goal	67	900	-0.3288436774193547
930	hard goal	67	950	-0.12943787741935475
930	hard goal	67	1e3	-0.06526839170506905
930	hard goal	67	1050	-0.09450934408602141
930	hard goal	67	1100	-0.08182901075268807
930	hard goal	67	1150	-0.04648234408602144
930	hard goal	68	-200	0.00669439170506912
930	hard goal	68	-150	-0.006887489247311862
930	hard goal	68	-100	-0.010919155913978592
930	hard goal	68	-50	-0.004563322580645179
930	hard goal	68	0	0.014559844086021437
930	hard goal	68	50	0.028449344086021473
930	hard goal	68	100	0.0394916774193547
930	hard goal	68	150	0.054429177419354824
930	hard goal	68	200	0.05089101075268809
930	hard goal	68	250	0.07078134408602144
930	hard goal	68	300	0.06938251075268805
930	hard goal	68	350	0.07755001075268808
930	hard goal	68	400	0.08889434408602148
930	hard goal	68	450	0.08685451075268813
930	hard goal	68	500	0.1039543440860214
930	hard goal	68	550	0.10968601075268809
930	hard goal	68	600	0.13120051075268813
930	hard goal	68	650	0.14452867741935474
930	hard goal	68	700	0.15054751075268805
930	hard goal	68	750	0.16959584408602146
930	hard goal	68	800	0.13325817741935464
930	hard goal	68	850	NA
930	hard goal	68	900	-0.018105322580645122
930	hard goal	68	950	0.08615601075268813
930	hard goal	68	1e3	0.17316684408602145
930	hard goal	68	1050	0.15682467741935482
930	hard goal	68	1100	0.14539551075268808
930	hard goal	68	1150	0.1195598440860215
930	hard goal	69	-200	0.039901543778802014
930	hard goal	69	-150	0.013557258064516317
930	hard goal	69	-100	-0.004621241935483633
930	hard goal	69	-50	-0.018356408602150303
930	hard goal	69	0	-0.03713140860215036
930	hard goal	69	50	-0.06630640860215038
930	hard goal	69	100	-0.07940707526881703
930	hard goal	69	150	-0.0694462419354837
930	hard goal	69	200	-0.05940124193548361
930	hard goal	69	250	-0.040682075268817064
930	hard goal	69	300	-0.06231324193548363
930	hard goal	69	350	-0.05273974193548366
930	hard goal	69	400	-0.08582990860215027
930	hard goal	69	450	-0.09516740860215027
930	hard goal	69	500	-0.0682457419354836
930	hard goal	69	550	-0.04146657526881703
930	hard goal	69	600	0.028351091397849675
930	hard goal	69	650	0.10627742473118307
930	hard goal	69	700	0.13340175806451646
930	hard goal	69	750	0.10895875806451638
930	hard goal	69	800	NA
930	hard goal	69	850	NA
930	hard goal	69	900	NA
930	hard goal	69	950	NA
930	hard goal	69	1e3	NA
930	hard goal	69	1050	0.09286305806451631
930	hard goal	69	1100	0.17094542473118302
930	hard goal	69	1150	0.2328465913978497
930	hard goal	70	-200	0.01688627188940111
930	hard goal	70	-150	0.02044162903225814
930	hard goal	70	-100	0.0026031290322581224
930	hard goal	70	-50	-0.013978204301075067
930	hard goal	70	0	-0.028767204301075083
930	hard goal	70	50	-0.03985837096774173
930	hard goal	70	100	-0.02938653763440846
930	hard goal	70	150	-0.05840853763440849
930	hard goal	70	200	-0.05588420430107514
930	hard goal	70	250	-0.05518287096774177
930	hard goal	70	300	-0.07386603763440847
930	hard goal	70	350	-0.07913520430107512
930	hard goal	70	400	-0.10232253763440842
930	hard goal	70	450	-0.0998032043010751
930	hard goal	70	500	-0.09645020430107525
930	hard goal	70	550	-0.06979637096774183
930	hard goal	70	600	-0.04122137096774189
930	hard goal	70	650	-0.010167370967741821
930	hard goal	70	700	0.023675129032258102
930	hard goal	70	750	0.03172596236559152
930	hard goal	70	800	0.04060746236559143
930	hard goal	70	850	-0.017989870967741666
930	hard goal	70	900	NA
930	hard goal	70	950	NA
930	hard goal	70	1e3	-0.22329862096774178
930	hard goal	70	1050	-0.04536453763440851
930	hard goal	70	1100	0.05773779569892482
930	hard goal	70	1150	0.0965581290322582
930	hard goal	71	-200	0.03269023041474669
930	hard goal	71	-150	0.04308234946236563
930	hard goal	71	-100	0.007717682795699139
930	hard goal	71	-50	-0.0310001505376342
930	hard goal	71	0	-0.05793848387096756
930	hard goal	71	50	-0.07602698387096758
930	hard goal	71	100	-0.11692431720430092
930	hard goal	71	150	-0.13077165053763432
930	hard goal	71	200	-0.1397001505376343
930	hard goal	71	250	-0.14736781720430084
930	hard goal	71	300	-0.1376624838709676
930	hard goal	71	350	-0.12897315053763414
930	hard goal	71	400	-0.11003431720430094
930	hard goal	71	450	-0.07077398387096756
930	hard goal	71	500	-0.038491150537634265
930	hard goal	71	550	0.020249849462365743
930	hard goal	71	600	0.08549001612903247
930	hard goal	71	650	0.14925634946236577
930	hard goal	71	700	0.12885651612903248
930	hard goal	71	750	NA
930	hard goal	71	800	NA
930	hard goal	71	850	NA
930	hard goal	71	900	NA
930	hard goal	71	950	-0.07743998387096762
930	hard goal	71	1e3	0.037339916129032515
930	hard goal	71	1050	0.002024182795699122
930	hard goal	71	1100	0.05807168279569915
930	hard goal	71	1150	0.16984301612903238
930	hard goal	72	-200	-0.004095096774193507
930	hard goal	72	-150	0.009234569892473177
930	hard goal	72	-100	0.023545069892473142
930	hard goal	72	-50	-0.0163035967741935
930	hard goal	72	0	-0.011698430107526914
930	hard goal	72	50	0.0067897365591397625
930	hard goal	72	100	-0.0016590967741934766
930	hard goal	72	150	0.002243903225806365
930	hard goal	72	200	0.007081236559139799
930	hard goal	72	250	-0.006503930107526849
930	hard goal	72	300	0.017138236559139708
930	hard goal	72	350	0.01930590322580657
930	hard goal	72	400	0.03596840322580652
930	hard goal	72	450	0.06404390322580651
930	hard goal	72	500	0.10125956989247313
930	hard goal	72	550	0.15793490322580647
930	hard goal	72	600	0.2024805698924732
930	hard goal	72	650	0.2412762365591398
930	hard goal	72	700	0.2364135698924731
930	hard goal	72	750	0.21099523655913988
930	hard goal	72	800	0.07940140322580636
930	hard goal	72	850	NA
930	hard goal	72	900	NA
930	hard goal	72	950	-0.09727309677419349
930	hard goal	72	1e3	0.0031100698924730885
930	hard goal	72	1050	0.05994923655913972
930	hard goal	72	1100	0.06876073655913977
930	hard goal	72	1150	0.08451673655913979
930	hard goal	73	-200	0.010504105990783521
930	hard goal	73	-150	-8.182258064507823e-5
930	hard goal	73	-100	0.004852677419354912
930	hard goal	73	-50	-0.012192322580645213
930	hard goal	73	0	-0.004833322580645098
930	hard goal	73	50	-0.016631155913978457
930	hard goal	73	100	-0.2132573225806449
930	hard goal	73	150	NA
930	hard goal	73	200	NA
930	hard goal	73	250	-0.042260072580645125
930	hard goal	73	300	-0.006415322580645218
930	hard goal	73	350	-0.011874155913978482
930	hard goal	73	400	0.011164677419354932
930	hard goal	73	450	0.04137051075268827
930	hard goal	73	500	0.08055401075268824
930	hard goal	73	550	0.11964651075268828
930	hard goal	73	600	0.17745484408602152
930	hard goal	73	650	0.18619384408602158
930	hard goal	73	700	0.24238267741935493
930	hard goal	73	750	0.2814380107526883
930	hard goal	73	800	0.3071033440860215
930	hard goal	73	850	0.29037134408602144
930	hard goal	73	900	0.26340734408602157
930	hard goal	73	950	0.25458251075268823
930	hard goal	73	1e3	0.23594884408602157
930	hard goal	73	1050	0.2227783440860215
930	hard goal	73	1100	0.21806834408602152
930	hard goal	73	1150	0.21320167741935495
930	hard goal	74	-200	0.03834182027649792
930	hard goal	74	-150	4.498440860216668e-4
930	hard goal	74	-100	-0.003954489247311714
930	hard goal	74	-50	-0.01334515591397826
930	hard goal	74	0	-0.027882322580644974
930	hard goal	74	50	-0.026915322580645034
930	hard goal	74	100	-0.03192998924731172
930	hard goal	74	150	-0.026703155913978243
930	hard goal	74	200	-0.0270906559139783
930	hard goal	74	250	-0.037950322580644937
930	hard goal	74	300	-0.04017715591397838
930	hard goal	74	350	-0.04160765591397827
930	hard goal	74	400	-0.040361989247311714
930	hard goal	74	450	-0.02787498924731165
930	hard goal	74	500	-0.0025193225806450226
930	hard goal	74	550	0.022543677419355035
930	hard goal	74	600	0.09355567741935504
930	hard goal	74	650	0.15176901075268842
930	hard goal	74	700	0.18611084408602166
930	hard goal	74	750	0.21529267741935496
930	hard goal	74	800	0.19838051075268837
930	hard goal	74	850	0.1755623440860218
930	hard goal	74	900	0.15473967741935502
930	hard goal	74	950	0.1434435107526885
930	hard goal	74	1e3	-0.03896732258064506
930	hard goal	74	1050	NA
930	hard goal	74	1100	NA
930	hard goal	74	1150	NA
930	hard goal	75	-200	NA
930	hard goal	75	-150	NA
930	hard goal	75	-100	NA
930	hard goal	75	-50	NA
930	hard goal	75	0	0
930	hard goal	75	50	0.024095250000000012
930	hard goal	75	100	0.056938857142857166
930	hard goal	75	150	0.07774133333333344
930	hard goal	75	200	0.0833185
930	hard goal	75	250	0.060364000000000084
930	hard goal	75	300	0.028356166666666738
930	hard goal	75	350	0.01037599999999994
930	hard goal	75	400	-2.0849999999998184e-4
930	hard goal	75	450	-0.0029618333333332933
930	hard goal	75	500	0.01384016666666669
930	hard goal	75	550	0.06748133333333343
930	hard goal	75	600	0.11681800000000002
930	hard goal	75	650	0.1541336666666667
930	hard goal	75	700	0.2094746666666667
930	hard goal	75	750	0.22539950000000006
930	hard goal	75	800	0.22834583333333333
930	hard goal	75	850	0.2204006666666667
930	hard goal	75	900	0.23763183333333338
930	hard goal	75	950	0.25378500000000015
930	hard goal	75	1e3	0.26849283333333346
930	hard goal	75	1050	0.2934643333333333
930	hard goal	75	1100	0.3252351666666667
930	hard goal	75	1150	0.3593656666666667
930	hard goal	76	-200	0.007630539170506838
930	hard goal	76	-150	-0.0028893655913978153
930	hard goal	76	-100	-0.0025601989247311754
930	hard goal	76	-50	-0.011192532258064528
930	hard goal	76	0	0.0077398010752688
930	hard goal	76	50	0.003730301075268875
930	hard goal	76	100	0.0043018010752688225
930	hard goal	76	150	0.010622967741935533
930	hard goal	76	200	0.006685967741935454
930	hard goal	76	250	-0.009582698924731181
930	hard goal	76	300	-0.015197032258064569
930	hard goal	76	350	-0.0472783655913979
930	hard goal	76	400	-0.06349153225806455
930	hard goal	76	450	-0.017633032258064674
930	hard goal	76	500	-0.014402698924731228
930	hard goal	76	550	0.0078137177419354
930	hard goal	76	600	0.04048396774193552
930	hard goal	76	650	0.07253496774193549
930	hard goal	76	700	0.054647567741935445
930	hard goal	76	750	NA
930	hard goal	76	800	NA
930	hard goal	76	850	NA
930	hard goal	76	900	-0.0880260322580646
930	hard goal	76	950	-0.018123032258064553
930	hard goal	76	1e3	-0.03761653225806446
930	hard goal	76	1050	-0.061936832258064636
930	hard goal	76	1100	NA
930	hard goal	76	1150	NA
930	hard goal	77	-200	0.02012128571428581
930	hard goal	77	-150	0.028100333333333467
930	hard goal	77	-100	0.0017373333333334056
930	hard goal	77	-50	-0.021486166666666584
930	hard goal	77	0	-0.03182633333333329
930	hard goal	77	50	-0.012344999999999903
930	hard goal	77	100	-0.012292166666666585
930	hard goal	77	150	-1.2333333333325314e-4
930	hard goal	77	200	0.032129000000000074
930	hard goal	77	250	0.04925266666666683
930	hard goal	77	300	0.07319500000000005
930	hard goal	77	350	0.08304850000000008
930	hard goal	77	400	0.09115650000000008
930	hard goal	77	450	0.12686416666666678
930	hard goal	77	500	0.14340600000000023
930	hard goal	77	550	0.20026483333333345
930	hard goal	77	600	0.2464991666666668
930	hard goal	77	650	0.08381499999999997
930	hard goal	77	700	NA
930	hard goal	77	750	NA
930	hard goal	77	800	NA
930	hard goal	77	850	NA
930	hard goal	77	900	NA
930	hard goal	77	950	0.10300900000000002
930	hard goal	77	1e3	0.20701650000000016
930	hard goal	77	1050	0.23775450000000017
930	hard goal	77	1100	0.2831470000000001
930	hard goal	77	1150	0.3500010000000002
930	hard goal	78	-200	5.5547004608287e-4
930	hard goal	78	-150	-0.0013282204301076443
930	hard goal	78	-100	-0.006935053763440872
930	hard goal	78	-50	-0.003480553763440808
930	hard goal	78	0	0.01109577956989242
930	hard goal	78	50	0.027821279569892443
930	hard goal	78	100	0.056249946236559024
930	hard goal	78	150	0.07859577956989239
930	hard goal	78	200	0.1074484462365591
930	hard goal	78	250	0.13176927956989246
930	hard goal	78	300	0.1535731129032257
930	hard goal	78	350	0.19948677956989247
930	hard goal	78	400	0.2254446129032258
930	hard goal	78	450	0.27720527956989244
930	hard goal	78	500	0.31555861290322573
930	hard goal	78	550	0.35337211290322584
930	hard goal	78	600	0.406990446236559
930	hard goal	78	650	0.3735056129032257
930	hard goal	78	700	NA
930	hard goal	78	750	NA
930	hard goal	78	800	NA
930	hard goal	78	850	NA
930	hard goal	78	900	0.2919336129032257
930	hard goal	78	950	0.31450611290322583
930	hard goal	78	1e3	0.3903752795698925
930	hard goal	78	1050	0.45378211290322573
930	hard goal	78	1100	0.5236477795698925
930	hard goal	78	1150	0.5771732795698924
930	hard goal	79	-200	-0.014534576036866411
930	hard goal	79	-150	-0.03327529032258066
930	hard goal	79	-100	-0.017951456989247383
930	hard goal	79	-50	0.03507137634408589
930	hard goal	79	0	0.03311237634408607
930	hard goal	79	50	0.03443037634408593
930	hard goal	79	100	0.042151376344085945
930	hard goal	79	150	0.09348620967741932
930	hard goal	79	200	0.07324570967741935
930	hard goal	79	250	0.03839637634408599
930	hard goal	79	300	-0.014308956989247315
930	hard goal	79	350	-0.04878195698924744
930	hard goal	79	400	-0.05460195698924738
930	hard goal	79	450	-0.017453956989247194
930	hard goal	79	500	-0.002897623655914098
930	hard goal	79	550	0.01430437634408599
930	hard goal	79	600	0.07411754301075264
930	hard goal	79	650	0.07241670967741931
930	hard goal	79	700	NA
930	hard goal	79	750	NA
930	hard goal	79	800	NA
930	hard goal	79	850	NA
930	hard goal	79	900	NA
930	hard goal	79	950	NA
930	hard goal	79	1e3	NA
930	hard goal	79	1050	0.030384209677419394
930	hard goal	79	1100	-0.05670829032258062
930	hard goal	79	1150	NA
930	hard goal	80	-200	7.625666666667789e-4
930	hard goal	80	-150	3.305666666665689e-4
930	hard goal	80	-100	-0.004157933333333326
930	hard goal	80	-50	0.002957066666666656
930	hard goal	80	0	1.0773333333332265e-4
930	hard goal	80	50	-0.039729433333333265
930	hard goal	80	100	-0.1169465999999999
930	hard goal	80	150	-0.15966493333333331
930	hard goal	80	200	-0.15127759999999993
930	hard goal	80	250	-0.19299326666666664
930	hard goal	80	300	-0.17437343333333324
930	hard goal	80	350	-0.20688926666666663
930	hard goal	80	400	-0.20513059999999994
930	hard goal	80	450	-0.16592526666666663
930	hard goal	80	500	-0.1457377666666666
930	hard goal	80	550	-0.08530359999999997
930	hard goal	80	600	-0.02477476666666667
930	hard goal	80	650	0.031188566666666622
930	hard goal	80	700	0.09015656666666667
930	hard goal	80	750	0.11896523333333324
930	hard goal	80	800	0.1373690666666667
930	hard goal	80	850	0.1575667333333334
930	hard goal	80	900	0.061007066666666665
930	hard goal	80	950	0.009124566666666611
930	hard goal	80	1e3	-0.03967643333333334
930	hard goal	80	1050	-0.06757993333333327
930	hard goal	80	1100	-0.04177026666666669
930	hard goal	80	1150	-0.1418209333333332
930	hard goal	81	-200	0.02394757142857129
930	hard goal	81	-150	0.027338333333333242
930	hard goal	81	-100	0.013998999999999873
930	hard goal	81	-50	-0.015354833333333465
930	hard goal	81	0	-0.05392133333333341
930	hard goal	81	50	-0.08344433333333345
930	hard goal	81	100	-0.1164931666666668
930	hard goal	81	150	-0.11809800000000019
930	hard goal	81	200	-0.10988716666666691
930	hard goal	81	250	-0.1141611666666668
930	hard goal	81	300	-0.11475183333333343
930	hard goal	81	350	-0.11035616666666681
930	hard goal	81	400	-0.07617800000000015
930	hard goal	81	450	-0.03621666666666686
930	hard goal	81	500	0.00748499999999989
930	hard goal	81	550	0.062148666666666554
930	hard goal	81	600	0.11265383333333319
930	hard goal	81	650	0.16034366666666652
930	hard goal	81	700	0.20327583333333318
930	hard goal	81	750	0.22596616666666658
930	hard goal	81	800	0.20567366666666662
930	hard goal	81	850	0.19462333333333315
930	hard goal	81	900	0.18400883333333318
930	hard goal	81	950	0.13938549999999994
930	hard goal	81	1e3	0.1359191666666666
930	hard goal	81	1050	0.14826266666666651
930	hard goal	81	1100	-0.0014640000000001319
930	hard goal	81	1150	NA
930	hard goal	82	-200	-0.006788211981566761
930	hard goal	82	-150	-0.00109002150537633
930	hard goal	82	-100	0.006642311827957048
930	hard goal	82	-50	0.006314978494623702
930	hard goal	82	0	-0.0039476881720429775
930	hard goal	82	50	-0.02892585483870976
930	hard goal	82	100	-0.05511835483870967
930	hard goal	82	150	-0.07551702150537627
930	hard goal	82	200	-0.08556668817204294
930	hard goal	82	250	-0.10383085483870969
930	hard goal	82	300	-0.09632968817204302
930	hard goal	82	350	-0.08217052150537629
930	hard goal	82	400	-0.058188521505376345
930	hard goal	82	450	-0.019495521505376256
930	hard goal	82	500	0.018007978494623728
930	hard goal	82	550	0.07428197849462374
930	hard goal	82	600	0.06787714516129051
930	hard goal	82	650	NA
930	hard goal	82	700	NA
930	hard goal	82	750	NA
930	hard goal	82	800	NA
930	hard goal	82	850	0.18370714516129039
930	hard goal	82	900	0.2724836451612904
930	hard goal	82	950	0.2901926451612904
930	hard goal	82	1e3	0.31539047849462376
930	hard goal	82	1050	0.3385244784946237
930	hard goal	82	1100	0.36400681182795713
930	hard goal	82	1150	0.3756343118279571
930	hard goal	83	-200	4.423640552994205e-4
930	hard goal	83	-150	0.0058444354838707024
930	hard goal	83	-100	0.022814935483870775
930	hard goal	83	-50	-0.0017797311827959887
930	hard goal	83	0	-0.027395731182795924
930	hard goal	83	50	-0.032920231182795856
930	hard goal	83	100	-0.03684923118279585
930	hard goal	83	150	-0.04269523118279587
930	hard goal	83	200	-0.044222731182795925
930	hard goal	83	250	-0.040091564516129274
930	hard goal	83	300	-0.04868239784946252
930	hard goal	83	350	-0.02102473118279587
930	hard goal	83	400	-0.031478897849462596
930	hard goal	83	450	-0.025438731182795937
930	hard goal	83	500	0.014750602150537398
930	hard goal	83	550	0.08292343548387067
930	hard goal	83	600	0.08593843548387081
930	hard goal	83	650	0.14282243548387075
930	hard goal	83	700	0.15964160215053744
930	hard goal	83	750	0.17918293548387076
930	hard goal	83	800	0.21011443548387074
930	hard goal	83	850	0.21192143548387077
930	hard goal	83	900	0.19012593548387077
930	hard goal	83	950	0.24613576881720403
930	hard goal	83	1e3	0.25867526881720404
930	hard goal	83	1050	0.28611110215053737
930	hard goal	83	1100	0.2961817688172041
930	hard goal	83	1150	0.3332236021505375
930	hard goal	84	-200	0.014900834101382479
930	hard goal	84	-150	-0.0020462849462364505
930	hard goal	84	-100	-0.0040301182795698205
930	hard goal	84	-50	-0.005696618279569909
930	hard goal	84	0	-0.0056112849462364904
930	hard goal	84	50	-0.003427118279569837
930	hard goal	84	100	-0.012369451612903223
930	hard goal	84	150	0.005431381720430191
930	hard goal	84	200	0.01499421505376349
930	hard goal	84	250	0.015479215053763559
930	hard goal	84	300	0.022337048387096898
930	hard goal	84	350	0.01666371505376348
930	hard goal	84	400	0.02451521505376353
930	hard goal	84	450	0.03265304838709674
930	hard goal	84	500	0.05126021505376355
930	hard goal	84	550	0.07164204838709683
930	hard goal	84	600	0.0851092150537635
930	hard goal	84	650	0.13651188172043027
930	hard goal	84	700	0.17038871505376352
930	hard goal	84	750	0.19876221505376349
930	hard goal	84	800	0.20638704838709687
930	hard goal	84	850	0.19002638172043018
930	hard goal	84	900	0.1574100483870969
930	hard goal	84	950	0.1277578817204302
930	hard goal	84	1e3	0.09674738172043022
930	hard goal	84	1050	0.09057821505376358
930	hard goal	84	1100	0.09267621505376344
930	hard goal	84	1150	0.0893408817204302
930	hard goal	85	-200	-0.09271326728110584
930	hard goal	85	-150	-0.006614005376344083
930	hard goal	85	-100	0.01854416129032262
930	hard goal	85	-50	0.04399082795698931
930	hard goal	85	0	0.052244494623655914
930	hard goal	85	50	0.07458699462365599
930	hard goal	85	100	0.08673316129032267
930	hard goal	85	150	0.08329332795698934
930	hard goal	85	200	0.07895216129032263
930	hard goal	85	250	0.0818156612903227
930	hard goal	85	300	0.10410149462365588
930	hard goal	85	350	0.1183671612903227
930	hard goal	85	400	0.15770432795698933
930	hard goal	85	450	0.19435566129032278
930	hard goal	85	500	0.23454432795698935
930	hard goal	85	550	0.29342116129032264
930	hard goal	85	600	0.34896749462365606
930	hard goal	85	650	0.4006266612903227
930	hard goal	85	700	0.1172481612903229
930	hard goal	85	750	NA
930	hard goal	85	800	NA
930	hard goal	85	850	0.3574701612903226
930	hard goal	85	900	0.4557863612903227
930	hard goal	85	950	0.49957999462365593
930	hard goal	85	1e3	0.468573494623656
930	hard goal	85	1050	0.5051583279569893
930	hard goal	85	1100	0.5259151612903227
930	hard goal	85	1150	0.5147438279569894
930	hard goal	86	-200	0.07677562637362653
930	hard goal	86	-150	0.008863769230769444
930	hard goal	86	-100	NA
930	hard goal	86	-50	NA
930	hard goal	86	0	-0.18800689743589727
930	hard goal	86	50	-0.06692356410256384
930	hard goal	86	100	0.01414160256410272
930	hard goal	86	150	0.09378693589743607
930	hard goal	86	200	0.13572243589743604
930	hard goal	86	250	0.16104693589743616
930	hard goal	86	300	0.17391460256410274
930	hard goal	86	350	0.16314193589743606
930	hard goal	86	400	0.1574479358974361
930	hard goal	86	450	0.12231993589743621
930	hard goal	86	500	0.09924576923076948
930	hard goal	86	550	0.12009910256410279
930	hard goal	86	600	0.14197326923076936
930	hard goal	86	650	0.14478226923076942
930	hard goal	86	700	0.1970242692307694
930	hard goal	86	750	0.24029843589743613
930	hard goal	86	800	0.26767060256410274
930	hard goal	86	850	0.2761232692307694
930	hard goal	86	900	0.24865460256410285
930	hard goal	86	950	0.1775355692307694
930	hard goal	86	1e3	NA
930	hard goal	86	1050	NA
930	hard goal	86	1100	NA
930	hard goal	86	1150	NA
930	hard goal	87	-200	0.01609054377880183
930	hard goal	87	-150	0.012460258064516042
930	hard goal	87	-100	5.854247311828006e-4
930	hard goal	87	-50	-0.008418241935483831
930	hard goal	87	0	-0.023399741935483814
930	hard goal	87	50	-0.02028840860215057
930	hard goal	87	100	-0.007602408602150594
930	hard goal	87	150	-0.0224570752688172
930	hard goal	87	200	-0.015303408602150403
930	hard goal	87	250	-0.009289075268817282
930	hard goal	87	300	-0.052686741935483804
930	hard goal	87	350	-0.07992857526881718
930	hard goal	87	400	-0.07601540860215057
930	hard goal	87	450	-0.06733757526881723
930	hard goal	87	500	-0.07405524193548392
930	hard goal	87	550	-0.0646484086021506
930	hard goal	87	600	-0.03006390860215058
930	hard goal	87	650	0.007604091397849455
930	hard goal	87	700	0.03850725806451605
930	hard goal	87	750	0.07362942473118268
930	hard goal	87	800	-0.010707741935483886
930	hard goal	87	850	NA
930	hard goal	87	900	NA
930	hard goal	87	950	NA
930	hard goal	87	1e3	-0.19759524193548383
930	hard goal	87	1050	-0.12356240860215044
930	hard goal	87	1100	-0.03413424193548383
930	hard goal	87	1150	0.012176424731182781
930	hard goal	88	-200	0.025986202764977064
930	hard goal	88	-150	0.00504927419354854
930	hard goal	88	-100	-0.028609392473118184
930	hard goal	88	-50	-0.006991892473118266
930	hard goal	88	0	2.347741935484482e-4
930	hard goal	88	50	7.129408602152646e-4
930	hard goal	88	100	0.021507440860215166
930	hard goal	88	150	0.04193927419354848
930	hard goal	88	200	0.02129060752688187
930	hard goal	88	250	0.048870940860215116
930	hard goal	88	300	0.05230010752688178
930	hard goal	88	350	0.04166194086021502
930	hard goal	88	400	0.06892360752688176
930	hard goal	88	450	0.055314440860215086
930	hard goal	88	500	0.037547774193548454
930	hard goal	88	550	0.056146440860215176
930	hard goal	88	600	0.07888360752688188
930	hard goal	88	650	0.13372610752688177
930	hard goal	88	700	0.15869810752688177
930	hard goal	88	750	0.1588561075268818
930	hard goal	88	800	0.09911427419354846
930	hard goal	88	850	-0.2078247258064514
930	hard goal	88	900	NA
930	hard goal	88	950	NA
930	hard goal	88	1e3	NA
930	hard goal	88	1050	NA
930	hard goal	88	1100	-0.10861122580645155
930	hard goal	88	1150	-0.020740892473118205
930	hard goal	89	-200	0.00503316129032256
930	hard goal	89	-150	0.001916161290322534
930	hard goal	89	-100	-0.005961838709677518
930	hard goal	89	-50	0.005835827956989226
930	hard goal	89	0	-0.0076621720430107105
930	hard goal	89	50	-0.02510683870967741
930	hard goal	89	100	-0.045030505376344086
930	hard goal	89	150	-0.05312617204301066
930	hard goal	89	200	-0.048629672043010753
930	hard goal	89	250	-0.04982483870967743
930	hard goal	89	300	-0.05316850537634399
930	hard goal	89	350	-0.047131838709677444
930	hard goal	89	400	-0.03298717204301068
930	hard goal	89	450	-0.03615400537634398
930	hard goal	89	500	-0.023017672043010712
930	hard goal	89	550	0.004153994623655881
930	hard goal	89	600	0.03724066129032266
930	hard goal	89	650	0.08626949462365589
930	hard goal	89	700	0.14958882795698933
930	hard goal	89	750	0.1812911612903226
930	hard goal	89	800	0.19947599462365587
930	hard goal	89	850	0.22963866129032265
930	hard goal	89	900	0.10017249462365596
930	hard goal	89	950	NA
930	hard goal	89	1e3	NA
930	hard goal	89	1050	NA
930	hard goal	89	1100	NA
930	hard goal	89	1150	0.2805206612903226
930	hard goal	90	-200	0.028170115207373354
930	hard goal	90	-150	0.018183591397849568
930	hard goal	90	-100	0.001199424731182915
930	hard goal	90	-50	-0.015679741935483864
930	hard goal	90	0	-0.036568408602150416
930	hard goal	90	50	-0.04992174193548382
930	hard goal	90	100	-0.051704908602150455
930	hard goal	90	150	-0.0529184086021505
930	hard goal	90	200	-0.07689090860215046
930	hard goal	90	250	-0.0922887419354838
930	hard goal	90	300	-0.08835757526881705
930	hard goal	90	350	-0.06445724193548386
930	hard goal	90	400	NA
930	hard goal	90	450	NA
930	hard goal	90	500	-0.03184794193548379
930	hard goal	90	550	-0.007275575268817096
930	hard goal	90	600	0.03304075806451615
930	hard goal	90	650	0.09962359139784953
930	hard goal	90	700	0.1528320913978495
930	hard goal	90	750	0.17652159139784965
930	hard goal	90	800	0.19132875806451613
930	hard goal	90	850	0.16809992473118282
930	hard goal	90	900	0.1714100913978495
930	hard goal	90	950	0.06956675806451618
930	hard goal	90	1e3	NA
930	hard goal	90	1050	NA
930	hard goal	90	1100	NA
930	hard goal	90	1150	NA
930	hard goal	91	-200	0.010643500000000175
930	hard goal	91	-150	0.006431000000000149
930	hard goal	91	-100	-0.005636999999999818
930	hard goal	91	-50	0.0018038333333335228
930	hard goal	91	0	-0.013241333333333069
930	hard goal	91	50	8.968333333334577e-4
930	hard goal	91	100	0.014925666666666984
930	hard goal	91	150	0.01635200000000007
930	hard goal	91	200	0.01049716666666689
930	hard goal	91	250	-0.04491549999999981
930	hard goal	91	300	-0.07091333333333316
930	hard goal	91	350	-0.03273449999999981
930	hard goal	91	400	-0.005569666666666399
930	hard goal	91	450	-0.010890499999999692
930	hard goal	91	500	-0.0401081666666665
930	hard goal	91	550	-0.03756733333333321
930	hard goal	91	600	-0.030498166666666455
930	hard goal	91	650	-0.015960666666666512
930	hard goal	91	700	0.01226016666666685
930	hard goal	91	750	0.03300383333333349
930	hard goal	91	800	0.07609766666666684
930	hard goal	91	850	0.09682616666666677
930	hard goal	91	900	0.09231866666666681
930	hard goal	91	950	0.06671300000000024
930	hard goal	91	1e3	0.03615800000000021
930	hard goal	91	1050	-0.060830266666666424
930	hard goal	91	1100	NA
930	hard goal	91	1150	NA
930	hard goal	93	-200	0.0017749670329670739
930	hard goal	93	-150	-0.1607544615384615
930	hard goal	93	-100	NA
930	hard goal	93	-50	NA
930	hard goal	93	0	0.0296659384615384
930	hard goal	93	50	0.10126837179487184
930	hard goal	93	100	0.14476037179487186
930	hard goal	93	150	0.1766143717948719
930	hard goal	93	200	0.2042943717948719
930	hard goal	93	250	0.18671903846153856
930	hard goal	93	300	0.16188770512820513
930	hard goal	93	350	0.12027953846153856
930	hard goal	93	400	0.07061703846153848
930	hard goal	93	450	0.061404871794871786
930	hard goal	93	500	0.07865303846153855
930	hard goal	93	550	0.10684820512820521
930	hard goal	93	600	0.13515320512820517
930	hard goal	93	650	0.1879633717948718
930	hard goal	93	700	0.2472238717948719
930	hard goal	93	750	0.29029070512820515
930	hard goal	93	800	0.13834953846153875
930	hard goal	93	850	NA
930	hard goal	93	900	NA
930	hard goal	93	950	NA
930	hard goal	93	1e3	NA
930	hard goal	93	1050	NA
930	hard goal	93	1100	0.07550053846153852
930	hard goal	93	1150	0.13486587179487186
930	hard goal	94	-200	-0.0041234331797237135
930	hard goal	94	-150	-0.003701790322580889
930	hard goal	94	-100	-0.0012937903225807752
930	hard goal	94	-50	-0.0023212903225809565
930	hard goal	94	0	0.01212754301075251
930	hard goal	94	50	0.01025337634408574
930	hard goal	94	100	0.006100876344085811
930	hard goal	94	150	0.0016937096774190714
930	hard goal	94	200	0.004392876344085843
930	hard goal	94	250	-0.011687123655914178
930	hard goal	94	300	-0.025917123655914216
930	hard goal	94	350	-0.03749129032258088
930	hard goal	94	400	-0.02772312365591419
930	hard goal	94	450	-0.015151123655914237
930	hard goal	94	500	0.022782043010752522
930	hard goal	94	550	0.05889304301075252
930	hard goal	94	600	0.09063504301075247
930	hard goal	94	650	0.12262937634408584
930	hard goal	94	700	0.1596373763440857
930	hard goal	94	750	0.16546120967741906
930	hard goal	94	800	0.09160270967741924
930	hard goal	94	850	NA
930	hard goal	94	900	NA
930	hard goal	94	950	NA
930	hard goal	94	1e3	NA
930	hard goal	94	1050	0.11599770967741918
930	hard goal	94	1100	0.1318215430107524
930	hard goal	94	1150	0.16372954301075246
930	hard goal	95	-200	0.020110900000000004
930	hard goal	95	-150	0.009082733333333351
930	hard goal	95	-100	-0.0014724333333332822
930	hard goal	95	-50	-0.010295599999999997
930	hard goal	95	0	-0.01742559999999993
930	hard goal	95	50	-0.019292266666666686
930	hard goal	95	100	-0.04797393333333333
930	hard goal	95	150	-0.0402570999999999
930	hard goal	95	200	-0.05714693333333335
930	hard goal	95	250	-0.07715710000000005
930	hard goal	95	300	-0.09947626666666672
930	hard goal	95	350	-0.12254426666666667
930	hard goal	95	400	-0.12420793333333331
930	hard goal	95	450	-0.12921693333333337
930	hard goal	95	500	-0.11786526666666663
930	hard goal	95	550	-0.08421009999999995
930	hard goal	95	600	-0.07300536190476185
930	hard goal	95	650	-0.023849333333333257
930	hard goal	95	700	0.014888495238095243
930	hard goal	95	750	0.026420066666666592
930	hard goal	95	800	0.029002400000000057
930	hard goal	95	850	0.021339566666666625
930	hard goal	95	900	0.006805733333333415
930	hard goal	95	950	0.007460066666666654
930	hard goal	95	1e3	0.011021400000000034
930	hard goal	95	1050	0.03303023333333336
930	hard goal	95	1100	0.024565899999999957
930	hard goal	95	1150	-0.021278266666666656
930	hard goal	96	-200	-0.035269396313364024
930	hard goal	96	-150	0.0012566989247311995
930	hard goal	96	-100	0.004599532258064605
930	hard goal	96	-50	0.012162698924731208
930	hard goal	96	0	0.023128698924731166
930	hard goal	96	50	0.030806365591397933
930	hard goal	96	100	0.04821453225806457
930	hard goal	96	150	0.04838653225806455
930	hard goal	96	200	0.07177719892473118
930	hard goal	96	250	0.07025486559139778
930	hard goal	96	300	0.1011440322580645
930	hard goal	96	350	0.1200886989247311
930	hard goal	96	400	0.12317869892473114
930	hard goal	96	450	0.14284486559139786
930	hard goal	96	500	0.16673653225806442
930	hard goal	96	550	0.18013969892473117
930	hard goal	96	600	0.2050085322580645
930	hard goal	96	650	0.25184569892473113
930	hard goal	96	700	0.3017968655913979
930	hard goal	96	750	0.35195453225806456
930	hard goal	96	800	0.3883728655913979
930	hard goal	96	850	0.3372840322580646
930	hard goal	96	900	NA
930	hard goal	96	950	NA
930	hard goal	96	1e3	NA
930	hard goal	96	1050	NA
930	hard goal	96	1100	NA
930	hard goal	96	1150	0.3197425322580645
930	hard goal	97	-200	-0.010750377880184356
930	hard goal	97	-150	0.006234026881720404
930	hard goal	97	-100	0.002351860215053699
930	hard goal	97	-50	0.008954693548387146
930	hard goal	97	0	-0.004998473118279574
930	hard goal	97	50	-0.020415973118279584
930	hard goal	97	100	-0.05168580645161295
930	hard goal	97	150	-0.08178530645161282
930	hard goal	97	200	-0.11148947311827954
930	hard goal	97	250	-0.13243163978494624
930	hard goal	97	300	-0.14579663978494625
930	hard goal	97	350	-0.14941230645161285
930	hard goal	97	400	-0.16090263978494623
930	hard goal	97	450	-0.15395897311827955
930	hard goal	97	500	-0.1349980064516128
930	hard goal	97	550	-0.12917866359447006
930	hard goal	97	600	-0.0886464731182796
930	hard goal	97	650	-0.03682313978494626
930	hard goal	97	700	-0.05498413978494635
930	hard goal	97	750	-0.23941580645161276
930	hard goal	97	800	NA
930	hard goal	97	850	NA
930	hard goal	97	900	-0.32914580645161284
930	hard goal	97	950	-0.12820520645161287
930	hard goal	97	1e3	-0.09747940645161286
930	hard goal	97	1050	-0.10037947311827951
930	hard goal	97	1100	-0.0716214731182796
930	hard goal	97	1150	-0.03832523502304154
930	hard goal	98	-200	-0.02370518965517247
930	hard goal	98	-150	0.006658143678160829
930	hard goal	98	-100	0.02589381034482748
930	hard goal	98	-50	0.016515643678160757
930	hard goal	98	0	-0.030434889655172537
930	hard goal	98	50	NA
930	hard goal	98	100	NA
930	hard goal	98	150	NA
930	hard goal	98	200	0.06769931034482735
930	hard goal	98	250	0.1381889103448275
930	hard goal	98	300	0.1877568103448274
930	hard goal	98	350	0.2245569770114942
930	hard goal	98	400	0.20388714367816077
930	hard goal	98	450	0.18488464367816082
930	hard goal	98	500	0.15081614367816076
930	hard goal	98	550	0.12502864367816077
930	hard goal	98	600	0.11327381034482749
930	hard goal	98	650	0.1238684770114941
930	hard goal	98	700	0.14791114367816074
930	hard goal	98	750	0.1835653103448276
930	hard goal	98	800	0.23569997701149412
930	hard goal	98	850	0.28976364367816076
930	hard goal	98	900	0.3339093103448274
930	hard goal	98	950	0.3409723103448275
930	hard goal	98	1e3	0.36284647701149414
930	hard goal	98	1050	0.3894091436781608
930	hard goal	98	1100	0.3187696436781608
930	hard goal	98	1150	NA
930	hard goal	99	-200	0.026762373271889572
930	hard goal	99	-150	0.0034997161290323043
930	hard goal	99	-100	0.007389801843318151
930	hard goal	99	-50	-0.026229150537634194
930	hard goal	99	0	-0.01653148387096759
930	hard goal	99	50	-0.029942650537634192
930	hard goal	99	100	-0.016060650537634242
930	hard goal	99	150	-0.01796015053763426
930	hard goal	99	200	-0.03408181720430085
930	hard goal	99	250	-0.03436988387096766
930	hard goal	99	300	-0.04908605529953901
930	hard goal	99	350	-0.06523565053763421
930	hard goal	99	400	-0.05744331720430081
930	hard goal	99	450	-0.04320948387096757
930	hard goal	99	500	-0.005366150537634266
930	hard goal	99	550	0.026185349462365764
930	hard goal	99	600	0.08194351612903235
930	hard goal	99	650	0.11679684946236575
930	hard goal	99	700	0.1657731827956991
930	hard goal	99	750	0.10505831612903238
930	hard goal	99	800	NA
930	hard goal	99	850	NA
930	hard goal	99	900	NA
930	hard goal	99	950	NA
930	hard goal	99	1e3	NA
930	hard goal	99	1050	-0.2609279838709675
930	hard goal	99	1100	-0.23036268387096745
930	hard goal	99	1150	-0.03533998387096745
930	hard goal	100	-200	-0.07799756666666657
930	hard goal	100	-150	-0.008801566666666464
930	hard goal	100	-100	0.027674766666666795
930	hard goal	100	-50	0.037319766666666775
930	hard goal	100	0	0.021804600000000212
930	hard goal	100	50	0.008424933333333495
930	hard goal	100	100	-0.03239339999999983
930	hard goal	100	150	-0.05571906666666656
930	hard goal	100	200	-0.062394566666666464
930	hard goal	100	250	-0.07704239999999977
930	hard goal	100	300	-0.06536856666666657
930	hard goal	100	350	-0.06069289999999983
930	hard goal	100	400	-0.032808066666666504
930	hard goal	100	450	0.006728433333333506
930	hard goal	100	500	0.055847433333333564
930	hard goal	100	550	0.11803476666666686
930	hard goal	100	600	0.15005826666666686
930	hard goal	100	650	0.2008982666666669
930	hard goal	100	700	0.2698612666666668
930	hard goal	100	750	0.2898991000000002
930	hard goal	100	800	0.18497110000000005
930	hard goal	100	850	NA
930	hard goal	100	900	NA
930	hard goal	100	950	NA
930	hard goal	100	1e3	NA
930	hard goal	100	1050	NA
930	hard goal	100	1100	NA
930	hard goal	100	1150	NA
930	hard goal	101	-200	0.013398099999999857
930	hard goal	101	-150	0.033744266666666446
930	hard goal	101	-100	0.001688766666666508
930	hard goal	101	-50	0.01795693333333322
930	hard goal	101	0	-0.06678806666666677
930	hard goal	101	50	NA
930	hard goal	101	100	NA
930	hard goal	101	150	NA
930	hard goal	101	200	NA
930	hard goal	101	250	NA
930	hard goal	101	300	NA
930	hard goal	101	350	NA
930	hard goal	101	400	0.1650051
930	hard goal	101	450	0.2184051666666665
930	hard goal	101	500	0.28959876666666645
930	hard goal	101	550	0.23488793333333322
930	hard goal	101	600	0.1353282666666665
930	hard goal	101	650	0.10321843333333318
930	hard goal	101	700	0.0695164333333332
930	hard goal	101	750	0.008809599999999826
930	hard goal	101	800	0.05737426666666656
930	hard goal	101	850	0.12875559999999978
930	hard goal	101	900	0.14883709999999986
930	hard goal	101	950	0.13425743333333306
930	hard goal	101	1e3	0.14079109999999986
930	hard goal	101	1050	0.07412143333333332
930	hard goal	101	1100	0.05769726666666656
930	hard goal	101	1150	NA
930	hard goal	102	-200	-0.01894719999999987
930	hard goal	102	-150	0.004707966666666878
930	hard goal	102	-100	0.01896430000000023
930	hard goal	102	-50	0.007079800000000154
930	hard goal	102	0	-0.011804866666666506
930	hard goal	102	50	-0.06377603333333311
930	hard goal	102	100	-0.11978472380952367
930	hard goal	102	150	-0.16310466666666645
930	hard goal	102	200	-0.1749806999999998
930	hard goal	102	250	-0.18877800952380935
930	hard goal	102	300	-0.18364636666666648
930	hard goal	102	350	-0.19825953333333315
930	hard goal	102	400	-0.15746486666666656
930	hard goal	102	450	-0.17755903333333314
930	hard goal	102	500	-0.1403241999999998
930	hard goal	102	550	-0.0678018666666665
930	hard goal	102	600	0.029832466666666797
930	hard goal	102	650	0.05736813333333346
930	hard goal	102	700	NA
930	hard goal	102	750	NA
930	hard goal	102	800	NA
930	hard goal	102	850	NA
930	hard goal	102	900	-0.1455698666666665
930	hard goal	102	950	-0.23256886666666654
930	hard goal	102	1e3	-0.16930586666666655
930	hard goal	102	1050	-0.15262453333333315
930	hard goal	102	1100	-0.13117486666666656
930	hard goal	102	1150	-0.18590169999999984
930	hard goal	103	-200	-0.01800328571428584
930	hard goal	103	-150	-0.011385333333333506
930	hard goal	103	-100	-0.009923166666666964
930	hard goal	103	-50	0.024075833333333147
930	hard goal	103	0	0.018236499999999767
930	hard goal	103	50	0.028372499999999762
930	hard goal	103	100	0.05077199999999974
930	hard goal	103	150	0.07547899999999985
930	hard goal	103	200	0.08702933333333311
930	hard goal	103	250	0.10397183333333311
930	hard goal	103	300	0.11156683333333321
930	hard goal	103	350	0.12156666666666645
930	hard goal	103	400	0.14202866666666636
930	hard goal	103	450	0.16552383333333318
930	hard goal	103	500	0.20276133333333304
930	hard goal	103	550	0.2323084999999998
930	hard goal	103	600	0.25309783333333313
930	hard goal	103	650	NA
930	hard goal	103	700	NA
930	hard goal	103	750	NA
930	hard goal	103	800	NA
930	hard goal	103	850	NA
930	hard goal	103	900	NA
930	hard goal	103	950	0.08157579999999971
930	hard goal	103	1e3	0.06821666666666652
930	hard goal	103	1050	0.17891783333333314
930	hard goal	103	1100	0.2127234999999997
930	hard goal	103	1150	0.2060313333333331
930	hard goal	105	-200	0.09444482027649784
930	hard goal	105	-150	0.0841168440860216
930	hard goal	105	-100	0.02580017741935503
930	hard goal	105	-50	-0.06247182258064502
930	hard goal	105	0	-0.15763082258064495
930	hard goal	105	50	-0.22691898924731166
930	hard goal	105	100	-0.21636948924731167
930	hard goal	105	150	-0.2723286559139782
930	hard goal	105	200	-0.286652822580645
930	hard goal	105	250	-0.3242606559139783
930	hard goal	105	300	-0.33554348924731164
930	hard goal	105	350	-0.3402081559139784
930	hard goal	105	400	-0.309189322580645
930	hard goal	105	450	-0.3218936559139784
930	hard goal	105	500	-0.310975822580645
930	hard goal	105	550	-0.260090322580645
930	hard goal	105	600	-0.22429915591397828
930	hard goal	105	650	-0.19153848924731168
930	hard goal	105	700	-0.16037898924731167
930	hard goal	105	750	-0.12975965591397834
930	hard goal	105	800	NA
930	hard goal	105	850	NA
930	hard goal	105	900	NA
930	hard goal	105	950	-0.5515323225806452
930	hard goal	105	1e3	-0.32446215591397826
930	hard goal	105	1050	-0.24782732258064502
930	hard goal	105	1100	-0.2529476559139783
930	hard goal	105	1150	-0.25251265591397837
930	hard goal	106	-200	0.04698533179723479
930	hard goal	106	-150	0.0024349032258062695
930	hard goal	106	-100	-0.0215972634408604
930	hard goal	106	-50	-0.011599263440860449
930	hard goal	106	0	-0.024054596774193786
930	hard goal	106	50	-0.023248263440860395
930	hard goal	106	100	-0.02241709677419375
930	hard goal	106	150	-0.01756643010752712
930	hard goal	106	200	-0.04205409677419373
930	hard goal	106	250	-0.019179263440860368
930	hard goal	106	300	-0.012868263440860339
930	hard goal	106	350	-0.0050154301075270675
930	hard goal	106	400	-0.0027752634408604315
930	hard goal	106	450	0.007719736559139638
930	hard goal	106	500	0.050354403225806234
930	hard goal	106	550	0.09643440322580628
930	hard goal	106	600	0.12914740322580634
930	hard goal	106	650	0.16312590322580633
930	hard goal	106	700	0.21203490322580634
930	hard goal	106	750	0.23493573655913957
930	hard goal	106	800	0.21245606989247304
930	hard goal	106	850	0.10998170322580618
930	hard goal	106	900	NA
930	hard goal	106	950	NA
930	hard goal	106	1e3	NA
930	hard goal	106	1050	NA
930	hard goal	106	1100	NA
930	hard goal	106	1150	NA
930	hard goal	107	-200	-0.016339926267281295
930	hard goal	107	-150	0.005166311827956793
930	hard goal	107	-100	0.006874978494623448
930	hard goal	107	-50	0.006103145161290069
930	hard goal	107	0	9.188118279567595e-4
930	hard goal	107	50	0.01309331182795681
930	hard goal	107	100	0.019712478494623504
930	hard goal	107	150	0.034903811827956766
930	hard goal	107	200	0.06621731182795676
930	hard goal	107	250	0.07471947849462339
930	hard goal	107	300	0.10857731182795678
930	hard goal	107	350	0.12833681182795678
930	hard goal	107	400	0.11519714516129016
930	hard goal	107	450	0.11641831182795677
930	hard goal	107	500	0.1274309784946234
930	hard goal	107	550	0.14357181182795675
930	hard goal	107	600	0.17345514516129015
930	hard goal	107	650	0.20590347849462343
930	hard goal	107	700	0.2375758118279568
930	hard goal	107	750	0.30175131182795684
930	hard goal	107	800	0.2658148118279567
930	hard goal	107	850	0.2425098118279568
930	hard goal	107	900	0.2290804784946235
930	hard goal	107	950	0.19402164516129017
930	hard goal	107	1e3	0.17537831182795674
930	hard goal	107	1050	0.15617814516129017
930	hard goal	107	1100	0.1692814784946234
930	hard goal	107	1150	0.1708848118279568
930	hard goal	108	-200	-0.023494797235023106
930	hard goal	108	-150	0.011768774193548307
930	hard goal	108	-100	0.009948107526881614
930	hard goal	108	-50	9.119408602148807e-4
930	hard goal	108	0	0.004781774193548157
930	hard goal	108	50	-0.001004059139785
930	hard goal	108	100	0.008484274193548321
930	hard goal	108	150	0.04116894086021502
930	hard goal	108	200	0.008251774193548314
930	hard goal	108	250	0.002769440860214948
930	hard goal	108	300	0.009103940860214932
930	hard goal	108	350	-0.027873059139785106
930	hard goal	108	400	-0.05835539247311846
930	hard goal	108	450	-0.0620857258064517
930	hard goal	108	500	-0.0491538924731183
930	hard goal	108	550	-0.0025935591397850586
930	hard goal	108	600	0.018950440860215023
930	hard goal	108	650	0.07405677419354828
930	hard goal	108	700	0.12805577419354827
930	hard goal	108	750	0.13870577419354832
930	hard goal	108	800	0.09695260752688155
930	hard goal	108	850	0.06190560752688157
930	hard goal	108	900	-0.10534022580645175
930	hard goal	108	950	NA
930	hard goal	108	1e3	NA
930	hard goal	108	1050	NA
930	hard goal	108	1100	NA
930	hard goal	108	1150	NA
930	hard goal	109	-200	-0.02684484331797218
930	hard goal	109	-150	-0.020676295698924523
930	hard goal	109	-100	0.006590870967742098
930	hard goal	109	-50	0.012772704301075466
930	hard goal	109	0	0.03263170430107539
930	hard goal	109	50	0.03744820430107554
930	hard goal	109	100	0.04144270430107544
930	hard goal	109	150	0.03721853763440882
930	hard goal	109	200	0.0740958709677421
930	hard goal	109	250	0.06137620430107549
930	hard goal	109	300	0.054682037634408896
930	hard goal	109	350	0.060322204301075454
930	hard goal	109	400	0.08674670430107545
930	hard goal	109	450	0.1051577043010754
930	hard goal	109	500	0.11562970430107544
930	hard goal	109	550	0.1352650376344088
930	hard goal	109	600	0.1721367043010754
930	hard goal	109	650	0.20056637096774219
930	hard goal	109	700	0.24978303763440887
930	hard goal	109	750	0.2980370376344088
930	hard goal	109	800	0.34059370430107544
930	hard goal	109	850	0.34801527096774204
930	hard goal	109	900	NA
930	hard goal	109	950	NA
930	hard goal	109	1e3	NA
930	hard goal	109	1050	NA
930	hard goal	109	1100	NA
930	hard goal	109	1150	NA
930	hard goal	110	-200	0.027887479262673067
930	hard goal	110	-150	0.016239360215053972
930	hard goal	110	-100	0.0027696935483873344
930	hard goal	110	-50	-0.018094473118279348
930	hard goal	110	0	-0.03344997311827943
930	hard goal	110	50	-0.046361139784946014
930	hard goal	110	100	-0.03525263978494597
930	hard goal	110	150	-0.06774447311827925
930	hard goal	110	200	-0.04155030645161265
930	hard goal	110	250	-0.05273530645161258
930	hard goal	110	300	-0.04273080645161268
930	hard goal	110	350	-0.06741380645161262
930	hard goal	110	400	-0.06150880645161272
930	hard goal	110	450	-0.06261463978494593
930	hard goal	110	500	-0.07786180645161263
930	hard goal	110	550	-0.08498363978494594
930	hard goal	110	600	-0.11943047311827937
930	hard goal	110	650	-0.10948363978494598
930	hard goal	110	700	-0.10339713978494595
930	hard goal	110	750	-0.08543080645161265
930	hard goal	110	800	-0.068508139784946
930	hard goal	110	850	-0.25430013978494587
930	hard goal	110	900	NA
930	hard goal	110	950	NA
930	hard goal	110	1e3	NA
930	hard goal	110	1050	-0.2787108064516125
930	hard goal	110	1100	-0.19874397311827927
930	hard goal	110	1150	-0.17488397311827927
930	hard goal	111	-200	-0.04242626728110599
930	hard goal	111	-150	-0.018827838709677486
930	hard goal	111	-100	-0.0026951720430107664
930	hard goal	111	-50	0.035066827956989156
930	hard goal	111	0	0.03595349462365586
930	hard goal	111	50	0.07072032795698908
930	hard goal	111	100	0.08804832795698925
930	hard goal	111	150	0.10901349462365591
930	hard goal	111	200	0.11848066129032242
930	hard goal	111	250	0.09780366129032259
930	hard goal	111	300	0.09409099462365589
930	hard goal	111	350	0.06687832795698918
930	hard goal	111	400	0.03558682795698923
930	hard goal	111	450	0.047106161290322524
930	hard goal	111	500	0.05314666129032249
930	hard goal	111	550	0.042879661290322536
930	hard goal	111	600	0.08089532795698906
930	hard goal	111	650	0.10353332795698929
930	hard goal	111	700	0.13808766129032243
930	hard goal	111	750	0.11122899462365583
930	hard goal	111	800	NA
930	hard goal	111	850	NA
930	hard goal	111	900	NA
930	hard goal	111	950	NA
930	hard goal	111	1e3	NA
930	hard goal	111	1050	-0.013410588709677373
930	hard goal	111	1100	0.09635949462365583
930	hard goal	111	1150	0.15572616129032246
930	hard goal	112	-200	-0.013286133333333247
930	hard goal	112	-150	-0.008855966666666623
930	hard goal	112	-100	0.0037900333333335348
930	hard goal	112	-50	0.008895033333333524
930	hard goal	112	0	0.009457033333333476
930	hard goal	112	50	0.01639753333333349
930	hard goal	112	100	0.008582366666666822
930	hard goal	112	150	0.005942033333333467
930	hard goal	112	200	0.013863366666666765
930	hard goal	112	250	0.007869366666666785
930	hard goal	112	300	0.025694700000000143
930	hard goal	112	350	0.031229033333333527
930	hard goal	112	400	0.025121033333333598
930	hard goal	112	450	0.025247200000000063
930	hard goal	112	500	0.023087033333333506
930	hard goal	112	550	0.03682386666666685
930	hard goal	112	600	0.08358870000000011
930	hard goal	112	650	0.12117953333333349
930	hard goal	112	700	0.12676320000000021
930	hard goal	112	750	0.10090186666666671
930	hard goal	112	800	0.07820386666666683
930	hard goal	112	850	0.06844136666666693
930	hard goal	112	900	0.0338883666666668
930	hard goal	112	950	0.05907186666666683
930	hard goal	112	1e3	-0.05929806666666648
930	hard goal	112	1050	NA
930	hard goal	112	1100	NA
930	hard goal	112	1150	NA
930	hard goal	113	-200	-0.010331317972350287
930	hard goal	113	-150	-0.009336365591397907
930	hard goal	113	-100	0.010871967741935329
930	hard goal	113	-50	0.008322967741935342
930	hard goal	113	0	0.002194634408602051
930	hard goal	113	50	0.014603467741935402
930	hard goal	113	100	0.024125467741935507
930	hard goal	113	150	0.023100134408601997
930	hard goal	113	200	0.004186634408601971
930	hard goal	113	250	-0.008286865591397982
930	hard goal	113	300	-0.028160865591397927
930	hard goal	113	350	-0.03193986559139791
930	hard goal	113	400	-0.020276865591397852
930	hard goal	113	450	0.00974763440860212
930	hard goal	113	500	0.04252530107526864
930	hard goal	113	550	0.08868530107526862
930	hard goal	113	600	0.13620530107526876
930	hard goal	113	650	0.1926233010752687
930	hard goal	113	700	0.20354496774193534
930	hard goal	113	750	0.057785967741935305
930	hard goal	113	800	NA
930	hard goal	113	850	NA
930	hard goal	113	900	0.02974496774193538
930	hard goal	113	950	0.06087813440860209
930	hard goal	113	1e3	0.019893967741935414
930	hard goal	113	1050	-0.012701698924731422
930	hard goal	113	1100	0.0011856344086020136
930	hard goal	113	1150	0.002882134408602003
930	hard goal	114	-200	0.018810437788018306
930	hard goal	114	-150	0.012712913978494425
930	hard goal	114	-100	0.02311724731182796
930	hard goal	114	-50	-0.01454458602150551
930	hard goal	114	0	-0.04323108602150557
930	hard goal	114	50	-0.054405419354838745
930	hard goal	114	100	-0.02195041935483884
930	hard goal	114	150	-0.0626062526881721
930	hard goal	114	200	-0.07560258602150549
930	hard goal	114	250	-0.0877914193548388
930	hard goal	114	300	-0.09540291935483876
930	hard goal	114	350	-0.07647575268817224
930	hard goal	114	400	-0.06313975268817214
930	hard goal	114	450	-0.026696752688172065
930	hard goal	114	500	0.01690841397849459
930	hard goal	114	550	0.03564508064516122
930	hard goal	114	600	0.09173624731182779
930	hard goal	114	650	0.07460991397849452
930	hard goal	114	700	NA
930	hard goal	114	750	NA
930	hard goal	114	800	NA
930	hard goal	114	850	-0.07413208602150549
930	hard goal	114	900	0.020699247311827856
930	hard goal	114	950	0.09977074731182796
930	hard goal	114	1e3	0.12102424731182786
930	hard goal	114	1050	0.14314241397849448
930	hard goal	114	1100	0.18879841397849453
930	hard goal	114	1150	0.17813208064516117
930	hard goal	115	-200	0.02142473809523818
930	hard goal	115	-150	0.00877750000000018
930	hard goal	115	-100	-0.00894116666666663
930	hard goal	115	-50	-0.016808833333333162
930	hard goal	115	0	-0.009627633333333118
930	hard goal	115	50	-0.009324404761904643
930	hard goal	115	100	0.010654333333333396
930	hard goal	115	150	0.013994000000000137
930	hard goal	115	200	0.013807333333333505
930	hard goal	115	250	0.03139800000000018
930	hard goal	115	300	0.04118766666666677
930	hard goal	115	350	0.051754000000000154
930	hard goal	115	400	0.10109500000000009
930	hard goal	115	450	0.10412016666666675
930	hard goal	115	500	0.1274183333333334
930	hard goal	115	550	0.2118133333333335
930	hard goal	115	600	0.07995116666666657
930	hard goal	115	650	NA
930	hard goal	115	700	NA
930	hard goal	115	750	-0.02397283333333311
930	hard goal	115	800	0.03276688095238102
930	hard goal	115	850	0.08791133333333345
930	hard goal	115	900	0.1533311666666667
930	hard goal	115	950	0.17977883333333336
930	hard goal	115	1e3	0.2258618333333334
930	hard goal	115	1050	0.2582058333333334
930	hard goal	115	1100	0.2428876666666667
930	hard goal	115	1150	0.22216900000000006
930	hard goal	116	-200	0.04783519354838729
930	hard goal	116	-150	0.00628219354838729
930	hard goal	116	-100	-0.010692206451612752
930	hard goal	116	-50	-0.02020252073732706
930	hard goal	116	0	-0.029610139784945977
930	hard goal	116	50	-0.03561480645161278
930	hard goal	116	100	-0.056379473118279476
930	hard goal	116	150	-0.056438006451612746
930	hard goal	116	200	-0.056265973118279446
930	hard goal	116	250	-0.04871409216589858
930	hard goal	116	300	-0.0661159731182795
930	hard goal	116	350	-0.057047806451612816
930	hard goal	116	400	-0.07422997311827946
930	hard goal	116	450	-0.05110363978494618
930	hard goal	116	500	-0.052883473118279456
930	hard goal	116	550	-0.04981647311827938
930	hard goal	116	600	0.004458693548387164
930	hard goal	116	650	0.04180152688172053
930	hard goal	116	700	0.08526536021505386
930	hard goal	116	750	0.15077719354838726
930	hard goal	116	800	0.19671286021505385
930	hard goal	116	850	0.1748036935483873
930	hard goal	116	900	0.14539986021505383
930	hard goal	116	950	0.11541952688172057
930	hard goal	116	1e3	0.08012402688172056
930	hard goal	116	1050	0.03019144354838721
930	hard goal	116	1100	NA
930	hard goal	116	1150	NA
930	hard goal	117	-200	-0.008965500000000034
930	hard goal	117	-150	-0.0013008333333333806
930	hard goal	117	-100	0.014353999999999903
930	hard goal	117	-50	0.009405333333333413
930	hard goal	117	0	-0.013492999999999977
930	hard goal	117	50	-0.026131499999999974
930	hard goal	117	100	-0.03540949999999995
930	hard goal	117	150	-0.056767619047619115
930	hard goal	117	200	-0.07687683333333332
930	hard goal	117	250	-0.08163300000000007
930	hard goal	117	300	-0.08316950000000005
930	hard goal	117	350	-0.10631100000000004
930	hard goal	117	400	-0.10594016666666661
930	hard goal	117	450	-0.09817533333333335
930	hard goal	117	500	-0.05500249999999992
930	hard goal	117	550	-0.0051600000000000534
930	hard goal	117	600	0.028223666666666647
930	hard goal	117	650	-0.05587383333333329
930	hard goal	117	700	NA
930	hard goal	117	750	NA
930	hard goal	117	800	NA
930	hard goal	117	850	-0.2510678333333334
930	hard goal	117	900	-0.10903147619047614
930	hard goal	117	950	-0.0965858333333333
930	hard goal	117	1e3	-0.10586550000000002
930	hard goal	117	1050	-0.3448888333333333
930	hard goal	117	1100	NA
930	hard goal	117	1150	NA
930	hard goal	118	-200	0.027834433333333353
930	hard goal	118	-150	0.004852933333333438
930	hard goal	118	-100	-3.055666666666272e-4
930	hard goal	118	-50	-0.01600240000000001
930	hard goal	118	0	-0.016379399999999933
930	hard goal	118	50	-0.00477890000000003
930	hard goal	118	100	0.008943599999999977
930	hard goal	118	150	0.012658599999999964
930	hard goal	118	200	0.011305600000000027
930	hard goal	118	250	0.021160433333333357
930	hard goal	118	300	0.025402266666666673
930	hard goal	118	350	0.030754600000000003
930	hard goal	118	400	0.01985776666666676
930	hard goal	118	450	NA
930	hard goal	118	500	NA
930	hard goal	118	550	NA
930	hard goal	118	600	0.08527201666666662
930	hard goal	118	650	0.1542629333333334
930	hard goal	118	700	0.1929142666666667
930	hard goal	118	750	0.24195793333333335
930	hard goal	118	800	0.28302659999999996
930	hard goal	118	850	0.2907736
930	hard goal	118	900	0.30517226666666675
930	hard goal	118	950	0.3075552666666667
930	hard goal	118	1e3	0.2769063666666667
930	hard goal	118	1050	NA
930	hard goal	118	1100	NA
930	hard goal	118	1150	NA
930	hard goal	119	-200	-0.2941309583333336
930	hard goal	119	-150	-0.026294558333333475
930	hard goal	119	-100	-0.008283958333333397
930	hard goal	119	-50	0.0010372083333331321
930	hard goal	119	0	0.07818070833333308
930	hard goal	119	50	0.12602020833333313
930	hard goal	119	100	0.14909804166666643
930	hard goal	119	150	0.13583837499999993
930	hard goal	119	200	0.12747737499999978
930	hard goal	119	250	0.08249820833333314
930	hard goal	119	300	0.07025354166666646
930	hard goal	119	350	0.05800654166666649
930	hard goal	119	400	0.06664975595238085
930	hard goal	119	450	0.07610024166666651
930	hard goal	119	500	0.11859575595238082
930	hard goal	119	550	0.15208244166666657
930	hard goal	119	600	0.16789454166666654
930	hard goal	119	650	0.18056870833333316
930	hard goal	119	700	0.2341210416666665
930	hard goal	119	750	0.23604020833333314
930	hard goal	119	800	0.13909420833333316
930	hard goal	119	850	0.08340204166666654
930	hard goal	119	900	NA
930	hard goal	119	950	NA
930	hard goal	119	1e3	NA
930	hard goal	119	1050	NA
930	hard goal	119	1100	-0.1759619583333334
930	hard goal	119	1150	-0.0033799583333334405
930	hard goal	120	-200	0.03532666820276483
930	hard goal	120	-150	0.015097596774193534
930	hard goal	120	-100	0.0024595967741934586
930	hard goal	120	-50	-0.0077242365591398965
930	hard goal	120	0	-0.05104740322580659
930	hard goal	120	50	-0.06728673655913993
930	hard goal	120	100	-0.09388006989247333
930	hard goal	120	150	-0.11812840322580653
930	hard goal	120	200	-0.11917590322580655
930	hard goal	120	250	-0.14412906989247332
930	hard goal	120	300	-0.13874790322580663
930	hard goal	120	350	-0.11738123655913994
930	hard goal	120	400	-0.11004173655913996
930	hard goal	120	450	-0.0702764032258066
930	hard goal	120	500	-0.07080106989247326
930	hard goal	120	550	-0.036080403225806634
930	hard goal	120	600	3.2209677419340704e-4
930	hard goal	120	650	0.05908693010752675
930	hard goal	120	700	0.11780259677419343
930	hard goal	120	750	0.14420093010752674
930	hard goal	120	800	0.08453776344086002
930	hard goal	120	850	0.05648559677419337
930	hard goal	120	900	0.025276263440860165
930	hard goal	120	950	-0.01909206989247318
930	hard goal	120	1e3	-0.03591273655913999
930	hard goal	120	1050	-0.05265490322580657
930	hard goal	120	1100	-0.06014973655913991
930	hard goal	120	1150	-0.038641069892473366
930	hard goal	121	-200	0.016962631336405614
930	hard goal	121	-150	9.127741935484787e-4
930	hard goal	121	-100	0.0023179408602152693
930	hard goal	121	-50	-0.011659392473118016
930	hard goal	121	0	-0.011361059139784802
930	hard goal	121	50	-0.007371225806451331
930	hard goal	121	100	-0.016808892473118082
930	hard goal	121	150	0.00876927419354856
930	hard goal	121	200	0.01872227419354851
930	hard goal	121	250	0.04522277419354855
930	hard goal	121	300	0.06264377419354861
930	hard goal	121	350	0.08353960752688194
930	hard goal	121	400	0.11025327419354862
930	hard goal	121	450	0.17635560752688187
930	hard goal	121	500	0.19259894086021526
930	hard goal	121	550	0.22411977419354856
930	hard goal	121	600	0.2467906075268819
930	hard goal	121	650	0.2973531075268819
930	hard goal	121	700	0.2149644408602153
930	hard goal	121	750	NA
930	hard goal	121	800	NA
930	hard goal	121	850	NA
930	hard goal	121	900	NA
930	hard goal	121	950	NA
930	hard goal	121	1e3	0.11439002419354849
930	hard goal	121	1050	0.08759177419354865
930	hard goal	121	1100	0.13948027419354858
930	hard goal	121	1150	0.1397017741935486
930	hard goal	122	-200	0.01915987500000016
930	hard goal	122	-150	0.01415937500000007
930	hard goal	122	-100	0.008006708333333426
930	hard goal	122	-50	-0.052423024999999866
930	hard goal	122	0	NA
930	hard goal	122	50	NA
930	hard goal	122	100	NA
930	hard goal	122	150	-0.41093762499999986
930	hard goal	122	200	-0.2662662916666665
930	hard goal	122	250	-0.19509495833333315
930	hard goal	122	300	-0.11658605357142841
930	hard goal	122	350	-0.025493458333333125
930	hard goal	122	400	0.020632875000000144
930	hard goal	122	450	0.01954937500000013
930	hard goal	122	500	-0.03542079166666653
930	hard goal	122	550	-0.04890345833333313
930	hard goal	122	600	-0.0681337916666666
930	hard goal	122	650	-0.07791862499999984
930	hard goal	122	700	-0.07212312499999984
930	hard goal	122	750	-0.05568695833333326
930	hard goal	122	800	-0.01576195833333327
930	hard goal	122	850	0.013625875000000232
930	hard goal	122	900	0.00976054166666677
930	hard goal	122	950	-0.0011767916666665101
930	hard goal	122	1e3	-0.018197291666666615
930	hard goal	122	1050	-0.050403958333333186
930	hard goal	122	1100	-0.11181162499999986
930	hard goal	122	1150	NA
930	hard goal	123	-200	NA
930	hard goal	123	-150	-0.3074823809523808
930	hard goal	123	-100	-0.024652952380952126
930	hard goal	123	-50	0.08854261904761913
930	hard goal	123	0	0.04271328571428586
930	hard goal	123	50	0.08779895238095259
930	hard goal	123	100	0.14931845238095254
930	hard goal	123	150	0.16470311904761914
930	hard goal	123	200	0.14249745238095265
930	hard goal	123	250	0.03659195238095266
930	hard goal	123	300	0.008745785714285784
930	hard goal	123	350	-0.008374880952380778
930	hard goal	123	400	-0.036487880952380834
930	hard goal	123	450	-0.03706238095238068
930	hard goal	123	500	-0.03658754761904744
930	hard goal	123	550	-0.02033721428571411
930	hard goal	123	600	-0.003860880952380722
930	hard goal	123	650	0.0292534523809526
930	hard goal	123	700	0.07978545238095262
930	hard goal	123	750	0.086336285714285907
930	hard goal	123	800	-0.020621214285714135
930	hard goal	123	850	NA
930	hard goal	123	900	NA
930	hard goal	123	950	NA
930	hard goal	123	1e3	NA
930	hard goal	123	1050	NA
930	hard goal	123	1100	-0.07363463095238076
930	hard goal	123	1150	0.00842945238095257
930	hard goal	124	-200	0.010109566666666625
930	hard goal	124	-150	0.0057988999999999775
930	hard goal	124	-100	-6.289333333333591e-4
930	hard goal	124	-50	-0.0012332666666666399
930	hard goal	124	0	-0.014046266666666826
930	hard goal	124	50	-0.014085100000000036
930	hard goal	124	100	-0.04177676666666671
930	hard goal	124	150	-0.0418059333333333
930	hard goal	124	200	-0.04885743333333329
930	hard goal	124	250	-0.07420276666666677
930	hard goal	124	300	-0.09105309999999996
930	hard goal	124	350	-0.0808757666666667
930	hard goal	124	400	-0.08992460000000002
930	hard goal	124	450	-0.09834160000000007
930	hard goal	124	500	-0.10256676666666668
930	hard goal	124	550	-0.0721222666666667
930	hard goal	124	600	-0.03884743333333344
930	hard goal	124	650	0.012490899999999897
930	hard goal	124	700	0.05566506666666663
930	hard goal	124	750	0.08227073333333339
930	hard goal	124	800	0.1026965666666666
930	hard goal	124	850	0.05935473333333322
930	hard goal	124	900	-0.08107776666666673
930	hard goal	124	950	NA
930	hard goal	124	1e3	NA
930	hard goal	124	1050	NA
930	hard goal	124	1100	NA
930	hard goal	124	1150	NA
930	hard goal	126	-200	0.026717198156682147
930	hard goal	126	-150	0.011991817204301203
930	hard goal	126	-100	-0.00332668279569881
930	hard goal	126	-50	-0.01760168279569892
930	hard goal	126	0	-0.0222335161290322
930	hard goal	126	50	-0.011843349462365463
930	hard goal	126	100	0.0069924838709677735
930	hard goal	126	150	0.016469817204301112
930	hard goal	126	200	0.030921317204301173
930	hard goal	126	250	0.03806881720430111
930	hard goal	126	300	0.06018198387096785
930	hard goal	126	350	0.06966881720430118
930	hard goal	126	400	0.09313498387096779
930	hard goal	126	450	0.1141481505376345
930	hard goal	126	500	0.1628499838709679
930	hard goal	126	550	0.2050003172043012
930	hard goal	126	600	0.25539881720430113
930	hard goal	126	650	0.28210165053763453
930	hard goal	126	700	0.12182548387096803
930	hard goal	126	750	NA
930	hard goal	126	800	NA
930	hard goal	126	850	-0.04961201612903221
930	hard goal	126	900	0.10014015053763455
930	hard goal	126	950	0.11852965053763447
930	hard goal	126	1e3	0.1040571505376345
930	hard goal	126	1050	0.07065731720430117
930	hard goal	126	1100	0.09347181720430113
930	hard goal	126	1150	0.10360915053763449
930	hard goal	127	-200	0.0780606082949306
930	hard goal	127	-150	0.02193565591397828
930	hard goal	127	-100	-0.010944344086021665
930	hard goal	127	-50	-0.03663134408602168
930	hard goal	127	0	-0.06543067741935508
930	hard goal	127	50	-0.09042351075268844
930	hard goal	127	100	-0.11807217741935516
930	hard goal	127	150	-0.1264950107526884
930	hard goal	127	200	-0.1290556774193549
930	hard goal	127	250	-0.1348110107526884
930	hard goal	127	300	-0.11011917741935513
930	hard goal	127	350	-0.09112767741935501
930	hard goal	127	400	-0.04756567741935506
930	hard goal	127	450	-0.027320344086021686
930	hard goal	127	500	0.013016322580644854
930	hard goal	127	550	0.04439982258064493
930	hard goal	127	600	0.0849446559139783
930	hard goal	127	650	0.09045698924731164
930	hard goal	127	700	0.12810948924731158
930	hard goal	127	750	0.02794492258064487
930	hard goal	127	800	NA
930	hard goal	127	850	NA
930	hard goal	127	900	NA
930	hard goal	127	950	-0.344709677419355
930	hard goal	127	1e3	-0.05065117741935506
930	hard goal	127	1050	-0.04095251075268839
930	hard goal	127	1100	-0.06692417741935512
930	hard goal	127	1150	-0.02556117741935508
930	hard goal	128	-200	-0.014779216589861668
930	hard goal	128	-150	0.0011408548387098112
930	hard goal	128	-100	0.007888354838709866
930	hard goal	128	-50	-0.006087311827956817
930	hard goal	128	0	0.014300521505376492
930	hard goal	128	50	0.010467521505376443
930	hard goal	128	100	0.0456866881720431
930	hard goal	128	150	0.04646568817204311
930	hard goal	128	200	0.06804152150537646
930	hard goal	128	250	0.08846368817204316
930	hard goal	128	300	0.09518252150537647
930	hard goal	128	350	0.09947635483870972
930	hard goal	128	400	0.1252170215053765
930	hard goal	128	450	0.14203052150537646
930	hard goal	128	500	0.1740498548387098
930	hard goal	128	550	0.20860468817204322
930	hard goal	128	600	0.25175618817204315
930	hard goal	128	650	0.2834271881720431
930	hard goal	128	700	0.29834335483870983
930	hard goal	128	750	0.2717185215053765
930	hard goal	128	800	0.2378416881720431
930	hard goal	128	850	0.19367618817204324
930	hard goal	128	900	0.05291185483870997
930	hard goal	128	950	NA
930	hard goal	128	1e3	-0.1870536451612903
930	hard goal	128	1050	0.03545235483870979
930	hard goal	128	1100	0.15459868817204314
930	hard goal	128	1150	0.1242488548387098
930	hard goal	129	-200	-0.003366990783410184
930	hard goal	129	-150	9.970806451612042e-4
930	hard goal	129	-100	-0.0030945860215054
930	hard goal	129	-50	0.004087413978494547
930	hard goal	129	0	0.0019382473118279009
930	hard goal	129	50	-0.017761752688172077
930	hard goal	129	100	-0.02078491935483869
930	hard goal	129	150	-0.019853252688172063
930	hard goal	129	200	-0.037070919354838784
930	hard goal	129	250	-0.06079375268817211
930	hard goal	129	300	-0.05890941935483881
930	hard goal	129	350	-0.08410275268817213
930	hard goal	129	400	-0.0941405860215055
930	hard goal	129	450	-0.0959029193548387
930	hard goal	129	500	-0.08410941935483884
930	hard goal	129	550	-0.046476252688172126
930	hard goal	129	600	-0.02716325268817214
930	hard goal	129	650	-0.3527654193548386
930	hard goal	129	700	NA
930	hard goal	129	750	NA
930	hard goal	129	800	-0.2597529193548388
930	hard goal	129	850	-0.12656475268817205
930	hard goal	129	900	-0.07057275268817209
930	hard goal	129	950	-0.05096275268817204
930	hard goal	129	1e3	-0.05805625268817205
930	hard goal	129	1050	-0.08696541935483874
930	hard goal	129	1100	-0.08224058602150541
930	hard goal	129	1150	-0.07979775268817206
930	hard goal	131	-200	0.04524239631336391
930	hard goal	131	-150	0.042108134408601984
930	hard goal	131	-100	0.0022098010752685435
930	hard goal	131	-50	-0.033267198924731366
930	hard goal	131	0	-0.06383353225806476
930	hard goal	131	50	-0.07176453225806474
930	hard goal	131	100	-0.09669103225806482
930	hard goal	131	150	-0.0970765322580646
930	hard goal	131	200	-0.11255669892473137
930	hard goal	131	250	-0.09681386559139808
930	hard goal	131	300	-0.10358536559139808
930	hard goal	131	350	-0.08801636559139799
930	hard goal	131	400	-0.07754886559139806
930	hard goal	131	450	-0.07221169892473145
930	hard goal	131	500	-0.04456153225806481
930	hard goal	131	550	-0.03492636559139813
930	hard goal	131	600	-3.103225806477816e-5
930	hard goal	131	650	0.023145134408601997
930	hard goal	131	700	0.05974946774193531
930	hard goal	131	750	0.0333354677419353
930	hard goal	131	800	-0.024589698924731396
930	hard goal	131	850	-0.0842021989247314
930	hard goal	131	900	-0.15306686559139804
930	hard goal	131	950	-0.3026076989247315
930	hard goal	131	1e3	NA
930	hard goal	131	1050	NA
930	hard goal	131	1100	NA
930	hard goal	131	1150	NA
930	hard goal	132	-200	-0.027762317972350292
930	hard goal	132	-150	-0.012161698924731216
930	hard goal	132	-100	0.009287967741935447
930	hard goal	132	-50	0.016981634408602158
930	hard goal	132	0	0.01828146774193547
930	hard goal	132	50	0.017148134408602116
930	hard goal	132	100	0.026162634408602115
930	hard goal	132	150	0.02070913440860204
930	hard goal	132	200	0.03027980107526873
930	hard goal	132	250	0.035607134408602116
930	hard goal	132	300	0.04061846774193545
930	hard goal	132	350	0.07719513440860215
930	hard goal	132	400	0.10093013440860214
930	hard goal	132	450	0.11872980107526872
930	hard goal	132	500	0.1388308010752687
930	hard goal	132	550	0.18663163440860217
930	hard goal	132	600	0.20139663440860214
930	hard goal	132	650	0.21887996774193544
930	hard goal	132	700	0.23157463440860204
930	hard goal	132	750	0.1824677177419355
930	hard goal	132	800	NA
930	hard goal	132	850	NA
930	hard goal	132	900	NA
930	hard goal	132	950	-0.10949963225806458
930	hard goal	132	1e3	0.031275134408602114
930	hard goal	132	1050	0.058760634408602165
930	hard goal	132	1100	0.13574230107526866
930	hard goal	132	1150	0.18137713440860215
930	hard goal	133	-200	0.033595033333333246
930	hard goal	133	-150	0.0020921999999998775
930	hard goal	133	-100	-0.0034468000000001573
930	hard goal	133	-50	-0.016044133333333432
930	hard goal	133	0	-0.016196300000000125
930	hard goal	133	50	-0.004841133333333507
930	hard goal	133	100	-0.010785300000000145
930	hard goal	133	150	0.0031413666666664972
930	hard goal	133	200	0.011239533333333199
930	hard goal	133	250	0.004209033333333112
930	hard goal	133	300	0.0030413666666665082
930	hard goal	133	350	0.0156683666666666
930	hard goal	133	400	0.009561699999999895
930	hard goal	133	450	0.01378203333333324
930	hard goal	133	500	0.03224919999999979
930	hard goal	133	550	0.06838703333333311
930	hard goal	133	600	0.11697069999999991
930	hard goal	133	650	0.1375938999999998
930	hard goal	133	700	0.12802612857142856
930	hard goal	133	750	0.09763536666666657
930	hard goal	133	800	0.07106489999999983
930	hard goal	133	850	0.028848985714285607
930	hard goal	133	900	-0.006914300000000114
930	hard goal	133	950	-0.01868580000000016
930	hard goal	133	1e3	-0.016068966666666684
930	hard goal	133	1050	-0.022641133333333396
930	hard goal	133	1100	-0.019114466666666868
930	hard goal	133	1150	-0.011745800000000065
930	hard goal	134	-200	-0.004941511520737534
930	hard goal	134	-150	-0.001159559139785049
930	hard goal	134	-100	-0.0017227258064518303
930	hard goal	134	-50	0.007276774193548293
930	hard goal	134	0	0.001370607526881636
930	hard goal	134	50	0.005481774193548154
930	hard goal	134	100	0.008380774193548138
930	hard goal	134	150	0.01680194086021484
930	hard goal	134	200	0.030596107526881466
930	hard goal	134	250	0.03320294086021488
930	hard goal	134	300	0.0349836075268816
930	hard goal	134	350	0.06580377419354821
930	hard goal	134	400	0.08845477419354819
930	hard goal	134	450	0.12512577419354823
930	hard goal	134	500	0.15813344086021494
930	hard goal	134	550	0.20955310752688158
930	hard goal	134	600	0.2600151075268815
930	hard goal	134	650	0.31384727419354813
930	hard goal	134	700	0.32203444086021493
930	hard goal	134	750	0.29689294086021484
930	hard goal	134	800	0.24077027419354816
930	hard goal	134	850	0.1396070241935483
930	hard goal	134	900	NA
930	hard goal	134	950	NA
930	hard goal	134	1e3	NA
930	hard goal	134	1050	-0.07864139247311841
930	hard goal	134	1100	0.01666794086021491
930	hard goal	134	1150	0.08849560752688153
930	hard goal	135	-200	0.010716852534562322
930	hard goal	135	-150	0.012201876344086168
930	hard goal	135	-100	-0.0020687903225804494
930	hard goal	135	-50	-0.007569790322580576
930	hard goal	135	0	-0.015066290322580445
930	hard goal	135	50	0.004654876344086123
930	hard goal	135	100	0.010877043010752837
930	hard goal	135	150	0.04127954301075287
930	hard goal	135	200	0.07992754301075274
930	hard goal	135	250	0.10349604301075284
930	hard goal	135	300	0.12899454301075286
930	hard goal	135	350	0.15471770967741957
930	hard goal	135	400	0.17596237634408607
930	hard goal	135	450	0.1928830430107528
930	hard goal	135	500	0.20070854301075278
930	hard goal	135	550	0.2217552096774195
930	hard goal	135	600	0.23036387634408614
930	hard goal	135	650	0.22658020967741943
930	hard goal	135	700	0.23514720967741942
930	hard goal	135	750	0.23534304301075282
930	hard goal	135	800	0.14639620967741962
930	hard goal	135	850	NA
930	hard goal	135	900	NA
930	hard goal	135	950	0.13459770967741935
930	hard goal	135	1e3	0.18900628110599088
930	hard goal	135	1050	0.17565570967741947
930	hard goal	135	1100	0.1761567096774194
930	hard goal	135	1150	0.19409937634408622
930	hard goal	136	-200	-0.0054634009216592005
930	hard goal	136	-150	-0.0034212580645163193
930	hard goal	136	-100	-0.004820924731183007
930	hard goal	136	-50	0.002423575268816943
930	hard goal	136	0	0.012192575268817007
930	hard goal	136	50	0.03039724193548358
930	hard goal	136	100	0.05072457526881702
930	hard goal	136	150	0.07378390860215027
930	hard goal	136	200	0.09061740860215022
930	hard goal	136	250	0.1067947419354837
930	hard goal	136	300	0.11481474193548362
930	hard goal	136	350	0.1212319086021502
930	hard goal	136	400	0.136879075268817
930	hard goal	136	450	0.15020157526881697
930	hard goal	136	500	0.18790640860215033
930	hard goal	136	550	0.21825874193548356
930	hard goal	136	600	0.26423474193548363
930	hard goal	136	650	0.20072654193548356
930	hard goal	136	700	NA
930	hard goal	136	750	NA
930	hard goal	136	800	0.07945254193548364
930	hard goal	136	850	0.21022924193548365
930	hard goal	136	900	0.13548940860215022
930	hard goal	136	950	0.13985207526881696
930	hard goal	136	1e3	0.1392927419354836
930	hard goal	136	1050	0.15458157526881697
930	hard goal	136	1100	0.1618880752688169
930	hard goal	136	1150	0.11943007526881688
930	hard goal	137	-200	-1.0636866359454393e-4
930	hard goal	137	-150	-0.014248559139784955
930	hard goal	137	-100	-0.008368725806451613
930	hard goal	137	-50	0.009761440860214984
930	hard goal	137	0	0.012979940860214997
930	hard goal	137	50	0.039358607526881695
930	hard goal	137	100	0.03384727419354842
930	hard goal	137	150	0.04092227419354829
930	hard goal	137	200	0.05859994086021506
930	hard goal	137	250	0.05977594086021506
930	hard goal	137	300	0.07839960752688173
930	hard goal	137	350	0.07592860752688169
930	hard goal	137	400	0.08667527419354837
930	hard goal	137	450	0.0967257741935484
930	hard goal	137	500	0.12324044086021495
930	hard goal	137	550	0.14660477419354842
930	hard goal	137	600	0.17135977419354828
930	hard goal	137	650	0.21242694086021507
930	hard goal	137	700	0.24881910752688166
930	hard goal	137	750	0.29126127419354836
930	hard goal	137	800	0.2996077741935484
930	hard goal	137	850	0.1683097741935482
930	hard goal	137	900	NA
930	hard goal	137	950	NA
930	hard goal	137	1e3	NA
930	hard goal	137	1050	-0.087855559139785
930	hard goal	137	1100	0.06254694086021506
930	hard goal	137	1150	0.1586266075268817
930	hard goal	138	-200	0.016880599999999985
930	hard goal	138	-150	0.015197599999999811
930	hard goal	138	-100	0.0027390999999999575
930	hard goal	138	-50	-0.014317566666666762
930	hard goal	138	0	-0.020499733333333364
930	hard goal	138	50	-0.03781740000000008
930	hard goal	138	100	-0.025706066666666787
930	hard goal	138	150	-0.031816233333333464
930	hard goal	138	200	-0.03966956666666673
930	hard goal	138	250	-0.03151923333333347
930	hard goal	138	300	-0.009924066666666823
930	hard goal	138	350	-0.01168240000000013
930	hard goal	138	400	0.004686099999999953
930	hard goal	138	450	0.030038933333333295
930	hard goal	138	500	0.06502909999999991
930	hard goal	138	550	0.09597459999999984
930	hard goal	138	600	0.13429693333333317
930	hard goal	138	650	0.15820809999999996
930	hard goal	138	700	0.1866560999999999
930	hard goal	138	750	0.19741843333333323
930	hard goal	138	800	0.17105959999999998
930	hard goal	138	850	0.13490559999999988
930	hard goal	138	900	0.1254760999999999
930	hard goal	138	950	0.10417088571428566
930	hard goal	138	1e3	0.09701309999999985
930	hard goal	138	1050	0.1036982666666666
930	hard goal	138	1100	0.11103326666666653
930	hard goal	138	1150	0.11926243333333326
930	hard goal	139	-200	0.01670466666666659
930	hard goal	139	-150	0.010956499999999961
930	hard goal	139	-100	0.003354666666666691
930	hard goal	139	-50	-0.010283499999999965
930	hard goal	139	0	-0.020732333333333425
930	hard goal	139	50	-0.03399683333333344
930	hard goal	139	100	-0.08675200000000009
930	hard goal	139	150	NA
930	hard goal	139	200	NA
930	hard goal	139	250	-0.4490195000000002
930	hard goal	139	300	-0.21447583333333334
930	hard goal	139	350	-0.021403833333333438
930	hard goal	139	400	0.02353466666666663
930	hard goal	139	450	0.03974966666666657
930	hard goal	139	500	0.057140000000000045
930	hard goal	139	550	0.07745883333333332
930	hard goal	139	600	0.08629283333333326
930	hard goal	139	650	0.13007733333333338
930	hard goal	139	700	0.1417838333333333
930	hard goal	139	750	0.11774249999999993
930	hard goal	139	800	0.09625233333333316
930	hard goal	139	850	0.06104366666666657
930	hard goal	139	900	0.046158833333333295
930	hard goal	139	950	0.024951333333333325
930	hard goal	139	1e3	0.0037040000000000037
930	hard goal	139	1050	-0.021325833333333415
930	hard goal	139	1100	-0.039883833333333375
930	hard goal	139	1150	-0.043584666666666605
930	hard goal	140	-200	-0.0015567327188942112
930	hard goal	140	-150	0.0020840053763438635
930	hard goal	140	-100	0.02690233870967725
930	hard goal	140	-50	0.0027123387096772422
930	hard goal	140	0	-0.02988249462365607
930	hard goal	140	50	-0.06786299462365612
930	hard goal	140	100	-0.07650666129032276
930	hard goal	140	150	-0.09436966129032272
930	hard goal	140	200	-0.09707516129032268
930	hard goal	140	250	-0.08420399462365613
930	hard goal	140	300	-0.08148482795698937
930	hard goal	140	350	-0.09094432795698941
930	hard goal	140	400	-0.09236599462365606
930	hard goal	140	450	-0.09400632795698945
930	hard goal	140	500	-0.07210766129032287
930	hard goal	140	550	-0.04546716129032272
930	hard goal	140	600	-0.01473016129032286
930	hard goal	140	650	-0.040642494623656024
930	hard goal	140	700	NA
930	hard goal	140	750	NA
930	hard goal	140	800	-0.7480404946236562
930	hard goal	140	850	-0.47382416129032273
930	hard goal	140	900	-0.306895494623656
930	hard goal	140	950	-0.2233799946236561
930	hard goal	140	1e3	-0.18401599462365606
930	hard goal	140	1050	-0.17595132795698945
930	hard goal	140	1100	-0.15821016129032284
930	hard goal	140	1150	-0.18981816129032278
