Subject	TrialId	bin	pupil_change
1182	1	-200	0.02298379723502299
1182	1	-150	0.0382147258064515
1182	1	-100	0.0037802258064514316
1182	1	-50	-0.021233774193548365
1182	1	0	-0.047575607526881836
1182	1	50	-0.051379107526881906
1182	1	100	-0.05617594086021516
1182	1	150	-0.07364160752688183
1182	1	200	-0.06401677419354845
1182	1	250	-0.06602394086021517
1182	1	300	-0.03551444086021512
1182	1	350	-0.04481437419354846
1182	1	400	0.001090368663594418
1182	1	450	0.03231589247311817
1182	1	500	0.07628322580645157
1182	1	550	0.12873922580645156
1182	1	600	0.20361422580645142
1182	1	650	0.1590172258064515
1182	1	700	0.10186039247311822
1182	1	750	0.0601667258064514
1182	1	800	-0.011541607526881862
1182	1	850	-0.03140527419354844
1182	1	900	-0.05426960752688181
1182	1	950	-0.04889244086021508
1182	1	1e3	-0.029672574193548497
1182	1	1050	NA
1182	1	1100	-0.23383477419354848
1182	1	1150	-0.07453010752688176
1182	2	-200	0.02543152073732724
1182	2	-150	0.002562139784946238
1182	2	-100	-0.005051026881720396
1182	2	-50	-0.013139360215053797
1182	2	0	-0.014041860215053825
1182	2	50	-0.016272526881720466
1182	2	100	-0.027619693548387003
1182	2	150	-0.05260586021505379
1182	2	200	-0.04732502688172039
1182	2	250	-0.08650586021505376
1182	2	300	-0.11541702688172044
1182	2	350	-0.0899303602150537
1182	2	400	-0.1013925268817204
1182	2	450	-0.07432302688172039
1182	2	500	-0.04160036021505379
1182	2	550	-0.0013470268817203923
1182	2	600	0.0574219731182796
1182	2	650	0.030430306451613005
1182	2	700	0.004559639784946261
1182	2	750	-0.055890860215053774
1182	2	800	-0.11459494354838717
1182	2	850	NA
1182	2	900	NA
1182	2	950	-0.4603611935483869
1182	2	1e3	-0.3127058602150538
1182	2	1050	-0.3309871935483872
1182	2	1100	-0.28705336021505373
1182	2	1150	-0.2943943602150538
1182	3	-200	0.05381332258064501
1182	3	-150	0.025056655913978432
1182	3	-100	-0.017584844086021567
1182	3	-50	-0.02844267741935506
1182	3	0	-0.04181134408602164
1182	3	50	-0.06163751075268831
1182	3	100	-0.05324834408602164
1182	3	150	-0.042622844086021607
1182	3	200	-0.050265844086021604
1182	3	250	-0.04470167741935501
1182	3	300	-0.050654844086021646
1182	3	350	-0.030781010752688315
1182	3	400	-0.03055817741935485
1182	3	450	0.027302822580645092
1182	3	500	0.05840148924731162
1182	3	550	0.10753782258064493
1182	3	600	0.1671911559139784
1182	3	650	0.19148932258064502
1182	3	700	0.18518882258064506
1182	3	750	0.14751165591397833
1182	3	800	0.08919998924731172
1182	3	850	0.08459148924731179
1182	3	900	0.06008265591397836
1182	3	950	0.022358155913978422
1182	3	1e3	0.006602989247311693
1182	3	1050	0.02636465591397837
1182	3	1100	0.029175322580644963
1182	3	1150	0.0361534892473118
1182	4	-200	0.0396791566820275
1182	4	-150	0.024191870967742002
1182	4	-100	0.02105837096774188
1182	4	-50	-0.02355079569892486
1182	4	0	-0.06799179569892481
1182	4	50	-0.08423946236559139
1182	4	100	-0.11750896236559139
1182	4	150	-0.13103679569892482
1182	4	200	-0.16385712903225813
1182	4	250	-0.13846612903225827
1182	4	300	-0.15855646236559143
1182	4	350	-0.1371841290322581
1182	4	400	-0.1264669623655915
1182	4	450	-0.06923829569892481
1182	4	500	-0.023838629032258234
1182	4	550	0.021923537634408463
1182	4	600	0.0592677043010752
1182	4	650	0.015686704301075178
1182	4	700	0.024680204301075204
1182	4	750	-0.07477196236559143
1182	4	800	-0.11773762903225811
1182	4	850	-0.12917362903225804
1182	4	900	-0.15083512903225813
1182	4	950	-0.16745212903225815
1182	4	1e3	-0.1790546290322582
1182	4	1050	-0.16275212903225814
1182	4	1100	-0.19458746236559143
1182	4	1150	-0.19773712903225818
1182	5	-200	0.030029036866359667
1182	5	-150	0.0011366559139787125
1182	5	-100	-0.008348344086021328
1182	5	-50	-0.006737344086021298
1182	5	0	-0.02108484408602133
1182	5	50	-0.024258177419354654
1182	5	100	-0.009982844086021311
1182	5	150	6.061559139787231e-4
1182	5	200	0.03189215591397865
1182	5	250	0.034173989247312075
1182	5	300	0.03656998924731214
1182	5	350	0.0986371559139787
1182	5	400	0.12986715591397857
1182	5	450	0.16262148924731212
1182	5	500	0.22682532258064536
1182	5	550	0.24141765591397868
1182	5	600	0.2608096559139787
1182	5	650	0.19041698924731207
1182	5	700	0.11955782258064536
1182	5	750	0.059307989247312065
1182	5	800	0.031589655913978776
1182	5	850	-5.917741935464645e-5
1182	5	900	-0.025358510752687913
1182	5	950	-0.07192351075268795
1182	5	1e3	-0.09588084408602127
1182	5	1050	-0.09943101075268797
1182	5	1100	-0.11597201075268797
1182	5	1150	-0.09132567741935464
1182	6	-200	-0.00737770967741921
1182	6	-150	0.01897912365591418
1182	6	-100	-0.002490876344085846
1182	6	-50	-0.007661376344085887
1182	6	0	-2.195430107524802e-4
1182	6	50	0.006003123655914155
1182	6	100	0.00721495698924753
1182	6	150	0.04769612365591428
1182	6	200	0.06553095698924756
1182	6	250	0.08578562365591424
1182	6	300	0.0633572903225809
1182	6	350	0.07278912365591417
1182	6	400	0.10541245698924755
1182	6	450	0.12663112365591425
1182	6	500	0.1715966236559141
1182	6	550	0.16351129032258097
1182	6	600	0.19945962365591421
1182	6	650	0.20218179032258088
1182	6	700	0.16953945698924752
1182	6	750	0.10882462365591412
1182	6	800	0.05232979032258086
1182	6	850	-0.02090420967741924
1182	6	900	NA
1182	6	950	NA
1182	6	1e3	-0.1302687096774191
1182	6	1050	-0.12717454301075248
1182	6	1100	-0.16985554301075245
1182	6	1150	-0.19415554301075244
1182	7	-200	0.025091313364055092
1182	7	-150	0.015347741935483642
1182	7	-100	-0.0024424247311830203
1182	7	-50	-0.010154258064516345
1182	7	0	-0.03202425806451633
1182	7	50	-0.022853924731183046
1182	7	100	-0.036564924731183
1182	7	150	-0.03407975806451632
1182	7	200	-0.006439924731183044
1182	7	250	0.009365575268816947
1182	7	300	0.006701241935483567
1182	7	350	0.00596274193548374
1182	7	400	0.027343741935483685
1182	7	450	0.055033408602150224
1182	7	500	0.10685090860215037
1182	7	550	0.17385357526881698
1182	7	600	0.2487014086021504
1182	7	650	0.2734005752688171
1182	7	700	0.20140274193548358
1182	7	750	0.09948657526881699
1182	7	800	0.18794524193548368
1182	7	850	0.18731224193548365
1182	7	900	0.18534790860215042
1182	7	950	0.19347824193548369
1182	7	1e3	0.20650474193548365
1182	7	1050	0.224360575268817
1182	7	1100	0.21373707526881702
1182	7	1150	0.14095374193548382
1182	8	-200	-0.0036824562211981793
1182	8	-150	-0.014095408602150602
1182	8	-100	0.010592758064516206
1182	8	-50	0.018102924731182874
1182	8	0	-0.010304075268817195
1182	8	50	0.003653424731182797
1182	8	100	-0.0297495752688172
1182	8	150	-0.02346407526881718
1182	8	200	-0.02116157526881716
1182	8	250	-0.020042408602150525
1182	8	300	-0.04175624193548377
1182	8	350	-0.040770741935483766
1182	8	400	-0.03214790860215048
1182	8	450	-0.008088408602150432
1182	8	500	0.043030924731182786
1182	8	550	0.09318192473118292
1182	8	600	0.11932109139784952
1182	8	650	0.1509037580645162
1182	8	700	0.12524859139784947
1182	8	750	0.10441375806451614
1182	8	800	0.06425042473118288
1182	8	850	0.047727758064516124
1182	8	900	0.04194725806451616
1182	8	950	0.011578258064516142
1182	8	1e3	0.008519258064516144
1182	8	1050	-0.0046850752688171555
1182	8	1100	0.03141342473118288
1182	8	1150	0.02806475806451621
1182	9	-200	-0.024000516129032274
1182	9	-150	-0.015508682795699094
1182	9	-100	-0.011803349462365645
1182	9	-50	0.029292341013824736
1182	9	0	0.017138150537634306
1182	9	50	-0.0014063494623656563
1182	9	100	-0.0013250161290322786
1182	9	150	0.011038150537634314
1182	9	200	0.028586483870967665
1182	9	250	0.05215698387096768
1182	9	300	0.0656114838709676
1182	9	350	0.09609048387096768
1182	9	400	0.119939317204301
1182	9	450	0.15513615053763438
1182	9	500	0.21397931720430097
1182	9	550	0.23721198387096773
1182	9	600	0.282546817204301
1182	9	650	0.3093339838709676
1182	9	700	0.29882448387096777
1182	9	750	NA
1182	9	800	NA
1182	9	850	NA
1182	9	900	NA
1182	9	950	NA
1182	9	1e3	NA
1182	9	1050	-0.0037665161290322637
1182	9	1100	0.13706362672811054
1182	9	1150	0.09114915053763435
1182	10	-200	0.04660964516129042
1182	10	-150	0.02371924516129047
1182	10	-100	0.0035576451612903603
1182	10	-50	-0.03173085483870963
1182	10	0	-0.046563688172043115
1182	10	50	-0.060650021505376316
1182	10	100	-0.05112595483870965
1182	10	150	-0.0628814976958525
1182	10	200	-0.08291168817204293
1182	10	250	-0.12231218817204288
1182	10	300	-0.12509335483870965
1182	10	350	-0.12474885483870961
1182	10	400	-0.13733235483870962
1182	10	450	-0.12486052150537634
1182	10	500	-0.1039278548387097
1182	10	550	-0.054682021505376266
1182	10	600	-0.1662213548387097
1182	10	650	NA
1182	10	700	-0.01798035483870956
1182	10	750	-0.03547252150537624
1182	10	800	-0.05858018817204299
1182	10	850	-0.06864202150537631
1182	10	900	-0.05696252150537632
1182	10	950	-0.02278102150537638
1182	10	1e3	-0.024929188172043037
1182	10	1050	-0.031159188172042922
1182	10	1100	-0.04608002150537619
1182	10	1150	-0.04538868817204297
1182	11	-200	-0.014275562211981388
1182	11	-150	0.006301247311828091
1182	11	-100	-9.900860215052247e-4
1182	11	-50	0.0010129139784947523
1182	11	0	0.010330747311828073
1182	11	50	0.01729924731182823
1182	11	100	9.134139784948333e-4
1182	11	150	0.03652708064516149
1182	11	200	0.06996708064516155
1182	11	250	0.07498991397849486
1182	11	300	0.07026708064516145
1182	11	350	0.09495974731182814
1182	11	400	0.10443924731182815
1182	11	450	0.12683824731182822
1182	11	500	0.19253874731182816
1182	11	550	0.18701708064516143
1182	11	600	0.15671608064516152
1182	11	650	0.09444974731182805
1182	11	700	0.0273405806451615
1182	11	750	-0.07361891935483851
1182	11	800	-0.13061641935483848
1182	11	850	-0.1365152526881718
1182	11	900	-0.19482308602150514
1182	11	950	-0.2196458193548385
1182	11	1e3	-0.22888399078341
1182	11	1050	-0.24711741935483852
1182	11	1100	-0.2549596193548386
1182	11	1150	-0.24733156221198133
1182	12	-200	0.01815836666666663
1182	12	-150	-8.914666666667662e-4
1182	12	-100	3.6869999999988856e-4
1182	12	-50	-0.011271300000000206
1182	12	0	-0.006364300000000063
1182	12	50	0.016985366666666463
1182	12	100	0.05378469999999987
1182	12	150	0.08703453333333318
1182	12	200	0.12156986666666654
1182	12	250	0.1226895333333331
1182	12	300	0.11221079523809514
1182	12	350	0.13681296666666656
1182	12	400	0.17671436666666654
1182	12	450	0.1788321999999999
1182	12	500	0.21501836666666652
1182	12	550	0.23874686666666647
1182	12	600	0.26056136666666646
1182	12	650	0.22029419999999988
1182	12	700	NA
1182	12	750	-0.15324143333333334
1182	12	800	0.0570088666666666
1182	12	850	0.03499336666666656
1182	12	900	-0.004884061904762062
1182	12	950	-0.01726963333333346
1182	12	1e3	-0.026182633333333483
1182	12	1050	-0.02479296666666686
1182	12	1100	-0.03515196666666679
1182	12	1150	-0.012527966666666815
1182	13	-200	-0.011671672811060027
1182	13	-150	-0.022391387096774313
1182	13	-100	0.0027912129032256596
1182	13	-50	0.010782612903225733
1182	13	0	0.021102612903225754
1182	13	50	0.01125727956989242
1182	13	100	-0.015723553763440885
1182	13	150	-0.017895553763441097
1182	13	200	0.017944446236559147
1182	13	250	0.009666212903225713
1182	13	300	0.0312714700460829
1182	13	350	0.0647541129032257
1182	13	400	0.08185911290322571
1182	13	450	0.08498577956989228
1182	13	500	0.1171201129032257
1182	13	550	0.1734819462365591
1182	13	600	0.17260077956989237
1182	13	650	0.13599711290322572
1182	13	700	0.08673581290322571
1182	13	750	0.04858261290322571
1182	13	800	-0.018592244239631444
1182	13	850	-0.06060088709677425
1182	13	900	-0.08949788709677427
1182	13	950	-0.1041520537634409
1182	13	1e3	-0.11575688709677423
1182	13	1050	-0.12559472043010764
1182	13	1100	-0.11478838709677423
1182	13	1150	-0.11598738709677432
1182	14	-200	-0.06318868663594492
1182	14	-150	-0.021554091397849657
1182	14	-100	0.01127290860215043
1182	14	-50	0.033501908602150486
1182	14	0	0.05049940860215041
1182	14	50	0.09843224193548372
1182	14	100	0.11266907526881702
1182	14	150	0.1243477419354837
1182	14	200	0.13896140860215037
1182	14	250	0.11157054193548373
1182	14	300	0.09435017050691227
1182	14	350	0.07898324193548367
1182	14	400	0.10831290860215037
1182	14	450	0.13537874193548385
1182	14	500	0.19421407526881698
1182	14	550	0.20958257526881705
1182	14	600	0.23284090860215043
1182	14	650	0.16747424193548377
1182	14	700	0.11702640860215034
1182	14	750	0.06112494193548379
1182	14	800	0.045781456221198
1182	14	850	0.0019625752688171203
1182	14	900	-0.016035258064516267
1182	14	950	-0.00910940092165908
1182	14	1e3	-0.040149924731182875
1182	14	1050	-0.024640424731182886
1182	14	1100	0.007850241935483707
1182	14	1150	0.024182575268817102
1182	15	-200	-0.004446433179723375
1182	15	-150	1.1437634408606456e-4
1182	15	-100	0.01928770967741955
1182	15	-50	-0.008505456989247243
1182	15	0	-0.005709123655913843
1182	15	50	0.046515209677419435
1182	15	100	0.03598170967741946
1182	15	150	0.07128004301075275
1182	15	200	0.07800937634408618
1182	15	250	0.08509787634408617
1182	15	300	0.09817420967741948
1182	15	350	0.1080755430107528
1182	15	400	0.12724054301075283
1182	15	450	0.17748737634408607
1182	15	500	0.2086078763440861
1182	15	550	0.2752767096774194
1182	15	600	0.3178278763440862
1182	15	650	0.3564205430107528
1182	15	700	0.2915080430107528
1182	15	750	NA
1182	15	800	NA
1182	15	850	NA
1182	15	900	NA
1182	15	950	NA
1182	15	1e3	NA
1182	15	1050	NA
1182	15	1100	NA
1182	15	1150	NA
1182	16	-200	-0.00936230875576032
1182	16	-150	-0.022757118279569905
1182	16	-100	0.012078715053763492
1182	16	-50	0.01979621505376346
1182	16	0	0.0018048817204301404
1182	16	50	0.032842381720430115
1182	16	100	0.059196381720430104
1182	16	150	0.0713778817204301
1182	16	200	0.08241171505376348
1182	16	250	0.12007438172043024
1182	16	300	0.11042971505376349
1182	16	350	0.12524388172043022
1182	16	400	0.13896371505376348
1182	16	450	0.1904203817204302
1182	16	500	0.2213580483870968
1182	16	550	0.25446804838709675
1182	16	600	0.2966795483870968
1182	16	650	0.2860222150537635
1182	16	700	NA
1182	16	750	NA
1182	16	800	0.029245881720430116
1182	16	850	0.1886797150537635
1182	16	900	0.1839433817204302
1182	16	950	0.16585071505376345
1182	16	1e3	0.17971054838709688
1182	16	1050	0.19297138172043016
1182	16	1100	0.21431204838709683
1182	16	1150	0.18426204838709684
1182	17	-200	-0.017071506912442174
1182	17	-150	-0.007239935483870734
1182	17	-100	0.002190897849462544
1182	17	-50	0.003962897849462503
1182	17	0	0.02100289784946252
1182	17	50	0.05220889784946259
1182	17	100	0.07604906451612936
1182	17	150	0.12122823118279591
1182	17	200	0.1563720645161292
1182	17	250	0.15567473118279587
1182	17	300	0.16622956451612927
1182	17	350	0.17165939784946257
1182	17	400	0.20501956451612924
1182	17	450	0.21027523118279579
1182	17	500	0.22351956451612928
1182	17	550	0.22362123118279595
1182	17	600	0.2046258978494626
1182	17	650	0.12685289784946252
1182	17	700	0.07968523118279595
1182	17	750	0.017378897849462522
1182	17	800	-0.030028768817204066
1182	17	850	-0.059234935483870745
1182	17	900	-0.09380310215053751
1182	17	950	-0.10342660215053738
1182	17	1e3	-0.10135476881720407
1182	17	1050	-0.0984087688172041
1182	17	1100	-0.10044393548387072
1182	17	1150	-0.08054260215053748
1182	18	-200	-0.012372200000000019
1182	18	-150	-0.016253366666666658
1182	18	-100	-3.387000000000621e-4
1182	18	-50	0.013737799999999986
1182	18	0	0.015226466666666605
1182	18	50	0.045548966666666635
1182	18	100	0.052273990476190475
1182	18	150	0.02743496666666667
1182	18	200	0.01670596666666661
1182	18	250	0.010113633333333297
1182	18	300	-0.010406866666666717
1182	18	350	-0.02967636666666677
1182	18	400	0.002976799999999965
1182	18	450	0.01752796666666671
1182	18	500	0.05347930000000001
1182	18	550	0.06999846666666658
1182	18	600	0.08559246666666669
1182	18	650	-0.04300936666666666
1182	18	700	NA
1182	18	750	NA
1182	18	800	NA
1182	18	850	NA
1182	18	900	NA
1182	18	950	NA
1182	18	1e3	NA
1182	18	1050	NA
1182	18	1100	-0.38788886666666667
1182	18	1150	-0.10613946666666658
1182	19	-200	0.052374732718893924
1182	19	-150	0.01177949462365587
1182	19	-100	-0.007171505376344145
1182	19	-50	-0.015362005376344134
1182	19	0	-0.05034983870967754
1182	19	50	-0.053529838709677424
1182	19	100	-0.09485283870967742
1182	19	150	-0.1147300053763441
1182	19	200	-0.1240411720430108
1182	19	250	-0.13158433870967756
1182	19	300	-0.10888433870967755
1182	19	350	-0.09337283870967734
1182	19	400	-0.07477200537634417
1182	19	450	-0.04144367204301077
1182	19	500	-0.02065867204301079
1182	19	550	0.04425482795698921
1182	19	600	0.09982182795698913
1182	19	650	NA
1182	19	700	NA
1182	19	750	NA
1182	19	800	NA
1182	19	850	NA
1182	19	900	NA
1182	19	950	NA
1182	19	1e3	NA
1182	19	1050	NA
1182	19	1100	NA
1182	19	1150	NA
1182	20	-200	0.014794944700460912
1182	20	-150	-0.015223150537634345
1182	20	-100	-0.014392483870967698
1182	20	-50	-0.0029411505376343663
1182	20	0	0.015296016129032308
1182	20	50	-0.009869483870967718
1182	20	100	-0.01840765053763434
1182	20	150	0.0025233494623656907
1182	20	200	0.007138116129032391
1182	20	250	0.002189944700460839
1182	20	300	0.010097916129032302
1182	20	350	0.01424508755760374
1182	20	400	0.017332516129032305
1182	20	450	0.05595934946236566
1182	20	500	0.09823434946236564
1182	20	550	0.12244231612903231
1182	20	600	NA
1182	20	650	NA
1182	20	700	-0.08923388387096765
1182	20	750	-0.08910081720430107
1182	20	800	-0.1298309838709677
1182	20	850	-0.12166515053763434
1182	20	900	-0.10873281720430095
1182	20	950	-0.10377815053763435
1182	20	1e3	-0.11175315053763428
1182	20	1050	-0.14045581720430098
1182	20	1100	-0.14717348387096774
1182	20	1150	-0.156052317204301
1182	21	-200	-0.014209961904761823
1182	21	-150	-0.027720333333333257
1182	21	-100	0.0010750380952381708
1182	21	-50	0.007671966666666696
1182	21	0	0.03690286666666669
1182	21	50	0.03772618095238104
1182	21	100	0.06645446666666681
1182	21	150	0.07707496666666673
1182	21	200	0.06815746666666674
1182	21	250	0.03885796666666671
1182	21	300	0.031106966666666642
1182	21	350	0.021706133333333415
1182	21	400	0.028937466666666783
1182	21	450	0.02685913333333338
1182	21	500	0.041259633333333344
1182	21	550	0.039678466666666704
1182	21	600	0.08829060952380953
1182	21	650	0.10497313333333332
1182	21	700	0.10447763333333342
1182	21	750	-0.15760953333333338
1182	21	800	NA
1182	21	850	NA
1182	21	900	-0.19473853333333313
1182	21	950	0.051705466666666665
1182	21	1e3	-0.04119970000000003
1182	21	1050	-0.06716319999999991
1182	21	1100	-0.06536403333333325
1182	21	1150	-0.02552836666666658
1182	22	-200	-9.892165898619204e-4
1182	22	-150	0.010861354838709461
1182	22	-100	-0.0026553118279571595
1182	22	-50	-0.005210145161290407
1182	22	0	-0.0018418118279571367
1182	22	50	-0.01270464516129044
1182	22	100	-0.031450645161290515
1182	22	150	-0.02572964516129043
1182	22	200	-0.026986311827957115
1182	22	250	-0.0059931451612904585
1182	22	300	-0.025144311827957216
1182	22	350	-0.028338145161290518
1182	22	400	-0.013315645161290432
1182	22	450	0.02798515483870938
1182	22	500	0.0919441548387094
1182	22	550	0.13390335483870955
1182	22	600	0.17708835483870952
1182	22	650	0.17132785483870946
1182	22	700	0.15879535483870946
1182	22	750	0.12978921198156662
1182	22	800	0.07800552150537617
1182	22	850	0.04281818817204278
1182	22	900	0.004713688172042874
1182	22	950	0.0035678548387095463
1182	22	1e3	-0.009125478494623826
1182	22	1050	-0.026541978494623846
1182	22	1100	-0.029742978494623856
1182	22	1150	-0.004551145161290515
1182	23	-200	-0.038429365591397945
1182	23	-150	-0.015684746543778858
1182	23	-100	0.011097634408602156
1182	23	-50	0.014855301075268704
1182	23	0	0.030775301075268713
1182	23	50	0.035156967741935365
1182	23	100	0.016828134408602164
1182	23	150	0.014920301075268613
1182	23	200	0.01800846774193543
1182	23	250	0.031995634408602015
1182	23	300	0.06147276774193529
1182	23	350	0.08650153917050682
1182	23	400	0.09036613440860204
1182	23	450	0.13744716774193533
1182	23	500	0.15061430107526874
1182	23	550	0.18703636774193538
1182	23	600	0.1915922534562212
1182	23	650	0.15584196774193537
1182	23	700	0.11696596774193539
1182	23	750	0.08369480107526865
1182	23	800	0.04759896774193536
1182	23	850	0.03563596774193534
1182	23	900	0.004927467741935458
1182	23	950	-0.002121865591397931
1182	23	1e3	0.015165467741935426
1182	23	1050	0.019168967741935328
1182	23	1100	0.02057863440860201
1182	23	1150	0.028003134408602026
1182	24	-200	-0.01577823502304135
1182	24	-150	-0.010203806451612785
1182	24	-100	0.008727026881720557
1182	24	-50	0.003087193548387305
1182	24	0	0.0167975268817205
1182	24	50	0.00928836021505397
1182	24	100	0.047134026881720636
1182	24	150	0.04987536021505375
1182	24	200	0.052810026881720575
1182	24	250	0.05822052688172056
1182	24	300	0.046320360215053924
1182	24	350	0.05001652688172046
1182	24	400	0.06697752688172054
1182	24	450	0.09222902688172059
1182	24	500	0.1142258602150538
1182	24	550	0.16030469354838725
1182	24	600	0.1821983935483873
1182	24	650	0.22846505069124431
1182	24	700	0.160933860215054
1182	24	750	NA
1182	24	800	-0.18385930645161275
1182	24	850	0.0190836935483872
1182	24	900	0.08792202688172053
1182	24	950	0.05518502688172059
1182	24	1e3	0.04739469354838725
1182	24	1050	0.06292786021505388
1182	24	1100	0.0704868602150539
1182	24	1150	0.031123026881720566
1182	25	-200	-1.9526666666661954e-4
1182	25	-150	0.0015517333333333234
1182	25	-100	-0.007615599999999907
1182	25	-50	0.007404733333333284
1182	25	0	-0.001145600000000006
1182	25	50	-0.001793099999999992
1182	25	100	0.024575900000000095
1182	25	150	0.027352233333333437
1182	25	200	0.04525106666666671
1182	25	250	0.05049456666666674
1182	25	300	0.07452539999999996
1182	25	350	0.11283523333333341
1182	25	400	0.13703506666666673
1182	25	450	0.19205873333333337
1182	25	500	0.2485637333333334
1182	25	550	0.3026634000000001
1182	25	600	0.3436770666666667
1182	25	650	0.3447662333333334
1182	25	700	0.3334502333333334
1182	25	750	0.3070102333333334
1182	25	800	0.31169656666666684
1182	25	850	0.30792156666666665
1182	25	900	0.32868486666666674
1182	25	950	0.2908820666666667
1182	25	1e3	0.29455723333333333
1182	25	1050	0.2903605666666667
1182	25	1100	0.2792289000000001
1182	25	1150	0.3061387333333334
1182	26	-200	0.013043723502304174
1182	26	-150	-0.00718308602150534
1182	26	-100	-2.9858602150537966e-4
1182	26	-50	0.014632080645161269
1182	26	0	-0.022368086021505418
1182	26	50	-0.020131752688171984
1182	26	100	-0.06243325268817198
1182	26	150	-0.09001108602150525
1182	26	200	-0.10068158602150541
1182	26	250	-0.14192325268817205
1182	26	300	-0.125388252688172
1182	26	350	-0.15410041935483862
1182	26	400	-0.14208608602150533
1182	26	450	-0.10424191935483873
1182	26	500	-0.0474225860215054
1182	26	550	-0.04751725268817205
1182	26	600	-0.05917941935483865
1182	26	650	-0.11319925268817214
1182	26	700	-0.14373091935483875
1182	26	750	-0.20082741935483864
1182	26	800	-0.24400525268817205
1182	26	850	-0.260064252688172
1182	26	900	-0.2940955860215053
1182	26	950	-0.324908252688172
1182	26	1e3	-0.3391445860215054
1182	26	1050	-0.3381365860215053
1182	26	1100	-0.3501627526881721
1182	26	1150	-0.35320241935483865
1182	27	-200	-0.03406094470046073
1182	27	-150	-0.01730801612903221
1182	27	-100	-0.004664182795698875
1182	27	-50	0.029520983870967726
1182	27	0	0.03218898387096777
1182	27	50	0.04281881720430114
1182	27	100	0.048097483870967794
1182	27	150	0.056029150537634465
1182	27	200	0.058767983870967745
1182	27	250	0.08118698387096779
1182	27	300	0.07190631720430114
1182	27	350	0.08160348387096783
1182	27	400	0.11674431720430116
1182	27	450	0.15811931720430109
1182	27	500	0.18517398387096784
1182	27	550	0.2277251505376344
1182	27	600	0.2227428172043011
1182	27	650	0.2187234838709678
1182	27	700	0.1777756838709678
1182	27	750	0.1669309124423963
1182	27	800	0.1444368172043012
1182	27	850	0.13815098387096789
1182	27	900	0.10914215053763443
1182	27	950	0.09080831720430112
1182	27	1e3	0.08996181720430114
1182	27	1050	0.084238817204301
1182	27	1100	0.0768526505376345
1182	27	1150	0.09954515053763442
1182	28	-200	6.289000000000803e-4
1182	28	-150	-0.012134766666666538
1182	28	-100	-0.021549933333333254
1182	28	-50	0.0042692333333334
1182	28	0	0.02878656666666683
1182	28	50	0.023688900000000086
1182	28	100	0.003221566666666842
1182	28	150	-0.014853266666666531
1182	28	200	-0.005706266666666515
1182	28	250	0.010830090476190688
1182	28	300	0.04369323333333357
1182	28	350	0.07558140000000013
1182	28	400	0.07471180476190487
1182	28	450	0.09680283333333355
1182	28	500	0.12163040000000007
1182	28	550	0.1259774000000001
1182	28	600	0.1186937333333334
1182	28	650	0.025512376190476336
1182	28	700	-0.0337914333333332
1182	28	750	-0.09049276666666654
1182	28	800	-0.09898659999999992
1182	28	850	-0.12247993333333307
1182	28	900	-0.12555393333333317
1182	28	950	-0.12853309999999993
1182	28	1e3	-0.13301943333333321
1182	28	1050	-0.12848559999999995
1182	28	1100	-0.15140026666666642
1182	28	1150	-0.14562726666666656
1182	29	-200	0.0061071333333334215
1182	29	-150	0.002487800000000077
1182	29	-100	5.463000000001106e-4
1182	29	-50	-0.007491866666666569
1182	29	0	-0.0016493666666665963
1182	29	50	0.014145300000000175
1182	29	100	0.02290396666666683
1182	29	150	0.015605633333333424
1182	29	200	0.03057546666666681
1182	29	250	-0.0024545333333331567
1182	29	300	-0.010032033333333171
1182	29	350	-0.018827533333333202
1182	29	400	-0.007967366666666567
1182	29	450	0.02538080000000013
1182	29	500	0.0547896333333335
1182	29	550	0.10252746666666675
1182	29	600	0.15175663333333347
1182	29	650	0.18324296666666684
1182	29	700	0.19974206190476204
1182	29	750	0.15830046666666683
1182	29	800	0.14196013333333335
1182	29	850	0.10578280000000014
1182	29	900	0.09661813333333343
1182	29	950	0.0839364666666668
1182	29	1e3	0.06887763333333341
1182	29	1050	0.06092713333333344
1182	29	1100	0.08434013333333341
1182	29	1150	0.08765813333333343
1182	30	-200	-0.03742319815668184
1182	30	-150	-0.02170581720430098
1182	30	-100	0.004327349462365755
1182	30	-50	0.030001349462365656
1182	30	0	0.031037516129032383
1182	30	50	0.051847182795699
1182	30	100	0.05904234946236575
1182	30	150	0.06725734946236576
1182	30	200	0.09425001612903243
1182	30	250	0.10875101612903244
1182	30	300	0.13908401612903232
1182	30	350	0.15757134946236584
1182	30	400	0.17855034946236584
1182	30	450	0.19861718279569915
1182	30	500	0.18656468279569896
1182	30	550	0.16880551612903236
1182	30	600	0.11802484946236584
1182	30	650	0.03128584946236579
1182	30	700	-0.02332881720430091
1182	30	750	-0.09479748387096747
1182	30	800	-0.14723231720430086
1182	30	850	-0.16936698387096757
1182	30	900	-0.1982174838709677
1182	30	950	-0.2095724838709676
1182	30	1e3	-0.22068131720430087
1182	30	1050	-0.2271504838709677
1182	30	1100	-0.21466398387096755
1182	30	1150	-0.17191498387096757
1182	31	-200	0.02135695852534563
1182	31	-150	0.00657818709677418
1182	31	-100	-0.006515470046082962
1182	31	-50	-0.00738811290322583
1182	31	0	-0.015408779569892506
1182	31	50	-0.011019612903225987
1182	31	100	-0.02246977956989249
1182	31	150	-0.004552112903225769
1182	31	200	-0.012152612903225815
1182	31	250	-0.019226946236559222
1182	31	300	-0.026720446236559187
1182	31	350	-0.02110944623655923
1182	31	400	-0.010874446236559162
1182	31	450	-0.003160446236559237
1182	31	500	0.006339387096774107
1182	31	550	0.09434695852534551
1182	31	600	0.10259655376344086
1182	31	650	0.0627870537634408
1182	31	700	0.026194053763440788
1182	31	750	-0.026933279569892592
1182	31	800	-0.04334461290322585
1182	31	850	-0.07229894623655908
1182	31	900	-0.10501061290322584
1182	31	950	-0.12565627956989256
1182	31	1e3	-0.18319161290322591
1182	31	1050	-0.20096727956989255
1182	31	1100	-0.21695461290322582
1182	31	1150	-0.22770611290322593
1182	32	-200	-0.01857038172042998
1182	32	-150	-0.006076048387096596
1182	32	-100	0.0018571182795700618
1182	32	-50	0.010356284946236785
1182	32	0	0.01065688018433202
1182	32	50	0.023068618279570074
1182	32	100	0.038207451612903474
1182	32	150	0.04219095161290354
1182	32	200	0.048778284946236816
1182	32	250	0.03077311827957015
1182	32	300	0.05084878494623676
1182	32	350	0.07256561827957013
1182	32	400	0.08724445161290333
1182	32	450	0.1134267849462367
1182	32	500	0.11432011827957012
1182	32	550	0.14891161827956992
1182	32	600	0.11548061827957017
1182	32	650	0.0552661182795701
1182	32	700	0.001344118279570002
1182	32	750	-0.018044048387096574
1182	32	800	-0.07588854838709658
1182	32	850	-0.12559421505376323
1182	32	900	-0.15356038172042993
1182	32	950	-0.16504604838709658
1182	32	1e3	-0.1645582150537633
1182	32	1050	-0.18454088172042984
1182	32	1100	-0.18048804838709653
1182	32	1150	-0.17638154838709652
1182	33	-200	-0.009496442396313245
1182	33	-150	-0.013925204301075134
1182	33	-100	-9.907043010751366e-4
1182	33	-50	0.009558462365591547
1182	33	0	0.016436629032258177
1182	33	50	0.02724246236559158
1182	33	100	0.038889795698924846
1182	33	150	0.022049129032258197
1182	33	200	0.028373295698924883
1182	33	250	0.019714295698924838
1182	33	300	6.006290322581412e-4
1182	33	350	0.0022484623655914713
1182	33	400	-0.005892537634408557
1182	33	450	0.03727196236559157
1182	33	500	0.06888862903225819
1182	33	550	0.09983379569892488
1182	33	600	0.11182329569892484
1182	33	650	0.07269996236559144
1182	33	700	0.019063129032258114
1182	33	750	-0.03214770430107531
1182	33	800	-0.08117303763440849
1182	33	850	-0.10362453763440849
1182	33	900	-0.1319753709677418
1182	33	950	-0.16216303763440854
1182	33	1e3	-0.16252270430107515
1182	33	1050	-0.16522237096774176
1182	33	1100	-0.15712453763440845
1182	33	1150	-0.15315337096774173
1182	34	-200	-0.013604354838709603
1182	34	-150	-0.011902521505376296
1182	34	-100	-0.010447188172042932
1182	34	-50	0.024020245161290442
1182	34	0	0.01560393087557621
1182	34	50	0.004320978494623799
1182	34	100	0.013616645161290464
1182	34	150	0.01336381182795702
1182	34	200	0.03411597849462374
1182	34	250	0.06196264516129039
1182	34	300	0.0681493118279571
1182	34	350	0.07178547849462369
1182	34	400	0.09294831182795704
1182	34	450	0.10875231182795712
1182	34	500	0.14611797849462368
1182	34	550	0.15863931182795699
1182	34	600	0.1563849784946237
1182	34	650	0.11121764516129036
1182	34	700	0.09429931182795707
1182	34	750	0.05202131182795703
1182	34	800	0.002327978494623739
1182	34	850	-0.014232021505376316
1182	34	900	-0.015326021505376172
1182	34	950	-0.028716354838709563
1182	34	1e3	-0.06044785483870966
1182	34	1050	-0.07325018817204294
1182	34	1100	-0.06331702150537628
1182	34	1150	-0.04744702150537631
1182	35	-200	-0.008887899999999949
1182	35	-150	-0.010378399999999935
1182	35	-100	-0.0027527333333333313
1182	35	-50	0.01589426666666675
1182	35	0	0.0061247666666666145
1182	35	50	0.017838933333333307
1182	35	100	0.01787110000000003
1182	35	150	0.020343600000000055
1182	35	200	0.004795433333333395
1182	35	250	-0.025494566666666607
1182	35	300	-0.022072566666666644
1182	35	350	-0.01756539999999999
1182	35	400	-0.029925947619047592
1182	35	450	-0.004728233333333313
1182	35	500	0.01011126666666673
1182	35	550	0.01614196666666672
1182	35	600	-0.02126094761904751
1182	35	650	-0.06819663333333344
1182	35	700	-0.11940523333333328
1182	35	750	-0.17493306666666664
1182	35	800	-0.20887206666666672
1182	35	850	-0.23457123333333332
1182	35	900	-0.24977506666666663
1182	35	950	-0.28158673333333345
1182	35	1e3	-0.2920540666666667
1182	35	1050	-0.30445206666666663
1182	35	1100	-0.2984897333333334
1182	35	1150	-0.29787723333333344
1182	36	-200	-0.0010099078341013598
1182	36	-150	-0.002304693548387101
1182	36	-100	0.008351973118279657
1182	36	-50	-0.003651026881720328
1182	36	0	-0.0012180268817204205
1182	36	50	0.006052639784946301
1182	36	100	0.01900713978494628
1182	36	150	0.001310806451612893
1182	36	200	-0.002496360215053839
1182	36	250	-1.8069354838701202e-4
1182	36	300	0.016160139784946386
1182	36	350	0.026309639784946343
1182	36	400	0.04066397311827963
1182	36	450	0.06308447311827965
1182	36	500	0.09441380645161297
1182	36	550	0.11371080645161295
1182	36	600	0.1271969731182796
1182	36	650	0.11254563978494625
1182	36	700	0.057946806451612876
1182	36	750	0.014606306451613019
1182	36	800	-0.011650693548387029
1182	36	850	-0.03005952688172046
1182	36	900	-0.03385402688172038
1182	36	950	-0.048717193548386994
1182	36	1e3	-0.058043526881720396
1182	36	1050	-0.0655413602150537
1182	36	1100	-0.06677169354838708
1182	36	1150	-0.07811769354838716
1182	37	-200	-0.010378529953917161
1182	37	-150	-0.0015330537634409651
1182	37	-100	-0.0010513870967742516
1182	37	-50	0.009685612903225671
1182	37	0	0.005007112903225715
1182	37	50	0.020794612903225707
1182	37	100	0.03227661290322562
1182	37	150	0.036838279569892274
1182	37	200	0.03930977956989238
1182	37	250	0.03939494623655896
1182	37	300	0.04984111290322568
1182	37	350	0.038196779569892314
1182	37	400	0.06417627956989229
1182	37	450	0.10951877956989242
1182	37	500	0.12324111290322566
1182	37	550	0.15641894623655905
1182	37	600	0.21383627956989226
1182	37	650	0.24644894623655902
1182	37	700	0.2192709462365591
1182	37	750	0.1996762795698923
1182	37	800	0.19400061290322568
1182	37	850	0.1862592795698923
1182	37	900	0.17159661290322567
1182	37	950	0.15459844623655905
1182	37	1e3	0.18256777956989242
1182	37	1050	0.19600944623655892
1182	37	1100	0.21193977956989238
1182	37	1150	0.22737444623655909
1182	38	-200	-0.05031686635944688
1182	38	-150	-0.011466580645161187
1182	38	-100	0.007174419354838794
1182	38	-50	0.01878708602150551
1182	38	0	0.0442080860215055
1182	38	50	0.04217308602150549
1182	38	100	0.06636825268817215
1182	38	150	0.08258275268817224
1182	38	200	0.09686258602150548
1182	38	250	0.11751925268817216
1182	38	300	0.12541091935483886
1182	38	350	0.1430445860215054
1182	38	400	0.14928941935483878
1182	38	450	0.17182341935483883
1182	38	500	0.21207425268817212
1182	38	550	0.22288791935483876
1182	38	600	0.22154625268817218
1182	38	650	0.17354591935483885
1182	38	700	0.10888591935483875
1182	38	750	NA
1182	38	800	NA
1182	38	850	NA
1182	38	900	-0.0641995806451611
1182	38	950	0.04382408602150548
1182	38	1e3	0.04396175268817215
1182	38	1050	0.26399741935483884
1182	38	1100	NA
1182	38	1150	0.9131954193548388
1182	39	-200	-0.028004500000000137
1182	39	-150	-0.008688166666666866
1182	39	-100	-0.0040853333333334225
1182	39	-50	0.017393999999999837
1182	39	0	0.02338399999999985
1182	39	50	0.05475316666666652
1182	39	100	0.045814333333333256
1182	39	150	0.04449504761904745
1182	39	200	0.042820833333333086
1182	39	250	0.041280499999999755
1182	39	300	0.045405666666666455
1182	39	350	0.05118149999999977
1182	39	400	0.06861716666666647
1182	39	450	0.11060183333333311
1182	39	500	0.14704233333333314
1182	39	550	0.16332549999999987
1182	39	600	0.16532899999999975
1182	39	650	0.11990249999999987
1182	39	700	0.09272383333333319
1182	39	750	0.05763249999999983
1182	39	800	0.04287699999999991
1182	39	850	0.02545833333333314
1182	39	900	0.020569833333333214
1182	39	950	0.02008933333333311
1182	39	1e3	0.020078999999999736
1182	39	1050	0.050869833333333205
1182	39	1100	0.0399458333333332
1182	39	1150	0.05891949999999979
1182	40	-200	0.016013700460829266
1182	40	-150	0.003437129032257902
1182	40	-100	0.015028129032257883
1182	40	-50	-0.011700704301075357
1182	40	0	-0.02544720430107546
1182	40	50	-0.04038520430107536
1182	40	100	-0.05800687096774201
1182	40	150	-0.08761387096774209
1182	40	200	-0.0958747043010754
1182	40	250	-0.11369553763440872
1182	40	300	-0.12583887096774204
1182	40	350	-0.13571420430107536
1182	40	400	-0.11495637096774207
1182	40	450	-0.119807870967742
1182	40	500	-0.07845153763440882
1182	40	550	-0.05883920430107533
1182	40	600	-0.07888770430107532
1182	40	650	-0.11023820430107538
1182	40	700	-0.1252063709677421
1182	40	750	-0.16374987096774207
1182	40	800	-0.1861692043010755
1182	40	850	-0.20230237096774198
1182	40	900	-0.2110173709677421
1182	40	950	-0.21483070430107545
1182	40	1e3	-0.23266187096774216
1182	40	1050	-0.2233522043010753
1182	40	1100	-0.21991053763440874
1182	40	1150	-0.23072220430107535
1182	41	-200	-0.012183715053763589
1182	41	-150	-0.00935538172043023
1182	41	-100	0.0026284516129030217
1182	41	-50	0.005666618279569787
1182	41	0	0.0128059516129031
1182	41	50	0.013583951612903045
1182	41	100	0.0016437849462364411
1182	41	150	0.008814618279569716
1182	41	200	0.005921618279569829
1182	41	250	7.056182795697197e-4
1182	41	300	0.008890951612903061
1182	41	350	4.2284946236407585e-5
1182	41	400	-0.0013138817204301951
1182	41	450	0.017587951612903163
1182	41	500	0.06314595161290315
1182	41	550	0.11462878494623634
1182	41	600	0.12261828494623643
1182	41	650	0.12973028494623637
1182	41	700	0.10671411827956974
1182	41	750	0.08495245161290306
1182	41	800	0.08765745161290302
1182	41	850	0.06376620161290303
1182	41	900	NA
1182	41	950	NA
1182	41	1e3	NA
1182	41	1050	NA
1182	41	1100	NA
1182	41	1150	NA
1182	42	-200	0.035234686635944916
1182	42	-150	0.008646091397849665
1182	42	-100	0.0017459247311829944
1182	42	-50	-0.020966075268817146
1182	42	0	-0.03053307526881695
1182	42	50	-0.023761241935483717
1182	42	100	-0.03197274193548368
1182	42	150	-0.04271407526881695
1182	42	200	-0.025823575268817105
1182	42	250	-0.030890908602150418
1182	42	300	-0.043950908602150264
1182	42	350	-0.06467824193548366
1182	42	400	-0.06410674193548378
1182	42	450	-0.04137307526881706
1182	42	500	-0.026738075268817107
1182	42	550	0.0012889247311830647
1182	42	600	-0.025594075268816924
1182	42	650	-0.020672575268816978
1182	42	700	-0.05502107526881702
1182	42	750	-0.06849940860215036
1182	42	800	-0.0958647419354836
1182	42	850	-0.10689040860215042
1182	42	900	-0.11470140860215035
1182	42	950	-0.12686007526881707
1182	42	1e3	-0.12755440860215037
1182	42	1050	-0.13413290860215032
1182	42	1100	-0.13854107526881698
1182	42	1150	-0.14017740860215033
1182	43	-200	-0.012132414746543776
1182	43	-150	-0.00147746236559132
1182	43	-100	0.008644037634408649
1182	43	-50	0.01194437096774196
1182	43	0	-0.0049564623655914035
1182	43	50	-8.73629032258109e-4
1182	43	100	0.019408037634408643
1182	43	150	0.020314037634408644
1182	43	200	0.022105537634408663
1182	43	250	0.019100370967741902
1182	43	300	0.027601704301075374
1182	43	350	0.046474704301075365
1182	43	400	0.048902204301075315
1182	43	450	0.06671070430107529
1182	43	500	0.08191103763440861
1182	43	550	0.10638487096774189
1182	43	600	0.11536437096774195
1182	43	650	0.10529570430107522
1182	43	700	0.09460170430107533
1182	43	750	0.05732720430107522
1182	43	800	0.0388915376344087
1182	43	850	0.026780537634408647
1182	43	900	0.03316303763440861
1182	43	950	0.016746370967741935
1182	43	1e3	0.014918870967741915
1182	43	1050	0.020578870967741913
1182	43	1100	0.03555970430107521
1182	43	1150	0.051354704301075214
1182	44	-200	0.024575790322580726
1182	44	-150	0.0036632903225806888
1182	44	-100	-0.015390043010752677
1182	44	-50	-0.00314720967741929
1182	44	0	-0.008315852534562193
1182	44	50	8.779569892474193e-4
1182	44	100	-0.010384209677419228
1182	44	150	0.017405956989247445
1182	44	200	0.02447962365591409
1182	44	250	0.023544790322580722
1182	44	300	0.0636417903225807
1182	44	350	0.061958790322580747
1182	44	400	0.08072079032258068
1182	44	450	0.11487495698924732
1182	44	500	0.1782886236559141
1182	44	550	0.20232562365591403
1182	44	600	0.24494995698924735
1182	44	650	0.24639112365591398
1182	44	700	0.23138979032258078
1182	44	750	0.21253229032258072
1182	44	800	0.2056266236559141
1182	44	850	0.1893594569892473
1182	44	900	0.189550623655914
1182	44	950	0.19815345698924736
1182	44	1e3	0.2130992903225807
1182	44	1050	0.230852123655914
1182	44	1100	0.25599012365591406
1182	44	1150	0.26737229032258075
1182	45	-200	0.01757853333333322
1182	45	-150	0.0015348666666664308
1182	45	-100	-0.0023734666666668236
1182	45	-50	-0.009392800000000165
1182	45	0	-0.007347133333333478
1182	45	50	-0.009871133333333523
1182	45	100	0.0048203666666665574
1182	45	150	4.956999999997288e-4
1182	45	200	0.012940533333333152
1182	45	250	0.0050116999999997676
1182	45	300	0.013209699999999916
1182	45	350	0.012556199999999832
1182	45	400	0.016815342857142732
1182	45	450	0.043529199999999824
1182	45	500	0.05928439999999977
1182	45	550	0.0892569142857141
1182	45	600	0.09978719999999974
1182	45	650	NA
1182	45	700	NA
1182	45	750	NA
1182	45	800	NA
1182	45	850	NA
1182	45	900	NA
1182	45	950	NA
1182	45	1e3	NA
1182	45	1050	NA
1182	45	1100	NA
1182	45	1150	NA
1182	46	-200	-0.009913539170506778
1182	46	-150	-2.0996774193530557e-4
1182	46	-100	-0.004662967741935346
1182	46	-50	0.001626198924731333
1182	46	0	0.014812532258064781
1182	46	50	0.01719736559139795
1182	46	100	0.013063365591398016
1182	46	150	0.0034163655913979816
1182	46	200	0.0017763655913978955
1182	46	250	0.034180698924731225
1182	46	300	0.014872198924731276
1182	46	350	0.0010448655913980105
1182	46	400	0.01775403225806471
1182	46	450	0.03896803225806463
1182	46	500	0.0905568655913979
1182	46	550	0.08523236559139795
1182	46	600	0.1376976989247313
1182	46	650	0.14438003225806462
1182	46	700	0.10188753225806464
1182	46	750	0.06210219892473131
1182	46	800	0.027283532258064607
1182	46	850	0.026215532258064538
1182	46	900	0.023301698924731218
1182	46	950	0.019932865591398025
1182	46	1e3	0.017681865591398022
1182	46	1050	-0.01209046774193534
1182	46	1100	0.0032498655913980232
1182	46	1150	0.038525532258064654
1182	48	-200	-0.018512824884792778
1182	48	-150	-0.019061467741935623
1182	48	-100	-0.018750467741935672
1182	48	-50	0.01441586559139781
1182	48	0	0.044994365591397655
1182	48	50	0.05481203225806445
1182	48	100	0.08186269892473093
1182	48	150	0.07941903225806442
1182	48	200	0.07772019892473107
1182	48	250	0.07669936559139774
1182	48	300	0.0683213655913976
1182	48	350	0.03075203225806448
1182	48	400	0.055078532258064396
1182	48	450	0.0883010322580644
1182	48	500	0.1169415322580644
1182	48	550	0.11384119892473106
1182	48	600	0.11489819892473101
1182	48	650	0.09044236559139773
1182	48	700	-0.02091896774193554
1182	48	750	-0.06850563440860229
1182	48	800	-0.12733330107526886
1182	48	850	-0.18798630107526892
1182	48	900	-0.20357496774193554
1182	48	950	-0.22775713440860232
1182	48	1e3	-0.23665480107526893
1182	48	1050	-0.24396246774193572
1182	48	1100	-0.23556363440860237
1182	48	1150	-0.236975301075269
1182	49	-200	-0.034081732718894094
1182	49	-150	-0.018142827956989443
1182	49	-100	0.010996338709677275
1182	49	-50	0.02800483870967733
1182	49	0	0.018903672043010616
1182	49	50	0.001142505376344009
1182	49	100	0.0036953387096773462
1182	49	150	0.006161338709677278
1182	49	200	0.012716338709677292
1182	49	250	0.007065338709677367
1182	49	300	-0.011599827956989403
1182	49	350	-0.030606494623656017
1182	49	400	-0.020517161290322772
1182	49	450	-0.00423732795698939
1182	49	500	0.03372767204301064
1182	49	550	0.02707767204301052
1182	49	600	0.050774838709677285
1182	49	650	-0.0032371612903228097
1182	49	700	NA
1182	49	750	NA
1182	49	800	NA
1182	49	850	-0.0869421612903225
1182	49	900	-0.038048018433179794
1182	49	950	-0.06060266129032269
1182	49	1e3	-0.09617382795698941
1182	49	1050	-0.0902363279569894
1182	49	1100	-0.0976264946236561
1182	49	1150	-0.12088649462365608
1182	50	-200	-0.00976712903225804
1182	50	-150	0.0035268709677419943
1182	50	-100	-0.009319962365591442
1182	50	-50	0.012385537634408564
1182	50	0	0.004802537634408595
1182	50	50	0.022506537634408685
1182	50	100	0.03921370430107518
1182	50	150	0.0605305376344086
1182	50	200	0.06386970430107534
1182	50	250	0.05711553763440865
1182	50	300	0.08784020430107531
1182	50	350	0.10523320430107523
1182	50	400	0.11029337096774199
1182	50	450	0.1281300376344087
1182	50	500	0.17206287096774187
1182	50	550	0.2025973709677419
1182	50	600	0.19975787096774197
1182	50	650	0.20695970430107521
1182	50	700	0.16327303763440862
1182	50	750	0.09974287096774193
1182	50	800	0.06635070430107515
1182	50	850	0.028113370967741913
1182	50	900	0.02211353763440867
1182	50	950	-1.6812903225808343e-4
1182	50	1e3	-0.0010867956989246697
1182	50	1050	-0.01783729569892471
1182	50	1100	-0.024093629032258052
1182	50	1150	-0.012712962365591421
1182	51	-200	0.009439161290322786
1182	51	-150	-0.01004917204301048
1182	51	-100	-0.014063672043010586
1182	51	-50	0.013994994623656165
1182	51	0	-8.945053763439089e-4
1182	51	50	-0.013878672043010484
1182	51	100	-0.025672338709677184
1182	51	150	-0.05387183870967727
1182	51	200	-0.08623883870967715
1182	51	250	-0.12574817204301056
1182	51	300	-0.14231167204301043
1182	51	350	-0.14718467204301064
1182	51	400	-0.14046183870967713
1182	51	450	-0.11203133870967726
1182	51	500	-0.05446483870967719
1182	51	550	-0.07759867204301048
1182	51	600	-0.08572150537634389
1182	51	650	-0.1204528387096772
1182	51	700	-0.23228250537634385
1182	51	750	-0.28717683870967714
1182	51	800	-0.3330286720430105
1182	51	850	-0.3779470053763439
1182	51	900	-0.3899310053763439
1182	51	950	-0.39262817204301054
1182	51	1e3	-0.4080466720430105
1182	51	1050	-0.3721356720430105
1182	51	1100	-0.33684317204301056
1182	51	1150	-0.3079511720430104
1182	52	-200	-0.0073283640552994
1182	52	-150	0.002969897849462407
1182	52	-100	-0.004025435483870836
1182	52	-50	-0.005182935483870832
1182	52	0	0.014788231182795744
1182	52	50	0.007288231182795831
1182	52	100	0.015093897849462504
1182	52	150	0.012760397849462443
1182	52	200	0.0432867311827958
1182	52	250	0.035065397849462464
1182	52	300	0.035792564516129
1182	52	350	0.06322823118279586
1182	52	400	0.06802706451612917
1182	52	450	0.10322506451612916
1182	52	500	0.16547656451612905
1182	52	550	0.20195689784946244
1182	52	600	0.21221723118279576
1182	52	650	0.21722106451612913
1182	52	700	0.20773306451612913
1182	52	750	0.17260623118279592
1182	52	800	0.16840956451612912
1182	52	850	0.1520555645161291
1182	52	900	0.15105306451612913
1182	52	950	0.14140223118279574
1182	52	1e3	0.11892406451612914
1182	52	1050	0.12373289784946244
1182	52	1100	0.11225323118279573
1182	52	1150	0.10330373118279579
1182	53	-200	0.014483718894009139
1182	53	-150	-0.004673709677419424
1182	53	-100	0.00696829032258058
1182	53	-50	-0.010366209677419302
1182	53	0	-0.008826043010752738
1182	53	50	0.007391456989247184
1182	53	100	0.011114790322580484
1182	53	150	0.020691456989247275
1182	53	200	0.048360790322580526
1182	53	250	0.08340462365591399
1182	53	300	0.10871279032258063
1182	53	350	0.11861629032258048
1182	53	400	0.13777245698924726
1182	53	450	0.16095362365591392
1182	53	500	0.19390095698924723
1182	53	550	0.21895912365591394
1182	53	600	0.22216879032258063
1182	53	650	0.2060202903225805
1182	53	700	0.18143779032258056
1182	53	750	0.13668845698924725
1182	53	800	0.11148262365591395
1182	53	850	0.1236512903225806
1182	53	900	0.10830695698924726
1182	53	950	0.10173095698924728
1182	53	1e3	0.10778479032258052
1182	53	1050	0.11251045698924722
1182	53	1100	0.12302945698924732
1182	53	1150	0.12229245698924718
1182	54	-200	0.00815110138248855
1182	54	-150	-0.004729612903225784
1182	54	-100	-0.016917779569892488
1182	54	-50	0.0013247204301075992
1182	54	0	0.01081305376344092
1182	54	50	0.008194387096774225
1182	54	100	0.020493720430107516
1182	54	150	0.013657387096774295
1182	54	200	0.03158322043010764
1182	54	250	0.02992588709677424
1182	54	300	0.039718387096774256
1182	54	350	0.05774555376344089
1182	54	400	0.07340255376344092
1182	54	450	0.09376188709677424
1182	54	500	0.13765088709677423
1182	54	550	0.1610017204301076
1182	54	600	0.21399622043010744
1182	54	650	0.2432725537634409
1182	54	700	0.22771872043010757
1182	54	750	0.19606055376344086
1182	54	800	0.14566388709677422
1182	54	850	0.1090213870967743
1182	54	900	0.09323572043010753
1182	54	950	0.07146822043010759
1182	54	1e3	0.07026572043010744
1182	54	1050	0.06423438709677425
1182	54	1100	0.07104372043010761
1182	54	1150	0.08999338709677418
1182	55	-200	0.02961266820276493
1182	55	-150	-0.0014787365591399186
1182	55	-100	-0.010741569892473324
1182	55	-50	-0.019778069892473365
1182	55	0	-0.002549736559139889
1182	55	50	0.003569430107526713
1182	55	100	8.439301075267766e-4
1182	55	150	-0.006687903225806628
1182	55	200	-0.007358236559139882
1182	55	250	0.009176930107526774
1182	55	300	0.012758430107526753
1182	55	350	0.05104276344086004
1182	55	400	0.04895793010752684
1182	55	450	0.07642576344086005
1182	55	500	0.09048543010752663
1182	55	550	0.12807093010752676
1182	55	600	0.1546270967741934
1182	55	650	0.15950493010752673
1182	55	700	0.1315285967741934
1182	55	750	0.06924209677419342
1182	55	800	0.06263559677419346
1182	55	850	0.0159120967741934
1182	55	900	-0.015567069892473251
1182	55	950	-0.012361903225806584
1182	55	1e3	-0.030069736559139953
1182	55	1050	-0.05026106989247318
1182	55	1100	-0.03922806989247326
1182	55	1150	-0.03804406989247333
1182	56	-200	0.03504149999999995
1182	56	-150	0.0025081666666665705
1182	56	-100	-0.004249333333333327
1182	56	-50	-0.014608000000000029
1182	56	0	-0.018692333333333384
1182	56	50	-0.016718666666666698
1182	56	100	-0.015853666666666728
1182	56	150	-0.004283833333333413
1182	56	200	-2.9566666666669406e-4
1182	56	250	-0.004171499999999995
1182	56	300	-0.012884633333333362
1182	56	350	-0.0013578333333332804
1182	56	400	-0.003203499999999989
1182	56	450	0.006441999999999985
1182	56	500	0.04150050000000002
1182	56	550	0.0600523333333333
1182	56	600	0.07969733333333329
1182	56	650	0.09565833333333325
1182	56	700	0.07182300000000004
1182	56	750	0.032770500000000036
1182	56	800	0.009763833333333269
1182	56	850	-0.018520976190476164
1182	56	900	-0.011332666666666658
1182	56	950	-0.0036638333333332738
1182	56	1e3	-0.01659733333333328
1182	56	1050	-0.02320843333333329
1182	56	1100	-0.04412083333333339
1182	56	1150	-0.042220333333333304
1182	57	-200	-0.008329733333333348
1182	57	-150	-0.0163610666666667
1182	57	-100	-0.005695233333333401
1182	57	-50	0.016772766666666532
1182	57	0	0.013613266666666624
1182	57	50	0.00525493333333323
1182	57	100	0.02248876666666651
1182	57	150	0.020907766666666605
1182	57	200	0.03982443333333322
1182	57	250	0.047761599999999925
1182	57	300	0.06551476666666667
1182	57	350	0.06208193333333319
1182	57	400	0.06545009999999991
1182	57	450	0.0946449333333333
1182	57	500	0.10892159999999995
1182	57	550	0.12036709999999988
1182	57	600	0.16947559999999987
1182	57	650	0.17805059999999995
1182	57	700	0.1786297666666666
1182	57	750	0.11977359999999988
1182	57	800	0.07940993333333328
1182	57	850	0.030558266666666462
1182	57	900	0.02513776666666656
1182	57	950	-8.761380952381691e-4
1182	57	1e3	-0.012706566666666733
1182	57	1050	-0.013923900000000064
1182	57	1100	0.018516933333333263
1182	57	1150	-0.004139566666666816
1182	58	-200	-0.02830186635944695
1182	58	-150	-0.0015665806451612418
1182	58	-100	-0.0030077473118279574
1182	58	-50	0.00829441935483873
1182	58	0	0.02929875268817206
1182	58	50	0.05411958602150543
1182	58	100	0.06930158602150545
1182	58	150	0.08362641935483868
1182	58	200	0.08258425268817216
1182	58	250	0.10042825268817206
1182	58	300	0.017345419354838576
1182	58	350	NA
1182	58	400	NA
1182	58	450	-0.2511420806451612
1182	58	500	-0.10217141397849445
1182	58	550	-0.11592591397849457
1182	58	600	0.05151841935483881
1182	58	650	0.12795541935483876
1182	58	700	0.11747875268817205
1182	58	750	0.0504005860215054
1182	58	800	-0.014448913978494534
1182	58	850	-0.07790624731182787
1182	58	900	-0.1406432473118279
1182	58	950	-0.19112041397849447
1182	58	1e3	-0.21179541397849455
1182	58	1050	-0.2260689139784946
1182	58	1100	-0.23747074731182782
1182	58	1150	-0.2592279139784946
1182	59	-200	-0.009841585253456067
1182	59	-150	-0.026453537634408386
1182	59	-100	-0.007749870967741712
1182	59	-50	0.009923795698924875
1182	59	0	0.03576146236559167
1182	59	50	0.06789179569892505
1182	59	100	0.0688316290322583
1182	59	150	0.10996162903225826
1182	59	200	0.0933176290322583
1182	59	250	0.1170622956989249
1182	59	300	0.16957146236559165
1182	59	350	0.157440795698925
1182	59	400	0.17717796236559158
1182	59	450	0.1780361290322582
1182	59	500	0.23673362903225836
1182	59	550	0.25409479569892485
1182	59	600	0.21593946236559156
1182	59	650	0.1359786290322583
1182	59	700	0.06123029569892487
1182	59	750	0.024635295698924937
1182	59	800	-0.01041253763440834
1182	59	850	-0.04479737096774176
1182	59	900	-0.04327737096774179
1182	59	950	-0.09039803763440839
1182	59	1e3	-0.14645370430107518
1182	59	1050	-0.16707737096774178
1182	59	1100	-0.16762070430107512
1182	59	1150	-0.1627158709677418
1182	60	-200	0.015880949308755974
1182	60	-150	0.016167806451613087
1182	60	-100	-0.014536026881720288
1182	60	-50	-0.014285526881720209
1182	60	0	-0.005874026881720192
1182	60	50	-0.03626236021505358
1182	60	100	-0.048838860215053494
1182	60	150	-0.05832669354838682
1182	60	200	-0.06607486021505353
1182	60	250	-0.07527452688172016
1182	60	300	-0.073365360215053535
1182	60	350	-0.06100319354838687
1182	60	400	-0.03949086021505351
1182	60	450	-0.017339526881720174
1182	60	500	-0.0018935268817201016
1182	60	550	0.03070997311827976
1182	60	600	0.03300863978494636
1182	60	650	0.002534473118279701
1182	60	700	-0.02341902688172019
1182	60	750	-0.05968719354838692
1182	60	800	-0.09008569354838684
1182	60	850	-0.1053653602150535
1182	60	900	-0.10997686021505348
1182	60	950	-0.1495003602150534
1182	60	1e3	-0.15038502688172017
1182	60	1050	-0.14154252688172023
1182	60	1100	-0.14073569354838678
1182	60	1150	-0.14757386021505345
1182	61	-200	-0.0018196267281107886
1182	61	-150	-5.609838709679238e-4
1182	61	-100	-0.003946983870967961
1182	61	-50	0.0054498494623654485
1182	61	0	0.0011810161290319865
1182	61	50	0.015875016129032044
1182	61	100	0.013958682795698785
1182	61	150	0.010426182795698699
1182	61	200	0.01033001612903206
1182	61	250	0.0015733494623653883
1182	61	300	0.008180849462365414
1182	61	350	-0.0050188172043011585
1182	61	400	0.011236349462365292
1182	61	450	0.021593349462365314
1182	61	500	0.08173534946236545
1182	61	550	0.08251284946236541
1182	61	600	0.06784051612903193
1182	61	650	0.0463653494623654
1182	61	700	-0.021488317204301294
1182	61	750	-0.044450650537634605
1182	61	800	-0.08715898387096803
1182	61	850	-0.09780948387096793
1182	61	900	-0.12822215053763455
1182	61	950	-0.14848415053763456
1182	61	1e3	-0.1337794838709679
1182	61	1050	-0.1377438172043013
1182	61	1100	-0.11877398387096798
1182	61	1150	-0.07252965053763465
1182	62	-200	-0.02290277419354839
1182	62	-150	0.006568225806451593
1182	62	-100	0.004474392473118316
1182	62	-50	0.019994392473118294
1182	62	0	-0.004317107526881747
1182	62	50	-0.012069107526881728
1182	62	100	-0.03687594086021506
1182	62	150	-0.03884644086021508
1182	62	200	-0.049745607526881765
1182	62	250	-0.06530027419354838
1182	62	300	-0.06486860752688177
1182	62	350	-0.0714852741935484
1182	62	400	-0.07817044086021492
1182	62	450	-0.044202274193548385
1182	62	500	-0.05453427419354832
1182	62	550	0.006924225806451467
1182	62	600	NA
1182	62	650	NA
1182	62	700	NA
1182	62	750	NA
1182	62	800	NA
1182	62	850	NA
1182	62	900	NA
1182	62	950	NA
1182	62	1e3	NA
1182	62	1050	NA
1182	62	1100	NA
1182	62	1150	NA
1182	64	-200	0.010950290322580753
1182	64	-150	0.014747123655914166
1182	64	-100	0.014830956989247523
1182	64	-50	-0.013470209677419223
1182	64	0	-0.028883209677419197
1182	64	50	-0.04632837634408582
1182	64	100	-0.03547287634408584
1182	64	150	-0.06661537634408576
1182	64	200	-0.08058154301075253
1182	64	250	-0.09479304301075257
1182	64	300	-0.12918770967741913
1182	64	350	-0.12606854301075252
1182	64	400	-0.11702020967741926
1182	64	450	-0.09055220967741917
1182	64	500	-0.05104654301075251
1182	64	550	-0.021572876344085817
1182	64	600	-0.03937670967741913
1182	64	650	NA
1182	64	700	NA
1182	64	750	NA
1182	64	800	NA
1182	64	850	NA
1182	64	900	NA
1182	64	950	NA
1182	64	1e3	NA
1182	64	1050	NA
1182	64	1100	NA
1182	64	1150	NA
1182	65	-200	-0.016612400000000156
1182	65	-150	-0.015589233333333544
1182	65	-100	0.009034766666666435
1182	65	-50	0.018325433333333068
1182	65	0	0.004841433333333238
1182	65	50	0.029123266666666463
1182	65	100	0.024063099999999782
1182	65	150	0.01892409999999985
1182	65	200	0.012774266666666442
1182	65	250	0.013273766666666464
1182	65	300	0.023561266666666397
1182	65	350	0.02201493333333319
1182	65	400	0.05862009999999973
1182	65	450	0.11571793333333313
1182	65	500	0.14079876666666635
1182	65	550	0.1836689333333331
1182	65	600	0.22917309999999969
1182	65	650	0.2339292666666665
1182	65	700	0.20183476666666636
1182	65	750	0.21090309999999982
1182	65	800	0.1884801476190474
1182	65	850	0.17357023333333305
1182	65	900	0.14609229047619024
1182	65	950	0.14312726666666645
1182	65	1e3	0.1124882333333331
1182	65	1050	0.09703571904761876
1182	65	1100	0.09504943333333309
1182	65	1150	0.10501626666666646
1182	66	-200	0.024664170506912293
1182	66	-150	0.007853075268817067
1182	66	-100	3.374193548366655e-5
1182	66	-50	-0.02023175806451623
1182	66	0	-0.016429924731182988
1182	66	50	-0.01195942473118287
1182	66	100	-0.026544758064516394
1182	66	150	-0.017316424731182927
1182	66	200	-0.013650924731182975
1182	66	250	-0.020246258064516187
1182	66	300	-0.003606258064516199
1182	66	350	0.0026005752688171104
1182	66	400	0.0012859086021503134
1182	66	450	0.043281408602150385
1182	66	500	0.06750240860215029
1182	66	550	0.09205657526881701
1182	66	600	0.11363990860215038
1182	66	650	0.114815075268817
1182	66	700	0.09372107526881705
1182	66	750	0.06202840860215031
1182	66	800	0.05535340860215032
1182	66	850	0.018219741935483702
1182	66	900	0.012602908602150409
1182	66	950	0.010175408602150457
1182	66	1e3	0.007067908602150415
1182	66	1050	-0.002354924731182928
1182	66	1100	-6.892580645163626e-4
1182	66	1150	-0.012560091397849638
1182	67	-200	-0.023630815668203083
1182	67	-150	-0.010101220430107713
1182	67	-100	-0.009325220430107676
1182	67	-50	0.009790112903225623
1182	67	0	0.037205612903225584
1182	67	50	0.042680946236558936
1182	67	100	0.060119612903225685
1182	67	150	0.09257977956989231
1182	67	200	0.10897811290322561
1182	67	250	0.13583677956989226
1182	67	300	0.1619219462365591
1182	67	350	0.1775572795698923
1182	67	400	0.21307961290322566
1182	67	450	0.21000794623655894
1182	67	500	0.22551977956989222
1182	67	550	0.272394446236559
1182	67	600	0.250257446236559
1182	67	650	0.2205462795698924
1182	67	700	0.14774894623655888
1182	67	750	0.11498827956989228
1182	67	800	0.08913927956989236
1182	67	850	0.07741911290322556
1182	67	900	0.06780177956989226
1182	67	950	0.05188444623655893
1182	67	1e3	0.03992327956989228
1182	67	1050	0.03687777956989232
1182	67	1100	0.04824194623655901
1182	67	1150	0.04181444623655891
1182	68	-200	-0.0026324331797233924
1182	68	-150	-0.0032694569892473733
1182	68	-100	-3.0862365591392366e-4
1182	68	-50	0.004876709677419451
1182	68	0	0.0017725430107526918
1182	68	50	0.025735043010752728
1182	68	100	0.05518804301075275
1182	68	150	0.06575320967741938
1182	68	200	0.075700376344086
1182	68	250	0.08281370967741937
1182	68	300	0.09036670967741944
1182	68	350	0.09308637634408605
1182	68	400	0.09870504301075271
1182	68	450	0.11200587634408603
1182	68	500	0.12684520967741938
1182	68	550	0.16293854301075275
1182	68	600	0.22032454301075277
1182	68	650	0.24204304301075275
1182	68	700	0.25770304301075275
1182	68	750	0.23104520967741937
1182	68	800	0.1644128763440861
1182	68	850	0.12937170967741948
1182	68	900	0.09165304301075279
1182	68	950	0.06782987634408603
1182	68	1e3	0.02739887634408607
1182	68	1050	0.017787876344085962
1182	68	1100	0.010660043010752776
1182	68	1150	-0.001726623655913917
1182	69	-200	0.01152700000000014
1182	69	-150	0.006786833333333557
1182	69	-100	-0.006858166666666572
1182	69	-50	-0.0021166666666664704
1182	69	0	-0.009338999999999912
1182	69	50	-0.01364616666666659
1182	69	100	-0.019961666666666506
1182	69	150	-0.017137499999999733
1182	69	200	-0.0014451666666664604
1182	69	250	-0.026913333333333123
1182	69	300	-0.023515666666666563
1182	69	350	-0.03653749999999989
1182	69	400	-0.02872999999999985
1182	69	450	-0.028946833333333144
1182	69	500	0.0016410000000001517
1182	69	550	0.034225000000000096
1182	69	600	0.062261666666666736
1182	69	650	0.13979466666666673
1182	69	700	NA
1182	69	750	NA
1182	69	800	NA
1182	69	850	NA
1182	69	900	NA
1182	69	950	NA
1182	69	1e3	NA
1182	69	1050	NA
1182	69	1100	NA
1182	69	1150	NA
1182	71	-200	0.046027870967741906
1182	71	-150	0.011636537634408453
1182	71	-100	-0.013351462365591482
1182	71	-50	-0.026577962365591512
1182	71	0	-0.025406295698924868
1182	71	50	-0.0050967956989248124
1182	71	100	-0.01169879569892481
1182	71	150	-0.0053187956989248315
1182	71	200	0.02290053763440854
1182	71	250	0.02829920430107517
1182	71	300	0.04753187096774184
1182	71	350	0.04738587096774186
1182	71	400	0.08982670430107513
1182	71	450	0.05706753763440845
1182	71	500	0.0811903709677418
1182	71	550	0.11307703763440842
1182	71	600	0.11227737096774182
1182	71	650	0.0779312043010753
1182	71	700	0.01812753763440848
1182	71	750	-0.0343906290322582
1182	71	800	-0.08867162903225816
1182	71	850	-0.10934562903225808
1182	71	900	-0.1388306290322582
1182	71	950	-0.16533746236559144
1182	71	1e3	-0.17187029569892487
1182	71	1050	-0.15676979569892477
1182	71	1100	-0.17378546236559145
1182	71	1150	-0.17164479569892474
1182	72	-200	-0.051958746543778744
1182	72	-150	-0.013829698924731293
1182	72	-100	2.1496774193541235e-4
1182	72	-50	0.021538134408602083
1182	72	0	0.05269513440860204
1182	72	50	0.01930163440860218
1182	72	100	0.03482463440860206
1182	72	150	0.04101496774193536
1182	72	200	0.05551546774193546
1182	72	250	0.05140730107526877
1182	72	300	0.024406634408602097
1182	72	350	0.03843313440860204
1182	72	400	0.05600880107526877
1182	72	450	0.01604563440860211
1182	72	500	0.030323634408602123
1182	72	550	0.01101330107526873
1182	72	600	0.044060634408602084
1182	72	650	0.050536634408602156
1182	72	700	0.010730767741935399
1182	72	750	NA
1182	72	800	NA
1182	72	850	NA
1182	72	900	-0.6881740322580647
1182	72	950	-0.4065872822580645
1182	72	1e3	-0.29154486559139786
1182	72	1050	-0.3194166989247312
1182	72	1100	-0.3434970322580646
1182	72	1150	-0.3547233655913979
1182	73	-200	-0.037873889400921686
1182	73	-150	-0.015428198924731351
1182	73	-100	0.013788801075268697
1182	73	-50	0.01833246774193542
1182	73	0	0.027493134408602016
1182	73	50	0.030247134408602088
1182	73	100	0.035381801075268816
1182	73	150	0.045493967741935405
1182	73	200	0.07848563440860201
1182	73	250	0.08673713440860202
1182	73	300	0.11883580107526874
1182	73	350	0.14282530107526878
1182	73	400	0.1827593010752687
1182	73	450	0.21140313440860203
1182	73	500	0.2472053010752687
1182	73	550	0.2778706344086021
1182	73	600	0.24318330107526878
1182	73	650	0.17977380107526875
1182	73	700	0.11726630107526881
1182	73	750	0.06585613440860216
1182	73	800	0.03183980107526866
1182	73	850	0.007023634408602024
1182	73	900	-0.0019291989247312014
1182	73	950	-0.03928069892473126
1182	73	1e3	-0.05482603225806463
1182	73	1050	-0.053649365591398025
1182	73	1100	-0.07041219892473127
1182	73	1150	-0.037672032258064515
1182	74	-200	-0.01163964976958549
1182	74	-150	-0.011475768817204468
1182	74	-100	-0.015384935483871173
1182	74	-50	0.007896064516128787
1182	74	0	0.03254423118279548
1182	74	50	0.050986897849462164
1182	74	100	0.0474148978494621
1182	74	150	0.06329073118279549
1182	74	200	0.04342956451612875
1182	74	250	0.06250539784946214
1182	74	300	0.04040823118279557
1182	74	350	0.01254173118279541
1182	74	400	0.04084623118279551
1182	74	450	0.04836539784946211
1182	74	500	0.0865642311827955
1182	74	550	0.1274863978494621
1182	74	600	0.1983727311827955
1182	74	650	0.2175483978494622
1182	74	700	0.20467273118279553
1182	74	750	0.15863889784946217
1182	74	800	0.11660839784946216
1182	74	850	0.08918289784946214
1182	74	900	0.07474706451612885
1182	74	950	0.05720456451612884
1182	74	1e3	0.044760397849462175
1182	74	1050	0.027453897849462134
1182	74	1100	0.006457564516128889
1182	74	1150	-0.0010442688172045411
1182	76	-200	-0.013142723502304308
1182	76	-150	0.009674086021505213
1182	76	-100	7.455860215051698e-4
1182	76	-50	0.007143752688171838
1182	76	0	-0.002230247311828156
1182	76	50	0.013164419354838511
1182	76	100	0.03336558602150519
1182	76	150	0.02665941935483862
1182	76	200	0.05437975268817182
1182	76	250	0.0679847526881719
1182	76	300	0.06713225268817184
1182	76	350	0.05909575268817183
1182	76	400	0.09174525268817184
1182	76	450	0.1151049193548385
1182	76	500	0.14537475268817182
1182	76	550	0.19089125268817186
1182	76	600	0.23439941935483852
1182	76	650	0.20632925268817184
1182	76	700	0.1809954193548385
1182	76	750	0.13020675268817183
1182	76	800	0.09684241935483857
1182	76	850	0.08859291935483848
1182	76	900	0.04018358602150518
1182	76	950	0.03738875268817184
1182	76	1e3	0.032652419354838536
1182	76	1050	0.017325086021505214
1182	76	1100	0.006895419354838506
1182	76	1150	-0.007521413978494855
1182	77	-200	0.009026760368663567
1182	77	-150	6.039032258065014e-4
1182	77	-100	-0.005131430107526924
1182	77	-50	-0.0036150967741933973
1182	77	0	-0.0023885967741935263
1182	77	50	0.008179569892473223
1182	77	100	0.026292069892473197
1182	77	150	0.03240873655913982
1182	77	200	0.016727903225806456
1182	77	250	0.029413903225806576
1182	77	300	0.031147736559139865
1182	77	350	0.03852890322580649
1182	77	400	0.05606640322580655
1182	77	450	0.08760890322580643
1182	77	500	0.12816356989247324
1182	77	550	0.16759840322580644
1182	77	600	0.21252073655913994
1182	77	650	0.23166556989247314
1182	77	700	0.23473256989247307
1182	77	750	0.19686890322580655
1182	77	800	0.1656014032258065
1182	77	850	0.12504723655913988
1182	77	900	0.1220770698924732
1182	77	950	0.1325375698924732
1182	77	1e3	0.13344940322580645
1182	77	1050	0.12608273655913985
1182	77	1100	0.13564256989247317
1182	77	1150	0.14666073655913978
1182	79	-200	0.019748350230414578
1182	79	-150	-0.005509935483871094
1182	79	-100	-0.0011023354838711086
1182	79	-50	-0.0034483640552996114
1182	79	0	-0.012588102150537775
1182	79	50	-0.02212493548387114
1182	79	100	-0.019245268817204453
1182	79	150	0.023852731182795555
1182	79	200	0.09372323118279564
1182	79	250	0.06679856451612887
1182	79	300	0.0422445645161289
1182	79	350	0.044681564516128924
1182	79	400	0.043766564516128925
1182	79	450	0.040317397849462124
1182	79	500	0.07616006451612896
1182	79	550	0.11964931451612881
1182	79	600	NA
1182	79	650	NA
1182	79	700	NA
1182	79	750	-0.12045493548387132
1182	79	800	-0.05022493548387119
1182	79	850	-0.03549193548387105
1182	79	900	-0.032849768817204326
1182	79	950	0.037951731182795566
1182	79	1e3	0.06656539784946232
1182	79	1050	0.09382239784946218
1182	79	1100	0.08094289784946218
1182	79	1150	0.09179206451612898
1182	80	-200	-0.0054291382488478946
1182	80	-150	-0.005626376344085952
1182	80	-100	-0.0030610430107526434
1182	80	-50	0.01242329032258079
1182	80	0	0.002598123655914053
1182	80	50	0.011356123655914097
1182	80	100	0.012429456989247356
1182	80	150	0.02157045698924735
1182	80	200	-2.1376344086017813e-5
1182	80	250	-0.028633876344085946
1182	80	300	-0.026153543010752605
1182	80	350	-0.044453876344085895
1182	80	400	-0.021696543010752595
1182	80	450	-0.020825709677419296
1182	80	500	0.011086623655914027
1182	80	550	0.042838623655913954
1182	80	600	0.07963545698924739
1182	80	650	0.08094445698924731
1182	80	700	0.11835895698924737
1182	80	750	0.09202579032258058
1182	80	800	0.07624745698924736
1182	80	850	0.039883290322580756
1182	80	900	0.014863123655914023
1182	80	950	-0.03369154301075272
1182	80	1e3	-0.07137954301075267
1182	80	1050	-0.12056187634408588
1182	80	1100	-0.11411070967741928
1182	80	1150	-0.14586087634408593
1182	81	-200	-0.018031033333333186
1182	81	-150	-0.0051173666666664746
1182	81	-100	-0.0057385333333330735
1182	81	-50	0.005566633333333441
1182	81	0	0.023320300000000183
1182	81	50	0.02081996666666693
1182	81	100	0.024903300000000222
1182	81	150	0.04108580000000028
1182	81	200	0.06178913333333358
1182	81	250	0.07947413333333353
1182	81	300	0.0742666333333335
1182	81	350	0.07891596666666678
1182	81	400	0.09422680000000024
1182	81	450	0.13372113333333355
1182	81	500	0.14330213333333353
1182	81	550	0.17587813333333355
1182	81	600	0.2124716333333335
1182	81	650	0.2436273000000002
1182	81	700	0.24240646666666685
1182	81	750	0.2120234666666668
1182	81	800	0.17816413333333356
1182	81	850	0.15305763333333347
1182	81	900	0.10434530000000009
1182	81	950	NA
1182	81	1e3	NA
1182	81	1050	NA
1182	81	1100	0.03894444285714301
1182	81	1150	0.05051663333333364
1182	82	-200	-0.014170138248848005
1182	82	-150	-0.005183876344086125
1182	82	-100	-0.0018685430107527878
1182	82	-50	0.006991956989247224
1182	82	0	0.016592290322580656
1182	82	50	0.03331929032258044
1182	82	100	0.055565290322580584
1182	82	150	0.04811162365591389
1182	82	200	0.056872956989247214
1182	82	250	0.06336162365591387
1182	82	300	0.05674112365591388
1182	82	350	0.07908712365591393
1182	82	400	0.08343145698924721
1182	82	450	0.10996879032258063
1182	82	500	0.15763645698924722
1182	82	550	0.20602512365591377
1182	82	600	0.20683112365591394
1182	82	650	0.22139412365591396
1182	82	700	0.18221912365591386
1182	82	750	0.15277145698924718
1182	82	800	0.09947712365591384
1182	82	850	0.09530212365591388
1182	82	900	0.09189695698924716
1182	82	950	0.08420162365591384
1182	82	1e3	0.07997212365591388
1182	82	1050	0.07845879032258056
1182	82	1100	0.058079123655913945
1182	82	1150	0.06916612365591394
1182	83	-200	-0.034379838709677646
1182	83	-150	-0.02675000537634416
1182	83	-100	-0.009244338709677594
1182	83	-50	0.016708494623655683
1182	83	0	0.04599916129032237
1182	83	50	0.052503761290322436
1182	83	100	0.0513443279569891
1182	83	150	0.05748987557603665
1182	83	200	0.09038016129032238
1182	83	250	0.09090866129032242
1182	83	300	0.11534530414746522
1182	83	350	0.13070166129032237
1182	83	400	0.13923949462365579
1182	83	450	0.19684832795698912
1182	83	500	0.2314563279569891
1182	83	550	0.2614066612903225
1182	83	600	0.24512816129032236
1182	83	650	0.21421549462365572
1182	83	700	0.19751999462365574
1182	83	750	0.17951916129032242
1182	83	800	0.14533282795698907
1182	83	850	0.13394882795698915
1182	83	900	0.1192546612903224
1182	83	950	0.11782932795698915
1182	83	1e3	0.10987932795698903
1182	83	1050	0.12613349462365572
1182	83	1100	0.15459016129032244
1182	83	1150	0.1613401612903224
1182	84	-200	-0.024503700000000055
1182	84	-150	-1.9936666666671896e-4
1182	84	-100	-3.9320000000005645e-4
1182	84	-50	0.0018059666666666956
1182	84	0	0.023290299999999913
1182	84	50	0.026546633333333364
1182	84	100	0.0358818
1182	84	150	0.04861563333333341
1182	84	200	0.05466863333333335
1182	84	250	0.057776466666666616
1182	84	300	0.06490429999999996
1182	84	350	0.07508279999999996
1182	84	400	0.09132413333333338
1182	84	450	0.1227526333333333
1182	84	500	0.1463686333333333
1182	84	550	0.17484579999999994
1182	84	600	0.1973456333333333
1182	84	650	0.18508430000000006
1182	84	700	0.1694317999999999
1182	84	750	0.12486046666666668
1182	84	800	0.07680003809523805
1182	84	850	0.06254306666666665
1182	84	900	0.04309932380952386
1182	84	950	0.031282133333333295
1182	84	1e3	0.0026894666666666587
1182	84	1050	-0.01313173333333335
1182	84	1100	-0.0055771047619047765
1182	84	1150	0.0036374666666666813
1182	86	-200	-0.012409336405530056
1182	86	-150	-0.004940360215053878
1182	86	-100	0.0034931397849461052
1182	86	-50	0.0028026397849461038
1182	86	0	0.01312213978494614
1182	86	50	0.04768147311827945
1182	86	100	0.0396329731182794
1182	86	150	0.054716973118279576
1182	86	200	0.0479741397849461
1182	86	250	0.025244639784946104
1182	86	300	0.019765473118279475
1182	86	350	0.010912806451612855
1182	86	400	0.017379806451612783
1182	86	450	0.025259973118279433
1182	86	500	0.08725297311827955
1182	86	550	0.11894513978494621
1182	86	600	0.16520697311827948
1182	86	650	0.17282247311827956
1182	86	700	0.12747613978494612
1182	86	750	0.09906363978494626
1182	86	800	0.08159580645161284
1182	86	850	0.07112813978494621
1182	86	900	0.06495947311827958
1182	86	950	0.05898530645161282
1182	86	1e3	0.08119947311827946
1182	86	1050	0.06794930645161279
1182	86	1100	0.061567639784946206
1182	86	1150	0.07692363978494605
1182	87	-200	0.07894183333333316
1182	87	-150	0.022298833333333084
1182	87	-100	-0.003627666666666881
1182	87	-50	-0.02421500000000017
1182	87	0	-0.07339800000000014
1182	87	50	-0.10314800000000024
1182	87	100	-0.10641383333333347
1182	87	150	-0.09869716666666695
1182	87	200	-0.07475400000000014
1182	87	250	-0.05550183333333355
1182	87	300	-0.019744000000000206
1182	87	350	0.0023741666666664183
1182	87	400	0.03464899999999971
1182	87	450	0.0949314999999998
1182	87	500	0.14625483333333303
1182	87	550	0.19440749999999976
1182	87	600	0.14877116666666645
1182	87	650	0.09977766666666639
1182	87	700	0.04190566666666647
1182	87	750	-0.025473619047619245
1182	87	800	-0.052479166666666854
1182	87	850	-0.07625116666666691
1182	87	900	-0.11223050000000012
1182	87	950	-0.10004450000000016
1182	87	1e3	-0.1421896666666668
1182	87	1050	-0.11582183333333355
1182	87	1100	-0.1442708333333335
1182	87	1150	-0.13844800000000027
1182	88	-200	-0.006073009216590121
1182	88	-150	0.0038020860215051875
1182	88	-100	0.0024740860215051175
1182	88	-50	-3.962473118281166e-4
1182	88	0	0.0012052526881718428
1182	88	50	0.01026791935483858
1182	88	100	0.023167586021505187
1182	88	150	0.02891975268817178
1182	88	200	0.047830419354838595
1182	88	250	0.03920041935483846
1182	88	300	0.03173225268817189
1182	88	350	0.06260325268817184
1182	88	400	0.06745141935483849
1182	88	450	0.10998641935483848
1182	88	500	0.13989658602150512
1182	88	550	0.18309991935483846
1182	88	600	0.2257092526881718
1182	88	650	0.26623291935483845
1182	88	700	0.2994050860215051
1182	88	750	0.3047235860215052
1182	88	800	0.2702595860215051
1182	88	850	0.22824391935483845
1182	88	900	0.20969391935483847
1182	88	950	0.18817891935483852
1182	88	1e3	0.19704275268817187
1182	88	1050	0.18747308602150517
1182	88	1100	0.20159008602150527
1182	88	1150	0.2172975860215051
1182	89	-200	-0.009796788018433247
1182	89	-150	-0.015741811827957013
1182	89	-100	-0.00735264516129049
1182	89	-50	0.01046235483870972
1182	89	0	0.024061688172042867
1182	89	50	0.004960021505376222
1182	89	100	0.005118188172042866
1182	89	150	0.01779452150537623
1182	89	200	0.03692952150537635
1182	89	250	0.07240635483870965
1182	89	300	0.08738535483870973
1182	89	350	0.13220335483870968
1182	89	400	0.16315218817204302
1182	89	450	0.1783625215053762
1182	89	500	0.20232752150537628
1182	89	550	0.20058002150537635
1182	89	600	0.18344835483870958
1182	89	650	0.12081018817204299
1182	89	700	0.05701652150537625
1182	89	750	-0.0018973118279570489
1182	89	800	0.003624021505376218
1182	89	850	-0.028313978494623655
1182	89	900	-0.034784311827957014
1182	89	950	-0.04935064516129032
1182	89	1e3	-0.057335478494623615
1182	89	1050	-0.04153097849462376
1182	89	1100	-0.0284939784946238
1182	89	1150	-0.005204311827956998
1182	90	-200	-0.025887009216590023
1182	90	-150	-0.028918747311828048
1182	90	-100	-0.001442580645161451
1182	90	-50	0.021287919354838463
1182	90	0	0.03927491935483851
1182	90	50	0.0345999193548386
1182	90	100	0.01576008602150525
1182	90	150	0.07319875268817182
1182	90	200	0.0852940860215053
1182	90	250	0.08787791935483846
1182	90	300	0.0930865860215051
1182	90	350	0.12383091935483866
1182	90	400	0.15828508602150512
1182	90	450	0.19335725268817186
1182	90	500	0.18820008602150526
1182	90	550	0.22669901935483852
1182	90	600	0.14176370506912425
1182	90	650	0.03416575268817187
1182	90	700	-0.012523747311828185
1182	90	750	-0.11437841397849484
1182	90	800	-0.1435970806451615
1182	90	850	-0.2196400806451615
1182	90	900	-0.25424158064516145
1182	90	950	-0.27232891397849485
1182	90	1e3	-0.2751767473118281
1182	90	1050	-0.2849469139784948
1182	90	1100	-0.2749564139784948
1182	90	1150	-0.23023091397849482
1182	91	-200	0.020461299539170356
1182	91	-150	0.02293837096774191
1182	91	-100	0.0038833709677419392
1182	91	-50	-0.022982629032258117
1182	91	0	-0.027710629032258183
1182	91	50	-0.05447912903225808
1182	91	100	-0.05154262903225811
1182	91	150	-0.07501746236559148
1182	91	200	-0.09567779569892483
1182	91	250	-0.11475279569892487
1182	91	300	-0.08464462903225815
1182	91	350	-0.07178429569892475
1182	91	400	-0.05560079569892477
1182	91	450	-0.035836295698924804
1182	91	500	-0.0032744623655914427
1182	91	550	0.0023268709677419044
1182	91	600	0.006253370967741849
1182	91	650	-0.04925196236559152
1182	91	700	-0.0931356290322581
1182	91	750	-0.12682162903225813
1182	91	800	-0.14774062903225813
1182	91	850	-0.17614829569892473
1182	91	900	-0.1943707956989249
1182	91	950	-0.18171946236559142
1182	91	1e3	-0.20424096236559142
1182	91	1050	-0.20076579569892483
1182	91	1100	-0.1863772956989247
1182	91	1150	-0.1906769623655915
1182	92	-200	0.0013104147465439833
1182	92	-150	-0.008843204301075103
1182	92	-100	-0.0063837043010751176
1182	92	-50	8.691290322582942e-4
1182	92	0	0.0128289623655915
1182	92	50	-6.420430107508442e-5
1182	92	100	0.013057795698924846
1182	92	150	0.04854346236559152
1182	92	200	0.05844346236559147
1182	92	250	0.0914837956989248
1182	92	300	0.09282696236559151
1182	92	350	0.1407844623655916
1182	92	400	0.13038729569892493
1182	92	450	0.17343312903225816
1182	92	500	0.19268496236559152
1182	92	550	0.19185096236559152
1182	92	600	0.12735196236559157
1182	92	650	0.07704562903225809
1182	92	700	0.05675162903225828
1182	92	750	0.02696929569892485
1182	92	800	-0.022499204301075215
1182	92	850	-0.014691037634408413
1182	92	900	-0.04637403763440847
1182	92	950	-0.028257704301075142
1182	92	1e3	-0.06800870430107508
1182	92	1050	-0.058919870967741796
1182	92	1100	-0.06433120430107508
1182	92	1150	-0.007848704301075093
1182	93	-200	0.01658003225806448
1182	93	-150	0.02407369892473114
1182	93	-100	-0.015100634408602284
1182	93	-50	-0.016855301075268853
1182	93	0	-0.011461134408602266
1182	93	50	0.02516203225806442
1182	93	100	0.011432865591397853
1182	93	150	0.0069755322580643915
1182	93	200	0.030643532258064488
1182	93	250	0.029126532258064424
1182	93	300	0.048492698924731105
1182	93	350	0.07982136559139774
1182	93	400	0.12650503225806453
1182	93	450	0.1715041989247311
1182	93	500	0.18999136559139776
1182	93	550	0.20785319892473111
1182	93	600	0.17250169892473113
1182	93	650	0.13706169892473108
1182	93	700	0.08367619892473115
1182	93	750	0.02813986559139788
1182	93	800	0.023086632258064465
1182	93	850	0.002205698924731214
1182	93	900	-0.003822301075268856
1182	93	950	-0.029663467741935474
1182	93	1e3	-0.05133113440860219
1182	93	1050	-0.054268967741935535
1182	93	1100	-0.03220046774193556
1182	93	1150	-0.02757330107526886
1182	94	-200	0.04349105069124416
1182	94	-150	0.014803693548386917
1182	94	-100	-0.011269639784946328
1182	94	-50	-0.031137973118279705
1182	94	0	-0.023135639784946482
1182	94	50	-0.029644639784946285
1182	94	100	-0.03820213978494628
1182	94	150	-0.05219597311827965
1182	94	200	-0.06511963978494635
1182	94	250	-0.05347147311827971
1182	94	300	-0.07900513978494635
1182	94	350	-0.05676563978494631
1182	94	400	-0.05471997311827977
1182	94	450	0.006781193548386947
1182	94	500	0.05556469354838689
1182	94	550	0.09877319354838703
1182	94	600	0.11840619354838695
1182	94	650	0.09645119354838694
1182	94	700	0.05453886021505361
1182	94	750	-0.03103747311827972
1182	94	800	-0.05961663978494632
1182	94	850	-0.07237530645161312
1182	94	900	-0.11187213978494633
1182	94	950	-0.13093463978494638
1182	94	1e3	-0.14763497311827964
1182	94	1050	-0.1388014731182797
1182	94	1100	-0.14540240645161315
1182	94	1150	-0.12850194930875583
1182	95	-200	-0.001339723502304237
1182	95	-150	-0.001910080645161442
1182	95	-100	-0.010106913978494761
1182	95	-50	0.013396752688171828
1182	95	0	1.8325268817191245e-4
1182	95	50	0.010093252688171997
1182	95	100	0.009680752688171998
1182	95	150	0.031847219354838516
1182	95	200	0.045499562211981495
1182	95	250	0.057220086021505225
1182	95	300	0.07645591935483864
1182	95	350	0.08390558602150522
1182	95	400	0.12453741935483853
1182	95	450	0.1563557526881718
1182	95	500	0.19296208602150525
1182	95	550	0.22335775268817196
1182	95	600	0.23384458602150526
1182	95	650	0.22345908602150524
1182	95	700	0.18940058602150525
1182	95	750	0.14936841935483858
1182	95	800	0.13699508602150523
1182	95	850	0.1126430860215053
1182	95	900	0.1371602526881719
1182	95	950	0.11511958602150522
1182	95	1e3	0.10044958602150526
1182	95	1050	0.07145658602150529
1182	95	1100	0.04354008602150531
1182	95	1150	0.0562605860215053
1182	96	-200	0.08517893333333311
1182	96	-150	0.08267643333333312
1182	96	-100	0.05716643333333312
1182	96	-50	-0.19978490000000018
1182	96	0	-0.02523690000000019
1182	96	50	0.06229476666666652
1182	96	100	0.054856766666666466
1182	96	150	0.0023987666666664964
1182	96	200	0.016859433333333174
1182	96	250	-0.007188900000000276
1182	96	300	0.00254409999999979
1182	96	350	-0.009920066666666857
1182	96	400	-0.006844233333333542
1182	96	450	7.847666666665661e-4
1182	96	500	0.03890059999999984
1182	96	550	0.0717417666666665
1182	96	600	0.09579643333333321
1182	96	650	0.12803843333333317
1182	96	700	0.1434985999999998
1182	96	750	0.07351243333333324
1182	96	800	NA
1182	96	850	NA
1182	96	900	NA
1182	96	950	NA
1182	96	1e3	NA
1182	96	1050	NA
1182	96	1100	NA
1182	96	1150	NA
1182	97	-200	0.024843732718894236
1182	97	-150	0.010491661290322751
1182	97	-100	-0.0019128387096772521
1182	97	-50	-0.022896338709677222
1182	97	0	-0.014666838709677258
1182	97	50	-0.03947250537634406
1182	97	100	-0.05347400537634391
1182	97	150	-0.06351000537634392
1182	97	200	-0.05920717204301059
1182	97	250	-0.08397267204301058
1182	97	300	-0.08023267204301059
1182	97	350	-0.059899838709677335
1182	97	400	-0.045321505376343975
1182	97	450	-0.004675505376343943
1182	97	500	0.05087199462365614
1182	97	550	0.09973566129032278
1182	97	600	0.11646366129032264
1182	97	650	0.10684616129032272
1182	97	700	NA
1182	97	750	NA
1182	97	800	NA
1182	97	850	-0.1010418387096772
1182	97	900	-0.023013005376343838
1182	97	950	-0.05828500537634388
1182	97	1e3	-0.05339533870967735
1182	97	1050	-0.08630058870967727
1182	97	1100	NA
1182	97	1150	NA
1182	98	-200	-0.22510141666666694
1182	98	-150	-0.07217761666666674
1182	98	-100	0.023420749999999952
1182	98	-50	0.03053091666666659
1182	98	0	0.043713249999999926
1182	98	50	0.06028441666666651
1182	98	100	0.08738808333333321
1182	98	150	0.07797358333333326
1182	98	200	0.059705583333333166
1182	98	250	0.023221416666666512
1182	98	300	0.007121083333333278
1182	98	350	-0.001999416666666735
1182	98	400	0.017981583333333145
1182	98	450	0.05380791666666659
1182	98	500	0.07565024999999996
1182	98	550	0.1396394166666665
1182	98	600	0.1849874166666666
1182	98	650	0.19570818333333317
1182	98	700	0.21080415476190462
1182	98	750	0.19540391666666657
1182	98	800	0.15739424999999985
1182	98	850	0.13682074999999996
1182	98	900	0.09792358333333318
1182	98	950	-0.19387641666666688
1182	98	1e3	-0.239913416666667
1182	98	1050	0.08418924999999995
1182	98	1100	0.19489141666666657
1182	98	1150	0.17984508333333316
1182	99	-200	-0.014117350230414731
1182	99	-150	-0.00783873118279558
1182	99	-100	-0.009900564516128973
1182	99	-50	0.016098768817204363
1182	99	0	0.018110768817204265
1182	99	50	0.04056426881720432
1182	99	100	0.054240268817204416
1182	99	150	0.04019126881720436
1182	99	200	0.058199768817204456
1182	99	250	0.04856676881720445
1182	99	300	0.04079143548387106
1182	99	350	0.06628476881720435
1182	99	400	0.09178643548387104
1182	99	450	0.1332377688172044
1182	99	500	0.17421293548387115
1182	99	550	0.23463576881720435
1182	99	600	0.2468694354838711
1182	99	650	0.2368272688172044
1182	99	700	0.18469926881720436
1182	99	750	0.16804576881720434
1182	99	800	0.053799935483871075
1182	99	850	-0.13958756451612897
1182	99	900	0.09751560215053774
1182	99	950	0.12376860215053768
1182	99	1e3	0.08712243548387104
1182	99	1050	0.06456610215053778
1182	99	1100	0.06458976881720435
1182	99	1150	0.07395526881720434
1182	100	-200	0.02165019815668196
1182	100	-150	0.013461317204300993
1182	100	-100	0.0022329838709677454
1182	100	-50	-0.017355016129032192
1182	100	0	-0.0235978494623655
1182	100	50	-0.010699516129032268
1182	100	100	-0.006981349462365542
1182	100	150	0.016364317204301093
1182	100	200	0.0061944838709676224
1182	100	250	0.013469483870967766
1182	100	300	0.03181331720430106
1182	100	350	0.05319798387096775
1182	100	400	0.05496615053763435
1182	100	450	0.098742817204301
1182	100	500	0.13188081720430103
1182	100	550	0.16228698387096774
1182	100	600	0.16961331720430106
1182	100	650	0.13572998387096766
1182	100	700	0.09779698387096773
1182	100	750	0.03838815053763437
1182	100	800	NA
1182	100	850	NA
1182	100	900	NA
1182	100	950	NA
1182	100	1e3	-0.26653551612903215
1182	100	1050	0.021095817204301055
1182	100	1100	-0.02371784946236562
1182	100	1150	0.015577817204300995
1182	101	-200	0.001718930875576
1182	101	-150	-0.006540688172043192
1182	101	-100	0.006545478494623576
1182	101	-50	0.01003931182795692
1182	101	0	-0.012049521505376415
1182	101	50	-0.008922854838709767
1182	101	100	-0.006604688172043034
1182	101	150	0.0010648118279569612
1182	101	200	-0.007964521505376373
1182	101	250	-0.026401521505376484
1182	101	300	-0.013882688172043226
1182	101	350	-0.001485854838709851
1182	101	400	0.00797481182795686
1182	101	450	0.05749114516129028
1182	101	500	0.07930197849462355
1182	101	550	0.08868181182795687
1182	101	600	0.11340914516129026
1182	101	650	0.11663797849462358
1182	101	700	0.07682631182795685
1182	101	750	0.03483297849462352
1182	101	800	0.006530145161290172
1182	101	850	-0.008009854838709751
1182	101	900	-0.022711021505376516
1182	101	950	-0.037670854838709765
1182	101	1e3	-0.04615502150537654
1182	101	1050	-0.050548354838709786
1182	101	1100	-0.05220435483870981
1182	101	1150	-0.06368268817204308
1182	102	-200	0.023418843317972154
1182	102	-150	0.00901096236559118
1182	102	-100	0.0023452956989246467
1182	102	-50	-0.012954037634408758
1182	102	0	-0.025724204301075398
1182	102	50	-0.0392120376344088
1182	102	100	-0.03224637096774208
1182	102	150	-0.03342753763440872
1182	102	200	-0.059340704301075485
1182	102	250	-0.05737070430107546
1182	102	300	-0.044701870967742176
1182	102	350	-0.019856370967742027
1182	102	400	-0.01324987096774207
1182	102	450	0.013533462365591165
1182	102	500	0.06904896236559128
1182	102	550	0.09177446236559117
1182	102	600	0.11265762903225791
1182	102	650	0.10977046236559122
1182	102	700	0.06675929569892447
1182	102	750	0.05888246236559117
1182	102	800	0.050156329032258015
1182	102	850	0.02039655760368651
1182	102	900	0.01730746236559133
1182	102	950	0.012827629032257907
1182	102	1e3	0.007259462365591274
1182	102	1050	0.011247962365591299
1182	102	1100	0.01171879569892457
1182	102	1150	0.005339295698924588
1182	103	-200	-0.002208829493087729
1182	103	-150	-0.011547591397849702
1182	103	-100	-0.001002924731182982
1182	103	-50	-0.004519758064516359
1182	103	0	0.01964724193548369
1182	103	50	0.02690374193548369
1182	103	100	0.025197241935483634
1182	103	150	0.045719741935483636
1182	103	200	0.06386224193548373
1182	103	250	0.07453757526881703
1182	103	300	0.06371390860215038
1182	103	350	0.05629740860215038
1182	103	400	0.07123390860215029
1182	103	450	0.09112107526881696
1182	103	500	0.13674190860215032
1182	103	550	0.18595457526881706
1182	103	600	0.22126007526881705
1182	103	650	0.2534232419354836
1182	103	700	0.24649007526881705
1182	103	750	0.20155674193548379
1182	103	800	0.17176557526881706
1182	103	850	0.14428957526881706
1182	103	900	0.14791757526881702
1182	103	950	0.11723240860215034
1182	103	1e3	0.124474075268817
1182	103	1050	0.092937575268817
1182	103	1100	0.09733524193548367
1182	103	1150	0.09827040860215035
1182	104	-200	-0.048500133333333396
1182	104	-150	-0.027956633333333352
1182	104	-100	0.002706366666666756
1182	104	-50	0.02751853333333328
1182	104	0	0.04623186666666664
1182	104	50	0.07162819999999999
1182	104	100	0.0757987
1182	104	150	0.09339253333333326
1182	104	200	0.07575920000000003
1182	104	250	0.08386569999999997
1182	104	300	0.08926003333333332
1182	104	350	0.09499186666666663
1182	104	400	0.09360886666666664
1182	104	450	0.1105273666666667
1182	104	500	0.1297075333333332
1182	104	550	0.18111703333333318
1182	104	600	0.18349436666666663
1182	104	650	0.18400896666666666
1182	104	700	0.1514656523809524
1182	104	750	0.10466519999999997
1182	104	800	0.05484169999999996
1182	104	850	0.03143936666666658
1182	104	900	0.023856033333333304
1182	104	950	-0.1123416333333332
1182	104	1e3	0.003149866666666649
1182	104	1050	-0.008597299999999993
1182	104	1100	-0.02864963333333333
1182	104	1150	9.219999999994973e-5
1182	105	-200	0.004416654377880048
1182	105	-150	0.002410059139784796
1182	105	-100	-0.008219774193548579
1182	105	-50	-0.0025314408602152096
1182	105	0	0.0031883924731181956
1182	105	50	-0.02251960752688194
1182	105	100	-0.02401060752688185
1182	105	150	-0.01864344086021526
1182	105	200	-0.031739440860215185
1182	105	250	-0.030966440860215345
1182	105	300	-0.05192077419354849
1182	105	350	-0.019844940860215193
1182	105	400	-0.00407927419354855
1182	105	450	0.021284559139784776
1182	105	500	0.07247555913978469
1182	105	550	0.08877422580645151
1182	105	600	0.05551839247311804
1182	105	650	0.009968725806451436
1182	105	700	-0.002979107526881982
1182	105	750	-0.016225440860215306
1182	105	800	4.5059139784845805e-5
1182	105	850	0.026471059139784685
1182	105	900	0.019112392473118096
1182	105	950	0.048380225806451405
1182	105	1e3	0.03636272580645139
1182	105	1050	0.04523139247311817
1182	105	1100	0.060793892473118095
1182	105	1150	0.08890722580645145
1182	106	-200	0.007685235023041732
1182	106	-150	-0.00552869354838692
1182	106	-100	0.01373013978494638
1182	106	-50	0.001062973118279779
1182	106	0	-0.01823052688172022
1182	106	50	-0.035625693548386884
1182	106	100	-0.043981360215053535
1182	106	150	-0.019938026881720194
1182	106	200	-0.025291526881720205
1182	106	250	-0.028519360215053524
1182	106	300	-0.023634526881720186
1182	106	350	-0.021481860215053494
1182	106	400	-0.030842360215053526
1182	106	450	-0.020268693548386823
1182	106	500	0.007687306451613048
1182	106	550	0.04734163978494651
1182	106	600	0.05106647311827972
1182	106	650	0.0516481397849465
1182	106	700	-0.0030933602150535013
1182	106	750	-0.020071360215053513
1182	106	800	-0.07077052688172018
1182	106	850	-0.0675408602150535
1182	106	900	-0.15626102688172025
1182	106	950	-0.24259352688172017
1182	106	1e3	-0.31243036021505355
1182	106	1050	-0.3638166935483868
1182	106	1100	-0.40071919354838687
1182	106	1150	-0.2772213602150535
1182	107	-200	0.01066727649769599
1182	107	-150	-0.0074780806451610156
1182	107	-100	-0.0025597473118278056
1182	107	-50	0.001145252688172264
1182	107	0	-0.003552580645161063
1182	107	50	-0.0053487473118277356
1182	107	100	-0.02161958064516112
1182	107	150	-0.019992247311827693
1182	107	200	-0.02774791397849441
1182	107	250	-0.03147991397849448
1182	107	300	-0.040356747311827666
1182	107	350	-0.017653080645160985
1182	107	400	-0.01301408064516115
1182	107	450	-0.010374080645161099
1182	107	500	0.019847919354838872
1182	107	550	0.0203319193548388
1182	107	600	NA
1182	107	650	NA
1182	107	700	NA
1182	107	750	NA
1182	107	800	NA
1182	107	850	NA
1182	107	900	NA
1182	107	950	NA
1182	107	1e3	NA
1182	107	1050	NA
1182	107	1100	NA
1182	107	1150	NA
1182	109	-200	0.0020483333333334297
1182	109	-150	0.021852333333333362
1182	109	-100	-0.003737666666666565
1182	109	-50	-0.006101333333333366
1182	109	0	-0.014061666666666639
1182	109	50	-0.03249116666666659
1182	109	100	-0.051341666666666695
1182	109	150	-0.04502733333333331
1182	109	200	-0.06090853333333328
1182	109	250	-0.062176333333333264
1182	109	300	-0.09209099999999999
1182	109	350	-0.0971853333333333
1182	109	400	-0.10535949999999998
1182	109	450	-0.06935966666666664
1182	109	500	-0.023471000000000092
1182	109	550	-0.010280533333333253
1182	109	600	0.05328152380952383
1182	109	650	0.08819366666666666
1182	109	700	0.11277416666666669
1182	109	750	0.06395966666666678
1182	109	800	0.05150646666666665
1182	109	850	0.015859999999999985
1182	109	900	0.026217666666666768
1182	109	950	-0.0046638333333333115
1182	109	1e3	0.0112436666666668
1182	109	1050	0.009748333333333395
1182	109	1100	0.016517666666666726
1182	109	1150	0.02695616666666682
1182	110	-200	-0.025139502304147472
1182	110	-150	-0.012277145161290267
1182	110	-100	-3.4414516129036937e-4
1182	110	-50	0.024551188172042975
1182	110	0	0.017399521505376308
1182	110	50	0.02680268817204312
1182	110	100	0.05464368817204298
1182	110	150	0.04258468817204301
1182	110	200	-0.042644978494623675
1182	110	250	-0.12263481182795699
1182	110	300	-0.15800614516129033
1182	110	350	-0.17474914516129028
1182	110	400	-0.18783231182795693
1182	110	450	-0.1787779784946236
1182	110	500	-0.1672759784946236
1182	110	550	-0.12246797849462372
1182	110	600	-0.08605414516129029
1182	110	650	NA
1182	110	700	NA
1182	110	750	NA
1182	110	800	NA
1182	110	850	NA
1182	110	900	-0.10930014516129027
1182	110	950	-0.1627549784946237
1182	110	1e3	-0.1612223118279569
1182	110	1050	-0.14252314516129036
1182	110	1100	-0.1219311451612904
1182	110	1150	-0.11469831182795691
1182	111	-200	0.010745799999999953
1182	111	-150	-0.0094540333333335
1182	111	-100	-0.007440866666666768
1182	111	-50	-0.005280366666666758
1182	111	0	0.011429466666666555
1182	111	50	0.006646466666666573
1182	111	100	0.013741419047618957
1182	111	150	0.047273799999999776
1182	111	200	0.042524799999999884
1182	111	250	0.047880799999999724
1182	111	300	0.07177596666666664
1182	111	350	0.07720846666666652
1182	111	400	0.10047246666666647
1182	111	450	0.14415729999999974
1182	111	500	0.19771079999999994
1182	111	550	0.20733379999999987
1182	111	600	0.2088857999999998
1182	111	650	0.19482829999999987
1182	111	700	0.16493613333333315
1182	111	750	0.12906196666666658
1182	111	800	0.08167779999999995
1182	111	850	0.07538179999999994
1182	111	900	0.06365063333333316
1182	111	950	0.05693063333333318
1182	111	1e3	0.04644146666666645
1182	111	1050	0.06053129999999992
1182	111	1100	0.06380213333333311
1182	111	1150	0.05833529999999983
1182	112	-200	0.0023436774193547854
1182	112	-150	-0.00898582258064525
1182	112	-100	0.008060177419354794
1182	112	-50	0.002068844086021334
1182	112	0	-0.0038774892473118308
1182	112	50	-0.0019414892473118932
1182	112	100	0.022042677419354728
1182	112	150	0.0021733440860214337
1182	112	200	0.015055677419354799
1182	112	250	0.04049801075268814
1182	112	300	0.04854667741935481
1182	112	350	0.0628173440860215
1182	112	400	0.09898351075268812
1182	112	450	0.12564384408602147
1182	112	500	0.1591085107526881
1182	112	550	0.1707455107526882
1182	112	600	0.16971684408602142
1182	112	650	0.1602023440860215
1182	112	700	0.10631501075268823
1182	112	750	0.0667423440860216
1182	112	800	0.03177684408602147
1182	112	850	0.005592177419354805
1182	112	900	-0.009619489247311893
1182	112	950	-0.03823415591397857
1182	112	1e3	-0.04244865591397858
1182	112	1050	-0.03444932258064518
1182	112	1100	-0.0465494892473118
1182	112	1150	-0.04833848924731184
1182	113	-200	-0.007993198156682282
1182	113	-150	0.003371349462365355
1182	113	-100	0.0016731827956986873
1182	113	-50	-0.011505650537634601
1182	113	0	0.01578651612903211
1182	113	50	0.031110182795698698
1182	113	100	0.017335682795698675
1182	113	150	0.024613182795698647
1182	113	200	0.05037001612903199
1182	113	250	0.034851516129032
1182	113	300	0.06343501612903202
1182	113	350	0.07441184946236534
1182	113	400	0.09844534946236531
1182	113	450	0.14447718279569863
1182	113	500	0.1859086827956986
1182	113	550	0.200800716129032
1182	113	600	0.26536908755760347
1182	113	650	0.2761646827956987
1182	113	700	0.2882050161290321
1182	113	750	0.21321351612903205
1182	113	800	0.18584834946236528
1182	113	850	0.1588346827956987
1182	113	900	0.1590251827956987
1182	113	950	0.13526268279569872
1182	113	1e3	0.1010006827956987
1182	113	1050	0.08089251612903214
1182	113	1100	0.07583318279569869
1182	113	1150	0.09388601612903195
1182	114	-200	-0.00434086635944686
1182	114	-150	-6.199139784945166e-4
1182	114	-100	0.002997419354838845
1182	114	-50	0.006765586021505454
1182	114	0	-0.004078747311827853
1182	114	50	-0.0032002473118278494
1182	114	100	-0.007881747311827855
1182	114	150	-0.01300041397849457
1182	114	200	-0.0033909139784945217
1182	114	250	-0.005196747311827954
1182	114	300	-8.780806451612241e-4
1182	114	350	0.01347158602150548
1182	114	400	0.018539419354838788
1182	114	450	0.06638808602150544
1182	114	500	0.09255875268817208
1182	114	550	0.12237441935483884
1182	114	600	0.17410608602150549
1182	114	650	0.1910049193548388
1182	114	700	0.21107575268817214
1182	114	750	0.19011591935483874
1182	114	800	0.12387558602150535
1182	114	850	0.0959224193548387
1182	114	900	0.07967108602150552
1182	114	950	0.052458419354838824
1182	114	1e3	0.07398391935483868
1182	114	1050	0.06120175268817207
1182	114	1100	0.0671360860215054
1182	114	1150	0.08149191935483875
1182	115	-200	0.016668797235022823
1182	115	-150	0.018623059139784754
1182	115	-100	-0.004620774193548523
1182	115	-50	-0.00955977419354855
1182	115	0	-0.0238894408602152
1182	115	50	-0.041296940860215146
1182	115	100	-0.024402974193548577
1182	115	150	-0.030036059907834263
1182	115	200	-0.003952607526881942
1182	115	250	0.021105559139784697
1182	115	300	0.03106289247311807
1182	115	350	0.07785455913978478
1182	115	400	0.10533722580645148
1182	115	450	0.13125205913978477
1182	115	500	0.1796958924731181
1182	115	550	0.2112738924731182
1182	115	600	0.2401667258064514
1182	115	650	0.24982955913978486
1182	115	700	0.22789197580645149
1182	115	750	NA
1182	115	800	NA
1182	115	850	0.021648082949308582
1182	115	900	0.19458389247311816
1182	115	950	0.14549639247311807
1182	115	1e3	0.14883205913978478
1182	115	1050	0.17413355913978487
1182	115	1100	0.17574689247311812
1182	115	1150	0.1522818924731181
1182	116	-200	-0.013897654377880249
1182	116	-150	0.0051617741935482036
1182	116	-100	0.018009107526881635
1182	116	-50	5.826075268816252e-4
1182	116	0	-0.007539559139785101
1182	116	50	-0.012272892473118432
1182	116	100	-0.030989225806451765
1182	116	150	-0.008890725806451819
1182	116	200	0.0177386075268815
1182	116	250	0.025479274193548118
1182	116	300	-0.002927559139785115
1182	116	350	-0.018297725806451764
1182	116	400	-0.017683892473118485
1182	116	450	9.960752688153995e-5
1182	116	500	0.02862610752688159
1182	116	550	0.04779410752688159
1182	116	600	0.02274677419354824
1182	116	650	0.025434774193548188
1182	116	700	-0.008234225806451759
1182	116	750	-0.05761522580645173
1182	116	800	-0.07485089247311853
1182	116	850	-0.11538572580645175
1182	116	900	-0.14243972580645173
1182	116	950	-0.1445682258064517
1182	116	1e3	-0.15888839247311845
1182	116	1050	-0.16368889247311844
1182	116	1100	-0.1610233924731185
1182	116	1150	-0.17456222580645173
1182	117	-200	-0.06532455760368652
1182	117	-150	-0.04425229569892456
1182	117	-100	0.044715370967742064
1182	117	-50	0.043145037634408766
1182	117	0	0.03260387096774209
1182	117	50	0.019913704301075457
1182	117	100	0.03679987096774203
1182	117	150	-0.023795129032258
1182	117	200	-0.039452462365591266
1182	117	250	-0.041867295698924556
1182	117	300	-0.03975962903225794
1182	117	350	-0.009087129032257982
1182	117	400	-0.038727129032257945
1182	117	450	-0.030833962365591255
1182	117	500	-0.0028109623655912705
1182	117	550	0.053129537634408676
1182	117	600	0.0973080376344088
1182	117	650	0.10371370430107547
1182	117	700	0.08434620430107542
1182	117	750	0.03896053763440873
1182	117	800	0.017434204301075413
1182	117	850	-0.019526629032257842
1182	117	900	-0.03987896236559122
1182	117	950	-0.02734596236559117
1182	117	1e3	-0.04608179569892464
1182	117	1050	-0.037166962365591326
1182	117	1100	-0.03730496236559122
1182	117	1150	-0.03569479569892464
1182	118	-200	0.006077165898617398
1182	118	-150	0.004121784946236495
1182	118	-100	-0.001886048387096828
1182	118	-50	-0.0145043817204303
1182	118	0	0.005178618279569817
1182	118	50	0.021782618279569805
1182	118	100	0.012823784946236557
1182	118	150	0.015770784946236516
1182	118	200	0.009456118279569825
1182	118	250	-0.0033000483870968544
1182	118	300	-0.027191881720430116
1182	118	350	-0.01456454838709679
1182	118	400	0.0014994516129031392
1182	118	450	-0.010430715053763548
1182	118	500	0.01613628494623646
1182	118	550	0.04564061827956989
1182	118	600	0.09652695161290319
1182	118	650	0.034986051612903156
1182	118	700	NA
1182	118	750	NA
1182	118	800	NA
1182	118	850	NA
1182	118	900	NA
1182	118	950	NA
1182	118	1e3	NA
1182	118	1050	NA
1182	118	1100	NA
1182	118	1150	NA
1182	119	-200	0.011230612903225736
1182	119	-150	0.006631946236559087
1182	119	-100	7.067795698924387e-4
1182	119	-50	-0.016139553763440857
1182	119	0	-0.004301553763440842
1182	119	50	-0.02192638709677423
1182	119	100	-0.014161053763440826
1182	119	150	-0.02607838709677431
1182	119	200	-0.02728922043010762
1182	119	250	-0.03334722043010759
1182	119	300	-0.04816972043010762
1182	119	350	-0.05764522043010759
1182	119	400	-0.05063622043010755
1182	119	450	-0.027132553763440887
1182	119	500	-0.010041553763440922
1182	119	550	0.020382112903225707
1182	119	600	0.021517612903225736
1182	119	650	-0.022591720430107598
1182	119	700	NA
1182	119	750	NA
1182	119	800	NA
1182	119	850	NA
1182	119	900	NA
1182	119	950	NA
1182	119	1e3	NA
1182	119	1050	NA
1182	119	1100	NA
1182	119	1150	NA
1182	120	-200	0.013665912442396153
1182	120	-150	0.0012686505376342527
1182	120	-100	0.00510948387096762
1182	120	-50	-0.0060045161290324485
1182	120	0	-0.016317182795699086
1182	120	50	-0.015571182795699171
1182	120	100	-0.01662684946236581
1182	120	150	-0.03201851612903243
1182	120	200	-0.03237334946236577
1182	120	250	-0.023172016129032375
1182	120	300	-0.04743434946236569
1182	120	350	-0.04005284946236576
1182	120	400	-0.035535349462365806
1182	120	450	-0.02435334946236578
1182	120	500	0.01822265053763424
1182	120	550	0.07636073387096765
1182	120	600	NA
1182	120	650	NA
1182	120	700	NA
1182	120	750	NA
1182	120	800	NA
1182	120	850	NA
1182	120	900	NA
1182	120	950	NA
1182	120	1e3	NA
1182	120	1050	NA
1182	120	1100	NA
1182	120	1150	NA
1182	121	-200	-0.013861655913978366
1182	121	-150	0.004741534562212062
1182	121	-100	0.002399510752688405
1182	121	-50	-0.019147989247311575
1182	121	0	0.025078344086021682
1182	121	50	0.016058844086021724
1182	121	100	-8.148924731162428e-5
1182	121	150	-0.010716822580644955
1182	121	200	-0.01720232258064495
1182	121	250	-0.026633989247311602
1182	121	300	-0.019453822580645024
1182	121	350	0.027352177419354955
1182	121	400	0.05231507741935495
1182	121	450	0.06713639170506923
1182	121	500	0.08543667741935497
1182	121	550	0.1521295107526884
1182	121	600	0.20093534408602168
1182	121	650	0.19866017741935504
1182	121	700	0.142657677419355
1182	121	750	0.09757067741935499
1182	121	800	0.09673317741935494
1182	121	850	0.08432201075268823
1182	121	900	0.03076267741935494
1182	121	950	0.04730734408602174
1182	121	1e3	0.03457451075268825
1182	121	1050	0.030947344086021733
1182	121	1100	0.05674717741935494
1182	121	1150	0.09341951075268821
1182	122	-200	-0.013747633333333434
1182	122	-150	-7.541333333334066e-4
1182	122	-100	-0.008152966666666725
1182	122	-50	0.01750936666666658
1182	122	0	0.00514536666666654
1182	122	50	0.008479199999999873
1182	122	100	-0.046279633333333514
1182	122	150	-0.0399688000000001
1182	122	200	-0.03967880000000005
1182	122	250	-0.06743263333333342
1182	122	300	-0.05425013333333332
1182	122	350	-0.026188799999999974
1182	122	400	-0.06356613333333343
1182	122	450	-0.015563466666666711
1182	122	500	0.018366485714285626
1182	122	550	0.04825786666666665
1182	122	600	0.06493103333333321
1182	122	650	-0.03868129999999992
1182	122	700	NA
1182	122	750	NA
1182	122	800	NA
1182	122	850	NA
1182	122	900	NA
1182	122	950	NA
1182	122	1e3	NA
1182	122	1050	NA
1182	122	1100	NA
1182	122	1150	NA
1182	123	-200	-0.014422100000000215
1182	123	-150	-0.006830933333333474
1182	123	-100	-5.034333333335065e-4
1182	123	-50	0.012181899999999782
1182	123	0	0.009574566666666376
1182	123	50	-0.005611766666666777
1182	123	100	-0.027280766666666862
1182	123	150	-0.030532600000000205
1182	123	200	-0.037451933333333555
1182	123	250	-0.023871766666666867
1182	123	300	-0.0334516000000001
1182	123	350	-0.016098933333333527
1182	123	400	0.0020317333333331375
1182	123	450	0.0303343999999998
1182	123	500	0.06484539999999976
1182	123	550	0.0639342333333331
1182	123	600	0.13191989999999984
1182	123	650	0.1741143999999998
1182	123	700	0.18112273333333317
1182	123	750	0.1747887333333331
1182	123	800	0.12558789999999997
1182	123	850	0.10519489999999987
1182	123	900	0.0688845666666665
1182	123	950	0.04073573333333321
1182	123	1e3	-0.0031581000000002004
1182	123	1050	0.03298273333333316
1182	123	1100	0.032206733333333126
1182	123	1150	0.042826899999999966
1182	124	-200	-0.022743414746543827
1182	124	-150	-0.009428629032258126
1182	124	-100	0.01605907096774173
1182	124	-50	0.017057013824884733
1182	124	0	0.002680204301075184
1182	124	50	-0.02151179569892488
1182	124	100	-0.05115346236559152
1182	124	150	-0.07546412903225812
1182	124	200	-0.09337546236559142
1182	124	250	-0.06917496236559144
1182	124	300	-0.06721712903225814
1182	124	350	-0.07228079569892487
1182	124	400	-0.049088629032258156
1182	124	450	0.010879204301075177
1182	124	500	0.0072967043010752075
1182	124	550	0.051172204301075164
1182	124	600	0.06775120430107522
1182	124	650	NA
1182	124	700	NA
1182	124	750	NA
1182	124	800	NA
1182	124	850	NA
1182	124	900	NA
1182	124	950	NA
1182	124	1e3	NA
1182	124	1050	-0.011599629032258196
1182	124	1100	0.00893370430107517
1182	124	1150	0.06508370430107517
1182	125	-200	0.01630656666666656
1182	125	-150	0.0018463999999998038
1182	125	-100	-0.0054239333333335376
1182	125	-50	0.002670233333333124
1182	125	0	-0.015399266666666836
1182	125	50	-0.04878776666666688
1182	125	100	-0.007005266666666972
1182	125	150	0.01265006666666646
1182	125	200	0.02003482857142837
1182	125	250	0.04687299999999981
1182	125	300	0.0392416857142855
1182	125	350	0.05809873333333315
1182	125	400	0.06432273333333316
1182	125	450	0.09212456666666657
1182	125	500	0.11378039999999978
1182	125	550	0.14729339999999985
1182	125	600	NA
1182	125	650	NA
1182	125	700	NA
1182	125	750	NA
1182	125	800	-0.1379358500000002
1182	125	850	0.04173897142857123
1182	125	900	-0.05724960000000016
1182	125	950	-0.08090176666666686
1182	125	1e3	-0.07474043333333354
1182	125	1050	-0.08652826666666684
1182	125	1100	-0.11378760000000021
1182	125	1150	-0.1555612666666668
1182	126	-200	-0.02422863594470031
1182	126	-150	0.005722768817204423
1182	126	-100	0.01826543548387109
1182	126	-50	0.0020446021505377368
1182	126	0	0.0022339354838711114
1182	126	50	0.0080646021505378
1182	126	100	0.01718560215053781
1182	126	150	0.01806826881720447
1182	126	200	0.007963268817204439
1182	126	250	0.0020067688172045184
1182	126	300	-0.004418897849462218
1182	126	350	0.006345602150537773
1182	126	400	-0.0026050645161289263
1182	126	450	0.01696293548387103
1182	126	500	0.030962268817204503
1182	126	550	0.07460176881720448
1182	126	600	0.07978353548387104
1182	126	650	0.0326143640552997
1182	126	700	-0.020027731182795588
1182	126	750	-0.05061023118279562
1182	126	800	-0.06995606451612894
1182	126	850	-0.07743623118279556
1182	126	900	-0.06950039784946223
1182	126	950	-0.07498023118279555
1182	126	1e3	-0.06038539784946225
1182	126	1050	-0.07111889784946213
1182	126	1100	-0.09266739784946232
1182	126	1150	-0.06073856451612891
1182	127	-200	0.022090525345622312
1182	127	-150	-0.017094569892473082
1182	127	-100	-0.005150069892472982
1182	127	-50	-0.0029105698924730325
1182	127	0	-6.17069892472936e-4
1182	127	50	2.467634408602759e-4
1182	127	100	-0.032336736559139746
1182	127	150	-0.03655573655913965
1182	127	200	-0.03909090322580636
1182	127	250	-0.03713706989247297
1182	127	300	-0.03284856989247298
1182	127	350	-0.015886903225806288
1182	127	400	-0.00795890322580628
1182	127	450	0.004459263440860377
1182	127	500	0.02752076344086037
1182	127	550	-0.03151790322580639
1182	127	600	NA
1182	127	650	NA
1182	127	700	NA
1182	127	750	NA
1182	127	800	NA
1182	127	850	NA
1182	127	900	NA
1182	127	950	NA
1182	127	1e3	NA
1182	127	1050	NA
1182	127	1100	NA
1182	127	1150	NA
1182	128	-200	-0.015221263440860463
1182	128	-150	0.007777403225806297
1182	128	-100	-0.006226668202765152
1182	128	-50	-7.0226344086044e-4
1182	128	0	0.015410569892472914
1182	128	50	0.02339450322580623
1182	128	100	0.0462770698924729
1182	128	150	0.0581970460829491
1182	128	200	0.04266606989247301
1182	128	250	0.0340314032258063
1182	128	300	0.06235756989247284
1182	128	350	0.048916903225806184
1182	128	400	0.05067890322580624
1182	128	450	0.02680340322580621
1182	128	500	NA
1182	128	550	-0.06827543010752694
1182	128	600	0.09807606989247282
1182	128	650	0.08195140322580625
1182	128	700	0.0026622365591395525
1182	128	750	-0.01770043010752705
1182	128	800	-0.032018263440860416
1182	128	850	-0.0523250967741938
1182	128	900	-0.06242876344086046
1182	128	950	-0.07985443010752717
1182	128	1e3	-0.0912210967741937
1182	128	1050	-0.10579693010752715
1182	128	1100	-0.10939426344086052
1182	128	1150	-0.06570526344086043
1182	129	-200	0.022364663594470154
1182	129	-150	0.018109806451613124
1182	129	-100	0.005461806451613131
1182	129	-50	-0.0011873602150536122
1182	129	0	-0.0484763602150536
1182	129	50	-0.05854902688172029
1182	129	100	-0.08317286021505359
1182	129	150	-0.07811286021505352
1182	129	200	-0.08451752688172028
1182	129	250	-0.07478952688172025
1182	129	300	-0.08444319354838699
1182	129	350	-0.08932502688172028
1182	129	400	-0.058379526881720135
1182	129	450	-0.033637360215053556
1182	129	500	-0.009315193548386969
1182	129	550	0.04416237788018451
1182	129	600	0.06985130645161301
1182	129	650	0.053658139784946414
1182	129	700	0.02153280645161308
1182	129	750	-0.007402360215053694
1182	129	800	-0.04440836021505364
1182	129	850	-0.050354860215053567
1182	129	900	-0.05112659354838689
1182	129	950	-0.03991105069124418
1182	129	1e3	-0.03383619354838693
1182	129	1050	-0.04577669354838698
1182	129	1100	-0.047928360215053534
1182	129	1150	-0.03430519354838698
1182	130	-200	0.019749933333333303
1182	130	-150	-0.00448273333333334
1182	130	-100	-0.00655439999999996
1182	130	-50	-0.0033097333333333236
1182	130	0	-0.005403066666666752
1182	130	50	0.00918893333333326
1182	130	100	0.031098266666666746
1182	130	150	0.04414593333333331
1182	130	200	0.023671599999999977
1182	130	250	0.05202393333333336
1182	130	300	0.0877562666666667
1182	130	350	0.1025719333333334
1182	130	400	0.08656743333333343
1182	130	450	0.09119793333333341
1182	130	500	0.10363743333333342
1182	130	550	0.10633760000000003
1182	130	600	0.12389043333333342
1182	130	650	0.06833109999999998
1182	130	700	-0.07625673333333342
1182	130	750	-0.11171923333333329
1182	130	800	-0.14574406666666664
1182	130	850	-0.17748423333333338
1182	130	900	-0.19666473333333334
1182	130	950	-0.22247889999999995
1182	130	1e3	-0.25601956666666653
1182	130	1050	-0.24492206666666663
1182	130	1100	-0.2489072333333334
1182	130	1150	-0.27354906666666673
1182	131	-200	0.02579244239631346
1182	131	-150	0.012726370967742021
1182	131	-100	-0.0179029623655913
1182	131	-50	-0.010616462365591328
1182	131	0	-0.014298129032257986
1182	131	50	0.0071940376344087715
1182	131	100	0.02542353763440867
1182	131	150	0.035882704301075354
1182	131	200	0.04122253763440864
1182	131	250	0.07143070430107534
1182	131	300	0.08946720430107542
1182	131	350	0.10355553763440868
1182	131	400	0.11716737096774203
1182	131	450	0.1267095376344086
1182	131	500	0.16106367096774205
1182	131	550	0.22170327096774195
1182	131	600	0.23910003763440865
1182	131	650	0.26997415668202773
1182	131	700	0.235334870967742
1182	131	750	0.18170667096774212
1182	131	800	0.1496302995391705
1182	131	850	0.07475153763440871
1182	131	900	NA
1182	131	950	NA
1182	131	1e3	NA
1182	131	1050	NA
1182	131	1100	NA
1182	131	1150	NA
1182	132	-200	0.011098769585253354
1182	132	-150	0.0021819838709675743
1182	132	-100	-0.009797682795698925
1182	132	-50	-0.011337516129032407
1182	132	0	0.006004650537634326
1182	132	50	0.008205817204300988
1182	132	100	0.014050483870967634
1182	132	150	0.018982317204301102
1182	132	200	0.025586150537634317
1182	132	250	0.021259650537634345
1182	132	300	0.024284317204300947
1182	132	350	0.01681731720430098
1182	132	400	0.09110531720430097
1182	132	450	0.07693365053763428
1182	132	500	0.15877781720430098
1182	132	550	0.19781115053763432
1182	132	600	0.17463765053763436
1182	132	650	0.22414481720430088
1182	132	700	0.20750698387096764
1182	132	750	0.18422181720430095
1182	132	800	0.16591831720430092
1182	132	850	0.12949581720430103
1182	132	900	0.10135465053763437
1182	132	950	0.08530348387096764
1182	132	1e3	0.08706565053763422
1182	132	1050	0.09197398387096767
1182	132	1100	0.08414781720430094
1182	132	1150	0.0690186505376343
1182	133	-200	-0.0038653000000000346
1182	133	-150	-0.01611130000000009
1182	133	-100	-0.0011877999999999982
1182	133	-50	0.004245866666666709
1182	133	0	0.016918533333333263
1182	133	50	0.031222866666666665
1182	133	100	0.036210366666666584
1182	133	150	0.013820366666666676
1182	133	200	0.0193805333333333
1182	133	250	0.016039366666666572
1182	133	300	-0.015475800000000003
1182	133	350	-0.04171446666666675
1182	133	400	-0.031513300000000154
1182	133	450	-0.018775133333333322
1182	133	500	-0.0023531333333333126
1182	133	550	0.019875033333333292
1182	133	600	0.03679753333333332
1182	133	650	0.07220241428571425
1182	133	700	0.09386653333333328
1182	133	750	0.08728136666666668
1182	133	800	0.06409753333333328
1182	133	850	0.0643820333333333
1182	133	900	0.05731786666666664
1182	133	950	0.037516533333333234
1182	133	1e3	0.018820200000000026
1182	133	1050	0.031471866666666605
1182	133	1100	0.01249469999999997
1182	133	1150	-0.00807013333333336
1182	134	-200	-0.01663567741935466
1182	134	-150	-0.0026748440860213663
1182	134	-100	0.005374155913978755
1182	134	-50	-0.0025810107526879436
1182	134	0	0.019289989247312105
1182	134	50	0.017747989247312097
1182	134	100	0.01485798924731204
1182	134	150	0.009037522580645519
1182	134	200	0.04377646543778831
1182	134	250	0.04161765591397878
1182	134	300	0.06002715591397867
1182	134	350	0.06881365591397877
1182	134	400	0.09482215591397865
1182	134	450	0.06422565591397873
1182	134	500	0.0852996559139787
1182	134	550	0.10185365591397881
1182	134	600	0.16036465591397872
1182	134	650	0.1657878225806455
1182	134	700	0.1864233225806454
1182	134	750	0.18439798924731207
1182	134	800	0.17764532258064536
1182	134	850	0.15282448924731198
1182	134	900	0.12289298924731207
1182	134	950	0.07734832258064535
1182	134	1e3	0.09511065591397871
1182	134	1050	0.08294015591397878
1182	134	1100	0.10032132258064541
1182	134	1150	0.10217615591397873
1182	135	-200	-0.01846923333333324
1182	135	-150	-0.03220823333333326
1182	135	-100	-0.010153400000000016
1182	135	-50	0.01818576666666664
1182	135	0	0.042645100000000026
1182	135	50	0.03621943333333336
1182	135	100	0.042503266666666706
1182	135	150	0.038319433333333354
1182	135	200	0.044445766666666664
1182	135	250	0.028616100000000033
1182	135	300	0.01959060000000005
1182	135	350	0.04217126666666671
1182	135	400	0.02541159999999998
1182	135	450	0.04998010000000005
1182	135	500	0.07567360000000001
1182	135	550	0.11048293333333341
1182	135	600	0.13183776666666666
1182	135	650	0.14133676666666664
1182	135	700	NA
1182	135	750	NA
1182	135	800	NA
1182	135	850	-0.37565023333333336
1182	135	900	-0.14354823333333336
1182	135	950	-0.008872399999999928
1182	135	1e3	-0.10798423333333333
1182	135	1050	-0.11670623333333337
1182	135	1100	-0.07555606666666666
1182	135	1150	-0.0993947333333333
1182	136	-200	-0.030209124423962903
1182	136	-150	-0.005627672043010623
1182	136	-100	0.003400494623656103
1182	136	-50	0.021858494623656115
1182	136	0	0.015612661290322757
1182	136	50	0.0272976612903227
1182	136	100	0.0054463279569893315
1182	136	150	0.04416149462365615
1182	136	200	0.033087994623656046
1182	136	250	0.01977782795698942
1182	136	300	0.021837327956989377
1182	136	350	0.04402116129032282
1182	136	400	0.04746916129032278
1182	136	450	0.048535494623656104
1182	136	500	0.0684301612903228
1182	136	550	0.07735849462365607
1182	136	600	0.10721766129032277
1182	136	650	0.1420001612903227
1182	136	700	0.12820682795698937
1182	136	750	NA
1182	136	800	NA
1182	136	850	NA
1182	136	900	NA
1182	136	950	NA
1182	136	1e3	NA
1182	136	1050	NA
1182	136	1100	NA
1182	136	1150	NA
1182	137	-200	0.0018981428571426737
1182	137	-150	0.01996866666666645
1182	137	-100	-0.007537666666666813
1182	137	-50	-0.0017740000000001643
1182	137	0	-0.012871500000000072
1182	137	50	0.02513866666666657
1182	137	100	-0.0013943333333334973
1182	137	150	-0.01609000000000016
1182	137	200	0.010602499999999848
1182	137	250	-0.011320500000000141
1182	137	300	0.002747166666666597
1182	137	350	0.04941683333333313
1182	137	400	0.03225999999999988
1182	137	450	0.03041616666666654
1182	137	500	0.12803183333333323
1182	137	550	0.1389348333333332
1182	137	600	-0.007927000000000017
1182	137	650	NA
1182	137	700	NA
1182	137	750	NA
1182	137	800	NA
1182	137	850	NA
1182	137	900	NA
1182	137	950	NA
1182	137	1e3	NA
1182	137	1050	NA
1182	137	1100	NA
1182	137	1150	0.14427766666666653
1182	138	-200	-0.012673087557603704
1182	138	-150	-0.005542682795699101
1182	138	-100	-3.093494623657526e-4
1182	138	-50	0.009288817204300859
1182	138	0	0.011348483870967726
1182	138	50	-0.009038849462365736
1182	138	100	0.01987331720430093
1182	138	150	0.016176817204300937
1182	138	200	0.01224398387096759
1182	138	250	-0.02984701612903251
1182	138	300	-0.007118849462365666
1182	138	350	-0.012320349462365673
1182	138	400	-0.012364516129032369
1182	138	450	0.010515150537634263
1182	138	500	0.051168317204301005
1182	138	550	0.06354765053763438
1182	138	600	0.013824983870967644
1182	138	650	-0.043509516129032276
1182	138	700	-0.0866448494623658
1182	138	750	-0.12374568279569902
1182	138	800	-0.13443868279569907
1182	138	850	-0.13593618279569908
1182	138	900	-0.17115151612903232
1182	138	950	-0.16099968279569912
1182	138	1e3	-0.17012218279569905
1182	138	1050	-0.17148751612903243
1182	138	1100	-0.14769518279569901
1182	138	1150	-0.14628234946236573
1182	139	-200	-0.016739599078340932
1182	139	-150	-0.009921408602150406
1182	139	-100	-0.006167908602150367
1182	139	-50	0.0137139247311829
1182	139	0	0.021904924731182884
1182	139	50	0.011959091397849638
1182	139	100	0.03516142473118281
1182	139	150	-0.010682575268817107
1182	139	200	-0.035542408602150376
1182	139	250	-0.04956257526881713
1182	139	300	-0.07595340860215043
1182	139	350	-0.07993207526881714
1182	139	400	-0.08828974193548378
1182	139	450	-0.07963757526881714
1182	139	500	-0.06687224193548384
1182	139	550	-0.02867607526881703
1182	139	600	0.00452909139784959
1182	139	650	0.009776258064516133
1182	139	700	0.006931258064516221
1182	139	750	0.018714258064516247
1182	139	800	-0.027666408602150454
1182	139	850	-0.04983740860215032
1182	139	900	-0.04313540860215048
1182	139	950	-0.018044408602150435
1182	139	1e3	-0.005197075268817001
1182	139	1050	-0.020311075268817147
1182	139	1100	-0.027223075268817027
1182	139	1150	-0.032866408602150475
1182	140	-200	-0.003477585253456158
1182	140	-150	0.008106962365591386
1182	140	-100	4.646290322580053e-4
1182	140	-50	-0.01874020430107522
1182	140	0	0.014225795698924756
1182	140	50	0.0015152956989248345
1182	140	100	-0.010632370967741908
1182	140	150	-0.01771387096774187
1182	140	200	-0.01536420430107525
1182	140	250	-0.004423037634408544
1182	140	300	-0.0058695376344084504
1182	140	350	-0.00437420430107512
1182	140	400	-0.01421703763440855
1182	140	450	0.0026582956989248028
1182	140	500	0.03728396236559147
1182	140	550	0.06903929569892482
1182	140	600	0.023357379032258097
1182	140	650	NA
1182	140	700	-0.25273887096774184
1182	140	750	-0.04878103763440859
1182	140	800	0.02628546236559141
1182	140	850	-0.05966153763440851
1182	140	900	-0.07431637096774184
1182	140	950	-0.0700932043010752
1182	140	1e3	-0.07435437096774189
1182	140	1050	-0.08165020430107524
1182	140	1100	-0.11024737096774184
1182	140	1150	-0.1303908709677418
