Subject	TrialId	bin	pupil_change
1132	1	-200	0.023753233333333162
1132	1	-150	0.019816233333333304
1132	1	-100	-0.014116457142857237
1132	1	-50	-0.028870000000000128
1132	1	0	-0.0030419333333334317
1132	1	50	-0.02650276666666677
1132	1	100	-0.07827010000000005
1132	1	150	-0.05548410000000007
1132	1	200	-0.08723610000000008
1132	1	250	-0.07939110000000005
1132	1	300	-0.09427726666666676
1132	1	350	-0.10024093333333346
1132	1	400	-0.16258860000000017
1132	1	450	-0.1409524333333335
1132	1	500	-0.15951793333333342
1132	1	550	-0.13270760000000012
1132	1	600	-0.0729266000000001
1132	1	650	-0.12399393333333353
1132	1	700	-0.05553743333333346
1132	1	750	-0.09524293333333349
1132	1	800	-0.14717843333333339
1132	1	850	-0.16376510000000008
1132	1	900	-0.20283760000000006
1132	1	950	-0.17919093333333347
1132	1	1e3	-0.17839510000000006
1132	1	1050	-0.13878293333333347
1132	1	1100	-0.09197743333333341
1132	1	1150	-0.11641276666666685
1132	2	-200	0.044838301075268726
1132	2	-150	0.0035888248847926185
1132	2	-100	-0.027902432258064637
1132	2	-50	-0.005927317972350339
1132	2	0	-0.018858032258064556
1132	2	50	-0.039325698924731256
1132	2	100	0.024757467741935324
1132	2	150	0.03365813440860207
1132	2	200	0.042754634408602055
1132	2	250	0.04865613440860198
1132	2	300	-0.07890569892473127
1132	2	350	-0.18413653225806467
1132	2	400	-0.16931319892473132
1132	2	450	-0.09154286559139797
1132	2	500	-0.11788753225806466
1132	2	550	-0.10264269892473125
1132	2	600	-0.14012403225806466
1132	2	650	-0.08648953225806455
1132	2	700	-0.1116410322580647
1132	2	750	-0.18634319892473128
1132	2	800	-0.1412425322580646
1132	2	850	-0.12068569892473129
1132	2	900	-0.07337553225806455
1132	2	950	-0.08375486559139793
1132	2	1e3	-0.1637556989247313
1132	2	1050	-0.15950403225806453
1132	2	1100	-0.12852886559139787
1132	2	1150	-0.1628031989247313
1132	3	-200	-0.004945465437788256
1132	3	-150	0.014835344086021385
1132	3	-100	0.007303677419354597
1132	3	-50	-0.017324489247311965
1132	3	0	9.551774193547283e-4
1132	3	50	0.01678167741935462
1132	3	100	0.05821851075268795
1132	3	150	0.08246634408602131
1132	3	200	0.08432367741935468
1132	3	250	0.09901310599078318
1132	3	300	0.10341167741935468
1132	3	350	0.14664651075268806
1132	3	400	0.19725184408602137
1132	3	450	0.21002701075268795
1132	3	500	0.13270167741935465
1132	3	550	0.16017667741935462
1132	3	600	0.1609595107526879
1132	3	650	0.12063567741935466
1132	3	700	0.112227010752688
1132	3	750	0.1040721774193547
1132	3	800	0.0561966774193546
1132	3	850	0.07436334408602141
1132	3	900	0.04872534408602144
1132	3	950	0.13748351075268794
1132	3	1e3	0.21418201075268808
1132	3	1050	0.240411010752688
1132	3	1100	0.23054251075268808
1132	3	1150	0.18137867741935473
1132	4	-200	-0.04460307373271899
1132	4	-150	-0.028411645161290505
1132	4	-100	-0.04069097849462374
1132	4	-50	0.012397354838709592
1132	4	0	0.1087421881720428
1132	4	50	0.046176688172042825
1132	4	100	0.14451002150537628
1132	4	150	0.12604102150537622
1132	4	200	0.07814118817204292
1132	4	250	0.11003902150537621
1132	4	300	0.1209480215053762
1132	4	350	0.14351352150537622
1132	4	400	0.11459435483870954
1132	4	450	0.09532452150537618
1132	4	500	0.07664785483870958
1132	4	550	0.12289952150537609
1132	4	600	0.15621618817204289
1132	4	650	0.14415018817204298
1132	4	700	0.038030854838709605
1132	4	750	-0.04852881182795713
1132	4	800	-0.07891347849462371
1132	4	850	-0.09401414516129043
1132	4	900	-0.05015581182795718
1132	4	950	-0.03462281182795709
1132	4	1e3	-0.012829311827957065
1132	4	1050	-0.007924311827957201
1132	4	1100	0.013586688172042857
1132	4	1150	0.0975556881720429
1132	5	-200	-0.028565300000000127
1132	5	-150	-0.00289980000000023
1132	5	-100	-0.0038893000000001323
1132	5	-50	-0.003973800000000249
1132	5	0	0.03932819999999985
1132	5	50	0.036282033333333207
1132	5	100	0.05108919999999976
1132	5	150	0.036302199999999875
1132	5	200	0.05979019999999976
1132	5	250	0.10136186666666647
1132	5	300	0.08005253333333322
1132	5	350	0.0772661999999998
1132	5	400	0.06474253333333313
1132	5	450	0.1002398666666664
1132	5	500	0.13285253333333316
1132	5	550	0.1904236999999998
1132	5	600	0.11379569999999975
1132	5	650	0.11194736666666653
1132	5	700	0.09982819999999985
1132	5	750	0.02355886666666655
1132	5	800	0.05347153333333302
1132	5	850	0.025856366666666537
1132	5	900	0.05231569999999993
1132	5	950	0.041704842857142745
1132	5	1e3	0.05553619999999978
1132	5	1050	0.09281853333333319
1132	5	1100	0.047390033333333026
1132	5	1150	0.020006866666666623
1132	6	-200	-0.032217963133640434
1132	6	-150	0.05430198924731185
1132	6	-100	0.011078989247311988
1132	6	-50	-0.005314177419354804
1132	6	0	-0.02247917741935468
1132	6	50	0.004792989247311974
1132	6	100	-0.07567151075268803
1132	6	150	-0.09473467741935478
1132	6	200	-0.06901601075268811
1132	6	250	-0.07443801075268808
1132	6	300	-0.06339601075268808
1132	6	350	-0.09052534408602142
1132	6	400	-0.07736217741935476
1132	6	450	-0.06422534408602143
1132	6	500	-0.045956010752688035
1132	6	550	-0.044412677419354805
1132	6	600	0.01585532258064526
1132	6	650	0.016563155913978573
1132	6	700	-0.013870344086021355
1132	6	750	-0.030540844086021385
1132	6	800	-0.03814567741935471
1132	6	850	-0.02472051075268807
1132	6	900	-0.011946344086021465
1132	6	950	-0.012343010752687992
1132	6	1e3	-0.04919217741935474
1132	6	1050	-0.03302601075268807
1132	6	1100	0.035175822580645257
1132	6	1150	0.05222632258064519
1132	7	-200	-0.018490366666666553
1132	7	-150	-0.0028521999999998235
1132	7	-100	-0.014321699999999845
1132	7	-50	-0.010519199999999914
1132	7	0	0.046183466666666874
1132	7	50	0.015953800000000202
1132	7	100	0.05939130000000022
1132	7	150	0.030356466666666842
1132	7	200	0.020805633333333445
1132	7	250	0.026238633333333466
1132	7	300	-0.006767866666666474
1132	7	350	0.016845300000000247
1132	7	400	0.04694363333333351
1132	7	450	0.055347466666666754
1132	7	500	0.05829763333333345
1132	7	550	0.0681769666666668
1132	7	600	0.10977846666666687
1132	7	650	0.11166246666666672
1132	7	700	0.10939480000000008
1132	7	750	0.06836396666666689
1132	7	800	0.05425863333333355
1132	7	850	0.050443300000000114
1132	7	900	0.09682580000000018
1132	7	950	0.08899213333333345
1132	7	1e3	0.0770768000000001
1132	7	1050	0.041896300000000185
1132	7	1100	0.07492330000000025
1132	7	1150	0.07906163333333353
1132	8	-200	-0.010089046082949249
1132	8	-150	-0.006783903225806354
1132	8	-100	0.004603096774193682
1132	8	-50	0.008559430107526985
1132	8	0	0.005391930107526921
1132	8	50	0.06377293010752687
1132	8	100	0.02161993010752698
1132	8	150	0.017369763440860424
1132	8	200	-0.0025149032258062753
1132	8	250	0.019276763440860305
1132	8	300	0.03524276344086038
1132	8	350	0.024556930107526947
1132	8	400	0.025116430107526917
1132	8	450	0.014331930107526944
1132	8	500	0.0717585967741936
1132	8	550	0.12288993010752695
1132	8	600	0.12227976344086033
1132	8	650	0.199530430107527
1132	8	700	0.05312493010752702
1132	8	750	0.036162930107527025
1132	8	800	0.04579093010752692
1132	8	850	-0.008448569892473076
1132	8	900	-0.004678236559139644
1132	8	950	0.03522026344086034
1132	8	1e3	0.037888763440860306
1132	8	1050	0.09224126344086032
1132	8	1100	0.05537909677419369
1132	8	1150	0.11797226344086036
1132	9	-200	0.017710958525345495
1132	9	-150	0.026143553763440686
1132	9	-100	0.014516053763440784
1132	9	-50	-0.02331327956989256
1132	9	0	-0.038009112903225915
1132	9	50	-0.030033946236559157
1132	9	100	-0.012302779569892675
1132	9	150	0.06021755376344077
1132	9	200	-9.166129032258663e-4
1132	9	250	-0.014738612903225942
1132	9	300	-0.055259779569892586
1132	9	350	-0.06317561290322586
1132	9	400	-0.05445427956989257
1132	9	450	-0.05560661290322585
1132	9	500	0.004191887096774168
1132	9	550	0.055039387096774105
1132	9	600	0.07153855376344083
1132	9	650	0.092889887096774107
1132	9	700	0.08094788709677399
1132	9	750	0.08895372043010748
1132	9	800	0.06839522043010741
1132	9	850	0.011802220430107443
1132	9	900	0.03175788709677415
1132	9	950	0.025762553763440794
1132	9	1e3	-0.030025946236559225
1132	9	1050	-0.036915946236559215
1132	9	1100	-0.023369112903225853
1132	9	1150	-0.021366279569892566
1132	10	-200	-0.004888566820276592
1132	10	-150	-0.006132209677419527
1132	10	-100	-0.006531876344086103
1132	10	-50	0.014283290322580466
1132	10	0	0.004084123655913856
1132	10	50	-0.010555709677419589
1132	10	100	-0.01442170967741944
1132	10	150	-0.030592209677419453
1132	10	200	-0.05665620967741932
1132	10	250	-0.04494387634408614
1132	10	300	-0.017361209677419387
1132	10	350	-0.023717043010752798
1132	10	400	-0.030626543010752776
1132	10	450	-0.0033488763440861677
1132	10	500	0.05528862365591395
1132	10	550	0.09529162365591388
1132	10	600	0.12223529032258058
1132	10	650	0.12814712365591388
1132	10	700	0.07961329032258051
1132	10	750	0.09920145698924727
1132	10	800	0.11306645698924729
1132	10	850	0.06315195698924721
1132	10	900	0.09106595698924713
1132	10	950	-0.018976043010752692
1132	10	1e3	0.11938079032258053
1132	10	1050	0.32857529032258054
1132	10	1100	0.2542394569892472
1132	10	1150	0.28844929032258054
1132	11	-200	0.01015237788018432
1132	11	-150	-0.008739193548387102
1132	11	-100	0.024843092165898577
1132	11	-50	-0.006644360215053806
1132	11	0	-0.026901026881720396
1132	11	50	-0.05077269354838706
1132	11	100	-0.05217036021505376
1132	11	150	-0.06710102688172048
1132	11	200	-0.022893026881720385
1132	11	250	-0.029660860215053726
1132	11	300	5.773064516128764e-4
1132	11	350	-0.01140136021505378
1132	11	400	-0.004429860215053723
1132	11	450	0.030136973118279602
1132	11	500	0.07833347311827958
1132	11	550	0.07067280645161304
1132	11	600	0.08298747311827959
1132	11	650	0.14188163978494628
1132	11	700	0.1503108064516129
1132	11	750	0.10192097311827959
1132	11	800	0.09254713978494629
1132	11	850	0.14348947311827964
1132	11	900	0.09983330645161297
1132	11	950	0.06097713978494627
1132	11	1e3	0.05173113978494618
1132	11	1050	0.04806113978494627
1132	11	1100	0.024917306451612904
1132	11	1150	0.07178997311827962
1132	12	-200	0.011823866359446924
1132	12	-150	-0.02922558602150545
1132	12	-100	-0.031687252688172185
1132	12	-50	-0.014044252688172035
1132	12	0	0.061162580645161224
1132	12	50	0.038926747311827915
1132	12	100	0.08010058064516119
1132	12	150	0.15026474731182785
1132	12	200	0.14827324731182792
1132	12	250	0.1956282473118279
1132	12	300	0.1359262473118279
1132	12	350	0.12243458064516129
1132	12	400	0.12279058064516117
1132	12	450	0.07090541397849459
1132	12	500	0.11668274731182793
1132	12	550	0.10207658064516119
1132	12	600	0.12308741397849454
1132	12	650	0.14508808064516118
1132	12	700	0.08728791397849456
1132	12	750	0.03456558064516124
1132	12	800	0.049026080645161306
1132	12	850	0.008776413978494638
1132	12	900	0.05100608064516118
1132	12	950	0.08150708064516121
1132	12	1e3	0.05458174731182789
1132	12	1050	0.10779591397849453
1132	12	1100	0.09700658064516121
1132	12	1150	0.19738274731182792
1132	13	-200	-0.020852866666666747
1132	13	-150	0.017519133333333176
1132	13	-100	0.01845263333333332
1132	13	-50	0.006085633333333303
1132	13	0	-0.021204533333333424
1132	13	50	-0.020935533333333495
1132	13	100	0.008983133333333301
1132	13	150	0.04734896666666658
1132	13	200	0.026480966666666623
1132	13	250	-0.013540700000000147
1132	13	300	-0.024540033333333506
1132	13	350	0.031697133333333204
1132	13	400	0.021474966666666484
1132	13	450	0.06908263333333335
1132	13	500	0.017674133333333304
1132	13	550	0.03684729999999988
1132	13	600	0.03983929999999991
1132	13	650	0.10505779999999991
1132	13	700	0.08790729999999991
1132	13	750	0.2257182999999999
1132	13	800	0.1357969666666666
1132	13	850	0.13861346666666657
1132	13	900	0.22545263333333318
1132	13	950	0.21082466666666672
1132	13	1e3	0.16449460952380943
1132	13	1050	0.16216263333333325
1132	13	1100	0.19436296666666655
1132	13	1150	0.16272346666666646
1132	14	-200	-0.035883966666666677
1132	14	-150	0.0010036999999999037
1132	14	-100	0.04809486666666659
1132	14	-50	0.010595533333333332
1132	14	0	-0.023810133333333372
1132	14	50	-0.01714696666666667
1132	14	100	-0.004866133333333374
1132	14	150	-0.0078072999999998505
1132	14	200	-0.04871630000000008
1132	14	250	-0.03956029999999999
1132	14	300	-0.07649263333333334
1132	14	350	0.0036467000000000027
1132	14	400	-0.010300966666666689
1132	14	450	-0.007340966666666689
1132	14	500	-0.02663396666666662
1132	14	550	0.021817366666666633
1132	14	600	0.05967720000000002
1132	14	650	0.07117770000000001
1132	14	700	0.04165386666666674
1132	14	750	-0.010765799999999937
1132	14	800	-0.005557919047619058
1132	14	850	-0.03554613333333342
1132	14	900	-0.036907466666666666
1132	14	950	0.0042861999999999805
1132	14	1e3	0.007178366666666713
1132	14	1050	-0.03645080000000004
1132	14	1100	0.03765236666666668
1132	14	1150	0.07966503333333315
1132	15	-200	0.03818039999999997
1132	15	-150	-0.04315376666666667
1132	15	-100	0.010978399999999944
1132	15	-50	-0.014254766666666733
1132	15	0	0.008249733333333268
1132	15	50	0.03358589999999991
1132	15	100	0.04364690000000001
1132	15	150	0.059606399999999914
1132	15	200	0.02199489999999993
1132	15	250	-0.04801560000000005
1132	15	300	-0.031812266666666776
1132	15	350	-0.049992576190476194
1132	15	400	-0.0500056333333335
1132	15	450	-0.05699314761904769
1132	15	500	-0.06340110000000003
1132	15	550	-0.020041933333333335
1132	15	600	-0.02059059999999994
1132	15	650	-0.024492933333333466
1132	15	700	-0.06941459999999999
1132	15	750	-0.0808554333333334
1132	15	800	-0.1047141000000001
1132	15	850	-0.12274859999999999
1132	15	900	-0.11177793333333337
1132	15	950	-0.15640310000000004
1132	15	1e3	-0.10224260000000007
1132	15	1050	-0.0973897666666667
1132	15	1100	-0.11065343333333333
1132	15	1150	-0.12415076666666673
1132	16	-200	-0.0013876774193548286
1132	16	-150	-0.012414177419354614
1132	16	-100	0.023916655913978586
1132	16	-50	0.0013401559139785135
1132	16	0	-0.011223677419354816
1132	16	50	-0.0319640107526881
1132	16	100	-0.020890177419354766
1132	16	150	-0.019920344086021464
1132	16	200	-0.017632844086021466
1132	16	250	-0.06322151075268818
1132	16	300	-0.060087010752688075
1132	16	350	-0.07364534408602141
1132	16	400	-0.015014344086021461
1132	16	450	-0.0417748440860215
1132	16	500	0.0030273225806451975
1132	16	550	-0.014993010752688107
1132	16	600	-0.02633751075268805
1132	16	650	-0.0013686774193547209
1132	16	700	-0.04247901075268808
1132	16	750	-0.04392484408602145
1132	16	800	-0.09030717741935475
1132	16	850	-0.0931065107526882
1132	16	900	-0.048056177419354786
1132	16	950	-0.01777351075268811
1132	16	1e3	-0.021529177419354822
1132	16	1050	-0.062423677419354805
1132	16	1100	-0.05903867741935483
1132	16	1150	-0.07535851075268811
1132	17	-200	-0.009322207373272067
1132	17	-150	0.002259768817204133
1132	17	-100	-9.272311827957699e-4
1132	17	-50	0.022974768817204172
1132	17	0	-0.013431397849462456
1132	17	50	0.014074935483870806
1132	17	100	0.10166560215053748
1132	17	150	0.10789110215053747
1132	17	200	0.10906076881720406
1132	17	250	0.09406393548387082
1132	17	300	0.08737226881720421
1132	17	350	0.09907443548387085
1132	17	400	0.11689443548387086
1132	17	450	0.1427972688172042
1132	17	500	0.1303107688172042
1132	17	550	0.10368343548387078
1132	17	600	0.11469276881720414
1132	17	650	0.09700560215053744
1132	17	700	0.08328626881720425
1132	17	750	0.014922935483870766
1132	17	800	0.016145435483870818
1132	17	850	0.051880435483870814
1132	17	900	0.08430876881720417
1132	17	950	0.07630393548387082
1132	17	1e3	0.06182576881720414
1132	17	1050	0.040608602150537486
1132	17	1100	0.02470360215053735
1132	17	1150	-0.011469231182795822
1132	18	-200	0.01129092626728109
1132	18	-150	-0.01350897849462355
1132	18	-100	-0.025609478494623694
1132	18	-50	0.03138252150537624
1132	18	0	-0.005436811827957004
1132	18	50	-0.040752845161290276
1132	18	100	-0.011716073732718943
1132	18	150	0.00915585483870962
1132	18	200	0.027824854838709594
1132	18	250	0.020123854838709637
1132	18	300	0.004851354838709687
1132	18	350	0.02823302150537647
1132	18	400	0.012174354838709656
1132	18	450	0.011961021505376332
1132	18	500	0.06509318817204297
1132	18	550	0.05723685483870974
1132	18	600	0.05652785483870967
1132	18	650	0.0609270215053764
1132	18	700	0.050091854838709704
1132	18	750	0.06093135483870967
1132	18	800	0.04268302150537632
1132	18	850	0.0671258548387097
1132	18	900	0.08948752150537631
1132	18	950	0.03949835483870956
1132	18	1e3	0.04245618817204296
1132	18	1050	0.049394521505376376
1132	18	1100	0.02240285483870963
1132	18	1150	0.057898021505376374
1132	19	-200	-0.0033332333333335
1132	19	-150	-0.039978400000000226
1132	19	-100	-0.05253540000000023
1132	19	-50	0.03995859999999977
1132	19	0	0.05588843333333308
1132	19	50	0.06401293333333324
1132	19	100	0.045153266666666525
1132	19	150	0.02883509999999978
1132	19	200	-0.0714055666666668
1132	19	250	-0.031130066666666883
1132	19	300	0.04547343333333309
1132	19	350	0.06116709999999973
1132	19	400	0.043924052380952094
1132	19	450	0.0058045999999998266
1132	19	500	0.02703476666666645
1132	19	550	0.09154656666666643
1132	19	600	0.06303133809523796
1132	19	650	0.1690985999999998
1132	19	700	0.1772755999999999
1132	19	750	0.014848266666666424
1132	19	800	0.02925959999999983
1132	19	850	0.08758543333333317
1132	19	900	0.0013310999999998074
1132	19	950	0.019738099999999797
1132	19	1e3	-0.02886023333333358
1132	19	1050	0.026664599999999778
1132	19	1100	0.0678857666666665
1132	19	1150	0.0826757666666665
1132	20	-200	-0.0291283333333332
1132	20	-150	-0.045824833333333315
1132	20	-100	0.01551916666666675
1132	20	-50	0.010894333333333487
1132	20	0	0.048539666666666724
1132	20	50	0.0782663333333334
1132	20	100	0.0854685000000001
1132	20	150	0.08987733333333343
1132	20	200	0.12550583333333343
1132	20	250	0.15151083333333357
1132	20	300	0.17249066666666665
1132	20	350	0.1255653333333334
1132	20	400	0.0754998333333335
1132	20	450	-0.011281000000000022
1132	20	500	0.03878933333333349
1132	20	550	-0.02689083333333316
1132	20	600	0.027785333333333478
1132	20	650	0.07488083333333344
1132	20	700	0.12254750000000003
1132	20	750	0.10505083333333347
1132	20	800	0.1322046428571429
1132	20	850	0.1032706666666668
1132	20	900	0.08718150000000009
1132	20	950	0.07841510000000014
1132	20	1e3	-0.03445578571428566
1132	20	1050	0.0027361666666666875
1132	20	1100	-0.0185901666666665
1132	20	1150	0.04528600000000016
1132	21	-200	-0.022519493087557723
1132	21	-150	-0.017620897849462375
1132	21	-100	-0.009152897849462457
1132	21	-50	0.006664268817204204
1132	21	0	0.046382268817204274
1132	21	50	0.05661010215053763
1132	21	100	0.016525768817204245
1132	21	150	0.04016076881720417
1132	21	200	0.042741935483870876
1132	21	250	0.01879376881720418
1132	21	300	0.042340602150537476
1132	21	350	0.02262476881720425
1132	21	400	0.015083935483870917
1132	21	450	0.0751552688172042
1132	21	500	0.08493476881720426
1132	21	550	0.07092593548387087
1132	21	600	-0.004913231182795741
1132	21	650	0.025882102150537545
1132	21	700	0.05121160215053755
1132	21	750	0.0360604354838708
1132	21	800	0.024871768817204137
1132	21	850	0.0571997688172042
1132	21	900	0.05967543548387089
1132	21	950	0.043981768817204094
1132	21	1e3	0.03402393548387087
1132	21	1050	0.05820626881720418
1132	21	1100	0.08321676881720423
1132	21	1150	0.13018410215053744
1132	22	-200	0.011143161290322365
1132	22	-150	-0.003947005376344255
1132	22	-100	-0.013183838709677579
1132	22	-50	1.1549462365567642e-4
1132	22	0	0.004014994623655769
1132	22	50	-0.011139505376344339
1132	22	100	-0.0034396720430109142
1132	22	150	-0.002418672043010902
1132	22	200	0.0027904946236556594
1132	22	250	0.02298049462365574
1132	22	300	0.022917327956989125
1132	22	350	0.03853182795698914
1132	22	400	0.030141661290322325
1132	22	450	0.04194949462365575
1132	22	500	0.08312399462365572
1132	22	550	0.154336827956989
1132	22	600	0.185890327956989
1132	22	650	0.20551649462365584
1132	22	700	0.1988189946236556
1132	22	750	0.1518834946236558
1132	22	800	0.18011782795698905
1132	22	850	0.19806966129032233
1132	22	900	0.11206866129032249
1132	22	950	0.09917782795698897
1132	22	1e3	0.12968549462365564
1132	22	1050	0.15008849462365567
1132	22	1100	0.15731332795698902
1132	22	1150	0.1507186612903224
1132	23	-200	-0.03885917511520758
1132	23	-150	0.019544301075268722
1132	23	-100	0.06512346774193538
1132	23	-50	-0.004115032258064606
1132	23	0	-0.03521703225806457
1132	23	50	0.02961613440860204
1132	23	100	0.019638467741935377
1132	23	150	0.021101634408601983
1132	23	200	0.020953467741935405
1132	23	250	0.03229946774193541
1132	23	300	0.008903134408602057
1132	23	350	0.021803801075268654
1132	23	400	0.045983967741935285
1132	23	450	0.03992996774193536
1132	23	500	0.07739030107526879
1132	23	550	0.27313980107526875
1132	23	600	0.18073896774193546
1132	23	650	0.18500246774193538
1132	23	700	0.14006346774193537
1132	23	750	0.15337146774193533
1132	23	800	0.0974019677419354
1132	23	850	0.05708963440860212
1132	23	900	0.012186467741935362
1132	23	950	0.011977134408602005
1132	23	1e3	-0.02500869892473127
1132	23	1050	-0.021369198924731252
1132	23	1100	-0.010705198924731318
1132	23	1150	-0.043882532258064634
1132	24	-200	0.02641364516129022
1132	24	-150	0.01108181182795683
1132	24	-100	0.0030194784946236584
1132	24	-50	-0.026867188172043033
1132	24	0	-0.018050021505376417
1132	24	50	-0.04498218817204299
1132	24	100	-0.0709631881720431
1132	24	150	-0.06273818817204309
1132	24	200	-0.05173768817204305
1132	24	250	-0.01190018817204308
1132	24	300	-0.06419718817204312
1132	24	350	-0.05668935483870974
1132	24	400	-0.023725188172043127
1132	24	450	-0.007877688172043115
1132	24	500	-0.03739685483870966
1132	24	550	-0.002440521505376362
1132	24	600	0.016167145161290215
1132	24	650	0.03324097849462356
1132	24	700	0.013035645161290152
1132	24	750	-0.012311854838709705
1132	24	800	-0.058001188172043104
1132	24	850	-0.10163468817204306
1132	24	900	-0.05341218817204315
1132	24	950	-0.07264485483870982
1132	24	1e3	-0.029736521505376423
1132	24	1050	-0.042271854838709766
1132	24	1100	-0.05239752150537639
1132	24	1150	-0.007018354838709791
1132	25	-200	0.0012229032258064265
1132	25	-150	0.044945069892473155
1132	25	-100	-0.017243596774193515
1132	25	-50	-0.010044096774193564
1132	25	0	-0.019084096774193576
1132	25	50	0.013500736559139748
1132	25	100	0.0020192365591398254
1132	25	150	0.015810069892473095
1132	25	200	0.04031090322580644
1132	25	250	0.030285569892473108
1132	25	300	-0.008953263440860301
1132	25	350	0.001693403225806393
1132	25	400	0.01592456989247304
1132	25	450	0.09412006989247312
1132	25	500	0.11313506989247306
1132	25	550	0.059370236559139755
1132	25	600	0.01759573655913978
1132	25	650	0.10832590322580644
1132	25	700	0.07041940322580638
1132	25	750	0.04726156989247313
1132	25	800	0.04839623655913986
1132	25	850	0.03626623655913982
1132	25	900	0.02431356989247317
1132	25	950	0.03718273655913973
1132	25	1e3	0.04108373655913988
1132	25	1050	0.07064606989247313
1132	25	1100	0.06571673655913979
1132	25	1150	0.10655190322580636
1132	26	-200	-0.008156199999999947
1132	26	-150	0.008912300000000059
1132	26	-100	0.031064800000000076
1132	26	-50	-8.355333333334899e-4
1132	26	0	-0.030985366666666625
1132	26	50	-0.014277533333333295
1132	26	100	-0.03145503333333329
1132	26	150	-0.016657866666666726
1132	26	200	-0.02995336666666663
1132	26	250	-0.03202453333333325
1132	26	300	-0.03283670000000002
1132	26	350	-0.026504900000000033
1132	26	400	0.003977466666666762
1132	26	450	0.0437647285714285
1132	26	500	0.05044763333333339
1132	26	550	0.049780800000000035
1132	26	600	-0.013990533333333296
1132	26	650	-0.04115103333333329
1132	26	700	-0.032548699999999986
1132	26	750	-0.07489820000000003
1132	26	800	-0.08355720000000007
1132	26	850	-0.07674053333333337
1132	26	900	-0.059442700000000036
1132	26	950	-0.09318403333333336
1132	26	1e3	-0.05842053333333327
1132	26	1050	0.014386299999999875
1132	26	1100	-0.06158127142857138
1132	26	1150	0.06417713333333341
1132	27	-200	0.06595286175115207
1132	27	-150	0.007507290322580647
1132	27	-100	-0.019988043010752705
1132	27	-50	0.010493123655913964
1132	27	0	-0.07495737634408606
1132	27	50	-0.06761120967741936
1132	27	100	-0.05985054301075262
1132	27	150	-0.11348204301075267
1132	27	200	-0.13643337634408606
1132	27	250	0.05301695698924728
1132	27	300	0.084066123655914
1132	27	350	-0.05109770967741937
1132	27	400	-0.05593754301075271
1132	27	450	-0.060796543010752734
1132	27	500	0.09447845698924733
1132	27	550	0.0639307903225806
1132	27	600	0.019150790322580564
1132	27	650	-0.015564709677419334
1132	27	700	-0.08713387634408602
1132	27	750	-0.11036320967741949
1132	27	800	-0.1265713763440861
1132	27	850	-0.1151907096774194
1132	27	900	-0.10469120967741936
1132	27	950	-0.136995376344086
1132	27	1e3	-0.11691730967741946
1132	27	1050	NA
1132	27	1100	NA
1132	27	1150	-0.15067237634408595
1132	28	-200	0.0044795333333336185
1132	28	-150	-0.0041436333333331925
1132	28	-100	-0.008115466666666515
1132	28	-50	-0.00788429999999988
1132	28	0	0.01566386666666701
1132	28	50	-0.004836799999999937
1132	28	100	-0.005775966666666428
1132	28	150	-2.489666666665169e-4
1132	28	200	-0.0339756333333332
1132	28	250	-0.031960299999999796
1132	28	300	-0.012197990476190348
1132	28	350	-0.02747529999999987
1132	28	400	-0.03577473333333323
1132	28	450	0.032909366666666884
1132	28	500	0.11402503333333354
1132	28	550	0.10646553333333353
1132	28	600	0.05861229523809541
1132	28	650	0.015701366666666845
1132	28	700	0.023457533333333485
1132	28	750	0.05705426666666691
1132	28	800	-0.1401998476190474
1132	28	850	-0.013331633333333167
1132	28	900	-0.058121633333333124
1132	28	950	-0.06894996666666642
1132	28	1e3	-0.08407979999999982
1132	28	1050	-0.043541966666666466
1132	28	1100	-0.001268299999999778
1132	28	1150	-0.007757466666666509
1132	29	-200	-0.058766843317972474
1132	29	-150	-0.038695462365591515
1132	29	-100	0.006899870967741843
1132	29	-50	0.05257537096774182
1132	29	0	0.047781537634408476
1132	29	50	0.05605237096774185
1132	29	100	0.1229342043010752
1132	29	150	0.14666887096774187
1132	29	200	0.15899503763440848
1132	29	250	0.10069603763440844
1132	29	300	0.09752270430107528
1132	29	350	0.024176370967741834
1132	29	400	-0.05239329569892474
1132	29	450	-0.07758329569892479
1132	29	500	-0.07715496236559145
1132	29	550	-0.04479479569892475
1132	29	600	0.006235870967741845
1132	29	650	0.014350370967741869
1132	29	700	0.057690370967741954
1132	29	750	0.07912987096774193
1132	29	800	0.07737003763440857
1132	29	850	0.029231204301075175
1132	29	900	0.017513870967741818
1132	29	950	-0.027492129032258134
1132	29	1e3	0.008754537634408551
1132	29	1050	NA
1132	29	1100	NA
1132	29	1150	0.02687437096774185
1132	30	-200	-0.05526084331797217
1132	30	-150	0.01572537096774207
1132	30	-100	0.03935370430107551
1132	30	-50	0.010436870967742188
1132	30	0	-0.0010449623655911882
1132	30	50	-0.02909046236559128
1132	30	100	-0.010223462365591315
1132	30	150	-0.03701546236559131
1132	30	200	-0.030189529032257845
1132	30	250	-0.030654414746543575
1132	30	300	-0.013241795698924586
1132	30	350	-0.01382162903225792
1132	30	400	0.030981537634408845
1132	30	450	0.0374455376344088
1132	30	500	-0.016032129032257814
1132	30	550	0.09617103763440886
1132	30	600	0.06832920430107547
1132	30	650	0.024025537634408733
1132	30	700	0.02130470430107545
1132	30	750	0.06236903763440874
1132	30	800	-0.015048795698924552
1132	30	850	-0.008072462365591301
1132	30	900	0.16208087096774193
1132	30	950	NA
1132	30	1e3	-0.237738129032258
1132	30	1050	-0.0178434623655912
1132	30	1100	0.12495303763440879
1132	30	1150	0.10897787096774203
1132	31	-200	-0.011244100000000016
1132	31	-150	-0.012656099999999984
1132	31	-100	0.0026464000000000856
1132	31	-50	0.026530733333333334
1132	31	0	-0.005276933333333345
1132	31	50	-0.024056766666666524
1132	31	100	-0.06968409999999998
1132	31	150	-0.11547919523809513
1132	31	200	-0.10419026666666668
1132	31	250	-0.13125793333333333
1132	31	300	-0.17956676666666663
1132	31	350	-0.20422226666666665
1132	31	400	-0.23450159999999998
1132	31	450	-0.23657309999999998
1132	31	500	-0.22800776666666658
1132	31	550	-0.22069226666666664
1132	31	600	-0.17440909999999987
1132	31	650	-0.16310043333333324
1132	31	700	-0.17868209999999993
1132	31	750	-0.1755189333333332
1132	31	800	-0.21400926666666664
1132	31	850	-0.20684593333333323
1132	31	900	-0.18428443333333325
1132	31	950	-0.22189293333333326
1132	31	1e3	-0.2122730999999999
1132	31	1050	-0.21817526666666667
1132	31	1100	-0.18549226666666652
1132	31	1150	-0.1724302666666666
1132	32	-200	-0.0015701705069125335
1132	32	-150	0.00576892473118266
1132	32	-100	-0.020117575268817262
1132	32	-50	-0.002679741935483889
1132	32	0	0.018860258064516005
1132	32	50	0.003298258064516002
1132	32	100	0.009559091397849459
1132	32	150	-0.041547408602150636
1132	32	200	-0.062033908602150634
1132	32	250	-0.07100657526881722
1132	32	300	-0.06159624193548393
1132	32	350	-0.09554307526881727
1132	32	400	-0.09918307526881727
1132	32	450	-0.08223290860215056
1132	32	500	-0.04678724193548386
1132	32	550	-0.006495075268817245
1132	32	600	1.19758064516029e-4
1132	32	650	0.01390009139784946
1132	32	700	0.017063758064516172
1132	32	750	-0.002791575268817311
1132	32	800	-0.04514007526881721
1132	32	850	-0.06030174193548395
1132	32	900	-0.037620741935484
1132	32	950	-0.04054257526881733
1132	32	1e3	0.16083075806451608
1132	32	1050	0.19221259139784933
1132	32	1100	0.1792945913978495
1132	32	1150	0.1911854247311827
1132	33	-200	-0.02411930875576023
1132	33	-150	0.016329548387096954
1132	33	-100	0.005923881720430346
1132	33	-50	0.022292215053763664
1132	33	0	-0.016406451612902922
1132	33	50	0.03354171505376365
1132	33	100	5.778817204302733e-4
1132	33	150	0.003218715053763773
1132	33	200	0.008109381720430372
1132	33	250	-0.02202161827956961
1132	33	300	-0.03939011827956981
1132	33	350	-0.03447745161290302
1132	33	400	-0.06289778494623637
1132	33	450	-0.06993495161290302
1132	33	500	-0.05011495161290306
1132	33	550	-0.05506895161290304
1132	33	600	0.009412381720430277
1132	33	650	-0.018235451612903002
1132	33	700	-0.04435595161290299
1132	33	750	-0.034059118279569756
1132	33	800	-0.0659182849462363
1132	33	850	-0.06920378494623629
1132	33	900	-0.046586951612903015
1132	33	950	-0.048195784946236365
1132	33	1e3	-0.026911284946236364
1132	33	1050	-0.030227618279569695
1132	33	1100	-0.03689878494623633
1132	33	1150	-0.04772361827956965
1132	34	-200	-0.08879170967741949
1132	34	-150	0.03333479032258054
1132	34	-100	0.04859562365591382
1132	34	-50	0.05606179032258048
1132	34	0	-0.03440187634408609
1132	34	50	0.03658979032258055
1132	34	100	-0.010538876344086123
1132	34	150	-0.033833543010752955
1132	34	200	-0.01358620967741945
1132	34	250	-0.07251870967741951
1132	34	300	0.0026156236559138346
1132	34	350	-0.021094876344086206
1132	34	400	-0.01778187634408616
1132	34	450	-0.02868587634408611
1132	34	500	0.05693845698924719
1132	34	550	0.04343779032258044
1132	34	600	0.05372829032258042
1132	34	650	0.03799429032258043
1132	34	700	-0.004647543010752801
1132	34	750	-0.07294820967741944
1132	34	800	-0.051631543010752866
1132	34	850	-0.05359554301075279
1132	34	900	-0.09345704301075279
1132	34	950	-0.020385209677419452
1132	34	1e3	-0.06769270967741951
1132	34	1050	-0.021794709677419515
1132	34	1100	0.0335012903225805
1132	34	1150	0.08223862365591376
1132	35	-200	-0.004995299999999814
1132	35	-150	0.016646533333333508
1132	35	-100	0.011647866666666765
1132	35	-50	-0.017755133333333156
1132	35	0	-0.005543966666666493
1132	35	50	-0.0069569666666666015
1132	35	100	0.018978366666666895
1132	35	150	0.024398200000000186
1132	35	200	0.08118886666666691
1132	35	250	0.12810636666666686
1132	35	300	0.02389353333333351
1132	35	350	-0.004119966666666475
1132	35	400	0.038434533333333576
1132	35	450	0.09534770000000019
1132	35	500	0.08122586666666683
1132	35	550	0.16490870000000016
1132	35	600	0.20994670000000001
1132	35	650	0.22110436666666677
1132	35	700	0.15082620000000024
1132	35	750	0.13967353333333343
1132	35	800	0.1115287000000001
1132	35	850	0.10481686666666683
1132	35	900	0.11169136666666672
1132	35	950	0.2055655333333335
1132	35	1e3	0.25801336666666685
1132	35	1050	0.18597220000000023
1132	35	1100	NA
1132	35	1150	0.5538062000000004
1132	36	-200	-0.005496751152073757
1132	36	-150	-0.029161655913978606
1132	36	-100	0.0086186774193547
1132	36	-50	-0.003053489247312043
1132	36	0	0.03000934408602148
1132	36	50	0.03710434408602126
1132	36	100	0.021712010752688027
1132	36	150	-0.0023288225806452623
1132	36	200	0.02044934408602132
1132	36	250	0.004835844086021446
1132	36	300	0.010202177419354733
1132	36	350	-0.002070155913978633
1132	36	400	0.033919677419354644
1132	36	450	0.018416510752687982
1132	36	500	0.05624134408602136
1132	36	550	0.1434058440860213
1132	36	600	0.09033334408602145
1132	36	650	0.05600017741935474
1132	36	700	0.05922851075268798
1132	36	750	0.03350301075268806
1132	36	800	0.03419551075268804
1132	36	850	0.02364384408602138
1132	36	900	0.021551510752688092
1132	36	950	0.028763844086021322
1132	36	1e3	0.029340510752687992
1132	36	1050	0.08640584408602144
1132	36	1100	0.035591344086021305
1132	36	1150	0.04368017741935485
1132	37	-200	0.038274900000000146
1132	37	-150	-0.001928766666666526
1132	37	-100	-0.01919543333333329
1132	37	-50	0.0040469000000000754
1132	37	0	-0.021197599999999966
1132	37	50	-0.02673726666666661
1132	37	100	-0.023555933333333206
1132	37	150	-0.022769433333333255
1132	37	200	-0.008662933333333202
1132	37	250	-0.015519133333333279
1132	37	300	-0.015741766666666452
1132	37	350	-0.03250359999999993
1132	37	400	0.0017332333333334542
1132	37	450	0.01686392380952403
1132	37	500	0.013190066666666755
1132	37	550	0.004473352380952493
1132	37	600	0.07333823333333352
1132	37	650	0.0554402333333334
1132	37	700	0.0839994000000001
1132	37	750	0.034054400000000117
1132	37	800	0.045214566666666865
1132	37	850	-0.05159443333333321
1132	37	900	-0.11459709999999983
1132	37	950	-0.09495609999999988
1132	37	1e3	-0.08982893333333324
1132	37	1050	-0.09858226666666654
1132	37	1100	-0.09686459999999981
1132	37	1150	-0.07560393333333322
1132	38	-200	-0.0207607603686637
1132	38	-150	-0.019142403225806664
1132	38	-100	0.01973259677419333
1132	38	-50	0.020312930107526734
1132	38	0	0.003317763440860174
1132	38	50	0.04108359677419345
1132	38	100	0.014475096774193416
1132	38	150	0.01411559677419342
1132	38	200	0.041277596774193404
1132	38	250	0.0722307634408601
1132	38	300	0.04767393010752685
1132	38	350	0.031753930107526696
1132	38	400	0.03412793010752672
1132	38	450	0.028580430107526682
1132	38	500	0.027866930107526795
1132	38	550	0.06552676344086013
1132	38	600	0.1278064301075267
1132	38	650	0.1611182634408601
1132	38	700	0.10872259677419331
1132	38	750	0.10289343010752676
1132	38	800	0.10124726344086003
1132	38	850	0.06594759677419344
1132	38	900	0.07767859677419331
1132	38	950	0.06148676344086009
1132	38	1e3	0.08322276344086006
1132	38	1050	0.09277809677419342
1132	38	1100	0.09176026344086001
1132	38	1150	0.09443059677419341
1132	39	-200	0.024627304147465296
1132	39	-150	0.022330661290322462
1132	39	-100	-0.016768172043010916
1132	39	-50	-0.022245672043010867
1132	39	0	-0.01204867204301093
1132	39	50	-0.03190200537634421
1132	39	100	-0.038842172043010846
1132	39	150	-0.04630833870967751
1132	39	200	-0.07661517204301083
1132	39	250	-0.07650933870967751
1132	39	300	-0.05746633870967751
1132	39	350	-0.07108867204301084
1132	39	400	-0.041840505376344206
1132	39	450	-0.02741283870967755
1132	39	500	0.0037644946236556898
1132	39	550	0.031406161290322476
1132	39	600	0.06901032795698914
1132	39	650	0.052780161290322404
1132	39	700	0.04796782795698906
1132	39	750	0.06525266129032252
1132	39	800	-0.0014276720430108636
1132	39	850	-0.0020375053763442472
1132	39	900	0.0038051612903224896
1132	39	950	0.01793999462365581
1132	39	1e3	0.03210299462365581
1132	39	1050	0.017093827956989067
1132	39	1100	0.025238661290322373
1132	39	1150	0.0531478279569891
1132	40	-200	0.005780599999999951
1132	40	-150	-0.03557856666666681
1132	40	-100	-0.0241637333333334
1132	40	-50	-0.032655400000000036
1132	40	0	0.08661709999999993
1132	40	50	0.05765359999999994
1132	40	100	0.05870343333333331
1132	40	150	0.09944993333333334
1132	40	200	0.09532559999999994
1132	40	250	0.06781309999999996
1132	40	300	0.08272993333333319
1132	40	350	0.07732959999999996
1132	40	400	0.09978959999999988
1132	40	450	0.007437933333333276
1132	40	500	0.02977276666666658
1132	40	550	0.0980917666666666
1132	40	600	0.07552226666666662
1132	40	650	-0.01666156666666674
1132	40	700	-0.013288066666666746
1132	40	750	-0.03331339999999994
1132	40	800	-0.02696990000000003
1132	40	850	-0.09320390000000008
1132	40	900	-0.04925773333333342
1132	40	950	-0.061963733333333305
1132	40	1e3	-0.056050733333333325
1132	40	1050	-0.035760566666666715
1132	40	1100	-0.06472273333333341
1132	40	1150	-0.0488194000000001
1132	41	-200	-0.021461359447004686
1132	41	-150	0.02816718817204289
1132	41	-100	-0.012415978494623761
1132	41	-50	-0.003201811827957165
1132	41	0	0.012488854838709576
1132	41	50	-0.006763311827957086
1132	41	100	-0.024581978494623662
1132	41	150	-0.018437811827957118
1132	41	200	-0.015169811827957144
1132	41	250	-0.013797811827957066
1132	41	300	0.006911354838709564
1132	41	350	0.034013188172042984
1132	41	400	0.07773602150537624
1132	41	450	0.06809368817204302
1132	41	500	0.10691468817204301
1132	41	550	0.1636691881720429
1132	41	600	0.13083368817204288
1132	41	650	0.11805318817204295
1132	41	700	0.08573185483870967
1132	41	750	0.044945521505376305
1132	41	800	0.008134521505376227
1132	41	850	0.04107202150537629
1132	41	900	0.00544735483870958
1132	41	950	0.039127188172042894
1132	41	1e3	0.05066018817204291
1132	41	1050	0.036429521505376185
1132	41	1100	0.08417202150537628
1132	41	1150	0.10263518817204302
1132	42	-200	-0.008994571428571518
1132	42	-150	-0.0070738333333334085
1132	42	-100	0.005777333333333227
1132	42	-50	4.481666666666199e-4
1132	42	0	0.011341999999999889
1132	42	50	0.0377644999999999
1132	42	100	0.04593483333333329
1132	42	150	0.04463266666666654
1132	42	200	0.04862716666666652
1132	42	250	0.04623666666666663
1132	42	300	0.024184833333333284
1132	42	350	-0.008611000000000072
1132	42	400	0.042700166666666504
1132	42	450	0.01924899999999985
1132	42	500	-6.15833333333408e-4
1132	42	550	0.03409750000000004
1132	42	600	0.05486066666666659
1132	42	650	0.05490749999999996
1132	42	700	0.0281735
1132	42	750	-4.3966666666676407e-4
1132	42	800	-0.02777783333333339
1132	42	850	-0.028630166666666772
1132	42	900	-0.039381000000000034
1132	42	950	-0.026580000000000197
1132	42	1e3	-0.04973216666666672
1132	42	1050	-0.007893833333333378
1132	42	1100	-0.038732166666666755
1132	42	1150	-0.008021666666666816
1132	43	-200	0.08455729953917038
1132	43	-150	0.004187870967741795
1132	43	-100	0.054898037634408446
1132	43	-50	-0.08406929569892478
1132	43	0	-0.07366679569892483
1132	43	50	-0.014063295698924838
1132	43	100	-0.0039611290322581665
1132	43	150	0.011837704301075114
1132	43	200	0.026375704301075126
1132	43	250	-0.005024795698924889
1132	43	300	0.012826370967741862
1132	43	350	0.020452037634408393
1132	43	400	0.007320204301075088
1132	43	450	-0.0285426290322582
1132	43	500	0.026974870967741833
1132	43	550	0.030046370967741726
1132	43	600	0.021681870967741768
1132	43	650	0.06601920430107507
1132	43	700	0.014065537634408468
1132	43	750	0.013493870967741831
1132	43	800	-0.014865629032258113
1132	43	850	-0.04798729569892483
1132	43	900	-0.04123779569892494
1132	43	950	-0.021970962365591633
1132	43	1e3	-0.04939196236559155
1132	43	1050	-0.033003295698924795
1132	43	1100	-0.04991162903225832
1132	43	1150	-0.06177246236559145
1132	44	-200	-0.03243097235023048
1132	44	-150	-0.026561424731182948
1132	44	-100	-0.004964424731182933
1132	44	-50	0.030982575268817092
1132	44	0	0.038379408602150354
1132	44	50	0.006279408602150409
1132	44	100	0.011271575268816983
1132	44	150	-5.907580645162872e-4
1132	44	200	0.024531241935483727
1132	44	250	0.02814224193548376
1132	44	300	0.034893075268817096
1132	44	350	0.0524554086021504
1132	44	400	0.04108740860215043
1132	44	450	0.08404224193548375
1132	44	500	0.07975074193548377
1132	44	550	0.1370667419354837
1132	44	600	0.10454674193548374
1132	44	650	0.06887507526881705
1132	44	700	0.04369407526881708
1132	44	750	0.010590741935483816
1132	44	800	0.06965157526881709
1132	44	850	0.020588908602150385
1132	44	900	0.034697575268817005
1132	44	950	0.04230090860215041
1132	44	1e3	0.041367908602150415
1132	44	1050	0.0498779086021505
1132	44	1100	0.034725575268817144
1132	44	1150	0.046983408602150334
1132	45	-200	-6.40751152073563e-4
1132	45	-150	-0.01466265591397827
1132	45	-100	-0.021168322580644938
1132	45	-50	0.021198677419355032
1132	45	0	0.015379844086021555
1132	45	50	0.047169844086021685
1132	45	100	-0.00227365591397836
1132	45	150	0.0011898440860217037
1132	45	200	0.024705177419354962
1132	45	250	0.02929417741935499
1132	45	300	0.004639010752688355
1132	45	350	0.010765677419354969
1132	45	400	-0.0024164892473115263
1132	45	450	0.016530677419354916
1132	45	500	0.03976584408602165
1132	45	550	0.05582251075268826
1132	45	600	0.08542817741935498
1132	45	650	0.08777234408602164
1132	45	700	0.0237261774193549
1132	45	750	-0.029116155913978314
1132	45	800	-0.05488315591397833
1132	45	850	-0.0754011559139783
1132	45	900	-0.09604932258064507
1132	45	950	-0.12898782258064498
1132	45	1e3	-0.1169099892473117
1132	45	1050	-0.14175165591397834
1132	45	1100	-0.13898015591397836
1132	45	1150	-0.16933582258064503
1132	46	-200	0.04538700000000003
1132	46	-150	0.0019460000000000772
1132	46	-100	0.012395333333333461
1132	46	-50	-0.04750950000000002
1132	46	0	-0.019783333333333337
1132	46	50	-0.0680099999999999
1132	46	100	-0.08974683333333333
1132	46	150	-0.07012649999999983
1132	46	200	-0.08136049999999995
1132	46	250	-0.014547833333333315
1132	46	300	-0.020754166666666556
1132	46	350	-0.009056333333333258
1132	46	400	0.015483166666666678
1132	46	450	-0.017033499999999924
1132	46	500	-0.04555683333333338
1132	46	550	-0.015632999999999935
1132	46	600	-0.026970333333333246
1132	46	650	-0.045857500000000107
1132	46	700	-0.0540878333333333
1132	46	750	-0.065533
1132	46	800	-0.06720233333333321
1132	46	850	-0.0640703333333333
1132	46	900	-0.05622666666666665
1132	46	950	-0.076411
1132	46	1e3	-0.03317566666666664
1132	46	1050	-0.03967949999999987
1132	46	1100	-0.08746783333333326
1132	46	1150	-0.09654533333333326
1132	47	-200	-0.055484290322580385
1132	47	-150	-0.03371045698924716
1132	47	-100	0.003618876344086234
1132	47	-50	0.048587043010752895
1132	47	0	0.04623620967741959
1132	47	50	0.06034270967741947
1132	47	100	0.06735137634408613
1132	47	150	0.06497854301075294
1132	47	200	0.06490404301075281
1132	47	250	0.0292300430107529
1132	47	300	0.09004620967741957
1132	47	350	0.0010547096774194593
1132	47	400	0.05435470967741951
1132	47	450	0.011278376344086238
1132	47	500	0.05020354301075288
1132	47	550	0.10090120967741956
1132	47	600	0.10914004301075282
1132	47	650	0.11032554301075281
1132	47	700	0.0690372096774196
1132	47	750	-0.010578623655913777
1132	47	800	0.032461876344086114
1132	47	850	-0.01217712365591391
1132	47	900	-0.0024556236559138225
1132	47	950	9.088763440861699e-4
1132	47	1e3	-0.007589456989247105
1132	47	1050	0.019963043010752763
1132	47	1100	0.02468904301075292
1132	47	1150	0.04344587634408622
1132	48	-200	-0.007249233333333456
1132	48	-150	0.010098933333333227
1132	48	-100	7.29266666666654e-4
1132	48	-50	0.016022599999999887
1132	48	0	-0.019601566666666754
1132	48	50	-0.023685400000000117
1132	48	100	0.004244766666666584
1132	48	150	-0.017170233333333524
1132	48	200	-0.05097006666666681
1132	48	250	-0.03953340000000013
1132	48	300	-0.05845490000000009
1132	48	350	-0.05414263809523818
1132	48	400	-0.056331400000000066
1132	48	450	-0.04886723333333346
1132	48	500	-0.014390900000000132
1132	48	550	0.0016989333333333374
1132	48	600	0.026564766666666628
1132	48	650	0.08366359999999995
1132	48	700	0.0981172666666666
1132	48	750	0.0574965999999999
1132	48	800	0.040342099999999936
1132	48	850	0.031883599999999866
1132	48	900	0.02684776666666659
1132	48	950	0.024067266666666514
1132	48	1e3	-0.007545566666666688
1132	48	1050	0.027334266666666645
1132	48	1100	0.02796109999999996
1132	48	1150	0.010504599999999975
1132	49	-200	0.004698981566820327
1132	49	-150	-0.013389994623655829
1132	49	-100	-0.0016398279569891372
1132	49	-50	0.0043200053763440644
1132	49	0	0.005227672043010741
1132	49	50	0.03157333870967749
1132	49	100	0.009238672043010876
1132	49	150	0.024508838709677388
1132	49	200	0.05260350537634414
1132	49	250	0.0863596720430108
1132	49	300	0.09454717204301082
1132	49	350	0.08616500537634415
1132	49	400	0.0806011720430108
1132	49	450	0.07348867204301072
1132	49	500	0.13428617204301077
1132	49	550	0.16212050537634407
1132	49	600	0.1310561720430108
1132	49	650	0.018762505376344125
1132	49	700	-0.003751327956989329
1132	49	750	-0.013846994623655906
1132	49	800	-0.034660327956989256
1132	49	850	-0.06431199462365582
1132	49	900	-0.03904232795698929
1132	49	950	-0.08540232795698939
1132	49	1e3	-0.037452994623655846
1132	49	1050	-0.044099827956989156
1132	49	1100	-0.02851016129032254
1132	49	1150	0.11331683870967746
1132	50	-200	0.0237097603686636
1132	50	-150	-0.03776076344086025
1132	50	-100	-0.0019370967741935512
1132	50	-50	-0.009026596774193521
1132	50	0	0.021063069892472974
1132	50	50	0.019092403225806336
1132	50	100	0.09147090322580646
1132	50	150	0.11706840322580632
1132	50	200	0.094538569892473
1132	50	250	0.06213873655913971
1132	50	300	0.04104440322580646
1132	50	350	0.06474006989247309
1132	50	400	0.05544040322580638
1132	50	450	0.08224356989247299
1132	50	500	0.10246656989247309
1132	50	550	0.1229565698924729
1132	50	600	0.0968230698924731
1132	50	650	0.04661523655913983
1132	50	700	-0.025354096774193573
1132	50	750	-0.06352876344086034
1132	50	800	-0.03301559677419371
1132	50	850	-0.051664096774193626
1132	50	900	-0.05239826344086026
1132	50	950	-0.08678593010752689
1132	50	1e3	-0.07264593010752692
1132	50	1050	-0.0012874301075270396
1132	50	1100	0.007176069892473065
1132	50	1150	0.06443823655913976
1132	51	-200	-0.013758557603686874
1132	51	-150	-0.0027356290322582875
1132	51	-100	0.01656420430107512
1132	51	-50	-0.002556462365591594
1132	51	0	0.004779537634408341
1132	51	50	0.005957037634408395
1132	51	100	-0.001893295698924972
1132	51	150	0.02470187096774164
1132	51	200	0.02286770430107506
1132	51	250	0.03497453763440831
1132	51	300	0.01966570430107506
1132	51	350	-0.03528762903225827
1132	51	400	-0.009744795698924946
1132	51	450	-0.03580779569892497
1132	51	500	0.028743537634408362
1132	51	550	0.03389420430107511
1132	51	600	0.04249720430107503
1132	51	650	0.05021620430107506
1132	51	700	-0.009471795698924904
1132	51	750	-0.06900462903225828
1132	51	800	-0.07328212903225821
1132	51	850	-0.06669296236559163
1132	51	900	-0.09415279569892498
1132	51	950	-0.09298946236559151
1132	51	1e3	-0.10139812903225831
1132	51	1050	-0.12666762903225823
1132	51	1100	-0.10276329569892491
1132	51	1150	-0.11847762903225822
1132	52	-200	-0.0118858341013823
1132	52	-150	0.001443784946236833
1132	52	-100	0.014353118279570124
1132	52	-50	0.004492284946236695
1132	52	0	-0.0064223817204298594
1132	52	50	0.006709451612903372
1132	52	100	0.012494118279570069
1132	52	150	-0.00986421505376319
1132	52	200	0.04471411827956998
1132	52	250	-0.021242215053763225
1132	52	300	-0.027058881720429955
1132	52	350	-0.02912421505376339
1132	52	400	-0.02114604838709666
1132	52	450	0.010586784946236808
1132	52	500	0.011114618279570054
1132	52	550	0.08480778494623668
1132	52	600	0.12160711827957009
1132	52	650	0.056840284946236753
1132	52	700	0.016385451612903463
1132	52	750	-0.0016858817204299381
1132	52	800	-0.01787304838709658
1132	52	850	-0.005616048387096543
1132	52	900	-0.048288715053763274
1132	52	950	-0.04437654838709659
1132	52	1e3	-0.0759515483870965
1132	52	1050	-0.05892788172042988
1132	52	1100	-0.04036388172042993
1132	52	1150	-0.009485715053763203
1132	54	-200	-0.02577876958525335
1132	54	-150	0.008624182795699062
1132	54	-100	0.00785818279569909
1132	54	-50	-0.016091817204301046
1132	54	0	0.029684682795699063
1132	54	50	-0.00992831720430091
1132	54	100	-0.012320983870967694
1132	54	150	0.011063349462365757
1132	54	200	0.008999182795699076
1132	54	250	0.022268516129032356
1132	54	300	0.0314741827956991
1132	54	350	0.05128918279569894
1132	54	400	0.006599516129032275
1132	54	450	0.06692018279569904
1132	54	500	0.09490484946236573
1132	54	550	0.09830851612903246
1132	54	600	0.09922818279569912
1132	54	650	0.07282901612903236
1132	54	700	0.06480434946236573
1132	54	750	-5.933172043009657e-4
1132	54	800	-0.02259015053763432
1132	54	850	-0.0021973172043009783
1132	54	900	-0.025305817204300956
1132	54	950	-0.013574650537634328
1132	54	1e3	-0.028153483870967683
1132	54	1050	-0.04463548387096772
1132	54	1100	NA
1132	54	1150	NA
1132	55	-200	-0.010075419354838846
1132	55	-150	-0.016208086021505624
1132	55	-100	0.010574747311827762
1132	55	-50	0.002033080645161093
1132	55	0	0.015354913978494386
1132	55	50	-0.007137252688172187
1132	55	100	0.015308413978494398
1132	55	150	0.011356247311827753
1132	55	200	-0.011376919354838755
1132	55	250	0.015368247311827806
1132	55	300	-0.0242150860215055
1132	55	350	-0.023921919354838856
1132	55	400	-0.010627086021505564
1132	55	450	0.007775580645161225
1132	55	500	0.02892691397849445
1132	55	550	0.07009708064516107
1132	55	600	-0.01963858602150559
1132	55	650	-0.0147957526881722
1132	55	700	-0.025420919354838922
1132	55	750	-0.029109419354838757
1132	55	800	-0.020354919354838834
1132	55	850	-0.004216419354838852
1132	55	900	-0.008545752688172184
1132	55	950	-0.05385975268817219
1132	55	1e3	-0.08187725268817221
1132	55	1050	-0.031246919354838882
1132	55	1100	-0.038753752688172195
1132	55	1150	-0.03712508602150555
1132	56	-200	0.009731499999999857
1132	56	-150	-0.023184166666666856
1132	56	-100	-0.0074081666666669195
1132	56	-50	0.003951333333333122
1132	56	0	0.01690949999999991
1132	56	50	0.06231166666666647
1132	56	100	0.07579383333333316
1132	56	150	0.07420299999999987
1132	56	200	0.02799466666666654
1132	56	250	0.02407699999999983
1132	56	300	0.001843666666666503
1132	56	350	0.018115499999999802
1132	56	400	0.014739666666666448
1132	56	450	0.023567833333333194
1132	56	500	0.06735983333333317
1132	56	550	0.13856216666666654
1132	56	600	0.07886466666666651
1132	56	650	0.03626983333333311
1132	56	700	0.017968499999999832
1132	56	750	-0.03141233333333352
1132	56	800	-0.020814000000000183
1132	56	850	-0.061884166666666886
1132	56	900	7.386666666665173e-4
1132	56	950	-0.03812700000000017
1132	56	1e3	-0.024926333333333456
1132	56	1050	-0.0027663333333335003
1132	56	1100	0.00835116666666654
1132	56	1150	0.05663776190476165
1132	57	-200	0.01975065898617499
1132	57	-150	0.03185001612903219
1132	57	-100	0.022626182795698835
1132	57	-50	-0.029575483870967794
1132	57	0	-0.0479431505376345
1132	57	50	-0.062140483870967746
1132	57	100	-0.04474615053763453
1132	57	150	-0.04998681720430113
1132	57	200	-0.06451231720430117
1132	57	250	-0.061455817204301155
1132	57	300	-0.049859650537634526
1132	57	350	-0.06890281720430114
1132	57	400	-0.054642150537634514
1132	57	450	-0.021865650537634524
1132	57	500	0.0348701827956989
1132	57	550	0.04013084946236556
1132	57	600	0.10516134946236548
1132	57	650	0.13126168279569886
1132	57	700	0.1313050161290322
1132	57	750	0.1086170161290323
1132	57	800	0.07208718279569888
1132	57	850	0.07876184946236557
1132	57	900	0.07796584946236547
1132	57	950	0.06512101612903225
1132	57	1e3	0.04573434946236551
1132	57	1050	0.05650768279569888
1132	57	1100	0.006435016129032227
1132	57	1150	0.05053601612903217
1132	58	-200	-0.025127843317972243
1132	58	-150	-0.019558795698924714
1132	58	-100	0.013733537634408766
1132	58	-50	0.005468204301075345
1132	58	0	0.029672870967741998
1132	58	50	0.04315370430107531
1132	58	100	0.05046870430107527
1132	58	150	0.011822704301075238
1132	58	200	-0.005171629032257948
1132	58	250	-0.03325262903225797
1132	58	300	-0.03823646236559138
1132	58	350	-0.0384627956989246
1132	58	400	-0.04792429569892461
1132	58	450	-0.03150462903225796
1132	58	500	-0.01377212903225796
1132	58	550	0.00426303763440868
1132	58	600	-0.022529795698924698
1132	58	650	-0.001716962365591342
1132	58	700	-0.036124295698924724
1132	58	750	-0.044863629032257935
1132	58	800	-0.03101079569892466
1132	58	850	-0.027635962365591443
1132	58	900	-0.03382962903225802
1132	58	950	-0.04947012903225797
1132	58	1e3	-0.06099679569892472
1132	58	1050	-0.061121795698924654
1132	58	1100	-0.022128795698924602
1132	58	1150	-0.028433462365591227
1132	59	-200	-0.005201829493087372
1132	59	-150	0.0016535752688174494
1132	59	-100	-0.002583091397849291
1132	59	-50	0.002243408602150702
1132	59	0	0.004754908602150702
1132	59	50	-0.01956292473118267
1132	59	100	-0.013304924731182647
1132	59	150	-0.03688575806451596
1132	59	200	-0.030457258064515935
1132	59	250	-0.019211258064515995
1132	59	300	-0.009694091397849306
1132	59	350	-0.03190375806451599
1132	59	400	-0.005324424731182627
1132	59	450	-0.0037515913978492708
1132	59	500	0.01722474193548414
1132	59	550	-0.06141592473118266
1132	59	600	0.018677075268817383
1132	59	650	0.012632075268817303
1132	59	700	-0.01873225806451595
1132	59	750	-0.030986591397849317
1132	59	800	-0.07847359139784922
1132	59	850	-0.0704360913978493
1132	59	900	-0.07768009139784926
1132	59	950	-0.10343975806451589
1132	59	1e3	-0.11646692473118263
1132	59	1050	-0.08269542473118256
1132	59	1100	-0.06867459139784926
1132	59	1150	-0.079484758064516
1132	61	-200	0.022169133640553174
1132	61	-150	-9.307473118278509e-4
1132	61	-100	-0.013557247311827872
1132	61	-50	0.0028580860215055015
1132	61	0	-0.014234080645161148
1132	61	50	-0.031962580645161255
1132	61	100	-0.03323158064516122
1132	61	150	-0.06238608064516119
1132	61	200	-0.035135913978494505
1132	61	250	-0.03546724731182782
1132	61	300	-0.014612580645161207
1132	61	350	0.0071070860215055225
1132	61	400	-6.26413978494537e-4
1132	61	450	-0.022305247311827852
1132	61	500	-0.016124080645161243
1132	61	550	0.07513291935483883
1132	61	600	0.0994264193548388
1132	61	650	0.05776625268817215
1132	61	700	0.03745225268817228
1132	61	750	0.030439419354838886
1132	61	800	0.024461752688172227
1132	61	850	0.026178419354838816
1132	61	900	0.024816419354838803
1132	61	950	0.024705252688172214
1132	61	1e3	0.03987225268817215
1132	61	1050	0.059007919354838734
1132	61	1100	0.03908175268817208
1132	61	1150	0.031835252688172076
1132	62	-200	-0.015154397849462523
1132	62	-150	0.008346078341013577
1132	62	-100	0.005493535483870815
1132	62	-50	0.02223393548387076
1132	62	0	-0.025100231182795918
1132	62	50	-0.016236897849462695
1132	62	100	-0.0561255645161293
1132	62	150	-0.0791002311827959
1132	62	200	-0.09058939784946252
1132	62	250	-0.11565123118279597
1132	62	300	-0.12360056451612926
1132	62	350	-0.1441355645161293
1132	62	400	-0.13612139784946256
1132	62	450	-0.10717406451612936
1132	62	500	-0.09414366451612928
1132	62	550	-0.06991249308755774
1132	62	600	-0.034929397849462474
1132	62	650	-0.0059945645161292305
1132	62	700	-0.017707731182795932
1132	62	750	-0.017395397849462608
1132	62	800	-0.03750856451612927
1132	62	850	-0.019694564516129203
1132	62	900	0.00974043548387075
1132	62	950	-0.018732064516129226
1132	62	1e3	4.722688172040801e-4
1132	62	1050	-0.001734564516129226
1132	62	1100	-0.010566564516129251
1132	62	1150	0.015818435483870703
1132	64	-200	0.014919589861750904
1132	64	-150	0.005144661290322465
1132	64	-100	0.009826494623655702
1132	64	-50	0.002464494623655685
1132	64	0	-0.03484183870967761
1132	64	50	-0.04211383870967763
1132	64	100	-0.0394708387096776
1132	64	150	-0.040313238709677804
1132	64	200	-0.021112124423963343
1132	64	250	0.01071316129032233
1132	64	300	0.0515958279569891
1132	64	350	0.050970327956989005
1132	64	400	0.1095046612903224
1132	64	450	0.17910716129032225
1132	64	500	0.18177916129032226
1132	64	550	0.2320041612903223
1132	64	600	0.23679082795698903
1132	64	650	0.22975532795698905
1132	64	700	0.29756582795698905
1132	64	750	0.313906827956989
1132	64	800	0.255331827956989
1132	64	850	0.21520866129032226
1132	64	900	0.27765666129032224
1132	64	950	0.2756504946236557
1132	64	1e3	0.24182966129032227
1132	64	1050	0.26173482795698905
1132	64	1100	0.2868729946236557
1132	64	1150	0.26325999462365574
1132	67	-200	0.001746013824884913
1132	67	-150	-0.010613462365591278
1132	67	-100	-0.016211129032258038
1132	67	-50	6.495376344087441e-4
1132	67	0	0.024138037634408693
1132	67	50	0.1006902043010754
1132	67	100	0.09502820430107543
1132	67	150	0.04556520430107539
1132	67	200	0.04700703763440872
1132	67	250	0.035017204301075466
1132	67	300	-0.012805962365591247
1132	67	350	0.016737704301075313
1132	67	400	0.020253037634408704
1132	67	450	0.01635920430107533
1132	67	500	-0.005193962365591294
1132	67	550	0.014628204301075401
1132	67	600	0.03422020430107545
1132	67	650	0.04328170430107544
1132	67	700	0.03494870430107536
1132	67	750	0.04221437096774213
1132	67	800	0.0012408709677420582
1132	67	850	0.03663420430107537
1132	67	900	-0.01428879569892468
1132	67	950	0.024847704301075302
1132	67	1e3	-0.031440129032257944
1132	67	1050	NA
1132	67	1100	-0.013762629032258111
1132	67	1150	-0.009968629032258036
1132	68	-200	-0.022337769585253447
1132	68	-150	0.005916349462365596
1132	68	-100	0.020117849462365722
1132	68	-50	7.820161290323924e-4
1132	68	0	-7.554838709677991e-4
1132	68	50	0.004019016129032327
1132	68	100	-0.02792581720430117
1132	68	150	-0.034041817204301106
1132	68	200	-0.021311150537634365
1132	68	250	-0.02556898387096777
1132	68	300	-0.0261086505376343
1132	68	350	-0.027691483870967648
1132	68	400	-0.02250898387096778
1132	68	450	0.06387201612903226
1132	68	500	0.08719001612903228
1132	68	550	0.1172913494623656
1132	68	600	0.10346634946236562
1132	68	650	0.06658201612903232
1132	68	700	0.0244391827956989
1132	68	750	-0.00994031720430096
1132	68	800	-0.022967983870967695
1132	68	850	-0.007622317204301066
1132	68	900	-0.008528483870967754
1132	68	950	0.051120849462365614
1132	68	1e3	-0.4212589838709676
1132	68	1050	NA
1132	68	1100	NA
1132	68	1150	0.19637851612903223
1132	69	-200	0.0032161666666665014
1132	69	-150	0.0273108333333331
1132	69	-100	0.0037178333333332723
1132	69	-50	0.011161333333333209
1132	69	0	-0.045406166666666824
1132	69	50	0.01090649999999993
1132	69	100	0.04004449999999989
1132	69	150	0.015404333333333206
1132	69	200	-0.01045916666666676
1132	69	250	-0.06898633333333352
1132	69	300	-0.08822083333333348
1132	69	350	-0.1533745000000001
1132	69	400	-0.1441201666666668
1132	69	450	-0.1324133333333335
1132	69	500	-0.07866350000000007
1132	69	550	0.02415983333333327
1132	69	600	-0.007350166666666806
1132	69	650	-0.025144333333333508
1132	69	700	-0.06722100000000013
1132	69	750	-0.16642216666666684
1132	69	800	-0.1671735
1132	69	850	-0.33141650000000006
1132	69	900	-0.2722493333333335
1132	69	950	-0.09524633333333347
1132	69	1e3	-0.10555433333333337
1132	69	1050	-0.11626350000000008
1132	69	1100	-0.09321249999999999
1132	69	1150	-0.08978616666666668
1132	70	-200	0.0022407557603687195
1132	70	-150	0.0011192795698925135
1132	70	-100	0.005161612903225772
1132	70	-50	-0.00865755376344087
1132	70	0	-2.3755376344092305e-4
1132	70	50	-0.02002488709677423
1132	70	100	-0.01796505376344082
1132	70	150	-0.047737053763440875
1132	70	200	-0.002796720430107517
1132	70	250	0.014078946236559068
1132	70	300	-0.007038220430107526
1132	70	350	-0.03076155376344077
1132	70	400	-0.036228220430107504
1132	70	450	0.027321779569892568
1132	70	500	0.03392577956989248
1132	70	550	0.07739311290322577
1132	70	600	0.029741112903225748
1132	70	650	0.017214612903225863
1132	70	700	-0.006802220430107475
1132	70	750	0.009355112903225882
1132	70	800	0.008071612903225814
1132	70	850	-0.008637553763440886
1132	70	900	0.009177446236559176
1132	70	950	-0.004921220430107602
1132	70	1e3	-0.023247887096774205
1132	70	1050	0.01195761290322587
1132	70	1100	0.0012829462365592608
1132	70	1150	0.010324446236559112
1132	71	-200	0.006509658986175282
1132	71	-150	8.341827956990974e-4
1132	71	-100	-0.014025483870967545
1132	71	-50	0.020157182795699075
1132	71	0	-0.014560483870967719
1132	71	50	-0.03766831720430094
1132	71	100	-0.009551317204300913
1132	71	150	-0.011487650537634378
1132	71	200	-0.04236265053763429
1132	71	250	-0.02747065053763431
1132	71	300	-0.033325983870967635
1132	71	350	0.01106518279569905
1132	71	400	0.036295182795699064
1132	71	450	0.05252984946236575
1132	71	500	0.10528401612903242
1132	71	550	0.18658318279569905
1132	71	600	0.15424918279569902
1132	71	650	0.13883134946236578
1132	71	700	0.12761868279569902
1132	71	750	0.09876334946236572
1132	71	800	0.0613871827956991
1132	71	850	0.111728182795699
1132	71	900	0.09099768279569909
1132	71	950	0.06550618279569902
1132	71	1e3	0.08908401612903243
1132	71	1050	0.07594501612903241
1132	71	1100	0.09791968279569903
1132	71	1150	0.12064701612903235
1132	72	-200	0.035835033333333266
1132	72	-150	0.017208199999999934
1132	72	-100	-0.0030381333333333593
1132	72	-50	-0.03480330000000009
1132	72	0	-0.015201800000000043
1132	72	50	-0.04543763333333336
1132	72	100	-0.052682799999999995
1132	72	150	-0.008541300000000085
1132	72	200	-0.027672966666666705
1132	72	250	-0.06189563333333344
1132	72	300	-0.07322563333333343
1132	72	350	-0.07021496666666678
1132	72	400	-0.07304463333333329
1132	72	450	-0.03887680000000001
1132	72	500	-0.001608300000000007
1132	72	550	0.05175503333333328
1132	72	600	0.09240986666666655
1132	72	650	0.04544236666666657
1132	72	700	0.04054886666666668
1132	72	750	0.03437353333333326
1132	72	800	0.003173199999999913
1132	72	850	-0.0226316333333334
1132	72	900	-0.0036244666666667147
1132	72	950	-0.03205563333333344
1132	72	1e3	-0.03774513333333348
1132	72	1050	-0.01895296666666672
1132	72	1100	0.01141103333333319
1132	72	1150	0.020178033333333383
1132	73	-200	0.005271682027649811
1132	73	-150	9.571344086021968e-4
1132	73	-100	0.015147801075268882
1132	73	-50	-0.026702365591397825
1132	73	0	0.004447134408602264
1132	73	50	-0.020169198924731162
1132	73	100	-0.031083698924731246
1132	73	150	-0.05661269892473116
1132	73	200	-0.05662036559139779
1132	73	250	-0.052694532258064454
1132	73	300	-0.0686470322580645
1132	73	350	-0.09631603225806444
1132	73	400	-0.09657036559139794
1132	73	450	-0.06004736559139786
1132	73	500	-0.03296553225806457
1132	73	550	0.013071467741935535
1132	73	600	0.019668967741935495
1132	73	650	0.013016967741935467
1132	73	700	-0.012024032258064477
1132	73	750	-0.014099532258064448
1132	73	800	-0.04218619892473111
1132	73	850	-0.017314032258064493
1132	73	900	-0.017972532258064538
1132	73	950	-0.042059698924731194
1132	73	1e3	-0.0033850322580644874
1132	73	1050	-0.005338198924731197
1132	73	1100	0.03010646774193552
1132	73	1150	-0.0067745322580645695
1132	74	-200	0.0074908663594471315
1132	74	-150	0.007760747311828113
1132	74	-100	-0.022504086021505183
1132	74	-50	2.9258064516146653e-4
1132	74	0	0.005711413978494691
1132	74	50	-0.008451252688171929
1132	74	100	-3.247526881719291e-4
1132	74	150	0.0024075806451614077
1132	74	200	-0.003916252688171899
1132	74	250	0.02052091397849476
1132	74	300	-2.6758602150519134e-4
1132	74	350	-3.3525268817184245e-4
1132	74	400	0.022541080645161433
1132	74	450	0.026015247311828027
1132	74	500	0.055422580645161444
1132	74	550	0.06835374731182815
1132	74	600	0.08386641397849481
1132	74	650	0.05192524731182805
1132	74	700	0.04526791397849476
1132	74	750	0.015785413978494756
1132	74	800	-0.025643252688171952
1132	74	850	-0.03138441935483849
1132	74	900	-0.02824158602150521
1132	74	950	-0.005208419354838512
1132	74	1e3	-0.04750041935483862
1132	74	1050	NA
1132	74	1100	NA
1132	74	1150	NA
1132	75	-200	-8.452073732710476e-5
1132	75	-150	-0.01662730645161285
1132	75	-100	8.402688172060024e-5
1132	75	-50	0.013263360215053885
1132	75	0	0.0033785268817205782
1132	75	50	0.003175360215053861
1132	75	100	0.0033703602150538803
1132	75	150	-0.00917297311827947
1132	75	200	0.005077193548387167
1132	75	250	0.024011193548387173
1132	75	300	0.026760860215053823
1132	75	350	-0.023117973118279494
1132	75	400	0.007343526881720501
1132	75	450	0.06359052688172058
1132	75	500	0.08387002688172059
1132	75	550	0.07717686021505384
1132	75	600	0.08635419354838729
1132	75	650	0.051925526881720474
1132	75	700	0.015302693548387166
1132	75	750	0.005936193548387185
1132	75	800	0.008590693548387188
1132	75	850	8.606935483871e-4
1132	75	900	0.03228052688172056
1132	75	950	0.060973193548387185
1132	75	1e3	0.07112502688172051
1132	75	1050	0.04902402688172044
1132	75	1100	0.06844386021505389
1132	75	1150	0.06423886021505387
1132	76	-200	-9.920138248847696e-4
1132	76	-150	-0.011291870967741943
1132	76	-100	-0.009610204301075212
1132	76	-50	0.011891962365591313
1132	76	0	0.010167462365591481
1132	76	50	-0.004790704301075384
1132	76	100	0.028078629032258107
1132	76	150	0.03356212903225808
1132	76	200	0.04821362903225812
1132	76	250	0.021381129032258084
1132	76	300	-6.365376344086293e-4
1132	76	350	-7.397043010752835e-4
1132	76	400	0.019479129032258163
1132	76	450	0.05652629569892468
1132	76	500	0.05518946236559145
1132	76	550	0.10866729569892475
1132	76	600	0.09760796236559137
1132	76	650	0.09861679569892479
1132	76	700	0.13356712903225812
1132	76	750	0.15140312903225803
1132	76	800	0.11898946236559145
1132	76	850	0.1593041290322581
1132	76	900	0.14372896236559143
1132	76	950	0.13157729569892473
1132	76	1e3	0.1471152956989248
1132	76	1050	0.09229079569892473
1132	76	1100	0.1010752956989247
1132	76	1150	0.09981429569892475
1132	77	-200	0.03278923041474645
1132	77	-150	-0.005472483870967733
1132	77	-100	0.01006001612903229
1132	77	-50	-0.023160317204301117
1132	77	0	-0.01968131720430118
1132	77	50	-2.649838709677758e-4
1132	77	100	-0.00465315053763445
1132	77	150	-0.03197665053763451
1132	77	200	-0.04883148387096781
1132	77	250	-0.028945317204301046
1132	77	300	0.0027460161290323213
1132	77	350	0.02758001612903227
1132	77	400	0.04151868279569896
1132	77	450	0.09541901612903225
1132	77	500	0.12492318279569899
1132	77	550	0.17158451612903228
1132	77	600	0.16736834946236567
1132	77	650	0.09156384946236562
1132	77	700	0.08559751612903232
1132	77	750	0.08498484946236566
1132	77	800	0.07737151612903233
1132	77	850	0.06009701612903225
1132	77	900	0.06558618279569894
1132	77	950	0.08574901612903225
1132	77	1e3	0.10105534946236568
1132	77	1050	0.06642634946236559
1132	77	1100	0.07914601612903234
1132	77	1150	0.09314168279569894
1132	78	-200	-0.011587092165898673
1132	78	-150	0.035711860215053605
1132	78	-100	0.0021696935483868827
1132	78	-50	-0.016373639784946326
1132	78	0	-0.007989639784946378
1132	78	50	-0.04224197311827971
1132	78	100	-0.04387397311827964
1132	78	150	-0.02004930645161303
1132	78	200	-0.03919530645161299
1132	78	250	-0.021366306451613044
1132	78	300	7.845268817202969e-4
1132	78	350	0.019608193548386943
1132	78	400	-0.021391139784946372
1132	78	450	0.06971569354838691
1132	78	500	0.09444502688172036
1132	78	550	0.12265202688172024
1132	78	600	0.11050636021505356
1132	78	650	0.10825136021505366
1132	78	700	0.06170936021505358
1132	78	750	0.04220086021505357
1132	78	800	0.03936419354838697
1132	78	850	0.0625385268817203
1132	78	900	0.02848269354838699
1132	78	950	0.06782086021505362
1132	78	1e3	0.041835193548387016
1132	78	1050	0.006912026881720212
1132	78	1100	-0.27531280645161305
1132	78	1150	NA
1132	79	-200	-0.0025252672811060884
1132	79	-150	-0.02285817204301077
1132	79	-100	0.010587827956989168
1132	79	-50	-0.009202172043010807
1132	79	0	0.024418661290322552
1132	79	50	0.014593327956989347
1132	79	100	0.043414994623655945
1132	79	150	0.05068066129032256
1132	79	200	0.07548816129032258
1132	79	250	0.05314899462365593
1132	79	300	0.04435249462365598
1132	79	350	0.049286161290322594
1132	79	400	0.07722999462365594
1132	79	450	0.052691494623655855
1132	79	500	0.10872582795698922
1132	79	550	0.04612649462365592
1132	79	600	0.01385766129032251
1132	79	650	0.06763349462365593
1132	79	700	0.05850632795698929
1132	79	750	0.03516182795698919
1132	79	800	0.027737161290322554
1132	79	850	0.039433994623655856
1132	79	900	0.03846216129032257
1132	79	950	0.026853161290322596
1132	79	1e3	0.05848082795698913
1132	79	1050	0.05393632795698918
1132	79	1100	0.03822382795698916
1132	79	1150	0.07603666129032256
1132	80	-200	-0.013617317972350409
1132	80	-150	-0.023264698924731448
1132	80	-100	-0.001262865591397988
1132	80	-50	0.0018691344086019246
1132	80	0	0.03854530107526869
1132	80	50	0.04641830107526871
1132	80	100	0.04483663440860205
1132	80	150	0.07388996774193535
1132	80	200	0.016614801075268693
1132	80	250	-0.01154519892473127
1132	80	300	0.018651967741935376
1132	80	350	0.014798801075268653
1132	80	400	-0.004364198924731315
1132	80	450	0.05393930107526875
1132	80	500	0.09088313440860207
1132	80	550	0.09282713440860202
1132	80	600	0.11454230107526871
1132	80	650	0.08070546774193528
1132	80	700	0.005198467741935294
1132	80	750	-0.030322365591398004
1132	80	800	-0.06903069892473128
1132	80	850	-0.04176686559139801
1132	80	900	-0.05417553225806467
1132	80	950	-0.011774365591397995
1132	80	1e3	0.027355967741935345
1132	80	1050	-0.011257865591397964
1132	80	1100	0.030699134408601985
1132	80	1150	0.1467549677419354
1132	81	-200	0.02622670000000012
1132	81	-150	0.006149866666666763
1132	81	-100	0.0030225333333335027
1132	81	-50	-0.01939663333333323
1132	81	0	-0.016002466666666566
1132	81	50	0.015504866666666691
1132	81	100	-7.589666666665273e-4
1132	81	150	0.012377033333333435
1132	81	200	-0.002512133333333185
1132	81	250	-0.011868133333333178
1132	81	300	6.410333333335405e-4
1132	81	350	0.01354586666666687
1132	81	400	0.06543170000000013
1132	81	450	0.03443270000000013
1132	81	500	0.09771670000000003
1132	81	550	0.08180203333333343
1132	81	600	0.10747586666666671
1132	81	650	0.08637320000000015
1132	81	700	0.051185200000000076
1132	81	750	0.06156203333333347
1132	81	800	0.052071700000000165
1132	81	850	0.010853866666666804
1132	81	900	0.030638533333333367
1132	81	950	0.02497984285714296
1132	81	1e3	0.04421053333333358
1132	81	1050	0.06976153333333346
1132	81	1100	0.09333170000000002
1132	81	1150	0.05525370000000026
1132	82	-200	0.027121986175115076
1132	82	-150	0.003929795698924672
1132	82	-100	-0.011518870967741993
1132	82	-50	-0.040485537634408576
1132	82	0	0.01643229569892468
1132	82	50	-0.004364704301075347
1132	82	100	0.010351962365591438
1132	82	150	0.018224462365591314
1132	82	200	0.05238979569892462
1132	82	250	0.05466979569892468
1132	82	300	0.041205962365591375
1132	82	350	0.034308629032258064
1132	82	400	-0.014993704301075347
1132	82	450	-0.01997303763440872
1132	82	500	0.02146329569892469
1132	82	550	0.02555196236559132
1132	82	600	0.07312946236559137
1132	82	650	0.03908029569892476
1132	82	700	0.014076629032257962
1132	82	750	0.014515795698924583
1132	82	800	-0.0573060376344087
1132	82	850	-0.025369537634408596
1132	82	900	0.024465962365591325
1132	82	950	-0.014817870967741934
1132	82	1e3	-0.011302370967741929
1132	82	1050	0.025910462365591396
1132	82	1100	NA
1132	82	1150	NA
1132	83	-200	-0.015339972350230355
1132	83	-150	0.0014570752688173687
1132	83	-100	0.00755424193548393
1132	83	-50	0.01795157526881715
1132	83	0	-0.009066258064516072
1132	83	50	0.033830408602150586
1132	83	100	0.02607240860215058
1132	83	150	0.027336575268817276
1132	83	200	0.0108887419354838
1132	83	250	0.009572908602150543
1132	83	300	0.010826741935483867
1132	83	350	0.01925740860215064
1132	83	400	0.032494741935483885
1132	83	450	0.044542075268817115
1132	83	500	0.0796719086021506
1132	83	550	0.12013057526881717
1132	83	600	0.09442807526881714
1132	83	650	0.09112590860215053
1132	83	700	0.04171657526881726
1132	83	750	0.030328908602150612
1132	83	800	0.04847340860215055
1132	83	850	0.017040575268817193
1132	83	900	0.022175241935483852
1132	83	950	0.002108241935483942
1132	83	1e3	0.026291075268817243
1132	83	1050	-0.003473758064516108
1132	83	1100	0.016924408602150425
1132	83	1150	0.05508574193548391
1132	84	-200	0.042705032258064435
1132	84	-150	0.01332236559139773
1132	84	-100	0.00598303225806444
1132	84	-50	-0.038922134408602226
1132	84	0	-0.030205801075268896
1132	84	50	-0.010375634408602194
1132	84	100	-0.0074618010752687996
1132	84	150	-0.004644967741935568
1132	84	200	0.0014115322580644147
1132	84	250	-0.0058609677419356005
1132	84	300	-0.010297634408602097
1132	84	350	-0.018475301075268957
1132	84	400	-0.02880896774193557
1132	84	450	-0.02152930107526892
1132	84	500	0.029981698924731088
1132	84	550	0.04582336559139777
1132	84	600	0.047511032258064446
1132	84	650	0.08287836559139776
1132	84	700	0.10630086559139773
1132	84	750	0.06721003225806436
1132	84	800	0.06961969892473108
1132	84	850	0.012181198924731055
1132	84	900	0.02743353225806448
1132	84	950	0.02560536559139785
1132	84	1e3	0.015213698924731048
1132	84	1050	0.03973769892473111
1132	84	1100	-0.024194301075268987
1132	84	1150	0.017807865591397798
1132	86	-200	0.016464382488479083
1132	86	-150	-0.020653903225806625
1132	86	-100	-0.01310056989247325
1132	86	-50	-0.0027639032258065153
1132	86	0	0.017309930107526794
1132	86	50	0.04609276344086011
1132	86	100	0.0817847634408601
1132	86	150	0.03617293010752687
1132	86	200	0.05877026344086015
1132	86	250	0.03569293010752683
1132	86	300	0.030823930107526747
1132	86	350	0.03221359677419344
1132	86	400	0.06804293010752671
1132	86	450	0.1116684301075268
1132	86	500	0.11722376344086001
1132	86	550	0.12309759677419341
1132	86	600	0.21247193010752677
1132	86	650	0.12771309677419337
1132	86	700	0.15902443010752684
1132	86	750	0.04097959677419342
1132	86	800	0.06404326344086009
1132	86	850	0.04953359677419337
1132	86	900	0.04071743010752674
1132	86	950	0.05284026344086016
1132	86	1e3	-0.012075069892473275
1132	86	1050	0.0653042634408602
1132	86	1100	0.08736643010752669
1132	86	1150	0.11564426344086016
1132	87	-200	-0.03488823502304138
1132	87	-150	0.015878026881720613
1132	87	-100	0.011892526881720563
1132	87	-50	0.0191106935483872
1132	87	0	-0.0061783064516127695
1132	87	50	0.05652836021505384
1132	87	100	0.08636386021505398
1132	87	150	0.0772845268817206
1132	87	200	0.032772360215053885
1132	87	250	0.027133193548387242
1132	87	300	0.010617693548387189
1132	87	350	0.02914736021505397
1132	87	400	0.07894236021505385
1132	87	450	0.029439193548387237
1132	87	500	0.13565636021505392
1132	87	550	0.17565986021505386
1132	87	600	0.1856395268817205
1132	87	650	0.15705919354838738
1132	87	700	0.1030465268817206
1132	87	750	0.11850902688172053
1132	87	800	0.06049169354838716
1132	87	850	0.020983526881720598
1132	87	900	0.01789702688172053
1132	87	950	0.034220360215054
1132	87	1e3	0.02770644354838714
1132	87	1050	NA
1132	87	1100	NA
1132	87	1150	NA
1132	88	-200	-0.0054129999999999534
1132	88	-150	-0.01469716666666665
1132	88	-100	0.007139333333333313
1132	88	-50	0.003916500000000027
1132	88	0	0.009956499999999998
1132	88	50	0.010064833333333448
1132	88	100	-0.0032628333333332518
1132	88	150	-0.003054833333333266
1132	88	200	-0.0021254999999999282
1132	88	250	0.04030716666666678
1132	88	300	0.009850333333333294
1132	88	350	-0.004274499999999959
1132	88	400	-0.008066333333333361
1132	88	450	-0.01838199999999997
1132	88	500	0.011782500000000029
1132	88	550	-9.133333333329514e-5
1132	88	600	0.0189975
1132	88	650	6.106666666666852e-4
1132	88	700	0.034206166666666725
1132	88	750	-0.03641916666666659
1132	88	800	-0.07760999999999996
1132	88	850	-0.11422033333333337
1132	88	900	0.005327500000000078
1132	88	950	-0.07674999999999994
1132	88	1e3	NA
1132	88	1050	NA
1132	88	1100	NA
1132	88	1150	NA
1132	90	-200	-0.021548800000000073
1132	90	-150	-0.03288113333333335
1132	90	-100	0.002258699999999836
1132	90	-50	0.01662803333333322
1132	90	0	0.03554319999999985
1132	90	50	0.022664366666666675
1132	90	100	-0.012301800000000215
1132	90	150	-0.04592246666666681
1132	90	200	-0.0464974666666668
1132	90	250	-0.03147230000000012
1132	90	300	0.034729199999999905
1132	90	350	0.02173253333333321
1132	90	400	0.024667866666666576
1132	90	450	0.0726715333333332
1132	90	500	0.05697303333333329
1132	90	550	0.11317036666666665
1132	90	600	0.10488669999999985
1132	90	650	0.0916156999999999
1132	90	700	0.07994519999999983
1132	90	750	0.07069953333333319
1132	90	800	0.09124369999999993
1132	90	850	0.1063358666666665
1132	90	900	0.04719539047619037
1132	90	950	0.05203069999999991
1132	90	1e3	0.013762866666666559
1132	90	1050	0.0682460333333333
1132	90	1100	0.0802690333333332
1132	90	1150	0.11334336666666656
1132	91	-200	0.00953693548387077
1132	91	-150	8.967688172040559e-4
1132	91	-100	0.0115382688172041
1132	91	-50	0.013833768817204106
1132	91	0	-0.03739523118279586
1132	91	50	-0.02772356451612919
1132	91	100	-0.03918373118279591
1132	91	150	-0.09069556451612922
1132	91	200	-0.09921473118279593
1132	91	250	-0.12674889784946256
1132	91	300	-0.13059906451612915
1132	91	350	-0.09389156451612919
1132	91	400	-0.07310973118279589
1132	91	450	-0.056508731182795945
1132	91	500	-0.0013687311827958275
1132	91	550	0.02504243548387075
1132	91	600	0.08731593548387084
1132	91	650	0.08888093548387081
1132	91	700	0.133302268817204
1132	91	750	0.14831260215053743
1132	91	800	0.10611776881720414
1132	91	850	0.07624260215053735
1132	91	900	0.04390626881720413
1132	91	950	0.034286935483870774
1132	91	1e3	0.041807602150537436
1132	91	1050	0.030260935483870766
1132	91	1100	0.02009360215053742
1132	91	1150	0.0480489354838709
1132	92	-200	0.023794124423963035
1132	92	-150	0.01817500537634394
1132	92	-100	-0.010128994623656018
1132	92	-50	-0.016785161290322703
1132	92	0	-0.01902066129032276
1132	92	50	0.016636672043010597
1132	92	100	0.0010725053763439203
1132	92	150	0.005154838709677367
1132	92	200	0.035547505376344025
1132	92	250	0.02067033870967731
1132	92	300	0.03819933870967729
1132	92	350	0.01958617204301068
1132	92	400	0.045925505376343954
1132	92	450	0.06357817204301057
1132	92	500	0.0750646720430106
1132	92	550	0.09629400537634392
1132	92	600	0.10587883870967733
1132	92	650	0.11723817204301068
1132	92	700	0.1077038387096773
1132	92	750	0.08617150537634395
1132	92	800	0.07228517204301059
1132	92	850	0.07900967204301061
1132	92	900	0.07479117204301078
1132	92	950	0.08529700537634399
1132	92	1e3	0.1022255053763439
1132	92	1050	0.08596733870967739
1132	92	1100	0.049987505376344034
1132	92	1150	0.08261417204301069
1132	93	-200	-0.02295443778801833
1132	93	-150	-0.001433913978494313
1132	93	-100	-0.01823641397849444
1132	93	-50	0.023174252688172192
1132	93	0	0.02327625268817224
1132	93	50	0.0207842526881723
1132	93	100	0.028929752688172217
1132	93	150	0.0026014193548389297
1132	93	200	-0.003129080645161079
1132	93	250	-0.036507247311827674
1132	93	300	0.038685419354838935
1132	93	350	0.04745425268817227
1132	93	400	0.12870508602150563
1132	93	450	0.12924325268817224
1132	93	500	0.16831425268817216
1132	93	550	0.1472839193548389
1132	93	600	0.17751558602150555
1132	93	650	0.13493308602150544
1132	93	700	0.11234475268817223
1132	93	750	0.09704975268817224
1132	93	800	0.04347508602150555
1132	93	850	0.0456229193548389
1132	93	900	0.013528252688172296
1132	93	950	0.018920086021505522
1132	93	1e3	0.03782858602150552
1132	93	1050	0.03132441935483884
1132	93	1100	0.05266781935483893
1132	93	1150	NA
1132	94	-200	-0.0037456912442397033
1132	94	-150	-0.009933548387096813
1132	94	-100	0.012029451612903216
1132	94	-50	0.010054951612903151
1132	94	0	-0.0077808817204301954
1132	94	50	-0.0030708817204300556
1132	94	100	-0.004931881720430094
1132	94	150	-0.020169381720430108
1132	94	200	-0.008072215053763543
1132	94	250	-0.010499548387096732
1132	94	300	0.009313784946236506
1132	94	350	0.02169195161290312
1132	94	400	0.01063711827956985
1132	94	450	0.05339245161290318
1132	94	500	0.04672028494623648
1132	94	550	0.06762361827956982
1132	94	600	0.06317928494623648
1132	94	650	0.09597261827956978
1132	94	700	0.12610178494623656
1132	94	750	0.15297978494623657
1132	94	800	0.13971011827956992
1132	94	850	0.13511845161290323
1132	94	900	0.10146895161290319
1132	94	950	0.0815026182795698
1132	94	1e3	0.0891329516129032
1132	94	1050	0.09382295161290322
1132	94	1100	0.09913661827956988
1132	94	1150	0.13705078494623657
1132	95	-200	0.007284898617511296
1132	95	-150	-0.013216887096774302
1132	95	-100	-0.0051897204301076805
1132	95	-50	-0.0077513870967743275
1132	95	0	0.01765894623655906
1132	95	50	0.008716446236558983
1132	95	100	0.029927779569892305
1132	95	150	0.06104394623655892
1132	95	200	0.009945946236558978
1132	95	250	0.007641779569892278
1132	95	300	0.012864112903225644
1132	95	350	-0.0017555537634409795
1132	95	400	-0.015980720430107676
1132	95	450	0.0030184462365590767
1132	95	500	0.006011446236559026
1132	95	550	0.03456261290322556
1132	95	600	0.031976279569892206
1132	95	650	5.876129032256205e-4
1132	95	700	1.5461290322564084e-4
1132	95	750	-0.015426053763440972
1132	95	800	-0.03906322043010765
1132	95	850	-0.04878472043010773
1132	95	900	-0.059900887096774325
1132	95	950	-0.057606553763441
1132	95	1e3	-0.0697267204301076
1132	95	1050	-0.04445938709677436
1132	95	1100	-0.03125872043010758
1132	95	1150	-0.013735053763440938
1132	96	-200	-0.01943381566820295
1132	96	-150	-0.009297553763441066
1132	96	-100	-0.005962553763441125
1132	96	-50	0.009664279569892317
1132	96	0	0.028268612903225614
1132	96	50	0.08784327956989224
1132	96	100	0.09464144623655894
1132	96	150	0.08045494623655891
1132	96	200	0.07578594623655888
1132	96	250	0.07378411290322566
1132	96	300	0.08671077956989226
1132	96	350	0.04457561290322561
1132	96	400	0.05217644623655896
1132	96	450	0.0930107795698923
1132	96	500	0.08051594623655893
1132	96	550	0.07374961290322557
1132	96	600	0.08972411290322564
1132	96	650	0.0777929462365589
1132	96	700	0.06095044623655895
1132	96	750	0.04075811290322565
1132	96	800	0.03192561290322563
1132	96	850	0.006703946236558937
1132	96	900	0.01745061290322562
1132	96	950	0.039180612903225574
1132	96	1e3	0.01230311290322561
1132	96	1050	0.05454444623655889
1132	96	1100	0.055881612903225575
1132	96	1150	0.08942027956989233
1132	97	-200	0.02148467281105994
1132	97	-150	0.004496553763440862
1132	97	-100	0.006338720430107599
1132	97	-50	6.718870967742004e-4
1132	97	0	-0.03657261290322585
1132	97	50	-0.014308446236559247
1132	97	100	-0.018140779569892462
1132	97	150	-0.029387446236559162
1132	97	200	-0.0309996129032258
1132	97	250	-0.04852061290322577
1132	97	300	-0.0476929462365591
1132	97	350	-0.05174894623655916
1132	97	400	-0.05575861290322585
1132	97	450	-0.046218446236559206
1132	97	500	-0.03257744623655919
1132	97	550	-0.004536112903225827
1132	97	600	-1.1111290322585177e-4
1132	97	650	0.028093553763440877
1132	97	700	-0.0025989462365591334
1132	97	750	0.006021887096774166
1132	97	800	-0.008908279569892485
1132	97	850	-0.04074894623655919
1132	97	900	-0.0406142795698925
1132	97	950	-0.05346944623655917
1132	97	1e3	-0.0951581129032258
1132	97	1050	-0.4664786129032259
1132	97	1100	NA
1132	97	1150	NA
1132	98	-200	NA
1132	98	-150	-0.03314329166666682
1132	98	-100	0.02609120833333319
1132	98	-50	0.042009374999999904
1132	98	0	-0.03495729166666687
1132	98	50	-0.037841458333333446
1132	98	100	-0.0315509583333334
1132	98	150	-0.07571412500000019
1132	98	200	-0.09579762500000011
1132	98	250	-0.11201195833333344
1132	98	300	-0.1477121250000002
1132	98	350	-0.1648527916666668
1132	98	400	-0.18489545833333346
1132	98	450	-0.19746262500000014
1132	98	500	-0.17658979166666677
1132	98	550	-0.16010245833333356
1132	98	600	-0.15107412500000006
1132	98	650	-0.09934662500000013
1132	98	700	-0.13680529166666688
1132	98	750	-0.13488429166666682
1132	98	800	-0.14569412500000012
1132	98	850	-0.15690395833333345
1132	98	900	-0.1676072916666668
1132	98	950	-0.17450062500000016
1132	98	1e3	-0.1708294583333334
1132	98	1050	-0.1651900583333335
1132	98	1100	NA
1132	98	1150	NA
1132	99	-200	0.002453585253456276
1132	99	-150	0.016744370967741878
1132	99	-100	-0.013916629032258024
1132	99	-50	4.453709677419611e-4
1132	99	0	-0.006135629032258061
1132	99	50	0.0038188709677419532
1132	99	100	-0.003544462365591361
1132	99	150	0.021456537634408617
1132	99	200	0.04995020430107525
1132	99	250	0.048567204301075195
1132	99	300	0.07989303763440854
1132	99	350	0.06810353763440864
1132	99	400	0.07649903763440864
1132	99	450	0.06036337096774195
1132	99	500	0.07888687096774194
1132	99	550	0.09713770430107534
1132	99	600	0.09946437096774192
1132	99	650	0.11036303763440862
1132	99	700	0.11258587096774186
1132	99	750	0.10750787096774195
1132	99	800	0.10447303763440867
1132	99	850	0.07503803763440857
1132	99	900	0.06331403763440857
1132	99	950	0.0714372043010753
1132	99	1e3	0.03981270430107527
1132	99	1050	0.05385287096774186
1132	99	1100	0.05777170430107533
1132	99	1150	0.036724870967741984
1132	100	-200	0.002169027649769514
1132	100	-150	-0.008149424731182853
1132	100	-100	0.0011004086021504378
1132	100	-50	-0.011844591397849547
1132	100	0	0.016363075268817157
1132	100	50	0.039393575268817184
1132	100	100	0.007811408602150498
1132	100	150	0.020751575268817064
1132	100	200	0.032751075268817154
1132	100	250	0.021223408602150478
1132	100	300	-0.007426258064516207
1132	100	350	0.03956240860215036
1132	100	400	0.022890408602150487
1132	100	450	0.06900090860215058
1132	100	500	0.07486907526881725
1132	100	550	0.09159890860215063
1132	100	600	0.1104685752688171
1132	100	650	0.11239874193548378
1132	100	700	0.07785474193548396
1132	100	750	0.044402241935483845
1132	100	800	0.03173440860215049
1132	100	850	0.021935241935483834
1132	100	900	0.043951741935483866
1132	100	950	0.03899090860215049
1132	100	1e3	-0.013103008064516142
1132	100	1050	0.8987997419354836
1132	100	1100	NA
1132	100	1150	NA
1132	101	-200	-0.04211579999999978
1132	101	-150	-0.020841633333333148
1132	101	-100	0.002809533333333484
1132	101	-50	0.027797533333333495
1132	101	0	0.03235036666666683
1132	101	50	0.03240070000000017
1132	101	100	0.034783700000000195
1132	101	150	0.07164136666666687
1132	101	200	0.07640853333333353
1132	101	250	0.05608524761904781
1132	101	300	0.046296200000000155
1132	101	350	0.03826170000000021
1132	101	400	0.058137200000000146
1132	101	450	0.06950236666666691
1132	101	500	0.09219603333333344
1132	101	550	0.09302536666666687
1132	101	600	0.14792970000000016
1132	101	650	0.13869870000000026
1132	101	700	0.15001870000000017
1132	101	750	0.11944386666666691
1132	101	800	0.09200386666666686
1132	101	850	0.07391686666666682
1132	101	900	0.07975186666666685
1132	101	950	0.10960353333333354
1132	101	1e3	0.1114620333333336
1132	101	1050	0.12118020000000018
1132	101	1100	0.0940563666666668
1132	101	1150	0.11904920000000015
1132	102	-200	-0.012084036866359314
1132	102	-150	0.017361010752688255
1132	102	-100	0.0229816774193549
1132	102	-50	-0.0147734892473117
1132	102	0	-0.011471155913978404
1132	102	50	-0.008785489247311743
1132	102	100	0.018910677419355038
1132	102	150	0.00670101075268829
1132	102	200	-0.005527822580644992
1132	102	250	0.0038741774193549925
1132	102	300	0.0035101774193548874
1132	102	350	7.361774193549072e-4
1132	102	400	-0.008929655913978355
1132	102	450	0.009947010752688149
1132	102	500	0.0026345107526882425
1132	102	550	0.009507510752688223
1132	102	600	0.02127317741935501
1132	102	650	0.020044677419354933
1132	102	700	-0.015983655913978396
1132	102	750	-0.048293822580645
1132	102	800	-0.04910482258064497
1132	102	850	-0.05969015591397834
1132	102	900	-0.07496932258064508
1132	102	950	-0.06919598924731174
1132	102	1e3	-0.07037632258064508
1132	102	1050	-0.08562615591397853
1132	102	1100	-0.08771432258064508
1132	102	1150	-0.093876822580645
1132	103	-200	-0.0073655000000002096
1132	103	-150	-0.0029008333333335004
1132	103	-100	-7.380000000002015e-4
1132	103	-50	0.0180169999999998
1132	103	0	-0.007012666666666852
1132	103	50	0.008038666666666527
1132	103	100	0.006005833333333192
1132	103	150	0.02046716666666648
1132	103	200	0.032762999999999876
1132	103	250	0.0627913333333332
1132	103	300	0.06272399999999978
1132	103	350	0.0802018333333332
1132	103	400	0.09740266666666653
1132	103	450	0.11168333333333313
1132	103	500	0.10051633333333305
1132	103	550	0.09249749999999983
1132	103	600	0.06072849999999982
1132	103	650	0.03761149999999991
1132	103	700	0.04037049999999972
1132	103	750	0.04249833333333323
1132	103	800	0.0398657619047617
1132	103	850	0.027710499999999822
1132	103	900	5.599999999998199e-4
1132	103	950	0.0075933333333331925
1132	103	1e3	-0.020663666666666785
1132	103	1050	-0.016291833333333505
1132	103	1100	1.1133333333313011e-4
1132	103	1150	-0.018696333333333426
1132	104	-200	-0.006365815668202871
1132	104	-150	-0.01468772043010754
1132	104	-100	0.01310394623655912
1132	104	-50	0.0023679462365591153
1132	104	0	0.006642612903225838
1132	104	50	0.027222779569892424
1132	104	100	-0.004962220430107633
1132	104	150	-0.015109387096774155
1132	104	200	-0.04451605376344081
1132	104	250	-0.037065053763440936
1132	104	300	-0.06914622043010758
1132	104	350	-0.1241090537634409
1132	104	400	-0.12410888709677421
1132	104	450	-0.12608872043010755
1132	104	500	-0.1152642204301076
1132	104	550	-0.07338355376344086
1132	104	600	-0.0702040537634409
1132	104	650	-0.04801238709677428
1132	104	700	-0.0353183870967743
1132	104	750	-0.027118387096774315
1132	104	800	-0.037310387096774145
1132	104	850	0.018969112903225744
1132	104	900	-0.02286755376344085
1132	104	950	0.012336612903225777
1132	104	1e3	-0.006133387096774283
1132	104	1050	-0.006621887096774248
1132	104	1100	-8.847204301075292e-4
1132	104	1150	0.02284511290322581
1132	105	-200	NA
1132	105	-150	NA
1132	105	-100	NA
1132	105	-50	NA
1132	105	0	-1.4803425412573956e-16
1132	105	50	NA
1132	105	100	0.41905000000000003
1132	105	150	0.3881423333333333
1132	105	200	0.3354966666666666
1132	105	250	0.33174666666666663
1132	105	300	0.30386866666666656
1132	105	350	0.34239050000000004
1132	105	400	0.31611133333333324
1132	105	450	0.2993008333333333
1132	105	500	0.32059600000000005
1132	105	550	0.3048793333333333
1132	105	600	0.2969671666666666
1132	105	650	0.3184221666666666
1132	105	700	0.3279408333333332
1132	105	750	0.29405583333333324
1132	105	800	0.2411998333333333
1132	105	850	0.24028049999999998
1132	105	900	0.20756299999999994
1132	105	950	0.16705733333333325
1132	105	1e3	0.19504366666666662
1132	105	1050	0.1900949999999999
1132	105	1100	0.19596366666666665
1132	105	1150	0.1954539999999998
1132	106	-200	0.01264052995391683
1132	106	-150	0.001364720430107343
1132	106	-100	0.007230887096774108
1132	106	-50	-0.008825446236559268
1132	106	0	-0.014517446236559373
1132	106	50	-0.022020112903226103
1132	106	100	-0.030735279569892675
1132	106	150	-0.04339027956989261
1132	106	200	-0.014797112903226125
1132	106	250	-0.02028844623655927
1132	106	300	-0.04676394623655936
1132	106	350	-0.04707861290322598
1132	106	400	-0.01952227956989268
1132	106	450	0.004331887096773901
1132	106	500	0.012890220430107272
1132	106	550	0.047825887096774045
1132	106	600	0.07040338709677396
1132	106	650	0.108762387096774
1132	106	700	0.09850388709677389
1132	106	750	0.05930372043010738
1132	106	800	0.057356887096773924
1132	106	850	0.0437708870967739
1132	106	900	0.04617805376344064
1132	106	950	0.06701972043010736
1132	106	1e3	0.06888755376344058
1132	106	1050	0.09547622043010724
1132	106	1100	0.10606038709677408
1132	106	1150	0.10082655376344074
1132	107	-200	-4.1847311827962014e-4
1132	107	-150	-0.018916520737327285
1132	107	-100	-0.012599639784946307
1132	107	-50	0.015922526881720394
1132	107	0	0.01916486021505374
1132	107	50	0.048978860215053745
1132	107	100	-0.004639639784946341
1132	107	150	0.09428536021505367
1132	107	200	0.06147819354838716
1132	107	250	0.08112736021505373
1132	107	300	0.1032148602150537
1132	107	350	0.11988552688172043
1132	107	400	0.11757036021505367
1132	107	450	0.17545319354838695
1132	107	500	0.1875538602150537
1132	107	550	0.33308169354838707
1132	107	600	0.18386336021505376
1132	107	650	0.14667502688172038
1132	107	700	0.0358790268817204
1132	107	750	-0.040794973118279655
1132	107	800	0.0034405268817205106
1132	107	850	-0.030141639784946328
1132	107	900	-0.030309639784946347
1132	107	950	-0.012286306451613068
1132	107	1e3	-0.017063806451612946
1132	107	1050	0.005753693548386988
1132	107	1100	0.06051752688172041
1132	107	1150	0.12291619354838712
1132	108	-200	0.03006808755760369
1132	108	-150	0.015654016129032094
1132	108	-100	-0.006988983870967876
1132	108	-50	-0.019981650537634454
1132	108	0	-0.023762817204301106
1132	108	50	-0.030161150537634462
1132	108	100	-0.028961817204301132
1132	108	150	-0.03595831720430106
1132	108	200	-0.038041650537634496
1132	108	250	-0.04856015053763444
1132	108	300	-0.03722198387096783
1132	108	350	-0.053613650537634484
1132	108	400	-0.03546915053763455
1132	108	450	0.00806901612903214
1132	108	500	0.018479016129032095
1132	108	550	0.004120682795698993
1132	108	600	0.006516349462365604
1132	108	650	-0.04093565053763445
1132	108	700	-0.05504615053763451
1132	108	750	-0.09887048387096782
1132	108	800	-0.09812198387096778
1132	108	850	-0.09945565053763443
1132	108	900	-0.07992881720430112
1132	108	950	-0.07673998387096785
1132	108	1e3	-0.09200565053763454
1132	108	1050	-0.08748148387096773
1132	108	1100	-0.050052317204301255
1132	108	1150	-0.019816817204301174
1132	109	-200	-0.015024599999999758
1132	109	-150	-0.007050599999999833
1132	109	-100	0.0116649000000002
1132	109	-50	0.008135733333333542
1132	109	0	0.0022745666666668107
1132	109	50	-0.006728766666666441
1132	109	100	0.002849400000000261
1132	109	150	-0.024033766666666494
1132	109	200	-0.03586443333333311
1132	109	250	-0.09253859999999976
1132	109	300	-0.08123771904761881
1132	109	350	-0.05342193333333315
1132	109	400	-0.10603226666666658
1132	109	450	-0.08776843333333313
1132	109	500	-0.029211433333333092
1132	109	550	-0.04019763333333319
1132	109	600	-0.03550500476190451
1132	109	650	-0.04444309999999985
1132	109	700	-0.012306833333333067
1132	109	750	-0.06841314761904758
1132	109	800	-0.10168009999999998
1132	109	850	-0.11993443333333313
1132	109	900	-0.10877043333333325
1132	109	950	-0.14161326666666643
1132	109	1e3	-0.13745626666666647
1132	109	1050	-0.10812193333333313
1132	109	1100	-0.08613476666666653
1132	109	1150	-0.08798909999999971
1132	110	-200	-0.01298569124423965
1132	110	-150	-0.019370881720430184
1132	110	-100	0.004226284946236521
1132	110	-50	0.011600951612903124
1132	110	0	0.018693618279569835
1132	110	50	0.03836528494623651
1132	110	100	0.04964161827956989
1132	110	150	0.04113861827956981
1132	110	200	0.052779784946236585
1132	110	250	0.04370145161290321
1132	110	300	0.0547971182795699
1132	110	350	0.06797778494623648
1132	110	400	0.05655328494623638
1132	110	450	0.059482284946236495
1132	110	500	0.04794211827956999
1132	110	550	0.049515451612903195
1132	110	600	0.05451661827956985
1132	110	650	0.02327495161290316
1132	110	700	0.049347618279569794
1132	110	750	0.020909451612903213
1132	110	800	0.0013997849462365302
1132	110	850	-0.06079154838709674
1132	110	900	-0.07160304838709679
1132	110	950	-0.039078048387096866
1132	110	1e3	-0.0350685483870968
1132	110	1050	-0.07106171505376342
1132	110	1100	-0.07063888172043005
1132	110	1150	-0.04719288172043005
1132	111	-200	0.018639188940092248
1132	111	-150	-0.0025222634408600766
1132	111	-100	-0.009310096774193402
1132	111	-50	0.00609640322580655
1132	111	0	-0.016009763440860098
1132	111	50	-0.0016284301075266683
1132	111	100	-0.01952093010752683
1132	111	150	-0.0050302634408601055
1132	111	200	-0.013943263440860054
1132	111	250	-0.026088263440860054
1132	111	300	-0.01266676344085993
1132	111	350	-0.016744763440860105
1132	111	400	1.584032258066248e-4
1132	111	450	0.003846736559139844
1132	111	500	0.011706403225806591
1132	111	550	0.04322140322580662
1132	111	600	0.05538406989247324
1132	111	650	0.03131690322580664
1132	111	700	-0.0036277634408599844
1132	111	750	2.7090322580651066e-4
1132	111	800	-0.021539763440860133
1132	111	850	-0.04863826344086012
1132	111	900	-0.0659162634408601
1132	111	950	-0.07246709677419345
1132	111	1e3	-0.07175243010752667
1132	111	1050	-0.08758826344086001
1132	111	1100	-0.1038230967741934
1132	111	1150	-0.09318343010752672
1132	112	-200	0.0020127327188941913
1132	112	-150	0.007821494623656037
1132	112	-100	-0.011400838709677194
1132	112	-50	-0.001446005376344021
1132	112	0	0.002677161290322694
1132	112	50	0.032830161290322714
1132	112	100	0.04353616129032282
1132	112	150	0.08898149462365616
1132	112	200	0.0666274946236561
1132	112	250	0.05871716129032286
1132	112	300	0.07535799462365607
1132	112	350	0.10088299462365609
1132	112	400	0.04759966129032267
1132	112	450	0.03547666129032264
1132	112	500	0.07208016129032273
1132	112	550	0.08242232795698934
1132	112	600	0.12278349462365612
1132	112	650	0.09563349462365611
1132	112	700	0.09254632795698943
1132	112	750	0.06356066129032278
1132	112	800	0.08878616129032275
1132	112	850	0.07533849462365616
1132	112	900	0.050718994623656
1132	112	950	0.0250333279569895
1132	112	1e3	0.04978199462365603
1132	112	1050	0.00853416129032277
1132	112	1100	0.030823661290322768
1132	112	1150	0.0051721612903226815
1132	113	-200	0.029102866666666838
1132	113	-150	-0.004658633333333162
1132	113	-100	-0.037208466666666475
1132	113	-50	0.005490700000000033
1132	113	0	0.007273533333333508
1132	113	50	-0.02112513333333325
1132	113	100	0.008542200000000166
1132	113	150	0.03268153333333346
1132	113	200	0.004611866666666797
1132	113	250	-0.024397466666666496
1132	113	300	-0.042528966666666536
1132	113	350	-0.001391299999999725
1132	113	400	-0.015829299999999824
1132	113	450	-0.01766763333333321
1132	113	500	-0.029464466666666505
1132	113	550	0.04690703333333346
1132	113	600	0.010199366666666801
1132	113	650	0.02695336666666678
1132	113	700	0.018676766666666823
1132	113	750	0.010486509523809648
1132	113	800	-0.021937299999999826
1132	113	850	-0.04912446666666659
1132	113	900	-0.06958296666666652
1132	113	950	-0.05682829999999983
1132	113	1e3	-0.08064346666666651
1132	113	1050	-0.06261713333333319
1132	113	1100	-0.051830299999999774
1132	113	1150	-0.08570363333333313
1132	114	-200	0.026066004608295033
1132	114	-150	0.0017522903225807667
1132	114	-100	-0.014539043010752595
1132	114	-50	-0.004506043010752636
1132	114	0	-0.01311754301075263
1132	114	50	0.05246669032258078
1132	114	100	0.019348004608295062
1132	114	150	0.05706012365591414
1132	114	200	0.10053162365591402
1132	114	250	0.0848539569892474
1132	114	300	0.1098964569892474
1132	114	350	0.08900629032258078
1132	114	400	0.033015456989247426
1132	114	450	0.011298290322580748
1132	114	500	0.03853479032258078
1132	114	550	0.008743623655914043
1132	114	600	0.04361329032258069
1132	114	650	0.029300956989247433
1132	114	700	-0.022790043010752603
1132	114	750	-0.039226376344085954
1132	114	800	-0.00987254301075254
1132	114	850	-0.0278593763440859
1132	114	900	-0.05412220967741921
1132	114	950	-0.043334376344085955
1132	114	1e3	-0.017724043010752515
1132	114	1050	-0.025836876344085935
1132	114	1100	0.005864123655914118
1132	114	1150	0.0019314569892475337
1132	115	-200	0.004470700000000087
1132	115	-150	-0.011434799999999893
1132	115	-100	0.0018032000000000419
1132	115	-50	-0.005132133333333251
1132	115	0	0.010293033333333387
1132	115	50	-0.02881213333333325
1132	115	100	-0.04937029999999987
1132	115	150	-0.048483799999999855
1132	115	200	-0.06964979999999987
1132	115	250	-0.04478479999999988
1132	115	300	-0.09013179999999998
1132	115	350	-0.052310466666666645
1132	115	400	-0.007934633333333219
1132	115	450	-0.006227466666666552
1132	115	500	0.03864736666666683
1132	115	550	0.09429886666666672
1132	115	600	0.05281953333333337
1132	115	650	0.054685533333333446
1132	115	700	0.04485686666666681
1132	115	750	0.044527700000000024
1132	115	800	0.03891870000000012
1132	115	850	0.026830866666666713
1132	115	900	0.03198836666666679
1132	115	950	0.06453753333333334
1132	115	1e3	0.03750253333333342
1132	115	1050	0.06924419999999998
1132	115	1100	0.07798720000000015
1132	115	1150	0.05929386666666677
1132	116	-200	-0.01458017972350234
1132	116	-150	0.008078510752688098
1132	116	-100	-0.03239132258064522
1132	116	-50	0.031623010752688176
1132	116	0	0.009700010752688115
1132	116	50	-0.005361822580645104
1132	116	100	-0.0321426559139785
1132	116	150	-0.032213989247311815
1132	116	200	-0.08295932258064524
1132	116	250	-0.018548322580645166
1132	116	300	-0.0024716559139785765
1132	116	350	0.006707844086021393
1132	116	400	-0.022593322580645097
1132	116	450	-0.02401115591397855
1132	116	500	-0.012580989247311805
1132	116	550	0.01549817741935485
1132	116	600	-3.509892473117689e-4
1132	116	650	-0.003528322580645208
1132	116	700	-0.0034148225806451085
1132	116	750	-0.04989848924731185
1132	116	800	-0.06220898924731174
1132	116	850	-0.1041691559139785
1132	116	900	-0.088156822580645125
1132	116	950	-0.08403748924731176
1132	116	1e3	-0.10729865591397851
1132	116	1050	-0.10537448924731192
1132	116	1100	-0.10851148924731187
1132	116	1150	-0.12361282258064521
1132	117	-200	-0.021327935483870814
1132	117	-150	0.009772397849462525
1132	117	-100	0.01800789784946259
1132	117	-50	0.02214756451612924
1132	117	0	-0.02504526881720411
1132	117	50	0.004098564516129259
1132	117	100	-0.009937268817204137
1132	117	150	-0.03274026881720412
1132	117	200	-0.04089176881720421
1132	117	250	-0.07346226881720412
1132	117	300	-0.09409360215053748
1132	117	350	-0.07446243548387077
1132	117	400	-0.0730416021505375
1132	117	450	-0.07171960215053745
1132	117	500	-0.045297268817204195
1132	117	550	-0.0335399354838708
1132	117	600	-0.05117543548387079
1132	117	650	-0.08178510215053743
1132	117	700	-0.06708210215053752
1132	117	750	-0.12401076881720415
1132	117	800	-0.18036993548387073
1132	117	850	-0.1395231021505375
1132	117	900	-0.1634901021505375
1132	117	950	-0.15989893548387077
1132	117	1e3	-0.09932510215053747
1132	117	1050	-0.08108960215053747
1132	117	1100	-0.10251010215053746
1132	117	1150	-0.12239018548387082
1132	118	-200	0.002355366666666766
1132	118	-150	0.007421866666666703
1132	118	-100	0.009554200000000105
1132	118	-50	-0.0017454666666666026
1132	118	0	-0.017585966666666602
1132	118	50	-0.030015466666666546
1132	118	100	0.012953700000000104
1132	118	150	-0.02093463333333327
1132	118	200	-0.01518596666666657
1132	118	250	-0.004012966666666544
1132	118	300	-0.007851799999999928
1132	118	350	0.01527870000000009
1132	118	400	0.04233320000000007
1132	118	450	0.010129200000000097
1132	118	500	0.048900866666666744
1132	118	550	-0.021393466666666566
1132	118	600	0.012780533333333363
1132	118	650	-0.04918779999999989
1132	118	700	-0.039330299999999964
1132	118	750	-0.06760882380952367
1132	118	800	-0.052357166666666635
1132	118	850	-0.0807578238095237
1132	118	900	-0.1039059666666667
1132	118	950	-0.08177096666666654
1132	118	1e3	-0.10351080000000001
1132	118	1050	-0.10432829999999986
1132	118	1100	-0.08613779999999993
1132	118	1150	-0.06658846666666658
1132	119	-200	0.055223705069124406
1132	119	-150	0.01024358602150525
1132	119	-100	-0.029621247311828098
1132	119	-50	-0.030153747311827923
1132	119	0	-0.014896247311828073
1132	119	50	0.001164752688171955
1132	119	100	0.011396086021505361
1132	119	150	0.0042455860215053765
1132	119	200	-0.022581413978494707
1132	119	250	-0.039820247311828094
1132	119	300	-0.024932913978494693
1132	119	350	-0.05101024731182805
1132	119	400	-0.09212658064516122
1132	119	450	-0.07332274731182808
1132	119	500	-0.05198041397849473
1132	119	550	0.01585191935483869
1132	119	600	0.018345086021505308
1132	119	650	-0.01790308064516129
1132	119	700	-0.04559824731182793
1132	119	750	-0.03586924731182791
1132	119	800	-0.008417247311828099
1132	119	850	-0.0124644139784947
1132	119	900	-0.03987141397849466
1132	119	950	-0.04507658064516148
1132	119	1e3	-0.038814913978494646
1132	119	1050	-0.024671747311827936
1132	119	1100	0.02504375268817201
1132	119	1150	0.010670586021505354
1132	120	-200	-4.657880184331426e-4
1132	120	-150	-0.025959645161290235
1132	120	-100	0.003893188172043057
1132	120	-50	-0.01903081182795696
1132	120	0	0.041640688172043104
1132	120	50	-0.009440145161290289
1132	120	100	-0.0027711451612902525
1132	120	150	-0.005521811827956968
1132	120	200	-0.026958478494623517
1132	120	250	-0.0194426451612902
1132	120	300	-0.036567811827956875
1132	120	350	-0.043681311827956947
1132	120	400	-0.011385811827956985
1132	120	450	0.0214771881720431
1132	120	500	0.03389668817204313
1132	120	550	0.03901652150537638
1132	120	600	0.0872323548387098
1132	120	650	0.06343552150537642
1132	120	700	0.05680668817204312
1132	120	750	-0.036459645161290265
1132	120	800	-0.057884978494623596
1132	120	850	-0.0673744784946236
1132	120	900	-0.08740614516129026
1132	120	950	-0.05871531182795694
1132	120	1e3	-0.05529081182795692
1132	120	1050	-0.06754481182795691
1132	120	1100	-0.051476478494623557
1132	120	1150	-0.03765447849462363
1132	121	-200	0.010126221198156442
1132	121	-150	0.008891435483870724
1132	121	-100	-0.020688064516129145
1132	121	-50	4.4793548387075016e-4
1132	121	0	-4.6523118279595543e-4
1132	121	50	0.0032867688172040963
1132	121	100	-0.010494897849462559
1132	121	150	0.010008602150537449
1132	121	200	0.01049410215053744
1132	121	250	0.043668602150537396
1132	121	300	0.08875410215053743
1132	121	350	0.03364743548387065
1132	121	400	0.02903810215053748
1132	121	450	0.03493193548387071
1132	121	500	0.04414476881720408
1132	121	550	0.06377410215053743
1132	121	600	0.0885486021505375
1132	121	650	0.16722810215053743
1132	121	700	0.11042710215053748
1132	121	750	0.08658910215053739
1132	121	800	0.06029643548387079
1132	121	850	0.07352993548387077
1132	121	900	0.1145367688172041
1132	121	950	0.1709024354838707
1132	121	1e3	0.04192413548387073
1132	121	1050	NA
1132	121	1100	NA
1132	121	1150	NA
1132	122	-200	0.02258335023041485
1132	122	-150	0.0012232311827958438
1132	122	-100	0.011289731182795823
1132	122	-50	-0.024460602150537507
1132	122	0	-0.01439960215053763
1132	122	50	-0.0031679354838708798
1132	122	100	-0.006237935483870934
1132	122	150	-0.01772743548387094
1132	122	200	-0.01066060215053762
1132	122	250	-0.006154268817204193
1132	122	300	-0.03385060215053759
1132	122	350	-0.016676768817204184
1132	122	400	0.0116692311827958
1132	122	450	-0.013762768817204174
1132	122	500	0.05236089784946237
1132	122	550	0.10611623118279583
1132	122	600	0.08397039784946252
1132	122	650	0.08022406451612918
1132	122	700	0.04980023118279586
1132	122	750	0.0551545645161291
1132	122	800	0.03490056451612903
1132	122	850	0.05398623118279581
1132	122	900	0.02823173118279576
1132	122	950	0.07235189784946246
1132	122	1e3	0.045570897849462444
1132	122	1050	0.06506823118279585
1132	122	1100	0.0442287311827958
1132	122	1150	0.042890564516129194
1132	123	-200	-0.02858409677419362
1132	123	-150	-0.004184263440860203
1132	123	-100	0.017485403225806495
1132	123	-50	0.009186236559139749
1132	123	0	0.010860736559139772
1132	123	50	0.022528569892473094
1132	123	100	-0.006750096774193655
1132	123	150	-0.006405596774193538
1132	123	200	-0.020782430107526857
1132	123	250	-0.007163596774193574
1132	123	300	0.00217773655913985
1132	123	350	0.0023507365591399023
1132	123	400	0.05994456989247313
1132	123	450	0.09031590322580652
1132	123	500	0.09067573655913974
1132	123	550	0.037361736559139734
1132	123	600	0.045947736559139786
1132	123	650	0.028060069892473116
1132	123	700	0.006384236559139778
1132	123	750	-0.0343055967741935
1132	123	800	-0.050222430107526916
1132	123	850	-0.06376009677419352
1132	123	900	-0.02503893010752689
1132	123	950	-0.005662263440860293
1132	123	1e3	-0.02928026344086021
1132	123	1050	-0.015318263440860255
1132	123	1100	0.02298273655913981
1132	123	1150	0.03346873655913973
1132	124	-200	0.004338257142857024
1132	124	-150	-0.0010281000000002354
1132	124	-100	0.02289239999999985
1132	124	-50	-0.00887526666666679
1132	124	0	-0.021660400000000114
1132	124	50	-0.07305393333333339
1132	124	100	-0.08422760000000011
1132	124	150	-0.04974876666666672
1132	124	200	-0.11621560000000009
1132	124	250	-0.14972843333333344
1132	124	300	-0.14747960000000018
1132	124	350	-0.16555310000000004
1132	124	400	-0.12519543333333347
1132	124	450	-0.1284912666666668
1132	124	500	-0.10630260000000018
1132	124	550	-0.13417476666666683
1132	124	600	-0.14776076666666685
1132	124	650	-0.12637460000000003
1132	124	700	-0.15217593333333354
1132	124	750	-0.1578666000000002
1132	124	800	-0.16561193333333338
1132	124	850	-0.19070210000000007
1132	124	900	-0.1977281000000001
1132	124	950	-0.17465460000000013
1132	124	1e3	-0.24073410000000015
1132	124	1050	-0.2140776000000002
1132	124	1100	-0.23626876666666682
1132	124	1150	-0.2272771000000001
1132	125	-200	-0.006777811059907712
1132	125	-150	0.02293106989247325
1132	125	-100	0.022641736559139886
1132	125	-50	-0.028952430107526794
1132	125	0	-0.008712930107526754
1132	125	50	0.0712025698924732
1132	125	100	0.043660736559139934
1132	125	150	0.05015640322580661
1132	125	200	0.06486740322580653
1132	125	250	0.06814556989247318
1132	125	300	0.09723840322580661
1132	125	350	0.09870006989247315
1132	125	400	0.07314890322580658
1132	125	450	0.1755277365591398
1132	125	500	0.1364755698924732
1132	125	550	0.2100165698924732
1132	125	600	0.18268623655913982
1132	125	650	0.15768206989247324
1132	125	700	0.17234556989247327
1132	125	750	0.12305273655913984
1132	125	800	0.0757392365591399
1132	125	850	0.07540106989247326
1132	125	900	-0.0336587634408602
1132	125	950	-0.0756289301075268
1132	125	1e3	-0.05359259677419348
1132	125	1050	-0.06363293010752684
1132	125	1100	-0.06951026344086005
1132	125	1150	-0.08957276344086014
1132	126	-200	0.01641032258064528
1132	126	-150	-0.018328677419354882
1132	126	-100	-0.016499677419354725
1132	126	-50	-0.0021415107526880917
1132	126	0	0.01782448924731191
1132	126	50	0.022063822580645247
1132	126	100	0.02807165591397857
1132	126	150	0.03599848924731175
1132	126	200	0.05642865591397861
1132	126	250	0.06746298924731191
1132	126	300	0.09433365591397846
1132	126	350	0.047697322580645185
1132	126	400	0.07404398924731193
1132	126	450	0.07538415591397851
1132	126	500	0.04507732258064512
1132	126	550	0.05256948924731194
1132	126	600	0.05866182258064515
1132	126	650	0.06408682258064517
1132	126	700	0.10095332258064509
1132	126	750	0.12161332258064513
1132	126	800	0.11097982258064516
1132	126	850	0.11951265591397853
1132	126	900	0.10291915591397853
1132	126	950	0.11446698924731195
1132	126	1e3	0.12528982258064514
1132	126	1050	0.12019382258064508
1132	126	1100	0.12284765591397855
1132	126	1150	0.1173438225806452
1132	127	-200	0.0048936543778804265
1132	127	-150	-0.07433010752688148
1132	127	-100	-0.015245940860214876
1132	127	-50	0.06543039247311848
1132	127	0	0.018436392473118495
1132	127	50	-0.006415607526881528
1132	127	100	-0.026437274193548205
1132	127	150	0.01046655913978515
1132	127	200	0.06636905913978519
1132	127	250	0.07798955913978507
1132	127	300	0.1004258924731185
1132	127	350	0.0749742258064517
1132	127	400	0.11268805913978504
1132	127	450	0.10708639247311853
1132	127	500	0.09377005913978513
1132	127	550	0.10984222580645182
1132	127	600	0.07345822580645185
1132	127	650	0.03207422580645184
1132	127	700	-0.001106440860214904
1132	127	750	-0.010579940860214817
1132	127	800	-0.04644060752688143
1132	127	850	-0.12738627419354823
1132	127	900	-0.02300710752688147
1132	127	950	-0.09630010752688152
1132	127	1e3	-0.06645810752688146
1132	127	1050	-0.09591494086021483
1132	127	1100	-0.15271477419354826
1132	127	1150	-0.1408734408602149
1132	130	-200	0.0035834333333331823
1132	130	-150	0.03233759999999989
1132	130	-100	0.007838099999999923
1132	130	-50	-0.04087273333333341
1132	130	0	-0.00288640000000003
1132	130	50	0.02552843333333336
1132	130	100	-0.017742066666666778
1132	130	150	-0.009657066666666733
1132	130	200	0.038000933333333244
1132	130	250	-0.010432733333333314
1132	130	300	-0.038229400000000004
1132	130	350	-0.0014327333333334173
1132	130	400	0.0064297666666665405
1132	130	450	0.004861266666666604
1132	130	500	0.015914933333333343
1132	130	550	-9.584000000001e-4
1132	130	600	4.9743333333326e-4
1132	130	650	0.03316543333333333
1132	130	700	0.03891562380952366
1132	130	750	-0.008576733333333308
1132	130	800	-0.049096066666666736
1132	130	850	-0.0507069
1132	130	900	-0.0826107333333334
1132	130	950	-0.0758304
1132	130	1e3	-0.07666756666666681
1132	130	1050	-0.10417973333333334
1132	130	1100	-0.1197082333333334
1132	130	1150	-0.11216790000000014
1132	131	-200	0.003395797235023209
1132	131	-150	-0.01093760752688159
1132	131	-100	-0.009451607526881567
1132	131	-50	-0.004230440860214883
1132	131	0	0.020657892473118295
1132	131	50	0.02154905913978511
1132	131	100	0.0061238924731183975
1132	131	150	0.004756225806451668
1132	131	200	-0.0038416075268816
1132	131	250	0.004682892473118298
1132	131	300	-0.010184774193548204
1132	131	350	-0.036133607526881585
1132	131	400	-0.014910440860214905
1132	131	450	-0.0013884408602149456
1132	131	500	0.03126872580645168
1132	131	550	0.04758555913978505
1132	131	600	0.04271505913978498
1132	131	650	0.021111225806451712
1132	131	700	0.022281725806451675
1132	131	750	-0.019823774193548156
1132	131	800	-0.0072172741935481914
1132	131	850	-0.021155574193548254
1132	131	900	-0.025857488479262485
1132	131	950	-0.0024246075268816725
1132	131	1e3	0.01343739247311837
1132	131	1050	0.009035392473118428
1132	131	1100	0.02139022580645163
1132	131	1150	0.03472239247311837
1132	132	-200	0.009598184331796997
1132	132	-150	-0.013156220430107743
1132	132	-100	-0.023009053763441017
1132	132	-50	0.005050446236558963
1132	132	0	0.019916946236559003
1132	132	50	0.0062637795698921766
1132	132	100	0.016360946236558965
1132	132	150	0.007881446236558917
1132	132	200	0.021711446236558924
1132	132	250	0.005660112903225656
1132	132	300	0.020485112903225595
1132	132	350	-0.007298887096774361
1132	132	400	-0.013675887096774364
1132	132	450	0.03307294623655895
1132	132	500	0.02661694623655893
1132	132	550	0.010466946236558972
1132	132	600	0.011150946236558953
1132	132	650	0.014853779569892275
1132	132	700	-0.007624887096774409
1132	132	750	-0.007245387096774358
1132	132	800	-0.028224553763441056
1132	132	850	-0.014044387096774358
1132	132	900	-0.02962022043010785
1132	132	950	-0.014792720430107709
1132	132	1e3	-0.006503887096774334
1132	132	1050	-0.04004055376344103
1132	132	1100	-0.0019275537634411144
1132	132	1150	-0.010391553763441141
1132	133	-200	0.025836792626728094
1132	133	-150	0.0076144354838708255
1132	133	-100	-0.017342064516129074
1132	133	-50	-0.0017443978494624535
1132	133	0	-0.01867089784946252
1132	133	50	0.015048268817204224
1132	133	100	0.023561935483870828
1132	133	150	0.013425435483870837
1132	133	200	-0.0023918978494625134
1132	133	250	-0.010137231182795711
1132	133	300	-0.0010523978494624646
1132	133	350	0.02088643548387085
1132	133	400	-0.007053897849462383
1132	133	450	0.01334826881720419
1132	133	500	0.029303102150537514
1132	133	550	0.03083510215053753
1132	133	600	-0.02139473118279578
1132	133	650	-0.04674173118279579
1132	133	700	-0.03566189784946242
1132	133	750	-0.05769223118279573
1132	133	800	-0.05283373118279577
1132	133	850	-0.046513731182795746
1132	133	900	0.0018403354838708807
1132	133	950	-0.19114306451612917
1132	133	1e3	NA
1132	133	1050	NA
1132	133	1100	NA
1132	133	1150	NA
1132	134	-200	0.014411677419354976
1132	134	-150	-0.00420882258064507
1132	134	-100	0.0075360107526882825
1132	134	-50	-0.005359155913978435
1132	134	0	-0.014781655913978323
1132	134	50	-0.01248815591397845
1132	134	100	-0.018609989247311647
1132	134	150	0.024706177419354953
1132	134	200	0.012607677419354868
1132	134	250	0.04160401075268827
1132	134	300	0.03195317741935496
1132	134	350	0.0033748440860215854
1132	134	400	-0.023714655913978328
1132	134	450	-0.016445822580645048
1132	134	500	3.7717741935490895e-4
1132	134	550	-0.0014958225806451046
1132	134	600	0.022993510752688184
1132	134	650	0.022351010752688232
1132	134	700	0.0028283440860216538
1132	134	750	0.009961344086021636
1132	134	800	0.0069761774193548565
1132	134	850	-0.02697932258064495
1132	134	900	-0.061429822580645034
1132	134	950	-0.04887115591397843
1132	134	1e3	-0.027298489247311746
1132	134	1050	-0.05705432258064502
1132	134	1100	-0.1009871559139784
1132	134	1150	-0.07817648924731173
1132	135	-200	0.003638829493087644
1132	135	-150	-0.0013269086021503451
1132	135	-100	0.004702091397849643
1132	135	-50	-0.0052047419354836295
1132	135	0	-0.0024157419354836986
1132	135	50	-0.012826741935483721
1132	135	100	-0.00569674193548364
1132	135	150	-0.023916908602150306
1132	135	200	-0.007790075268817069
1132	135	250	0.010640591397849638
1132	135	300	0.004210424731182938
1132	135	350	0.007457924731182934
1132	135	400	0.033630091397849636
1132	135	450	0.03344159139784971
1132	135	500	0.02675825806451626
1132	135	550	0.04739509139784959
1132	135	600	0.05267892473118296
1132	135	650	0.042574591397849616
1132	135	700	0.012398424731182947
1132	135	750	0.04089492473118295
1132	135	800	0.009006091397849728
1132	135	850	-0.029356241935483657
1132	135	900	-0.05181324193548361
1132	135	950	-0.017296908602150385
1132	135	1e3	-0.04490124193548373
1132	135	1050	-0.07107490860215034
1132	135	1100	-0.5348217419354837
1132	135	1150	NA
1132	136	-200	-0.029077599078341048
1132	136	-150	0.004697424731182768
1132	136	-100	0.02032409139784952
1132	136	-50	-0.007585241935483896
1132	136	0	0.016487591397849426
1132	136	50	0.04632525806451615
1132	136	100	0.07536459139784941
1132	136	150	0.0681900580645161
1132	136	200	0.10503054377880192
1132	136	250	0.10209975806451614
1132	136	300	0.10413375806451615
1132	136	350	0.1877150913978495
1132	136	400	0.15702892473118282
1132	136	450	0.18386925806451612
1132	136	500	0.21593142473118276
1132	136	550	0.17565192473118274
1132	136	600	0.17370342473118275
1132	136	650	0.1298660913978494
1132	136	700	0.03763625806451616
1132	136	750	0.02378082949308759
1132	136	800	0.07472392473118283
1132	136	850	0.08153325806451621
1132	136	900	0.0190997580645161
1132	136	950	0.08384659139784938
1132	136	1e3	0.061500258064516165
1132	136	1050	0.11525692473118276
1132	136	1100	0.08692325806451613
1132	136	1150	-0.025778741935484017
1132	137	-200	-0.03905063333333324
1132	137	-150	0.012549566666666845
1132	137	-100	-0.010241061904761801
1132	137	-50	0.04235703333333348
1132	137	0	0.005630366666666831
1132	137	50	0.018774366666666813
1132	137	100	0.052203366666666806
1132	137	150	0.05428553333333341
1132	137	200	0.003122033333333496
1132	137	250	-0.01156023333333316
1132	137	300	3.2200000000148776e-5
1132	137	350	0.027069080952381062
1132	137	400	0.05053720000000025
1132	137	450	0.03135636666666679
1132	137	500	0.0747095095238096
1132	137	550	0.13508170000000005
1132	137	600	0.21946653333333344
1132	137	650	0.07115320000000014
1132	137	700	0.0436100333333335
1132	137	750	-0.04697863333333315
1132	137	800	-0.012492966666666586
1132	137	850	-0.04745679999999982
1132	137	900	0.018537966666666784
1132	137	950	-0.024644919047618976
1132	137	1e3	-0.0014922333333331928
1132	137	1050	-0.08757306190476186
1132	137	1100	-0.03513246666666651
1132	137	1150	0.01033886666666676
1132	138	-200	0.015899193548387074
1132	138	-150	0.018679360215053824
1132	138	-100	-0.020592306451612846
1132	138	-50	-0.044849973118279506
1132	138	0	0.028213860215053826
1132	138	50	0.05113552688172055
1132	138	100	0.02327602688172048
1132	138	150	-0.0021484731182794814
1132	138	200	-0.06554363978494611
1132	138	250	-0.09633680645161287
1132	138	300	-0.06323597311827951
1132	138	350	-0.0784886397849461
1132	138	400	-0.06952813978494617
1132	138	450	-0.04354447311827947
1132	138	500	-0.10919680645161282
1132	138	550	-0.041526973118279464
1132	138	600	-0.03469030645161286
1132	138	650	-0.042841306451612805
1132	138	700	-0.023412139784946124
1132	138	750	-1.7463978494617707e-4
1132	138	800	0.0026141935483871372
1132	138	850	-0.03117880645161275
1132	138	900	-0.07101297311827943
1132	138	950	-0.06591980645161288
1132	138	1e3	-0.06587780645161286
1132	138	1050	-0.026330973118279404
1132	138	1100	-0.0639061397849463
1132	138	1150	-0.0746559731182795
1132	139	-200	0.026694677419354766
1132	139	-150	-0.01030765591397853
1132	139	-100	-0.016857655913978514
1132	139	-50	0.008372344086021425
1132	139	0	-0.012350822580645163
1132	139	50	-0.04519248924731182
1132	139	100	-0.02699232258064521
1132	139	150	-0.04635298924731179
1132	139	200	-0.03355298924731187
1132	139	250	-0.06220248924731179
1132	139	300	-0.05557665591397846
1132	139	350	-0.028504989247311856
1132	139	400	0.013787344086021447
1132	139	450	0.02110051075268819
1132	139	500	0.05027851075268811
1132	139	550	0.0766785107526881
1132	139	600	0.06608151075268813
1132	139	650	0.15113947741935477
1132	139	700	0.0880528202764977
1132	139	750	0.09495067741935477
1132	139	800	0.05104784408602144
1132	139	850	0.11856801075268808
1132	139	900	0.025589010752688157
1132	139	950	0.07116351075268816
1132	139	1e3	0.030367344086021486
1132	139	1050	0.07409734408602153
1132	139	1100	0.031451344086021495
1132	139	1150	0.03144784408602138
