Subject	TrialId	bin	pupil_change
1183	1	-200	-0.010990419354838719
1183	1	-150	0.01009558064516125
1183	1	-100	0.01773558064516127
1183	1	-50	1.3874731182794697e-4
1183	1	0	-0.015147752688172034
1183	1	50	0.024436247311827957
1183	1	100	-0.0017646193548386258
1183	1	150	0.016910247311828035
1183	1	200	0.02873115207373265
1183	1	250	0.03042724731182796
1183	1	300	0.024210747311827967
1183	1	350	0.039878247311827986
1183	1	400	0.04915674731182795
1183	1	450	0.08972858064516138
1183	1	500	0.1194465806451613
1183	1	550	0.12624708064516135
1183	1	600	0.13131874731182794
1183	1	650	0.15465308064516128
1183	1	700	0.20984958064516146
1183	1	750	NA
1183	1	800	NA
1183	1	850	0.21711408064516124
1183	1	900	0.18195374731182792
1183	1	950	0.07553408064516128
1183	1	1e3	0.07954608064516133
1183	1	1050	0.0895060806451613
1183	1	1100	0.09894824731182794
1183	1	1150	0.10739591397849457
1183	2	-200	-0.0034191559139786034
1183	2	-150	0.011369677419354796
1183	2	-100	-0.0014523225806451886
1183	2	-50	-0.009148489247311856
1183	2	0	0.002892344086021422
1183	2	50	0.021451010752688182
1183	2	100	0.0017948440860215225
1183	2	150	-0.030538155913978498
1183	2	200	-0.020222822580645266
1183	2	250	-0.016539822580645236
1183	2	300	-0.013452155913978562
1183	2	350	-0.002349989247311927
1183	2	400	-0.014278822580645167
1183	2	450	4.596774193548203e-4
1183	2	500	-0.022311322580645204
1183	2	550	-0.013564489247311831
1183	2	600	0.004933510752688146
1183	2	650	0.012476177419354842
1183	2	700	0.008241844086021466
1183	2	750	0.016354844086021503
1183	2	800	0.07548807741935475
1183	2	850	NA
1183	2	900	NA
1183	2	950	NA
1183	2	1e3	-0.020078655913978505
1183	2	1050	NA
1183	2	1100	NA
1183	2	1150	NA
1183	3	-200	-0.01023694930875558
1183	3	-150	0.02152036021505384
1183	3	-100	0.009540860215053884
1183	3	-50	-0.004566139784946133
1183	3	0	-0.014551973118279493
1183	3	50	-0.034770806451612714
1183	3	100	-0.0345821397849461
1183	3	150	-0.043358639784946064
1183	3	200	-0.022488806451612737
1183	3	250	-0.04411763978494602
1183	3	300	-0.01096630645161271
1183	3	350	-0.019925306451612723
1183	3	400	-0.028239639784946036
1183	3	450	-0.013846473118279393
1183	3	500	0.011939693548387234
1183	3	550	0.04582069354838728
1183	3	600	0.06453436021505395
1183	3	650	0.07041336021505391
1183	3	700	0.09222519354838732
1183	3	750	NA
1183	3	800	NA
1183	3	850	NA
1183	3	900	0.28773419354838725
1183	3	950	0.09381599354838714
1183	3	1e3	-0.24130280645161273
1183	3	1050	NA
1183	3	1100	NA
1183	3	1150	NA
1183	4	-200	-0.021964723502304193
1183	4	-150	-0.0018937806451614137
1183	4	-100	0.01005741935483855
1183	4	-50	0.006844752688172011
1183	4	0	0.008625252688172047
1183	4	50	0.01448308602150535
1183	4	100	0.04433175268817191
1183	4	150	0.06357825268817201
1183	4	200	0.058920919354838563
1183	4	250	0.08796508602150532
1183	4	300	0.09072521935483868
1183	4	350	0.0677964193548387
1183	4	400	0.10686258602150527
1183	4	450	0.11576808602150528
1183	4	500	0.11401458602150523
1183	4	550	0.10719175268817198
1183	4	600	0.16299591935483862
1183	4	650	0.1763297526881719
1183	4	700	NA
1183	4	750	NA
1183	4	800	1.4858884193548385
1183	4	850	0.08484841935483867
1183	4	900	0.09608658602150529
1183	4	950	0.09991308602150524
1183	4	1e3	0.1280415860215053
1183	4	1050	0.15909541935483854
1183	4	1100	0.15205091935483864
1183	4	1150	0.16132691935483864
1183	5	-200	-0.023230373271889575
1183	5	-150	-0.013567182795698981
1183	5	-100	0.013639650537634237
1183	5	-50	0.008430317204300986
1183	5	0	0.01859931720430093
1183	5	50	0.027275817204300907
1183	5	100	0.02149498387096756
1183	5	150	0.02254998387096759
1183	5	200	0.026741483870967492
1183	5	250	-0.0012330161290323716
1183	5	300	-0.0210469161290324
1183	5	350	-0.02366423041474665
1183	5	400	-0.04174051612903251
1183	5	450	-0.0011211827956991716
1183	5	500	0.020506983870967648
1183	5	550	0.007489483870967521
1183	5	600	0.07607915053763421
1183	5	650	0.08502798387096762
1183	5	700	NA
1183	5	750	NA
1183	5	800	NA
1183	5	850	NA
1183	5	900	0.0050919838709675425
1183	5	950	-0.043683016129032394
1183	5	1e3	-0.09117418279569896
1183	5	1050	-0.040346849462365775
1183	5	1100	-0.018090349462365724
1183	5	1150	0.07965548387096746
1183	6	-200	0.06564589861751159
1183	6	-150	0.015280446236559145
1183	6	-100	-0.02225572043010741
1183	6	-50	-0.029748720430107456
1183	6	0	-0.03986288709677418
1183	6	50	-0.04442855376344087
1183	6	100	-0.027516220430107447
1183	6	150	-0.05945055376344088
1183	6	200	-0.040989553763440746
1183	6	250	-0.06128705376344098
1183	6	300	-0.08554288709677427
1183	6	350	-0.0379472204301076
1183	6	400	-0.08431838709677415
1183	6	450	-0.049658887096774094
1183	6	500	-0.0511258870967742
1183	6	550	-0.0254450537634409
1183	6	600	-0.002200887096774166
1183	6	650	-0.002801220430107554
1183	6	700	-0.012516387096774384
1183	6	750	NA
1183	6	800	NA
1183	6	850	NA
1183	6	900	-0.14339488709677406
1183	6	950	0.05789461290322576
1183	6	1e3	-0.09755038709677422
1183	6	1050	-0.08197005376344084
1183	6	1100	-0.0625448870967742
1183	6	1150	-0.020126387096774206
1183	7	-200	0.031067520737327152
1183	7	-150	-0.005797026881720457
1183	7	-100	-0.010541026881720391
1183	7	-50	0.0029613064516128182
1183	7	0	-0.022868693548387126
1183	7	50	0.028146806451612827
1183	7	100	0.012760806451612853
1183	7	150	-0.0038628602150537392
1183	7	200	-3.066935483870825e-4
1183	7	250	0.00930197311827959
1183	7	300	0.021594806451612936
1183	7	350	-0.02608919354838705
1183	7	400	-0.02102952688172044
1183	7	450	-0.016262526881720325
1183	7	500	0.03878330645161291
1183	7	550	0.0437731397849462
1183	7	600	0.06971580645161286
1183	7	650	0.2230548064516129
1183	7	700	NA
1183	7	750	NA
1183	7	800	NA
1183	7	850	0.3368968064516129
1183	7	900	0.03409080645161285
1183	7	950	0.010066973118279568
1183	7	1e3	0.020711806451612896
1183	7	1050	0.06741180645161286
1183	7	1100	0.06619947311827956
1183	7	1150	0.05491747311827955
1183	8	-200	0.02855402304147476
1183	8	-150	0.026042851612903296
1183	8	-100	0.007801737327188997
1183	8	-50	-0.016175048387096824
1183	8	0	-0.04794238172043008
1183	8	50	-0.06245988172043012
1183	8	100	-0.053730381720430063
1183	8	150	-0.06796904838709672
1183	8	200	-0.10160321505376335
1183	8	250	-0.07301754838709673
1183	8	300	-0.08231021505376335
1183	8	350	-0.07555538172043004
1183	8	400	-0.07671354838709665
1183	8	450	-0.08712021505376348
1183	8	500	-0.06647421505376339
1183	8	550	-0.06363454838709666
1183	8	600	-0.026843215053763414
1183	8	650	0.002656118279569982
1183	8	700	-0.005119381720430101
1183	8	750	0.014374951612903253
1183	8	800	-0.0018448817204300323
1183	8	850	0.004194951612903249
1183	8	900	-0.028413548387096716
1183	8	950	-0.03330538172043007
1183	8	1e3	-0.024152048387096725
1183	8	1050	-0.004615548387096731
1183	8	1100	-0.0031083817204301165
1183	8	1150	0.019516118279569932
1183	9	-200	-0.00989760829493098
1183	9	-150	-0.017024989247311845
1183	9	-100	0.004620010752688142
1183	9	-50	0.019680177419354832
1183	9	0	0.004272010752688127
1183	9	50	0.019228344086021403
1183	9	100	-0.010961989247311918
1183	9	150	0.007754010752688186
1183	9	200	-0.012423155913978468
1183	9	250	-0.01966365591397845
1183	9	300	0.012922177419354789
1183	9	350	-0.013458155913978661
1183	9	400	0.014431177419354846
1183	9	450	0.003408677419354763
1183	9	500	-0.01427065591397847
1183	9	550	-0.0019509892473118888
1183	9	600	0.0167875107526881
1183	9	650	0.035364344086021404
1183	9	700	-0.04826332258064525
1183	9	750	NA
1183	9	800	NA
1183	9	850	NA
1183	9	900	NA
1183	9	950	0.04198167741935477
1183	9	1e3	0.1052640107526881
1183	9	1050	NA
1183	9	1100	NA
1183	9	1150	0.038850677419354884
1183	10	-200	0.010821766666666788
1183	10	-150	0.0041991000000000485
1183	10	-100	-7.597333333332715e-4
1183	10	-50	-0.0032072333333332073
1183	10	0	-0.011053899999999839
1183	10	50	0.022968100000000158
1183	10	100	0.035963504761904845
1183	10	150	0.03625360000000014
1183	10	200	0.03467193333333336
1183	10	250	0.02786060000000005
1183	10	300	0.011905790476190463
1183	10	350	0.028762600000000083
1183	10	400	0.021158533333333375
1183	10	450	0.0566736000000001
1183	10	500	0.0017555047619048278
1183	10	550	-0.013276066666666623
1183	10	600	0.004459533333333354
1183	10	650	0.042711933333333375
1183	10	700	-0.0035649238095236996
1183	10	750	-0.007267566666666614
1183	10	800	-0.02401323333333331
1183	10	850	-0.041012399999999914
1183	10	900	-0.032313733333333206
1183	10	950	-0.041495233333333235
1183	10	1e3	0.05329360000000009
1183	10	1050	NA
1183	10	1100	NA
1183	10	1150	NA
1183	11	-200	0.020089294930875554
1183	11	-150	-0.007889586021505357
1183	11	-100	-0.009934919354838664
1183	11	-50	0.0011885806451612524
1183	11	0	-0.0068015860215053054
1183	11	50	0.007365247311827898
1183	11	100	0.002886747311827994
1183	11	150	-0.04309241935483862
1183	11	200	-0.07081341935483872
1183	11	250	-0.016351752688172017
1183	11	300	-0.08982625268817213
1183	11	350	-0.035757219354838644
1183	11	400	-0.04970841935483872
1183	11	450	-0.0660616693548387
1183	11	500	-0.09031101935483879
1183	11	550	-0.0647614193548387
1183	11	600	-0.002108586021505395
1183	11	650	-0.03646091935483864
1183	11	700	0.0010084139784946415
1183	11	750	-0.0022632526881720683
1183	11	800	-0.021851586021505387
1183	11	850	-0.052433919354838654
1183	11	900	-0.0606790860215054
1183	11	950	-0.029280752688171985
1183	11	1e3	-0.04821541935483864
1183	11	1050	NA
1183	11	1100	NA
1183	11	1150	NA
1183	12	-200	-0.023467399999999843
1183	12	-150	-0.012300399999999915
1183	12	-100	-0.008469066666666544
1183	12	-50	0.0049412666666668326
1183	12	0	0.03929560000000013
1183	12	50	0.009679933333333427
1183	12	100	0.019160100000000124
1183	12	150	0.041884766666666774
1183	12	200	0.0370387666666668
1183	12	250	0.037622766666666786
1183	12	300	0.020521266666666687
1183	12	350	0.013708933333333414
1183	12	400	0.048961266666666704
1183	12	450	0.029303766666666824
1183	12	500	0.005202933333333437
1183	12	550	0.06181833333333353
1183	12	600	0.0371839333333334
1183	12	650	0.08534443333333352
1183	12	700	NA
1183	12	750	NA
1183	12	800	NA
1183	12	850	0.4301809333333335
1183	12	900	0.3590806
1183	12	950	0.11604610000000015
1183	12	1e3	-0.028303399999999757
1183	12	1050	-0.012923733333333113
1183	12	1100	0.007896600000000106
1183	12	1150	-0.045917899999999845
1183	13	-200	-0.010759566666666665
1183	13	-150	0.0018660999999999077
1183	13	-100	0.016261933333333367
1183	13	-50	0.006878766666666536
1183	13	0	-0.014247233333333368
1183	13	50	0.056038099999999945
1183	13	100	0.057951933333333226
1183	13	150	-0.012055066666666706
1183	13	200	0.012667599999999965
1183	13	250	0.02174560000000003
1183	13	300	-0.03576290000000015
1183	13	350	-0.0075143999999999584
1183	13	400	0.011888766666666642
1183	13	450	0.008830266666666567
1183	13	500	0.01755910000000001
1183	13	550	0.009345266666666685
1183	13	600	0.07490026666666665
1183	13	650	0.04778943333333322
1183	13	700	0.07734459999999992
1183	13	750	0.30268476666666677
1183	13	800	NA
1183	13	850	NA
1183	13	900	NA
1183	13	950	NA
1183	13	1e3	NA
1183	13	1050	NA
1183	13	1100	NA
1183	13	1150	NA
1183	14	-200	-0.0616216082949307
1183	14	-150	0.05817884408602173
1183	14	-100	-0.013592655913978366
1183	14	-50	-0.01650065591397835
1183	14	0	0.04380634408602169
1183	14	50	0.016579177419354885
1183	14	100	0.05877467741935501
1183	14	150	0.057003344086021736
1183	14	200	0.047205677419355
1183	14	250	0.031035344086021672
1183	14	300	0.11089501075268841
1183	14	350	0.046231844086021656
1183	14	400	0.04731751075268834
1183	14	450	0.1013088440860217
1183	14	500	0.11424784408602166
1183	14	550	0.10432934408602164
1183	14	600	0.1227321774193549
1183	14	650	0.09944184408602164
1183	14	700	0.2367503440860217
1183	14	750	NA
1183	14	800	NA
1183	14	850	NA
1183	14	900	NA
1183	14	950	NA
1183	14	1e3	NA
1183	14	1050	NA
1183	14	1100	NA
1183	14	1150	NA
1183	15	-200	0.0075946999999999916
1183	15	-150	0.010547033333333363
1183	15	-100	-0.03953113333333332
1183	15	-50	0.030026200000000076
1183	15	0	-0.008636800000000036
1183	15	50	-0.0032704666666666013
1183	15	100	-0.008756633333333394
1183	15	150	0.05785286666666667
1183	15	200	0.07537819999999999
1183	15	250	0.004029200000000029
1183	15	300	-0.012924466666666653
1183	15	350	-0.018129300000000015
1183	15	400	0.00688920000000004
1183	15	450	0.05899703333333332
1183	15	500	0.001990366666666669
1183	15	550	0.060780600000000004
1183	15	600	0.06608619999999998
1183	15	650	NA
1183	15	700	NA
1183	15	750	NA
1183	15	800	0.21126953333333334
1183	15	850	0.11325569999999996
1183	15	900	NA
1183	15	950	NA
1183	15	1e3	NA
1183	15	1050	NA
1183	15	1100	NA
1183	15	1150	0.37453994999999984
1183	16	-200	-0.018352699999999816
1183	16	-150	0.008667800000000225
1183	16	-100	-0.003161366666666406
1183	16	-50	0.004995133333333568
1183	16	0	0.007851133333333538
1183	16	50	0.03451930000000022
1183	16	100	0.011073133333333521
1183	16	150	0.03700963333333355
1183	16	200	0.04549580000000031
1183	16	250	0.013707300000000236
1183	16	300	0.02002113333333355
1183	16	350	0.0228899666666668
1183	16	400	0.05662846666666691
1183	16	450	-0.008785366666666405
1183	16	500	0.013913300000000092
1183	16	550	0.06493963333333357
1183	16	600	0.014418300000000217
1183	16	650	0.032513133333333576
1183	16	700	0.035537800000000175
1183	16	750	NA
1183	16	800	NA
1183	16	850	NA
1183	16	900	0.06186680000000022
1183	16	950	-0.06363869999999969
1183	16	1e3	0.022234800000000332
1183	16	1050	NA
1183	16	1100	NA
1183	16	1150	NA
1183	17	-200	0.02284061290322573
1183	17	-150	0.011895946236559096
1183	17	-100	0.005247446236559113
1183	17	-50	-0.017544553763440884
1183	17	0	-0.02624622043010764
1183	17	50	-0.08118988709677429
1183	17	100	-0.08425788709677436
1183	17	150	-0.07286422043010761
1183	17	200	-0.06635488709677433
1183	17	250	-0.03613298709677428
1183	17	300	-0.057409887096774304
1183	17	350	-0.06382205376344093
1183	17	400	-0.04350522043010763
1183	17	450	-0.014663887096774205
1183	17	500	-0.010558220430107642
1183	17	550	0.005103112903225737
1183	17	600	0.03209877956989238
1183	17	650	0.040170112903225696
1183	17	700	0.02608661290322578
1183	17	750	0.1815912129032257
1183	17	800	NA
1183	17	850	NA
1183	17	900	NA
1183	17	950	NA
1183	17	1e3	NA
1183	17	1050	NA
1183	17	1100	NA
1183	17	1150	NA
1183	18	-200	0.03056941474654375
1183	18	-150	0.058746962365591404
1183	18	-100	0.009454462365591368
1183	18	-50	-0.03692020430107523
1183	18	0	-0.06694553763440858
1183	18	50	-0.02199020430107527
1183	18	100	-0.07163020430107525
1183	18	150	-0.07820453763440864
1183	18	200	-0.06270320430107527
1183	18	250	-0.0954940376344086
1183	18	300	-0.1346077043010753
1183	18	350	-0.12849537096774188
1183	18	400	-0.05306953763440858
1183	18	450	-0.06478003763440869
1183	18	500	-0.06250020430107524
1183	18	550	-0.00696903763440863
1183	18	600	-0.017951870967741906
1183	18	650	-0.002529204301075172
1183	18	700	0.0134869623655914
1183	18	750	-1.5570430107521757e-4
1183	18	800	0.09563362903225792
1183	18	850	NA
1183	18	900	NA
1183	18	950	NA
1183	18	1e3	NA
1183	18	1050	NA
1183	18	1100	0.14641212903225798
1183	18	1150	0.09049162903225805
1183	19	-200	7.234399999999244e-4
1183	19	-150	0.0338191066666668
1183	19	-100	-0.015148393333333324
1183	19	-50	-0.01951472666666665
1183	19	0	NA
1183	19	50	NA
1183	19	100	NA
1183	19	150	NA
1183	19	200	0.05598044000000013
1183	19	250	-0.040185274285714216
1183	19	300	0.011410439999999866
1183	19	350	0.008461273333333278
1183	19	400	0.016179440000000007
1183	19	450	-0.00724105999999991
1183	19	500	-0.04069989333333327
1183	19	550	-0.05672639333333329
1183	19	600	-0.0762857266666667
1183	19	650	-0.14294655999999994
1183	19	700	-0.1590915600000001
1183	19	750	-0.11754722666666662
1183	19	800	-0.13996389333333334
1183	19	850	-0.10958639333333335
1183	19	900	-0.11076872666666675
1183	19	950	-0.12696406000000002
1183	19	1e3	-0.08847089333333336
1183	19	1050	-0.1387857266666667
1183	19	1100	-0.19103855999999997
1183	19	1150	NA
1183	20	-200	NA
1183	20	-150	NA
1183	20	-100	NA
1183	20	-50	NA
1183	20	0	1.1102230246251565e-16
1183	20	50	-0.06512374999999986
1183	20	100	-0.05278224999999984
1183	20	150	-0.05375891666666647
1183	20	200	-0.05582658333333327
1183	20	250	-0.08101524999999994
1183	20	300	-0.07446424999999983
1183	20	350	-0.07575608333333313
1183	20	400	-0.07691174999999983
1183	20	450	-0.08997874999999984
1183	20	500	-0.09270824999999983
1183	20	550	-0.10731141666666644
1183	20	600	-0.06285708333333313
1183	20	650	-0.06005874999999975
1183	20	700	-0.01676224999999983
1183	20	750	-0.027496916666666465
1183	20	800	-0.0019460833333330523
1183	20	850	-0.014582083333333292
1183	20	900	0.0026582500000001583
1183	20	950	-0.02621724999999982
1183	20	1e3	0.16376575000000004
1183	20	1050	NA
1183	20	1100	NA
1183	20	1150	NA
1183	21	-200	-0.020322466666666445
1183	21	-150	-0.004578133333333308
1183	21	-100	0.015284533333333425
1183	21	-50	0.0205007
1183	21	0	-0.010884633333333152
1183	21	50	-0.02080713333333321
1183	21	100	-0.040700466666666525
1183	21	150	-0.009825299999999851
1183	21	200	0.005019700000000145
1183	21	250	0.08128703333333347
1183	21	300	0.049113033333333535
1183	21	350	0.07227553333333352
1183	21	400	0.027090200000000102
1183	21	450	0.04017320000000013
1183	21	500	0.0636218666666668
1183	21	550	0.10677570000000018
1183	21	600	0.04915120000000017
1183	21	650	0.15312603333333344
1183	21	700	0.07465036666666669
1183	21	750	0.06916036666666685
1183	21	800	0.05426270000000014
1183	21	850	-0.09065746666666641
1183	21	900	NA
1183	21	950	NA
1183	21	1e3	NA
1183	21	1050	NA
1183	21	1100	NA
1183	21	1150	-0.0313899666666666
1183	22	-200	0.009052899999999845
1183	22	-150	-0.003672766666666716
1183	22	-100	-0.010662766666666768
1183	22	-50	0.01130589999999998
1183	22	0	-0.006023266666666638
1183	22	50	-6.081000000000744e-4
1183	22	100	0.009426399999999946
1183	22	150	-0.02753660000000006
1183	22	200	0.009086566666666554
1183	22	250	-0.026912766666666716
1183	22	300	0.003485066666666666
1183	22	350	0.004232399999999877
1183	22	400	0.01870139999999994
1183	22	450	-0.002716266666666763
1183	22	500	-0.01987276666666678
1183	22	550	-0.013418766666666748
1183	22	600	-0.007083433333333315
1183	22	650	0.3399749000000001
1183	22	700	NA
1183	22	750	NA
1183	22	800	NA
1183	22	850	NA
1183	22	900	NA
1183	22	950	NA
1183	22	1e3	NA
1183	22	1050	NA
1183	22	1100	0.19858856666666647
1183	22	1150	0.00768404285714278
1183	23	-200	0.004019617511520642
1183	23	-150	0.0035234032258063173
1183	23	-100	-0.036261430107527026
1183	23	-50	0.013150069892473063
1183	23	0	0.014898403225806304
1183	23	50	0.008956403225806412
1183	23	100	-0.05218809677419375
1183	23	150	-0.04904389677419356
1183	23	200	-0.04631009677419368
1183	23	250	-0.02959359677419367
1183	23	300	-0.06148493010752709
1183	23	350	-0.03619026344086033
1183	23	400	-0.006101263440860223
1183	23	450	-0.024068763440860286
1183	23	500	-0.02455743010752694
1183	23	550	-0.009434096774193637
1183	23	600	0.0014515698924729332
1183	23	650	0.11041290322580632
1183	23	700	NA
1183	23	750	NA
1183	23	800	NA
1183	23	850	NA
1183	23	900	NA
1183	23	950	NA
1183	23	1e3	NA
1183	23	1050	0.14939223655913972
1183	23	1100	NA
1183	23	1150	NA
1183	24	-200	0.0012707649769587398
1183	24	-150	0.016196526881720647
1183	24	-100	-0.009050473118279298
1183	24	-50	-0.015461806451612695
1183	24	0	0.006833193548387258
1183	24	50	0.028983526881720678
1183	24	100	0.023854693548387207
1183	24	150	NA
1183	24	200	NA
1183	24	250	NA
1183	24	300	0.3783921935483872
1183	24	350	0.09482690783410153
1183	24	400	0.03521886021505397
1183	24	450	0.03879352688172063
1183	24	500	0.028031526881720614
1183	24	550	0.029514360215054047
1183	24	600	0.04665202688172069
1183	24	650	0.039839193548387275
1183	24	700	0.03190519354838731
1183	24	750	-0.025137473118279335
1183	24	800	-0.024434973118279357
1183	24	850	0.016161526881720716
1183	24	900	-0.016763139784945997
1183	24	950	-0.0228424731182794
1183	24	1e3	-0.018538639784945927
1183	24	1050	-0.018605306451612586
1183	24	1100	0.0032736935483873206
1183	24	1150	-0.032408806451612815
1183	25	-200	-0.020055958525345412
1183	25	-150	-0.03365822043010732
1183	25	-100	0.020373112903225927
1183	25	-50	0.04130077956989268
1183	25	0	-0.004617053763440682
1183	25	50	-0.028390053763440726
1183	25	100	-0.027256387096773988
1183	25	150	0.007405612903225982
1183	25	200	-5.697204301073159e-4
1183	25	250	0.021087946236559334
1183	25	300	0.029864779569892603
1183	25	350	-0.0482807204301073
1183	25	400	0.01131394623655931
1183	25	450	0.040090279569892674
1183	25	500	0.05142944623655935
1183	25	550	0.07446561290322602
1183	25	600	0.1241938629032261
1183	25	650	NA
1183	25	700	NA
1183	25	750	NA
1183	25	800	0.20707227956989271
1183	25	850	0.3574976129032259
1183	25	900	NA
1183	25	950	NA
1183	25	1e3	NA
1183	25	1050	0.1636606129032261
1183	25	1100	0.11997677956989265
1183	25	1150	0.09073127956989253
1183	26	-200	-0.0027515322580644597
1183	26	-150	0.004192134408602222
1183	26	-100	0.00308830107526877
1183	26	-50	-0.015830317972350207
1183	26	0	0.013939801075268857
1183	26	50	0.0025726344086022626
1183	26	100	0.021385801075268846
1183	26	150	-0.0025520322580645073
1183	26	200	-0.018665698924731283
1183	26	250	-0.05216231797235027
1183	26	300	-0.07528369892473126
1183	26	350	-0.05471669892473119
1183	26	400	-0.022304432258064465
1183	26	450	-0.05672388940092166
1183	26	500	-0.06936653225806448
1183	26	550	-0.08290386559139777
1183	26	600	0.055512967741935405
1183	26	650	NA
1183	26	700	NA
1183	26	750	NA
1183	26	800	NA
1183	26	850	NA
1183	26	900	NA
1183	26	950	NA
1183	26	1e3	-0.030788032258064552
1183	26	1050	-0.1147293655913979
1183	26	1100	-0.07592603225806453
1183	26	1150	-0.07053619892473122
1183	27	-200	0.001531966666666662
1183	27	-150	0.00919013333333337
1183	27	-100	-0.001786699999999956
1183	27	-50	-0.00585703333333328
1183	27	0	-0.003078366666666721
1183	27	50	-0.01790853333333331
1183	27	100	0.030977800000000055
1183	27	150	0.0374826095238095
1183	27	200	0.018159266666666785
1183	27	250	0.03700080000000002
1183	27	300	0.051901466666666694
1183	27	350	0.002042466666666668
1183	27	400	0.031958133333333416
1183	27	450	0.020865466666666627
1183	27	500	0.06559289523809524
1183	27	550	0.08778206666666666
1183	27	600	0.12313813333333339
1183	27	650	NA
1183	27	700	NA
1183	27	750	NA
1183	27	800	NA
1183	27	850	0.24257096666666667
1183	27	900	0.3032078000000001
1183	27	950	0.1327904666666667
1183	27	1e3	0.02526046666666657
1183	27	1050	0.039326180952380926
1183	27	1100	0.034587066666666735
1183	27	1150	0.044170323809523966
1183	28	-200	-0.016724165898617534
1183	28	-150	0.0051308817204300805
1183	28	-100	-0.0014144516129032485
1183	28	-50	4.167150537635056e-4
1183	28	0	0.01537838172043012
1183	28	50	0.018594215053763463
1183	28	100	0.03872321505376345
1183	28	150	0.03825704838709676
1183	28	200	0.026471548387096682
1183	28	250	0.04395988172043008
1183	28	300	0.039602048387096765
1183	28	350	0.04950588172043021
1183	28	400	0.0617533817204301
1183	28	450	0.056865048387096793
1183	28	500	0.08083554838709683
1183	28	550	0.05782138172043013
1183	28	600	0.08106521505376348
1183	28	650	0.061747048387096694
1183	28	700	0.06489388172043009
1183	28	750	0.031244548387096893
1183	28	800	0.01609738172043011
1183	28	850	0.016320881720430114
1183	28	900	0.012054381720430163
1183	28	950	0.021366715053763457
1183	28	1e3	0.037499881720430096
1183	28	1050	0.0361445483870968
1183	28	1100	0.04834138172043012
1183	28	1150	0.04022921505376339
1183	29	-200	-0.0326567298850576
1183	29	-150	0.015970103448275836
1183	29	-100	0.006707903448275853
1183	29	-50	-0.0022997298850577033
1183	29	0	0.013396436781609214
1183	29	50	-0.008720896551724255
1183	29	100	-0.03348372988505751
1183	29	150	0.038012436781609114
1183	29	200	-0.028954063218390818
1183	29	250	-0.004018729885057508
1183	29	300	0.06096993678160908
1183	29	350	0.016598436781609143
1183	29	400	-0.009847896551724208
1183	29	450	-0.01756022988505738
1183	29	500	1.389034482758511e-4
1183	29	550	0.0854514367816092
1183	29	600	0.04561110344827579
1183	29	650	0.0011241034482759222
1183	29	700	0.07914660344827588
1183	29	750	-0.013341696551724258
1183	29	800	-0.02066669655172424
1183	29	850	0.30979410344827585
1183	29	900	NA
1183	29	950	NA
1183	29	1e3	NA
1183	29	1050	0.3954111034482759
1183	29	1100	0.28635060344827584
1183	29	1150	NA
1183	30	-200	0.014636511520737574
1183	30	-150	0.007068225806451833
1183	30	-100	-0.010968774193548173
1183	30	-50	-0.0035679408602148723
1183	30	0	-0.009607440860214847
1183	30	50	0.02734539247311855
1183	30	100	-0.043200607526881374
1183	30	150	-0.13293794086021485
1183	30	200	-0.022998607526881543
1183	30	250	0.04206255913978518
1183	30	300	-0.06237260752688156
1183	30	350	-0.07696527419354811
1183	30	400	-0.06612644086021484
1183	30	450	-0.07296277419354813
1183	30	500	-0.04497027419354819
1183	30	550	-0.03951877419354818
1183	30	600	0.03007805913978519
1183	30	650	-0.05934294086021493
1183	30	700	-0.05400960752688152
1183	30	750	-0.0640486075268815
1183	30	800	-0.0540381741935481
1183	30	850	NA
1183	30	900	NA
1183	30	950	NA
1183	30	1e3	NA
1183	30	1050	0.3934952258064519
1183	30	1100	0.21819422580645184
1183	30	1150	-0.05679860752688152
1183	31	-200	0.019674944700460908
1183	31	-150	-0.02806265053763431
1183	31	-100	3.8868279569907277e-4
1183	31	-50	-0.02277098387096747
1183	31	0	0.027490849462365723
1183	31	50	0.018195349462365673
1183	31	100	-0.030682483870967687
1183	31	150	-0.07366948387096765
1183	31	200	0.014673516129032338
1183	31	250	-0.016628150537634296
1183	31	300	0.012817182795699026
1183	31	350	0.008849349462365744
1183	31	400	0.022868682795699053
1183	31	450	0.007998016129032356
1183	31	500	0.04657384946236576
1183	31	550	-5.20150537634286e-4
1183	31	600	0.03550651612903236
1183	31	650	0.030324849462365727
1183	31	700	-0.010393650537634228
1183	31	750	-0.012128483870967655
1183	31	800	0.12725801612903243
1183	31	850	NA
1183	31	900	NA
1183	31	950	NA
1183	31	1e3	NA
1183	31	1050	0.23590476612903244
1183	31	1100	0.25452384946236567
1183	31	1150	0.16048351612903233
1183	32	-200	4.24000000000128e-4
1183	32	-150	-0.015545333333333152
1183	32	-100	-0.0024448333333331185
1183	32	-50	-0.015073833333333267
1183	32	0	0.032640000000000224
1183	32	50	-0.07822007142857126
1183	32	100	-0.005426299999999884
1183	32	150	-0.01976416666666651
1183	32	200	0.010748333333333582
1183	32	250	-0.03224107142857121
1183	32	300	2.1310000000012151e-4
1183	32	350	-0.04869707142857121
1183	32	400	-0.05550609999999976
1183	32	450	-0.02498507142857122
1183	32	500	-0.04037369999999996
1183	32	550	0.0014743333333335034
1183	32	600	0.01747178571428584
1183	32	650	0.051581700000000195
1183	32	700	0.32311000000000023
1183	32	750	NA
1183	32	800	NA
1183	32	850	NA
1183	32	900	NA
1183	32	950	NA
1183	32	1e3	NA
1183	32	1050	0.1206710000000002
1183	32	1100	0.31933035714285735
1183	32	1150	0.16131783333333347
1183	33	-200	-0.0546760857142858
1183	33	-150	0.05528919999999996
1183	33	-100	0.03796086666666657
1183	33	-50	-0.013009000000000182
1183	33	0	-0.018620466666666724
1183	33	50	-0.019725466666666785
1183	33	100	0.05313903333333325
1183	33	150	0.010069699999999996
1183	33	200	-0.00981496666666685
1183	33	250	0.0244035333333333
1183	33	300	-0.029532133333333377
1183	33	350	-0.04775713333333346
1183	33	400	-0.029331966666666782
1183	33	450	-0.00814980000000006
1183	33	500	0.017043199999999814
1183	33	550	-0.00130846666666673
1183	33	600	0.13843769999999989
1183	33	650	0.14483236666666657
1183	33	700	0.0904045333333332
1183	33	750	0.04013686666666646
1183	33	800	0.0284623666666665
1183	33	850	0.03292853333333327
1183	33	900	0.011606533333333205
1183	33	950	-0.07111013333333342
1183	33	1e3	-0.03503580000000017
1183	33	1050	NA
1183	33	1100	NA
1183	33	1150	NA
1183	34	-200	-0.003981933333333447
1183	34	-150	-0.00650876666666685
1183	34	-100	-0.04361893333333352
1183	34	-50	0.023759399999999875
1183	34	0	0.0303502333333332
1183	34	50	-0.0020179333333334437
1183	34	100	0.008614899999999833
1183	34	150	-0.11804326666666687
1183	34	200	-0.023432433333333485
1183	34	250	-0.09971026666666671
1183	34	300	-0.011344266666666769
1183	34	350	-0.10191860000000023
1183	34	400	-0.14976462380952388
1183	34	450	-0.21292676666666685
1183	34	500	-0.10625256666666685
1183	34	550	0.046392399999999855
1183	34	600	-0.06876005238095242
1183	34	650	-0.0025386000000002054
1183	34	700	0.10598803333333313
1183	34	750	NA
1183	34	800	NA
1183	34	850	NA
1183	34	900	NA
1183	34	950	NA
1183	34	1e3	NA
1183	34	1050	NA
1183	34	1100	NA
1183	34	1150	NA
1183	35	-200	-0.01078152534562195
1183	35	-150	-0.01082693010752663
1183	35	-100	0.01528540322580659
1183	35	-50	-0.04157059677419336
1183	35	0	0.0496905698924733
1183	35	50	0.02975406989247335
1183	35	100	0.0063182365591400265
1183	35	150	-0.014808263440860095
1183	35	200	0.04130290322580654
1183	35	250	-0.009427263440859942
1183	35	300	0.021720736559139937
1183	35	350	0.07580556989247327
1183	35	400	0.030670736559140026
1183	35	450	-0.03599926344086013
1183	35	500	0.10991623655914003
1183	35	550	0.02368473655913994
1183	35	600	0.09763973655913993
1183	35	650	0.07206490322580657
1183	35	700	0.18528590322580651
1183	35	750	NA
1183	35	800	NA
1183	35	850	NA
1183	35	900	0.24711490322580687
1183	35	950	0.41024090322580664
1183	35	1e3	0.16517823655913996
1183	35	1050	0.09353973655913994
1183	35	1100	0.13146456989247338
1183	35	1150	0.12912090322580663
1183	36	-200	-0.0627662
1183	36	-150	-0.008415199999999956
1183	36	-100	0.006455300000000053
1183	36	-50	0.03685663333333333
1183	36	0	0.027869466666666787
1183	36	50	-0.04413786666666667
1183	36	100	-0.06580753333333338
1183	36	150	-0.09106503333333331
1183	36	200	-0.07335036666666661
1183	36	250	-0.06894586666666662
1183	36	300	-0.09799619999999994
1183	36	350	-0.01504203333333328
1183	36	400	0.03720730000000009
1183	36	450	0.004343466666666629
1183	36	500	-0.019366033333333272
1183	36	550	0.07553129999999997
1183	36	600	0.046485466666666676
1183	36	650	0.12887780000000001
1183	36	700	-0.021481199999999978
1183	36	750	0.1257974666666668
1183	36	800	0.15054346666666665
1183	36	850	NA
1183	36	900	NA
1183	36	950	NA
1183	36	1e3	NA
1183	36	1050	NA
1183	36	1100	NA
1183	36	1150	NA
1183	37	-200	-0.037176564516128906
1183	37	-150	0.029639435483871157
1183	37	-100	0.0374589354838711
1183	37	-50	0.081134435483871
1183	37	0	-0.09519106451612888
1183	37	50	-0.009352864516128889
1183	37	100	0.025455768817204422
1183	37	150	-0.011627064516128863
1183	37	200	-0.039125731182795644
1183	37	250	0.04189443548387114
1183	37	300	-0.02448189784946231
1183	37	350	-0.08072906451612893
1183	37	400	-0.08509786451612893
1183	37	450	-0.04850406451612889
1183	37	500	-0.05935646451612895
1183	37	550	0.001212102150537871
1183	37	600	-0.06815206451612887
1183	37	650	NA
1183	37	700	NA
1183	37	750	NA
1183	37	800	0.2568959354838709
1183	37	850	0.26186276881720444
1183	37	900	0.28907993548387106
1183	37	950	NA
1183	37	1e3	NA
1183	37	1050	NA
1183	37	1100	0.28052960215053785
1183	37	1150	0.1003093640552997
1183	38	-200	0.020778017241379176
1183	38	-150	0.01664851724137928
1183	38	-100	0.01327001724137918
1183	38	-50	-0.02147048275862069
1183	38	0	-0.032804482758620836
1183	38	50	-0.03281614942528751
1183	38	100	-0.013959149425287531
1183	38	150	-0.05738164942528745
1183	38	200	-0.0651611494252875
1183	38	250	-0.03740198275862072
1183	38	300	0.041429317241379146
1183	38	350	0.022225183908045842
1183	38	400	-0.08611581609195411
1183	38	450	-0.10045264942528753
1183	38	500	-0.017655982758620903
1183	38	550	0.012957017241379246
1183	38	600	0.05393126724137909
1183	38	650	NA
1183	38	700	NA
1183	38	750	NA
1183	38	800	NA
1183	38	850	0.3688221839080459
1183	38	900	0.28267685057471253
1183	38	950	0.19935618390804585
1183	38	1e3	0.1919406839080459
1183	38	1050	0.20209035057471256
1183	38	1100	0.25381635057471247
1183	38	1150	0.25617411724137923
1183	39	-200	-0.012523308755760545
1183	39	-150	0.009989215053763267
1183	39	-100	-0.03185711827957002
1183	39	-50	0.015312381720429999
1183	39	0	0.02116604838709672
1183	39	50	0.0274162150537632
1183	39	100	-0.06562078494623669
1183	39	150	-0.03991261827957008
1183	39	200	-0.03150745161290328
1183	39	250	-0.021450618279570028
1183	39	300	-0.014659251612903379
1183	39	350	-0.0073008516129033476
1183	39	400	0.03194814838709661
1183	39	450	0.005303381720429989
1183	39	500	0.010840881720430037
1183	39	550	0.01910021505376321
1183	39	600	0.1459510483870965
1183	39	650	NA
1183	39	700	NA
1183	39	750	NA
1183	39	800	1.2171885483870968
1183	39	850	NA
1183	39	900	NA
1183	39	950	0.3309910483870966
1183	39	1e3	0.3923455483870966
1183	39	1050	0.17776871505376332
1183	39	1100	0.20066588172043
1183	39	1150	0.2716877150537634
1183	40	-200	-0.01007273809523809
1183	40	-150	0.02632049999999997
1183	40	-100	-0.022551166666666678
1183	40	-50	5.771666666666656e-4
1183	40	0	0.003646500000000034
1183	40	50	-0.056932333333333286
1183	40	100	0.018349166666666566
1183	40	150	0.0314925
1183	40	200	0.002055499999999988
1183	40	250	0.07170033333333325
1183	40	300	0.04725816666666671
1183	40	350	0.039453499999999954
1183	40	400	0.07839149999999995
1183	40	450	0.06074666666666665
1183	40	500	0.07638266666666664
1183	40	550	0.09678383333333336
1183	40	600	0.09478416666666652
1183	40	650	0.16850683333333327
1183	40	700	NA
1183	40	750	NA
1183	40	800	0.07234058333333343
1183	40	850	0.14359349999999985
1183	40	900	NA
1183	40	950	NA
1183	40	1e3	NA
1183	40	1050	NA
1183	40	1100	NA
1183	40	1150	NA
1183	41	-200	0.012485714285714053
1183	41	-150	0.016979999999999773
1183	41	-100	-0.015168166666666686
1183	41	-50	-0.004492000000000236
1183	41	0	-0.011886500000000208
1183	41	50	-0.00802440000000022
1183	41	100	-0.050939000000000144
1183	41	150	-0.06901733333333349
1183	41	200	-0.10926366666666676
1183	41	250	-0.040444166666666836
1183	41	300	-0.04171200000000019
1183	41	350	-0.0030641666666668677
1183	41	400	-0.060154166666666876
1183	41	450	-0.10892066666666689
1183	41	500	0.12372616666666647
1183	41	550	NA
1183	41	600	NA
1183	41	650	NA
1183	41	700	NA
1183	41	750	0.26744966666666653
1183	41	800	0.2772919999999998
1183	41	850	NA
1183	41	900	NA
1183	41	950	NA
1183	41	1e3	0.16046149999999992
1183	41	1050	0.13689749999999998
1183	41	1100	0.13580949999999983
1183	41	1150	0.17932299999999982
1183	42	-200	0.0017266839080460894
1183	42	-150	-0.02318764942528717
1183	42	-100	-0.019852882758620537
1183	42	-50	0.04733868390804622
1183	42	0	-0.009333649425287213
1183	42	50	-0.009072482758620529
1183	42	100	-0.007052816091953851
1183	42	150	0.03048685057471275
1183	42	200	-0.02619614942528714
1183	42	250	3.3785057471276875e-4
1183	42	300	0.03316385057471279
1183	42	350	0.07033111724137937
1183	42	400	0.020196517241379386
1183	42	450	-0.009402482758620545
1183	42	500	0.029625183908046138
1183	42	550	0.09326771724137935
1183	42	600	0.36154651724137965
1183	42	650	NA
1183	42	700	NA
1183	42	750	NA
1183	42	800	NA
1183	42	850	0.20391571724137955
1183	42	900	NA
1183	42	950	NA
1183	42	1e3	NA
1183	42	1050	NA
1183	42	1100	0.39846376724137944
1183	42	1150	0.3659531839080461
1183	43	-200	0.011946953917050949
1183	43	-150	0.0241532634408604
1183	43	-100	-0.04708540322580627
1183	43	-50	0.005697763440860444
1183	43	0	0.0032962634408604252
1183	43	50	-0.09067640322580628
1183	43	100	-0.039443503225806253
1183	43	150	-0.08066973655913963
1183	43	200	-0.021034903225806218
1183	43	250	-0.04054840322580625
1183	43	300	-0.061202069892472975
1183	43	350	-4.7856989247289466e-4
1183	43	400	-0.0023464032258063336
1183	43	450	0.014573763440860477
1183	43	500	0.043922496774193666
1183	43	550	-0.008354331797234835
1183	43	600	-0.0018427365591395055
1183	43	650	-0.00405710322580628
1183	43	700	0.013261930107527112
1183	43	750	-0.09350340322580619
1183	43	800	NA
1183	43	850	NA
1183	43	900	NA
1183	43	950	NA
1183	43	1e3	NA
1183	43	1050	NA
1183	43	1100	NA
1183	43	1150	NA
1183	44	-200	0.08383200476190485
1183	44	-150	0.02040468333333334
1183	44	-100	0.031244719047619145
1183	44	-50	-0.03947739999999992
1183	44	0	-0.10838189999999992
1183	44	50	-0.021036899999999914
1183	44	100	0.04853376666666683
1183	44	150	0.06321626666666676
1183	44	200	0.051680433333333387
1183	44	250	0.11396210000000011
1183	44	300	0.05604268333333351
1183	44	350	0.06913060000000004
1183	44	400	0.054879633333333365
1183	44	450	0.012305683333333373
1183	44	500	NA
1183	44	550	NA
1183	44	600	NA
1183	44	650	NA
1183	44	700	NA
1183	44	750	NA
1183	44	800	NA
1183	44	850	NA
1183	44	900	NA
1183	44	950	NA
1183	44	1e3	0.6470454333333335
1183	44	1050	0.35663583333333343
1183	44	1100	0.3657281000000001
1183	44	1150	0.3903041000000001
1183	45	-200	-0.038035492610837655
1183	45	-150	0.02315945977011487
1183	45	-100	0.03122839310344805
1183	45	-50	-0.012061873563218603
1183	45	0	0.008704193103448166
1183	45	50	-0.033728873563218555
1183	45	100	-0.00100337356321852
1183	45	150	-0.020499373563218477
1183	45	200	-0.004905873563218588
1183	45	250	-0.02911540689655192
1183	45	300	0.012147459770114702
1183	45	350	0.0800277931034481
1183	45	400	-0.03027700689655184
1183	45	450	-0.02160092118226618
1183	45	500	-0.010165873563218483
1183	45	550	0.03170112643678139
1183	45	600	0.04812495977011477
1183	45	650	0.1830842931034481
1183	45	700	NA
1183	45	750	NA
1183	45	800	NA
1183	45	850	NA
1183	45	900	NA
1183	45	950	NA
1183	45	1e3	NA
1183	45	1050	NA
1183	45	1100	NA
1183	45	1150	NA
1183	46	-200	0.11609843333333363
1183	46	-150	0.020614433333333498
1183	46	-100	-0.019493733333333225
1183	46	-50	-0.04960956666666642
1183	46	0	-0.06760956666666651
1183	46	50	-0.011327233333333075
1183	46	100	0.030645433333333544
1183	46	150	0.0050797666666668
1183	46	200	0.015262933333333542
1183	46	250	0.058261933333333446
1183	46	300	-0.08268846666666647
1183	46	350	0.02607393333333352
1183	46	400	-0.06326656666666645
1183	46	450	-0.10881356666666646
1183	46	500	-0.017848233333333186
1183	46	550	-0.029665566666666383
1183	46	600	-0.011831399999999789
1183	46	650	0.02833576666666689
1183	46	700	0.011185100000000206
1183	46	750	0.014234933333333477
1183	46	800	NA
1183	46	850	NA
1183	46	900	NA
1183	46	950	NA
1183	46	1e3	NA
1183	46	1050	0.24173293333333348
1183	46	1100	0.08596543333333344
1183	46	1150	0.09342976666666696
1183	47	-200	0.05598915555555521
1183	47	-150	0.00660035555555547
1183	47	-100	-0.03486164444444464
1183	47	-50	0.007369841269841145
1183	47	0	-0.038045644444444714
1183	47	50	-0.03377673015873046
1183	47	100	-0.009131444444444655
1183	47	150	-0.04348544444444471
1183	47	200	-0.04334730158730179
1183	47	250	-0.024514444444444727
1183	47	300	-0.012815611111111291
1183	47	350	0.058947888888888654
1183	47	400	3.149555555553185e-4
1183	47	450	-0.011325277777777995
1183	47	500	-0.0025592777777780165
1183	47	550	-0.0012314444444446366
1183	47	600	0.02634422222222203
1183	47	650	0.020450388888888577
1183	47	700	0.03637322222222202
1183	47	750	0.1391593555555554
1183	47	800	NA
1183	47	850	NA
1183	47	900	NA
1183	47	950	NA
1183	47	1e3	NA
1183	47	1050	NA
1183	47	1100	NA
1183	47	1150	NA
1183	48	-200	-0.01622456221198159
1183	48	-150	0.017436580645161293
1183	48	-100	0.033550413978494564
1183	48	-50	0.014397747311827821
1183	48	0	-0.046456086021505305
1183	48	50	-0.0021267526881720844
1183	48	100	-0.0076870860215054
1183	48	150	-0.06427308602150543
1183	48	200	-0.06573641935483865
1183	48	250	-0.021705419354838718
1183	48	300	-0.110901752688172
1183	48	350	-0.13787625268817202
1183	48	400	-0.15243341935483876
1183	48	450	-0.07784791935483877
1183	48	500	-0.0907079193548388
1183	48	550	NA
1183	48	600	NA
1183	48	650	NA
1183	48	700	0.09520458064516113
1183	48	750	0.39690558064516135
1183	48	800	NA
1183	48	850	NA
1183	48	900	NA
1183	48	950	NA
1183	48	1e3	0.43771333064516127
1183	48	1050	0.06801058064516126
1183	48	1100	0.06119541397849456
1183	48	1150	0.08082224731182801
1183	49	-200	0.004666633333333096
1183	49	-150	-0.019106366666666947
1183	49	-100	0.0046202999999998
1183	49	-50	7.92466666666547e-4
1183	49	0	0.009026966666666544
1183	49	50	0.022539466666666508
1183	49	100	-0.09204436666666682
1183	49	150	-0.06897653333333358
1183	49	200	0.033779466666666425
1183	49	250	-0.007383533333333562
1183	49	300	-0.022208700000000192
1183	49	350	-0.007031200000000126
1183	49	400	-0.019336933333333573
1183	49	450	-0.006509247619047809
1183	49	500	0.0032141333333331654
1183	49	550	0.020131466666666393
1183	49	600	0.03673563333333315
1183	49	650	0.39118796666666644
1183	49	700	NA
1183	49	750	NA
1183	49	800	NA
1183	49	850	NA
1183	49	900	NA
1183	49	950	NA
1183	49	1e3	NA
1183	49	1050	NA
1183	49	1100	NA
1183	49	1150	NA
1183	50	-200	-0.030036428571428582
1183	50	-150	-0.02556233333333339
1183	50	-100	0.04724183333333339
1183	50	-50	-8.51833333333385e-4
1183	50	0	0.014214833333333399
1183	50	50	-0.003718333333333342
1183	50	100	0.038871166666666644
1183	50	150	0.05872150000000009
1183	50	200	0.08393300000000004
1183	50	250	0.10728483333333338
1183	50	300	-0.0032720000000000158
1183	50	350	-0.010724999999999948
1183	50	400	0.012050166666666659
1183	50	450	0.021077166666666702
1183	50	500	-0.01562466666666662
1183	50	550	0.09868216666666663
1183	50	600	0.09850649999999998
1183	50	650	0.06263266666666671
1183	50	700	NA
1183	50	750	NA
1183	50	800	NA
1183	50	850	NA
1183	50	900	NA
1183	50	950	0.6547809999999998
1183	50	1e3	0.1576303333333334
1183	50	1050	0.09128539999999993
1183	50	1100	0.11855199999999999
1183	50	1150	0.1813823333333333
1183	51	-200	-0.060482322751322544
1183	51	-150	-0.012672287037036822
1183	51	-100	0.0052762129629631005
1183	51	-50	0.0798872962962965
1183	51	0	-0.00439387037037009
1183	51	50	0.04751579629629658
1183	51	100	0.03965796296296328
1183	51	150	-0.008468837037036669
1183	51	200	0.03334016296296323
1183	51	250	0.06446329629629655
1183	51	300	0.055625362962963186
1183	51	350	0.0236456772486775
1183	51	400	0.021936296296296565
1183	51	450	0.06830662962962981
1183	51	500	0.08946679629629657
1183	51	550	0.13207746296296322
1183	51	600	0.1255421629629631
1183	51	650	0.10978896296296321
1183	51	700	0.1497649629629633
1183	51	750	0.10551596296296324
1183	51	800	0.13299229629629652
1183	51	850	0.13632846296296322
1183	51	900	0.15801362962962986
1183	51	950	0.2529789629629631
1183	51	1e3	0.29337912962963
1183	51	1050	0.2837647962962966
1183	51	1100	0.2628757962962966
1183	51	1150	0.23701862962963002
1183	52	-200	-0.04797748387096786
1183	52	-150	0.014882349462365552
1183	52	-100	0.10079868279569881
1183	52	-50	0.010432016129032107
1183	52	0	-0.07013931720430115
1183	52	50	0.016067516129032084
1183	52	100	-0.019055983870967852
1183	52	150	-0.09500548387096797
1183	52	200	0.07775118279569886
1183	52	250	-0.07930531720430116
1183	52	300	-0.10402681720430122
1183	52	350	-0.10298898387096789
1183	52	400	-0.016621483870967808
1183	52	450	-0.052188650537634475
1183	52	500	-0.030331817204301226
1183	52	550	-0.08765748387096776
1183	52	600	-0.05692465053763448
1183	52	650	0.0014128494623655286
1183	52	700	NA
1183	52	750	NA
1183	52	800	NA
1183	52	850	NA
1183	52	900	NA
1183	52	950	NA
1183	52	1e3	NA
1183	52	1050	NA
1183	52	1100	NA
1183	52	1150	NA
1183	53	-200	-0.03907011904761896
1183	53	-150	0.2344207142857142
1183	53	-100	NA
1183	53	-50	NA
1183	53	0	NA
1183	53	50	NA
1183	53	100	-0.048348952380952305
1183	53	150	0.15784171428571447
1183	53	200	-0.0348247857142856
1183	53	250	0.007269714285714324
1183	53	300	0.08576071428571441
1183	53	350	0.055351047619047744
1183	53	400	-0.049618619047618995
1183	53	450	-0.1028417857142856
1183	53	500	-0.02964468571428558
1183	53	550	0.03869004761904771
1183	53	600	0.049665214285714354
1183	53	650	0.05234621428571429
1183	53	700	0.019181380952381016
1183	53	750	0.06935038095238107
1183	53	800	0.08888821428571436
1183	53	850	NA
1183	53	900	NA
1183	53	950	NA
1183	53	1e3	NA
1183	53	1050	NA
1183	53	1100	NA
1183	53	1150	NA
1183	54	-200	0.02794101382488488
1183	54	-150	-0.009784529032257794
1183	54	-100	-0.019977414746543624
1183	54	-50	-0.013694795698924622
1183	54	0	0.012557704301075464
1183	54	50	-0.037709462365591216
1183	54	100	0.023499204301075476
1183	54	150	0.020566537634408855
1183	54	200	0.005318370967742163
1183	54	250	-0.026933962365591164
1183	54	300	-0.06482962903225786
1183	54	350	0.06006487096774212
1183	54	400	0.0770366709677421
1183	54	450	0.07505058525345643
1183	54	500	0.10368237096774213
1183	54	550	0.22954112096774204
1183	54	600	NA
1183	54	650	NA
1183	54	700	NA
1183	54	750	NA
1183	54	800	NA
1183	54	850	NA
1183	54	900	NA
1183	54	950	NA
1183	54	1e3	0.21726627096774215
1183	54	1050	0.05731853763440875
1183	54	1100	0.023057204301075346
1183	54	1150	0.0715904709677421
1183	55	-200	0.005927261904761798
1183	55	-150	-0.021514166666666872
1183	55	-100	-0.005774000000000094
1183	55	-50	0.02259983333333322
1183	55	0	0.0015398333333331848
1183	55	50	0.017771033333333186
1183	55	100	0.0019055476190474557
1183	55	150	-0.01801066666666677
1183	55	200	0.016522666666666463
1183	55	250	-0.011065000000000103
1183	55	300	-0.0057145000000001405
1183	55	350	-0.06046400000000007
1183	55	400	-0.07089783333333351
1183	55	450	-0.05771936666666679
1183	55	500	0.027228166666666647
1183	55	550	0.046270833333333115
1183	55	600	0.06643716666666655
1183	55	650	0.05217683333333323
1183	55	700	0.0014986666666665371
1183	55	750	0.004001666666666533
1183	55	800	0.0792042333333332
1183	55	850	NA
1183	55	900	NA
1183	55	950	NA
1183	55	1e3	NA
1183	55	1050	NA
1183	55	1100	NA
1183	55	1150	NA
1183	56	-200	0.019681566666666834
1183	56	-150	0.001849733333333529
1183	56	-100	0.01053423333333344
1183	56	-50	0.005583400000000127
1183	56	0	-0.03764893333333319
1183	56	50	0.020421400000000256
1183	56	100	-0.006945299999999844
1183	56	150	0.030501900000000193
1183	56	200	-0.04087209999999989
1183	56	250	0.024959900000000167
1183	56	300	-0.031865599999999904
1183	56	350	0.024669233333333523
1183	56	400	0.04383056666666688
1183	56	450	0.01354490000000023
1183	56	500	0.03797640000000017
1183	56	550	0.007133733333333521
1183	56	600	0.02594473333333343
1183	56	650	0.01904570000000021
1183	56	700	0.19417540000000022
1183	56	750	NA
1183	56	800	NA
1183	56	850	NA
1183	56	900	NA
1183	56	950	NA
1183	56	1e3	NA
1183	56	1050	NA
1183	56	1100	NA
1183	56	1150	NA
1183	57	-200	0.010903935483870824
1183	57	-150	0.0518789354838709
1183	57	-100	0.005040602150537514
1183	57	-50	-0.04857673118279582
1183	57	0	-0.021064064516129077
1183	57	50	0.005652935483870876
1183	57	100	-0.09201739784946257
1183	57	150	0.07744276881720413
1183	57	200	-0.020733064516129145
1183	57	250	-0.03258639784946241
1183	57	300	-0.013609064516129163
1183	57	350	0.05066860215053751
1183	57	400	0.05382576881720421
1183	57	450	-0.041272731182795695
1183	57	500	-0.01724456451612914
1183	57	550	0.15783493548387106
1183	57	600	NA
1183	57	650	NA
1183	57	700	NA
1183	57	750	NA
1183	57	800	NA
1183	57	850	NA
1183	57	900	NA
1183	57	950	NA
1183	57	1e3	-0.10773406451612932
1183	57	1050	-0.06985206451612917
1183	57	1100	0.04062826881720416
1183	57	1150	0.17284043548387074
1183	58	-200	0.010460050691243974
1183	58	-150	0.0012636935483869571
1183	58	-100	-0.0029049731182798264
1183	58	-50	-0.004641639784946472
1183	58	0	-0.005920473118279738
1183	58	50	0.031401193548386885
1183	58	100	-0.022080139784946533
1183	58	150	0.011283860215053565
1183	58	200	-0.005429639784946372
1183	58	250	0.003520360215053605
1183	58	300	0.06582702688172026
1183	58	350	0.08518569354838694
1183	58	400	0.02940186021505357
1183	58	450	0.10679069354838695
1183	58	500	0.13019436021505357
1183	58	550	0.17248136021505367
1183	58	600	0.18065269354838684
1183	58	650	0.12375402688172026
1183	58	700	0.15136686021505352
1183	58	750	0.2534387935483869
1183	58	800	NA
1183	58	850	NA
1183	58	900	NA
1183	58	950	NA
1183	58	1e3	NA
1183	58	1050	NA
1183	58	1100	NA
1183	58	1150	NA
1183	59	-200	-0.00689910138248833
1183	59	-150	0.03961577956989252
1183	59	-100	0.005922279569892552
1183	59	-50	0.013902112903225886
1183	59	0	-0.051391220430107465
1183	59	50	0.03510344623655929
1183	59	100	0.08043094623655918
1183	59	150	0.07154844623655927
1183	59	200	-0.04177718709677407
1183	59	250	-0.008170720430107433
1183	59	300	0.013973612903225963
1183	59	350	-0.15460638709677416
1183	59	400	-0.1267508870967741
1183	59	450	-0.06628522043010743
1183	59	500	-0.09474838709677409
1183	59	550	-0.025261587096774195
1183	59	600	-0.09773288709677412
1183	59	650	-0.009169387096774098
1183	59	700	0.034864279569892576
1183	59	750	NA
1183	59	800	NA
1183	59	850	NA
1183	59	900	NA
1183	59	950	NA
1183	59	1e3	NA
1183	59	1050	NA
1183	59	1100	NA
1183	59	1150	NA
1183	60	-200	0.0017190804597700577
1183	60	-150	-0.03924491954023002
1183	60	-100	0.0019132471264367013
1183	60	-50	0.03332961379310344
1183	60	0	0.007837913793103354
1183	60	50	0.05494427093596047
1183	60	100	0.03681061379310328
1183	60	150	0.012693913793103398
1183	60	200	-0.013410300492610907
1183	60	250	-0.018874386206896698
1183	60	300	-0.07796241954022994
1183	60	350	0.02700584236453198
1183	60	400	0.01960021379310346
1183	60	450	0.04038084236453195
1183	60	500	-0.05227238620689665
1183	60	550	-0.002355752873563303
1183	60	600	0.02053681379310337
1183	60	650	0.08396441379310342
1183	60	700	0.08161658045977009
1183	60	750	0.10609741379310338
1183	60	800	0.1435135566502462
1183	60	850	0.06692861379310341
1183	60	900	0.10944291379310345
1183	60	950	0.08128781379310332
1183	60	1e3	NA
1183	60	1050	NA
1183	60	1100	NA
1183	60	1150	NA
1183	61	-200	0.029940700000000264
1183	61	-150	0.03586020000000012
1183	61	-100	-0.06341279999999978
1183	61	-50	-0.019916466666666466
1183	61	0	0.017528366666666795
1183	61	50	-0.07895919999999981
1183	61	100	0.006446533333333597
1183	61	150	2.507000000001221e-4
1183	61	200	0.026505866666666877
1183	61	250	0.0033463666666668037
1183	61	300	-0.05574146666666654
1183	61	350	0.14731320000000023
1183	61	400	0.06331886666666693
1183	61	450	0.03284770000000018
1183	61	500	0.06922220000000023
1183	61	550	0.08596336666666682
1183	61	600	0.08594000000000017
1183	61	650	0.13605253333333364
1183	61	700	0.15799370000000015
1183	61	750	0.1471522000000003
1183	61	800	NA
1183	61	850	NA
1183	61	900	NA
1183	61	950	NA
1183	61	1e3	NA
1183	61	1050	NA
1183	61	1100	0.7434512
1183	61	1150	0.2108200000000001
1183	62	-200	-0.07291935714285712
1183	62	-150	0.014620442857142901
1183	62	-100	0.002130476190476164
1183	62	-50	0.02969584285714282
1183	62	0	0.055214242857142805
1183	62	50	-0.002395023809523759
1183	62	100	0.03436364285714281
1183	62	150	1.0124285714288028e-4
1183	62	200	0.016314642857142864
1183	62	250	0.04292530952380965
1183	62	300	0.0710516428571429
1183	62	350	-0.017928857142857153
1183	62	400	0.03888314285714286
1183	62	450	0.09579980952380951
1183	62	500	0.17712114285714287
1183	62	550	0.1739158095238095
1183	62	600	0.14480864285714282
1183	62	650	0.18033480952380962
1183	62	700	0.24029484285714292
1183	62	750	NA
1183	62	800	NA
1183	62	850	NA
1183	62	900	NA
1183	62	950	NA
1183	62	1e3	0.7102716428571427
1183	62	1050	0.36622639285714287
1183	62	1100	0.28494530952380964
1183	62	1150	0.2764409761904762
1183	63	-200	-0.006627731182795878
1183	63	-150	0.002111768817204096
1183	63	-100	0.013259268817204184
1183	63	-50	0.011192435483870833
1183	63	0	-0.01708777880184347
1183	63	50	0.03372253548387096
1183	63	100	-0.004132231182795894
1183	63	150	-0.024796564516129143
1183	63	200	-0.009221778801843415
1183	63	250	0.006086102150537546
1183	63	300	0.004055602150537426
1183	63	350	-0.02783326451612913
1183	63	400	-0.08170889784946252
1183	63	450	-0.06772106451612922
1183	63	500	0.01220126881720418
1183	63	550	-0.07630623118279585
1183	63	600	-0.10052389784946247
1183	63	650	-0.06202373118279588
1183	63	700	-0.025384897849462407
1183	63	750	-0.0589370645161292
1183	63	800	-0.03875373118279576
1183	63	850	NA
1183	63	900	NA
1183	63	950	NA
1183	63	1e3	NA
1183	63	1050	NA
1183	63	1100	NA
1183	63	1150	NA
1183	64	-200	0.005741903225806398
1183	64	-150	0.009405569892473023
1183	64	-100	2.677365591397714e-4
1183	64	-50	-0.006336430107526825
1183	64	0	-0.010035763440860249
1183	64	50	0.0011660698924730688
1183	64	100	-0.010503263440860241
1183	64	150	-0.016027430107526868
1183	64	200	0.008755236559139753
1183	64	250	-0.0050089301075269725
1183	64	300	-0.028017696774193634
1183	64	350	-0.04479609677419357
1183	64	400	-0.05169193010752693
1183	64	450	-0.004990930107526899
1183	64	500	0.0042935698924730925
1183	64	550	0.032234903225806355
1183	64	600	NA
1183	64	650	NA
1183	64	700	NA
1183	64	750	NA
1183	64	800	NA
1183	64	850	NA
1183	64	900	NA
1183	64	950	NA
1183	64	1e3	NA
1183	64	1050	NA
1183	64	1100	NA
1183	64	1150	NA
1183	65	-200	0.006550571428571532
1183	65	-150	0.003707500000000049
1183	65	-100	-0.00963799999999996
1183	65	-50	-0.001691333333333267
1183	65	0	-2.0499999999904855e-5
1183	65	50	-0.023282333333333256
1183	65	100	-0.01981516666666668
1183	65	150	-0.024776499999999906
1183	65	200	-0.02448949999999998
1183	65	250	-0.029184333333333184
1183	65	300	-0.003985166666666595
1183	65	350	-0.013939166666666614
1183	65	400	-0.03458583333333324
1183	65	450	0.002261833333333444
1183	65	500	0.022793166666666826
1183	65	550	-0.0048474999999998936
1183	65	600	0.03167100000000008
1183	65	650	0.07917816666666673
1183	65	700	0.027688666666666695
1183	65	750	-0.004747166666666673
1183	65	800	0.029420999999999992
1183	65	850	NA
1183	65	900	NA
1183	65	950	NA
1183	65	1e3	NA
1183	65	1050	NA
1183	65	1100	NA
1183	65	1150	0.1492926666666666
1183	66	-200	0.2500800000000001
1183	66	-150	-0.25007999999999964
1183	66	-100	NA
1183	66	-50	NA
1183	66	0	NA
1183	66	50	-0.42092999999999997
1183	66	100	-0.43578383333333326
1183	66	150	-0.4421494999999998
1183	66	200	-0.43205549999999976
1183	66	250	-0.42035633333333317
1183	66	300	-0.4624254999999999
1183	66	350	-0.4629738333333331
1183	66	400	-0.45596983333333313
1183	66	450	-0.47363999999999984
1183	66	500	-0.46779299999999974
1183	66	550	-0.4584923333333331
1183	66	600	-0.4386178333333332
1183	66	650	-0.42097566666666647
1183	66	700	-0.3975178333333333
1183	66	750	-0.40696899999999986
1183	66	800	-0.4129651666666665
1183	66	850	-0.4156801666666666
1183	66	900	-0.41084549999999975
1183	66	950	-0.4889809999999999
1183	66	1e3	NA
1183	66	1050	NA
1183	66	1100	NA
1183	66	1150	NA
1183	67	-200	0.008714525345622321
1183	67	-150	-0.001253236559139559
1183	67	-100	0.0030840967741936343
1183	67	-50	-0.0015185698924728985
1183	67	0	-0.01047923655913959
1183	67	50	-0.001513403225806324
1183	67	100	-0.02922090322580632
1183	67	150	-0.013016069892472984
1183	67	200	-0.016269403225806167
1183	67	250	-0.01387540322580616
1183	67	300	-0.04593756989247296
1183	67	350	-0.0206784032258062
1183	67	400	-0.001005236559139681
1183	67	450	-0.0019690698924729557
1183	67	500	-0.015289569892472876
1183	67	550	0.022219763440860445
1183	67	600	0.034980263440860394
1183	67	650	0.029696096774193787
1183	67	700	0.008147263440860511
1183	67	750	-0.013446903225806217
1183	67	800	NA
1183	67	850	NA
1183	67	900	NA
1183	67	950	NA
1183	67	1e3	NA
1183	67	1050	NA
1183	67	1100	NA
1183	67	1150	NA
1183	68	-200	0.01231548387096756
1183	68	-150	0.0073218172043008805
1183	68	-100	-9.734946236579962e-5
1183	68	-50	-0.008169682795699185
1183	68	0	-0.013422849462365827
1183	68	50	-0.01804568279569918
1183	68	100	-0.01480084946236578
1183	68	150	2.6265053763411633e-4
1183	68	200	0.0015539838709675013
1183	68	250	4.7998387096740797e-4
1183	68	300	-0.0296946827956992
1183	68	350	-0.016375516129032503
1183	68	400	0.02411048387096759
1183	68	450	-0.028256516129032534
1183	68	500	-0.026189682795699182
1183	68	550	-0.019090349462365763
1183	68	600	0.017236650537634162
1183	68	650	NA
1183	68	700	NA
1183	68	750	NA
1183	68	800	NA
1183	68	850	0.2544344838709675
1183	68	900	0.2273372338709675
1183	68	950	NA
1183	68	1e3	NA
1183	68	1050	NA
1183	68	1100	0.4056904838709676
1183	68	1150	0.20418931720430086
1183	69	-200	0.02287556666666653
1183	69	-150	0.04890789999999989
1183	69	-100	-0.019431933333333484
1183	69	-50	-0.025818933333333478
1183	69	0	-0.02653260000000013
1183	69	50	-0.009119266666666848
1183	69	100	-0.011586100000000155
1183	69	150	0.011855899999999956
1183	69	200	0.008914899999999873
1183	69	250	0.008452399999999841
1183	69	300	-0.003048266666666836
1183	69	350	0.019722566666666646
1183	69	400	0.061548066666666644
1183	69	450	0.045331733333333256
1183	69	500	-0.00611776666666682
1183	69	550	0.02861923333333327
1183	69	600	0.07434789999999987
1183	69	650	0.110975733333333
1183	69	700	NA
1183	69	750	NA
1183	69	800	NA
1183	69	850	0.23770273333333325
1183	69	900	0.08845956666666648
1183	69	950	0.012737233333333245
1183	69	1e3	0.036939899999999914
1183	69	1050	0.06410639999999986
1183	69	1100	0.09954506666666647
1183	69	1150	0.04605823333333318
1183	70	-200	-0.02226950691244221
1183	70	-150	0.0031797311827958343
1183	70	-100	0.014445231182795837
1183	70	-50	0.0033658978494625438
1183	70	0	0.004990231182795846
1183	70	50	-0.0038651021505375174
1183	70	100	-0.008890268817204191
1183	70	150	0.004551397849462457
1183	70	200	-0.0033917688172041918
1183	70	250	-2.781021505375107e-4
1183	70	300	-0.010029602150537423
1183	70	350	6.342311827958932e-4
1183	70	400	0.017262564516129064
1183	70	450	0.02093189784946244
1183	70	500	1.4356451612917986e-4
1183	70	550	0.01979189784946252
1183	70	600	0.10418506451612915
1183	70	650	0.11882073118279579
1183	70	700	NA
1183	70	750	NA
1183	70	800	NA
1183	70	850	NA
1183	70	900	NA
1183	70	950	0.16996739784946246
1183	70	1e3	-0.02571243548387085
1183	70	1050	-0.03223460215053745
1183	70	1100	-0.0019329354838708568
1183	70	1150	0.05623473118279584
1183	71	-200	-0.02363868202764996
1183	71	-150	0.0106460322580643
1183	71	-100	0.010530865591397673
1183	71	-50	0.0030800322580642656
1183	71	0	0.003321532258064345
1183	71	50	-0.016087301075269123
1183	71	100	-0.010109301075269009
1183	71	150	-0.01327513440860247
1183	71	200	-0.01656646774193571
1183	71	250	0.01158269892473096
1183	71	300	-0.0224763010752691
1183	71	350	-0.016656801075269012
1183	71	400	0.0031931989247309853
1183	71	450	0.07376953225806433
1183	71	500	0.026032365591397582
1183	71	550	0.025573198924730978
1183	71	600	0.05337153225806435
1183	71	650	0.14214843225806434
1183	71	700	NA
1183	71	750	NA
1183	71	800	NA
1183	71	850	NA
1183	71	900	NA
1183	71	950	NA
1183	71	1e3	NA
1183	71	1050	NA
1183	71	1100	NA
1183	71	1150	NA
1183	72	-200	0.0020647926267279688
1183	72	-150	0.010592935483870821
1183	72	-100	-0.004458564516129249
1183	72	-50	-0.013719731182795902
1183	72	0	0.005176435483870738
1183	72	50	-0.0029483978494625105
1183	72	100	0.001996268817204235
1183	72	150	-0.024715731182795908
1183	72	200	-0.014279231182795874
1183	72	250	-0.023286897849462623
1183	72	300	-0.04212656451612921
1183	72	350	-0.038900397849462566
1183	72	400	-0.042652731182795854
1183	72	450	-0.015098731182795921
1183	72	500	0.0059164354838707744
1183	72	550	0.03024410215053745
1183	72	600	0.06024143548387081
1183	72	650	0.06346010215053743
1183	72	700	0.08141443548387084
1183	72	750	0.056557102150537476
1183	72	800	0.02800576881720403
1183	72	850	0.04555060215053741
1183	72	900	NA
1183	72	950	NA
1183	72	1e3	NA
1183	72	1050	NA
1183	72	1100	NA
1183	72	1150	NA
1183	73	-200	0.008025757142857248
1183	73	-150	0.01120440000000015
1183	73	-100	-0.003703433333333154
1183	73	-50	-0.006253099999999989
1183	73	0	-0.011653433333333277
1183	73	50	-0.02144909999999995
1183	73	100	-0.049672766666666535
1183	73	150	-0.055159099999999794
1183	73	200	-0.050365599999999976
1183	73	250	-0.05030109999999991
1183	73	300	-0.06424176666666652
1183	73	350	-0.07545109999999981
1183	73	400	-0.06053195714285702
1183	73	450	-0.05842426666666656
1183	73	500	-0.02246743333333323
1183	73	550	0.01802690000000003
1183	73	600	0.009145566666666808
1183	73	650	0.0031299000000000188
1183	73	700	0.0023310666666667887
1183	73	750	-0.025747766666666488
1183	73	800	-0.07169769999999982
1183	73	850	NA
1183	73	900	NA
1183	73	950	NA
1183	73	1e3	NA
1183	73	1050	NA
1183	73	1100	NA
1183	73	1150	NA
1183	74	-200	1.1579999999996222e-4
1183	74	-150	-9.805333333331816e-4
1183	74	-100	0.012091800000000022
1183	74	-50	0.0042678000000001175
1183	74	0	-0.015494866666666699
1183	74	50	-0.020640866666666573
1183	74	100	-0.01954969999999993
1183	74	150	-0.01969186666666663
1183	74	200	-0.010962699999999955
1183	74	250	-0.02109136666666663
1183	74	300	-0.04488003333333331
1183	74	350	-0.06065269999999997
1183	74	400	-0.042753700000000006
1183	74	450	-0.05513253333333331
1183	74	500	-0.05133503333333341
1183	74	550	-0.03471103333333329
1183	74	600	-0.02717270000000001
1183	74	650	-0.020132033333333393
1183	74	700	-0.025786199999999832
1183	74	750	-0.05173936666666664
1183	74	800	-0.04212303333333326
1183	74	850	-0.045275699999999995
1183	74	900	-0.050308366666666604
1183	74	950	-0.043658366666666636
1183	74	1e3	-0.02841853333333333
1183	74	1050	-0.03726903333333328
1183	74	1100	-0.007391866666666506
1183	74	1150	-0.011709033333333249
1183	75	-200	-0.0021073333333331648
1183	75	-150	0.01379
1183	75	-100	0.01955333333333346
1183	75	-50	-0.013164333333333333
1183	75	0	-0.024444
1183	75	50	-0.014671333333333259
1183	75	100	-0.011473833333333294
1183	75	150	-0.020578714285714245
1183	75	200	-0.03156299999999993
1183	75	250	-0.05117799999999999
1183	75	300	-0.04430683333333326
1183	75	350	-0.035477166666666594
1183	75	400	-0.024938571428571317
1183	75	450	-0.03341599999999997
1183	75	500	-0.017562999999999995
1183	75	550	0.003980166666666636
1183	75	600	0.03230100000000006
1183	75	650	0.04013100000000006
1183	75	700	0.019345000000000095
1183	75	750	-0.007954666666666629
1183	75	800	-0.04232083333333336
1183	75	850	-0.06091519999999999
1183	75	900	-0.03951600000000001
1183	75	950	-0.04317483333333327
1183	75	1e3	-0.05919700000000009
1183	75	1050	-0.05952666666666658
1183	75	1100	-0.04586099999999985
1183	75	1150	-0.05173633333333331
1183	76	-200	0.020826004761904722
1183	76	-150	0.01635193333333329
1183	76	-100	-0.012301233333333514
1183	76	-50	-0.015364566666666857
1183	76	0	-0.015543900000000091
1183	76	50	-0.0035600666666667133
1183	76	100	-0.02080823333333341
1183	76	150	-0.03718490000000011
1183	76	200	-0.053029733333333384
1183	76	250	-0.07331256666666675
1183	76	300	-0.09403873333333346
1183	76	350	-0.08167123333333337
1183	76	400	-0.07854223333333343
1183	76	450	-0.07165623333333349
1183	76	500	-0.06983806666666677
1183	76	550	-0.026536900000000124
1183	76	600	0.0049330999999999126
1183	76	650	0.04067376666666663
1183	76	700	0.025356433333333223
1183	76	750	0.10786643333333323
1183	76	800	NA
1183	76	850	NA
1183	76	900	NA
1183	76	950	NA
1183	76	1e3	NA
1183	76	1050	0.19524509999999987
1183	76	1100	0.04568926666666662
1183	76	1150	0.06205710000000009
1183	77	-200	-0.012373204301075136
1183	77	-150	-0.017752585253456004
1183	77	-100	-0.0022248709677417542
1183	77	-50	0.01690341474654395
1183	77	0	0.015217962365591697
1183	77	50	0.025557795698925023
1183	77	100	0.026488929032258392
1183	77	150	0.07120546236559162
1183	77	200	0.053889129032258246
1183	77	250	0.07911441474654403
1183	77	300	0.06670932903225842
1183	77	350	0.08895029569892499
1183	77	400	0.09009684331797255
1183	77	450	0.09917592903225829
1183	77	500	0.12827796236559172
1183	77	550	0.1617107956989249
1183	77	600	0.137166795698925
1183	77	650	0.15754479569892496
1183	77	700	0.11979929569892496
1183	77	750	0.10229437903225835
1183	77	800	NA
1183	77	850	NA
1183	77	900	NA
1183	77	950	NA
1183	77	1e3	0.23088946236559163
1183	77	1050	0.19276912903225826
1183	77	1100	0.1094451290322583
1183	77	1150	0.13788062903225828
1183	78	-200	-0.007589661290322569
1183	78	-150	-0.005214661290322405
1183	78	-100	0.0030686958525346164
1183	78	-50	0.0012036720430109356
1183	78	0	0.008020505376344097
1183	78	50	0.021291838709677508
1183	78	100	0.02956123870967744
1183	78	150	0.008008838709677375
1183	78	200	0.007118005376344068
1183	78	250	-0.003026361290322477
1183	78	300	-0.02264416129032254
1183	78	350	-0.005957827956989033
1183	78	400	-0.015862761290322512
1183	78	450	-0.0161193041474654
1183	78	500	0.013396672043010835
1183	78	550	0.025634505376344114
1183	78	600	0.02850350537634405
1183	78	650	0.04763883870967741
1183	78	700	0.0711633387096775
1183	78	750	0.045004672043010764
1183	78	800	0.05868633870967751
1183	78	850	0.06101583870967753
1183	78	900	0.0736055053763441
1183	78	950	0.053560005376344234
1183	78	1e3	0.06406533870967752
1183	78	1050	0.0794515053763442
1183	78	1100	0.07914800537634419
1183	78	1150	0.10402733870967751
1183	79	-200	-0.006304654377880288
1183	79	-150	0.014476274193548244
1183	79	-100	-0.006093392473118427
1183	79	-50	0.002251774193548236
1183	79	0	-0.003279225806451791
1183	79	50	0.033534440860214954
1183	79	100	-7.077258064517681e-4
1183	79	150	0.02472344086021498
1183	79	200	0.009324107526881583
1183	79	250	0.027511274193548225
1183	79	300	0.02590744086021483
1183	79	350	0.022188607526881492
1183	79	400	0.03479527419354822
1183	79	450	0.0015286075268815906
1183	79	500	0.03681810752688156
1183	79	550	0.026984274193548208
1183	79	600	0.02932760752688157
1183	79	650	0.055484607526881634
1183	79	700	0.042731940860215
1183	79	750	0.011236374193548304
1183	79	800	0.02350117419354829
1183	79	850	NA
1183	79	900	NA
1183	79	950	NA
1183	79	1e3	NA
1183	79	1050	NA
1183	79	1100	NA
1183	79	1150	NA
1183	80	-200	-0.0031328433179724463
1183	80	-150	0.0031790376344085214
1183	80	-100	0.010985870967741876
1183	80	-50	0.011394537634408453
1183	80	0	-0.021904462365591442
1183	80	50	-0.03224096236559156
1183	80	100	-0.05442462903225823
1183	80	150	-0.060459129032258176
1183	80	200	-0.058939629032258134
1183	80	250	-0.07470546236559146
1183	80	300	-0.07022412903225812
1183	80	350	-0.05879046236559149
1183	80	400	-0.061204795698924785
1183	80	450	-0.05169412903225812
1183	80	500	-0.02960596236559147
1183	80	550	-0.03604696236559146
1183	80	600	-0.01921629569892495
1183	80	650	0.008396120967742005
1183	80	700	NA
1183	80	750	NA
1183	80	800	NA
1183	80	850	NA
1183	80	900	NA
1183	80	950	NA
1183	80	1e3	0.08886387096774184
1183	80	1050	0.08087370430107521
1183	80	1100	-0.0084789623655915
1183	80	1150	0.07350412096774184
1183	81	-200	-0.0026520666666665083
1183	81	-150	-0.0021600666666665713
1183	81	-100	-0.001058566666666631
1183	81	-50	0.0048641000000001116
1183	81	0	0.0010066000000001167
1183	81	50	0.00518960000000009
1183	81	100	0.01450010000000009
1183	81	150	0.03028893333333345
1183	81	200	0.023122266666666835
1183	81	250	0.03081226666666681
1183	81	300	0.027591266666666742
1183	81	350	0.018159266666666785
1183	81	400	0.019106433333333433
1183	81	450	0.0244169333333335
1183	81	500	0.050002933333333464
1183	81	550	0.06285610000000008
1183	81	600	0.043456100000000074
1183	81	650	0.04234366666666674
1183	81	700	NA
1183	81	750	NA
1183	81	800	NA
1183	81	850	NA
1183	81	900	NA
1183	81	950	NA
1183	81	1e3	NA
1183	81	1050	NA
1183	81	1100	NA
1183	81	1150	0.21925276666666682
1183	82	-200	-0.0026987666666666854
1183	82	-150	0.0035820666666667536
1183	82	-100	-0.004713933333333253
1183	82	-50	0.003344899999999947
1183	82	0	4.8573333333338614e-4
1183	82	50	0.005182400000000105
1183	82	100	0.008687233333333358
1183	82	150	-0.021201600000000004
1183	82	200	0.030661566666666678
1183	82	250	0.04193406666666669
1183	82	300	0.0385709
1183	82	350	0.031775399999999974
1183	82	400	0.05992590000000001
1183	82	450	0.07044156666666675
1183	82	500	0.11163306666666672
1183	82	550	0.14685523333333342
1183	82	600	0.17593440000000013
1183	82	650	0.16721189999999994
1183	82	700	0.18103940000000004
1183	82	750	0.16422290000000003
1183	82	800	0.15922120952380966
1183	82	850	0.1520880666666667
1183	82	900	0.1330279
1183	82	950	0.14653223333333343
1183	82	1e3	0.1445610666666666
1183	82	1050	0.13965273333333342
1183	82	1100	0.13666626666666665
1183	82	1150	0.1551144952380953
1183	83	-200	-0.0029399523809524757
1183	83	-150	-0.025310666666666776
1183	83	-100	0.0012995333333330806
1183	83	-50	0.0119766190476189
1183	83	0	0.01642193333333326
1183	83	50	0.02147683333333313
1183	83	100	0.029693999999999887
1183	83	150	0.03429104761904757
1183	83	200	0.05150699999999997
1183	83	250	0.04314616666666667
1183	83	300	0.04235216666666649
1183	83	350	0.0346868333333333
1183	83	400	0.034986133333333225
1183	83	450	0.041165047619047455
1183	83	500	0.09442649999999997
1183	83	550	0.10885066666666658
1183	83	600	0.14744049999999995
1183	83	650	0.16647599999999985
1183	83	700	0.1897625333333332
1183	83	750	0.1749234761904761
1183	83	800	0.17791216666666662
1183	83	850	0.17450716666666652
1183	83	900	0.17519716666666652
1183	83	950	0.13934783333333323
1183	83	1e3	NA
1183	83	1050	NA
1183	83	1100	NA
1183	83	1150	NA
1183	84	-200	0.009230566666666625
1183	84	-150	-0.008025100000000082
1183	84	-100	0.005086566666666552
1183	84	-50	-0.0061556000000001655
1183	84	0	0.0010673999999998962
1183	84	50	7.756857142856408e-4
1183	84	100	0.015070799999999895
1183	84	150	-0.01183360000000011
1183	84	200	-0.0034521714285715077
1183	84	250	0.008250599999999952
1183	84	300	0.015260066666666608
1183	84	350	-0.034744457142857295
1183	84	400	-0.013677400000000084
1183	84	450	-0.035691742857143015
1183	84	500	-0.024200933333333507
1183	84	550	-0.004738600000000111
1183	84	600	0.0036948999999998713
1183	84	650	0.0024738999999999547
1183	84	700	-0.006832933333333457
1183	84	750	-0.009742933333333426
1183	84	800	-0.030387600000000143
1183	84	850	-0.046289766666666766
1183	84	900	-0.04267360000000009
1183	84	950	-0.04528743333333344
1183	84	1e3	-0.04608726666666674
1183	84	1050	-0.04643476666666683
1183	84	1100	-0.03904260000000007
1183	84	1150	-0.05403310000000013
1183	85	-200	-0.02002960000000013
1183	85	-150	-0.008065933333333422
1183	85	-100	0.008556233333333182
1183	85	-50	0.016182733333333237
1183	85	0	0.003356566666666616
1183	85	50	0.01764006666666651
1183	85	100	0.013062066666666539
1183	85	150	0.005175328571428598
1183	85	200	-0.027668100000000084
1183	85	250	-0.018597671428571542
1183	85	300	-0.046632433333333445
1183	85	350	-0.029026100000000127
1183	85	400	-0.03912149999999999
1183	85	450	-0.034224100000000056
1183	85	500	0.006579399999999828
1183	85	550	0.01433289999999987
1183	85	600	0.02590323333333318
1183	85	650	0.03150806666666658
1183	85	700	0.0367864
1183	85	750	0.07815489999999992
1183	85	800	NA
1183	85	850	NA
1183	85	900	NA
1183	85	950	NA
1183	85	1e3	NA
1183	85	1050	NA
1183	85	1100	NA
1183	85	1150	NA
1183	86	-200	0.010078834101382281
1183	86	-150	-0.0065252849462366464
1183	86	-100	-0.02117045161290343
1183	86	-50	0.006542048387096673
1183	86	0	0.009395048387096669
1183	86	50	-0.005345284946236688
1183	86	100	-0.006384618279570005
1183	86	150	0.014485548387096555
1183	86	200	0.007185348387096635
1183	86	250	0.02638197695852527
1183	86	300	0.03676421505376326
1183	86	350	0.01803754838709663
1183	86	400	0.03990274838709658
1183	86	450	0.05269369124423947
1183	86	500	0.09345104838709666
1183	86	550	0.11480671505376328
1183	86	600	0.12437288172043
1183	86	650	0.11049188172042997
1183	86	700	0.11813954838709684
1183	86	750	NA
1183	86	800	NA
1183	86	850	NA
1183	86	900	NA
1183	86	950	-0.12631145161290336
1183	86	1e3	0.12216538172042994
1183	86	1050	-0.021888618279570043
1183	86	1100	0.03221788172042994
1183	86	1150	0.08043388172042998
1183	87	-200	0.0022461809523809224
1183	87	-150	0.009871299999999769
1183	87	-100	-0.01546803333333339
1183	87	-50	-0.006588866666666767
1183	87	0	0.011478066666666554
1183	87	50	-0.003475104761904887
1183	87	100	-0.0011327000000000975
1183	87	150	-0.01578203333333354
1183	87	200	-0.004450533333333413
1183	87	250	-0.03535670000000013
1183	87	300	-0.031691033333333486
1183	87	350	-0.029253033333333473
1183	87	400	-0.02152953333333348
1183	87	450	-0.02784753333333338
1183	87	500	-0.012751733333333437
1183	87	550	0.02062618095238086
1183	87	600	0.05003146666666658
1183	87	650	0.0460770666666666
1183	87	700	0.03658060952380942
1183	87	750	NA
1183	87	800	NA
1183	87	850	NA
1183	87	900	NA
1183	87	950	NA
1183	87	1e3	0.30103846666666656
1183	87	1050	0.011696633333333187
1183	87	1100	0.018008966666666515
1183	87	1150	0.05576029999999991
1183	88	-200	0.00836563133640546
1183	88	-150	0.008907774193548304
1183	88	-100	0.0028751741935484354
1183	88	-50	-0.010185225806451648
1183	88	0	-0.009180892473118263
1183	88	50	-0.006486559139784909
1183	88	100	-0.0011703924731182684
1183	88	150	0.013978107526881667
1183	88	200	-0.008440725806451463
1183	88	250	-0.011680225806451524
1183	88	300	-0.017205559139784832
1183	88	350	-0.026438559139785028
1183	88	400	-0.0025415591397848956
1183	88	450	0.0016621075268818213
1183	88	500	0.010452774193548287
1183	88	550	0.05613927419354847
1183	88	600	NA
1183	88	650	NA
1183	88	700	NA
1183	88	750	NA
1183	88	800	NA
1183	88	850	NA
1183	88	900	NA
1183	88	950	0.08483777419354821
1183	88	1e3	0.1882697741935484
1183	88	1050	0.11215177419354842
1183	88	1100	0.11399027419354842
1183	88	1150	0.15039727419354834
1183	89	-200	-0.0071589124423963035
1183	89	-150	-0.013946817204301132
1183	89	-100	0.017782016129032224
1183	89	-50	0.010463849462365523
1183	89	0	-0.005946983870967741
1183	89	50	-0.01644798387096776
1183	89	100	0.0010305161290322662
1183	89	150	0.01181734946236553
1183	89	200	3.7951612903223503e-4
1183	89	250	-0.005031650537634436
1183	89	300	-0.00399331720430111
1183	89	350	0.027775849462365516
1183	89	400	0.03474484946236567
1183	89	450	0.04881168279569895
1183	89	500	0.08025818279569896
1183	89	550	0.09834571612903228
1183	89	600	0.10736637327188937
1183	89	650	0.10008451612903224
1183	89	700	0.08449751612903222
1183	89	750	0.05974201612903222
1183	89	800	0.05362601612903214
1183	89	850	0.02757968279569889
1183	89	900	0.019840516129032187
1183	89	950	0.0017620161290321512
1183	89	1e3	0.028856349462365483
1183	89	1050	0.03363501612903219
1183	89	1100	0.024156682795698787
1183	89	1150	0.027918349462365526
1183	90	-200	0.01849820000000002
1183	90	-150	-0.0031678000000000908
1183	90	-100	-0.01476913333333337
1183	90	-50	-1.0496666666659493e-4
1183	90	0	-4.5630000000003906e-4
1183	90	50	-0.010772300000000032
1183	90	100	0.02548953333333337
1183	90	150	0.009474366666666642
1183	90	200	0.009806533333333256
1183	90	250	0.028349699999999995
1183	90	300	-0.004206299999999959
1183	90	350	-0.021990300000000056
1183	90	400	0.007075533333333291
1183	90	450	-0.01683546666666665
1183	90	500	-0.004078299999999979
1183	90	550	0.013183366666666604
1183	90	600	0.02568803333333336
1183	90	650	0.026064033333333365
1183	90	700	0.01165019999999998
1183	90	750	0.03395269999999995
1183	90	800	NA
1183	90	850	NA
1183	90	900	NA
1183	90	950	NA
1183	90	1e3	NA
1183	90	1050	NA
1183	90	1100	NA
1183	90	1150	0.22560420000000003
1183	91	-200	-0.016579709677419428
1183	91	-150	-0.006597876344086077
1183	91	-100	-0.00656304301075276
1183	91	-50	0.019124123655913945
1183	91	0	0.01337979032258052
1183	91	50	0.031565623655913866
1183	91	100	0.04715079032258059
1183	91	150	0.06456262365591388
1183	91	200	0.05180945698924725
1183	91	250	0.04945879032258057
1183	91	300	0.024368790322580585
1183	91	350	0.022675123655913954
1183	91	400	0.036736956989247206
1183	91	450	0.02480462365591385
1183	91	500	0.05640045698924719
1183	91	550	0.06467279032258062
1183	91	600	0.09240445698924726
1183	91	650	0.1278030403225806
1183	91	700	NA
1183	91	750	NA
1183	91	800	NA
1183	91	850	NA
1183	91	900	0.5272527903225805
1183	91	950	NA
1183	91	1e3	NA
1183	91	1050	-0.09202570967741952
1183	91	1100	NA
1183	91	1150	NA
1183	92	-200	-0.00985296666666676
1183	92	-150	0.0120268666666666
1183	92	-100	-0.007911633333333334
1183	92	-50	-0.007844300000000063
1183	92	0	0.013582033333333262
1183	92	50	-0.03197696666666672
1183	92	100	-0.02198096666666675
1183	92	150	-0.014859966666666743
1183	92	200	-0.00942930000000001
1183	92	250	-0.031903133333333354
1183	92	300	-0.025459466666666836
1183	92	350	-0.042808966666666746
1183	92	400	-0.025550966666666824
1183	92	450	-0.0413408000000001
1183	92	500	-0.031468633333333385
1183	92	550	0.002594033333333264
1183	92	600	0.32852970000000004
1183	92	650	NA
1183	92	700	NA
1183	92	750	NA
1183	92	800	NA
1183	92	850	NA
1183	92	900	NA
1183	92	950	NA
1183	92	1e3	NA
1183	92	1050	NA
1183	92	1100	NA
1183	92	1150	NA
1183	93	-200	-6.52589861751223e-4
1183	93	-150	-0.003223494623656009
1183	93	-100	0.0029063387096771955
1183	93	-50	-0.0018261612903227586
1183	93	0	0.0029046720430106663
1183	93	50	-0.013229827956989423
1183	93	100	-0.023807494623656018
1183	93	150	0.0058136720430106426
1183	93	200	-0.017023494623656116
1183	93	250	-0.017238827956989427
1183	93	300	-0.014409494623656002
1183	93	350	-0.003095494623656103
1183	93	400	0.011562505376343957
1183	93	450	0.011880672043010687
1183	93	500	0.031109172043010558
1183	93	550	0.046022672043010505
1183	93	600	0.06746967204301065
1183	93	650	0.08693550537634394
1183	93	700	0.081593005376344
1183	93	750	0.09738367204301057
1183	93	800	NA
1183	93	850	NA
1183	93	900	NA
1183	93	950	NA
1183	93	1e3	NA
1183	93	1050	NA
1183	93	1100	NA
1183	93	1150	NA
1183	94	-200	0.03292075115207384
1183	94	-150	0.016980989247311912
1183	94	-100	-0.010782010752688143
1183	94	-50	-0.028142010752688185
1183	94	0	-0.016464510752688028
1183	94	50	-0.018315677419354765
1183	94	100	-0.018161510752688088
1183	94	150	-0.014357177419354716
1183	94	200	0.002534322580645195
1183	94	250	0.026903322580645206
1183	94	300	0.012117822580645235
1183	94	350	0.004997822580645221
1183	94	400	0.03202548924731197
1183	94	450	0.03544515591397864
1183	94	500	0.08101165591397848
1183	94	550	0.09449132258064526
1183	94	600	0.09387312258064524
1183	94	650	0.12561303686635952
1183	94	700	NA
1183	94	750	NA
1183	94	800	NA
1183	94	850	NA
1183	94	900	0.0503623225806451
1183	94	950	0.10012998924731191
1183	94	1e3	0.029324489247311902
1183	94	1050	0.05000932258064528
1183	94	1100	0.10601015591397855
1183	94	1150	0.12981398924731194
1183	95	-200	0.0032319999999999333
1183	95	-150	0.00938216666666647
1183	95	-100	-0.004410000000000025
1183	95	-50	-0.008317166666666745
1183	95	0	-4.256666666668796e-4
1183	95	50	0.017475166666666597
1183	95	100	0.03638066666666654
1183	95	150	0.07470516666666649
1183	95	200	0.07837499999999986
1183	95	250	0.0949271666666666
1183	95	300	0.07432133333333331
1183	95	350	0.09912066666666648
1183	95	400	0.13064733333333325
1183	95	450	0.11846559999999987
1183	95	500	0.12472171428571421
1183	95	550	0.1556435999999998
1183	95	600	0.17313614285714282
1183	95	650	0.1684793333333333
1183	95	700	0.1784572499999998
1183	95	750	NA
1183	95	800	NA
1183	95	850	NA
1183	95	900	NA
1183	95	950	NA
1183	95	1e3	0.2592843333333332
1183	95	1050	0.11207366666666663
1183	95	1100	0.08137749999999988
1183	95	1150	0.1449154999999999
1183	96	-200	0.002362940092165961
1183	96	-150	-0.010057440860215058
1183	96	-100	6.835591397849802e-4
1183	96	-50	0.009017225806451515
1183	96	0	-0.0024001075268817265
1183	96	50	0.006471059139784889
1183	96	100	0.014441392473118228
1183	96	150	0.03126739247311824
1183	96	200	0.02752439247311833
1183	96	250	0.02731239247311823
1183	96	300	0.006421725806451543
1183	96	350	-0.004063440860215077
1183	96	400	0.012303059139784947
1183	96	450	0.039291892473118185
1183	96	500	0.04522322580645163
1183	96	550	0.04550589247311828
1183	96	600	0.0620450591397849
1183	96	650	0.07409239247311827
1183	96	700	0.08167489247311832
1183	96	750	0.057918892473118135
1183	96	800	0.032031559139784914
1183	96	850	0.04097772580645157
1183	96	900	0.010430059139784861
1183	96	950	0.008485059139784923
1183	96	1e3	0.022301725806451584
1183	96	1050	0.03069122580645156
1183	96	1100	0.025804059139785007
1183	96	1150	0.024227059139784995
1183	97	-200	0.004779101382488652
1183	97	-150	0.010726553763441116
1183	97	-100	0.00591255376344102
1183	97	-50	-0.01018511290322562
1183	97	0	-0.012029612903225647
1183	97	50	-0.004665279569892267
1183	97	100	-0.017554112903225727
1183	97	150	-0.025478279569892237
1183	97	200	-0.03874044623655896
1183	97	250	-0.0470697795698923
1183	97	300	-0.06351111290322568
1183	97	350	-0.09417144623655897
1183	97	400	-0.06233194623655902
1183	97	450	-0.051068279569892315
1183	97	500	-0.04249761290322566
1183	97	550	-0.02149527956989224
1183	97	600	0.002813053763441061
1183	97	650	0.037930387096774355
1183	97	700	-0.0058802795698923065
1183	97	750	0.04348905376344107
1183	97	800	NA
1183	97	850	NA
1183	97	900	NA
1183	97	950	NA
1183	97	1e3	NA
1183	97	1050	0.2836323870967745
1183	97	1100	-0.05463661290322556
1183	97	1150	0.6701276370967744
1183	98	-200	0.00878635023041463
1183	98	-150	-0.005939935483871099
1183	98	-100	0.0059700645161289145
1183	98	-50	-0.006058435483871083
1183	98	0	-0.004222435483871208
1183	98	50	0.0026518978494623666
1183	98	100	0.007036564516128922
1183	98	150	0.006863064516128947
1183	98	200	0.01255673118279558
1183	98	250	-0.01073510215053767
1183	98	300	0.0073935645161289365
1183	98	350	-0.027510102150537803
1183	98	400	-0.003855602150537818
1183	98	450	0.045340064516128965
1183	98	500	0.018976064516128915
1183	98	550	0.04048856451612889
1183	98	600	0.05701773118279552
1183	98	650	0.05840523118279554
1183	98	700	0.06112223118279555
1183	98	750	0.03131673118279554
1183	98	800	0.026698231182795462
1183	98	850	0.1040792311827956
1183	98	900	0.1327983145161289
1183	98	950	NA
1183	98	1e3	NA
1183	98	1050	NA
1183	98	1100	NA
1183	98	1150	NA
1183	99	-200	8.982304147465545e-4
1183	99	-150	0.012751349462365521
1183	99	-100	0.008001016129032257
1183	99	-50	-0.005349483870967712
1183	99	0	-0.016450817204301044
1183	99	50	-0.027596317204301075
1183	99	100	-0.01622215053763439
1183	99	150	-0.031153817204301104
1183	99	200	-0.03624431720430107
1183	99	250	-0.06018481720430106
1183	99	300	-0.05288298387096776
1183	99	350	-0.0749329838709678
1183	99	400	-0.054897983870967636
1183	99	450	-0.06410331720430107
1183	99	500	-0.03950365053763435
1183	99	550	-0.002250817204300981
1183	99	600	0.0018826827956989571
1183	99	650	0.019711849462365594
1183	99	700	0.010172682795698865
1183	99	750	0.009706682795698937
1183	99	800	-0.018436983870967778
1183	99	850	-0.02606531720430098
1183	99	900	-0.024630483870967668
1183	99	950	-0.03230131720430104
1183	99	1e3	-0.016303317204301004
1183	99	1050	0.026193349462365623
1183	99	1100	0.020232516129032208
1183	99	1150	0.05506301612903234
1183	100	-200	-0.017278981566820395
1183	100	-150	-8.601720430108836e-4
1183	100	-100	0.008344994623655714
1183	100	-50	0.007610827956989234
1183	100	0	0.005063161290322471
1183	100	50	0.007688494623655728
1183	100	100	0.01613982795698902
1183	100	150	0.0469858279569891
1183	100	200	0.0388781612903224
1183	100	250	0.0228954946236557
1183	100	300	0.05216599462365582
1183	100	350	0.06932049462365579
1183	100	400	0.08157116129032242
1183	100	450	0.0956624946236558
1183	100	500	0.1218786612903225
1183	100	550	0.15745266129032243
1183	100	600	0.17262816129032252
1183	100	650	0.18457199462365578
1183	100	700	0.158335827956989
1183	100	750	0.14283966129032244
1183	100	800	0.11185666129032246
1183	100	850	0.08722382795698895
1183	100	900	0.08006466129032234
1183	100	950	0.06052182795698916
1183	100	1e3	0.0642441612903224
1183	100	1050	0.0754919946236557
1183	100	1100	0.0754381612903224
1183	100	1150	0.07938499462365578
1183	101	-200	-0.024851184331797276
1183	101	-150	-0.003539279569892454
1183	101	-100	0.0054960537634408295
1183	101	-50	0.023973220430107373
1183	101	0	0.003063053763440774
1183	101	50	0.031075553763440844
1183	101	100	0.025955220430107524
1183	101	150	0.016477887096774186
1183	101	200	0.01325538709677406
1183	101	250	0.01716988709677425
1183	101	300	0.04995505376344078
1183	101	350	0.015625220430107573
1183	101	400	0.04809238709677414
1183	101	450	0.03562838709677411
1183	101	500	0.05723655376344087
1183	101	550	0.09539038709677405
1183	101	600	0.11287338709677404
1183	101	650	0.11352688709677412
1183	101	700	0.07893122043010736
1183	101	750	0.06779422043010748
1183	101	800	0.045637720430107574
1183	101	850	0.03459238709677422
1183	101	900	0.01659338709677412
1183	101	950	-0.0016036129032258224
1183	101	1e3	0.04172338709677407
1183	101	1050	0.02734922043010742
1183	101	1100	0.04300022043010743
1183	101	1150	0.01927805376344079
1183	102	-200	0.014146764976958754
1183	102	-150	-0.003050139784946134
1183	102	-100	0.0030576935483871783
1183	102	-50	0.011605693548387105
1183	102	0	-0.02811780645161277
1183	102	50	-0.03746963978494611
1183	102	100	-0.030698306451612794
1183	102	150	-0.018189806451612833
1183	102	200	-0.029740973118279463
1183	102	250	-0.024556973118279462
1183	102	300	-0.021162306451612805
1183	102	350	-0.022700473118279458
1183	102	400	-0.022474973118279395
1183	102	450	-0.013997139784946174
1183	102	500	0.018460026881720548
1183	102	550	0.04338569354838725
1183	102	600	0.07727352688172055
1183	102	650	0.07471902688172054
1183	102	700	0.05163469354838727
1183	102	750	0.02831252688172059
1183	102	800	-0.027803973118279385
1183	102	850	-0.01930797311827955
1183	102	900	-0.015669806451612756
1183	102	950	NA
1183	102	1e3	NA
1183	102	1050	NA
1183	102	1100	NA
1183	102	1150	NA
1183	103	-200	-0.003674972350230478
1183	103	-150	-0.01744359139784953
1183	103	-100	-0.003242591397849622
1183	103	-50	0.009389741935483883
1183	103	0	0.015583908602150606
1183	103	50	0.013649741935483814
1183	103	100	-0.00199525806451617
1183	103	150	0.0016487419354838846
1183	103	200	0.024910908602150617
1183	103	250	0.022863575268817254
1183	103	300	0.013987575268817146
1183	103	350	0.01758774193548381
1183	103	400	0.038262908602150425
1183	103	450	0.05110074193548386
1183	103	500	0.044855575268817116
1183	103	550	0.05205924193548387
1183	103	600	0.06876274193548378
1183	103	650	0.07122340860215053
1183	103	700	0.0351474086021506
1183	103	750	-0.0011690913978494866
1183	103	800	-0.007205758064516177
1183	103	850	-0.0014322580645161527
1183	103	900	0.01056874193548385
1183	103	950	NA
1183	103	1e3	NA
1183	103	1050	NA
1183	103	1100	NA
1183	103	1150	NA
1183	104	-200	NA
1183	104	-150	NA
1183	104	-100	NA
1183	104	-50	NA
1183	104	0	NA
1183	104	50	NA
1183	104	100	NA
1183	104	150	NA
1183	104	200	NA
1183	104	250	NA
1183	104	300	NA
1183	104	350	NA
1183	104	400	NA
1183	104	450	NA
1183	104	500	NA
1183	104	550	NA
1183	104	600	NA
1183	104	650	NA
1183	104	700	NA
1183	104	750	NA
1183	104	800	NA
1183	104	850	NA
1183	104	900	NA
1183	104	950	NA
1183	104	1e3	NA
1183	104	1050	NA
1183	104	1100	NA
1183	104	1150	NA
1183	105	-200	0.005094366666666665
1183	105	-150	0.00401786666666674
1183	105	-100	-0.007407299999999968
1183	105	-50	-0.015445299999999884
1183	105	0	0.01374036666666667
1183	105	50	-0.018587799999999932
1183	105	100	-0.01522079999999996
1183	105	150	-0.004804633333333215
1183	105	200	-0.020335800000000015
1183	105	250	-0.02447829999999988
1183	105	300	-0.0021304666666666083
1183	105	350	-0.004741299999999911
1183	105	400	0.012940033333333453
1183	105	450	0.006242200000000049
1183	105	500	0.0362872
1183	105	550	0.03743903333333328
1183	105	600	0.07586736666666678
1183	105	650	0.059011866666666725
1183	105	700	0.03739020000000015
1183	105	750	0.017266450000000044
1183	105	800	NA
1183	105	850	NA
1183	105	900	NA
1183	105	950	NA
1183	105	1e3	NA
1183	105	1050	NA
1183	105	1100	NA
1183	105	1150	0.2353862
1183	106	-200	0.026291533333333412
1183	106	-150	0.020717533333333444
1183	106	-100	-0.006727299999999881
1183	106	-50	-0.02089729999999997
1183	106	0	-0.019384466666666562
1183	106	50	-0.01992729999999998
1183	106	100	-0.01952379999999983
1183	106	150	0.017826033333333324
1183	106	200	0.0017125333333334325
1183	106	250	-0.007562966666666708
1183	106	300	-0.011925966666666602
1183	106	350	-2.7246666666669306e-4
1183	106	400	-0.029363299999999908
1183	106	450	-0.019765966666666596
1183	106	500	0.01634753333333346
1183	106	550	0.04927186666666664
1183	106	600	0.0090167000000001
1183	106	650	0.01808953333333352
1183	106	700	-0.009221966666666562
1183	106	750	-0.034509633333333234
1183	106	800	-0.07037796666666662
1183	106	850	NA
1183	106	900	NA
1183	106	950	NA
1183	106	1e3	NA
1183	106	1050	0.15428853333333326
1183	106	1100	-0.011411466666666481
1183	106	1150	NA
1183	107	-200	-0.013890092165898744
1183	107	-150	-0.011069973118279655
1183	107	-100	0.01658119354838698
1183	107	-50	0.007430860215053681
1183	107	0	0.003263026881720347
1183	107	50	0.009597026881720335
1183	107	100	-0.010782973118279656
1183	107	150	0.004659026881720374
1183	107	200	0.01479052688172026
1183	107	250	-0.021452306451613
1183	107	300	-0.02750197311827966
1183	107	350	-0.03126413978494632
1183	107	400	-0.011577639784946378
1183	107	450	-0.05469440645161292
1183	107	500	-0.042750663594470203
1183	107	550	-0.048359139784946326
1183	107	600	-0.009056639784946308
1183	107	650	-0.0032446397849463793
1183	107	700	-0.024140639784946256
1183	107	750	-0.03462580645161303
1183	107	800	-0.07909680645161303
1183	107	850	-0.1037499731182796
1183	107	900	-0.07559080645161294
1183	107	950	NA
1183	107	1e3	NA
1183	107	1050	NA
1183	107	1100	NA
1183	107	1150	NA
1183	108	-200	-0.0022551797235020716
1183	108	-150	0.010072177419355066
1183	108	-100	-0.01703298924731163
1183	108	-50	-0.0047693225806449595
1183	108	0	0.014361177419355053
1183	108	50	0.01083484408602168
1183	108	100	0.0234935107526885
1183	108	150	0.002808010752688439
1183	108	200	0.0024385107526883796
1183	108	250	-0.003812822580644933
1183	108	300	-0.0014766559139782753
1183	108	350	0.006770677419355072
1183	108	400	-0.005879489247311594
1183	108	450	0.02063801075268838
1183	108	500	0.029932344086021672
1183	108	550	0.05523067741935502
1183	108	600	0.04405284408602165
1183	108	650	0.0337143440860217
1183	108	700	0.026220427419355152
1183	108	750	NA
1183	108	800	NA
1183	108	850	NA
1183	108	900	NA
1183	108	950	0.10175367741935526
1183	108	1e3	0.28182167741935515
1183	108	1050	0.4548006774193549
1183	108	1100	NA
1183	108	1150	NA
1183	109	-200	-0.01612043317972356
1183	109	-150	-0.02137079032258075
1183	109	-100	0.007567876344085844
1183	109	-50	0.009922209677419191
1183	109	0	0.022687876344085794
1183	109	50	0.025340376344085813
1183	109	100	0.00480254301075241
1183	109	150	0.02952537634408577
1183	109	200	0.03470487634408581
1183	109	250	0.03393237634408582
1183	109	300	0.03405887634408589
1183	109	350	0.01264904301075235
1183	109	400	0.00632254301075245
1183	109	450	0.024183209677419198
1183	109	500	6.810430107525208e-4
1183	109	550	0.014697876344085925
1183	109	600	0.013575209677419098
1183	109	650	0.03761370967741917
1183	109	700	0.06055120967741923
1183	109	750	0.07369837634408578
1183	109	800	0.06607137634408589
1183	109	850	0.07877070967741921
1183	109	900	0.08052937634408582
1183	109	950	0.05320570967741922
1183	109	1e3	0.03045104301075252
1183	109	1050	0.044373376344085814
1183	109	1100	0.015652876344085815
1183	109	1150	0.023737543010752482
1183	110	-200	0.00924747465437806
1183	110	-150	0.001984903225806578
1183	110	-100	-0.002153263440860013
1183	110	-50	-0.00923243010752676
1183	110	0	-0.0013879301075266544
1183	110	50	-0.00552343010752665
1183	110	100	-9.135967741934111e-4
1183	110	150	-0.026140596774193375
1183	110	200	-0.029272263440860053
1183	110	250	-0.013734596774193383
1183	110	300	-0.0265765967741934
1183	110	350	-0.012141430107526737
1183	110	400	-0.01594026344086008
1183	110	450	0.018644236559139937
1183	110	500	0.018300736559140034
1183	110	550	0.06387723655914009
1183	110	600	0.06375140322580664
1183	110	650	0.08837940322580666
1183	110	700	0.09122073655914005
1183	110	750	0.08790773655913993
1183	110	800	NA
1183	110	850	NA
1183	110	900	NA
1183	110	950	NA
1183	110	1e3	NA
1183	110	1050	NA
1183	110	1100	NA
1183	110	1150	NA
1183	111	-200	-0.017347799999999802
1183	111	-150	0.0014435333333335059
1183	111	-100	-0.004150799999999899
1183	111	-50	0.008464866666666829
1183	111	0	0.01159020000000018
1183	111	50	0.04341786666666684
1183	111	100	0.05281186666666682
1183	111	150	0.06392436666666683
1183	111	200	0.08781986666666682
1183	111	250	0.05839553333333355
1183	111	300	0.0833355333333335
1183	111	350	0.0843488666666669
1183	111	400	0.07995786666666678
1183	111	450	0.07618736666666674
1183	111	500	0.08344620000000018
1183	111	550	0.11464670000000021
1183	111	600	0.14364353333333355
1183	111	650	0.13131953333333354
1183	111	700	0.13950403333333358
1183	111	750	NA
1183	111	800	NA
1183	111	850	NA
1183	111	900	NA
1183	111	950	NA
1183	111	1e3	NA
1183	111	1050	0.2623155333333336
1183	111	1100	0.1820052666666669
1183	111	1150	NA
1183	112	-200	-0.024387466666666652
1183	112	-150	-0.011588966666666792
1183	112	-100	0.005716199999999875
1183	112	-50	0.006301366666666475
1183	112	0	0.02395886666666658
1183	112	50	0.03159253333333319
1183	112	100	0.043685533333333325
1183	112	150	0.016643533333333238
1183	112	200	0.02717169999999987
1183	112	250	0.027375366666666512
1183	112	300	0.030666699999999974
1183	112	350	0.038281199999999904
1183	112	400	0.049949199999999916
1183	112	450	0.056586366666666464
1183	112	500	0.09260786666666669
1183	112	550	0.12651269999999992
1183	112	600	0.13648570000000002
1183	112	650	0.12216086666666655
1183	112	700	0.12149169999999998
1183	112	750	0.08064836666666657
1183	112	800	0.07387103333333316
1183	112	850	0.03505003333333323
1183	112	900	0.03699953333333313
1183	112	950	0.0064701999999998705
1183	112	1e3	0.006227033333333409
1183	112	1050	0.013838199999999986
1183	112	1100	0.06535953333333333
1183	112	1150	NA
1183	113	-200	0.005421847926267225
1183	113	-150	-0.01956674731182802
1183	113	-100	-0.008519247311827923
1183	113	-50	0.02640808602150539
1183	113	0	-0.004647580645161353
1183	113	50	0.02214125268817198
1183	113	100	0.016277252688172112
1183	113	150	0.008606419354838598
1183	113	200	0.00919741935483868
1183	113	250	0.013992752688172017
1183	113	300	2.3708602150544303e-4
1183	113	350	-0.008607913978494622
1183	113	400	0.022489586021505376
1183	113	450	0.010169586021505417
1183	113	500	0.029645419354838703
1183	113	550	0.06705941935483868
1183	113	600	0.06056891935483866
1183	113	650	0.04634508602150533
1183	113	700	0.022252419354838644
1183	113	750	-0.004377580645161287
1183	113	800	-4.741397849465182e-5
1183	113	850	-0.01585458064516132
1183	113	900	-0.008177580645161239
1183	113	950	0.006446133640552925
1183	113	1e3	-0.002369080645161281
1183	113	1050	0.023507252688172036
1183	113	1100	4.122526881720952e-4
1183	113	1150	-0.0010495806451612892
1183	114	-200	0.01136190000000011
1183	114	-150	-0.002231933333333084
1183	114	-100	-0.003948433333333205
1183	114	-50	-0.006369599999999975
1183	114	0	0.0011880666666668205
1183	114	50	0.003925900000000111
1183	114	100	0.021837566666666735
1183	114	150	0.007289233333333349
1183	114	200	-0.001576433333333238
1183	114	250	-1.2543333333322101e-4
1183	114	300	1.0156666666675622e-4
1183	114	350	-0.021977766666666582
1183	114	400	-0.05369009999999993
1183	114	450	0.026732233333333372
1183	114	500	0.04613740000000003
1183	114	550	0.013786066666666782
1183	114	600	0.05353840000000017
1183	114	650	0.05536056666666678
1183	114	700	-0.0020915999999999713
1183	114	750	-0.015429766666666511
1183	114	800	-0.026035766666666627
1183	114	850	-0.05737243333333327
1183	114	900	-0.033834933333333206
1183	114	950	-0.033297266666666596
1183	114	1e3	-0.05311626666666661
1183	114	1050	-0.04532593333333327
1183	114	1100	-0.05738459999999986
1183	114	1150	-0.053794433333333114
1183	115	-200	NA
1183	115	-150	NA
1183	115	-100	NA
1183	115	-50	NA
1183	115	0	NA
1183	115	50	NA
1183	115	100	NA
1183	115	150	NA
1183	115	200	NA
1183	115	250	NA
1183	115	300	NA
1183	115	350	NA
1183	115	400	NA
1183	115	450	NA
1183	115	500	NA
1183	115	550	NA
1183	115	600	NA
1183	115	650	NA
1183	115	700	NA
1183	115	750	NA
1183	115	800	NA
1183	115	850	NA
1183	115	900	NA
1183	115	950	NA
1183	115	1e3	NA
1183	115	1050	NA
1183	115	1100	NA
1183	115	1150	NA
1183	116	-200	0.005545387096774069
1183	116	-150	0.004890887096774099
1183	116	-100	-0.006709612903225952
1183	116	-50	-0.007085279569892504
1183	116	0	0.0024343870967741634
1183	116	50	0.024636053763440764
1183	116	100	0.011093053763440755
1183	116	150	0.00559138709677424
1183	116	200	-0.005131612903225798
1183	116	250	-0.027820446236559142
1183	116	300	-0.021753279569892554
1183	116	350	-0.03346161290322591
1183	116	400	-0.035052779569892424
1183	116	450	-0.018854279569892645
1183	116	500	0.005970220430107531
1183	116	550	0.026978387096774137
1183	116	600	0.04804722043010753
1183	116	650	0.03802788709677415
1183	116	700	0.04033072043010747
1183	116	750	0.031614387096774
1183	116	800	0.02291538709677421
1183	116	850	0.014984553763440841
1183	116	900	0.0265005537634407
1183	116	950	-0.010318446236559309
1183	116	1e3	-0.019355112903225818
1183	116	1050	-0.01595427956989252
1183	116	1100	0.0095548870967741
1183	116	1150	-0.008846612903225859
1183	117	-200	0.003914105990783171
1183	117	-150	0.0045340107526880375
1183	117	-100	0.012188844086021241
1183	117	-50	-0.005108655913978725
1183	117	0	-0.016180655913978697
1183	117	50	-0.0038386559139786947
1183	117	100	-0.015149489247312076
1183	117	150	-0.001677822580645379
1183	117	200	-0.009606655913978765
1183	117	250	-0.021157489247312016
1183	117	300	-0.040207489247312024
1183	117	350	-0.01821248924731204
1183	117	400	0.017155344086021262
1183	117	450	0.04412867741935463
1183	117	500	0.03016051075268796
1183	117	550	0.06271051075268796
1183	117	600	0.06650667741935463
1183	117	650	0.08633867741935464
1183	117	700	0.06934201075268802
1183	117	750	0.060911510752687935
1183	117	800	0.07823967741935456
1183	117	850	0.06675034408602132
1183	117	900	NA
1183	117	950	NA
1183	117	1e3	NA
1183	117	1050	NA
1183	117	1100	0.3783616774193548
1183	117	1150	0.21142751075268795
1183	118	-200	0.03506753333333331
1183	118	-150	0.0039371999999999
1183	118	-100	0.009645866666666558
1183	118	-50	-0.014842276190476258
1183	118	0	-0.0376015333333334
1183	118	50	-0.02804796666666672
1183	118	100	-0.03929013333333339
1183	118	150	-0.018082300000000107
1183	118	200	0.013294699999999956
1183	118	250	0.022391580952380887
1183	118	300	-0.022051733333333344
1183	118	350	-0.06211427619047637
1183	118	400	-0.013799733333333286
1183	118	450	0.018752438095238095
1183	118	500	-0.06214893333333329
1183	118	550	-0.024489299999999936
1183	118	600	0.018279366666666592
1183	118	650	0.06036215238095233
1183	118	700	0.03864606666666663
1183	118	750	0.8886568666666665
1183	118	800	NA
1183	118	850	NA
1183	118	900	NA
1183	118	950	NA
1183	118	1e3	NA
1183	118	1050	NA
1183	118	1100	NA
1183	118	1150	NA
1183	119	-200	-0.00313517050691235
1183	119	-150	-0.004385575268817184
1183	119	-100	0.0012937580645161855
1183	119	-50	-0.0030885752688170807
1183	119	0	0.009838091397849524
1183	119	50	0.006708424731182827
1183	119	100	0.0018359247311828437
1183	119	150	0.010249424731182769
1183	119	200	-2.012419354838387e-4
1183	119	250	0.009720091397849536
1183	119	300	-9.792419354838582e-4
1183	119	350	-0.010966408602150443
1183	119	400	0.023308424731182775
1183	119	450	0.047047924731182876
1183	119	500	0.04965425806451621
1183	119	550	0.07018642473118282
1183	119	600	0.05421525806451618
1183	119	650	0.0468397580645162
1183	119	700	-0.0028894086021504783
1183	119	750	-0.018577075268817172
1183	119	800	-0.033348075268817036
1183	119	850	0.014584758064516201
1183	119	900	NA
1183	119	950	NA
1183	119	1e3	NA
1183	119	1050	0.19400925806451608
1183	119	1100	0.026404924731182833
1183	119	1150	0.049174591397849486
1183	120	-200	-0.003364382488479478
1183	120	-150	-0.004637763440860383
1183	120	-100	-0.006885596774193721
1183	120	-50	0.005514903225806315
1183	120	0	0.00993356989247296
1183	120	50	0.03891056989247299
1183	120	100	0.04468540322580631
1183	120	150	0.037137569892472966
1183	120	200	0.04119390322580626
1183	120	250	0.06035840322580636
1183	120	300	0.04835206989247295
1183	120	350	0.055433236559139676
1183	120	400	0.07890373655913956
1183	120	450	0.10641323655913963
1183	120	500	0.10733490322580626
1183	120	550	0.1633039032258062
1183	120	600	0.1409107365591397
1183	120	650	0.1296034032258062
1183	120	700	0.13897006989247296
1183	120	750	0.09424606989247304
1183	120	800	0.091149069892473
1183	120	850	0.0720087365591396
1183	120	900	0.07813823655913958
1183	120	950	0.11451706989247305
1183	120	1e3	0.14491556989247298
1183	120	1050	0.1478479032258063
1183	120	1100	0.1619577365591396
1183	120	1150	0.17148490322580634
1183	121	-200	-0.01921200921658991
1183	121	-150	-0.004515913978494712
1183	121	-100	0.008356752688172042
1183	121	-50	0.01183391935483861
1183	121	0	0.006739252688171993
1183	121	50	0.004772752688171937
1183	121	100	-0.001194413978494661
1183	121	150	7.047526881720501e-4
1183	121	200	0.0025064193548386773
1183	121	250	0.02120775268817184
1183	121	300	0.024134752688171963
1183	121	350	0.022474586021505278
1183	121	400	0.002388419354838615
1183	121	450	0.03211808602150527
1183	121	500	0.0327270860215052
1183	121	550	0.05162575268817197
1183	121	600	0.09786441935483865
1183	121	650	0.12329591935483857
1183	121	700	0.08931125268817193
1183	121	750	0.03911525268817203
1183	121	800	0.04656641935483866
1183	121	850	NA
1183	121	900	NA
1183	121	950	NA
1183	121	1e3	NA
1183	121	1050	NA
1183	121	1100	NA
1183	121	1150	0.1236094193548386
1183	122	-200	-0.0015371666666667376
1183	122	-150	6.583333333320951e-5
1183	122	-100	0.013182333333333185
1183	122	-50	-6.75833333333431e-4
1183	122	0	-0.011035166666666818
1183	122	50	-0.03355300000000024
1183	122	100	-0.037390666666666794
1183	122	150	-0.0346986666666668
1183	122	200	-0.03598600000000015
1183	122	250	-0.017770833333333513
1183	122	300	-0.058690833333333504
1183	122	350	-0.02282300000000011
1183	122	400	-0.044583333333333496
1183	122	450	-0.05407683333333346
1183	122	500	-0.039123166666666785
1183	122	550	-0.02807683333333344
1183	122	600	0.029762166666666534
1183	122	650	0.0018011666666664834
1183	122	700	0.014473499999999806
1183	122	750	0.038359166666666576
1183	122	800	-0.0066141666666668835
1183	122	850	-0.013490666666666762
1183	122	900	-0.011921166666666835
1183	122	950	-0.04113683333333351
1183	122	1e3	-0.039400833333333406
1183	122	1050	-0.03974166666666693
1183	122	1100	-0.05937100000000021
1183	122	1150	-0.06834816666666677
1183	123	-200	0.012214900000000029
1183	123	-150	-0.007934933333333246
1183	123	-100	0.009220900000000013
1183	123	-50	-0.007766933333333374
1183	123	0	-0.005733933333333274
1183	123	50	-0.002500433333333311
1183	123	100	-0.001360933333333314
1183	123	150	0.02797190000000005
1183	123	200	0.03450190000000005
1183	123	250	0.019104090476190487
1183	123	300	0.040950633333333375
1183	123	350	-0.005202600000000057
1183	123	400	0.03703373333333334
1183	123	450	0.053215233333333334
1183	123	500	0.07345863333333327
1183	123	550	0.10499966190476202
1183	123	600	0.1068327333333335
1183	123	650	0.0899164333333334
1183	123	700	0.08140294761904755
1183	123	750	0.04730073333333329
1183	123	800	0.039706900000000024
1183	123	850	0.02882156666666676
1183	123	900	0.02410623333333343
1183	123	950	-0.009969433333333258
1183	123	1e3	0.016280399999999935
1183	123	1050	0.02866040000000007
1183	123	1100	0.031228066666666814
1183	123	1150	0.03907489999999999
1183	124	-200	-0.008877480952380865
1183	124	-150	0.0050270666666666726
1183	124	-100	0.0025589000000000675
1183	124	-50	0.001925399999999966
1183	124	0	0.0010148333333334313
1183	124	50	-0.0051890523809523205
1183	124	100	-0.01881593333333324
1183	124	150	-0.00922610000000009
1183	124	200	0.008860733333333334
1183	124	250	-0.007462099999999916
1183	124	300	-0.008396266666666596
1183	124	350	-0.038254266666666537
1183	124	400	0.01721423333333331
1183	124	450	0.02686956666666666
1183	124	500	0.004730066666666681
1183	124	550	0.04347823333333327
1183	124	600	0.06858937619047627
1183	124	650	0.03762173333333337
1183	124	700	0.05253223333333342
1183	124	750	0.0334274333333334
1183	124	800	0.021584733333333366
1183	124	850	7.375190476190951e-4
1183	124	900	-0.006676766666666634
1183	124	950	-0.05780526666666652
1183	124	1e3	NA
1183	124	1050	NA
1183	124	1100	NA
1183	124	1150	-0.022486766666666824
1183	125	-200	-0.006196193548387059
1183	125	-150	-0.014183026881720314
1183	125	-100	-0.0021250268817204856
1183	125	-50	0.0023876397849462716
1183	125	0	0.021149306451612986
1183	125	50	0.04527347311827964
1183	125	100	0.07396913978494624
1183	125	150	0.0485231397849463
1183	125	200	0.06231297311827966
1183	125	250	0.0502379731182796
1183	125	300	0.07979747311827971
1183	125	350	0.07188397311827965
1183	125	400	0.06377513978494627
1183	125	450	0.057899306451612974
1183	125	500	0.09559497311827962
1183	125	550	0.09971363978494636
1183	125	600	0.10787280645161301
1183	125	650	0.10030497311827961
1183	125	700	0.0604201397849462
1183	125	750	0.06767280645161293
1183	125	800	0.05260097311827964
1183	125	850	0.0488671397849462
1183	125	900	0.009279806451613007
1183	125	950	NA
1183	125	1e3	NA
1183	125	1050	NA
1183	125	1100	0.30689580645161296
1183	125	1150	0.13034630645161296
1183	126	-200	-0.02068482949308757
1183	126	-150	-0.002945591397849482
1183	126	-100	0.005846241935483887
1183	126	-50	0.0167255752688172
1183	126	0	0.004506075268817226
1183	126	50	0.0019745752688172433
1183	126	100	0.024840408602150532
1183	126	150	0.01436957526881725
1183	126	200	0.005135741935483902
1183	126	250	0.003902075268817251
1183	126	300	-0.002195091397849532
1183	126	350	0.008615741935483904
1183	126	400	0.007703075268817194
1183	126	450	0.017629408602150603
1183	126	500	0.005536341935483779
1183	126	550	0.02695045622119809
1183	126	600	0.06846824193548384
1183	126	650	0.0359649419354839
1183	126	700	0.0514228847926268
1183	126	750	0.039837575268817225
1183	126	800	-0.001923424731182788
1183	126	850	0.00998757526881707
1183	126	900	0.049801141935483885
1183	126	950	0.2007190752688172
1183	126	1e3	0.020393908602150585
1183	126	1050	0.033880408602150545
1183	126	1100	0.04787374193548377
1183	126	1150	0.04533374193548393
1183	127	-200	-0.003878677419354807
1183	127	-150	0.004335751152073757
1183	127	-100	-3.2601075268812174e-4
1183	127	-50	0.007273489247311933
1183	127	0	-0.008127177419354833
1183	127	50	-0.03322351075268807
1183	127	100	-0.039675344086021434
1183	127	150	-0.022380010752688067
1183	127	200	-0.021535844086021456
1183	127	250	-0.03253917741935486
1183	127	300	-0.041109177419354825
1183	127	350	-0.085808344086021407
1183	127	400	-0.04421251075268806
1183	127	450	-0.01776917741935491
1183	127	500	0.012521155913978546
1183	127	550	0.028410989247311818
1183	127	600	0.03937582258064524
1183	127	650	0.07042282258064521
1183	127	700	0.06857865591397865
1183	127	750	0.05549748924731183
1183	127	800	0.06499298924731185
1183	127	850	0.01724332258064513
1183	127	900	0.021036322580645212
1183	127	950	0.041557155913978606
1183	127	1e3	0.047070822580645176
1183	127	1050	0.03312148924731181
1183	127	1100	0.03779152258064524
1183	127	1150	NA
1183	128	-200	-0.019058751152073863
1183	128	-150	-0.004512489247311994
1183	128	-100	-0.002038322580645291
1183	128	-50	0.007367344086021428
1183	128	0	0.021418677419354697
1183	128	50	7.110107526879794e-4
1183	128	100	-0.004319489247311885
1183	128	150	0.03491287741935478
1183	128	200	0.040370344086021324
1183	128	250	0.031788105990783286
1183	128	300	-0.02444698924731196
1183	128	350	-0.013238655913978622
1183	128	400	0.03605584408602125
1183	128	450	0.039118844086021363
1183	128	500	0.07562547741935477
1183	128	550	0.0981515345622118
1183	128	600	0.08776107741935472
1183	128	650	0.1059216774193547
1183	128	700	0.07922251075268798
1183	128	750	0.05055967741935471
1183	128	800	0.04858384408602142
1183	128	850	0.06171501075268804
1183	128	900	NA
1183	128	950	0.5259806774193545
1183	128	1e3	0.47655367741935484
1183	128	1050	0.1774072774193547
1183	128	1100	0.2897091774193547
1183	128	1150	0.3675446774193547
1183	129	-200	0.0020272350230412834
1183	129	-150	-0.00827736021505395
1183	129	-100	0.0058954731182793525
1183	129	-50	0.0032719731182793885
1183	129	0	-0.003255193548387325
1183	129	50	-0.0158456935483872
1183	129	100	-0.02640286021505389
1183	129	150	-0.04601869354838728
1183	129	200	-0.07499752688172061
1183	129	250	-0.0664041935483873
1183	129	300	-0.07639352688172056
1183	129	350	-0.10399302688172056
1183	129	400	-0.09291969354838729
1183	129	450	-0.040266860215053914
1183	129	500	-0.011157526881720559
1183	129	550	0.017093973118279537
1183	129	600	0.04742430645161266
1183	129	650	0.04675130645161274
1183	129	700	0.002093973118279413
1183	129	750	-0.004291393548387301
1183	129	800	NA
1183	129	850	NA
1183	129	900	NA
1183	129	950	NA
1183	129	1e3	NA
1183	129	1050	NA
1183	129	1100	0.07338947311827952
1183	129	1150	0.10307597311827939
1183	130	-200	-0.010814852534562254
1183	130	-150	-0.014176543010752773
1183	130	-100	-0.0034895430107527345
1183	130	-50	0.00697712365591389
1183	130	0	0.023306290322580542
1183	130	50	-0.012211876344086084
1183	130	100	-0.02653104301075282
1183	130	150	-0.023617376344086116
1183	130	200	-0.042933876344086075
1183	130	250	-0.056759709677419355
1183	130	300	-0.042591543010752776
1183	130	350	-0.04676654301075275
1183	130	400	-0.026533043010752804
1183	130	450	-0.058939209677419425
1183	130	500	0.008429623655913968
1183	130	550	0.013233123655913928
1183	130	600	0.0393407903225805
1183	130	650	0.01887879032258059
1183	130	700	0.047056790322580554
1183	130	750	-0.010588876344086081
1183	130	800	0.00878504032258065
1183	130	850	NA
1183	130	900	NA
1183	130	950	NA
1183	130	1e3	NA
1183	130	1050	0.2814087903225806
1183	130	1100	0.048034790322580546
1183	130	1150	0.08226012365591395
1183	131	-200	0.0017007096774192146
1183	131	-150	-0.012840623655914133
1183	131	-100	0.007189209677419243
1183	131	-50	0.00551010967741945
1183	131	0	-7.924331797234555e-4
1183	131	50	0.023049876344086062
1183	131	100	-0.01140262365591401
1183	131	150	0.004071509677419272
1183	131	200	0.0037537096774192973
1183	131	250	0.018658709677419248
1183	131	300	0.023366709677419273
1183	131	350	0.0076392096774193785
1183	131	400	0.022733709677419316
1183	131	450	0.034673043010752615
1183	131	500	0.04706687634408594
1183	131	550	0.06553570967741933
1183	131	600	0.08405087634408599
1183	131	650	0.07062754301075265
1183	131	700	0.028102043010752736
1183	131	750	-0.0051581236559140224
1183	131	800	-0.02773979032258067
1183	131	850	-0.013511290322580739
1183	131	900	-0.0466827188940092
1183	131	950	-0.05730545698924742
1183	131	1e3	-0.05771879032258065
1183	131	1050	-0.03172812365591401
1183	131	1100	-0.03655095698924734
1183	131	1150	-0.023588623655913965
1183	132	-200	0.0015971198156682828
1183	132	-150	-0.004371118279569745
1183	132	-100	-0.003887118279569816
1183	132	-50	0.009361048387096801
1183	132	0	-0.002966118279569866
1183	132	50	0.009149381720430227
1183	132	100	0.03400604838709683
1183	132	150	0.00672421505376349
1183	132	200	0.03217904838709688
1183	132	250	0.03846054838709678
1183	132	300	0.003401881720430137
1183	132	350	0.03242921505376358
1183	132	400	0.06350854838709681
1183	132	450	0.031407881720430186
1183	132	500	0.029495715053763583
1183	132	550	0.04565771505376345
1183	132	600	0.06523904838709682
1183	132	650	0.060551215053763485
1183	132	700	0.0167888817204301
1183	132	750	-0.01791261827956984
1183	132	800	-0.04934178494623646
1183	132	850	-0.06181111827956983
1183	132	900	-0.08200928494623654
1183	132	950	-0.08090361827956986
1183	132	1e3	-0.08467145161290313
1183	132	1050	NA
1183	132	1100	NA
1183	132	1150	NA
1183	133	-200	-9.960414746545965e-4
1183	133	-150	0.008408387096774087
1183	133	-100	-0.006997212903226036
1183	133	-50	0.003697958525345411
1183	133	0	-0.005729612903226118
1183	133	50	-0.028058112903226018
1183	133	100	-0.028686112903226018
1183	133	150	-0.06244527956989273
1183	133	200	-0.06245394623655942
1183	133	250	-0.07671861290322601
1183	133	300	-0.06447227956989272
1183	133	350	-0.0710974462365593
1183	133	400	-0.034643779569892695
1183	133	450	-0.005387446236559364
1183	133	500	-0.004321446236559427
1183	133	550	0.020681053763440687
1183	133	600	0.033287053763440655
1183	133	650	0.03260672043010734
1183	133	700	0.004371987096773999
1183	133	750	NA
1183	133	800	NA
1183	133	850	NA
1183	133	900	-0.38460661290322595
1183	133	950	NA
1183	133	1e3	0.6976748870967739
1183	133	1050	0.33160822043010724
1183	133	1100	0.007466387096773941
1183	133	1150	0.050909220430107295
1183	134	-200	0.0031273594470048343
1183	134	-150	0.006786478494623808
1183	134	-100	-0.0044583548387095995
1183	134	-50	-0.009713854838709457
1183	134	0	0.003737145161290497
1183	134	50	-0.008609688172042848
1183	134	100	0.009751145161290534
1183	134	150	0.006443311827957136
1183	134	200	-2.6668817204285783e-4
1183	134	250	-0.008836021505376213
1183	134	300	-0.03539868817204287
1183	134	350	-0.0547096881720428
1183	134	400	-0.03672402150537627
1183	134	450	-0.043089021505376225
1183	134	500	-0.0155636881720429
1183	134	550	0.005315145161290576
1183	134	600	0.018366978494623876
1183	134	650	0.03713447849462385
1183	134	700	0.06227604516129048
1183	134	750	NA
1183	134	800	NA
1183	134	850	NA
1183	134	900	NA
1183	134	950	-0.22751968817204293
1183	134	1e3	-0.5407852119815667
1183	134	1050	0.0411949784946238
1183	134	1100	0.009460245161290537
1183	134	1150	0.04611135944700478
1183	135	-200	-0.02549502304147471
1183	135	-150	-0.005249951612903277
1183	135	-100	6.633817204300859e-4
1183	135	-50	-0.005971284946236628
1183	135	0	0.04030204838709669
1183	135	50	0.04845204838709671
1183	135	100	0.008173881720430135
1183	135	150	0.02962354838709665
1183	135	200	0.019592381720429985
1183	135	250	0.047172215053763455
1183	135	300	0.03341721505376335
1183	135	350	0.04455571505376336
1183	135	400	0.06176171505376341
1183	135	450	0.054422048387096744
1183	135	500	0.05007671505376332
1183	135	550	0.05153871505376347
1183	135	600	0.11171938172043006
1183	135	650	0.10572638172043007
1183	135	700	0.12020021505376333
1183	135	750	0.06677988172043008
1183	135	800	0.05327738172043003
1183	135	850	0.09060638172042997
1183	135	900	0.13999104838709675
1183	135	950	NA
1183	135	1e3	NA
1183	135	1050	NA
1183	135	1100	NA
1183	135	1150	NA
1183	136	-200	0.014358709677419272
1183	136	-150	0.007668209677419287
1183	136	-100	-0.004685123655913855
1183	136	-50	-0.015736290322580688
1183	136	0	-0.003998623655913969
1183	136	50	-0.012460956989247244
1183	136	100	-0.003162290322580604
1183	136	150	-0.009297956989247291
1183	136	200	0.001023543010752655
1183	136	250	-0.015283123655914036
1183	136	300	-0.031562456989247346
1183	136	350	-0.04717779032258074
1183	136	400	-0.04518445698924737
1183	136	450	-0.022839790322580693
1183	136	500	-0.016625623655913985
1183	136	550	0.0027358763440860447
1183	136	600	0.01535120967741932
1183	136	650	0.024716709677419308
1183	136	700	0.03173287634408598
1183	136	750	0.04114404301075266
1183	136	800	0.006113709677419384
1183	136	850	-0.0010979569892474543
1183	136	900	-0.012013123655914004
1183	136	950	-0.014897456989247345
1183	136	1e3	0.00237220967741932
1183	136	1050	-4.119569892473418e-4
1183	136	1100	0.019069209677419357
1183	136	1150	0.018454043010752635
1183	137	-200	-0.014557995391705119
1183	137	-150	-0.0031567096774194336
1183	137	-100	0.004143623655913882
1183	137	-50	-0.002900209677419404
1183	137	0	0.018897623655913964
1183	137	50	0.043434290322580615
1183	137	100	0.029126623655913935
1183	137	150	0.021645123655913867
1183	137	200	0.022283790322580616
1183	137	250	0.016656123655913957
1183	137	300	0.025523290322580678
1183	137	350	0.017241123655914087
1183	137	400	0.04335095698924726
1183	137	450	0.07038479032258056
1183	137	500	0.0673132903225806
1183	137	550	0.10053612365591398
1183	137	600	0.12672645698924714
1183	137	650	0.09007829032258059
1183	137	700	0.131892123655914
1183	137	750	0.07566229032258061
1183	137	800	0.12188369032258066
1183	137	850	0.08122871889400919
1183	137	900	0.06944195698924727
1183	137	950	0.08674095698924729
1183	137	1e3	0.10775995698924734
1183	137	1050	0.13114279032258072
1183	137	1100	0.12532462365591393
1183	137	1150	0.13633895698924717
1183	138	-200	-0.0214948986175117
1183	138	-150	-0.020782446236559265
1183	138	-100	0.010153053763440592
1183	138	-50	0.011415720430107376
1183	138	0	0.024291053763440724
1183	138	50	0.02366888709677406
1183	138	100	0.010519220430107298
1183	138	150	0.027964387096773995
1183	138	200	0.015507053763440673
1183	138	250	0.01896472043010733
1183	138	300	0.01808405376344065
1183	138	350	0.014447553763440682
1183	138	400	-0.00843327956989263
1183	138	450	0.0061900537634406545
1183	138	500	0.018088387096774
1183	138	550	0.06470488709677398
1183	138	600	0.07791055376344073
1183	138	650	0.10324705376344068
1183	138	700	0.09367872043010735
1183	138	750	0.09691138709677387
1183	138	800	NA
1183	138	850	NA
1183	138	900	NA
1183	138	950	NA
1183	138	1e3	0.22296238709677407
1183	138	1050	0.16594755376344064
1183	138	1100	0.13502022043010733
1183	138	1150	0.14835772043010742
1183	139	-200	-0.004798333333333534
1183	139	-150	-0.006025000000000095
1183	139	-100	0.001083333333333177
1183	139	-50	0.0017299999999999354
1183	139	0	0.008009999999999925
1183	139	50	-0.007327166666666773
1183	139	100	0.022913499999999882
1183	139	150	0.021513999999999884
1183	139	200	0.027078999999999926
1183	139	250	0.030723999999999974
1183	139	300	0.033740999999999945
1183	139	350	0.02691566666666656
1183	139	400	0.02739249999999978
1183	139	450	0.07133133333333326
1183	139	500	0.046098499999999966
1183	139	550	0.05643599999999993
1183	139	600	0.0749439999999999
1183	139	650	0.06277799999999985
1183	139	700	0.03218699999999989
1183	139	750	0.00183949999999992
1183	139	800	1.87833333333239e-4
1183	139	850	-0.028736333333333402
1183	139	900	-0.0367256666666668
1183	139	950	0.009779833333333432
1183	139	1e3	NA
1183	139	1050	NA
1183	139	1100	0.29608483333333346
1183	139	1150	0.12306383333333322
1183	140	-200	-0.0034311797235022645
1183	140	-150	0.008768510752688252
1183	140	-100	-0.004118489247311767
1183	140	-50	0.008538510752688225
1183	140	0	-0.009185489247311699
1183	140	50	2.530774193548524e-4
1183	140	100	0.0095343917050692
1183	140	150	0.008024010752688104
1183	140	200	0.03906401075268821
1183	140	250	0.023501844086021444
1183	140	300	0.040251010752688256
1183	140	350	0.052325177419354864
1183	140	400	0.05976934408602149
1183	140	450	0.05785917741935479
1183	140	500	0.05764401075268818
1183	140	550	0.05121917741935481
1183	140	600	0.06753351075268814
1183	140	650	0.06315217741935486
1183	140	700	0.017459510752688184
1183	140	750	-0.00753582258064515
1183	140	800	-0.017256322580645172
1183	140	850	-0.018401989247311883
1183	140	900	-0.03885998924731182
1183	140	950	NA
1183	140	1e3	NA
1183	140	1050	NA
1183	140	1100	NA
1183	140	1150	NA
