Subject	TrialId	bin	pupil_change
1225	1	-200	-0.04032831797235037
1225	1	-150	-0.002299198924731405
1225	1	-100	-0.01311636559139795
1225	1	-50	0.022603634408602174
1225	1	0	0.039861634408601944
1225	1	50	0.03981080107526876
1225	1	100	0.04099213440860209
1225	1	150	0.040006801075268696
1225	1	200	-0.015807698924731255
1225	1	250	-0.03945386559139815
1225	1	300	-0.06732986559139802
1225	1	350	-0.0652813655913979
1225	1	400	-0.06797953225806468
1225	1	450	-0.04939569892473128
1225	1	500	-0.008773198924731274
1225	1	550	-0.010177198924731309
1225	1	600	0.11655346774193531
1225	1	650	NA
1225	1	700	NA
1225	1	750	NA
1225	1	800	NA
1225	1	850	NA
1225	1	900	0.2934929677419353
1225	1	950	0.25722156774193533
1225	1	1e3	0.22491363440860201
1225	1	1050	0.29190230107526866
1225	1	1100	0.32666246774193525
1225	1	1150	0.3218479677419353
1225	2	-200	0.012959308755760521
1225	2	-150	0.012984118279570023
1225	2	-100	-0.019405715053763355
1225	2	-50	-0.01073388172043003
1225	2	0	0.0020362849462366808
1225	2	50	0.006461451612903272
1225	2	100	0.036777284946236666
1225	2	150	0.05721511827956993
1225	2	200	0.10462428494623659
1225	2	250	0.11537428494623662
1225	2	300	0.1507237849462367
1225	2	350	0.22596845161290338
1225	2	400	0.2956409516129033
1225	2	450	0.31256778494623666
1225	2	500	0.3238824516129033
1225	2	550	0.3831627849462367
1225	2	600	0.3787772849462365
1225	2	650	0.41609965161290335
1225	2	700	NA
1225	2	750	NA
1225	2	800	NA
1225	2	850	NA
1225	2	900	NA
1225	2	950	NA
1225	2	1e3	NA
1225	2	1050	0.5926397849462367
1225	2	1100	0.4263884516129033
1225	2	1150	0.47748961827957004
1225	3	-200	0.004098333333333463
1225	3	-150	0.03596983333333337
1225	3	-100	-0.007152333333333279
1225	3	-50	-0.008892666666666512
1225	3	0	-0.024023166666666523
1225	3	50	-0.04531152380952376
1225	3	100	-0.06892733333333319
1225	3	150	-0.0547889999999999
1225	3	200	-0.05273149999999993
1225	3	250	-0.029674499999999975
1225	3	300	-0.034582999999999954
1225	3	350	0.0021381666666667374
1225	3	400	-0.025641166666666566
1225	3	450	0.020742500000000108
1225	3	500	0.03983583333333337
1225	3	550	0.061682166666666705
1225	3	600	0.11623033333333337
1225	3	650	0.17135973333333343
1225	3	700	0.22642800000000016
1225	3	750	NA
1225	3	800	0.10754733333333333
1225	3	850	0.14142776190476194
1225	3	900	0.13413783333333348
1225	3	950	0.12040200000000012
1225	3	1e3	0.14489983333333348
1225	3	1050	0.12657633333333354
1225	3	1100	0.10365883333333326
1225	3	1150	0.10225916666666672
1225	4	-200	0.06211990783410126
1225	4	-150	0.02868786021505369
1225	4	-100	-0.03565113978494631
1225	4	-50	-0.023887806451613036
1225	4	0	-0.041622139784946256
1225	4	50	-0.034315139784946304
1225	4	100	-0.016055473118279744
1225	4	150	0.014710526881720401
1225	4	200	0.0376378602150537
1225	4	250	-6.539731182796013e-4
1225	4	300	0.06831936021505373
1225	4	350	0.09156319354838693
1225	4	400	0.11423436021505373
1225	4	450	0.1209196935483871
1225	4	500	0.16673102688172037
1225	4	550	0.26581952688172034
1225	4	600	0.2916981935483871
1225	4	650	0.3610818602150537
1225	4	700	0.37067369354838703
1225	4	750	0.36831869354838687
1225	4	800	NA
1225	4	850	NA
1225	4	900	NA
1225	4	950	NA
1225	4	1e3	0.6918611935483872
1225	4	1050	0.4123615268817204
1225	4	1100	0.3876783602150537
1225	4	1150	0.4130955268817203
1225	5	-200	-0.0032537999999999734
1225	5	-150	-0.020024800000000065
1225	5	-100	0.0027192000000000327
1225	5	-50	0.01723420000000016
1225	5	0	0.003325200000000065
1225	5	50	-0.005574133333333231
1225	5	100	-0.013221300000000028
1225	5	150	-0.021609633333333322
1225	5	200	-0.02432846666666662
1225	5	250	-0.046121966666666646
1225	5	300	-0.029291299999999982
1225	5	350	0.009488200000000058
1225	5	400	0.009607366666666653
1225	5	450	0.039970700000000026
1225	5	500	0.15460520000000008
1225	5	550	0.18866303333333337
1225	5	600	0.2760010333333334
1225	5	650	0.3257930333333334
1225	5	700	0.33632603333333333
1225	5	750	0.3389935333333334
1225	5	800	0.3047982
1225	5	850	NA
1225	5	900	NA
1225	5	950	0.2776498666666667
1225	5	1e3	0.2905678666666667
1225	5	1050	0.21073336666666673
1225	5	1100	0.23820086666666684
1225	5	1150	0.33073603333333335
1225	6	-200	0.021566820276497558
1225	6	-150	8.95107526881489e-5
1225	6	-100	0.034528510752688035
1225	6	-50	-0.011238322580645313
1225	6	0	-0.04854098924731195
1225	6	50	-0.025825155913978676
1225	6	100	-0.04025865591397859
1225	6	150	-0.053410989247312024
1225	6	200	-0.0594878225806453
1225	6	250	-0.041573489247312
1225	6	300	-0.0038568225806453102
1225	6	350	-0.00443298924731191
1225	6	400	0.015315844086021343
1225	6	450	0.03145117741935458
1225	6	500	0.04903317741935479
1225	6	550	0.08868284408602145
1225	6	600	0.17916942741935482
1225	6	650	NA
1225	6	700	NA
1225	6	750	NA
1225	6	800	NA
1225	6	850	NA
1225	6	900	0.2980126774193548
1225	6	950	0.2739663440860214
1225	6	1e3	0.19483917741935475
1225	6	1050	0.25815767741935475
1225	6	1100	0.31097434408602137
1225	6	1150	0.29299484408602133
1225	7	-200	0.014129990783410167
1225	7	-150	-0.0032264139784945467
1225	7	-100	-0.00510824731182787
1225	7	-50	-0.009437247311827898
1225	7	0	0.0012869193548387485
1225	7	50	-1.9524731182799884e-4
1225	7	100	-0.03168891397849446
1225	7	150	0.04221325268817222
1225	7	200	0.015079919354838767
1225	7	250	0.010379919354838766
1225	7	300	0.019043419354838775
1225	7	350	0.010389752688172216
1225	7	400	0.06160758602150551
1225	7	450	0.10153175268817205
1225	7	500	0.11570691935483872
1225	7	550	0.17426458602150552
1225	7	600	0.25627375268817215
1225	7	650	0.3203645860215054
1225	7	700	NA
1225	7	750	NA
1225	7	800	NA
1225	7	850	NA
1225	7	900	NA
1225	7	950	0.5353854193548387
1225	7	1e3	0.41630775268817216
1225	7	1050	0.37419291935483884
1225	7	1100	0.3802374193548388
1225	7	1150	0.41034591935483866
1225	8	-200	0.014384783410138016
1225	8	-150	-0.009419311827957152
1225	8	-100	0.016236021505376286
1225	8	-50	-0.008037311827957158
1225	8	0	-0.015561645161290475
1225	8	50	0.004624354838709599
1225	8	100	NA
1225	8	150	NA
1225	8	200	0.19359210483870948
1225	8	250	0.1140863548387095
1225	8	300	0.09298668817204292
1225	8	350	0.11942102150537615
1225	8	400	0.1411913548387096
1225	8	450	0.13496985483870957
1225	8	500	0.12813618817204286
1225	8	550	0.10148835483870955
1225	8	600	0.09844085483870961
1225	8	650	0.10974202150537622
1225	8	700	0.1199500215053763
1225	8	750	0.15800035483870958
1225	8	800	0.2286101881720429
1225	8	850	0.49399835483870946
1225	8	900	NA
1225	8	950	NA
1225	8	1e3	NA
1225	8	1050	NA
1225	8	1100	0.2636316881720428
1225	8	1150	0.2917445215053762
1225	9	-200	0.011811271889400883
1225	9	-150	-0.0032692043010752827
1225	9	-100	0.018868962365591324
1225	9	-50	-0.01854137096774185
1225	9	0	-0.010838204301075294
1225	9	50	-0.03128270430107527
1225	9	100	-0.09125437096774196
1225	9	150	-0.0795372043010752
1225	9	200	-0.12414287096774206
1225	9	250	-0.11450637096774186
1225	9	300	-0.12311570430107525
1225	9	350	-0.10565653763440852
1225	9	400	-0.09115520430107527
1225	9	450	-0.054810537634408574
1225	9	500	0.016630629032258055
1225	9	550	0.07350112903225803
1225	9	600	0.11154779569892466
1225	9	650	0.15088662903225802
1225	9	700	NA
1225	9	750	NA
1225	9	800	NA
1225	9	850	NA
1225	9	900	NA
1225	9	950	NA
1225	9	1e3	NA
1225	9	1050	0.344314879032258
1225	9	1100	0.2742467956989247
1225	9	1150	0.2102807956989247
1225	10	-200	0.010184258064516236
1225	10	-150	-0.017090575268817004
1225	10	-100	-0.02467424193548366
1225	10	-50	0.011097258064516335
1225	10	0	0.018785924731183012
1225	10	50	0.014932424731183058
1225	10	100	0.011744591397849558
1225	10	150	-0.018888575268817043
1225	10	200	-0.005879241935483763
1225	10	250	0.018648424731183038
1225	10	300	0.06840342473118304
1225	10	350	0.07488409139784968
1225	10	400	0.057699424731182836
1225	10	450	0.11781575806451627
1225	10	500	0.12603225806451634
1225	10	550	0.17687175806451627
1225	10	600	0.21544709139784968
1225	10	650	0.2554002580645164
1225	10	700	NA
1225	10	750	NA
1225	10	800	NA
1225	10	850	NA
1225	10	900	NA
1225	10	950	NA
1225	10	1e3	NA
1225	10	1050	0.38366325806451645
1225	10	1100	0.2613077580645163
1225	10	1150	0.28157042473118293
1225	11	-200	-0.010044917050691231
1225	11	-150	0.028883225806451678
1225	11	-100	-0.0017812741935483434
1225	11	-50	-0.005567940860215097
1225	11	0	-0.009814940860215135
1225	11	50	-0.03933060752688178
1225	11	100	-0.052290940860215095
1225	11	150	-0.016519607526881714
1225	11	200	-0.01987360752688172
1225	11	250	0.0023888924731182057
1225	11	300	0.03718172580645159
1225	11	350	0.03881055913978493
1225	11	400	0.050001725806451645
1225	11	450	0.04678255913978494
1225	11	500	0.004722392473118194
1225	11	550	0.0475017258064517
1225	11	600	0.05390589247311824
1225	11	650	0.08143839247311828
1225	11	700	0.09126372580645155
1225	11	750	0.1243645591397849
1225	11	800	NA
1225	11	850	NA
1225	11	900	NA
1225	11	950	NA
1225	11	1e3	0.47052972580645136
1225	11	1050	0.10153402580645166
1225	11	1100	0.07084939247311824
1225	11	1150	0.10508539247311832
1225	12	-200	0.0356944700460829
1225	12	-150	0.007870446236559156
1225	12	-100	-6.89387096774278e-4
1225	12	-50	-0.030167887096774166
1225	12	0	-0.018656720430107576
1225	12	50	-0.03247755376344089
1225	12	100	-0.10844672043010754
1225	12	150	-0.09659738709677423
1225	12	200	-0.12021388709677423
1225	12	250	-0.13733838709677423
1225	12	300	-0.1404947204301076
1225	12	350	-0.11526222043010755
1225	12	400	-0.12971188709677425
1225	12	450	-0.08705322043010762
1225	12	500	-0.07691722043010756
1225	12	550	-0.0549807204301076
1225	12	600	0.015847946236559052
1225	12	650	0.10025221290322577
1225	12	700	NA
1225	12	750	NA
1225	12	800	NA
1225	12	850	NA
1225	12	900	0.5332086129032256
1225	12	950	0.27294186290322575
1225	12	1e3	0.2608627795698924
1225	12	1050	0.2612224462365591
1225	12	1100	0.2958147795698925
1225	12	1150	0.26040261290322575
1225	13	-200	-0.030844341013824765
1225	13	-150	-0.0012963172043007898
1225	13	-100	0.025466016129032543
1225	13	-50	-0.004621983870967572
1225	13	0	0.016437349462365747
1225	13	50	-0.0069161505376342065
1225	13	100	0.03618584946236577
1225	13	150	0.038255349462365786
1225	13	200	0.07102334946236577
1225	13	250	0.09934384946236581
1225	13	300	0.12991251612903243
1225	13	350	0.13646434946236577
1225	13	400	0.18161734946236577
1225	13	450	0.23546684946236582
1225	13	500	0.27553684946236584
1225	13	550	0.30990701612903243
1225	13	600	0.33919468279569914
1225	13	650	0.3764847661290326
1225	13	700	NA
1225	13	750	NA
1225	13	800	NA
1225	13	850	0.47811076612903247
1225	13	900	0.3536770161290326
1225	13	950	0.26958084946236577
1225	13	1e3	0.2759001827956992
1225	13	1050	0.3205720161290324
1225	13	1100	0.2994908494623658
1225	13	1150	0.2534776827956991
1225	14	-200	0.0036280588235295674
1225	14	-150	NA
1225	14	-100	0.15761480882352952
1225	14	-50	-0.007364441176470467
1225	14	0	-0.09831677450980385
1225	14	50	-0.06329010784313716
1225	14	100	-0.0682459411764705
1225	14	150	-0.0508261078431372
1225	14	200	-0.036530607843137254
1225	14	250	-0.025480941176470484
1225	14	300	-0.043908607843137215
1225	14	350	-0.03832844117647053
1225	14	400	-0.011450274509803885
1225	14	450	0.0026592254901961856
1225	14	500	0.03796055882352937
1225	14	550	0.05161405882352943
1225	14	600	0.12499189215686284
1225	14	650	0.12969039215686276
1225	14	700	0.23670405882352963
1225	14	750	NA
1225	14	800	NA
1225	14	850	0.24928422549019622
1225	14	900	0.13951022549019618
1225	14	950	0.08436905882352945
1225	14	1e3	0.12720405882352948
1225	14	1050	0.17282539215686285
1225	14	1100	0.2066513921568629
1225	14	1150	0.2325763921568628
1225	15	-200	-0.047002256410256425
1225	15	-150	-0.025925173076923214
1225	15	-100	NA
1225	15	-50	NA
1225	15	0	0.12857141025641017
1225	15	50	0.08517291025641027
1225	15	100	-0.01797942307692309
1225	15	150	-0.005707089743589799
1225	15	200	0.03491191025641024
1225	15	250	-0.005437089743589733
1225	15	300	-0.03455975641025651
1225	15	350	-0.09088658974358976
1225	15	400	-0.15058292307692303
1225	15	450	-0.14320675641025646
1225	15	500	-0.14067225641025635
1225	15	550	-0.14589575641025646
1225	15	600	-0.09686175641025636
1225	15	650	-0.040374089743589726
1225	15	700	-0.006334756410256419
1225	15	750	-0.015265756410256293
1225	15	800	-0.031930589743589755
1225	15	850	0.03317607692307689
1225	15	900	NA
1225	15	950	NA
1225	15	1e3	NA
1225	15	1050	NA
1225	15	1100	NA
1225	15	1150	0.2589244102564103
1225	16	-200	-0.003208700460829661
1225	16	-150	-0.009042629032258201
1225	16	-100	-0.009201462365591384
1225	16	-50	-0.006000962365591371
1225	16	0	0.027988537634408523
1225	16	50	0.013437204301075164
1225	16	100	-0.008742295698924782
1225	16	150	-0.004056629032258119
1225	16	200	-0.010055795698924822
1225	16	250	0.007436204301075167
1225	16	300	0.020017870967741953
1225	16	350	0.03028953763440856
1225	16	400	0.08968503763440865
1225	16	450	0.14056353763440854
1225	16	500	0.16734687096774192
1225	16	550	0.1947442043010752
1225	16	600	0.21838453763440854
1225	16	650	0.17780320430107524
1225	16	700	NA
1225	16	750	-0.1397131290322582
1225	16	800	0.062465620967741775
1225	16	850	0.2129225376344086
1225	16	900	0.09617587096774183
1225	16	950	0.05632037096774186
1225	16	1e3	0.13563887096774185
1225	16	1050	0.1771047043010753
1225	16	1100	0.1758178709677419
1225	16	1150	0.1516347043010752
1225	17	-200	0.03221053917050704
1225	17	-150	0.019027301075268992
1225	17	-100	-0.03194086559139767
1225	17	-50	-0.008475532258064375
1225	17	0	-0.01618986559139768
1225	17	50	-0.009362365591397692
1225	17	100	0.11624596774193563
1225	17	150	NA
1225	17	200	0.4315329677419357
1225	17	250	0.28904030107526896
1225	17	300	0.14412063440860234
1225	17	350	0.02720663440860231
1225	17	400	1.2680107526900444e-4
1225	17	450	0.04134463440860229
1225	17	500	0.07188946774193572
1225	17	550	0.10531230107526908
1225	17	600	0.13542813440860227
1225	17	650	0.15185430107526887
1225	17	700	0.17331280107526892
1225	17	750	0.29119896774193554
1225	17	800	NA
1225	17	850	NA
1225	17	900	NA
1225	17	950	NA
1225	17	1e3	NA
1225	17	1050	NA
1225	17	1100	NA
1225	17	1150	NA
1225	18	-200	-0.14577957142857123
1225	18	-150	NA
1225	18	-100	NA
1225	18	-50	0.3633790000000001
1225	18	0	0.1095130000000002
1225	18	50	-0.06651949999999977
1225	18	100	-0.06747283333333313
1225	18	150	-0.0704894999999998
1225	18	200	-0.08076616666666643
1225	18	250	-0.07733166666666651
1225	18	300	-0.10163566666666646
1225	18	350	-0.16112799999999972
1225	18	400	-0.18657449999999978
1225	18	450	-0.19325083333333315
1225	18	500	-0.1702226666666665
1225	18	550	-0.1355216666666664
1225	18	600	-0.07432049999999986
1225	18	650	-0.05024383333333304
1225	18	700	0.04066400000000018
1225	18	750	NA
1225	18	800	NA
1225	18	850	0.2307275000000002
1225	18	900	-0.016636666666666484
1225	18	950	-0.051704999999999814
1225	18	1e3	-0.0271921666666665
1225	18	1050	0.0055835000000001855
1225	18	1100	0.015446000000000218
1225	18	1150	0.028603166666666846
1225	19	-200	0.025386933333333417
1225	19	-150	-0.00863056666666647
1225	19	-100	-0.011736733333333138
1225	19	-50	-0.009446066666666622
1225	19	0	0.004426433333333406
1225	19	50	0.0077134333333334455
1225	19	100	0.022565600000000147
1225	19	150	0.05814010000000014
1225	19	200	0.09527360000000014
1225	19	250	0.13518010000000028
1225	19	300	0.1515412666666668
1225	19	350	0.13110260000000018
1225	19	400	0.1317487666666667
1225	19	450	0.13485726666666675
1225	19	500	0.1356876000000001
1225	19	550	0.1465371000000002
1225	19	600	0.19455826666666676
1225	19	650	0.17756560000000002
1225	19	700	0.2053701000000002
1225	19	750	0.23697443333333346
1225	19	800	0.2781046000000001
1225	19	850	0.28867743333333346
1225	19	900	0.2961266000000001
1225	19	950	0.2808964333333335
1225	19	1e3	0.23946943333333345
1225	19	1050	0.32253160000000025
1225	19	1100	NA
1225	19	1150	NA
1225	20	-200	-0.022665115207373226
1225	20	-150	2.8307526881713824e-4
1225	20	-100	0.013970741935483902
1225	20	-50	0.015687075268817186
1225	20	0	-0.003498258064516054
1225	20	50	-0.042322758064516165
1225	20	100	-0.03448309139784941
1225	20	150	-0.04189225806451602
1225	20	200	-0.029073258064516105
1225	20	250	-0.051414091397849436
1225	20	300	-0.059879924731182754
1225	20	350	-0.053628258064516134
1225	20	400	-0.058305424731182796
1225	20	450	-0.05175959139784939
1225	20	500	-4.369247311827677e-4
1225	20	550	0.03294190860215059
1225	20	600	0.04626740860215054
1225	20	650	0.0664544086021505
1225	20	700	NA
1225	20	750	NA
1225	20	800	NA
1225	20	850	NA
1225	20	900	NA
1225	20	950	0.23126224193548395
1225	20	1e3	0.0747347419354838
1225	20	1050	0.07533974193548391
1225	20	1100	0.12500274193548386
1225	20	1150	0.20693790860215056
1225	21	-200	-0.014271466666666713
1225	21	-150	-0.005575800000000131
1225	21	-100	-0.004218133333333392
1225	21	-50	0.010754033333333357
1225	21	0	0.013311366666666583
1225	21	50	0.025957533333333355
1225	21	100	0.05160503333333333
1225	21	150	0.04190819999999995
1225	21	200	0.06660003333333327
1225	21	250	0.054101366666666685
1225	21	300	0.04203886666666655
1225	21	350	0.047475699999999975
1225	21	400	0.14141486666666658
1225	21	450	NA
1225	21	500	NA
1225	21	550	0.23434586666666668
1225	21	600	0.3942156166666666
1225	21	650	0.23493186666666657
1225	21	700	0.21684170000000003
1225	21	750	0.27508103333333334
1225	21	800	0.3340037
1225	21	850	0.30286986666666665
1225	21	900	0.21778569999999994
1225	21	950	0.21882636666666663
1225	21	1e3	NA
1225	21	1050	NA
1225	21	1100	0.21321986666666648
1225	21	1150	0.1479130333333333
1225	22	-200	0.029119172043010916
1225	22	-150	0.005767338709677494
1225	22	-100	-0.022113494623655788
1225	22	-50	-0.005871589861751085
1225	22	0	-0.005922827956989174
1225	22	50	-0.018982327956989176
1225	22	100	-0.011949661290322489
1225	22	150	-0.021808994623655858
1225	22	200	-0.028488327956989117
1225	22	250	-0.04252666129032242
1225	22	300	-0.05770282795698911
1225	22	350	-0.02161232795698916
1225	22	400	-0.04672082795698921
1225	22	450	-0.023672327956989186
1225	22	500	0.010161505376344268
1225	22	550	0.045408005376344075
1225	22	600	0.0925558387096775
1225	22	650	0.1554486720430109
1225	22	700	0.21031503870967755
1225	22	750	NA
1225	22	800	NA
1225	22	850	NA
1225	22	900	NA
1225	22	950	0.5298518387096776
1225	22	1e3	0.6080598387096776
1225	22	1050	0.5913595053763442
1225	22	1100	0.45182598156682036
1225	22	1150	0.43920783870967756
1225	23	-200	-0.03745357603686626
1225	23	-150	-0.020210123655913792
1225	23	-100	0.010336543010752855
1225	23	-50	0.02834104301075276
1225	23	0	0.025228376344086145
1225	23	50	0.033587209677419606
1225	23	100	0.058758043010752825
1225	23	150	0.04993670967741948
1225	23	200	0.06123337634408621
1225	23	250	0.0988997096774195
1225	23	300	0.09287854301075282
1225	23	350	0.09101670967741955
1225	23	400	0.12424804301075287
1225	23	450	0.11673737634408614
1225	23	500	0.1625082096774196
1225	23	550	0.1976722096774194
1225	23	600	0.2090773763440862
1225	23	650	0.19324387634408616
1225	23	700	0.17425087634408612
1225	23	750	0.2146847096774196
1225	23	800	NA
1225	23	850	0.29281737634408617
1225	23	900	0.1913645430107529
1225	23	950	0.14310937634408613
1225	23	1e3	0.13065054301075282
1225	23	1050	0.1762428763440861
1225	23	1100	0.22106220967741944
1225	23	1150	0.23703520967741953
1225	24	-200	-0.023130792626728094
1225	24	-150	0.006486064516129171
1225	24	-100	0.011018231182795768
1225	24	-50	0.0022833978494625207
1225	24	0	0.007198231182795833
1225	24	50	0.011508064516129105
1225	24	100	0.010338397849462444
1225	24	150	0.0056515645161291745
1225	24	200	0.030876064516129082
1225	24	250	0.03551073118279587
1225	24	300	0.04057473118279583
1225	24	350	0.050391564516129105
1225	24	400	0.08778856451612908
1225	24	450	0.12159989784946242
1225	24	500	0.18239256451612906
1225	24	550	0.23999706451612912
1225	24	600	0.2896938978494625
1225	24	650	NA
1225	24	700	NA
1225	24	750	NA
1225	24	800	NA
1225	24	850	NA
1225	24	900	0.4433810645161289
1225	24	950	0.6236415645161291
1225	24	1e3	0.5138127311827957
1225	24	1050	0.5135937311827958
1225	24	1100	0.48201739784946257
1225	24	1150	0.5066507311827958
1225	25	-200	-0.0071545529953914565
1225	25	-150	0.014660994623656073
1225	25	-100	0.0020821612903227926
1225	25	-50	0.01039932795698939
1225	25	0	-0.01879550537634393
1225	25	50	-0.051370172043010566
1225	25	100	-0.07843250537634394
1225	25	150	-0.09694983870967722
1225	25	200	-0.1360580053763439
1225	25	250	-0.11070500537634387
1225	25	300	-0.13121317204301053
1225	25	350	-0.11615650537634388
1225	25	400	-0.14021067204301052
1225	25	450	-0.1169228387096773
1225	25	500	-0.08555367204301063
1225	25	550	-0.01390183870967728
1225	25	600	0.026675661290322655
1225	25	650	0.09103966129032282
1225	25	700	NA
1225	25	750	NA
1225	25	800	NA
1225	25	850	NA
1225	25	900	NA
1225	25	950	0.5110521612903228
1225	25	1e3	0.38449666129032273
1225	25	1050	0.36865982795698954
1225	25	1100	0.39227116129032275
1225	25	1150	0.46909499462365617
1225	26	-200	0.010077299539170439
1225	26	-150	0.009524370967741799
1225	26	-100	-0.007625462365591511
1225	26	-50	-0.010942629032258141
1225	26	0	-0.002713129032258251
1225	26	50	0.019147370967741734
1225	26	100	0.024614204301075155
1225	26	150	0.06280167096774188
1225	26	200	0.1481753709677418
1225	26	250	0.12261453763440855
1225	26	300	0.10406403763440848
1225	26	350	0.10589837096774184
1225	26	400	0.10611203763440846
1225	26	450	0.1302010376344085
1225	26	500	0.1633768709677418
1225	26	550	0.19337053763440837
1225	26	600	0.20475770430107523
1225	26	650	0.2460628709677417
1225	26	700	NA
1225	26	750	NA
1225	26	800	NA
1225	26	850	NA
1225	26	900	NA
1225	26	950	NA
1225	26	1e3	NA
1225	26	1050	NA
1225	26	1100	NA
1225	26	1150	0.20623987096774177
1225	27	-200	-0.019481382488479478
1225	27	-150	-0.020050930107527048
1225	27	-100	-1.8159677419375223e-4
1225	27	-50	0.016594403225806225
1225	27	0	0.02636640322580619
1225	27	50	0.005638736559139564
1225	27	100	0.043607403225806175
1225	27	150	0.0063174032258061326
1225	27	200	0.03225406989247285
1225	27	250	0.06782590322580617
1225	27	300	0.07415006989247286
1225	27	350	0.09902756989247281
1225	27	400	0.1042119032258062
1225	27	450	0.15535556989247282
1225	27	500	0.18398006989247281
1225	27	550	0.2086802365591395
1225	27	600	0.22434223655913943
1225	27	650	0.23116923655913948
1225	27	700	0.22012490322580622
1225	27	750	0.26441690322580613
1225	27	800	NA
1225	27	850	NA
1225	27	900	NA
1225	27	950	NA
1225	27	1e3	NA
1225	27	1050	0.4256499032258061
1225	27	1100	0.47247606989247287
1225	27	1150	0.4599044032258061
1225	28	-200	0.01271955299539153
1225	28	-150	0.01328233870967721
1225	28	-100	-0.016287994623656044
1225	28	-50	0.005506338709677279
1225	28	0	-0.017340161290322786
1225	28	50	0.012183505376343792
1225	28	100	-0.006579327956989456
1225	28	150	-0.01298749462365604
1225	28	200	-0.016114327956989454
1225	28	250	0.010964838709677238
1225	28	300	0.028023005376343946
1225	28	350	0.04031800537634397
1225	28	400	0.0577800053763439
1225	28	450	0.052252172043010546
1225	28	500	0.08431300537634397
1225	28	550	0.1211131720430106
1225	28	600	0.11353233870967723
1225	28	650	0.07461433870967715
1225	28	700	0.06566883870967732
1225	28	750	NA
1225	28	800	NA
1225	28	850	0.07633483870967739
1225	28	900	0.20882043870967726
1225	28	950	0.023252005376344014
1225	28	1e3	-0.03799416129032281
1225	28	1050	-0.0016134946236561198
1225	28	1100	0.054076338709677284
1225	28	1150	0.024930838709677234
1225	29	-200	-0.035646047619047806
1225	29	-150	-0.005961214285714389
1225	29	-100	0.01417061904761896
1225	29	-50	0.05487328571428559
1225	29	0	NA
1225	29	50	0.4259280857142856
1225	29	100	0.11609895238095236
1225	29	150	0.09955045238095228
1225	29	200	0.12964295238095228
1225	29	250	0.12491328571428555
1225	29	300	0.08617911904761895
1225	29	350	0.08066511904761901
1225	29	400	0.052281785714285656
1225	29	450	0.028233619047618896
1225	29	500	0.03773878571428561
1225	29	550	0.045164619047618926
1225	29	600	0.06844811904761901
1225	29	650	0.1105996190476189
1225	29	700	0.10611111904761894
1225	29	750	0.062416285714285515
1225	29	800	0.06254911904761891
1225	29	850	NA
1225	29	900	NA
1225	29	950	0.556323619047619
1225	29	1e3	0.19171511904761895
1225	29	1050	0.10002028571428556
1225	29	1100	0.15937761904761905
1225	29	1150	0.18644278571428563
1225	30	-200	0.04690697695852527
1225	30	-150	0.013039048387096722
1225	30	-100	-0.009746618279569871
1225	30	-50	-0.019200451612903253
1225	30	0	-0.03881678494623656
1225	30	50	-0.030657451612903303
1225	30	100	-0.042148451612903225
1225	30	150	-0.03911211827956995
1225	30	200	-0.00547095161290323
1225	30	250	0.019292881720430016
1225	30	300	0.011606548387096701
1225	30	350	0.00986954838709675
1225	30	400	0.035002381720429986
1225	30	450	0.03771054838709668
1225	30	500	0.09984571505376334
1225	30	550	0.12524504838709674
1225	30	600	0.1812823817204301
1225	30	650	0.18538621505376343
1225	30	700	NA
1225	30	750	NA
1225	30	800	0.4228180483870967
1225	30	850	0.34675704838709676
1225	30	900	0.21867921505376345
1225	30	950	0.2336253817204299
1225	30	1e3	0.29319621505376325
1225	30	1050	0.33095638172043
1225	30	1100	0.32696921505376336
1225	30	1150	0.2843728817204301
1225	31	-200	-0.11541312499999967
1225	31	-150	NA
1225	31	-100	0.19495787500000028
1225	31	-50	0.053020875000000224
1225	31	0	-0.07953579166666658
1225	31	50	-0.055741624999999795
1225	31	100	-0.0520631249999998
1225	31	150	-0.048501624999999805
1225	31	200	-0.0861299583333331
1225	31	250	-0.1043912916666665
1225	31	300	-0.16508462499999985
1225	31	350	-0.23722045833333313
1225	31	400	-0.3032572916666665
1225	31	450	-0.2803897916666665
1225	31	500	-0.247533958333333
1225	31	550	-0.19123229166666644
1225	31	600	-0.15551412499999992
1225	31	650	-0.10798512499999983
1225	31	700	-0.1600466249999999
1225	31	750	-0.09751732499999992
1225	31	800	NA
1225	31	850	NA
1225	31	900	0.13627562500000023
1225	31	950	0.08967337500000012
1225	31	1e3	-0.08577545833333315
1225	31	1050	-0.06554179166666652
1225	31	1100	-0.028046458333333153
1225	31	1150	0.018693375000000234
1225	32	-200	0.029480225806451772
1225	32	-150	-0.02673194086021491
1225	32	-100	-0.019165940860214947
1225	32	-50	0.013293059139785143
1225	32	0	-0.0017887741935482075
1225	32	50	-0.007272774193548252
1225	32	100	-0.01894410752688147
1225	32	150	0.012872892473118291
1225	32	200	0.0028772258064518517
1225	32	250	0.0200422258064518
1225	32	300	-0.0026552741935483106
1225	32	350	0.024808559139785007
1225	32	400	0.035543892473118475
1225	32	450	0.07091289247311845
1225	32	500	0.07705689247311846
1225	32	550	0.14366172580645173
1225	32	600	0.1803983924731185
1225	32	650	0.18796022580645175
1225	32	700	0.1651642258064517
1225	32	750	0.1371845591397851
1225	32	800	NA
1225	32	850	0.23817422580645164
1225	32	900	0.3245250591397851
1225	32	950	0.12444639247311835
1225	32	1e3	0.1122573924731185
1225	32	1050	0.15778322580645185
1225	32	1100	0.1818897258064517
1225	32	1150	0.21779255913978512
1225	33	-200	-0.018886133640553217
1225	33	-150	-0.03182891935483897
1225	33	-100	0.006183913978494419
1225	33	-50	0.020557580645161073
1225	33	0	0.027121247311827783
1225	33	50	0.08013441397849445
1225	33	100	0.060833247311827744
1225	33	150	0.08315041397849443
1225	33	200	0.07784574731182776
1225	33	250	0.07338774731182778
1225	33	300	0.059093413978494436
1225	33	350	0.05129058064516112
1225	33	400	0.08489658064516115
1225	33	450	0.11248074731182774
1225	33	500	0.15209691397849437
1225	33	550	0.2134089139784944
1225	33	600	0.23474274731182776
1225	33	650	0.22217424731182778
1225	33	700	0.19804708064516108
1225	33	750	0.15443341397849442
1225	33	800	0.2047272473118277
1225	33	850	NA
1225	33	900	NA
1225	33	950	0.2600982473118278
1225	33	1e3	0.3511554139784943
1225	33	1050	0.07520191397849445
1225	33	1100	0.08801658064516109
1225	33	1150	0.13191724731182775
1225	34	-200	-0.04671390000000023
1225	34	-150	-0.04400390000000017
1225	34	-100	-0.007992066666666778
1225	34	-50	0.019151433333333134
1225	34	0	0.07955843333333308
1225	34	50	0.09751326666666649
1225	34	100	0.1419047666666664
1225	34	150	0.17838743333333315
1225	34	200	0.18868276666666647
1225	34	250	0.17408976666666645
1225	34	300	0.18111459999999976
1225	34	350	0.1975705999999998
1225	34	400	0.18476293333333316
1225	34	450	0.1773804333333331
1225	34	500	0.2142815999999997
1225	34	550	0.22712926666666636
1225	34	600	0.25103293333333304
1225	34	650	0.23945343333333313
1225	34	700	0.19695143333333318
1225	34	750	0.18929976666666648
1225	34	800	NA
1225	34	850	NA
1225	34	900	NA
1225	34	950	0.25659926666666644
1225	34	1e3	0.2713292666666665
1225	34	1050	0.114236433333333
1225	34	1100	0.1447000999999998
1225	34	1150	0.18707359999999973
1225	35	-200	-0.008761064516129189
1225	35	-150	0.014081602150537442
1225	35	-100	0.017384435483870735
1225	35	-50	-0.007931564516129308
1225	35	0	-0.013313231182795926
1225	35	50	0.01928510215053736
1225	35	100	0.0044171021505374775
1225	35	150	0.029743602150537358
1225	35	200	0.012789768817204136
1225	35	250	0.015895102150537282
1225	35	300	0.023494102150537415
1225	35	350	0.010116602150537371
1225	35	400	0.002683102150537501
1225	35	450	-0.00744156451612928
1225	35	500	-0.00643056451612926
1225	35	550	0.005157602150537288
1225	35	600	0.03995076881720405
1225	35	650	0.06775710215053736
1225	35	700	0.08489910215053735
1225	35	750	0.07844493548387062
1225	35	800	0.08429726881720412
1225	35	850	0.05774043548387079
1225	35	900	0.04861568548387063
1225	35	950	NA
1225	35	1e3	NA
1225	35	1050	NA
1225	35	1100	0.12386693548387069
1225	35	1150	0.1934984354838707
1225	36	-200	0.03781168663594465
1225	36	-150	0.01265942473118272
1225	36	-100	-2.52075268817394e-4
1225	36	-50	-0.01887990860215057
1225	36	0	-0.037641075268817215
1225	36	50	-0.04052507526881725
1225	36	100	-0.03670957526881735
1225	36	150	-0.04187807526881726
1225	36	200	-0.06067257526881716
1225	36	250	-0.0766412419354839
1225	36	300	-0.05176307526881726
1225	36	350	-0.047406741935484
1225	36	400	-0.03948540860215063
1225	36	450	0.078862508064516
1225	36	500	0.12689345806451602
1225	36	550	0.15469075806451613
1225	36	600	0.1441789247311828
1225	36	650	0.17417092473118276
1225	36	700	0.21721442473118283
1225	36	750	0.34175025806451603
1225	36	800	NA
1225	36	850	NA
1225	36	900	NA
1225	36	950	NA
1225	36	1e3	NA
1225	36	1050	0.3228342580645161
1225	36	1100	0.2666704009216589
1225	36	1150	0.3255460913978494
1225	37	-200	0.005121195488721586
1225	37	-150	-0.001271780701754599
1225	37	-100	-0.004702947368421251
1225	37	-50	NA
1225	37	0	NA
1225	37	50	NA
1225	37	100	0.23264071929824545
1225	37	150	0.07249238596491203
1225	37	200	0.08733321929824538
1225	37	250	0.13403921929824536
1225	37	300	0.1485035526315787
1225	37	350	0.13783188596491214
1225	37	400	0.07301988596491205
1225	37	450	0.05258621929824536
1225	37	500	0.03708171929824541
1225	37	550	0.03859771929824533
1225	37	600	0.05897105263157861
1225	37	650	0.079141385964912
1225	37	700	0.10261205263157873
1225	37	750	0.11632121929824539
1225	37	800	0.18807405263157873
1225	37	850	NA
1225	37	900	NA
1225	37	950	NA
1225	37	1e3	NA
1225	37	1050	NA
1225	37	1100	NA
1225	37	1150	NA
1225	38	-200	0.018451529953916905
1225	38	-150	0.00931638709677407
1225	38	-100	0.002208220430107488
1225	38	-50	-0.012111112903225862
1225	38	0	-0.0209402795698926
1225	38	50	-0.023324446236559233
1225	38	100	-0.029758446236559283
1225	38	150	-0.030237112903225876
1225	38	200	-0.04118127956989256
1225	38	250	-0.062202112903225894
1225	38	300	-0.07580411290322579
1225	38	350	-0.08503877956989266
1225	38	400	-0.08420827956989256
1225	38	450	-0.05186327956989271
1225	38	500	-0.03378927956989249
1225	38	550	0.040594720430107444
1225	38	600	0.08321305376344079
1225	38	650	0.09039972043010747
1225	38	700	0.12905755376344072
1225	38	750	0.1209282204301075
1225	38	800	0.10077163709677417
1225	38	850	NA
1225	38	900	NA
1225	38	950	NA
1225	38	1e3	NA
1225	38	1050	NA
1225	38	1100	NA
1225	38	1150	NA
1225	39	-200	-4.325115207371206e-4
1225	39	-150	-0.0028968924731181587
1225	39	-100	0.010735607526881926
1225	39	-50	-0.007241725806451364
1225	39	0	-9.239247311798593e-5
1225	39	50	-0.03510589247311809
1225	39	100	-0.029249559139784703
1225	39	150	0.0064479408602153105
1225	39	200	-0.005299225806451331
1225	39	250	0.005209274193548552
1225	39	300	0.02023277419354863
1225	39	350	0.026403274193548636
1225	39	400	0.05264827419354864
1225	39	450	0.0020571075268819663
1225	39	500	0.029977440860215292
1225	39	550	0.04103910752688189
1225	39	600	0.10075560752688191
1225	39	650	0.08866477419354861
1225	39	700	NA
1225	39	750	NA
1225	39	800	NA
1225	39	850	0.3840237741935486
1225	39	900	0.3197714408602152
1225	39	950	0.12551827419354855
1225	39	1e3	0.1329051075268819
1225	39	1050	0.1737582741935486
1225	39	1100	0.24518127419354854
1225	39	1150	0.23999260752688203
1225	40	-200	0.14155322222222222
1225	40	-150	0.14642665079365078
1225	40	-100	-0.039154611111111036
1225	40	-50	-0.08143327777777769
1225	40	0	-0.09742761111111113
1225	40	50	-0.057311611111111015
1225	40	100	-0.07068644444444439
1225	40	150	-0.061628944444444445
1225	40	200	-0.10629894444444436
1225	40	250	-0.11614311111111109
1225	40	300	-0.15064377777777774
1225	40	350	-0.14287794444444443
1225	40	400	-0.15584161111111108
1225	40	450	-0.16903861111111107
1225	40	500	-0.13516094444444446
1225	40	550	-0.07267927777777776
1225	40	600	-0.030428777777777787
1225	40	650	-0.013077277777777748
1225	40	700	0.010942722222222256
1225	40	750	0.003352222222222201
1225	40	800	NA
1225	40	850	NA
1225	40	900	NA
1225	40	950	NA
1225	40	1e3	0.5431552222222222
1225	40	1050	0.07152397222222229
1225	40	1100	0.0327332222222223
1225	40	1150	0.02292188888888891
1225	41	-200	0.05556526666666676
1225	41	-150	0.01961059999999996
1225	41	-100	-0.007517566666666771
1225	41	-50	-0.014316233333333392
1225	41	0	-0.05334206666666671
1225	41	50	-0.08025156666666677
1225	41	100	-0.11310956666666676
1225	41	150	-0.0898512333333333
1225	41	200	-0.10337973333333328
1225	41	250	-0.11127906666666676
1225	41	300	-0.12245706666666667
1225	41	350	-0.08130949523809518
1225	41	400	-0.04815026666666666
1225	41	450	-0.024550209523809548
1225	41	500	-0.044733066666666675
1225	41	550	0.02926176666666665
1225	41	600	0.06396593333333334
1225	41	650	0.0847892666666666
1225	41	700	0.13889026666666662
1225	41	750	0.08155710000000001
1225	41	800	0.17014293333333338
1225	41	850	NA
1225	41	900	NA
1225	41	950	0.2743655333333333
1225	41	1e3	0.22053093333333326
1225	41	1050	0.12387793333333334
1225	41	1100	0.1435077904761904
1225	41	1150	0.18568076666666658
1225	42	-200	0.012581405529954142
1225	42	-150	-0.010089951612903011
1225	42	-100	-0.008626118279569717
1225	42	-50	-0.005550118279569786
1225	42	0	0.009587881720430236
1225	42	50	0.006835215053763684
1225	42	100	0.019374381720430305
1225	42	150	-0.001607618279569678
1225	42	200	0.018754048387097006
1225	42	250	0.01227354838709697
1225	42	300	0.01013121505376365
1225	42	350	0.01390904838709702
1225	42	400	0.011492048387096979
1225	42	450	0.051658715053763515
1225	42	500	0.05857438172043028
1225	42	550	0.10727871505376359
1225	42	600	0.15484404838709698
1225	42	650	0.37774554838709706
1225	42	700	NA
1225	42	750	NA
1225	42	800	0.37104654838709683
1225	42	850	0.3001998817204303
1225	42	900	0.10085638172043036
1225	42	950	0.1699123817204303
1225	42	1e3	0.21189638172043032
1225	42	1050	0.23886004838709693
1225	42	1100	0.2960972150537637
1225	42	1150	0.28687721505376357
1225	43	-200	-0.008165585253456278
1225	43	-150	0.001476962365591324
1225	43	-100	0.02615579569892475
1225	43	-50	0.008920962365591404
1225	43	0	-0.02702720430107523
1225	43	50	-0.07930687096774196
1225	43	100	-0.08002087096774198
1225	43	150	-0.07418570430107525
1225	43	200	-0.10961087096774198
1225	43	250	-0.12237170430107525
1225	43	300	-0.1015117043010753
1225	43	350	-0.0763430376344086
1225	43	400	-0.045915870967742
1225	43	450	0.001788962365591414
1225	43	500	0.039381962365591404
1225	43	550	0.09383479569892472
1225	43	600	0.1295194623655913
1225	43	650	0.16102146236559145
1225	43	700	0.17615329569892477
1225	43	750	0.18044929569892476
1225	43	800	0.23570087903225811
1225	43	850	NA
1225	43	900	NA
1225	43	950	NA
1225	43	1e3	NA
1225	43	1050	NA
1225	43	1100	NA
1225	43	1150	NA
1225	44	-200	-0.030322366666666618
1225	44	-150	0.007672966666666762
1225	44	-100	0.020269300000000046
1225	44	-50	0.018303133333333443
1225	44	0	-0.015923033333333263
1225	44	50	0.00374629999999998
1225	44	100	0.011756799999999975
1225	44	150	0.025712657142857167
1225	44	200	0.043189399999999975
1225	44	250	0.03179222857142865
1225	44	300	0.03436546666666677
1225	44	350	0.03745746666666664
1225	44	400	0.03659680000000002
1225	44	450	0.0733813000000001
1225	44	500	0.052678133333333266
1225	44	550	0.07846963333333339
1225	44	600	0.11253446666666671
1225	44	650	0.15767663333333334
1225	44	700	0.19594180000000008
1225	44	750	0.19720520000000005
1225	44	800	0.30374180000000006
1225	44	850	NA
1225	44	900	NA
1225	44	950	NA
1225	44	1e3	NA
1225	44	1050	0.2241508000000001
1225	44	1100	0.21645630000000007
1225	44	1150	0.2060095142857144
1225	45	-200	-0.018681199999999915
1225	45	-150	-0.007567199999999848
1225	45	-100	0.005178133333333538
1225	45	-50	0.012486300000000025
1225	45	0	0.008583966666666868
1225	45	50	3.993000000000653e-4
1225	45	100	-0.03567869999999992
1225	45	150	-0.07171369999999995
1225	45	200	-0.11138303333333321
1225	45	250	-0.13248553333333324
1225	45	300	-0.1621127
1225	45	350	-0.20499786666666653
1225	45	400	-0.1739085333333333
1225	45	450	-0.16728203333333322
1225	45	500	-0.1578576999999998
1225	45	550	-0.12235953333333316
1225	45	600	-0.010696533333333166
1225	45	650	NA
1225	45	700	NA
1225	45	750	NA
1225	45	800	NA
1225	45	850	NA
1225	45	900	NA
1225	45	950	NA
1225	45	1e3	0.3735911333333335
1225	45	1050	0.3761481333333335
1225	45	1100	0.34822363333333345
1225	45	1150	0.41143630000000014
1225	46	-200	0.012980843317972493
1225	46	-150	-0.015355537634408481
1225	46	-100	0.014740795698924872
1225	46	-50	-8.620376344084709e-4
1225	46	0	-0.013667537634408422
1225	46	50	-0.05967803763440852
1225	46	100	-0.07698003763440846
1225	46	150	-0.1209100376344084
1225	46	200	-0.1285948709677418
1225	46	250	-0.1508477043010752
1225	46	300	-0.1595680376344085
1225	46	350	-0.15478087096774185
1225	46	400	-0.12920253763440845
1225	46	450	-0.11501070430107514
1225	46	500	-0.07557720430107517
1225	46	550	-0.007271537634408502
1225	46	600	0.06618146236559157
1225	46	650	0.11200129569892492
1225	46	700	0.08989196236559154
1225	46	750	0.09589346236559153
1225	46	800	0.1336707956989248
1225	46	850	0.3480691290322584
1225	46	900	NA
1225	46	950	NA
1225	46	1e3	0.43799462903225816
1225	46	1050	0.26151932903225816
1225	46	1100	NA
1225	46	1150	NA
1225	47	-200	-0.017826928571428664
1225	47	-150	-0.007125095238095236
1225	47	-100	0.003733571428571484
1225	47	-50	-0.007665261904761911
1225	47	0	0.06370973809523806
1225	47	50	NA
1225	47	100	NA
1225	47	150	NA
1225	47	200	0.4126340714285715
1225	47	250	0.3795604047619046
1225	47	300	0.19801249999999992
1225	47	350	0.062355238095238054
1225	47	400	0.08225740476190462
1225	47	450	0.07552857142857139
1225	47	500	0.07331173809523801
1225	47	550	0.04898440476190472
1225	47	600	0.05439540476190471
1225	47	650	0.06583457142857145
1225	47	700	0.1010400714285713
1225	47	750	NA
1225	47	800	NA
1225	47	850	NA
1225	47	900	NA
1225	47	950	NA
1225	47	1e3	NA
1225	47	1050	NA
1225	47	1100	NA
1225	47	1150	NA
1225	48	-200	0.048239838709677595
1225	48	-150	0.031917172043011
1225	48	-100	-0.03357782795698908
1225	48	-50	-0.015889494623655704
1225	48	0	-0.03872966129032237
1225	48	50	-0.04642999462365571
1225	48	100	-0.06900766129032232
1225	48	150	-0.07872132795698909
1225	48	200	-0.117874327956989
1225	48	250	-0.1542433279569891
1225	48	300	-0.13626432795698906
1225	48	350	-0.14020149462365575
1225	48	400	-0.1594759946236557
1225	48	450	-0.11255966129032235
1225	48	500	-0.093182327956989
1225	48	550	-0.05349632795698903
1225	48	600	-0.0044493279569890465
1225	48	650	0.04034833870967761
1225	48	700	NA
1225	48	750	NA
1225	48	800	NA
1225	48	850	NA
1225	48	900	NA
1225	48	950	0.23148333870967763
1225	48	1e3	0.16919133870967765
1225	48	1050	0.151653172043011
1225	48	1100	0.21412300537634432
1225	48	1150	0.24659167204301102
1225	49	-200	0.003939400000000222
1225	49	-150	0.011531066666666886
1225	49	-100	-0.004540933333333126
1225	49	-50	-0.012523433333333204
1225	49	0	0.001593900000000259
1225	49	50	0.016918900000000143
1225	49	100	0.014231566666666806
1225	49	150	0.0022312333333335634
1225	49	200	0.04181640000000031
1225	49	250	0.02994056666666693
1225	49	300	0.057920400000000205
1225	49	350	0.049631233333333524
1225	49	400	0.06576373333333356
1225	49	450	0.05531423333333348
1225	49	500	0.05436290000000018
1225	49	550	0.08005456666666684
1225	49	600	0.10622690000000017
1225	49	650	0.1170822333333336
1225	49	700	0.13439866666666686
1225	49	750	NA
1225	49	800	NA
1225	49	850	NA
1225	49	900	NA
1225	49	950	NA
1225	49	1e3	NA
1225	49	1050	NA
1225	49	1100	NA
1225	49	1150	NA
1225	50	-200	0.06520699078340998
1225	50	-150	0.025085752688171814
1225	50	-100	-0.010357080645161462
1225	50	-50	-0.03621458064516133
1225	50	0	-0.054588913978494746
1225	50	50	-0.021907080645161486
1225	50	100	-0.05083074731182813
1225	50	150	-0.04244724731182803
1225	50	200	-0.025850913978494743
1225	50	250	-0.024656913978494826
1225	50	300	-0.0522054139784948
1225	50	350	-0.033269913978494804
1225	50	400	-0.04258341397849478
1225	50	450	-0.03473058064516151
1225	50	500	0.1401277526881719
1225	50	550	NA
1225	50	600	NA
1225	50	650	NA
1225	50	700	NA
1225	50	750	NA
1225	50	800	0.3189934193548387
1225	50	850	0.20029799078340993
1225	50	900	0.17859958602150527
1225	50	950	0.16313891935483857
1225	50	1e3	0.22168925268817188
1225	50	1050	0.2700162526881719
1225	50	1100	0.3192057526881719
1225	50	1150	0.3139005860215052
1225	51	-200	-4.35751152073584e-4
1225	51	-150	-0.0029594892473116343
1225	51	-100	-0.002848989247311732
1225	51	-50	-0.0018721559139784165
1225	51	0	0.008189010752688372
1225	51	50	0.037879010752688215
1225	51	100	0.04512134408602164
1225	51	150	0.06334217741935506
1225	51	200	0.08938984408602176
1225	51	250	0.09775501075268833
1225	51	300	0.11588334408602163
1225	51	350	0.11527534408602169
1225	51	400	0.1336790107526884
1225	51	450	0.16574434408602157
1225	51	500	0.1729085107526883
1225	51	550	0.21812951075268824
1225	51	600	0.21989201075268835
1225	51	650	0.21397734408602168
1225	51	700	0.254500177419355
1225	51	750	0.21622967741935492
1225	51	800	NA
1225	51	850	NA
1225	51	900	NA
1225	51	950	NA
1225	51	1e3	NA
1225	51	1050	NA
1225	51	1100	NA
1225	51	1150	NA
1225	52	-200	0.005842534562211986
1225	52	-150	0.023707344086021598
1225	52	-100	8.515107526883003e-4
1225	52	-50	-0.011485155913978437
1225	52	0	-0.01988998924731174
1225	52	50	-0.02522815591397835
1225	52	100	-0.048274655913978316
1225	52	150	-0.073187489247311735
1225	52	200	-0.08504498924731167
1225	52	250	-0.07972665591397843
1225	52	300	-0.07487348924731181
1225	52	350	-0.0723203225806451
1225	52	400	0.053030677419354966
1225	52	450	NA
1225	52	500	0.23908534408602167
1225	52	550	0.21228107741935495
1225	52	600	0.06887817741935491
1225	52	650	0.07692427741935495
1225	52	700	NA
1225	52	750	NA
1225	52	800	NA
1225	52	850	NA
1225	52	900	NA
1225	52	950	0.32757367741935495
1225	52	1e3	0.16062887741935494
1225	52	1050	0.02013984408602158
1225	52	1100	0.03209751075268826
1225	52	1150	0.0833381774193549
1225	53	-200	-0.02772933179723504
1225	53	-150	-0.01601740322580632
1225	53	-100	0.03411443010752698
1225	53	-50	0.01000776344086026
1225	53	0	0.004246096774193668
1225	53	50	0.020291596774193676
1225	53	100	0.04478926344086028
1225	53	150	0.0029067634408602347
1225	53	200	-0.011403236559139662
1225	53	250	0.020693096774193693
1225	53	300	0.02963993010752697
1225	53	350	0.012839263440860357
1225	53	400	0.012406430107526992
1225	53	450	0.035821263440860264
1225	53	500	0.05540293010752695
1225	53	550	0.029954096774193584
1225	53	600	0.023094596774193565
1225	53	650	0.0797065967741936
1225	53	700	0.02809593010752698
1225	53	750	0.12955109677419352
1225	53	800	NA
1225	53	850	NA
1225	53	900	NA
1225	53	950	NA
1225	53	1e3	NA
1225	53	1050	NA
1225	53	1100	NA
1225	53	1150	NA
1225	54	-200	0.028878331797235264
1225	54	-150	0.022013236559139965
1225	54	-100	0.010696236559139946
1225	54	-50	-0.016466763440859955
1225	54	0	-0.049934096774193325
1225	54	50	0.01470490322580679
1225	54	100	NA
1225	54	150	NA
1225	54	200	NA
1225	54	250	NA
1225	54	300	0.1304869032258067
1225	54	350	-0.021659296774193225
1225	54	400	-0.013393930107526616
1225	54	450	-0.0054019301075267645
1225	54	500	-0.003852596774193288
1225	54	550	-0.018096596774193285
1225	54	600	-0.025992096774193413
1225	54	650	-0.06053259677419335
1225	54	700	-0.04712643010752671
1225	54	750	-0.046063930107526595
1225	54	800	0.008000236559140061
1225	54	850	0.05155273655914002
1225	54	900	0.08964240322580667
1225	54	950	0.1278039032258067
1225	54	1e3	0.11944390322580671
1225	54	1050	0.07158406989247339
1225	54	1100	0.06133106989247331
1225	54	1150	0.0486110698924734
1225	55	-200	-0.0056743492063493816
1225	55	-150	0.019929055555555426
1225	55	-100	-0.01597077777777791
1225	55	-50	NA
1225	55	0	NA
1225	55	50	0.22872755555555546
1225	55	100	0.08796355555555535
1225	55	150	-0.04114411111111127
1225	55	200	-0.047988277777777956
1225	55	250	-0.020441944444444655
1225	55	300	-0.022660777777778012
1225	55	350	-0.03762177777777801
1225	55	400	-0.036924777777777994
1225	55	450	-0.030260444444444683
1225	55	500	-0.0131316111111112
1225	55	550	-0.024613111111111346
1225	55	600	0.08116688888888864
1225	55	650	NA
1225	55	700	NA
1225	55	750	NA
1225	55	800	NA
1225	55	850	NA
1225	55	900	NA
1225	55	950	-0.6813377777777778
1225	55	1e3	NA
1225	55	1050	-0.35441927777777793
1225	55	1100	0.3666303888888886
1225	55	1150	0.423751722222222
1225	56	-200	0.012429178571428461
1225	56	-150	-0.005056178571428853
1225	56	-100	-0.004698678571428694
1225	56	-50	3.2165476190463654e-4
1225	56	0	-0.010135011904761923
1225	56	50	NA
1225	56	100	NA
1225	56	150	NA
1225	56	200	NA
1225	56	250	0.22144882142857125
1225	56	300	0.21395172142857133
1225	56	350	0.11337032142857122
1225	56	400	0.10361715476190463
1225	56	450	0.027302821428571322
1225	56	500	0.011597654761904552
1225	56	550	-9.815119047621075e-4
1225	56	600	-0.05075334523809542
1225	56	650	-0.04613784523809539
1225	56	700	-0.05842701190476207
1225	56	750	-0.03118817857142875
1225	56	800	0.04196432142857143
1225	56	850	NA
1225	56	900	NA
1225	56	950	-0.6122206785714286
1225	56	1e3	-0.002856278571428739
1225	56	1050	0.02258748809523799
1225	56	1100	0.038605321428571315
1225	56	1150	0.046855988095237944
1225	57	-200	-0.009530788018432925
1225	57	-150	-0.008514145161290157
1225	57	-100	0.010740354838709942
1225	57	-50	0.0026678548387098675
1225	57	0	0.006225188172043206
1225	57	50	0.021679021505376667
1225	57	100	0.01994002150537666
1225	57	150	0.02228352150537664
1225	57	200	0.031858854838709906
1225	57	250	0.0616505215053765
1225	57	300	0.0668173548387098
1225	57	350	0.08559835483870988
1225	57	400	0.12396852150537659
1225	57	450	0.09702268817204329
1225	57	500	0.11373385483870997
1225	57	550	0.11162952150537664
1225	57	600	0.16273935483871002
1225	57	650	0.19663552150537655
1225	57	700	0.1625655215053766
1225	57	750	0.20489435483870988
1225	57	800	NA
1225	57	850	NA
1225	57	900	0.11776035483871006
1225	57	950	0.4283513548387099
1225	57	1e3	0.23079835483870997
1225	57	1050	0.2859700215053766
1225	57	1100	0.29440335483870994
1225	57	1150	0.28842818817204324
1225	58	-200	-0.025800502304147623
1225	58	-150	-0.02088297849462391
1225	58	-100	-0.002004811827957198
1225	58	-50	0.03003068817204276
1225	58	0	0.0229576881720428
1225	58	50	0.01906285483870958
1225	58	100	0.015587854838709466
1225	58	150	0.04587452150537619
1225	58	200	0.030388021505376155
1225	58	250	0.040173354838709464
1225	58	300	0.041379521505376125
1225	58	350	0.06708452150537621
1225	58	400	0.11326285483870942
1225	58	450	0.15497252150537624
1225	58	500	0.19240968817204288
1225	58	550	0.2076425215053761
1225	58	600	0.2435528548387095
1225	58	650	0.27279852150537615
1225	58	700	0.2286453548387093
1225	58	750	NA
1225	58	800	NA
1225	58	850	0.44466335483870933
1225	58	900	0.26681575483870945
1225	58	950	0.20441918817204288
1225	58	1e3	0.2245038548387095
1225	58	1050	0.26464568817204276
1225	58	1100	0.2860980215053761
1225	58	1150	0.28855818817204276
1225	59	-200	-0.01470380184331775
1225	59	-150	-0.02166851612903205
1225	59	-100	-0.017366182795698643
1225	59	-50	0.002787317204301217
1225	59	0	0.05340181720430115
1225	59	50	0.06202281720430114
1225	59	100	0.028400483870967868
1225	59	150	0.02427215053763443
1225	59	200	0.05022815053763452
1225	59	250	0.022576317204301272
1225	59	300	0.057701483870967886
1225	59	350	0.059657150537634505
1225	59	400	0.10345048387096785
1225	59	450	0.11308998387096787
1225	59	500	0.15816381720430125
1225	59	550	0.18930431720430127
1225	59	600	0.21119415053763455
1225	59	650	0.2294619838709678
1225	59	700	0.19076915053763463
1225	59	750	0.12573198387096793
1225	59	800	0.08453148387096787
1225	59	850	NA
1225	59	900	NA
1225	59	950	NA
1225	59	1e3	NA
1225	59	1050	0.15610081720430116
1225	59	1100	0.0942436505376345
1225	59	1150	0.11885965053763448
1225	60	-200	0.007567721428571428
1225	60	-150	-0.01026784999999982
1225	60	-100	-0.0032025166666667104
1225	60	-50	NA
1225	60	0	0.02784815000000007
1225	60	50	0.18975229285714285
1225	60	100	0.03789298333333339
1225	60	150	0.06189131666666666
1225	60	200	0.08116448333333337
1225	60	250	0.10472181666666673
1225	60	300	0.14712198333333334
1225	60	350	0.11981989999999998
1225	60	400	NA
1225	60	450	0.30076381666666663
1225	60	500	0.08813881666666663
1225	60	550	0.05965731666666659
1225	60	600	0.13510331666666672
1225	60	650	0.21876565
1225	60	700	NA
1225	60	750	NA
1225	60	800	NA
1225	60	850	NA
1225	60	900	NA
1225	60	950	NA
1225	60	1e3	NA
1225	60	1050	NA
1225	60	1100	NA
1225	60	1150	NA
1225	61	-200	0.010005852534562416
1225	61	-150	-0.008004290322580468
1225	61	-100	0.0011835430107528893
1225	61	-50	-0.011686790322580428
1225	61	0	0.006834043010752892
1225	61	50	-0.015510623655913788
1225	61	100	0.006400876344086148
1225	61	150	0.019070876344086257
1225	61	200	0.024440376344086207
1225	61	250	0.06627220967741954
1225	61	300	0.12291254301075279
1225	61	350	0.11534587634408622
1225	61	400	0.14984204301075285
1225	61	450	0.15190187634408633
1225	61	500	0.2089260430107529
1225	61	550	0.22349837634408617
1225	61	600	0.25217287634408625
1225	61	650	0.26543987634408617
1225	61	700	0.3603542096774197
1225	61	750	NA
1225	61	800	NA
1225	61	850	NA
1225	61	900	NA
1225	61	950	NA
1225	61	1e3	NA
1225	61	1050	NA
1225	61	1100	NA
1225	61	1150	NA
1225	62	-200	-0.052028866666666763
1225	62	-150	-0.011634866666666873
1225	62	-100	-0.0016688666666668055
1225	62	-50	0.030351966666666435
1225	62	0	0.03498063333333327
1225	62	50	0.06619113333333308
1225	62	100	0.04537313333333307
1225	62	150	0.040400966666666406
1225	62	200	0.03355913333333308
1225	62	250	0.03040896666666641
1225	62	300	0.010442799999999789
1225	62	350	-0.014419533333333531
1225	62	400	0.013126299999999777
1225	62	450	0.0545474666666664
1225	62	500	0.0814254666666665
1225	62	550	0.12088079999999975
1225	62	600	0.14889996666666647
1225	62	650	0.15951163333333307
1225	62	700	0.15950529999999982
1225	62	750	0.2334501333333332
1225	62	800	NA
1225	62	850	NA
1225	62	900	NA
1225	62	950	NA
1225	62	1e3	NA
1225	62	1050	NA
1225	62	1100	NA
1225	62	1150	NA
1225	63	-200	-0.004217350230414585
1225	63	-150	-0.020999731182795484
1225	63	-100	-0.008543564516128773
1225	63	-50	0.010760268817204524
1225	63	0	0.023703268817204453
1225	63	50	0.010339935483871132
1225	63	100	-0.015193397849462128
1225	63	150	-0.0341365645161289
1225	63	200	-0.032673064516128836
1225	63	250	-0.051248064516128844
1225	63	300	-0.030125064516128914
1225	63	350	-0.0018187311827955188
1225	63	400	-0.0035400645161288344
1225	63	450	0.005811935483871118
1225	63	500	-0.017513564516128843
1225	63	550	0.010601268817204504
1225	63	600	0.014717268817204365
1225	63	650	0.06396826881720452
1225	63	700	0.05313826881720448
1225	63	750	0.044975102150537793
1225	63	800	0.035215435483871106
1225	63	850	-0.00518839784946216
1225	63	900	-0.023334564516128847
1225	63	950	0.015195935483871104
1225	63	1e3	NA
1225	63	1050	NA
1225	63	1100	0.04609860215053785
1225	63	1150	0.07918643548387116
1225	64	-200	0.0014987972350229179
1225	64	-150	-0.0014341075268817043
1225	64	-100	-0.007749274193548465
1225	64	-50	-0.004230607526881795
1225	64	0	0.011665392473118189
1225	64	50	-4.4010752688176485e-4
1225	64	100	-4.6794086021513986e-4
1225	64	150	-0.0246391075268817
1225	64	200	-0.017762274193548366
1225	64	250	-0.0103492741935484
1225	64	300	-0.024999274193548526
1225	64	350	-0.016052107526881798
1225	64	400	-0.03160794086021516
1225	64	450	-0.04696394086021508
1225	64	500	0.009595725806451627
1225	64	550	0.043797725806451616
1225	64	600	0.1264268258064516
1225	64	650	NA
1225	64	700	NA
1225	64	750	NA
1225	64	800	NA
1225	64	850	NA
1225	64	900	NA
1225	64	950	NA
1225	64	1e3	NA
1225	64	1050	NA
1225	64	1100	0.6273972258064515
1225	64	1150	0.40088042580645167
1225	65	-200	-0.03855136666666659
1225	65	-150	-0.01293436666666666
1225	65	-100	0.014688966666666747
1225	65	-50	0.015903800000000023
1225	65	0	0.020892966666666773
1225	65	50	0.03217280000000011
1225	65	100	0.05282213333333341
1225	65	150	0.02786579999999998
1225	65	200	0.03160013333333341
1225	65	250	0.050699919047619106
1225	65	300	0.029081233333333324
1225	65	350	0.022599347619047805
1225	65	400	0.04036423333333339
1225	65	450	0.06630620476190494
1225	65	500	0.0922228333333333
1225	65	550	0.11007234761904762
1225	65	600	0.17295983333333337
1225	65	650	0.18827313333333331
1225	65	700	0.26011646666666666
1225	65	750	0.2166336333333335
1225	65	800	NA
1225	65	850	NA
1225	65	900	NA
1225	65	950	NA
1225	65	1e3	NA
1225	65	1050	NA
1225	65	1100	NA
1225	65	1150	NA
1225	66	-200	0.0022566405529951894
1225	66	-150	0.019245688172042863
1225	66	-100	-4.348118279572007e-4
1225	66	-50	-0.006440978494623846
1225	66	0	-0.015002645161290499
1225	66	50	-0.013772478494623819
1225	66	100	0.02886285483870954
1225	66	150	NA
1225	66	200	NA
1225	66	250	NA
1225	66	300	NA
1225	66	350	0.13846985483870955
1225	66	400	0.10665435483870955
1225	66	450	0.019586021505376177
1225	66	500	0.014424021505376064
1225	66	550	-0.007757145161290557
1225	66	600	0.019441521505376258
1225	66	650	0.004940021505376239
1225	66	700	0.02936018817204274
1225	66	750	0.048002854838709474
1225	66	800	0.06907268817204278
1225	66	850	0.07522118817204282
1225	66	900	0.12176518817204281
1225	66	950	0.16344402150537607
1225	66	1e3	NA
1225	66	1050	NA
1225	66	1100	NA
1225	66	1150	NA
1225	67	-200	0.008644829493087616
1225	67	-150	-0.0011224086021504782
1225	67	-100	-0.004212575268817058
1225	67	-50	0.0018859247311828753
1225	67	0	-0.006636575268817039
1225	67	50	-0.006795075268817137
1225	67	100	0.03209042473118292
1225	67	150	0.01742275806451617
1225	67	200	0.040137091397849524
1225	67	250	0.026446424731182788
1225	67	300	0.01830959139784949
1225	67	350	0.02389109139784947
1225	67	400	0.014574258064516213
1225	67	450	6.707580645162192e-4
1225	67	500	0.048781591397849544
1225	67	550	0.09311942473118284
1225	67	600	0.13972525806451616
1225	67	650	0.18505942473118284
1225	67	700	0.1848285913978495
1225	67	750	0.19209059139784954
1225	67	800	NA
1225	67	850	NA
1225	67	900	NA
1225	67	950	0.43856025806451626
1225	67	1e3	0.311939543778802
1225	67	1050	0.21750242473118284
1225	67	1100	0.3127495913978495
1225	67	1150	0.3743600913978496
1225	68	-200	-0.09071017142857134
1225	68	-150	-0.04112260000000001
1225	68	-100	NA
1225	68	-50	NA
1225	68	0	0.33804689999999993
1225	68	50	0.03239499999999999
1225	68	100	-0.10039743333333313
1225	68	150	-0.11131259999999991
1225	68	200	-0.08167359999999986
1225	68	250	-0.08636593333333324
1225	68	300	-0.06298493333333328
1225	68	350	-0.10781793333333327
1225	68	400	-0.14439693333333325
1225	68	450	-0.14371459999999994
1225	68	500	-0.1383297666666666
1225	68	550	-0.15744093333333317
1225	68	600	-0.09086743333333332
1225	68	650	-0.06434559999999985
1225	68	700	-0.03383843333333325
1225	68	750	-0.04781409999999978
1225	68	800	-0.07049643333333326
1225	68	850	-0.10248059999999981
1225	68	900	-0.10422576666666668
1225	68	950	-0.11027576666666657
1225	68	1e3	-0.12359699999999992
1225	68	1050	NA
1225	68	1100	NA
1225	68	1150	0.07775590000000003
1225	69	-200	0
1225	69	-150	NA
1225	69	-100	NA
1225	69	-50	NA
1225	69	0	NA
1225	69	50	0.16648549999999998
1225	69	100	0.018516999999999822
1225	69	150	-0.05437966666666679
1225	69	200	-0.10290300000000004
1225	69	250	-0.10284850000000012
1225	69	300	-0.1170386666666668
1225	69	350	-0.14129316666666672
1225	69	400	-0.1677388333333333
1225	69	450	-0.1784918333333335
1225	69	500	-0.14183716666666676
1225	69	550	-0.13088450000000015
1225	69	600	-0.11613750000000007
1225	69	650	-0.09392000000000007
1225	69	700	-0.1777116666666668
1225	69	750	-0.131324
1225	69	800	NA
1225	69	850	NA
1225	69	900	NA
1225	69	950	NA
1225	69	1e3	-0.06623800000000002
1225	69	1050	-0.060844166666666734
1225	69	1100	-0.06451250000000004
1225	69	1150	-0.03817300000000009
1225	70	-200	-0.03372178341013817
1225	70	-150	3.076451612904485e-4
1225	70	-100	0.0190001451612903
1225	70	-50	0.01952681182795694
1225	70	0	5.074784946236625e-4
1225	70	50	0.020200645161290314
1225	70	100	0.025228311827957112
1225	70	150	0.03249631182795709
1225	70	200	0.039912978494623795
1225	70	250	0.0175428118279571
1225	70	300	0.011918145161290417
1225	70	350	0.004420811827957098
1225	70	400	0.037706145161290484
1225	70	450	0.0634254784946237
1225	70	500	0.10740081182795702
1225	70	550	0.13310647849462373
1225	70	600	0.16626064516129047
1225	70	650	0.16459747849462367
1225	70	700	0.16070964516129038
1225	70	750	0.2672169784946236
1225	70	800	NA
1225	70	850	NA
1225	70	900	NA
1225	70	950	NA
1225	70	1e3	NA
1225	70	1050	NA
1225	70	1100	NA
1225	70	1150	NA
1225	71	-200	-0.09218878571428564
1225	71	-150	-0.04970235238095215
1225	71	-100	NA
1225	71	-50	0.07313329761904774
1225	71	0	0.08485188095238112
1225	71	50	-0.11936628571428565
1225	71	100	-0.13536945238095224
1225	71	150	-0.11005428571428559
1225	71	200	-0.08997728571428569
1225	71	250	-0.12648578571428568
1225	71	300	-0.1831534523809523
1225	71	350	-0.22988061904761894
1225	71	400	-0.2590549523809522
1225	71	450	-0.2534696190476189
1225	71	500	-0.2607399523809523
1225	71	550	-0.2224962857142856
1225	71	600	-0.19856978571428555
1225	71	650	-0.16112845238095228
1225	71	700	-0.18889195238095224
1225	71	750	-0.2056321190476189
1225	71	800	-0.21478511904761896
1225	71	850	-0.16140195238095245
1225	71	900	NA
1225	71	950	NA
1225	71	1e3	0.03542329761904772
1225	71	1050	-0.0984956666666666
1225	71	1100	-0.15712361904761885
1225	71	1150	-0.09965745238095221
1225	72	-200	0.008772377880184479
1225	72	-150	-0.022389693548386935
1225	72	-100	0.013255973118279604
1225	72	-50	-0.0014031935483869902
1225	72	0	3.0247311827961515e-4
1225	72	50	-0.009492860215053689
1225	72	100	-0.016433026881720398
1225	72	150	-0.01490969354838693
1225	72	200	-0.004060360215053664
1225	72	250	-0.019334026881720295
1225	72	300	0.021216806451612946
1225	72	350	0.01489763978494644
1225	72	400	-0.006372193548386917
1225	72	450	-0.020661526881720366
1225	72	500	0.03173880645161294
1225	72	550	0.04378613978494631
1225	72	600	0.07528480645161302
1225	72	650	0.06503447311827963
1225	72	700	0.1062704731182796
1225	72	750	0.09662547311827978
1225	72	800	0.06611013978494633
1225	72	850	0.21984180645161308
1225	72	900	NA
1225	72	950	NA
1225	72	1e3	NA
1225	72	1050	NA
1225	72	1100	NA
1225	72	1150	NA
1225	73	-200	0.17491181481481455
1225	73	-150	0.1263258148148146
1225	73	-100	-0.06354168518518533
1225	73	-50	-0.08286968518518534
1225	73	0	-0.06737035185185196
1225	73	50	-0.06090368518518541
1225	73	100	-0.06930568518518536
1225	73	150	-0.10452251851851872
1225	73	200	-0.10593551851851868
1225	73	250	-0.142645851851852
1225	73	300	-0.14510968518518533
1225	73	350	-0.14092268518518525
1225	73	400	-0.13267785185185202
1225	73	450	-0.11728568518518541
1225	73	500	-0.09236385185185199
1225	73	550	-0.04143918518518541
1225	73	600	0.06264006481481466
1225	73	650	NA
1225	73	700	NA
1225	73	750	NA
1225	73	800	NA
1225	73	850	NA
1225	73	900	NA
1225	73	950	NA
1225	73	1e3	NA
1225	73	1050	0.4551628148148148
1225	73	1100	0.4452442148148147
1225	73	1150	0.365006648148148
1225	74	-200	-0.004956635944700479
1225	74	-150	0.00235943548387089
1225	74	-100	-0.005433064516129127
1225	74	-50	0.007458768817204235
1225	74	0	0.0013976021505376728
1225	74	50	-0.0014545645161290939
1225	74	100	-0.023819397849462447
1225	74	150	-0.020225231182795733
1225	74	200	-0.02070356451612902
1225	74	250	-0.022079231182795683
1225	74	300	-0.027915897849462395
1225	74	350	-0.04901339784946238
1225	74	400	-0.01776389784946238
1225	74	450	-0.0018435645161290666
1225	74	500	0.008518768817204295
1225	74	550	0.06423093548387097
1225	74	600	0.10145526881720428
1225	74	650	0.13040126881720435
1225	74	700	0.1586896021505376
1225	74	750	0.17767843548387097
1225	74	800	NA
1225	74	850	NA
1225	74	900	NA
1225	74	950	NA
1225	74	1e3	NA
1225	74	1050	0.3454379354838709
1225	74	1100	0.29187176881720434
1225	74	1150	0.2899657688172043
1225	75	-200	NA
1225	75	-150	0.18212779999999995
1225	75	-100	0.1311139428571428
1225	75	-50	-0.0894492
1225	75	0	-0.0938717
1225	75	50	-0.08130069999999996
1225	75	100	-0.08298403333333344
1225	75	150	-0.09859686666666671
1225	75	200	-0.09737870000000008
1225	75	250	-0.12153286666666663
1225	75	300	-0.15287170000000003
1225	75	350	-0.17175553333333346
1225	75	400	-0.16580536666666687
1225	75	450	-0.13689153333333337
1225	75	500	-0.10072086666666664
1225	75	550	-0.11169103333333341
1225	75	600	-0.0681662
1225	75	650	0.020447966666666595
1225	75	700	0.03666179999999993
1225	75	750	0.03246629999999991
1225	75	800	0.06455763333333324
1225	75	850	0.21460180000000006
1225	75	900	NA
1225	75	950	NA
1225	75	1e3	NA
1225	75	1050	NA
1225	75	1100	0.19923480000000016
1225	75	1150	0.2257536571428571
1225	76	-200	-0.0011666036866360458
1225	76	-150	0.009366134408602012
1225	76	-100	-0.008352365591398033
1225	76	-50	0.00806413440860195
1225	76	0	-0.007716865591397948
1225	76	50	-0.04001736559139801
1225	76	100	-0.06048003225806461
1225	76	150	-0.07186536559139804
1225	76	200	-0.07963569892473132
1225	76	250	-0.08098719892473134
1225	76	300	-0.09875003225806471
1225	76	350	-0.10156353225806465
1225	76	400	-0.09449636559139803
1225	76	450	-0.06723019892473132
1225	76	500	-0.04104536559139812
1225	76	550	-0.01667303225806475
1225	76	600	0.023160634408602093
1225	76	650	0.07586796774193531
1225	76	700	0.09210613440860198
1225	76	750	0.13754413440860205
1225	76	800	0.1631074677419353
1225	76	850	NA
1225	76	900	NA
1225	76	950	0.6871829677419354
1225	76	1e3	0.304790134408602
1225	76	1050	0.143094134408602
1225	76	1100	0.15788213440860197
1225	76	1150	0.2013628010752686
1225	77	-200	0.010916452380952327
1225	77	-150	-0.036777880952380805
1225	77	-100	-0.04885121428571404
1225	77	-50	NA
1225	77	0	0.2040197857142858
1225	77	50	-0.01920154761904754
1225	77	100	-0.22171021428571427
1225	77	150	0.030305535714285847
1225	77	200	-0.030566714285714152
1225	77	250	-0.09152188095238085
1225	77	300	-0.05070888095238094
1225	77	350	-0.10318821428571434
1225	77	400	-0.1504415476190475
1225	77	450	-0.10762804761904758
1225	77	500	-0.15515488095238084
1225	77	550	-0.18173304761904752
1225	77	600	-0.11185804761904768
1225	77	650	-0.10148921428571422
1225	77	700	-0.9142752142857142
1225	77	750	-1.3376892142857142
1225	77	800	NA
1225	77	850	NA
1225	77	900	-0.2858168142857143
1225	77	950	-0.2216265476190474
1225	77	1e3	-0.1433723809523809
1225	77	1050	-0.18114421428571417
1225	77	1100	-0.2689862142857142
1225	77	1150	-0.5290120142857142
1225	78	-200	-0.048531533333333154
1225	78	-150	0.002846800000000149
1225	78	-100	-0.009233366666666484
1225	78	-50	0.02596380000000013
1225	78	0	0.0289543000000001
1225	78	50	0.028098800000000052
1225	78	100	0.02918796666666686
1225	78	150	0.030628966666666813
1225	78	200	0.024906466666666738
1225	78	250	0.04271880000000013
1225	78	300	0.04008215714285728
1225	78	350	0.010827900000000135
1225	78	400	-0.04270741428571417
1225	78	450	-0.054777199999999894
1225	78	500	-0.019310699999999903
1225	78	550	-0.021166866666666524
1225	78	600	3.431333333334674e-4
1225	78	650	0.008725633333333427
1225	78	700	0.0016597000000001748
1225	78	750	NA
1225	78	800	NA
1225	78	850	NA
1225	78	900	NA
1225	78	950	NA
1225	78	1e3	0.19442896666666684
1225	78	1050	0.048825300000000106
1225	78	1100	0.06396613333333345
1225	78	1150	0.09843313333333348
1225	79	-200	0.061779285714285655
1225	79	-150	0.03550766666666657
1225	79	-100	-0.02471083333333331
1225	79	-50	-0.030242666666666567
1225	79	0	-0.05263000000000003
1225	79	50	-0.029104333333333326
1225	79	100	-0.06891016666666672
1225	79	150	-0.074358
1225	79	200	-0.07286433333333349
1225	79	250	-0.06431983333333331
1225	79	300	-0.07382100000000007
1225	79	350	-0.10709450000000002
1225	79	400	-0.08865916666666666
1225	79	450	-0.15451600000000001
1225	79	500	-0.1546425000000001
1225	79	550	-0.14526816666666664
1225	79	600	-0.07181133333333345
1225	79	650	-0.040577000000000085
1225	79	700	0.06359366666666662
1225	79	750	NA
1225	79	800	NA
1225	79	850	NA
1225	79	900	0.2102044
1225	79	950	0.04687300000000002
1225	79	1e3	0.012570833333333345
1225	79	1050	0.08109816666666665
1225	79	1100	0.1378873333333334
1225	79	1150	0.16661333333333328
1225	80	-200	-0.006688000000000217
1225	80	-150	-0.002834166666666915
1225	80	-100	-0.008624500000000182
1225	80	-50	0.006652499999999876
1225	80	0	0.012608833333333106
1225	80	50	0.019650499999999793
1225	80	100	0.044154166666666494
1225	80	150	0.05380449999999981
1225	80	200	0.06205799999999987
1225	80	250	0.03635533333333307
1225	80	300	0.030556999999999796
1225	80	350	0.0027009999999999166
1225	80	400	0.052258333333333074
1225	80	450	0.052823666666666526
1225	80	500	0.08366866666666639
1225	80	550	0.13629649999999982
1225	80	600	0.17474416666666648
1225	80	650	0.19210649999999982
1225	80	700	0.24437724999999988
1225	80	750	NA
1225	80	800	NA
1225	80	850	NA
1225	80	900	0.34826899999999983
1225	80	950	0.2825748333333331
1225	80	1e3	0.2695326666666664
1225	80	1050	0.32101749999999973
1225	80	1100	0.36434499999999975
1225	80	1150	0.39696916666666654
1225	81	-200	-0.01574877419354857
1225	81	-150	-0.003161940860215188
1225	81	-100	-0.0066536075268820065
1225	81	-50	0.014340725806451404
1225	81	0	0.013848392473118087
1225	81	50	0.011929059139784703
1225	81	100	-0.0021362741935485965
1225	81	150	0.012045559139784778
1225	81	200	0.038272059139784785
1225	81	250	0.04240155913978475
1225	81	300	0.02791605913978475
1225	81	350	0.04278889247311805
1225	81	400	0.054653225806451454
1225	81	450	0.09657639247311815
1225	81	500	0.11954405913978479
1225	81	550	0.13097755913978468
1225	81	600	0.1703315591397848
1225	81	650	0.1972712258064515
1225	81	700	0.25691922580645143
1225	81	750	NA
1225	81	800	NA
1225	81	850	NA
1225	81	900	NA
1225	81	950	NA
1225	81	1e3	NA
1225	81	1050	NA
1225	81	1100	NA
1225	81	1150	NA
1225	82	-200	-0.1534223214285716
1225	82	-150	NA
1225	82	-100	NA
1225	82	-50	NA
1225	82	0	0.20456309523809502
1225	82	50	-0.13935923809523829
1225	82	100	-0.2573357380952383
1225	82	150	-0.27577923809523835
1225	82	200	-0.24443540476190506
1225	82	250	-0.26629840476190486
1225	82	300	-0.28382307142857166
1225	82	350	-0.28993573809523826
1225	82	400	-0.33608923809523833
1225	82	450	-0.32191007142857164
1225	82	500	-0.3100922380952383
1225	82	550	-0.27458373809523834
1225	82	600	-0.2383460714285716
1225	82	650	-0.22838090476190498
1225	82	700	-0.1942685714285716
1225	82	750	-0.18664657142857158
1225	82	800	-0.12844357142857166
1225	82	850	NA
1225	82	900	NA
1225	82	950	NA
1225	82	1e3	NA
1225	82	1050	NA
1225	82	1100	NA
1225	82	1150	NA
1225	83	-200	0.01758863133640563
1225	83	-150	0.004643440860215249
1225	83	-100	-0.008892225806451512
1225	83	-50	-0.027603725806451578
1225	83	0	0.011332440860215195
1225	83	50	-0.02625205913978494
1225	83	100	-0.007224059139784818
1225	83	150	0.026268774193548488
1225	83	200	0.01407877419354849
1225	83	250	0.021207440860215126
1225	83	300	0.027065940860215187
1225	83	350	-0.008726392473118239
1225	83	400	0.0016281075268818057
1225	83	450	0.03912010752688174
1225	83	500	0.06455427419354853
1225	83	550	0.08304397419354848
1225	83	600	NA
1225	83	650	NA
1225	83	700	NA
1225	83	750	NA
1225	83	800	NA
1225	83	850	0.07362677419354835
1225	83	900	0.12221827419354854
1225	83	950	0.09681694086021508
1225	83	1e3	0.1321629408602151
1225	83	1050	0.21434360752688178
1225	83	1100	0.18054410752688188
1225	83	1150	0.14246210752688185
1225	84	-200	-0.02153570000000012
1225	84	-150	-0.0028810333333334124
1225	84	-100	0.00542696666666657
1225	84	-50	0.005110299999999901
1225	84	0	0.013879466666666618
1225	84	50	0.011684799999999903
1225	84	100	0.03568529999999992
1225	84	150	0.030691466666666594
1225	84	200	0.024050799999999928
1225	84	250	0.013999133333333136
1225	84	300	-0.003525533333333349
1225	84	350	0.010223133333333282
1225	84	400	-0.01340253333333341
1225	84	450	0.018895633333333217
1225	84	500	0.05140479999999988
1225	84	550	0.08884613333333324
1225	84	600	0.2157099666666665
1225	84	650	NA
1225	84	700	NA
1225	84	750	NA
1225	84	800	NA
1225	84	850	NA
1225	84	900	NA
1225	84	950	NA
1225	84	1e3	NA
1225	84	1050	NA
1225	84	1100	0.3544242999999998
1225	84	1150	0.39519905
1225	85	-200	0.02620173732718919
1225	85	-150	-0.0188142150537632
1225	85	-100	0.009027118279570109
1225	85	-50	-0.004824881720429941
1225	85	0	-0.01595671505376332
1225	85	50	-0.006604381720429986
1225	85	100	0.007711951612903463
1225	85	150	-0.0070285483870965075
1225	85	200	-0.005105048387096615
1225	85	250	-1.702150537632452e-4
1225	85	300	0.0013067849462367054
1225	85	350	0.0040304516129034225
1225	85	400	0.010387784946236822
1225	85	450	-0.0062832150537632065
1225	85	500	0.004843284946236833
1225	85	550	-0.014429215053763192
1225	85	600	-0.009973048387096636
1225	85	650	0.015413784946236797
1225	85	700	-0.03190254838709657
1225	85	750	-0.026923215053763272
1225	85	800	0.07680445161290361
1225	85	850	NA
1225	85	900	NA
1225	85	950	NA
1225	85	1e3	NA
1225	85	1050	NA
1225	85	1100	0.2750477849462369
1225	85	1150	0.04153345161290334
1225	86	-200	0.07482207373271901
1225	86	-150	-0.07342218817204278
1225	86	-100	-0.046966521505376134
1225	86	-50	0.008921645161290495
1225	86	0	0.02417464516129053
1225	86	50	0.020030645161290456
1225	86	100	-0.005051521505376207
1225	86	150	-0.04062718817204288
1225	86	200	-0.08255235483870955
1225	86	250	-0.08951602150537614
1225	86	300	-0.07885135483870953
1225	86	350	-0.0741358548387095
1225	86	400	-0.04982635483870953
1225	86	450	-0.020243188172042847
1225	86	500	0.04367847849462388
1225	86	550	0.0814311451612905
1225	86	600	0.1267256451612905
1225	86	650	0.15897014516129052
1225	86	700	0.1478906451612906
1225	86	750	0.12508297849462377
1225	86	800	0.11267747849462391
1225	86	850	0.08200214516129045
1225	86	900	NA
1225	86	950	NA
1225	86	1e3	0.35758184516129055
1225	86	1050	0.11975064516129048
1225	86	1100	0.07052081182795722
1225	86	1150	0.07505281182795713
1225	87	-200	-0.05612840092165897
1225	87	-150	0.0032557419354839467
1225	87	-100	0.010818075268817248
1225	87	-50	0.025789241935484004
1225	87	0	0.025620075268817228
1225	87	50	0.04347190860215059
1225	87	100	0.06759657526881717
1225	87	150	0.07674474193548386
1225	87	200	0.0870467419354839
1225	87	250	0.11356807526881722
1225	87	300	0.13152190860215054
1225	87	350	0.15467107526881732
1225	87	400	0.1890125752688173
1225	87	450	0.21985174193548396
1225	87	500	0.25148840860215055
1225	87	550	0.2660979086021506
1225	87	600	0.29642790860215057
1225	87	650	0.30111707526881726
1225	87	700	0.28966524193548393
1225	87	750	NA
1225	87	800	NA
1225	87	850	NA
1225	87	900	0.4770060752688172
1225	87	950	0.5317735752688172
1225	87	1e3	0.44332990860215066
1225	87	1050	0.37038574193548396
1225	87	1100	0.3981629086021506
1225	87	1150	0.32029640860215053
1225	88	-200	0.0013979078341013512
1225	88	-150	0.010227360215053771
1225	88	-100	-0.02039430645161285
1225	88	-50	0.006397193548387155
1225	88	0	0.002138860215053754
1225	88	50	-0.005971139784946233
1225	88	100	0.022320526881720443
1225	88	150	0.03127819354838716
1225	88	200	0.013462360215053723
1225	88	250	0.018666526881720397
1225	88	300	0.016241860215053732
1225	88	350	0.008619026881720412
1225	88	400	-0.009480473118279523
1225	88	450	-0.003282806451612904
1225	88	500	0.04719919354838716
1225	88	550	0.08684002688172043
1225	88	600	NA
1225	88	650	NA
1225	88	700	NA
1225	88	750	NA
1225	88	800	NA
1225	88	850	0.467307193548387
1225	88	900	NA
1225	88	950	NA
1225	88	1e3	NA
1225	88	1050	0.4998716935483871
1225	88	1100	0.37207502688172056
1225	88	1150	0.3432106935483872
1225	89	-200	0.1453970666666664
1225	89	-150	0.005625066666666474
1225	89	-100	-0.0387976000000001
1225	89	-50	-0.04693310000000017
1225	89	0	-0.06529143333333358
1225	89	50	-0.08160893333333348
1225	89	100	-0.0977974333333335
1225	89	150	-0.11742893333333353
1225	89	200	-0.1425717666666669
1225	89	250	-0.13968693333333357
1225	89	300	-0.13707726666666686
1225	89	350	-0.13844326666666684
1225	89	400	-0.13323926666666686
1225	89	450	-0.13222576666666677
1225	89	500	-0.1277029333333334
1225	89	550	-0.11203360000000018
1225	89	600	-0.11188526666666683
1225	89	650	-0.07352176666666677
1225	89	700	-0.04384060000000023
1225	89	750	0.006414899999999779
1225	89	800	0.027465899999999783
1225	89	850	0.03994323333333316
1225	89	900	0.06395956666666643
1225	89	950	0.004089899999999869
1225	89	1e3	0.07250789999999989
1225	89	1050	NA
1225	89	1100	NA
1225	89	1150	NA
1225	90	-200	NA
1225	90	-150	0.18477045000000003
1225	90	-100	0.10111928333333349
1225	90	-50	-0.07844271666666665
1225	90	0	-0.08426671666666648
1225	90	50	-0.06950138333333318
1225	90	100	-0.10436621666666657
1225	90	150	-0.1305022166666666
1225	90	200	-0.14099404999999984
1225	90	250	-0.2206918833333332
1225	90	300	-0.24406971666666655
1225	90	350	-0.2686797166666665
1225	90	400	-0.2599755499999999
1225	90	450	-0.27435871666666656
1225	90	500	-0.2311853833333332
1225	90	550	-0.19905871666666655
1225	90	600	-0.1635258833333332
1225	90	650	-0.19184504999999996
1225	90	700	NA
1225	90	750	NA
1225	90	800	-0.08818504999999988
1225	90	850	-0.10829364999999988
1225	90	900	NA
1225	90	950	NA
1225	90	1e3	NA
1225	90	1050	0.08549345000000019
1225	90	1100	-0.002703383333333272
1225	90	1150	-0.13708204999999984
1225	91	-200	0.029795733333333185
1225	91	-150	0.006856566666666526
1225	91	-100	-0.006338933333333389
1225	91	-50	-0.007273266666666833
1225	91	0	-0.023040100000000157
1225	91	50	-0.00467093333333346
1225	91	100	-0.02008310000000013
1225	91	150	3.120666666664995e-4
1225	91	200	NA
1225	91	250	0.23759656666666662
1225	91	300	0.1837825666666665
1225	91	350	0.021826566666666603
1225	91	400	0.07558373333333328
1225	91	450	0.10566073333333319
1225	91	500	0.10408639999999991
1225	91	550	0.11925206666666661
1225	91	600	0.09686923333333326
1225	91	650	0.0780297333333333
1225	91	700	0.05667906666666648
1225	91	750	0.0482892333333332
1225	91	800	0.028694399999999936
1225	91	850	0.01804506666666657
1225	91	900	-0.01714976666666675
1225	91	950	0.015820066666666577
1225	91	1e3	0.0035420666666664915
1225	91	1050	-0.00902926666666685
1225	91	1100	-0.0260079333333334
1225	91	1150	0.17674606666666648
1225	92	-200	-0.10451999999999988
1225	92	-150	NA
1225	92	-100	NA
1225	92	-50	NA
1225	92	0	0.10452000000000024
1225	92	50	-0.09656233333333313
1225	92	100	-0.09489216666666651
1225	92	150	-0.09235599999999973
1225	92	200	-0.0641919999999998
1225	92	250	-0.07499833333333313
1225	92	300	-0.10393849999999971
1225	92	350	-0.09936066666666643
1225	92	400	-0.13898833333333313
1225	92	450	-0.1248288333333331
1225	92	500	-0.11304633333333321
1225	92	550	-0.10512249999999972
1225	92	600	-0.04565916666666651
1225	92	650	-0.04832733333333309
1225	92	700	-0.04963833333333308
1225	92	750	-0.048181499999999655
1225	92	800	0.016989500000000213
1225	92	850	NA
1225	92	900	NA
1225	92	950	NA
1225	92	1e3	NA
1225	92	1050	NA
1225	92	1100	NA
1225	92	1150	NA
1225	93	-200	0.0021664532019705085
1225	93	-150	-0.007689856321838977
1225	93	-100	-0.006181856321839059
1225	93	-50	-0.01197718965517236
1225	93	0	0.03498206034482765
1225	93	50	NA
1225	93	100	0.06763331034482745
1225	93	150	0.12705931034482756
1225	93	200	0.09230047701149428
1225	93	250	-0.032412356321838955
1225	93	300	-0.03958052298850571
1225	93	350	-0.020574189655172475
1225	93	400	-0.026770522988505723
1225	93	450	-0.03643518965517245
1225	93	500	-0.044479689655172315
1225	93	550	-0.06656852298850573
1225	93	600	-0.10498202298850567
1225	93	650	-0.09298785632183908
1225	93	700	-0.13204485632183904
1225	93	750	-0.07166202298850559
1225	93	800	-0.024384856321839028
1225	93	850	-0.006632189655172427
1225	93	900	-0.0464686896551724
1225	93	950	-0.07181202298850568
1225	93	1e3	-0.11584868965517225
1225	93	1050	NA
1225	93	1100	NA
1225	93	1150	NA
1225	94	-200	-0.0038684838709679426
1225	94	-150	0.0031436827956987656
1225	94	-100	-0.02213198387096793
1225	94	-50	0.0034286827956986343
1225	94	0	0.020072849462365427
1225	94	50	0.03432784946236541
1225	94	100	0.011077349462365419
1225	94	150	0.010299516129032016
1225	94	200	0.03048868279569872
1225	94	250	0.009615182795698729
1225	94	300	0.026562682795698622
1225	94	350	0.029852182795698717
1225	94	400	0.038499516129032095
1225	94	450	0.06654184946236537
1225	94	500	0.07013268279569866
1225	94	550	0.08086718279569875
1225	94	600	0.07046451612903197
1225	94	650	0.08967084946236532
1225	94	700	0.08205351612903196
1225	94	750	0.049564849462365425
1225	94	800	0.06509351612903203
1225	94	850	NA
1225	94	900	NA
1225	94	950	NA
1225	94	1e3	NA
1225	94	1050	NA
1225	94	1100	NA
1225	94	1150	0.3375310161290319
1225	95	-200	NA
1225	95	-150	NA
1225	95	-100	NA
1225	95	-50	NA
1225	95	0	NA
1225	95	50	NA
1225	95	100	NA
1225	95	150	NA
1225	95	200	NA
1225	95	250	NA
1225	95	300	NA
1225	95	350	NA
1225	95	400	NA
1225	95	450	NA
1225	95	500	NA
1225	95	550	NA
1225	95	600	NA
1225	95	650	NA
1225	95	700	NA
1225	95	750	NA
1225	95	800	NA
1225	95	850	NA
1225	95	900	NA
1225	95	950	NA
1225	95	1e3	NA
1225	95	1050	NA
1225	95	1100	NA
1225	95	1150	NA
1225	96	-200	-0.03815167741935488
1225	96	-150	-0.01987384408602148
1225	96	-100	0.01718665591397846
1225	96	-50	0.027134489247311766
1225	96	0	0.02006298924731172
1225	96	50	0.013838989247311787
1225	96	100	-0.018261844086021457
1225	96	150	-0.03337701075268821
1225	96	200	-0.04242934408602158
1225	96	250	-0.030494344086021474
1225	96	300	-0.019899510752688254
1225	96	350	0.0252101559139785
1225	96	400	0.05812865591397842
1225	96	450	0.10674132258064521
1225	96	500	0.1457379892473117
1225	96	550	0.11975198924731179
1225	96	600	0.2655323225806452
1225	96	650	NA
1225	96	700	NA
1225	96	750	0.35678817972350224
1225	96	800	0.24500715591397845
1225	96	850	0.23577432258064515
1225	96	900	0.22951348924731185
1225	96	950	0.21518965591397854
1225	96	1e3	0.1928448225806451
1225	96	1050	0.14965698924731177
1225	96	1100	0.10159965591397846
1225	96	1150	0.06869232258064513
1225	97	-200	0.09735673103448272
1225	97	-150	-0.020194402298850573
1225	97	-100	-0.029626235632183844
1225	97	-50	-0.03192323563218391
1225	97	0	6.132643678160576e-4
1225	97	50	-0.0100207356321839
1225	97	100	0.013689431034482688
1225	97	150	-0.013251902298850649
1225	97	200	-0.0019974022988506293
1225	97	250	-0.06072856896551726
1225	97	300	-0.04661006896551726
1225	97	350	-0.0696034022988506
1225	97	400	-0.049396568965517286
1225	97	450	-0.04590023563218396
1225	97	500	-0.0340960689655172
1225	97	550	0.013098097701149447
1225	97	600	-0.013591402298850511
1225	97	650	0.02628159770114946
1225	97	700	NA
1225	97	750	NA
1225	97	800	NA
1225	97	850	NA
1225	97	900	NA
1225	97	950	NA
1225	97	1e3	NA
1225	97	1050	NA
1225	97	1100	0.0712584310344826
1225	97	1150	0.10240793103448276
1225	98	-200	-0.016155894009216416
1225	98	-150	-0.007044489247311603
1225	98	-100	-9.856559139782561e-4
1225	98	-50	-0.007500822580644995
1225	98	0	0.0343795107526883
1225	98	50	0.023147677419354935
1225	98	100	0.028070344086021642
1225	98	150	0.027827677419354952
1225	98	200	0.0218640107526884
1225	98	250	0.040523844086021756
1225	98	300	0.039286177419354994
1225	98	350	0.01885534408602167
1225	98	400	-0.01971632258064515
1225	98	450	NA
1225	98	500	NA
1225	98	550	NA
1225	98	600	NA
1225	98	650	NA
1225	98	700	NA
1225	98	750	NA
1225	98	800	NA
1225	98	850	NA
1225	98	900	NA
1225	98	950	0.4423792774193549
1225	98	1e3	0.4419501774193549
1225	98	1050	0.4427055107526883
1225	98	1100	0.4630613440860216
1225	98	1150	0.46931934408602155
1225	99	-200	-0.026928917050691354
1225	99	-150	-0.006197107526881851
1225	99	-100	0.00383522580645157
1225	99	-50	-0.001106774193548506
1225	99	0	0.034885725806451516
1225	99	50	0.016072892473118234
1225	99	100	0.014739392473118137
1225	99	150	0.01867255913978479
1225	99	200	0.012000059139784858
1225	99	250	0.030693059139784856
1225	99	300	0.03793072580645155
1225	99	350	0.04150005913978486
1225	99	400	0.04493572580645148
1225	99	450	0.04806222580645151
1225	99	500	0.09595939247311813
1225	99	550	0.10431939247311821
1225	99	600	0.16144622580645152
1225	99	650	0.1860243924731181
1225	99	700	0.26766972580645154
1225	99	750	NA
1225	99	800	NA
1225	99	850	NA
1225	99	900	NA
1225	99	950	NA
1225	99	1e3	NA
1225	99	1050	0.31691672580645147
1225	99	1100	0.23482805913978497
1225	99	1150	0.2430937258064514
1225	100	-200	0.008548308755760419
1225	100	-150	-0.007385215053763439
1225	100	-100	-0.013389215053763412
1225	100	-50	0.003115118279569895
1225	100	0	0.0076862849462365395
1225	100	50	0.012057284946236516
1225	100	100	0.02465478494623648
1225	100	150	0.039357451612903306
1225	100	200	0.061805284946236494
1225	100	250	0.07314461827956993
1225	100	300	0.06736428494623659
1225	100	350	0.07068028494623646
1225	100	400	0.0736789516129032
1225	100	450	0.11175678494623657
1225	100	500	0.17322395161290327
1225	100	550	0.17639761827956982
1225	100	600	0.21748161827956988
1225	100	650	0.5427484516129031
1225	100	700	NA
1225	100	750	NA
1225	100	800	NA
1225	100	850	0.47142045161290325
1225	100	900	0.26288395161290334
1225	100	950	0.6848024516129032
1225	100	1e3	NA
1225	100	1050	0.25221445161290346
1225	100	1100	NA
1225	100	1150	NA
1225	101	-200	0.026530861751152317
1225	101	-150	-0.005811209677419216
1225	101	-100	3.8290322580773285e-5
1225	101	-50	-0.0060988763440859755
1225	101	0	-0.0190808763440858
1225	101	50	0.03336089032258096
1225	101	100	NA
1225	101	150	NA
1225	101	200	NA
1225	101	250	NA
1225	101	300	0.4085677903225806
1225	101	350	0.1967566236559141
1225	101	400	0.16917529032258086
1225	101	450	0.12338612365591417
1225	101	500	0.11834445698924756
1225	101	550	0.05161145698924748
1225	101	600	0.03629529032258083
1225	101	650	0.03828979032258073
1225	101	700	0.027928290322580745
1225	101	750	0.006760456989247432
1225	101	800	0.014188790322580802
1225	101	850	0.019989456989247367
1225	101	900	0.041880790322580776
1225	101	950	0.05388562365591413
1225	101	1e3	0.053312456989247435
1225	101	1050	0.039769123655914194
1225	101	1100	0.035106790322580794
1225	101	1150	0.028062290322580747
1225	102	-200	0.05511775115207351
1225	102	-150	-0.0076930107526883935
1225	102	-100	-0.003299844086021612
1225	102	-50	-0.016932177419355005
1225	102	0	-0.03637901075268838
1225	102	50	-0.05646334408602168
1225	102	100	-0.0675910107526884
1225	102	150	-0.04710467741935509
1225	102	200	-0.026148844086021583
1225	102	250	-0.008771844086021682
1225	102	300	0.011319322580644942
1225	102	350	0.02025282258064502
1225	102	400	0.019169655913978307
1225	102	450	5.2322580645025596e-5
1225	102	500	0.06355948924731163
1225	102	550	0.11976815591397834
1225	102	600	0.17165965591397825
1225	102	650	0.23836082258064484
1225	102	700	NA
1225	102	750	NA
1225	102	800	0.3160413225806449
1225	102	850	0.2072614892473116
1225	102	900	0.13136132258064492
1225	102	950	0.11918648924731164
1225	102	1e3	0.1631708225806449
1225	102	1050	0.21748882258064506
1225	102	1100	0.1731771559139784
1225	102	1150	0.13433965591397837
1225	103	-200	0.025682880184331784
1225	103	-150	0.020266284946236574
1225	103	-100	-0.004365715053763486
1225	103	-50	-0.02439421505376349
1225	103	0	-0.021469715053763494
1225	103	50	-0.01970438172043017
1225	103	100	-0.03532254838709684
1225	103	150	0.0020766182795698787
1225	103	200	0.002987618279569837
1225	103	250	-0.0045992150537634835
1225	103	300	0.009688284946236525
1225	103	350	0.011042618279569835
1225	103	400	0.003210284946236467
1225	103	450	-0.005084881720430164
1225	103	500	0.02646845161290316
1225	103	550	0.048839784946236454
1225	103	600	0.10261911827956986
1225	103	650	0.10056345161290325
1225	103	700	0.12585320161290314
1225	103	750	NA
1225	103	800	NA
1225	103	850	NA
1225	103	900	NA
1225	103	950	NA
1225	103	1e3	NA
1225	103	1050	NA
1225	103	1100	NA
1225	103	1150	NA
1225	104	-200	-0.012212691244239451
1225	104	-150	0.013384284946236743
1225	104	-100	0.001611618279570089
1225	104	-50	-0.008393048387096572
1225	104	0	0.007645284946236804
1225	104	50	0.01667645161290343
1225	104	100	0.0290931182795701
1225	104	150	0.0027642849462367427
1225	104	200	0.006173118279570122
1225	104	250	0.0013912849462368222
1225	104	300	0.01929411827957006
1225	104	350	0.04521578494623683
1225	104	400	0.046794451612903375
1225	104	450	0.056650784946236765
1225	104	500	0.07964845161290353
1225	104	550	0.10884945161290342
1225	104	600	0.14272611827957013
1225	104	650	0.13035595161290336
1225	104	700	0.10381278494623676
1225	104	750	0.10058711827957012
1225	104	800	0.0765052849462368
1225	104	850	0.08973645161290349
1225	104	900	NA
1225	104	950	NA
1225	104	1e3	NA
1225	104	1050	NA
1225	104	1100	NA
1225	104	1150	NA
1225	105	-200	0.01549795391705062
1225	105	-150	0.008252263440860164
1225	105	-100	0.009163096774193505
1225	105	-50	-0.01654140322580659
1225	105	0	-0.018954903225806508
1225	105	50	NA
1225	105	100	NA
1225	105	150	0.18318376344085996
1225	105	200	0.06818495391705058
1225	105	250	-5.282365591398422e-4
1225	105	300	0.03921676344086008
1225	105	350	0.017369096774193366
1225	105	400	0.05020976344086011
1225	105	450	0.04252943010752682
1225	105	500	0.0014990967741934647
1225	105	550	-0.011338069892473213
1225	105	600	-0.04278590322580659
1225	105	650	-0.0671102365591399
1225	105	700	-0.05881406989247321
1225	105	750	-0.016205569892473237
1225	105	800	0.00667576344086022
1225	105	850	0.056696263440860095
1225	105	900	0.08375893010752684
1225	105	950	0.06708709677419344
1225	105	1e3	NA
1225	105	1050	NA
1225	105	1100	NA
1225	105	1150	NA
1225	106	-200	0.0054784608294930716
1225	106	-150	0.027270698924731107
1225	106	-100	0.0020618655913978343
1225	106	-50	-0.002999134408602222
1225	106	0	-0.0327249677419356
1225	106	50	-0.05892630107526897
1225	106	100	-0.07625796774193556
1225	106	150	-0.08221930107526883
1225	106	200	-0.09442496774193554
1225	106	250	-0.10130830107526896
1225	106	300	-0.1036369677419356
1225	106	350	-0.10224346774193556
1225	106	400	-0.08803546774193556
1225	106	450	-0.07238913440860222
1225	106	500	-0.025692967741935524
1225	106	550	0.0020008655913977456
1225	106	600	0.17567603225806439
1225	106	650	NA
1225	106	700	NA
1225	106	750	NA
1225	106	800	NA
1225	106	850	NA
1225	106	900	NA
1225	106	950	NA
1225	106	1e3	NA
1225	106	1050	NA
1225	106	1100	NA
1225	106	1150	NA
1225	108	-200	-0.023474235023041627
1225	108	-150	-0.029732639784946373
1225	108	-100	0.02959186021505363
1225	108	-50	0.03224186021505367
1225	108	0	-0.004714473118279698
1225	108	50	NA
1225	108	100	NA
1225	108	150	0.32755219354838694
1225	108	200	0.11473486021505368
1225	108	250	0.07086036021505371
1225	108	300	0.04294469354838696
1225	108	350	0.04899352688172032
1225	108	400	0.03492969354838701
1225	108	450	0.05249886021505357
1225	108	500	0.0031293602150535746
1225	108	550	-0.02415880645161302
1225	108	600	-0.06599163978494649
1225	108	650	-0.07534930645161309
1225	108	700	-0.04582747311827973
1225	108	750	-0.015548973118279704
1225	108	800	0.0557850268817203
1225	108	850	0.05670069354838706
1225	108	900	0.06982636021505366
1225	108	950	0.04778444354838696
1225	108	1e3	NA
1225	108	1050	-0.17073280645161315
1225	108	1100	0.014563526881720282
1225	108	1150	0.05210952688172029
1225	109	-200	0.001224561904761818
1225	109	-150	0.0023131333333332726
1225	109	-100	-0.011225366666666625
1225	109	-50	NA
1225	109	0	NA
1225	109	50	NA
1225	109	100	0.3825211333333334
1225	109	150	0.2599509333333332
1225	109	200	0.18141879999999996
1225	109	250	0.20134879999999988
1225	109	300	0.09142996666666654
1225	109	350	0.062117466666666475
1225	109	400	0.0843576333333332
1225	109	450	0.057002299999999874
1225	109	500	0.022307799999999878
1225	109	550	0.02057013333333324
1225	109	600	-0.0355568666666668
1225	109	650	-0.030000200000000143
1225	109	700	-0.024801700000000038
1225	109	750	-0.0535223666666668
1225	109	800	-0.015513033333333462
1225	109	850	-0.011649533333333443
1225	109	900	0.07274363333333311
1225	109	950	NA
1225	109	1e3	NA
1225	109	1050	NA
1225	109	1100	NA
1225	109	1150	NA
1225	110	-200	0.1223031666666669
1225	110	-150	-0.030678749999999755
1225	110	-100	-0.06156224999999982
1225	110	-50	0.002054500000000292
1225	110	0	NA
1225	110	50	0.06425650000000023
1225	110	100	0.10156950000000031
1225	110	150	0.1994855000000003
1225	110	200	0.17182233333333366
1225	110	250	0.06659516666666694
1225	110	300	0.04074183333333359
1225	110	350	0.044915500000000254
1225	110	400	0.041668833333333634
1225	110	450	9.331666666669106e-4
1225	110	500	-0.0036829999999996588
1225	110	550	-0.06598799999999971
1225	110	600	-0.0859289999999997
1225	110	650	-0.11064399999999981
1225	110	700	-0.11058083333333313
1225	110	750	-0.10156466666666646
1225	110	800	-0.0770094999999998
1225	110	850	-0.06003533333333322
1225	110	900	-0.043463499999999745
1225	110	950	NA
1225	110	1e3	NA
1225	110	1050	NA
1225	110	1100	NA
1225	110	1150	NA
1225	111	-200	-0.022366165898617587
1225	111	-150	0.008845381720430071
1225	111	-100	-0.003423284946236634
1225	111	-50	0.018409215053763434
1225	111	0	0.002262548387096682
1225	111	50	0.024695881720429986
1225	111	100	0.05021438172043006
1225	111	150	0.026575548387096786
1225	111	200	0.029035381720430003
1225	111	250	0.019532881720429957
1225	111	300	0.04943954838709671
1225	111	350	0.018094881720429983
1225	111	400	-0.014014451612903267
1225	111	450	-0.0012372849462366127
1225	111	500	0.006060381720430034
1225	111	550	0.04611954838709672
1225	111	600	NA
1225	111	650	NA
1225	111	700	NA
1225	111	750	NA
1225	111	800	NA
1225	111	850	NA
1225	111	900	NA
1225	111	950	0.2576120483870967
1225	111	1e3	0.23796104838709672
1225	111	1050	0.20217738172043012
1225	111	1100	0.20942038172043
1225	111	1150	0.17787804838709675
1225	112	-200	-0.06086690000000009
1225	112	-150	-0.0010895666666668191
1225	112	-100	0.024820266666666518
1225	112	-50	0.007560528571428511
1225	112	0	0.03397869999999994
1225	112	50	7.61266666666612e-4
1225	112	100	0.05352195714285703
1225	112	150	0.06468229999999994
1225	112	200	0.06661138571428557
1225	112	250	0.07464193333333331
1225	112	300	0.10037449999999985
1225	112	350	0.07410093333333334
1225	112	400	0.057307957142857004
1225	112	450	0.052840766666666594
1225	112	500	0.06478409999999986
1225	112	550	0.09386509999999985
1225	112	600	0.0930954333333333
1225	112	650	0.13680126666666656
1225	112	700	0.08902943333333324
1225	112	750	0.1224979333333333
1225	112	800	0.06868243333333328
1225	112	850	0.08730276666666666
1225	112	900	0.12270126666666654
1225	112	950	0.15964409999999996
1225	112	1e3	NA
1225	112	1050	NA
1225	112	1100	NA
1225	112	1150	NA
1225	113	-200	NA
1225	113	-150	NA
1225	113	-100	NA
1225	113	-50	NA
1225	113	0	NA
1225	113	50	NA
1225	113	100	NA
1225	113	150	NA
1225	113	200	NA
1225	113	250	NA
1225	113	300	NA
1225	113	350	NA
1225	113	400	NA
1225	113	450	NA
1225	113	500	NA
1225	113	550	NA
1225	113	600	NA
1225	113	650	NA
1225	113	700	NA
1225	113	750	NA
1225	113	800	NA
1225	113	850	NA
1225	113	900	NA
1225	113	950	NA
1225	113	1e3	NA
1225	113	1050	NA
1225	113	1100	NA
1225	113	1150	NA
1225	114	-200	0.017258566820276617
1225	114	-150	0.009292209677419505
1225	114	-100	0.013622876344086285
1225	114	-50	-0.01825312365591388
1225	114	0	-0.024796956989247148
1225	114	50	-0.04385712365591391
1225	114	100	-0.028112123655913795
1225	114	150	-0.021076456989247132
1225	114	200	-0.011008790322580545
1225	114	250	0.03404837634408627
1225	114	300	0.02067370967741951
1225	114	350	0.0290818763440861
1225	114	400	0.03320204301075277
1225	114	450	0.06064337634408612
1225	114	500	0.07077204301075286
1225	114	550	0.11743820967741951
1225	114	600	0.2319287096774195
1225	114	650	NA
1225	114	700	NA
1225	114	750	NA
1225	114	800	NA
1225	114	850	NA
1225	114	900	NA
1225	114	950	NA
1225	114	1e3	NA
1225	114	1050	NA
1225	114	1100	NA
1225	114	1150	0.4678197096774195
1225	115	-200	0.06434153763440868
1225	115	-150	0.003431870967742038
1225	115	-100	0.009026037634408754
1225	115	-50	-0.03369812903225785
1225	115	0	-0.03694398617511517
1225	115	50	-0.07904512903225787
1225	115	100	-0.10142712903225792
1225	115	150	-0.1405909861751151
1225	115	200	-0.16793362903225795
1225	115	250	-0.1369647956989246
1225	115	300	-0.1529524623655912
1225	115	350	-0.13433096236559136
1225	115	400	-0.13945129569892467
1225	115	450	-0.12166629569892466
1225	115	500	-0.07877462903225796
1225	115	550	-0.02425979569892463
1225	115	600	0.03811937096774202
1225	115	650	0.0856320376344087
1225	115	700	NA
1225	115	750	NA
1225	115	800	0.18565387096774222
1225	115	850	0.27139301382488495
1225	115	900	-0.01875112903225795
1225	115	950	-0.039933129032257986
1225	115	1e3	0.03129853763440867
1225	115	1050	0.12035920430107527
1225	115	1100	0.050742037634408765
1225	115	1150	-0.005300795698924683
1225	116	-200	0.01014923041474677
1225	116	-150	0.003718516129032364
1225	116	-100	0.014817516129032407
1225	116	-50	-0.0010929838709674566
1225	116	0	-0.029283817204300844
1225	116	50	-0.018925150537634217
1225	116	100	-0.004375650537634224
1225	116	150	-0.022732150537634183
1225	116	200	-0.009876483870967586
1225	116	250	-0.017628150537634262
1225	116	300	-0.015211650537634144
1225	116	350	-0.03041131720430094
1225	116	400	-0.012681650537634148
1225	116	450	0.03440001612903243
1225	116	500	NA
1225	116	550	0.49953851612903266
1225	116	600	0.2900558494623658
1225	116	650	0.09625884946236574
1225	116	700	0.11240868279569909
1225	116	750	0.1210891827956991
1225	116	800	0.14660118279569914
1225	116	850	0.16775518279569912
1225	116	900	0.17889501612903244
1225	116	950	0.1730040161290325
1225	116	1e3	0.21650834946236577
1225	116	1050	0.22287851612903245
1225	116	1100	0.18584334946236583
1225	116	1150	0.19469818279569898
1225	117	-200	-0.011193366666666519
1225	117	-150	-0.006295866666666594
1225	117	-100	0.010738466666666854
1225	117	-50	0.0067169666666668055
1225	117	0	3.380000000004676e-5
1225	117	50	-0.009397533333333152
1225	117	100	-0.011309699999999904
1225	117	150	-0.004210033333333178
1225	117	200	0.02922580000000008
1225	117	250	0.021675633333333517
1225	117	300	0.029196466666666716
1225	117	350	0.0459706333333334
1225	117	400	0.030112466666666855
1225	117	450	0.05216263333333345
1225	117	500	0.04104713333333354
1225	117	550	0.0610666333333334
1225	117	600	0.0916834666666669
1225	117	650	0.13322913333333353
1225	117	700	0.15979846666666683
1225	117	750	0.11295080000000013
1225	117	800	0.17099346666666673
1225	117	850	NA
1225	117	900	NA
1225	117	950	0.19468430000000003
1225	117	1e3	0.3662741333333334
1225	117	1050	0.20058880000000015
1225	117	1100	0.1266198000000002
1225	117	1150	0.16282580000000016
1225	118	-200	NA
1225	118	-150	NA
1225	118	-100	NA
1225	118	-50	NA
1225	118	0	0
1225	118	50	-0.09313666666666665
1225	118	100	-0.19964499999999993
1225	118	150	-0.19475683333333338
1225	118	200	-0.17760783333333338
1225	118	250	-0.1905878333333333
1225	118	300	-0.23377849999999997
1225	118	350	-0.24909133333333333
1225	118	400	-0.2789983333333333
1225	118	450	-0.2902941666666666
1225	118	500	-0.28815716666666663
1225	118	550	-0.2693301666666667
1225	118	600	-0.2755625
1225	118	650	-0.2387773333333333
1225	118	700	-0.26989750000000007
1225	118	750	-0.2738038333333333
1225	118	800	-0.2861263333333334
1225	118	850	-0.273962
1225	118	900	-0.27871666666666667
1225	118	950	-0.2685431666666667
1225	118	1e3	-0.262005
1225	118	1050	-0.14286666666666661
1225	118	1100	NA
1225	118	1150	NA
1225	119	-200	-0.002267851851851669
1225	119	-150	0.005376148148148389
1225	119	-100	0.004553314814815061
1225	119	-50	-0.006681018518518433
1225	119	0	-0.001961185185184918
1225	119	50	NA
1225	119	100	NA
1225	119	150	0.17624181481481505
1225	119	200	0.1231171481481484
1225	119	250	-0.04415651851851828
1225	119	300	-0.04494085185185163
1225	119	350	-0.03342218518518495
1225	119	400	0.0025021481481483456
1225	119	450	-0.029757018518518235
1225	119	500	-0.01685318518518497
1225	119	550	-0.05631451851851824
1225	119	600	-0.04986601851851832
1225	119	650	-0.05745485185185162
1225	119	700	-0.0505580185185183
1225	119	750	-0.00379151851851837
1225	119	800	0.11955731481481502
1225	119	850	0.22790481481481484
1225	119	900	NA
1225	119	950	NA
1225	119	1e3	NA
1225	119	1050	NA
1225	119	1100	NA
1225	119	1150	NA
1225	120	-200	-0.009078483870967626
1225	120	-150	-7.954838709676911e-4
1225	120	-100	0.014688682795699052
1225	120	-50	0.009550516129032424
1225	120	0	-0.012852150537634369
1225	120	50	-0.0051636505376342345
1225	120	100	-0.015099817204301017
1225	120	150	0.005160016129032312
1225	120	200	0.011426349462365648
1225	120	250	0.009959516129032378
1225	120	300	0.019677849462365653
1225	120	350	0.010446016129032362
1225	120	400	-0.002699817204300977
1225	120	450	0.006494349462365638
1225	120	500	0.03287068279569897
1225	120	550	0.053134349462365726
1225	120	600	0.0606530161290324
1225	120	650	0.1013532661290324
1225	120	700	NA
1225	120	750	NA
1225	120	800	0.1904235161290324
1225	120	850	0.015221682795698946
1225	120	900	-0.019042983870967662
1225	120	950	0.0429925161290324
1225	120	1e3	0.040164182795699034
1225	120	1050	0.09441834946236567
1225	120	1100	0.08732301612903237
1225	120	1150	0.04963568279569904
1225	121	-200	-0.004787474654378026
1225	121	-150	-0.01059806989247325
1225	121	-100	-0.002828736559139955
1225	121	-50	0.0018305967741934677
1225	121	0	0.017181596774193435
1225	121	50	0.012606430107526823
1225	121	100	0.004653763440860104
1225	121	150	0.004527596774193343
1225	121	200	0.024753430107526658
1225	121	250	0.027010930107526827
1225	121	300	0.015139763440860099
1225	121	350	0.018713430107526758
1225	121	400	0.0054700967741934114
1225	121	450	-0.006102069892473268
1225	121	500	0.024106763440860046
1225	121	550	0.038765763440860024
1225	121	600	0.07668093010752686
1225	121	650	0.11292693010752679
1225	121	700	0.12855526344086013
1225	121	750	0.12327526344086011
1225	121	800	NA
1225	121	850	NA
1225	121	900	NA
1225	121	950	NA
1225	121	1e3	NA
1225	121	1050	NA
1225	121	1100	NA
1225	121	1150	NA
1225	122	-200	-1.3919354838723815e-4
1225	122	-150	-0.01886952688172065
1225	122	-100	-9.666935483874095e-4
1225	122	-50	0.005257806451612741
1225	122	0	0.014740806451612723
1225	122	50	0.023791473118279338
1225	122	100	0.052205806451612734
1225	122	150	0.06154447311827941
1225	122	200	0.1012249731182795
1225	122	250	0.07367247311827947
1225	122	300	0.09132030645161275
1225	122	350	0.27443530645161274
1225	122	400	NA
1225	122	450	NA
1225	122	500	0.2532483064516127
1225	122	550	0.20979220645161273
1225	122	600	0.18680409216589838
1225	122	650	0.21433263978494602
1225	122	700	0.22510563978494602
1225	122	750	0.25032063978494606
1225	122	800	0.22156113978494604
1225	122	850	0.17002080645161274
1225	122	900	0.11234713978494604
1225	122	950	0.10520447311827945
1225	122	1e3	0.1001338064516127
1225	122	1050	0.09415963978494601
1225	122	1100	0.06474113978494607
1225	122	1150	0.03839997311827944
1225	123	-200	NA
1225	123	-150	0.2292316000000003
1225	123	-100	-0.01846869999999985
1225	123	-50	-0.036296042857142705
1225	123	0	-0.01867456666666656
1225	123	50	-0.005206733333333213
1225	123	100	0.025110100000000024
1225	123	150	0.047602266666666816
1225	123	200	0.009407933333333377
1225	123	250	-0.03164456666666656
1225	123	300	-0.05413523333333322
1225	123	350	-0.04277473333333318
1225	123	400	-0.06805856666666658
1225	123	450	-0.03863673333333321
1225	123	500	-0.009072899999999976
1225	123	550	0.023944100000000173
1225	123	600	0.0555342666666668
1225	123	650	0.05229076666666684
1225	123	700	0.06333410000000028
1225	123	750	NA
1225	123	800	NA
1225	123	850	NA
1225	123	900	NA
1225	123	950	0.17365809999999993
1225	123	1e3	0.19423530000000006
1225	123	1050	0.20456793333333345
1225	123	1100	0.18934876666666675
1225	123	1150	0.32166510000000015
1225	124	-200	NA
1225	124	-150	NA
1225	124	-100	-0.0034088333333333054
1225	124	-50	0.00947236666666651
1225	124	0	-0.007325500000000096
1225	124	50	0.0021736666666665925
1225	124	100	-0.004231500000000092
1225	124	150	-0.020988000000000156
1225	124	200	-0.062113166666666775
1225	124	250	-0.05913066666666674
1225	124	300	-0.0639550000000002
1225	124	350	-0.06744416666666682
1225	124	400	-0.060009333333333505
1225	124	450	-0.0616488333333336
1225	124	500	-0.04272883333333347
1225	124	550	-0.012531500000000065
1225	124	600	0.013576166666666426
1225	124	650	0.05115366666666654
1225	124	700	0.06222399999999976
1225	124	750	NA
1225	124	800	NA
1225	124	850	NA
1225	124	900	0.33848283333333323
1225	124	950	0.28013166666666667
1225	124	1e3	NA
1225	124	1050	NA
1225	124	1100	NA
1225	124	1150	0.3561759666666665
1225	125	-200	-0.00456710000000012
1225	125	-150	7.240666666665785e-4
1225	125	-100	0.004453566666666446
1225	125	-50	0.010009566666666489
1225	125	0	-0.010620100000000132
1225	125	50	-0.04978443333333341
1225	125	100	-0.0662154333333335
1225	125	150	-0.05795243333333344
1225	125	200	-0.07888843333333335
1225	125	250	-0.0886497666666668
1225	125	300	-0.08251826666666677
1225	125	350	-0.08613426666666683
1225	125	400	-0.057762100000000226
1225	125	450	-0.052073433333333474
1225	125	500	-0.04519660000000014
1225	125	550	-0.03401176666666683
1225	125	600	0.020726233333333195
1225	125	650	0.03117056666666655
1225	125	700	0.01196523333333325
1225	125	750	0.0016237333333332475
1225	125	800	-0.013835266666666715
1225	125	850	0.012201066666666613
1225	125	900	0.07920323333333323
1225	125	950	NA
1225	125	1e3	NA
1225	125	1050	NA
1225	125	1100	NA
1225	125	1150	NA
1225	126	-200	NA
1225	126	-150	NA
1225	126	-100	NA
1225	126	-50	NA
1225	126	0	NA
1225	126	50	NA
1225	126	100	NA
1225	126	150	NA
1225	126	200	NA
1225	126	250	NA
1225	126	300	NA
1225	126	350	NA
1225	126	400	NA
1225	126	450	NA
1225	126	500	NA
1225	126	550	NA
1225	126	600	NA
1225	126	650	NA
1225	126	700	NA
1225	126	750	NA
1225	126	800	NA
1225	126	850	NA
1225	126	900	NA
1225	126	950	NA
1225	126	1e3	NA
1225	126	1050	NA
1225	126	1100	NA
1225	126	1150	NA
1225	128	-200	-0.027634456221198218
1225	128	-150	-0.03134040860215063
1225	128	-100	-0.013664908602150527
1225	128	-50	0.01491559139784937
1225	128	0	0.06232992473118267
1225	128	50	0.033875091397849465
1225	128	100	0.010998424731182732
1225	128	150	-0.006741575268817283
1225	128	200	-0.018424908602150625
1225	128	250	-0.033588241935483966
1225	128	300	-0.0644744086021507
1225	128	350	-0.06871074193548392
1225	128	400	-0.01840157526881736
1225	128	450	-0.0011905752688171993
1225	128	500	0.03651809139784934
1225	128	550	0.07898075806451603
1225	128	600	0.096116058064516
1225	128	650	NA
1225	128	700	NA
1225	128	750	NA
1225	128	800	NA
1225	128	850	NA
1225	128	900	NA
1225	128	950	NA
1225	128	1e3	NA
1225	128	1050	NA
1225	128	1100	NA
1225	128	1150	NA
1225	129	-200	0.07130884792626738
1225	129	-150	0.025281419354838814
1225	129	-100	0.010151252688172038
1225	129	-50	-0.04607141397849457
1225	129	0	-0.0725549139784946
1225	129	50	-0.07139691397849446
1225	129	100	-0.10851641397849458
1225	129	150	-0.1181675806451612
1225	129	200	-0.10325841397849451
1225	129	250	-0.1105364139784945
1225	129	300	-0.11023458064516116
1225	129	350	-0.10822741397849445
1225	129	400	-0.10062224731182783
1225	129	450	-0.06881274731182792
1225	129	500	-0.04377508064516119
1225	129	550	0.006823419354838729
1225	129	600	0.0934990193548388
1225	129	650	NA
1225	129	700	NA
1225	129	750	0.18271341935483898
1225	129	800	0.1764889193548389
1225	129	850	0.07727875268817219
1225	129	900	0.04923925268817212
1225	129	950	0.07007008602150555
1225	129	1e3	0.10615791935483883
1225	129	1050	0.08956725268817219
1225	129	1100	0.0743385860215054
1225	129	1150	0.019493586021505454
1225	130	-200	-0.0295413870967741
1225	130	-150	0.006900612903225944
1225	130	-100	0.007118612903225833
1225	130	-50	0.009299898617511713
1225	130	0	0.01074594623655926
1225	130	50	0.003425446236559271
1225	130	100	0.02493741290322591
1225	130	150	0.06129561290322583
1225	130	200	NA
1225	130	250	0.135314412903226
1225	130	300	0.0819572795698927
1225	130	350	0.016647470046083118
1225	130	400	0.02675641290322588
1225	130	450	0.02764718433179736
1225	130	500	0.06277977956989256
1225	130	550	0.0925291129032259
1225	130	600	0.11972994623655923
1225	130	650	0.11492127956989255
1225	130	700	0.11338694623655939
1225	130	750	0.098490112903226
1225	130	800	0.090301112903226
1225	130	850	0.08182027956989257
1225	130	900	0.10409061290322597
1225	130	950	NA
1225	130	1e3	NA
1225	130	1050	0.37767011290322594
1225	130	1100	0.18883021290322607
1225	130	1150	0.1486331843317973
1225	131	-200	0.01474810000000019
1225	131	-150	0.013120433333333459
1225	131	-100	-0.008380566666666459
1225	131	-50	-0.005824233333333151
1225	131	0	-0.01366373333333315
1225	131	50	-0.048743566666666606
1225	131	100	-0.05763956666666655
1225	131	150	-0.0298318999999998
1225	131	200	-0.04592739999999992
1225	131	250	-0.03334056666666655
1225	131	300	-0.019204733333333095
1225	131	350	0.024675766666666748
1225	131	400	0.056488766666666836
1225	131	450	0.12117526666666678
1225	131	500	0.13839093333333352
1225	131	550	0.19032776666666681
1225	131	600	0.21132760000000017
1225	131	650	0.22770576666666686
1225	131	700	0.18937243333333345
1225	131	750	0.1803334333333336
1225	131	800	NA
1225	131	850	NA
1225	131	900	NA
1225	131	950	NA
1225	131	1e3	NA
1225	131	1050	NA
1225	131	1100	NA
1225	131	1150	NA
1225	132	-200	-0.015756140350877395
1225	132	-150	0.00534619298245594
1225	132	-100	0.009911526315789324
1225	132	-50	0.0029905263157892215
1225	132	0	NA
1225	132	50	0.36912252631578957
1225	132	100	0.21258469298245605
1225	132	150	0.08171785964912275
1225	132	200	0.0802878596491227
1225	132	250	0.0682323596491227
1225	132	300	0.05623069298245601
1225	132	350	0.0697048596491227
1225	132	400	0.05528402631578929
1225	132	450	0.018362192982456005
1225	132	500	0.02226102631578941
1225	132	550	0.01714419298245599
1225	132	600	0.02767969298245602
1225	132	650	0.0471800263157894
1225	132	700	0.0817551929824561
1225	132	750	0.0659330263157895
1225	132	800	0.01912152631578934
1225	132	850	NA
1225	132	900	NA
1225	132	950	NA
1225	132	1e3	NA
1225	132	1050	NA
1225	132	1100	NA
1225	132	1150	NA
1225	133	-200	-0.03507189861751143
1225	133	-150	-0.02841294623655899
1225	133	-100	0.01402072043010764
1225	133	-50	0.023071720430107634
1225	133	0	0.032237720430107565
1225	133	50	0.06532872043010755
1225	133	100	0.028684220430107505
1225	133	150	0.05512105376344093
1225	133	200	0.042430220430107614
1225	133	250	0.056139553763440896
1225	133	300	0.04127455376344106
1225	133	350	0.06150488709677426
1225	133	400	0.05456588709677416
1225	133	450	0.05316588709677439
1225	133	500	0.07401522043010766
1225	133	550	0.09291338709677428
1225	133	600	0.14561405376344094
1225	133	650	0.3522028870967744
1225	133	700	NA
1225	133	750	NA
1225	133	800	NA
1225	133	850	NA
1225	133	900	NA
1225	133	950	NA
1225	133	1e3	NA
1225	133	1050	NA
1225	133	1100	0.4615748870967742
1225	133	1150	0.5231543870967743
1225	134	-200	0.044094033333333504
1225	134	-150	0.011628866666666923
1225	134	-100	-0.012616133333333224
1225	134	-50	-0.012436299999999845
1225	134	0	-0.030670466666666545
1225	134	50	-0.003714966666666412
1225	134	100	-0.016013966666666397
1225	134	150	-0.011781133333333083
1225	134	200	-0.013814299999999724
1225	134	250	0.010744866666666816
1225	134	300	-0.0018707999999998393
1225	134	350	0.002505533333333476
1225	134	400	0.01614170000000022
1225	134	450	0.03496870000000015
1225	134	500	0.047464533333333524
1225	134	550	0.08949453333333361
1225	134	600	0.15068036666666687
1225	134	650	0.24679236666666693
1225	134	700	NA
1225	134	750	NA
1225	134	800	NA
1225	134	850	NA
1225	134	900	0.44194286666666693
1225	134	950	NA
1225	134	1e3	NA
1225	134	1050	NA
1225	134	1100	NA
1225	134	1150	0.578893866666667
1225	135	-200	0.020797520737327053
1225	135	-150	-0.001092526881720642
1225	135	-100	0.002033473118279394
1225	135	-50	-0.013772860215053973
1225	135	0	-0.011431860215053971
1225	135	50	-0.03426852688172074
1225	135	100	-0.05892602688172074
1225	135	150	-0.06687502688172065
1225	135	200	-0.06240719354838734
1225	135	250	-0.07541952688172067
1225	135	300	-0.08757236021505414
1225	135	350	-0.09839702688172063
1225	135	400	-0.10022852688172068
1225	135	450	-0.1074020268817207
1225	135	500	-0.09254369354838743
1225	135	550	-0.08593702688172063
1225	135	600	-0.058224860215053985
1225	135	650	-0.007849193548387312
1225	135	700	0.009093639784946003
1225	135	750	0.035418973118279316
1225	135	800	0.013172139784946099
1225	135	850	0.03437113978494599
1225	135	900	NA
1225	135	950	NA
1225	135	1e3	NA
1225	135	1050	NA
1225	135	1100	NA
1225	135	1150	NA
1225	137	-200	0.005869285714285751
1225	137	-150	-0.0095338333333334635
1225	137	-100	0.0017364999999998816
1225	137	-50	-0.004755333333333371
1225	137	0	0.005705166666666613
1225	137	50	0.005011999999999943
1225	137	100	-0.011927166666666785
1225	137	150	-0.008353666666666667
1225	137	200	-0.024289833333333306
1225	137	250	-0.06430516666666675
1225	137	300	-0.052627500000000126
1225	137	350	-0.04171800000000007
1225	137	400	-0.01076166666666678
1225	137	450	-0.00944199999999995
1225	137	500	0.009110999999999944
1225	137	550	0.03765416666666669
1225	137	600	0.0888016666666666
1225	137	650	0.1609076666666666
1225	137	700	0.17732333333333328
1225	137	750	NA
1225	137	800	NA
1225	137	850	NA
1225	137	900	NA
1225	137	950	NA
1225	137	1e3	0.3888387499999999
1225	137	1050	0.29159166666666664
1225	137	1100	0.22915816666666658
1225	137	1150	0.27372233333333335
1225	138	-200	2.4640552995272967e-5
1225	138	-150	-0.00143747849462376
1225	138	-100	0.007997021505376104
1225	138	-50	-0.007597811827957157
1225	138	0	0.001009521505376254
1225	138	50	0.012815188172042932
1225	138	100	-0.005278145161290437
1225	138	150	-0.01378097849462375
1225	138	200	-0.015572145161290463
1225	138	250	-0.016396811827957086
1225	138	300	0.0018766881720428212
1225	138	350	-4.89311827957121e-4
1225	138	400	0.0011475215053761516
1225	138	450	-0.0014576451612904329
1225	138	500	0.008146521505376278
1225	138	550	0.006707354838709619
1225	138	600	0.01970368817204286
1225	138	650	0.009294854838709584
1225	138	700	0.010819854838709434
1225	138	750	0.007444521505376223
1225	138	800	0.027938354838709472
1225	138	850	0.04958768817204288
1225	138	900	0.004641521505376185
1225	138	950	0.04169435483870957
1225	138	1e3	0.10197435483870931
1225	138	1050	NA
1225	138	1100	NA
1225	138	1150	NA
1225	140	-200	-0.006528133640553031
1225	140	-150	-0.03554241935483874
1225	140	-100	0.023376247311827896
1225	140	-50	0.011914747311827956
1225	140	0	0.007867580645161206
1225	140	50	-0.011470419354838723
1225	140	100	0.04591091397849456
1225	140	150	0.040275080645161276
1225	140	200	0.07253591397849461
1225	140	250	0.04676674731182784
1225	140	300	0.008101413978494584
1225	140	350	-0.009898586021505432
1225	140	400	0.02147508064516135
1225	140	450	0.005394913978494638
1225	140	500	0.03908208064516128
1225	140	550	0.04109291397849457
1225	140	600	0.04486224731182786
1225	140	650	0.11680858064516124
1225	140	700	0.17476391397849458
1225	140	750	0.1586552473118279
1225	140	800	0.18186424731182793
1225	140	850	NA
1225	140	900	NA
1225	140	950	NA
1225	140	1e3	NA
1225	140	1050	NA
1225	140	1100	NA
1225	140	1150	0.41366958064516135
