Subject	TrialId	bin	pupil_change
1226	1	-200	-0.022063699999999836
1226	1	-150	0.017524633333333428
1226	1	-100	-0.022532866666666578
1226	1	-50	0.028069633333333455
1226	1	0	-9.976999999998792e-4
1226	1	50	-0.03418419999999974
1226	1	100	-0.058846366666666615
1226	1	150	0.022704966666666698
1226	1	200	0.010696966666666826
1226	1	250	0.029083633333333525
1226	1	300	0.012562466666666827
1226	1	350	-0.029792533333333166
1226	1	400	-0.012366866666666606
1226	1	450	0.00577946666666677
1226	1	500	0.0455473000000001
1226	1	550	0.03550863333333335
1226	1	600	0.1393603000000001
1226	1	650	0.1384354666666668
1226	1	700	0.17403730000000026
1226	1	750	0.21359946666666674
1226	1	800	0.09869396666666679
1226	1	850	0.050876800000000166
1226	1	900	0.0359669666666668
1226	1	950	-0.33195261666666653
1226	1	1e3	-0.2696868666666665
1226	1	1050	-0.0069048666666665275
1226	1	1100	-0.032978966666666665
1226	1	1150	-0.12948396666666656
1226	2	-200	-0.08720738248847944
1226	2	-150	-0.06228843010752705
1226	2	-100	0.058832069892472916
1226	2	-50	0.05190040322580628
1226	2	0	0.05329790322580622
1226	2	50	0.040511569892472954
1226	2	100	0.034298236559139626
1226	2	150	0.04284190322580613
1226	2	200	0.06981590322580618
1226	2	250	0.1066800698924728
1226	2	300	0.13538590322580615
1226	2	350	0.060187569892472835
1226	2	400	0.06333990322580611
1226	2	450	0.045285569892472934
1226	2	500	0.08022306989247285
1226	2	550	0.10031290322580626
1226	2	600	0.044075403225806165
1226	2	650	0.14147840322580615
1226	2	700	0.10165090322580617
1226	2	750	0.10648773655913961
1226	2	800	0.004978903225806075
1226	2	850	NA
1226	2	900	NA
1226	2	950	NA
1226	2	1e3	NA
1226	2	1050	NA
1226	2	1100	-0.03215709677419376
1226	2	1150	0.04012330322580624
1226	3	-200	-0.0271695253456224
1226	3	-150	9.903225806295879e-6
1226	3	-100	-0.017370930107527105
1226	3	-50	0.014311403225806263
1226	3	0	0.03474740322580631
1226	3	50	0.09718856989247289
1226	3	100	0.06203990322580618
1226	3	150	0.034412236559139574
1226	3	200	0.06892506989247298
1226	3	250	0.022773403225806232
1226	3	300	-0.015093596774193715
1226	3	350	0.046471403225806306
1226	3	400	0.09151456989247293
1226	3	450	0.0982010698924729
1226	3	500	0.1380412365591396
1226	3	550	0.1653230698924729
1226	3	600	0.187607569892473
1226	3	650	0.17585423655913957
1226	3	700	0.2675980698924729
1226	3	750	0.3259927365591395
1226	3	800	0.22684006989247285
1226	3	850	0.15620306989247293
1226	3	900	0.1642635698924729
1226	3	950	0.11817990322580633
1226	3	1e3	0.1074834032258063
1226	3	1050	0.08475950322580621
1226	3	1100	NA
1226	3	1150	NA
1226	4	-200	-0.012590009216589784
1226	4	-150	-0.03723891397849455
1226	4	-100	-0.03316658064516117
1226	4	-50	0.04792725268817222
1226	4	0	0.03716658602150543
1226	4	50	-0.06625291397849442
1226	4	100	-0.07204974731182785
1226	4	150	-0.031148747311827856
1226	4	200	0.08957391935483883
1226	4	250	0.012884086021505517
1226	4	300	-0.024539080645161155
1226	4	350	-0.010834080645161226
1226	4	400	0.015909586021505495
1226	4	450	0.021201252688172263
1226	4	500	0.052959586021505446
1226	4	550	0.11906825268817212
1226	4	600	0.07428108602150545
1226	4	650	0.13022275268817216
1226	4	700	0.1048504193548389
1226	4	750	0.08203308602150543
1226	4	800	0.07054158602150551
1226	4	850	0.11981608602150547
1226	4	900	0.11110475268817217
1226	4	950	0.07919791935483882
1226	4	1e3	-0.008243580645161064
1226	4	1050	NA
1226	4	1100	NA
1226	4	1150	NA
1226	6	-200	0.0372469333333331
1226	6	-150	0.04358759999999973
1226	6	-100	0.03180059999999981
1226	6	-50	-0.06954306666666683
1226	6	0	-0.04309206666666684
1226	6	50	-0.022102733333333607
1226	6	100	-0.04409640000000029
1226	6	150	0.13109255238095224
1226	6	200	0.042369433333333095
1226	6	250	0.06174306666666647
1226	6	300	0.02700369523809495
1226	6	350	0.033799433333333205
1226	6	400	-0.061377400000000325
1226	6	450	0.012698599999999782
1226	6	500	-0.03366290000000024
1226	6	550	0.0112255999999998
1226	6	600	0.0908070999999997
1226	6	650	0.10005293333333302
1226	6	700	0.03286059999999972
1226	6	750	0.0012577666666664378
1226	6	800	-0.011614900000000242
1226	6	850	-0.11235840000000019
1226	6	900	-0.03985023333333356
1226	6	950	-0.11558498333333367
1226	6	1e3	NA
1226	6	1050	NA
1226	6	1100	NA
1226	6	1150	-0.36694873333333344
1226	7	-200	-0.005841800000000008
1226	7	-150	-0.03441830000000001
1226	7	-100	-0.036646633333333366
1226	7	-50	0.011784699999999907
1226	7	0	0.06512203333333333
1226	7	50	0.038135533333333305
1226	7	100	0.01972103333333323
1226	7	150	0.004024033333333381
1226	7	200	0.029974366666666603
1226	7	250	-0.003502966666666607
1226	7	300	0.024401200000000012
1226	7	350	0.011395366666666629
1226	7	400	0.01651853333333338
1226	7	450	0.04352136666666673
1226	7	500	0.06882370000000011
1226	7	550	0.1382972
1226	7	600	0.18948486666666672
1226	7	650	0.1720117000000001
1226	7	700	0.2028873666666667
1226	7	750	0.18174020000000005
1226	7	800	0.11009953333333337
1226	7	850	0.15342836666666662
1226	7	900	0.058487199999999996
1226	7	950	0.06279020000000002
1226	7	1e3	0.056266033333333354
1226	7	1050	0.009429366666666642
1226	7	1100	0.03705986666666661
1226	7	1150	0.08498319999999993
1226	8	-200	-0.10143716666666669
1226	8	-150	-0.002771166666666547
1226	8	-100	-0.016045333333333318
1226	8	-50	0.050334666666666784
1226	8	0	0.06991900000000006
1226	8	50	0.04165400000000008
1226	8	100	0.07077283333333328
1226	8	150	0.05263883333333341
1226	8	200	0.06646966666666665
1226	8	250	0.11333033333333324
1226	8	300	0.05378333333333344
1226	8	350	0.05300816666666678
1226	8	400	0.015153833333333422
1226	8	450	0.08486666666666672
1226	8	500	0.07646566666666661
1226	8	550	0.1638301666666667
1226	8	600	0.17494466666666675
1226	8	650	0.12276149999999997
1226	8	700	0.22393433333333337
1226	8	750	0.20766516666666676
1226	8	800	0.06486600000000009
1226	8	850	NA
1226	8	900	NA
1226	8	950	NA
1226	8	1e3	NA
1226	8	1050	NA
1226	8	1100	NA
1226	8	1150	NA
1226	9	-200	-0.025027059907833875
1226	9	-150	0.0427712258064518
1226	9	-100	0.01601089247311845
1226	9	-50	-0.08454694086021479
1226	9	0	0.05496305913978509
1226	9	50	0.051367725806451846
1226	9	100	-0.02722994086021487
1226	9	150	0.16740789247311852
1226	9	200	0.13142855913978516
1226	9	250	NA
1226	9	300	NA
1226	9	350	NA
1226	9	400	NA
1226	9	450	NA
1226	9	500	0.2942322258064518
1226	9	550	0.23829439247311845
1226	9	600	0.32478889247311854
1226	9	650	0.3530270591397852
1226	9	700	0.3750922258064519
1226	9	750	0.3660792258064518
1226	9	800	0.3923285591397853
1226	9	850	0.36948439247311854
1226	9	900	0.3950913924731186
1226	9	950	0.43090722580645185
1226	9	1e3	0.3733132258064518
1226	9	1050	0.41685839247311846
1226	9	1100	0.3643903924731185
1226	9	1150	0.38544639247311857
1226	10	-200	0.09474763157894757
1226	10	-150	NA
1226	10	-100	-0.12805386842105249
1226	10	-50	-0.04749653508771915
1226	10	0	0.0854919649122808
1226	10	50	0.09214796491228094
1226	10	100	0.023006964912280825
1226	10	150	0.038356631578947496
1226	10	200	0.11752229824561418
1226	10	250	0.16117096491228092
1226	10	300	0.10438463157894746
1226	10	350	0.13510329824561418
1226	10	400	0.13369729824561416
1226	10	450	0.12263479824561418
1226	10	500	0.06592879824561419
1226	10	550	0.13442046491228088
1226	10	600	0.16553246491228082
1226	10	650	0.1256912982456142
1226	10	700	0.1552634649122809
1226	10	750	0.1530144649122808
1226	10	800	0.06518013157894753
1226	10	850	0.11520496491228083
1226	10	900	0.10570029824561426
1226	10	950	0.05848696491228093
1226	10	1e3	0.009586131578947499
1226	10	1050	NA
1226	10	1100	NA
1226	10	1150	NA
1226	11	-200	-0.041872899999999914
1226	11	-150	-0.0018623999999998937
1226	11	-100	-0.01161390000000003
1226	11	-50	0.0145367666666667
1226	11	0	0.04081243333333343
1226	11	50	-0.009088899999999992
1226	11	100	0.017031933333333305
1226	11	150	0.00189610000000003
1226	11	200	0.061405933333333364
1226	11	250	0.026903933333333407
1226	11	300	0.015348933333333425
1226	11	350	0.06338610000000007
1226	11	400	0.08617560000000009
1226	11	450	0.046982433333333296
1226	11	500	0.10101893333333341
1226	11	550	0.13819626666666673
1226	11	600	0.20530210000000002
1226	11	650	0.1599712666666667
1226	11	700	0.21288910000000003
1226	11	750	0.18317226666666672
1226	11	800	0.24380960000000007
1226	11	850	0.18111560000000013
1226	11	900	0.19437443333333335
1226	11	950	0.20093493333333345
1226	11	1e3	0.10343743333333322
1226	11	1050	NA
1226	11	1100	NA
1226	11	1150	0.14046593333333357
1226	12	-200	-0.003298778801843102
1226	12	-150	-0.02772239784946214
1226	12	-100	-0.021184064516128826
1226	12	-50	0.004145768817204558
1226	12	0	0.048609268817204475
1226	12	50	0.05452943548387116
1226	12	100	0.014148602150537851
1226	12	150	0.02984576881720454
1226	12	200	0.047071602150537815
1226	12	250	0.04483776881720458
1226	12	300	0.05835376881720459
1226	12	350	0.04880593548387132
1226	12	400	0.0801416021505379
1226	12	450	0.09874576881720458
1226	12	500	0.09880226881720455
1226	12	550	0.07091026881720452
1226	12	600	0.025267935483871334
1226	12	650	0.1147494354838711
1226	12	700	0.11990726881720441
1226	12	750	0.10114393548387124
1226	12	800	0.06711976881720456
1226	12	850	0.07046993548387122
1226	12	900	0.020602602150537812
1226	12	950	0.06259843548387119
1226	12	1e3	0.032573435483871226
1226	12	1050	-0.014741231182795467
1226	12	1100	-0.05255506451612879
1226	12	1150	NA
1226	13	-200	0.06381111981566809
1226	13	-150	-0.0020342849462366233
1226	13	-100	-0.04857295161290328
1226	13	-50	-0.010300118279569892
1226	13	0	-0.013538951612903194
1226	13	50	0.04453838172043012
1226	13	100	0.08261404838709674
1226	13	150	0.13171838172043007
1226	13	200	0.12154938172043006
1226	13	250	0.20784304838709677
1226	13	300	0.14700988172043009
1226	13	350	0.11007471505376339
1226	13	400	0.09972771505376343
1226	13	450	0.12451754838709683
1226	13	500	0.14807954838709678
1226	13	550	0.11824988172043012
1226	13	600	0.17065204838709672
1226	13	650	0.1795212150537635
1226	13	700	0.21254538172043014
1226	13	750	0.2356608817204302
1226	13	800	0.1028360483870967
1226	13	850	0.12671854838709673
1226	13	900	0.12279754838709674
1226	13	950	-0.00104861827956985
1226	13	1e3	0.08605188172043003
1226	13	1050	0.08741004838709669
1226	13	1100	0.039240381720430095
1226	13	1150	0.06972638172043004
1226	14	-200	0.06637620000000004
1226	14	-150	-0.005539633333333367
1226	14	-100	0.003909199999999909
1226	14	-50	-0.020261800000000035
1226	14	0	-0.04448396666666662
1226	14	50	-0.04374980000000006
1226	14	100	-0.14346546666666668
1226	14	150	-0.15227663333333333
1226	14	200	0.057555533333333374
1226	14	250	0.01197319999999998
1226	14	300	0.03180103333333332
1226	14	350	0.04270619999999995
1226	14	400	0.09030386666666675
1226	14	450	0.04028353333333334
1226	14	500	0.055648700000000106
1226	14	550	0.16998336666666672
1226	14	600	0.20104770000000008
1226	14	650	0.24446536666666666
1226	14	700	0.2677972
1226	14	750	0.19526969999999996
1226	14	800	0.1139467
1226	14	850	0.07151422380952381
1226	14	900	0.09070386666666679
1226	14	950	0.043715766666666676
1226	14	1e3	0.08050579523809523
1226	14	1050	0.09688769999999998
1226	14	1100	0.004995533333333357
1226	14	1150	0.052829366666666745
1226	15	-200	-0.013736766666666567
1226	15	-150	-0.0013334333333332449
1226	15	-100	-0.01859676666666643
1226	15	-50	0.044518566666666905
1226	15	0	-0.01085159999999985
1226	15	50	-0.049833433333333156
1226	15	100	-0.1054060999999998
1226	15	150	-0.1826680999999998
1226	15	200	-0.1708765999999998
1226	15	250	-0.1759535999999998
1226	15	300	-0.18553343333333316
1226	15	350	-0.18280426666666658
1226	15	400	-0.21096493333333313
1226	15	450	-0.16615266666666645
1226	15	500	-0.14387226666666653
1226	15	550	-0.10657959999999982
1226	15	600	0.019141566666666925
1226	15	650	3.990666666667438e-4
1226	15	700	-0.04078559999999983
1226	15	750	-0.03506993333333316
1226	15	800	-0.09771793333333312
1226	15	850	-0.037210266666666415
1226	15	900	-0.1044444333333332
1226	15	950	-0.10824659999999975
1226	15	1e3	-0.07870059999999968
1226	15	1050	-0.07211476666666645
1226	15	1100	-0.18781226666666662
1226	15	1150	NA
1226	16	-200	-0.07011175576036857
1226	16	-150	-0.025362446236558995
1226	16	-100	0.008305387096774345
1226	16	-50	0.03392088709677429
1226	16	0	0.06493322043010756
1226	16	50	0.11311072043010761
1226	16	100	0.04491888709677435
1226	16	150	0.010887220430107517
1226	16	200	-0.001621279569892442
1226	16	250	0.03510338709677422
1226	16	300	-0.03740927956989245
1226	16	350	-0.01825594623655909
1226	16	400	-0.04383577956989241
1226	16	450	-0.01955261290322567
1226	16	500	-0.03696227956989236
1226	16	550	0.035490720430107515
1226	16	600	-0.013055112903225696
1226	16	650	0.0073835537634408714
1226	16	700	-0.037404112903225796
1226	16	750	0.019981220430107676
1226	16	800	0.05222905376344097
1226	16	850	-0.07251527956989245
1226	16	900	-0.08845144623655903
1226	16	950	-0.1503239462365591
1226	16	1e3	NA
1226	16	1050	NA
1226	16	1100	NA
1226	16	1150	-0.34332361290322577
1226	17	-200	0.0208514700460829
1226	17	-150	0.04955311290322576
1226	17	-100	-0.027469553763440846
1226	17	-50	-0.04598988709677417
1226	17	0	-4.203870967743513e-4
1226	17	50	0.09522277956989234
1226	17	100	0.074470446236559
1226	17	150	0.05922727956989241
1226	17	200	0.07263261290322583
1226	17	250	0.06260927956989233
1226	17	300	0.04365811290322571
1226	17	350	0.10849394623655913
1226	17	400	0.1339104462365591
1226	17	450	0.09750861290322581
1226	17	500	0.13815877956989234
1226	17	550	0.16879744623655904
1226	17	600	0.1846687795698924
1226	17	650	0.17232394623655903
1226	17	700	0.07757527956989237
1226	17	750	0.044202612903225726
1226	17	800	0.0361099462365592
1226	17	850	-0.0034128870967741567
1226	17	900	0.021664779569892472
1226	17	950	-0.06234918709677428
1226	17	1e3	NA
1226	17	1050	NA
1226	17	1100	NA
1226	17	1150	-0.1397063870967743
1226	18	-200	0.009507733333333398
1226	18	-150	-0.028834599999999933
1226	18	-100	-0.020903433333333183
1226	18	-50	-0.0023430999999998945
1226	18	0	0.04257340000000006
1226	18	50	-0.0019544333333332276
1226	18	100	0.005180066666666668
1226	18	150	-0.01537193333333331
1226	18	200	0.009955566666666764
1226	18	250	0.011964066666666717
1226	18	300	0.022666233333333397
1226	18	350	-0.0022275999999999594
1226	18	400	-0.024657599999999908
1226	18	450	0.09192373333333344
1226	18	500	0.026318900000000145
1226	18	550	0.032006066666666756
1226	18	600	-0.00529776666666663
1226	18	650	0.0886277333333334
1226	18	700	0.1128629000000001
1226	18	750	0.1173657333333334
1226	18	800	0.057631733333333456
1226	18	850	0.02930490000000015
1226	18	900	0.06229973333333335
1226	18	950	0.13262023333333336
1226	18	1e3	0.04343940000000016
1226	18	1050	0.07038556666666677
1226	18	1100	0.10342056666666684
1226	18	1150	0.08281923333333337
1226	19	-200	-0.02168410138248841
1226	19	-150	0.021478779569892453
1226	19	-100	7.209462365592353e-4
1226	19	-50	-0.0027308870967740853
1226	19	0	0.005829279569892727
1226	19	50	-0.05713238709677393
1226	19	100	-0.08098088709677409
1226	19	150	-0.12458155376344078
1226	19	200	-0.15738105376344072
1226	19	250	-0.18611005376344072
1226	19	300	-0.12476005376344072
1226	19	350	-0.13034755376344073
1226	19	400	-0.1075293870967741
1226	19	450	-0.07614605376344079
1226	19	500	-0.07910972043010744
1226	19	550	-0.02298038709677419
1226	19	600	0.037306779569892555
1226	19	650	0.10410911290322596
1226	19	700	0.059114446236559294
1226	19	750	0.07802844623655932
1226	19	800	-0.047686220430107396
1226	19	850	-0.02811022043010743
1226	19	900	-0.056984053763440734
1226	19	950	-0.0661550537634407
1226	19	1e3	-0.03821405376344078
1226	19	1050	NA
1226	19	1100	NA
1226	19	1150	NA
1226	20	-200	0.0033171843317972055
1226	20	-150	0.0254582795698924
1226	20	-100	-0.008016553763440978
1226	20	-50	-0.03313888709677415
1226	20	0	0.011827112903225837
1226	20	50	0.033193279569892375
1226	20	100	0.09271844623655912
1226	20	150	0.06790327956989246
1226	20	200	0.07140544623655913
1226	20	250	0.10116527956989245
1226	20	300	0.08130377956989239
1226	20	350	0.13537644623655912
1226	20	400	0.09220627956989243
1226	20	450	0.13038911290322575
1226	20	500	0.09360644623655905
1226	20	550	0.1936901129032258
1226	20	600	0.2057886129032258
1226	20	650	0.2613821129032259
1226	20	700	0.21920036290322586
1226	20	750	NA
1226	20	800	NA
1226	20	850	NA
1226	20	900	-0.10807538709677411
1226	20	950	0.14171894623655903
1226	20	1e3	0.0711206129032258
1226	20	1050	0.03329094623655907
1226	20	1100	0.04662077956989252
1226	20	1150	0.015911446236559046
1226	21	-200	-0.05548473271889413
1226	21	-150	-0.009682494623656076
1226	21	-100	-0.007896494623656011
1226	21	-50	0.030739338709677193
1226	21	0	0.0515718387096773
1226	21	50	0.062316672043010536
1226	21	100	0.049582505376343976
1226	21	150	0.009907005376343925
1226	21	200	0.022170172043010528
1226	21	250	-0.009889661290322685
1226	21	300	-0.03675832795698941
1226	21	350	-0.07254816129032271
1226	21	400	-0.021811661290322675
1226	21	450	0.009746838709677222
1226	21	500	0.06855233870967721
1226	21	550	0.018507338709677246
1226	21	600	0.07274350537634404
1226	21	650	0.10870017204301068
1226	21	700	0.15238350537634396
1226	21	750	0.11843567204301057
1226	21	800	-0.0036183279569893165
1226	21	850	0.05563933870967741
1226	21	900	0.023675172043010544
1226	21	950	-0.0370121612903227
1226	21	1e3	0.01207483870967733
1226	21	1050	0.07631500537634395
1226	21	1100	0.05490900537634399
1226	21	1150	0.023229838709677358
1226	22	-200	0.0026727999999997345
1226	22	-150	0.013653133333333178
1226	22	-100	-0.022126700000000204
1226	22	-50	-0.02297970000000012
1226	22	0	0.02878046666666645
1226	22	50	-0.019652200000000192
1226	22	100	-0.05234853333333356
1226	22	150	-0.03579803333333357
1226	22	200	-0.08320553333333354
1226	22	250	-0.042101533333333586
1226	22	300	-0.10991036666666691
1226	22	350	-0.13999003333333349
1226	22	400	-0.0733360333333335
1226	22	450	-0.07418253333333354
1226	22	500	-0.015433700000000217
1226	22	550	-0.045465533333333585
1226	22	600	-0.005206366666666924
1226	22	650	0.03091463333333307
1226	22	700	-0.012876200000000152
1226	22	750	-0.05325303333333357
1226	22	800	-0.06255253333333359
1226	22	850	-0.02758784285714309
1226	22	900	-0.03668810000000029
1226	22	950	-0.15771603333333362
1226	22	1e3	NA
1226	22	1050	NA
1226	22	1100	NA
1226	22	1150	NA
1226	23	-200	0.042354207373272015
1226	23	-150	0.015283397849462347
1226	23	-100	0.03331239784946235
1226	23	-50	-0.052649102150537606
1226	23	0	-0.045359935483870815
1226	23	50	-0.0793971021505376
1226	23	100	-0.05904243548387086
1226	23	150	-0.006175935483870927
1226	23	200	0.02743981451612898
1226	23	250	0.059847231182795634
1226	23	300	0.056302564516129104
1226	23	350	0.05742239784946235
1226	23	400	0.12179323118279577
1226	23	450	0.13229973118279567
1226	23	500	0.05706039784946245
1226	23	550	0.13909856451612912
1226	23	600	0.14707239784946244
1226	23	650	0.13371923118279572
1226	23	700	0.11608289784946242
1226	23	750	0.11450189784946237
1226	23	800	0.008364564516129066
1226	23	850	0.03595423118279569
1226	23	900	-0.0394744354838709
1226	23	950	-0.025589435483870975
1226	23	1e3	0.017858064516129035
1226	23	1050	NA
1226	23	1100	NA
1226	23	1150	NA
1226	24	-200	0.01196874193548376
1226	24	-150	-0.07514259139784947
1226	24	-100	0.032516908602150396
1226	24	-50	0.017870241935483772
1226	24	0	0.010791908602150476
1226	24	50	-0.027131591397849524
1226	24	100	-0.09126825806451622
1226	24	150	NA
1226	24	200	NA
1226	24	250	-0.05571592473118292
1226	24	300	0.009920741935483793
1226	24	350	0.013397741935483895
1226	24	400	-0.07469125806451633
1226	24	450	-0.0289002580645162
1226	24	500	0.032641241935483865
1226	24	550	0.12847540860215054
1226	24	600	0.0951249086021504
1226	24	650	0.1543659086021504
1226	24	700	0.1341702419354837
1226	24	750	0.12069807526881715
1226	24	800	0.05492340860215039
1226	24	850	-0.00672059139784964
1226	24	900	0.021903075268817112
1226	24	950	-0.0659889247311829
1226	24	1e3	-0.07924992473118286
1226	24	1050	-0.09978959139784942
1226	24	1100	-0.09359359139784955
1226	24	1150	-0.07669909139784951
1226	25	-200	0.03197772000000013
1226	25	-150	-0.026050779999999756
1226	25	-100	0.008069720000000169
1226	25	-50	0.017666886666666937
1226	25	0	-0.18998127999999959
1226	25	50	NA
1226	25	100	NA
1226	25	150	-0.09360027999999998
1226	25	200	-0.043415679999999755
1226	25	250	-0.12398411333333319
1226	25	300	-0.10795677999999986
1226	25	350	-0.09954377999999979
1226	25	400	-0.1263234466666665
1226	25	450	-0.10636961333333317
1226	25	500	-0.12569427999999974
1226	25	550	-0.13287561333333317
1226	25	600	-0.05499194666666648
1226	25	650	-0.10656927999999984
1226	25	700	-0.04485794666666646
1226	25	750	-0.06830677999999975
1226	25	800	0.022738220000000142
1226	25	850	-0.03641544666666648
1226	25	900	-0.11049494666666648
1226	25	950	-0.029401446666666553
1226	25	1e3	-0.06024761333333317
1226	25	1050	-0.15299313714285687
1226	25	1100	-0.07841094666666648
1226	25	1150	-0.11391361333333316
1226	26	-200	-0.029434898617511505
1226	26	-150	-0.015373279569892428
1226	26	-100	7.118870967742404e-4
1226	26	-50	-0.0025077795698925285
1226	26	0	0.05150988709677429
1226	26	50	0.07169038709677422
1226	26	100	0.1532800537634409
1226	26	150	0.09071972043010756
1226	26	200	0.0950775537634408
1226	26	250	0.14608372043010753
1226	26	300	0.13252938709677423
1226	26	350	0.1346578870967742
1226	26	400	0.04339805376344086
1226	26	450	0.10463122043010757
1226	26	500	0.09516905376344087
1226	26	550	0.062324553763440926
1226	26	600	0.03818355376344088
1226	26	650	0.09406938709677415
1226	26	700	0.16527488709677432
1226	26	750	0.11081072043010749
1226	26	800	0.11325205376344087
1226	26	850	0.012520220430107512
1226	26	900	-0.011299112903225753
1226	26	950	0.031219220430107608
1226	26	1e3	-0.02016827956989246
1226	26	1050	0.044615553763440875
1226	26	1100	-0.022149112903225705
1226	26	1150	-0.016932112903225827
1226	27	-200	0.027438399999999863
1226	27	-150	-0.02229724285714298
1226	27	-100	0.0128155666666665
1226	27	-50	-0.023307600000000168
1226	27	0	0.010880499999999849
1226	27	50	0.003020566666666502
1226	27	100	0.028280899999999793
1226	27	150	0.03880547142857127
1226	27	200	-0.010022300000000239
1226	27	250	0.036328328571428425
1226	27	300	0.01852273333333317
1226	27	350	0.022241399999999818
1226	27	400	-0.022715100000000172
1226	27	450	0.03202423333333323
1226	27	500	0.021007733333333167
1226	27	550	0.012506066666666612
1226	27	600	0.06746806666666649
1226	27	650	0.06832439999999977
1226	27	700	0.09766439999999983
1226	27	750	0.10266956666666645
1226	27	800	0.12278773333333315
1226	27	850	0.04875939999999993
1226	27	900	-0.0636256000000001
1226	27	950	-0.09855810000000013
1226	27	1e3	-0.06132160000000009
1226	27	1050	-0.0887909333333335
1226	27	1100	-0.14847910000000022
1226	27	1150	-0.12612410000000018
1226	28	-200	-0.07830361751152067
1226	28	-150	-0.0441197365591397
1226	28	-100	-0.03327840322580644
1226	28	-50	0.05043743010752685
1226	28	0	0.11831493010752688
1226	28	50	0.16721526344086027
1226	28	100	0.19236826344086025
1226	28	150	0.21671326344086025
1226	28	200	0.2891590967741935
1226	28	250	0.28053876344086026
1226	28	300	0.2501097634408604
1226	28	350	0.2620037634408603
1226	28	400	0.3306174301075269
1226	28	450	0.2944390967741936
1226	28	500	0.2936139301075269
1226	28	550	0.28699576344086025
1226	28	600	0.293774930107527
1226	28	650	0.25502326344086024
1226	28	700	0.2340275967741936
1226	28	750	0.206031930107527
1226	28	800	0.24512793010752695
1226	28	850	0.18551793010752685
1226	28	900	0.04774359677419371
1226	28	950	NA
1226	28	1e3	0.031065763440860355
1226	28	1050	0.25172293010752694
1226	28	1100	0.324432930107527
1226	28	1150	0.32473326344086023
1226	29	-200	0.0173866497695855
1226	29	-150	0.06793693548387103
1226	29	-100	0.01034526881720447
1226	29	-50	-0.05072373118279557
1226	29	0	-0.047842897849462274
1226	29	50	0.05679293548387113
1226	29	100	-0.013204731182795562
1226	29	150	-0.02294439784946219
1226	29	200	-0.0387937311827955
1226	29	250	-0.11403773118279552
1226	29	300	-0.03548456451612888
1226	29	350	0.009864768817204439
1226	29	400	-0.008630231182795564
1226	29	450	0.009263602150537675
1226	29	500	0.09511726881720446
1226	29	550	0.0503771021505377
1226	29	600	0.044020268817204444
1226	29	650	0.08846326881720445
1226	29	700	0.19803576881720444
1226	29	750	0.16786326881720437
1226	29	800	0.20834110215053778
1226	29	850	0.1226864354838711
1226	29	900	0.149911435483871
1226	29	950	0.08613176881720445
1226	29	1e3	0.10951043548387103
1226	29	1050	0.10234026881720452
1226	29	1100	0.11856743548387112
1226	29	1150	0.16519726881720453
1226	30	-200	0.03438233333333344
1226	30	-150	-0.07013458333333333
1226	30	-100	NA
1226	30	-50	-0.20364583333333308
1226	30	0	0.08025600000000017
1226	30	50	0.052226666666666866
1226	30	100	-0.01284383333333324
1226	30	150	0.04087650000000013
1226	30	200	0.0212656666666667
1226	30	250	0.004895333333333325
1226	30	300	-0.018282999999999827
1226	30	350	-0.017245166666666496
1226	30	400	-0.034457666666666574
1226	30	450	-0.08200683333333332
1226	30	500	-0.042228499999999926
1226	30	550	-0.006898999999999915
1226	30	600	-0.007739166666666482
1226	30	650	-0.0034403333333331934
1226	30	700	0.048739666666666924
1226	30	750	-0.02025766666666658
1226	30	800	-0.03710083333333314
1226	30	850	-0.0962478333333332
1226	30	900	-0.07095899999999992
1226	30	950	-0.09433666666666651
1226	30	1e3	-0.10139966666666655
1226	30	1050	-0.0747204999999999
1226	30	1100	-0.05919966666666646
1226	30	1150	-0.09570466666666655
1226	31	-200	0.01707448387096758
1226	31	-150	-5.308494623658492e-4
1226	31	-100	0.03972215053763417
1226	31	-50	-0.07592518279569911
1226	31	0	0.016813650537634322
1226	31	50	-0.10860001612903258
1226	31	100	-0.09185118279569908
1226	31	150	-0.12362384946236582
1226	31	200	-0.14140951612903244
1226	31	250	-0.08146734946236582
1226	31	300	-0.09425418279569908
1226	31	350	-0.06333551612903232
1226	31	400	-0.07315134946236583
1226	31	450	-0.11402668279569912
1226	31	500	-0.020067349462365842
1226	31	550	-0.017239682795699096
1226	31	600	0.05688348387096761
1226	31	650	0.02900615053763415
1226	31	700	0.05526231720430097
1226	31	750	0.003136883870967466
1226	31	800	NA
1226	31	850	NA
1226	31	900	NA
1226	31	950	NA
1226	31	1e3	-0.1757627661290324
1226	31	1050	-0.192417682795699
1226	31	1100	-0.18060468279569908
1226	31	1150	-0.2190965161290325
1226	32	-200	0.007178350230414513
1226	32	-150	0.031210064516128917
1226	32	-100	-0.052564935483871165
1226	32	-50	7.878978494622046e-4
1226	32	0	0.01219223118279548
1226	32	50	0.018367397849462213
1226	32	100	0.019806897849462175
1226	32	150	0.03821773118279551
1226	32	200	0.022801897849462183
1226	32	250	0.05844306451612876
1226	32	300	0.0537988978494622
1226	32	350	0.011315231182795538
1226	32	400	0.03012689784946221
1226	32	450	0.056333731182795464
1226	32	500	0.07210189784946215
1226	32	550	0.20661173118279552
1226	32	600	0.22840906451612883
1226	32	650	0.22458306451612886
1226	32	700	0.1633702311827955
1226	32	750	0.06987639784946209
1226	32	800	-0.03776360215053787
1226	32	850	NA
1226	32	900	NA
1226	32	950	NA
1226	32	1e3	NA
1226	32	1050	0.1663563978494622
1226	32	1100	0.11188873118279556
1226	32	1150	0.16062006451612879
1226	33	-200	0.08729027188940089
1226	33	-150	0.0656984623655914
1226	33	-100	0.00225312903225805
1226	33	-50	-0.048356704301075304
1226	33	0	-0.12143353763440852
1226	33	50	-0.07120953763440863
1226	33	100	-0.10889053763440855
1226	33	150	-0.04709070430107517
1226	33	200	-0.09748937096774195
1226	33	250	-0.11904320430107525
1226	33	300	-0.09437287096774183
1226	33	350	-0.1066447043010752
1226	33	400	-0.054201037634408644
1226	33	450	-0.06916287096774187
1226	33	500	0.11377579569892478
1226	33	550	0.06621329569892476
1226	33	600	0.08127512903225813
1226	33	650	0.054079629032258124
1226	33	700	0.02282629569892484
1226	33	750	0.011682295698924797
1226	33	800	-0.05720303763440859
1226	33	850	-0.07812287096774195
1226	33	900	NA
1226	33	950	NA
1226	33	1e3	-0.03220237096774192
1226	33	1050	-0.006795037634408585
1226	33	1100	-0.10889887096774194
1226	33	1150	0.003656795698924631
1226	34	-200	-0.012777433333333255
1226	34	-150	-0.009405099999999944
1226	34	-100	0.008804233333333356
1226	34	-50	-0.004422433333333291
1226	34	0	0.01780073333333343
1226	34	50	0.03669673333333345
1226	34	100	-0.042390099999999986
1226	34	150	-0.040649933333333145
1226	34	200	-0.05293226666666665
1226	34	250	-0.041704433333333256
1226	34	300	-0.02407843333333326
1226	34	350	-0.0468467666666666
1226	34	400	-0.0034695666666666016
1226	34	450	0.09459523333333338
1226	34	500	0.1312870666666667
1226	34	550	0.15718523333333345
1226	34	600	0.19502273333333342
1226	34	650	0.1722587333333334
1226	34	700	0.12974806666666683
1226	34	750	0.0294682333333333
1226	34	800	-0.00821276666666663
1226	34	850	0.002900661904761887
1226	34	900	0.03156303333333339
1226	34	950	-0.038041909523809495
1226	34	1e3	-0.023500099999999913
1226	34	1050	0.04891790000000018
1226	34	1100	0.06616573333333342
1226	34	1150	0.00275673333333352
1226	35	-200	-0.03042535023041491
1226	35	-150	-0.014673564516129186
1226	35	-100	-0.0023103978494624458
1226	35	-50	8.493548387085899e-5
1226	35	0	0.052395268817204244
1226	35	50	-0.030632231182795715
1226	35	100	-0.02066323118279582
1226	35	150	-0.02277756451612915
1226	35	200	0.014762102150537526
1226	35	250	0.014742435483870922
1226	35	300	-0.01768839784946241
1226	35	350	-0.027082564516129153
1226	35	400	-0.03610773118279583
1226	35	450	0.006455268817204225
1226	35	500	-0.018750231182795767
1226	35	550	0.05265293548387088
1226	35	600	0.10019143548387081
1226	35	650	0.1546267688172042
1226	35	700	0.13305260215053752
1226	35	750	0.0910137688172042
1226	35	800	0.048011602150537604
1226	35	850	-0.037157064516129136
1226	35	900	NA
1226	35	950	NA
1226	35	1e3	NA
1226	35	1050	NA
1226	35	1100	NA
1226	35	1150	-0.1565985645161292
1226	36	-200	-0.04002376666666666
1226	36	-150	-0.05052910000000003
1226	36	-100	0.013946899999999873
1226	36	-50	0.022283899999999985
1226	36	0	0.05432206666666661
1226	36	50	0.0918427333333333
1226	36	100	0.1479047333333332
1226	36	150	0.055351233333333326
1226	36	200	0.11317539999999997
1226	36	250	0.11678206666666664
1226	36	300	0.08576023333333323
1226	36	350	0.1419994
1226	36	400	0.25836973333333324
1226	36	450	0.19766173333333334
1226	36	500	0.22501573333333322
1226	36	550	0.2414762333333332
1226	36	600	0.2573112333333332
1226	36	650	0.33191973333333324
1226	36	700	0.22243216190476187
1226	36	750	0.19720823333333323
1226	36	800	0.1494188999999999
1226	36	850	0.19784306666666662
1226	36	900	0.0032179833333333407
1226	36	950	NA
1226	36	1e3	NA
1226	36	1050	0.036323733333333275
1226	36	1100	0.1527372333333333
1226	36	1150	0.09265706666666655
1226	37	-200	-0.053151778801843186
1226	37	-150	-0.001706064516128943
1226	37	-100	-0.008541064516128868
1226	37	-50	0.03969210215053772
1226	37	0	0.03256543548387114
1226	37	50	0.058660935483871045
1226	37	100	0.07935210215053774
1226	37	150	0.0943809354838711
1226	37	200	0.036750935483871094
1226	37	250	0.07154410215053779
1226	37	300	0.03370210215053778
1226	37	350	-0.05852106451612885
1226	37	400	-0.07468356451612886
1226	37	450	0.016943768817204424
1226	37	500	-0.008331231182795587
1226	37	550	0.1024507688172045
1226	37	600	0.11631893548387118
1226	37	650	0.1374386021505379
1226	37	700	0.20457243548387108
1226	37	750	0.0907374354838711
1226	37	800	0.03201460215053786
1226	37	850	-0.014311231182795611
1226	37	900	-0.02500906451612883
1226	37	950	NA
1226	37	1e3	NA
1226	37	1050	NA
1226	37	1100	NA
1226	37	1150	NA
1226	38	-200	0.010636239631336484
1226	38	-150	-0.02691156989247297
1226	38	-100	-0.020446569892472954
1226	38	-50	0.019271263440860203
1226	38	0	0.01567793010752694
1226	38	50	0.02011009677419362
1226	38	100	0.04481209677419362
1226	38	150	-0.01792690322580633
1226	38	200	0.04915693010752705
1226	38	250	-0.007979569892473023
1226	38	300	-0.02374340322580637
1226	38	350	0.004446096774193571
1226	38	400	-0.018201069892473127
1226	38	450	-0.06600690322580631
1226	38	500	-0.04652223655913964
1226	38	550	0.038467596774193646
1226	38	600	0.0028192634408602904
1226	38	650	-0.05147040322580635
1226	38	700	-0.019262736559139793
1226	38	750	-0.0801309032258064
1226	38	800	-0.11468573655913968
1226	38	850	-0.1543732365591397
1226	38	900	-0.2016884032258063
1226	38	950	-0.23804573655913966
1226	38	1e3	-0.23535456989247305
1226	38	1050	-0.1668334032258063
1226	38	1100	NA
1226	38	1150	NA
1226	39	-200	0.03983828110599091
1226	39	-150	-0.007498956989247259
1226	39	-100	-0.01711562365591394
1226	39	-50	0.010992209677419465
1226	39	0	-0.03285562365591388
1226	39	50	0.01415570967741949
1226	39	100	0.01720454301075273
1226	39	150	0.08444037634408612
1226	39	200	0.05677620967741944
1226	39	250	0.06245954301075277
1226	39	300	0.07884770967741946
1226	39	350	0.10104587634408609
1226	39	400	0.13191220967741937
1226	39	450	0.09755820967741931
1226	39	500	0.04990570967741951
1226	39	550	0.13142387634408612
1226	39	600	0.09216687634408609
1226	39	650	0.04245470967741949
1226	39	700	0.11793687634408608
1226	39	750	0.1009727096774194
1226	39	800	-0.02863245698924725
1226	39	850	-0.0722860903225806
1226	39	900	NA
1226	39	950	NA
1226	39	1e3	NA
1226	39	1050	NA
1226	39	1100	NA
1226	39	1150	-0.05917254032258057
1226	40	-200	0.023265631336405437
1226	40	-150	0.08953294086021495
1226	40	-100	0.007638607526881651
1226	40	-50	-0.09867772580645189
1226	40	0	-0.025637059139785052
1226	40	50	0.026071107526881576
1226	40	100	0.07674744086021497
1226	40	150	0.031048440860214965
1226	40	200	-0.059024559139785104
1226	40	250	-0.026317559139785136
1226	40	300	6.19107526881546e-4
1226	40	350	0.05855244086021486
1226	40	400	0.010523274193548296
1226	40	450	-0.038829059139784995
1226	40	500	0.1416212741935483
1226	40	550	0.16735494086021493
1226	40	600	0.15658477419354822
1226	40	650	0.2162324408602149
1226	40	700	0.14142960752688158
1226	40	750	0.10999277419354847
1226	40	800	NA
1226	40	850	NA
1226	40	900	NA
1226	40	950	-0.40946222580645175
1226	40	1e3	-0.0919879758064518
1226	40	1050	-0.039373559139785096
1226	40	1100	-0.05343005913978508
1226	40	1150	-0.09778822580645175
1226	41	-200	-0.047373700460829414
1226	41	-150	-0.007110629032257935
1226	41	-100	-0.007191129032257937
1226	41	-50	0.03796703763440871
1226	41	0	0.031604037634408666
1226	41	50	0.025997037634408676
1226	41	100	8.775376344086391e-4
1226	41	150	0.04568803763440873
1226	41	200	0.040597037634408695
1226	41	250	0.030163037634408713
1226	41	300	0.03665370430107536
1226	41	350	0.07767870430107537
1226	41	400	0.08380620430107544
1226	41	450	0.08233753763440858
1226	41	500	0.1418500376344086
1226	41	550	0.08735187096774195
1226	41	600	0.11878103763440873
1226	41	650	0.17395503763440864
1226	41	700	0.1568100376344086
1226	41	750	0.07852487096774197
1226	41	800	-0.030900629032257987
1226	41	850	-0.04672712903225803
1226	41	900	-0.08406879569892471
1226	41	950	-0.08986296236559126
1226	41	1e3	-0.1203636290322579
1226	41	1050	-0.1650404623655913
1226	41	1100	-0.10005496236559124
1226	41	1150	-0.13368862903225787
1226	42	-200	-0.028769990783409964
1226	42	-150	0.028940580645161473
1226	42	-100	0.0344445806451615
1226	42	-50	0.02435108064516145
1226	42	0	-0.054171252688171766
1226	42	50	-0.10976625268817182
1226	42	100	-0.029553419354838423
1226	42	150	0.018964247311828258
1226	42	200	-0.06110075268817187
1226	42	250	-0.04288491935483848
1226	42	300	-0.014572919354838435
1226	42	350	0.006714413978494853
1226	42	400	-0.042461586021505106
1226	42	450	-0.04606508602150513
1226	42	500	-0.0408390860215051
1226	42	550	1.7274731182825853e-4
1226	42	600	0.11095791397849479
1226	42	650	0.15010574731182813
1226	42	700	0.17037991397849486
1226	42	750	0.15521908064516152
1226	42	800	0.03469408064516152
1226	42	850	-0.07435341935483852
1226	42	900	-0.08235666935483843
1226	42	950	NA
1226	42	1e3	NA
1226	42	1050	NA
1226	42	1100	-0.3686644193548383
1226	42	1150	-0.051692219354838455
1226	43	-200	0.0020946129032259264
1226	43	-150	-0.08598955376344075
1226	43	-100	-0.010562553763440766
1226	43	-50	0.05345977956989256
1226	43	0	0.04064861290322597
1226	43	50	0.034502946236559286
1226	43	100	-0.05715805376344071
1226	43	150	-0.043216887096774105
1226	43	200	-0.042276220430107335
1226	43	250	-0.034957053763440715
1226	43	300	-0.03150022043010736
1226	43	350	-0.022981720430107416
1226	43	400	-0.09549288709677402
1226	43	450	0.009400279569892497
1226	43	500	0.0772077795698926
1226	43	550	0.11777461290322593
1226	43	600	0.1274739462365592
1226	43	650	0.13926361290322595
1226	43	700	0.09371877956989261
1226	43	750	0.08245627956989265
1226	43	800	-0.0174410537634407
1226	43	850	-0.014177387096774074
1226	43	900	-0.06208338709677408
1226	43	950	-0.09154455376344073
1226	43	1e3	-0.06291938709677414
1226	43	1050	-0.061278387096774134
1226	43	1100	-0.04801655376344072
1226	43	1150	-0.08693138709677413
1226	44	-200	0.014089244239631173
1226	44	-150	0.0363405537634407
1226	44	-100	0.013359387096774014
1226	44	-50	-0.055992112903226
1226	44	0	-0.01014527956989264
1226	44	50	0.05491755376344062
1226	44	100	0.06942372043010736
1226	44	150	0.046544053763440806
1226	44	200	0.06083422043010741
1226	44	250	0.0559235537634406
1226	44	300	0.06324955376344062
1226	44	350	0.021538387096773953
1226	44	400	0.02895688709677402
1226	44	450	0.038266220430107335
1226	44	500	0.04214522043010738
1226	44	550	0.05150605376344064
1226	44	600	0.15117438709677403
1226	44	650	0.12836022043010745
1226	44	700	0.0728285537634407
1226	44	750	0.04313455376344074
1226	44	800	0.001093553763440669
1226	44	850	-0.007128279569892666
1226	44	900	0.02804938709677396
1226	44	950	NA
1226	44	1e3	NA
1226	44	1050	-0.09637194623655931
1226	44	1100	-0.052767446236559344
1226	44	1150	-0.031236112903225994
1226	45	-200	-0.005806099999999814
1226	45	-150	-0.06254576666666652
1226	45	-100	0.022592066666666872
1226	45	-50	0.022582400000000186
1226	45	0	0.023177400000000164
1226	45	50	0.03543540000000012
1226	45	100	0.01497806666666679
1226	45	150	0.02921823333333351
1226	45	200	-0.0019755999999998184
1226	45	250	0.04758240000000025
1226	45	300	0.08897106666666683
1226	45	350	0.009157066666666788
1226	45	400	0.026955733333333454
1226	45	450	0.015912733333333467
1226	45	500	0.046480066666666785
1226	45	550	0.06402540000000023
1226	45	600	0.09923473333333344
1226	45	650	0.08144756666666682
1226	45	700	0.09392506666666689
1226	45	750	0.007800900000000184
1226	45	800	-0.06114343333333309
1226	45	850	NA
1226	45	900	NA
1226	45	950	NA
1226	45	1e3	NA
1226	45	1050	NA
1226	45	1100	-0.07693509999999981
1226	45	1150	-0.13374959999999989
1226	46	-200	-0.0346517150537633
1226	46	-150	-0.026635262672811053
1226	46	-100	0.003750118279569984
1226	46	-50	0.022760051612903353
1226	46	0	0.036865165898617595
1226	46	50	0.029509284946236686
1226	46	100	0.023067284946236628
1226	46	150	4.1585161290322856e-4
1226	46	200	-0.026493691244239566
1226	46	250	-0.030525215053763377
1226	46	300	-0.021891881720430034
1226	46	350	-0.026454215053763292
1226	46	400	0.009538451612903195
1226	46	450	-0.019121215053763407
1226	46	500	0.0038616182795699525
1226	46	550	0.010706451612903253
1226	46	600	0.006179618279569994
1226	46	650	0.06150278494623662
1226	46	700	0.05135628494623664
1226	46	750	-0.04419538172042999
1226	46	800	-0.06292271505376339
1226	46	850	-0.07153904838709672
1226	46	900	-0.1309099483870968
1226	46	950	-0.18088054838709677
1226	46	1e3	NA
1226	46	1050	NA
1226	46	1100	NA
1226	46	1150	-0.0898661483870967
1226	47	-200	-0.07617912903225824
1226	47	-150	-0.025544129032258223
1226	47	-100	0.0024163709677416842
1226	47	-50	0.027613870967741743
1226	47	0	0.08438953763440844
1226	47	50	0.0500950376344084
1226	47	100	0.05970737096774174
1226	47	150	0.09054570430107511
1226	47	200	0.09056087096774168
1226	47	250	0.12101120430107508
1226	47	300	0.13270003763440852
1226	47	350	0.0962103709677417
1226	47	400	0.17487453763440838
1226	47	450	0.21733087096774173
1226	47	500	0.21395703763440843
1226	47	550	0.1858037043010751
1226	47	600	0.22471870430107507
1226	47	650	0.24658387096774162
1226	47	700	0.26117887096774167
1226	47	750	0.16415737096774166
1226	47	800	0.13739687096774178
1226	47	850	0.0971655376344085
1226	47	900	0.07344787096774175
1226	47	950	0.03836987096774169
1226	47	1e3	NA
1226	47	1050	NA
1226	47	1100	-0.14155562903225816
1226	47	1150	0.006797370967741727
1226	48	-200	-0.028264400921659112
1226	48	-150	-0.0388199247311829
1226	48	-100	0.007829408602150348
1226	48	-50	0.037511075268817105
1226	48	0	0.026454575268817004
1226	48	50	0.057032408602150385
1226	48	100	0.07601857526881702
1226	48	150	0.11120274193548359
1226	48	200	0.03962307526881692
1226	48	250	0.008724908602150435
1226	48	300	0.053413741935483795
1226	48	350	-0.050498091397849665
1226	48	400	-0.02135325806451623
1226	48	450	0.07135190860215042
1226	48	500	0.10421607526881697
1226	48	550	0.10249724193548378
1226	48	600	0.08415440860215025
1226	48	650	0.148236075268817
1226	48	700	0.12298657526881714
1226	48	750	0.09637790860215034
1226	48	800	0.04792734193548372
1226	48	850	NA
1226	48	900	NA
1226	48	950	NA
1226	48	1e3	NA
1226	48	1050	0.17960574193548373
1226	48	1100	0.3392677419354837
1226	48	1150	0.30440240860215023
1226	49	-200	0.0076151000000000595
1226	49	-150	-0.018890733333333316
1226	49	-100	-0.006849566666666584
1226	49	-50	8.89266666666666e-4
1226	49	0	0.017235933333333397
1226	49	50	-0.036883066666666554
1226	49	100	0.04502993333333342
1226	49	150	-0.0035178999999999996
1226	49	200	0.014508433333333404
1226	49	250	0.020187100000000086
1226	49	300	0.013210100000000077
1226	49	350	0.020914576190476288
1226	49	400	0.04526543333333342
1226	49	450	-0.00986270952380952
1226	49	500	0.0784281
1226	49	550	0.08801943333333347
1226	49	600	0.10616186190476196
1226	49	650	0.11463360000000004
1226	49	700	0.11072643333333332
1226	49	750	0.08289276666666678
1226	49	800	-0.0057405666666666315
1226	49	850	-0.024488899999999925
1226	49	900	-0.03865506666666659
1226	49	950	-0.07182539999999997
1226	49	1e3	-0.04455956666666657
1226	49	1050	0.0012381000000001308
1226	49	1100	0.02240226666666678
1226	49	1150	-0.004191233333333304
1226	50	-200	-0.009610299999999924
1226	50	-150	-0.019567466666666533
1226	50	-100	0.008544699999999997
1226	50	-50	0.05365669999999997
1226	50	0	-0.03302363333333336
1226	50	50	-0.0414158
1226	50	100	-0.02974629999999993
1226	50	150	-0.0384232999999999
1226	50	200	-0.006670133333333365
1226	50	250	0.05345403333333332
1226	50	300	0.10072820000000005
1226	50	350	0.10637070000000004
1226	50	400	0.057187700000000063
1226	50	450	0.08902336666666681
1226	50	500	0.22772970000000003
1226	50	550	0.06960503333333334
1226	50	600	0.16548953333333336
1226	50	650	0.14490636666666665
1226	50	700	0.12611720000000007
1226	50	750	0.1366575333333333
1226	50	800	0.006063866666666658
1226	50	850	-3.757999999999632e-4
1226	50	900	-0.048817299999999876
1226	50	950	-0.0187276333333332
1226	50	1e3	0.007764699999999891
1226	50	1050	-0.02178196666666669
1226	50	1100	0.022002033333333355
1226	50	1150	0.10066341428571438
1226	51	-200	-0.08079354838709683
1226	51	-150	-0.024892715053763597
1226	51	-100	0.01360178494623628
1226	51	-50	0.020658451612903066
1226	51	0	0.08489161827956966
1226	51	50	0.04416211827956973
1226	51	100	-3.51381720430292e-4
1226	51	150	0.04272578494623628
1226	51	200	0.01673645161290301
1226	51	250	0.027843951612903057
1226	51	300	0.02632878494623636
1226	51	350	-0.059691215053763624
1226	51	400	0.05000895161290305
1226	51	450	0.07759078494623643
1226	51	500	0.15073411827956976
1226	51	550	0.12645978494623633
1226	51	600	0.2601871182795697
1226	51	650	0.19566711827956965
1226	51	700	0.1391269516129031
1226	51	750	0.13083845161290308
1226	51	800	0.055064451612903076
1226	51	850	0.017711951612903027
1226	51	900	0.008765618279569676
1226	51	950	-0.1386465483870971
1226	51	1e3	NA
1226	51	1050	NA
1226	51	1100	-0.1068207983870969
1226	51	1150	-0.10079754838709687
1226	52	-200	0.004393304147465622
1226	52	-150	0.014416827956989472
1226	52	-100	-1.9067204301056093e-4
1226	52	-50	-0.005122672043010497
1226	52	0	-0.014229005376343862
1226	52	50	-0.016949838709677218
1226	52	100	-0.03787250537634387
1226	52	150	-0.05076950537634387
1226	52	200	-0.06335100537634397
1226	52	250	-0.05518183870967719
1226	52	300	-0.05223017204301058
1226	52	350	-0.043144005376343886
1226	52	400	-0.023096172043010583
1226	52	450	-0.05598933870967726
1226	52	500	-0.05980167204301057
1226	52	550	0.002884494623656142
1226	52	600	0.041404161290322795
1226	52	650	0.023537994623656095
1226	52	700	7.274946236561034e-4
1226	52	750	-0.03799733870967711
1226	52	800	-0.09746183870967721
1226	52	850	-0.18616100537634392
1226	52	900	NA
1226	52	950	NA
1226	52	1e3	NA
1226	52	1050	NA
1226	52	1100	-0.2762305887096772
1226	52	1150	-0.1768518387096772
1226	53	-200	-0.035417479262672594
1226	53	-150	0.016735639784946372
1226	53	-100	-0.012273526881720231
1226	53	-50	0.010333973118279735
1226	53	0	0.02652430645161319
1226	53	50	0.07713597311827976
1226	53	100	0.09867547311827973
1226	53	150	0.09966730645161308
1226	53	200	0.08192863978494642
1226	53	250	0.08450813978494638
1226	53	300	0.1085498064516132
1226	53	350	0.11702030645161303
1226	53	400	0.10307530645161307
1226	53	450	0.1650366397849464
1226	53	500	0.17668730645161315
1226	53	550	0.20647630645161308
1226	53	600	0.21159713978494646
1226	53	650	0.20852863978494648
1226	53	700	0.192312806451613
1226	53	750	0.14184847311827978
1226	53	800	0.07592147311827979
1226	53	850	0.031104306451613217
1226	53	900	NA
1226	53	950	NA
1226	53	1e3	NA
1226	53	1050	NA
1226	53	1100	NA
1226	53	1150	NA
1226	54	-200	0.04101239631336405
1226	54	-150	0.006701467741935474
1226	54	-100	-0.0035208655913978593
1226	54	-50	-0.039169865591397825
1226	54	0	-0.011858532258064583
1226	54	50	0.03549846774193551
1226	54	100	0.04516180107526879
1226	54	150	0.07622213440860204
1226	54	200	0.14133330107526879
1226	54	250	0.09521796774193551
1226	54	300	0.07760830107526884
1226	54	350	0.0678886344086022
1226	54	400	0.09132830107526872
1226	54	450	0.024030467741935475
1226	54	500	0.12887713440860207
1226	54	550	0.08115013440860223
1226	54	600	0.1261123010752688
1226	54	650	0.12975563440860208
1226	54	700	0.050889467741935444
1226	54	750	0.1291239677419355
1226	54	800	0.10097696774193543
1226	54	850	0.06794796774193552
1226	54	900	-0.05026419892473114
1226	54	950	0.01891796774193555
1226	54	1e3	-0.00980486559139789
1226	54	1050	-0.036914032258064555
1226	54	1100	NA
1226	54	1150	-0.4190270322580645
1226	55	-200	0.019458520737327106
1226	55	-150	0.0097029731182794645
1226	55	-100	-0.012876193548387057
1226	55	-50	-0.013681526881720382
1226	55	0	-0.005846860215053799
1226	55	50	-0.007481526881720546
1226	55	100	0.01407447311827951
1226	55	150	-0.01634369354838716
1226	55	200	-0.04986819354838712
1226	55	250	-0.06171986021505386
1226	55	300	-0.005561860215053856
1226	55	350	-0.0653950268817205
1226	55	400	-0.05945936021505379
1226	55	450	0.012084973118279496
1226	55	500	0.03184863978494623
1226	55	550	0.02790647311827965
1226	55	600	0.08923630645161292
1226	55	650	0.06468097311827958
1226	55	700	0.026937473118279504
1226	55	750	-0.025445693548387105
1226	55	800	-0.07696752688172041
1226	55	850	-0.0945315268817204
1226	55	900	-0.10269419354838709
1226	55	950	-0.14401802688172052
1226	55	1e3	-0.1812653602150538
1226	55	1050	-0.15053652688172056
1226	55	1100	-0.25929219354838695
1226	55	1150	NA
1226	56	-200	-0.02130930000000005
1226	56	-150	-0.017952633333333374
1226	56	-100	-0.01975013333333327
1226	56	-50	-4.8313333333334835e-4
1226	56	0	0.05949519999999997
1226	56	50	0.04344070000000005
1226	56	100	0.025147699999999995
1226	56	150	-0.029688900000000018
1226	56	200	-0.007542157142857204
1226	56	250	0.019846866666666685
1226	56	300	-9.081333333333941e-4
1226	56	350	0.08590353333333334
1226	56	400	0.0697633666666666
1226	56	450	0.08890986666666663
1226	56	500	0.13454303333333337
1226	56	550	0.1672823666666666
1226	56	600	0.16889886666666665
1226	56	650	0.21916369999999996
1226	56	700	0.22306903333333325
1226	56	750	0.22482719999999992
1226	56	800	0.06754053333333328
1226	56	850	-0.019493800000000006
1226	56	900	NA
1226	56	950	NA
1226	56	1e3	NA
1226	56	1050	-0.04136680000000004
1226	56	1100	0.012159842857142777
1226	56	1150	-0.012109800000000023
1226	57	-200	0.023145400000000056
1226	57	-150	0.03951006666666664
1226	57	-100	0.013240066666666698
1226	57	-50	-0.027406599999999948
1226	57	0	-0.04848893333333337
1226	57	50	-0.001037100000000013
1226	57	100	-0.03969510000000002
1226	57	150	-0.08669959999999999
1226	57	200	-0.07506260000000002
1226	57	250	-0.10963626666666675
1226	57	300	-0.10319493333333345
1226	57	350	-0.10334576666666674
1226	57	400	-0.09612776666666659
1226	57	450	-0.18650593333333335
1226	57	500	-0.07755593333333326
1226	57	550	0.024260376190476243
1226	57	600	0.0406260333333333
1226	57	650	0.07071056666666675
1226	57	700	0.05325380476190476
1226	57	750	0.011346566666666705
1226	57	800	NA
1226	57	850	NA
1226	57	900	-0.12373176666666663
1226	57	950	-0.039681766666666674
1226	57	1e3	-0.14436309999999994
1226	57	1050	-0.1033002666666667
1226	57	1100	-0.06879343333333339
1226	57	1150	-0.0448935999999999
1226	58	-200	0.019858966666666866
1226	58	-150	0.01970313333333344
1226	58	-100	-0.017943366666666405
1226	58	-50	-0.004254199999999801
1226	58	0	-0.01736453333333321
1226	58	50	-0.008582033333333147
1226	58	100	9.208000000002029e-4
1226	58	150	0.003148133333333414
1226	58	200	-0.022271366666666514
1226	58	250	-0.015675699999999775
1226	58	300	0.002927800000000147
1226	58	350	-0.04260169999999978
1226	58	400	-0.028239699999999868
1226	58	450	0.006432300000000095
1226	58	500	0.051517466666666824
1226	58	550	0.008333633333333553
1226	58	600	0.0240088000000002
1226	58	650	0.07523296666666683
1226	58	700	0.031956300000000194
1226	58	750	0.03692130000000016
1226	58	800	-0.02140519999999979
1226	58	850	-0.01943036666666657
1226	58	900	-0.03660741428571411
1226	58	950	-0.1405711999999998
1226	58	1e3	-0.19899903333333327
1226	58	1050	NA
1226	58	1100	NA
1226	58	1150	NA
1226	59	-200	0.00177641013824895
1226	59	-150	0.032765005376344115
1226	59	-100	0.018787338709677453
1226	59	-50	-0.04257482795698908
1226	59	0	-0.01104999462365582
1226	59	50	-0.041086327956989153
1226	59	100	-0.11030916129032257
1226	59	150	-0.15939582795698914
1226	59	200	-0.16658982795698915
1226	59	250	-0.17386599462365582
1226	59	300	-0.12276249462365578
1226	59	350	-0.08861616129032253
1226	59	400	-0.14949016129032255
1226	59	450	-0.16035116129032256
1226	59	500	-0.11527399462365591
1226	59	550	-0.1341331612903225
1226	59	600	-0.06523216129032246
1226	59	650	-0.07155899462365582
1226	59	700	-0.11094616129032249
1226	59	750	-0.1312804946236558
1226	59	800	-0.21609666129032248
1226	59	850	-0.2784466612903225
1226	59	900	-0.23342682795698919
1226	59	950	-0.20526866129032242
1226	59	1e3	-0.21952699462365585
1226	59	1050	-0.28511449462365585
1226	59	1100	-0.25989799462365587
1226	59	1150	-0.2515084946236558
1226	60	-200	0.058111470046083004
1226	60	-150	-0.008924587096774062
1226	60	-100	-0.03338524423963125
1226	60	-50	-0.007874053763440822
1226	60	0	-0.013536053763440728
1226	60	50	-0.015896187096774116
1226	60	100	-0.07825538709677415
1226	60	150	NA
1226	60	200	NA
1226	60	250	-0.0054691370967741015
1226	60	300	0.09794432718894017
1226	60	350	0.06932344623655928
1226	60	400	0.14603594623655916
1226	60	450	0.2092196129032259
1226	60	500	0.25653977956989255
1226	60	550	0.35952144623655924
1226	60	600	0.33824711290322584
1226	60	650	0.35389001290322575
1226	60	700	0.3780113271889402
1226	60	750	0.28954361290322583
1226	60	800	0.25676677956989263
1226	60	850	0.23749361290322576
1226	60	900	0.20036411290322578
1226	60	950	0.1863936129032259
1226	60	1e3	0.1508292795698926
1226	60	1050	0.10060127956989251
1226	60	1100	0.15684461290322593
1226	60	1150	0.1391357795698925
1226	61	-200	0.05772563133640534
1226	61	-150	0.0129855741935482
1226	61	-100	-0.019231511520737574
1226	61	-50	-0.023252725806451807
1226	61	0	-0.032478392473118456
1226	61	50	-0.03645272580645168
1226	61	100	-0.013680059139785131
1226	61	150	0.012093607526881526
1226	61	200	0.023425440860214808
1226	61	250	0.06118577419354828
1226	61	300	0.06503877419354816
1226	61	350	0.042210940860214784
1226	61	400	0.09241810752688158
1226	61	450	0.1239269408602149
1226	61	500	0.15046277419354817
1226	61	550	0.1807711075268815
1226	61	600	0.23212177419354818
1226	61	650	0.25519610752688154
1226	61	700	0.2560951075268815
1226	61	750	0.2522971075268816
1226	61	800	0.2400127741935482
1226	61	850	0.13832817419354812
1226	61	900	NA
1226	61	950	NA
1226	61	1e3	NA
1226	61	1050	NA
1226	61	1100	NA
1226	61	1150	NA
1226	62	-200	-0.006385177419354848
1226	62	-150	0.014870489247311713
1226	62	-100	-0.012848677419354951
1226	62	-50	-0.006400510752688253
1226	62	0	0.009226179723502259
1226	62	50	-9.330107526882939e-4
1226	62	100	-0.02902051075268819
1226	62	150	-0.030903677419354958
1226	62	200	-0.015896677419354965
1226	62	250	-0.039999677419354875
1226	62	300	-0.0031098440860216256
1226	62	350	-0.04842467741935493
1226	62	400	-0.011172844086021557
1226	62	450	0.017517322580645017
1226	62	500	0.05351582258064506
1226	62	550	0.13577415591397832
1226	62	600	0.16577998924731183
1226	62	650	0.15361632258064498
1226	62	700	0.12119815591397846
1226	62	750	0.07560282258064517
1226	62	800	0.043448989247311776
1226	62	850	0.046373989247311766
1226	62	900	0.025565655913978375
1226	62	950	0.05508632258064505
1226	62	1e3	0.034216155913978495
1226	62	1050	0.011812155913978403
1226	62	1100	-0.07513401075268826
1226	62	1150	-0.057752844086021625
1226	63	-200	-0.02302749308755755
1226	63	-150	0.019418935483871042
1226	63	-100	0.01532743548387113
1226	63	-50	0.006459935483870953
1226	63	0	-0.014340897849462278
1226	63	50	-0.023727731182795624
1226	63	100	0.0077727688172043825
1226	63	150	-0.0395398978494624
1226	63	200	-0.05781923118279564
1226	63	250	-0.07500789784946238
1226	63	300	-0.03849656451612896
1226	63	350	-0.03196539784946236
1226	63	400	-0.032138564516128953
1226	63	450	-0.009417897849462268
1226	63	500	0.025437268817204355
1226	63	550	0.07924710215053772
1226	63	600	0.055526602150537764
1226	63	650	0.0662632688172043
1226	63	700	0.03465560215053768
1226	63	750	0.001456935483871084
1226	63	800	-0.0745073978494623
1226	63	850	-0.13046881451612902
1226	63	900	NA
1226	63	950	NA
1226	63	1e3	NA
1226	63	1050	NA
1226	63	1100	NA
1226	63	1150	NA
1226	64	-200	NA
1226	64	-150	NA
1226	64	-100	-0.0012014999999998555
1226	64	-50	0.011002000000000178
1226	64	0	-0.01020099999999983
1226	64	50	-0.023740333333333103
1226	64	100	0.049229000000000266
1226	64	150	0.01570550000000015
1226	64	200	-0.02555566666666646
1226	64	250	-0.061666666666666536
1226	64	300	-0.05566399999999986
1226	64	350	-0.1045631666666665
1226	64	400	-0.10851483333333307
1226	64	450	-0.10643116666666648
1226	64	500	-0.09628499999999988
1226	64	550	-0.1584054999999999
1226	64	600	-0.15592216666666645
1226	64	650	-0.15685249999999984
1226	64	700	-0.15655366666666648
1226	64	750	-0.22581866666666653
1226	64	800	-0.24491683333333314
1226	64	850	-0.29470899999999983
1226	64	900	-0.3173353333333331
1226	64	950	-0.34007333333333317
1226	64	1e3	-0.37105233333333315
1226	64	1050	-0.40002449999999984
1226	64	1100	-0.3314641666666666
1226	64	1150	-0.31605083333333317
1226	65	-200	-0.0030015760368662064
1226	65	-150	0.008236543010752792
1226	65	-100	0.009277543010752861
1226	65	-50	-0.0068011236559138615
1226	65	0	-0.007211123655913809
1226	65	50	-0.03720112365591399
1226	65	100	-0.09329562365591386
1226	65	150	-0.17148479032258054
1226	65	200	-0.15103595698924713
1226	65	250	-0.13725345698924718
1226	65	300	-0.18759262365591386
1226	65	350	-0.16700545698924718
1226	65	400	-0.1610884569892471
1226	65	450	-0.15726895698924723
1226	65	500	-0.2258007903225805
1226	65	550	-0.19482629032258045
1226	65	600	-0.22569345698924717
1226	65	650	-0.22120129032258048
1226	65	700	-0.18396545698924713
1226	65	750	-0.19848495698924715
1226	65	800	-0.19933179032258042
1226	65	850	-0.2181019569892472
1226	65	900	-0.23904145698924717
1226	65	950	-0.2705422903225805
1226	65	1e3	-0.2525639569892471
1226	65	1050	-0.23842812365591382
1226	65	1100	-0.26991879032258054
1226	65	1150	-0.2507701236559139
1226	66	-200	0.017162506912442334
1226	66	-150	-0.015508397849462488
1226	66	-100	-0.01711389784946249
1226	66	-50	-0.002961397849462625
1226	66	0	0.015560768817204066
1226	66	50	-0.03657589784946258
1226	66	100	0.02938926881720409
1226	66	150	-0.039485231182795864
1226	66	200	-0.050127564516129285
1226	66	250	-0.039763731182795935
1226	66	300	-0.057598397849462524
1226	66	350	-0.02714706451612921
1226	66	400	-0.03694189784946252
1226	66	450	-0.029525064516129202
1226	66	500	-0.009314564516129295
1226	66	550	-0.040041731182795935
1226	66	600	0.020211102150537414
1226	66	650	0.08922026881720406
1226	66	700	0.08988660215053741
1226	66	750	0.12214926881720412
1226	66	800	0.04762126881720411
1226	66	850	0.007324935483870772
1226	66	900	-0.016117231182795882
1226	66	950	-0.011582731182795921
1226	66	1e3	0.045087768817204076
1226	66	1050	-0.01667839784946268
1226	66	1100	-0.037685897849462524
1226	66	1150	-0.07748006451612932
1226	67	-200	0.020486184331797004
1226	67	-150	-0.016417720430107696
1226	67	-100	-0.022592553763440975
1226	67	-50	0.019951112903225637
1226	67	0	-0.004841387096774286
1226	67	50	-0.015071387096774394
1226	67	100	-0.04625805376344102
1226	67	150	-0.05054488709677426
1226	67	200	-0.020498887096774387
1226	67	250	-0.012509387096774294
1226	67	300	-0.00512155376344096
1226	67	350	-0.0031652204301077327
1226	67	400	-0.0102440537634411
1226	67	450	-0.013135553763440999
1226	67	500	0.03455794623655891
1226	67	550	0.06484711290322576
1226	67	600	0.055374779569892375
1226	67	650	0.023113279569892287
1226	67	700	0.06549544623655897
1226	67	750	0.03191011290322554
1226	67	800	0.05207327956989238
1226	67	850	0.01475127956989238
1226	67	900	-0.007663387096774166
1226	67	950	NA
1226	67	1e3	NA
1226	67	1050	NA
1226	67	1100	NA
1226	67	1150	NA
1226	68	-200	0.010001912087912235
1226	68	-150	-0.011668897435897238
1226	68	-100	NA
1226	68	-50	NA
1226	68	0	NA
1226	68	50	-0.05273906410256387
1226	68	100	0.028341435897436096
1226	68	150	0.06390560256410278
1226	68	200	0.06484110256410285
1226	68	250	0.031166102564102793
1226	68	300	0.05355310256410273
1226	68	350	0.0651259358974361
1226	68	400	0.08659610256410273
1226	68	450	0.08886426923076944
1226	68	500	0.08801076923076945
1226	68	550	0.09294076923076955
1226	68	600	0.0786679358974361
1226	68	650	0.11704060256410272
1226	68	700	0.12462010256410279
1226	68	750	0.037817935897436206
1226	68	800	0.058590935897436136
1226	68	850	0.03273743589743616
1226	68	900	-0.037215397435897225
1226	68	950	-0.047616564102563874
1226	68	1e3	-0.022928564102563904
1226	68	1050	0.03593610256410266
1226	68	1100	0.008906102564102847
1226	68	1150	0.002221102564102869
1226	69	-200	-0.0054162413793104785
1226	69	-150	-0.0017279080459771112
1226	69	-100	-0.0034095747126436926
1226	69	-50	0.03175792528735625
1226	69	0	-0.025445041379310408
1226	69	50	NA
1226	69	100	NA
1226	69	150	-0.1503152413793103
1226	69	200	-0.024477441379310426
1226	69	250	9.079252873562815e-4
1226	69	300	-0.01018307471264368
1226	69	350	0.06258542528735618
1226	69	400	0.07164409195402295
1226	69	450	0.0966594252873562
1226	69	500	0.14558509195402292
1226	69	550	0.07775959195402297
1226	69	600	0.014159258620689563
1226	69	650	0.010386591954022917
1226	69	700	0.07658109195402292
1226	69	750	0.06302118719211812
1226	69	800	-0.024613574712643693
1226	69	850	-0.006248074712643732
1226	69	900	-0.0824554080459771
1226	69	950	-0.15546574137931043
1226	69	1e3	-0.1072045747126437
1226	69	1050	-0.08085990804597709
1226	69	1100	-0.11994907471264371
1226	69	1150	-0.1344877413793104
1226	70	-200	0.018484313364055222
1226	70	-150	-0.0030929247311829076
1226	70	-100	-0.06285125806451619
1226	70	-50	0.006725741935483809
1226	70	0	0.03765340860215042
1226	70	50	0.02015124193548375
1226	70	100	0.03948007526881714
1226	70	150	-0.0841297580645161
1226	70	200	-0.08034592473118292
1226	70	250	-0.10241709139784964
1226	70	300	-0.07245025806451626
1226	70	350	-0.0812814247311829
1226	70	400	-5.3992473118288e-4
1226	70	450	-0.03493092473118301
1226	70	500	-0.06839509139784956
1226	70	550	-0.10464875806451628
1226	70	600	-0.1387494247311829
1226	70	650	-0.03680559139784956
1226	70	700	-0.06117642473118301
1226	70	750	-0.06586259139784952
1226	70	800	-0.11015475806451629
1226	70	850	-0.08875275806451628
1226	70	900	-0.15986959139784954
1226	70	950	-0.18959075806451628
1226	70	1e3	-0.20408559139784951
1226	70	1050	-0.22411392473118288
1226	70	1100	-0.2137195913978495
1226	70	1150	-0.18533125806451625
1226	71	-200	0.04527647004608282
1226	71	-150	-0.016138720430107705
1226	71	-100	0.011866112903225664
1226	71	-50	-0.0198595537634411
1226	71	0	-0.028690387096774295
1226	71	50	0.005050779569892268
1226	71	100	-0.07615338709677426
1226	71	150	-0.0917148870967744
1226	71	200	-0.09760372043010768
1226	71	250	-0.08999022043010774
1226	71	300	0.007384112903225566
1226	71	350	-0.03545738709677434
1226	71	400	-0.03506672043010776
1226	71	450	-0.015693887096774366
1226	71	500	0.061127279569892425
1226	71	550	0.0958471129032256
1226	71	600	0.15253594623655906
1226	71	650	0.07524894623655894
1226	71	700	0.054486446236558926
1226	71	750	0.013225446236558932
1226	71	800	-0.009051053763440953
1226	71	850	-0.0378272204301077
1226	71	900	-0.05873372043010764
1226	71	950	-0.07493805376344105
1226	71	1e3	-0.07427088709677439
1226	71	1050	-0.02733738709677443
1226	71	1100	-0.05365455376344105
1226	71	1150	-0.05133838709677452
1226	72	-200	-0.005962239631336479
1226	72	-150	-0.004461096774193596
1226	72	-100	-0.025907263440860213
1226	72	-50	0.02050240322580632
1226	72	0	0.016821903225806345
1226	72	50	-0.013885263440860237
1226	72	100	-0.010575930107527073
1226	72	150	-0.034150096774193596
1226	72	200	-0.04371743010752701
1226	72	250	-0.049590930107526944
1226	72	300	-0.06062726344086037
1226	72	350	-0.052197596774193666
1226	72	400	-0.049485596774193695
1226	72	450	-0.06377126344086026
1226	72	500	-0.045320763440860334
1226	72	550	0.08318690322580635
1226	72	600	0.11176756989247301
1226	72	650	0.17382273655913974
1226	72	700	0.17519573655913975
1226	72	750	0.1998370698924731
1226	72	800	0.12398856989247305
1226	72	850	0.0869832365591398
1226	72	900	0.06550140322580633
1226	72	950	0.043550236559139664
1226	72	1e3	-0.06657859677419364
1226	72	1050	NA
1226	72	1100	NA
1226	72	1150	NA
1226	73	-200	-0.028193300000000088
1226	73	-150	0.006884033333333169
1226	73	-100	-0.024180466666666733
1226	73	-50	0.017789033333333187
1226	73	0	0.027700699999999873
1226	73	50	-0.011557300000000067
1226	73	100	0.03619453333333319
1226	73	150	0.06147586666666668
1226	73	200	0.033804033333333226
1226	73	250	-0.011494466666666758
1226	73	300	-0.017934300000000142
1226	73	350	-0.03924846666666674
1226	73	400	-0.03266725238095252
1226	73	450	-0.07700736666666677
1226	73	500	-0.05935796666666674
1226	73	550	-0.05545946666666679
1226	73	600	0.018553699999999933
1226	73	650	0.006524533333333249
1226	73	700	0.012970033333333278
1226	73	750	0.0011803190476189812
1226	73	800	-0.025241966666666737
1226	73	850	-0.042304633333333376
1226	73	900	-0.16066030000000012
1226	73	950	NA
1226	73	1e3	NA
1226	73	1050	NA
1226	73	1100	NA
1226	73	1150	-0.12927830000000018
1226	74	-200	0.002173733333333213
1226	74	-150	0.014905400000000032
1226	74	-100	-0.0068577666666666355
1226	74	-50	-0.014665933333333362
1226	74	0	0.004898733333333283
1226	74	50	-0.008517766666666704
1226	74	100	-0.06995910000000001
1226	74	150	-0.04926193333333336
1226	74	200	-0.07362893333333338
1226	74	250	-0.05188798095238096
1226	74	300	0.02280273333333325
1226	74	350	-0.012401266666666707
1226	74	400	-0.033956838095238036
1226	74	450	0.018927733333333308
1226	74	500	0.004931533333333249
1226	74	550	0.04840573333333336
1226	74	600	0.1115137333333333
1226	74	650	0.12047556666666666
1226	74	700	0.11719406666666665
1226	74	750	0.08501790000000005
1226	74	800	0.09021123333333336
1226	74	850	0.04620889999999996
1226	74	900	-0.010137266666666589
1226	74	950	0.03407833333333334
1226	74	1e3	0.03270706666666653
1226	74	1050	-0.005427933333333357
1226	74	1100	-0.08415166666666671
1226	74	1150	NA
1226	75	-200	NA
1226	75	-150	0.021015530303030605
1226	75	-100	-0.060384303030302844
1226	75	-50	-0.03441885064935045
1226	75	0	0.0900318636363638
1226	75	50	0.10988153030303056
1226	75	100	0.11850103030303057
1226	75	150	0.1348336969696972
1226	75	200	0.12065719696969708
1226	75	250	0.10321886363636379
1226	75	300	0.11801003030303055
1226	75	350	0.08496003030303052
1226	75	400	0.10702553030303037
1226	75	450	0.11177919696969714
1226	75	500	0.12429053030303054
1226	75	550	0.13502503030303056
1226	75	600	0.14694569696969717
1226	75	650	0.17068286363636384
1226	75	700	0.10043719696969718
1226	75	750	0.08961103030303048
1226	75	800	0.05928703030303054
1226	75	850	-0.005677303030302783
1226	75	900	-0.03687446969696947
1226	75	950	-0.0036024696969694237
1226	75	1e3	0.007886196969697204
1226	75	1050	0.060873196969697174
1226	75	1100	0.02896553030303058
1226	75	1150	0.05125653030303049
1226	76	-200	0.03350205069124427
1226	76	-150	0.026729526881720405
1226	76	-100	-0.026962639784946285
1226	76	-50	-0.009812306451612907
1226	76	0	-0.02904030645161293
1226	76	50	-0.03329047311827963
1226	76	100	-0.10586380645161286
1226	76	150	-0.10576797311827961
1226	76	200	-0.10419347311827958
1226	76	250	-0.11426647311827957
1226	76	300	-0.06458797311827953
1226	76	350	-0.02683947311827965
1226	76	400	-0.047197473118279674
1226	76	450	-0.02177080645161289
1226	76	500	-0.11363447311827961
1226	76	550	-0.05405597311827955
1226	76	600	-0.03134713978494622
1226	76	650	0.060813693548387025
1226	76	700	0.0607943602150538
1226	76	750	0.023036360215053692
1226	76	800	0.01374269354838716
1226	76	850	-0.03146063978494625
1226	76	900	-0.08319063978494616
1226	76	950	-0.150615806451613
1226	76	1e3	NA
1226	76	1050	NA
1226	76	1100	-0.39600480645161307
1226	76	1150	-0.09885530645161289
1226	77	-200	4.596682027648212e-4
1226	77	-150	-0.012641236559140031
1226	77	-100	0.029312096774193403
1226	77	-50	-0.0021795698924733653
1226	77	0	-0.015027569892473336
1226	77	50	-0.022587236559139967
1226	77	100	-0.06356456989247324
1226	77	150	-0.07354573655914003
1226	77	200	-0.006266236559140011
1226	77	250	-0.008193569892473255
1226	77	300	0.06628526344086001
1226	77	350	0.15346693010752666
1226	77	400	0.07121343010752668
1226	77	450	0.11600209677419333
1226	77	500	0.16391509677419336
1226	77	550	0.09140876344086002
1226	77	600	0.22351426344085992
1226	77	650	0.1931359301075267
1226	77	700	0.20017959677419342
1226	77	750	0.1496040967741933
1226	77	800	0.1262585967741933
1226	77	850	0.053389430107526614
1226	77	900	4.610967741931482e-4
1226	77	950	NA
1226	77	1e3	NA
1226	77	1050	NA
1226	77	1100	0.06573609677419334
1226	77	1150	0.07305976344086007
1226	78	-200	0.03006377880184344
1226	78	-150	-0.021818768817204237
1226	78	-100	-0.023600602150537497
1226	78	-50	-0.01822393548387084
1226	78	0	0.028568897849462482
1226	78	50	0.03306156451612918
1226	78	100	0.03728173118279584
1226	78	150	0.04890106451612919
1226	78	200	0.06384906451612922
1226	78	250	0.059347397849462524
1226	78	300	0.061212564516129143
1226	78	350	0.10490139784946247
1226	78	400	0.06759489784946242
1226	78	450	0.13582156451612915
1226	78	500	0.1438252311827958
1226	78	550	0.2809562311827958
1226	78	600	0.2541073978494624
1226	78	650	0.2020073978494624
1226	78	700	0.19799039784946237
1226	78	750	0.08957023118279579
1226	78	800	-0.018030602150537495
1226	78	850	0.0033675645161290735
1226	78	900	-0.009725102150537568
1226	78	950	0.027808564516129158
1226	78	1e3	0.041766897849462525
1226	78	1050	-0.012046602150537508
1226	78	1100	0.011959564516129081
1226	78	1150	-0.0023094354838708586
1226	79	-200	-0.008035833333333539
1226	79	-150	0.0331053333333331
1226	79	-100	0.011159999999999762
1226	79	-50	0.027515499999999804
1226	79	0	-0.06374500000000023
1226	79	50	-0.04089569047619067
1226	79	100	-0.03872266666666683
1226	79	150	-0.018432166666666843
1226	79	200	0.06049249999999984
1226	79	250	-0.03842816666666682
1226	79	300	-0.014918166666666824
1226	79	350	0.0153881666666665
1226	79	400	-0.04433766666666683
1226	79	450	0.025274499999999794
1226	79	500	0.022996166666666484
1226	79	550	0.013223833333333065
1226	79	600	0.07325016666666644
1226	79	650	0.04800616666666654
1226	79	700	0.011094333333333095
1226	79	750	0.020634833333333196
1226	79	800	-0.052370500000000174
1226	79	850	-0.04758850000000018
1226	79	900	-0.11153683333333353
1226	79	950	-0.22356933333333373
1226	79	1e3	NA
1226	79	1050	NA
1226	79	1100	NA
1226	79	1150	NA
1226	80	-200	0.0516075529953915
1226	80	-150	0.05896267204301046
1226	80	-100	0.0669471720430106
1226	80	-50	-0.11208949462365607
1226	80	0	-0.07402916129032278
1226	80	50	0.04421483870967724
1226	80	100	0.05252650537634381
1226	80	150	0.09340417204301055
1226	80	200	0.07541217204301054
1226	80	250	0.07066967204301067
1226	80	300	-0.0208289946236561
1226	80	350	-0.0139219946236561
1226	80	400	0.09610667204301067
1226	80	450	0.07593650537634389
1226	80	500	0.004797672043010663
1226	80	550	0.057890838709677185
1226	80	600	0.06427817204301049
1226	80	650	0.11802417204301056
1226	80	700	0.039093172043010625
1226	80	750	0.02036817204301052
1226	80	800	-0.04428666129032277
1226	80	850	-0.17243549462365607
1226	80	900	-0.16834132795698942
1226	80	950	-0.2868593279569893
1226	80	1e3	-0.28721932795698946
1226	80	1050	-0.20915499462365608
1226	80	1100	-0.23784066129032277
1226	80	1150	-0.2978636612903227
1226	81	-200	0.03732364055299531
1226	81	-150	-0.02342547849462373
1226	81	-100	-0.014159478494623734
1226	81	-50	-0.0029379784946237386
1226	81	0	-0.003021311827957026
1226	81	50	-0.023150478494623705
1226	81	100	0.007947021505376295
1226	81	150	-0.03063597849462374
1226	81	200	0.01617218817204284
1226	81	250	-0.012757145161290376
1226	81	300	-0.04200264516129034
1226	81	350	-0.06961347849462363
1226	81	400	-0.08285664516129043
1226	81	450	-0.06175864516129037
1226	81	500	0.0037116881720429262
1226	81	550	0.02175218817204298
1226	81	600	0.07777818817204303
1226	81	650	0.11147035483870964
1226	81	700	0.008758854838709714
1226	81	750	0.005053354838709574
1226	81	800	-0.05077847849462377
1226	81	850	-0.10540731182795711
1226	81	900	-0.12141381182795707
1226	81	950	-0.134447311827957
1226	81	1e3	-0.22143464516129038
1226	81	1050	-0.2224879784946238
1226	81	1100	-0.21880947849462373
1226	81	1150	-0.240171311827957
1226	82	-200	-0.002338349462365663
1226	82	-150	0.047785769585253365
1226	82	-100	0.017066683870967658
1226	82	-50	-0.04190265898617529
1226	82	0	-0.018747516129032322
1226	82	50	-0.004265849462365671
1226	82	100	-0.03942001612903242
1226	82	150	0.008353483870967645
1226	82	200	-0.09248718279569894
1226	82	250	-0.046682016129032444
1226	82	300	-0.049518849462365656
1226	82	350	0.002635983870967603
1226	82	400	3.286505376341638e-4
1226	82	450	-0.07053818279569908
1226	82	500	-0.06983151612903245
1226	82	550	-0.07773551612903244
1226	82	600	-0.07359751612903231
1226	82	650	0.0029929838709676173
1226	82	700	0.01514631720430093
1226	82	750	-0.013445849462365786
1226	82	800	0.010972817204300878
1226	82	850	-0.06156384946236567
1226	82	900	-0.060787516129032326
1226	82	950	0.04447431720430095
1226	82	1e3	-0.012946349462365614
1226	82	1050	-0.03837751612903236
1226	82	1100	-0.11104418279569894
1226	82	1150	-0.10598151612903244
1226	83	-200	-0.013237442396313208
1226	83	-150	0.008771129032258148
1226	83	-100	0.052296129032258255
1226	83	-50	-0.03281287096774177
1226	83	0	-0.012810704301075079
1226	83	50	-8.903709677416938e-4
1226	83	100	-0.02401220430107524
1226	83	150	-0.010823870967741733
1226	83	200	-0.040327870967741854
1226	83	250	-0.037435204301075053
1226	83	300	-0.03375970430107511
1226	83	350	-0.03752653763440842
1226	83	400	-0.04261220430107512
1226	83	450	0.06347696236559137
1226	83	500	0.04885879569892482
1226	83	550	-0.012900204301075155
1226	83	600	0.032669629032258195
1226	83	650	0.05949946236559156
1226	83	700	0.04107346236559158
1226	83	750	0.08922746236559154
1226	83	800	0.005252962365591547
1226	83	850	-0.0464545376344084
1226	83	900	-0.01863937096774178
1226	83	950	-0.10299837096774178
1226	83	1e3	NA
1226	83	1050	NA
1226	83	1100	NA
1226	83	1150	-0.23170587096774176
1226	84	-200	0.024503963133640498
1226	84	-150	-0.026442489247311924
1226	84	-100	0.02497767741935471
1226	84	-50	-0.030890322580645318
1226	84	0	0.003767177419354691
1226	84	50	-0.012462655913978585
1226	84	100	-0.03901498924731187
1226	84	150	-0.07663365591397857
1226	84	200	-0.048151322580645285
1226	84	250	-0.023817155913978594
1226	84	300	0.002279344086021299
1226	84	350	-0.01968898924731192
1226	84	400	-0.057315822580645236
1226	84	450	0.011102844086021468
1226	84	500	0.04097217741935477
1226	84	550	0.06791017741935468
1226	84	600	0.09019451075268803
1226	84	650	0.12490801075268802
1226	84	700	0.060325510752688105
1226	84	750	-0.04830698924731195
1226	84	800	-0.09342632258064525
1226	84	850	-0.09642415591397861
1226	84	900	-0.10582948924731195
1226	84	950	-0.17055882258064528
1226	84	1e3	-0.12498565591397866
1226	84	1050	-0.07490015591397858
1226	84	1100	-0.15834432258064512
1226	84	1150	NA
1226	85	-200	-0.028407066666666703
1226	85	-150	0.02828526666666657
1226	85	-100	0.03466862380952383
1226	85	-50	-0.011887433333333242
1226	85	0	-0.0304187333333333
1226	85	50	-0.0025744000000000136
1226	85	100	-0.021711899999999968
1226	85	150	-0.011426066666666715
1226	85	200	0.02446893333333337
1226	85	250	0.015577599999999933
1226	85	300	0.0874249333333333
1226	85	350	0.07904043333333328
1226	85	400	0.05631959999999999
1226	85	450	0.06875859999999993
1226	85	500	-0.06702390000000014
1226	85	550	0.030350933333333312
1226	85	600	-0.0504464
1226	85	650	-0.07004323333333333
1226	85	700	-0.03658123333333337
1226	85	750	-0.008788733333333335
1226	85	800	-0.046384899999999986
1226	85	850	-0.066268733333333385
1226	85	900	-0.16561580476190477
1226	85	950	-0.21631489999999998
1226	85	1e3	-0.21815273333333338
1226	85	1050	-0.2481964
1226	85	1100	-0.30731840000000005
1226	85	1150	-0.25101023333333344
1226	86	-200	0.007015589861751056
1226	86	-150	0.012845827956989039
1226	86	-100	-0.0101146720430109
1226	86	-50	-0.003425172043010886
1226	86	0	-0.007490838709677631
1226	86	50	0.09345482795698905
1226	86	100	0.05829382795698904
1226	86	150	0.12309949462365573
1226	86	200	0.11162216129032232
1226	86	250	0.15391232795698903
1226	86	300	0.12442199462365577
1226	86	350	0.10485016129032239
1226	86	400	0.21173516129032235
1226	86	450	0.043989994623655715
1226	86	500	0.1023546612903224
1226	86	550	0.19551916129032235
1226	86	600	0.1507939946236557
1226	86	650	0.2431868279569891
1226	86	700	0.28610499462365574
1226	86	750	0.2842501612903224
1226	86	800	0.2549291612903224
1226	86	850	0.1670149946236558
1226	86	900	0.13389616129032245
1226	86	950	NA
1226	86	1e3	NA
1226	86	1050	NA
1226	86	1100	NA
1226	86	1150	NA
1226	87	-200	-0.02677155913978524
1226	87	-150	0.010304940860214792
1226	87	-100	-0.031569392473118484
1226	87	-50	-0.026613725806451754
1226	87	0	0.06398548847926255
1226	87	50	0.0038929741935482378
1226	87	100	0.005407607526881557
1226	87	150	0.03732727419354812
1226	87	200	0.09971248847926237
1226	87	250	0.047700440860214854
1226	87	300	0.11254977419354824
1226	87	350	0.0833237741935482
1226	87	400	0.12612857419354812
1226	87	450	0.14608810752688148
1226	87	500	0.12313977419354817
1226	87	550	0.18992577419354828
1226	87	600	0.21408727419354814
1226	87	650	0.20020544086021488
1226	87	700	0.14716260752688157
1226	87	750	0.10574927419354818
1226	87	800	0.02251227419354825
1226	87	850	0.03910657419354813
1226	87	900	0.034970774193548326
1226	87	950	NA
1226	87	1e3	NA
1226	87	1050	NA
1226	87	1100	NA
1226	87	1150	NA
1226	88	-200	0.09925676666666645
1226	88	-150	-0.00923923333333354
1226	88	-100	-0.014531066666666925
1226	88	-50	-0.04400106666666681
1226	88	0	-0.03148540000000014
1226	88	50	-0.06048156666666693
1226	88	100	-0.09779273333333342
1226	88	150	-0.07200206666666675
1226	88	200	-0.04028656666666689
1226	88	250	0.07828309999999972
1226	88	300	0.08216926666666653
1226	88	350	0.09277509999999982
1226	88	400	0.057879433333333154
1226	88	450	0.12143826666666639
1226	88	500	0.10338876666666648
1226	88	550	0.07513893333333314
1226	88	600	0.06814209999999976
1226	88	650	0.0616675999999999
1226	88	700	0.09297359999999981
1226	88	750	0.06709843333333317
1226	88	800	0.02648743333333307
1226	88	850	-0.007065066666666879
1226	88	900	-0.11342406666666689
1226	88	950	-0.07445206666666682
1226	88	1e3	-0.1434622333333336
1226	88	1050	-0.3468510666666669
1226	88	1100	NA
1226	88	1150	NA
1226	89	-200	-0.03470043333333309
1226	89	-150	-0.031131099999999783
1226	89	-100	0.007073066666666812
1226	89	-50	0.01916673333333348
1226	89	0	0.039591733333333545
1226	89	50	0.03419956666666679
1226	89	100	0.05361940000000017
1226	89	150	-0.027751766666666528
1226	89	200	-0.09162276666666647
1226	89	250	-0.020778933333333176
1226	89	300	-0.044408433333333
1226	89	350	0.04123306666666685
1226	89	400	0.09428706666666686
1226	89	450	0.12333090000000017
1226	89	500	0.10784390000000015
1226	89	550	0.0940864000000002
1226	89	600	0.16472306666666695
1226	89	650	0.15972090000000017
1226	89	700	0.12997890000000023
1226	89	750	0.10086273333333347
1226	89	800	0.04709990000000023
1226	89	850	-0.03416259999999971
1226	89	900	-0.012880766666666451
1226	89	950	-0.08282409999999985
1226	89	1e3	-0.12528343333333325
1226	89	1050	-0.04187543333333332
1226	89	1100	NA
1226	89	1150	NA
1226	90	-200	-0.001054986175115172
1226	90	-150	0.016487370967741926
1226	90	-100	-0.01612129569892473
1226	90	-50	0.017848537634408634
1226	90	0	-0.01698379569892472
1226	90	50	-0.06862962903225804
1226	90	100	-0.0234977956989247
1226	90	150	-0.06929046236559137
1226	90	200	-0.05182062903225818
1226	90	250	-0.06920496236559141
1226	90	300	-0.06048279569892475
1226	90	350	-0.07107246236559146
1226	90	400	-0.0709819623655914
1226	90	450	-0.06371829569892477
1226	90	500	-0.08407546236559149
1226	90	550	-0.03833612903225799
1226	90	600	-0.0038712956989247114
1226	90	650	-0.02082029569892474
1226	90	700	2.1220430107519542e-4
1226	90	750	0.013629704301075277
1226	90	800	-0.05866846236559139
1226	90	850	-0.17409929569892477
1226	90	900	-0.160898379032258
1226	90	950	NA
1226	90	1e3	NA
1226	90	1050	NA
1226	90	1100	-0.23146346236559148
1226	90	1150	-0.1624862956989248
1226	91	-200	0.042121350230415064
1226	91	-150	0.010144564516129181
1226	91	-100	-0.018368102150537375
1226	91	-50	-0.006427768817204156
1226	91	0	-0.03449026881720411
1226	91	50	-0.06159560215053742
1226	91	100	-0.06732510215053744
1226	91	150	-0.051733435483870625
1226	91	200	-0.06371460215053733
1226	91	250	-0.07128710215053731
1226	91	300	-0.08084910215053738
1226	91	350	-0.038063102150537396
1226	91	400	-0.05688143548387078
1226	91	450	-0.05810160215053747
1226	91	500	-0.009289768817204077
1226	91	550	-0.038756935483870825
1226	91	600	0.02423023118279599
1226	91	650	0.02246273118279592
1226	91	700	-0.027713268817204078
1226	91	750	-0.04587810215053745
1226	91	800	-0.09783910215053744
1226	91	850	-0.10325993548387073
1226	91	900	-0.08357476881720409
1226	91	950	-0.14317976881720415
1226	91	1e3	-0.15136410215053742
1226	91	1050	-0.10761693548387075
1226	91	1100	-0.18468043548387078
1226	91	1150	-0.14246976881720408
1226	92	-200	0.014394133333333281
1226	92	-150	0.009063633333333229
1226	92	-100	-0.031921366666666895
1226	92	-50	0.0018212999999998776
1226	92	0	0.0066422999999998416
1226	92	50	-0.0024835333333335097
1226	92	100	9.104666666665354e-4
1226	92	150	-0.024724700000000228
1226	92	200	0.03280046666666644
1226	92	250	0.006488299999999854
1226	92	300	0.024131799999999853
1226	92	350	0.0664486333333331
1226	92	400	0.1360392999999999
1226	92	450	0.14506179999999982
1226	92	500	0.07695279999999986
1226	92	550	0.17486263333333318
1226	92	600	0.18124763333333313
1226	92	650	0.1567149666666665
1226	92	700	0.08191429999999977
1226	92	750	0.0373124666666664
1226	92	800	0.01007679999999985
1226	92	850	0.016817299999999813
1226	92	900	-0.020780366666666827
1226	92	950	-0.003451133333333534
1226	92	1e3	0.04201132380952366
1226	92	1050	0.05565463333333313
1226	92	1100	0.10316063333333318
1226	92	1150	0.10345846666666647
1226	93	-200	0.015127133640553085
1226	93	-150	0.0022597526881720973
1226	93	-100	0.023119419354838744
1226	93	-50	-0.020780413978494543
1226	93	0	-0.022247080645161194
1226	93	50	-0.05816291397849449
1226	93	100	-0.07211574731182784
1226	93	150	0.013695586021505482
1226	93	200	-0.012639413978494515
1226	93	250	-0.019554913978494588
1226	93	300	-0.03401024731182778
1226	93	350	-0.015019913978494559
1226	93	400	-0.001562580645161275
1226	93	450	0.12339375268817217
1226	93	500	0.0811740860215054
1226	93	550	0.12064608602150544
1226	93	600	0.2260949193548388
1226	93	650	0.14595425268817216
1226	93	700	0.13570225268817215
1226	93	750	0.16613958602150544
1226	93	800	0.11022575268817218
1226	93	850	0.11918258602150537
1226	93	900	0.04906241935483887
1226	93	950	-0.0021552473118278868
1226	93	1e3	0.01781925268817212
1226	93	1050	-0.021365380645161202
1226	93	1100	NA
1226	93	1150	NA
1226	94	-200	0.07358687557603678
1226	94	-150	-0.021886238709677475
1226	94	-100	0.007314875576036732
1226	94	-50	-0.05393683870967755
1226	94	0	-0.02221000537634425
1226	94	50	-0.0726866720430109
1226	94	100	-0.07672317204301098
1226	94	150	-0.09504483870967739
1226	94	200	-0.09245133870967755
1226	94	250	-0.06601733870967748
1226	94	300	-0.040333005376344135
1226	94	350	-0.04794233870967749
1226	94	400	-0.08291867204301084
1226	94	450	-0.10450233870967758
1226	94	500	-0.07401117204301084
1226	94	550	-0.06642467204301084
1226	94	600	-0.06362967204301088
1226	94	650	-0.06586817204301092
1226	94	700	-0.032003505376344187
1226	94	750	-0.08265233870967752
1226	94	800	-0.13290817204301084
1226	94	850	-0.17250250537634426
1226	94	900	-0.2684173387096775
1226	94	950	-0.2522075053763442
1226	94	1e3	-0.2570035053763442
1226	94	1050	-0.18503583870967755
1226	94	1100	-0.19397383870967744
1226	94	1150	-0.23176083870967754
1226	95	-200	-0.007304165898617424
1226	95	-150	-0.016867951612903182
1226	95	-100	0.010972548387096825
1226	95	-50	-0.011917284946236414
1226	95	0	0.026334215053763543
1226	95	50	0.017268215053763525
1226	95	100	0.012687715053763574
1226	95	150	-0.005173118279569862
1226	95	200	-0.05470078494623657
1226	95	250	-0.03623178494623643
1226	95	300	-0.054751951612903214
1226	95	350	-0.010321618279569789
1226	95	400	0.00899171505376358
1226	95	450	0.04793204838709686
1226	95	500	0.06722154838709675
1226	95	550	0.0473893817204302
1226	95	600	0.03039871505376353
1226	95	650	0.06727438172043021
1226	95	700	0.11214571505376354
1226	95	750	0.026613048387096844
1226	95	800	-0.04963778494623646
1226	95	850	-0.0555429516129032
1226	95	900	-0.06591495161290324
1226	95	950	-0.08480145161290313
1226	95	1e3	-0.12391795161290313
1226	95	1050	-0.14437778494623643
1226	95	1100	-0.1416599516129032
1226	95	1150	-0.10684311827956987
1226	96	-200	-0.02945114285714296
1226	96	-150	NA
1226	96	-100	NA
1226	96	-50	-0.011055200000000199
1226	96	0	0.04357233333333318
1226	96	50	-0.05603716666666666
1226	96	100	-0.09968650000000008
1226	96	150	-0.07487116666666689
1226	96	200	-0.0904083333333335
1226	96	250	-0.06113833333333344
1226	96	300	-0.0861096666666669
1226	96	350	-0.062276833333333524
1226	96	400	-0.1288141666666669
1226	96	450	-0.21607883333333344
1226	96	500	-0.27303116666666694
1226	96	550	-0.23330983333333352
1226	96	600	-0.1713661666666669
1226	96	650	-0.1760856666666668
1226	96	700	-0.1723181666666668
1226	96	750	-0.25276400000000016
1226	96	800	-0.2854021666666667
1226	96	850	-0.18806300000000017
1226	96	900	-0.2744175000000002
1226	96	950	-0.2306935000000002
1226	96	1e3	-0.27489850000000016
1226	96	1050	-0.30566283333333355
1226	96	1100	-0.23258983333333347
1226	96	1150	-0.16715583333333353
1226	97	-200	0.016984949308755874
1226	97	-150	0.016947139784946403
1226	97	-100	-0.01360102688172038
1226	97	-50	-0.02608452688172025
1226	97	0	0.002922639784946298
1226	97	50	0.002492973118279599
1226	97	100	0.04284347311827963
1226	97	150	0.04984580645161296
1226	97	200	0.020580473118279707
1226	97	250	0.030257639784946406
1226	97	300	0.009660306451612977
1226	97	350	-0.005375360215053619
1226	97	400	-0.010348860215053657
1226	97	450	0.02980830645161303
1226	97	500	0.008178973118279753
1226	97	550	0.02880913978494637
1226	97	600	0.09551680645161313
1226	97	650	0.09797530645161305
1226	97	700	0.10470497311827971
1226	97	750	0.12182363978494637
1226	97	800	0.08796930645161309
1226	97	850	0.09640747311827964
1226	97	900	0.026635639784946392
1226	97	950	0.061817639784946365
1226	97	1e3	0.001338306451613036
1226	97	1050	0.053350139784946515
1226	97	1100	0.09207213978494637
1226	97	1150	-0.02604619354838696
1226	98	-200	0.002051633333333284
1226	98	-150	0.038289966666666585
1226	98	-100	-0.0030363666666666975
1226	98	-50	-6.520333333333758e-4
1226	98	0	-0.03665320000000016
1226	98	50	-0.020423866666666807
1226	98	100	0.026812633333333242
1226	98	150	-0.08638836666666672
1226	98	200	-0.029978200000000104
1226	98	250	-0.03493653333333343
1226	98	300	0.039548466666666636
1226	98	350	6.736333333331826e-4
1226	98	400	0.006795966666666524
1226	98	450	-0.024327200000000177
1226	98	500	0.012671966666666515
1226	98	550	0.06519146666666649
1226	98	600	-0.0018270809523810122
1226	98	650	-0.020465533333333452
1226	98	700	0.009897033333333295
1226	98	750	-0.021619652380952585
1226	98	800	-0.04389953333333348
1226	98	850	-0.03572236666666669
1226	98	900	-3.3700000000210416e-5
1226	98	950	-0.002878366666666743
1226	98	1e3	-0.006454866666666763
1226	98	1050	-0.033874033333333387
1226	98	1100	-0.044233533333333463
1226	98	1150	-0.04527120000000003
1226	99	-200	0.01791069124423959
1226	99	-150	0.007594215053763491
1226	99	-100	0.00979388172043009
1226	99	-50	-0.016760618279569945
1226	99	0	-0.021523284946236565
1226	99	50	-0.08235011827956991
1226	99	100	-0.04376761827956995
1226	99	150	-0.0035277849462366597
1226	99	200	0.01278871505376348
1226	99	250	-9.478494623656648e-5
1226	99	300	0.013117715053763431
1226	99	350	0.014767548387096818
1226	99	400	-0.04318678494623662
1226	99	450	-0.04693711827957
1226	99	500	0.04452188172043018
1226	99	550	0.022429381720430113
1226	99	600	0.03847188172043007
1226	99	650	0.06366904838709675
1226	99	700	0.038294215053763514
1226	99	750	0.06440921505376347
1226	99	800	0.03328321505376349
1226	99	850	0.03893871505376345
1226	99	900	0.011919881720430089
1226	99	950	-0.04065961827956991
1226	99	1e3	-0.019332951612903198
1226	99	1050	-0.016320118279569956
1226	99	1100	-0.040975618279569824
1226	99	1150	-0.025256118279569934
1226	100	-200	0.008110926267281129
1226	100	-150	0.04174885483870979
1226	100	-100	0.016536521505376323
1226	100	-50	-0.0127336451612902
1226	100	0	-0.055014478494623674
1226	100	50	-0.05289547849462369
1226	100	100	-0.048493478494623675
1226	100	150	-0.018081978494623563
1226	100	200	-0.053895978494623575
1226	100	250	-0.019714311827956948
1226	100	300	-0.012414811827957006
1226	100	350	-0.003648478494623649
1226	100	400	7.683548387096284e-4
1226	100	450	0.06980985483870976
1226	100	500	0.04100168817204305
1226	100	550	0.11078268817204306
1226	100	600	0.09952635483870975
1226	100	650	0.09369202150537641
1226	100	700	0.10854685483870978
1226	100	750	0.009637188172043102
1226	100	800	0.017455854838709668
1226	100	850	-0.018399978494623603
1226	100	900	0.0017266881720430227
1226	100	950	8.473548387097166e-4
1226	100	1e3	-0.011929811827956938
1226	100	1050	0.10315952150537644
1226	100	1100	0.021323188172042967
1226	100	1150	0.10121285483870975
1226	101	-200	2.7739631336398674e-4
1226	101	-150	-0.005489198924731209
1226	101	-100	0.016786634408602064
1226	101	-50	0.0029088010752686966
1226	101	0	-0.01452986559139798
1226	101	50	-0.029449198924731263
1226	101	100	-0.009988198924731165
1226	101	150	-0.02355653225806457
1226	101	200	-0.04191719892473126
1226	101	250	0.011707134408602085
1226	101	300	-0.03956286559139791
1226	101	350	-0.06760703225806448
1226	101	400	-0.0035890322580645804
1226	101	450	0.06172813440860211
1226	101	500	0.0306041344086021
1226	101	550	0.03732630107526883
1226	101	600	0.08607996774193542
1226	101	650	0.12555480107526865
1226	101	700	0.09273146774193546
1226	101	750	0.15607046774193542
1226	101	800	0.1140633010752689
1226	101	850	0.01779146774193537
1226	101	900	-0.012152365591397837
1226	101	950	NA
1226	101	1e3	NA
1226	101	1050	-0.3534970322580646
1226	101	1100	0.050682801075268756
1226	101	1150	0.04889746774193545
1226	102	-200	0.019640333333333333
1226	102	-150	0.002047166666666748
1226	102	-100	-0.041279500000000136
1226	102	-50	0.007356833333333368
1226	102	0	0.012235166666666686
1226	102	50	-0.02565010000000001
1226	102	100	NA
1226	102	150	NA
1226	102	200	NA
1226	102	250	-0.06173250000000019
1226	102	300	-0.08349174999999998
1226	102	350	-0.12990050000000006
1226	102	400	-0.150401
1226	102	450	-0.09293316666666669
1226	102	500	0.003878166666666664
1226	102	550	0.02476999999999996
1226	102	600	-0.0015261666666667544
1226	102	650	0.01592366666666667
1226	102	700	0.014923666666666557
1226	102	750	0.05797249999999998
1226	102	800	0.06279864285714291
1226	102	850	-0.0050200000000000244
1226	102	900	-0.004298333333333367
1226	102	950	-0.07041666666666664
1226	102	1e3	-0.06355583333333326
1226	102	1050	-0.04891833333333332
1226	102	1100	-0.10457933333333329
1226	102	1150	-0.10981433333333339
1226	104	-200	-0.0077268663594470665
1226	104	-150	-0.02795991397849466
1226	104	-100	0.003995586021505293
1226	104	-50	0.01791975268817203
1226	104	0	0.015059252688172023
1226	104	50	0.03908875268817188
1226	104	100	0.06273658602150523
1226	104	150	0.020625252688171985
1226	104	200	-0.01684124731182801
1226	104	250	0.0938459193548385
1226	104	300	0.06683658602150529
1226	104	350	0.04120325268817197
1226	104	400	0.010912252688171975
1226	104	450	0.07584741935483856
1226	104	500	0.03033058602150529
1226	104	550	0.05715258602150527
1226	104	600	0.14345425268817205
1226	104	650	0.11895508602150524
1226	104	700	0.20102508602150534
1226	104	750	0.16692775268817206
1226	104	800	0.11043391935483864
1226	104	850	0.14901025268817195
1226	104	900	NA
1226	104	950	NA
1226	104	1e3	NA
1226	104	1050	NA
1226	104	1100	NA
1226	104	1150	NA
1226	105	-200	-0.005040566666666635
1226	105	-150	-0.029133566666666704
1226	105	-100	0.02936760000000005
1226	105	-50	-0.012619233333333257
1226	105	0	0.017425766666666693
1226	105	50	0.03740210000000014
1226	105	100	0.06767893333333348
1226	105	150	0.04530626666666674
1226	105	200	0.029056600000000172
1226	105	250	0.02987110000000004
1226	105	300	-0.016538899999999874
1226	105	350	0.04209943333333347
1226	105	400	0.02347793333333348
1226	105	450	0.022004766666666658
1226	105	500	0.02573793333333348
1226	105	550	0.12577893333333345
1226	105	600	0.10423926666666687
1226	105	650	0.11879826666666678
1226	105	700	0.10387560000000014
1226	105	750	0.10812626666666669
1226	105	800	0.07567476666666684
1226	105	850	0.03858867142857157
1226	105	900	0.006154766666666663
1226	105	950	0.015054766666666794
1226	105	1e3	-0.019169899999999924
1226	105	1050	-0.03188256666666667
1226	105	1100	-0.010263066666666617
1226	105	1150	-0.026625233333333293
1226	106	-200	0.0015534654377878457
1226	106	-150	0.027990655913978424
1226	106	-100	-0.00972917741935501
1226	106	-50	0.016080322580645106
1226	106	0	-0.036154177419355005
1226	106	50	0.015706822580645003
1226	106	100	0.01606398924731171
1226	106	150	0.008585822580644923
1226	106	200	-0.011821344086021757
1226	106	250	-0.03776851075268839
1226	106	300	0.025112322580645035
1226	106	350	0.09760582258064503
1226	106	400	0.08295832258064502
1226	106	450	0.09659082258064496
1226	106	500	0.12260532258064501
1226	106	550	0.08738615591397829
1226	106	600	0.07448782258064497
1226	106	650	-0.021706677419354836
1226	106	700	NA
1226	106	750	NA
1226	106	800	NA
1226	106	850	0.16791098924731163
1226	106	900	0.04109998924731162
1226	106	950	0.054680322580645147
1226	106	1e3	0.09042092258064498
1226	106	1050	0.12541632258064483
1226	106	1100	NA
1226	106	1150	0.13170832258064502
1226	107	-200	-0.023294294930875585
1226	107	-150	-0.0065625806451611686
1226	107	-100	0.04121391935483879
1226	107	-50	0.01429091935483869
1226	107	0	-0.02176558064516132
1226	107	50	0.016897419354838645
1226	107	100	0.01766941935483879
1226	107	150	-0.028632247311827896
1226	107	200	-0.070553247311828
1226	107	250	0.009442252688172115
1226	107	300	0.0021897526881720086
1226	107	350	0.011528586021505452
1226	107	400	0.06538108602150539
1226	107	450	0.047197586021505256
1226	107	500	-0.06550158064516125
1226	107	550	0.07111541935483882
1226	107	600	0.11919325268817205
1226	107	650	0.08220358602150535
1226	107	700	0.09707925268817201
1226	107	750	0.10666941935483869
1226	107	800	0.12504875268817206
1226	107	850	0.07617658602150534
1226	107	900	0.0523659193548387
1226	107	950	0.01273241935483882
1226	107	1e3	0.05525508602150538
1226	107	1050	0.059713086021505525
1226	107	1100	-0.040318747311827906
1226	107	1150	0.06555758602150541
1226	108	-200	0.057374244239631125
1226	108	-150	-0.07761177956989267
1226	108	-100	0.00887655376344069
1226	108	-50	0.02969155376344072
1226	108	0	-0.027892946236559284
1226	108	50	0.016045053763440675
1226	108	100	-0.08770794623655931
1226	108	150	-0.12972877956989262
1226	108	200	-0.08986177956989268
1226	108	250	-0.07236811290322602
1226	108	300	-0.08098711290322602
1226	108	350	-0.06089494623655933
1226	108	400	0.011203220430107352
1226	108	450	0.06731155376344056
1226	108	500	0.13486955376344065
1226	108	550	0.07498938709677394
1226	108	600	0.08159038709677395
1226	108	650	-0.0035306129032259084
1226	108	700	-0.046712612903226036
1226	108	750	-0.06584494623655927
1226	108	800	NA
1226	108	850	NA
1226	108	900	NA
1226	108	950	NA
1226	108	1e3	-0.11630561290322594
1226	108	1050	-0.1269318129032259
1226	108	1100	-0.11403527956989261
1226	108	1150	-0.07457711290322606
1226	109	-200	0.041877755760368514
1226	109	-150	0.026641446236558952
1226	109	-100	-0.019833553763440943
1226	109	-50	-0.029314887096774322
1226	109	0	-0.02635038709677436
1226	109	50	-0.026868220430107614
1226	109	100	-0.013249720430107711
1226	109	150	-0.01671172043010764
1226	109	200	-0.016938053763441003
1226	109	250	0.014413112903225667
1226	109	300	0.03512677956989233
1226	109	350	-0.006030553763441156
1226	109	400	0.004574446236559042
1226	109	450	0.038163279569892294
1226	109	500	0.03685161290322577
1226	109	550	0.07738961290322566
1226	109	600	0.08941627956989236
1226	109	650	0.1131141129032256
1226	109	700	0.13369444623655893
1226	109	750	0.10500177956989232
1226	109	800	0.08485944623655899
1226	109	850	0.052367946236559014
1226	109	900	0.041263946236558935
1226	109	950	0.051948779569892224
1226	109	1e3	-0.0773553870967744
1226	109	1050	-0.056147887096774284
1226	109	1100	-0.04948038709677446
1226	109	1150	NA
1226	110	-200	-0.023899221198156732
1226	110	-150	-0.002088268817204364
1226	110	-100	0.024432231182795583
1226	110	-50	0.013925064516128923
1226	110	0	-0.008386602150537733
1226	110	50	-0.025037935483870937
1226	110	100	0.030705731182795626
1226	110	150	-0.004515935483871007
1226	110	200	0.004122564516128913
1226	110	250	0.06086423118279568
1226	110	300	0.03998739784946226
1226	110	350	0.05076606451612905
1226	110	400	0.08025906451612896
1226	110	450	0.11357339784946226
1226	110	500	0.1221078978494623
1226	110	550	0.1753617311827956
1226	110	600	0.22526289784946232
1226	110	650	0.21262539784946233
1226	110	700	0.15875639784946224
1226	110	750	0.10585089784946226
1226	110	800	0.021057731182795525
1226	110	850	-0.013144335483871039
1226	110	900	NA
1226	110	950	NA
1226	110	1e3	-0.2085514354838709
1226	110	1050	-0.15560226881720443
1226	110	1100	-0.22746993548387104
1226	110	1150	-0.08265276881720436
1226	111	-200	-0.022394666666666712
1226	111	-150	0.008913666666666709
1226	111	-100	0.05464899999999995
1226	111	-50	-0.04641283333333335
1226	111	0	0.005244833333333254
1226	111	50	0.00997050000000003
1226	111	100	0.042726166666666655
1226	111	150	0.012408499999999897
1226	111	200	-0.02491549999999994
1226	111	250	0.08778000000000004
1226	111	300	0.06987349999999999
1226	111	350	0.11347049999999996
1226	111	400	0.09294199999999993
1226	111	450	0.053891333333333215
1226	111	500	0.057006999999999954
1226	111	550	0.10344999999999997
1226	111	600	0.0591039999999999
1226	111	650	0.05541433333333331
1226	111	700	0.08709849999999997
1226	111	750	0.007575000000000036
1226	111	800	0.03822799999999993
1226	111	850	-0.018938333333333352
1226	111	900	0.00501133333333333
1226	111	950	0.0012603095238094472
1226	111	1e3	-0.048840833333333444
1226	111	1050	-0.03439433333333334
1226	111	1100	-0.03567483333333336
1226	111	1150	-0.019024500000000073
1226	112	-200	-0.0013135806451611515
1226	112	-150	3.774193548387779e-4
1226	112	-100	0.0010229193548388544
1226	112	-50	-0.007336913978494526
1226	112	0	0.0074690860215055705
1226	112	50	0.0018284193548389431
1226	112	100	-0.014441580645161212
1226	112	150	0.030056086021505484
1226	112	200	-0.004289913978494579
1226	112	250	8.491935483874909e-5
1226	112	300	-0.021871747311827876
1226	112	350	-0.07989341397849443
1226	112	400	-0.07643091397849451
1226	112	450	-0.11237941397849453
1226	112	500	0.004015252688172266
1226	112	550	-0.06019974731182779
1226	112	600	-0.027108247311827816
1226	112	650	0.01980258602150557
1226	112	700	0.028435419354838842
1226	112	750	0.061213919354838886
1226	112	800	0.02798491935483886
1226	112	850	-0.02456924731182782
1226	112	900	-0.08130108064516106
1226	112	950	-0.015455413978494517
1226	112	1e3	-0.024527580645161178
1226	112	1050	-0.050665247311827866
1226	112	1100	-0.022909247311827752
1226	112	1150	-0.05858858064516107
1226	113	-200	-0.0037242442396311836
1226	113	-150	0.008355279569892682
1226	113	-100	0.00717861290322593
1226	113	-50	9.997795698926855e-4
1226	113	0	-0.012188720430107361
1226	113	50	-0.0033337204301073786
1226	113	100	-0.017673387096774018
1226	113	150	0.025626946236559256
1226	113	200	0.05951044623655929
1226	113	250	0.02246311290322593
1226	113	300	0.07820461290322596
1226	113	350	0.06784727956989256
1226	113	400	0.05806244623655924
1226	113	450	-0.053778887096774065
1226	113	500	0.02680561290322599
1226	113	550	0.11918311290322599
1226	113	600	0.16450677956989268
1226	113	650	0.11502827956989255
1226	113	700	0.04973611290322596
1226	113	750	-0.07852155376344065
1226	113	800	-0.0796973870967741
1226	113	850	NA
1226	113	900	NA
1226	113	950	NA
1226	113	1e3	NA
1226	113	1050	-0.2334811370967741
1226	113	1100	-0.2256397204301074
1226	113	1150	-0.10363722043010741
1226	114	-200	0.031335881720430114
1226	114	-150	0.06910711981566824
1226	114	-100	0.016263215053763453
1226	114	-50	-0.035682451612903246
1226	114	0	-0.08441888018433172
1226	114	50	-0.03618765161290325
1226	114	100	0.07968354838709672
1226	114	150	0.048666715053763555
1226	114	200	0.09502688172043028
1226	114	250	0.03427138172043017
1226	114	300	-7.60451612903242e-4
1226	114	350	0.05005371505376351
1226	114	400	-0.07151228494623656
1226	114	450	-0.07198945161290315
1226	114	500	-0.07683588018433182
1226	114	550	-0.02709525161290314
1226	114	600	0.0352753817204301
1226	114	650	0.12997271505376343
1226	114	700	0.11831738172043016
1226	114	750	0.12551121505376353
1226	114	800	0.13449683410138258
1226	114	850	0.10669294838709682
1226	114	900	0.11196640552995392
1226	114	950	-0.007366451612903206
1226	114	1e3	-0.02444795161290318
1226	114	1050	-0.03162825161290321
1226	114	1100	-0.06516073732718881
1226	114	1150	-0.03586961827956984
1226	115	-200	0.06110338709677413
1226	115	-150	0.06547055376344087
1226	115	-100	-0.02603294623655909
1226	115	-50	-0.022573612903225754
1226	115	0	-0.08815127956989251
1226	115	50	-0.1546491129032257
1226	115	100	-0.13852394623655906
1226	115	150	-0.02296161290322581
1226	115	200	-0.003071612903225699
1226	115	250	-0.0461971129032257
1226	115	300	-0.006608779569892438
1226	115	350	0.09145388709677427
1226	115	400	0.08737588709677424
1226	115	450	0.061782387096774194
1226	115	500	0.07276622043010761
1226	115	550	0.1265968870967742
1226	115	600	0.18363305376344088
1226	115	650	0.14325605376344094
1226	115	700	0.012079887096774286
1226	115	750	0.04922088709677438
1226	115	800	-0.05386961290322575
1226	115	850	-0.02272327956989247
1226	115	900	NA
1226	115	950	NA
1226	115	1e3	NA
1226	115	1050	NA
1226	115	1100	NA
1226	115	1150	-0.1933839462365592
1226	116	-200	-0.021521599999999735
1226	116	-150	0.009045066666666823
1226	116	-100	-0.04113593333333313
1226	116	-50	0.016347733333333503
1226	116	0	0.03726473333333343
1226	116	50	-0.005562433333333135
1226	116	100	0.004713233333333437
1226	116	150	-0.030196599999999723
1226	116	200	7.556666666689675e-5
1226	116	250	0.08854273333333351
1226	116	300	0.10383756666666695
1226	116	350	0.06414140000000017
1226	116	400	0.05476173333333353
1226	116	450	0.07386606666666684
1226	116	500	0.1221357333333335
1226	116	550	0.1881947333333335
1226	116	600	0.17635206666666692
1226	116	650	0.13688673333333354
1226	116	700	0.09952220952380968
1226	116	750	0.002189566666666846
1226	116	800	0.018478566666666845
1226	116	850	-0.11540293333333329
1226	116	900	NA
1226	116	950	NA
1226	116	1e3	-0.18940793333333295
1226	116	1050	-0.13980293333333313
1226	116	1100	-0.03422659999999985
1226	116	1150	-0.14614507619047595
1226	117	-200	0.01570141474654387
1226	117	-150	-0.03060503763440862
1226	117	-100	0.0022071290322580595
1226	117	-50	-0.016732537634408517
1226	117	0	0.026812129032258047
1226	117	50	0.03138079569892479
1226	117	100	0.07547662903225809
1226	117	150	0.13674712903225794
1226	117	200	NA
1226	117	250	-0.07662887096774185
1226	117	300	0.02316029569892482
1226	117	350	0.09110398617511528
1226	117	400	0.02890296236559135
1226	117	450	0.046498629032258064
1226	117	500	0.049526629032258095
1226	117	550	0.1688951290322581
1226	117	600	0.23285212903225805
1226	117	650	0.23404584331797235
1226	117	700	0.13861312903225817
1226	117	750	0.09415196236559138
1226	117	800	0.07816112903225814
1226	117	850	0.06831429569892482
1226	117	900	0.0658434623655914
1226	117	950	0.023708129032258125
1226	117	1e3	0.022945295698924822
1226	117	1050	0.027547962365591355
1226	117	1100	-0.034821204301075305
1226	117	1150	-0.00879053763440855
1226	118	-200	-0.0011167004608293926
1226	118	-150	-0.003351795698924631
1226	118	-100	-0.004702462365591353
1226	118	-50	0.006366870967742096
1226	118	0	0.0029902043010753645
1226	118	50	0.010431037634408705
1226	118	100	0.01699653763440878
1226	118	150	0.04352570430107535
1226	118	200	0.02963303763440872
1226	118	250	-0.009781795698924567
1226	118	300	-0.02822212903225796
1226	118	350	-3.0429569892461333e-4
1226	118	400	0.06883320430107547
1226	118	450	0.04194053763440871
1226	118	500	0.025001370967742204
1226	118	550	0.09509770430107538
1226	118	600	0.07181887096774209
1226	118	650	0.16005653763440866
1226	118	700	0.08309687096774214
1226	118	750	-0.01637396236559126
1226	118	800	-0.06291762903225795
1226	118	850	-0.0584009623655913
1226	118	900	-0.1741491290322581
1226	118	950	NA
1226	118	1e3	NA
1226	118	1050	NA
1226	118	1100	-0.23595162903225808
1226	118	1150	-0.17989237903225797
1226	119	-200	0.034433792626728
1226	119	-150	0.016985102150537463
1226	119	-100	0.025232435483870663
1226	119	-50	-0.0688478978494625
1226	119	0	-0.013542397849462576
1226	119	50	-0.024490897849462605
1226	119	100	-0.020136564516129257
1226	119	150	-0.013453731182795803
1226	119	200	-0.07534523118279594
1226	119	250	-0.11010389784946255
1226	119	300	-0.06383039784946254
1226	119	350	-0.08730089784946264
1226	119	400	-0.05346189784946261
1226	119	450	-0.007447064516129161
1226	119	500	0.004486935483870728
1226	119	550	1.644354838707951e-4
1226	119	600	0.045929768817204085
1226	119	650	0.03427476881720418
1226	119	700	0.03074326881720409
1226	119	750	0.1517444354838707
1226	119	800	0.12475610215053738
1226	119	850	0.11075593548387082
1226	119	900	0.06964976881720404
1226	119	950	0.10242193548387075
1226	119	1e3	0.11118126881720418
1226	119	1050	0.0015186021505373404
1226	119	1100	NA
1226	119	1150	NA
1226	120	-200	-0.03251496774193553
1226	120	-150	-0.00931230107526885
1226	120	-100	0.011631198924731079
1226	120	-50	0.01739003225806446
1226	120	0	0.018225198924731068
1226	120	50	-0.03508613440860212
1226	120	100	-4.406344086021659e-4
1226	120	150	-0.043033967741935575
1226	120	200	-0.04114030107526889
1226	120	250	-0.02482946774193547
1226	120	300	-0.07227180107526891
1226	120	350	-0.10478696774193545
1226	120	400	-0.0797006344086022
1226	120	450	-0.13090963440860218
1226	120	500	-0.11263146774193555
1226	120	550	-0.07733413440860219
1226	120	600	-0.046946967741935484
1226	120	650	-0.07947346774193546
1226	120	700	-0.04518263440860223
1226	120	750	-0.026874801075268923
1226	120	800	0.031968032258064515
1226	120	850	-0.019516634408602258
1226	120	900	-0.07040530107526884
1226	120	950	-0.1084116344086022
1226	120	1e3	-0.042808134408602205
1226	120	1050	-0.01576146774193547
1226	120	1100	-0.015866134408602184
1226	120	1150	-0.034230301075268844
1226	121	-200	0.058792354838709864
1226	121	-150	0.036904688172043176
1226	121	-100	-0.06405864516129027
1226	121	-50	-0.02667147849462344
1226	121	0	-0.014765645161290161
1226	121	50	-0.022730645161290086
1226	121	100	-0.02169281182795683
1226	121	150	-0.0559808118279567
1226	121	200	-0.04276631182795687
1226	121	250	-0.0860786451612902
1226	121	300	0.055896188172043226
1226	121	350	0.12931085483870985
1226	121	400	0.1164471881720431
1226	121	450	0.13709985483870982
1226	121	500	0.14052502150537646
1226	121	550	0.18710052150537662
1226	121	600	0.2047160215053765
1226	121	650	0.17211302150537655
1226	121	700	0.1363751881720431
1226	121	750	0.13000602150537657
1226	121	800	0.04363368817204316
1226	121	850	0.017548521505376558
1226	121	900	-0.016423145161290176
1226	121	950	NA
1226	121	1e3	NA
1226	121	1050	NA
1226	121	1100	-0.19164964516129013
1226	121	1150	0.22557318817204322
1226	122	-200	0.055935875576036916
1226	122	-150	0.013282994623655972
1226	122	-100	-0.03821600537634399
1226	122	-50	-0.0642126720430108
1226	122	0	0.023887161290322572
1226	122	50	0.025622327956989377
1226	122	100	-0.043273672043010615
1226	122	150	-0.07778683870967747
1226	122	200	-0.07592067204301071
1226	122	250	-0.050061172043010714
1226	122	300	-0.04877700537634403
1226	122	350	-0.02104500537634409
1226	122	400	5.97161290322538e-4
1226	122	450	1.761612903226073e-4
1226	122	500	-0.014559672043010638
1226	122	550	0.04897016129032261
1226	122	600	0.16616966129032265
1226	122	650	0.13994466129032265
1226	122	700	0.13291932795698921
1226	122	750	0.11156399462365589
1226	122	800	0.02893682795698919
1226	122	850	-0.010499338709677453
1226	122	900	-0.06081017204301076
1226	122	950	-0.09178733870967748
1226	122	1e3	NA
1226	122	1050	NA
1226	122	1100	NA
1226	122	1150	NA
1226	123	-200	0.0327497281105991
1226	123	-150	0.014345204301075368
1226	123	-100	0.036353037634408635
1226	123	-50	-0.06008296236559141
1226	123	0	-0.02882329569892465
1226	123	50	-0.028141962365591338
1226	123	100	-0.053135129032258
1226	123	150	-0.05910279569892459
1226	123	200	-0.09921696236559126
1226	123	250	-0.13223696236559124
1226	123	300	-0.12622896236559136
1226	123	350	-0.07891179569892463
1226	123	400	-0.08966646236559132
1226	123	450	-0.08584862903225798
1226	123	500	-0.07846296236559132
1226	123	550	-0.026437962365591334
1226	123	600	-0.012833629032257932
1226	123	650	0.02210687096774196
1226	123	700	0.041265704301075345
1226	123	750	0.06352087096774202
1226	123	800	0.028239204301075294
1226	123	850	-0.019734795698924595
1226	123	900	0.008961037634408772
1226	123	950	-6.77462365591334e-4
1226	123	1e3	-0.049234129032258066
1226	123	1050	-0.06688946236559135
1226	123	1100	NA
1226	123	1150	NA
1226	124	-200	0.00742773333333339
1226	124	-150	0.03274040000000008
1226	124	-100	0.010374566666666732
1226	124	-50	-0.022357599999999866
1226	124	0	-0.02818509999999989
1226	124	50	-0.08842259999999984
1226	124	100	-0.008776433333333186
1226	124	150	-0.02155409999999991
1226	124	200	-0.011965766666666525
1226	124	250	-0.0729590999999999
1226	124	300	-0.11070859999999993
1226	124	350	-0.11475993333333327
1226	124	400	-0.1015172666666666
1226	124	450	-0.02347093333333324
1226	124	500	-0.03246376666666658
1226	124	550	-0.045667599999999885
1226	124	600	-0.005348933333333268
1226	124	650	-0.07852526666666648
1226	124	700	-0.10640243333333325
1226	124	750	-0.10575343333333313
1226	124	800	-0.23614476666666642
1226	124	850	-0.2527287333333332
1226	124	900	NA
1226	124	950	NA
1226	124	1e3	NA
1226	124	1050	NA
1226	124	1100	NA
1226	124	1150	NA
1226	125	-200	0.02212622119815658
1226	125	-150	0.020561435483870866
1226	125	-100	-0.039004231182795834
1226	125	-50	-0.01272006451612917
1226	125	0	0.005348935483870869
1226	125	50	-0.08946623118279584
1226	125	100	0.026651768817204175
1226	125	150	0.019712268817204077
1226	125	200	0.04289293548387089
1226	125	250	0.07066443548387087
1226	125	300	0.07196426881720412
1226	125	350	0.037729102150537486
1226	125	400	0.06324410215053751
1226	125	450	0.1486357688172042
1226	125	500	0.13091676881720415
1226	125	550	0.1792124354838708
1226	125	600	0.16216026881720422
1226	125	650	0.06881860215053755
1226	125	700	0.04142410215053749
1226	125	750	0.01912710215053755
1226	125	800	-0.02332973118279587
1226	125	850	-0.13228906451612912
1226	125	900	-0.0580477311827959
1226	125	950	-0.056647731182795834
1226	125	1e3	-0.09245056451612917
1226	125	1050	-0.1004837311827959
1226	125	1100	-0.13602681451612908
1226	125	1150	NA
1226	126	-200	NA
1226	126	-150	NA
1226	126	-100	0.39305824999999994
1226	126	-50	-0.0920278500000002
1226	126	0	-0.06519545000000013
1226	126	50	-0.051659821428571666
1226	126	100	0.025498349999999715
1226	126	150	0.002230583333333147
1226	126	200	0.022365249999999854
1226	126	250	0.030772249999999834
1226	126	300	-0.053612083333333484
1226	126	350	-0.021938107142857266
1226	126	400	-0.2039385833333335
1226	126	450	0.02396374999999984
1226	126	500	0.0788334166666665
1226	126	550	-0.14752791666666684
1226	126	600	-0.11005491666666689
1226	126	650	-0.028365416666666848
1226	126	700	-0.05706725000000016
1226	126	750	-0.05008541666666688
1226	126	800	-0.022935916666666945
1226	126	850	0.10011374999999978
1226	126	900	-0.0810715833333336
1226	126	950	-0.09379908333333353
1226	126	1e3	-0.04040941666666694
1226	126	1050	-0.19771691666666694
1226	126	1100	-0.22808741666666688
1226	126	1150	-0.19727591666666688
1226	127	-200	-0.04185329953917031
1226	127	-150	-0.027624870967741726
1226	127	-100	-0.020605037634408463
1226	127	-50	0.03910346236559148
1226	127	0	0.057955295698924957
1226	127	50	0.03559329569892489
1226	127	100	-0.05849270430107508
1226	127	150	-0.0027025376344084564
1226	127	200	-0.010570370967741752
1226	127	250	6.53462365591532e-4
1226	127	300	0.05799046236559158
1226	127	350	0.024490295698924875
1226	127	400	0.0496746290322582
1226	127	450	0.20466546236559155
1226	127	500	0.15369912903225816
1226	127	550	0.15345712903225828
1226	127	600	0.06953072903225825
1226	127	650	0.1549852956989249
1226	127	700	0.1148085290322582
1226	127	750	0.012182629032258196
1226	127	800	0.014339629032258236
1226	127	850	-0.03856687096774166
1226	127	900	0.010161129032258298
1226	127	950	-0.056330870967741774
1226	127	1e3	-0.17958220430107508
1226	127	1050	NA
1226	127	1100	NA
1226	127	1150	NA
1226	128	-200	-0.016771908045976874
1226	128	-150	0.02900359195402317
1226	128	-100	-0.023671908045976926
1226	128	-50	-0.00579640804597692
1226	128	0	0.020683958620689856
1226	128	50	0.09411175862068966
1226	128	100	-0.03212207471264361
1226	128	150	0.026192758620689816
1226	128	200	-0.05506774137931029
1226	128	250	-0.03772290804597689
1226	128	300	0.0827422586206897
1226	128	350	0.07986559195402314
1226	128	400	0.16752542528735637
1226	128	450	0.06015775862068976
1226	128	500	0.048334258620689706
1226	128	550	0.03183775862068979
1226	128	600	0.20173392528735645
1226	128	650	0.29399042528735647
1226	128	700	0.19878425862068974
1226	128	750	0.1865102586206898
1226	128	800	0.10863092528735645
1226	128	850	0.21823742528735654
1226	128	900	0.09890092528735635
1226	128	950	0.15177459195402312
1226	128	1e3	0.07044409195402308
1226	128	1050	-0.02819424137931022
1226	128	1100	NA
1226	128	1150	NA
1226	129	-200	0.007303852534562338
1226	129	-150	-0.005473290322580482
1226	129	-100	0.009344543010752826
1226	129	-50	0.010266376344086225
1226	129	0	-0.022658790322580558
1226	129	50	0.016062543010752828
1226	129	100	0.040642043010752804
1226	129	150	0.06567254301075283
1226	129	200	0.05472237634408613
1226	129	250	0.10364804301075277
1226	129	300	0.0528603763440861
1226	129	350	0.008710543010752877
1226	129	400	-0.010335123655913788
1226	129	450	0.026741543010752784
1226	129	500	0.0405345430107528
1226	129	550	0.11455354301075286
1226	129	600	0.15001920967741947
1226	129	650	0.15757120967741942
1226	129	700	0.09155754301075285
1226	129	750	-0.06969095698924728
1226	129	800	-0.19215745698924724
1226	129	850	-0.2625827903225806
1226	129	900	NA
1226	129	950	NA
1226	129	1e3	NA
1226	129	1050	NA
1226	129	1100	NA
1226	129	1150	NA
1226	130	-200	-0.03534961751152072
1226	130	-150	-0.0021410698924732388
1226	130	-100	-0.04015556989247308
1226	130	-50	0.03915743010752689
1226	130	0	0.04438043010752694
1226	130	50	0.07162393010752677
1226	130	100	0.08013593010752684
1226	130	150	0.08882276344086026
1226	130	200	0.09598293010752694
1226	130	250	0.0937449301075269
1226	130	300	0.07799643010752681
1226	130	350	0.10722576344086021
1226	130	400	0.0840947634408602
1226	130	450	0.1047859301075269
1226	130	500	0.1637955967741936
1226	130	550	0.14382926344086022
1226	130	600	0.1485489301075269
1226	130	650	0.18679443010752683
1226	130	700	0.2635537634408603
1226	130	750	0.22402193010752688
1226	130	800	0.13484193010752676
1226	130	850	0.1255145967741936
1226	130	900	0.07268809677419348
1226	130	950	0.00742659677419355
1226	130	1e3	0.027623930107526878
1226	130	1050	0.01846859677419362
1226	130	1100	-0.012076069892473193
1226	130	1150	-0.02129306989247315
1226	131	-200	0.0971672396313364
1226	131	-150	-0.08946673655913988
1226	131	-100	-0.020038236559139905
1226	131	-50	-0.0015589032258065405
1226	131	0	-0.0022979032258065857
1226	131	50	0.1866819301075268
1226	131	100	0.06952909677419343
1226	131	150	-0.043147069892473265
1226	131	200	-0.01025050322580654
1226	131	250	-0.10415473655913991
1226	131	300	-0.0477445698924733
1226	131	350	-0.03915790322580648
1226	131	400	0.1528054301075267
1226	131	450	0.13082743010752682
1226	131	500	0.041955763440860126
1226	131	550	0.06441709677419342
1226	131	600	0.19796026344086007
1226	131	650	0.16119549677419345
1226	131	700	0.30158826344086004
1226	131	750	0.18957876344086003
1226	131	800	0.09494709677419344
1226	131	850	-0.03448056989247328
1226	131	900	-0.05862056989247325
1226	131	950	0.06744059677419341
1226	131	1e3	0.07846276344086012
1226	131	1050	-0.10497490322580649
1226	131	1100	NA
1226	131	1150	NA
1226	132	-200	0.02867371428571421
1226	132	-150	-0.1246614
1226	132	-100	-0.08749820000000011
1226	132	-50	-0.011027800000000098
1226	132	0	0.22880524999999985
1226	132	50	0.25634083333333324
1226	132	100	0.02283199999999992
1226	132	150	0.03977549999999989
1226	132	200	-0.0015378333333334233
1226	132	250	0.10896819999999989
1226	132	300	0.06731799999999985
1226	132	350	-0.02277333333333346
1226	132	400	0.06028839999999987
1226	132	450	0.0958704999999999
1226	132	500	0.09390633333333327
1226	132	550	0.13920159999999981
1226	132	600	0.13835999999999982
1226	132	650	0.2652256666666666
1226	132	700	0.2136673333333333
1226	132	750	0.293896
1226	132	800	0.18046733333333323
1226	132	850	0.06526383333333323
1226	132	900	0.053503833333333306
1226	132	950	0.19361799999999996
1226	132	1e3	0.03854639999999989
1226	132	1050	NA
1226	132	1100	NA
1226	132	1150	NA
1226	133	-200	-0.03652917511520729
1226	133	-150	-0.018466032258064462
1226	133	-100	0.05957913440860215
1226	133	-50	-0.004721365591397797
1226	133	0	0.006225634408602243
1226	133	50	0.014429301075268816
1226	133	100	0.06506713440860216
1226	133	150	0.10308430107526889
1226	133	200	0.05189830107526886
1226	133	250	0.01426063440860211
1226	133	300	0.005639967741935499
1226	133	350	0.05618530107526887
1226	133	400	0.08485963440860211
1226	133	450	0.13473546774193554
1226	133	500	0.1662588010752688
1226	133	550	0.13448346774193545
1226	133	600	0.2507614677419356
1226	133	650	0.24227796774193547
1226	133	700	0.1989598010752689
1226	133	750	0.21205630107526882
1226	133	800	0.0941999677419354
1226	133	850	0.04394630107526883
1226	133	900	-0.04205436559139786
1226	133	950	-0.019157198924731222
1226	133	1e3	-0.06862403225806439
1226	133	1050	-0.009781698924731167
1226	133	1100	0.012024134408602135
1226	133	1150	0.007074967741935427
1226	134	-200	NA
1226	134	-150	NA
1226	134	-100	NA
1226	134	-50	NA
1226	134	0	NA
1226	134	50	NA
1226	134	100	NA
1226	134	150	NA
1226	134	200	NA
1226	134	250	NA
1226	134	300	NA
1226	134	350	NA
1226	134	400	NA
1226	134	450	NA
1226	134	500	NA
1226	134	550	NA
1226	134	600	NA
1226	134	650	NA
1226	134	700	NA
1226	134	750	NA
1226	134	800	NA
1226	134	850	NA
1226	134	900	NA
1226	134	950	NA
1226	134	1e3	NA
1226	134	1050	NA
1226	134	1100	NA
1226	134	1150	NA
1226	135	-200	0.01861644700460812
1226	135	-150	0.041892661290322396
1226	135	-100	-0.005121338709677496
1226	135	-50	0.014917494623655806
1226	135	0	-0.07340800537634425
1226	135	50	-0.021997172043010844
1226	135	100	-0.07935550537634432
1226	135	150	-0.05356083870967754
1226	135	200	-0.04102083870967754
1226	135	250	-0.08164400537634431
1226	135	300	-0.09627850537634426
1226	135	350	0.010338827956989075
1226	135	400	-0.05863517204301094
1226	135	450	-0.0614845053763442
1226	135	500	0.004156327956989096
1226	135	550	0.08475449462365574
1226	135	600	0.013771161290322484
1226	135	650	-0.08752617204301087
1226	135	700	-0.056806338709677474
1226	135	750	-0.11894667204301086
1226	135	800	-0.03987367204301092
1226	135	850	-0.08145017204301082
1226	135	900	-0.15485383870967753
1226	135	950	-0.1257470053763443
1226	135	1e3	-0.09960550537634434
1226	135	1050	-0.11152000537634417
1226	135	1100	-0.17096183870967754
1226	135	1150	-0.13663433870967756
1226	136	-200	2.9519892473114e-4
1226	136	-150	-0.032387467741935495
1226	136	-100	0.026481746543778772
1226	136	-50	-0.03446956774193559
1226	136	0	0.025647032258064355
1226	136	50	0.08806963225806444
1226	136	100	0.06577960368663589
1226	136	150	0.08184303225806448
1226	136	200	0.11439519892473116
1226	136	250	0.10726819892473127
1226	136	300	0.0876083655913978
1226	136	350	0.07265986559139777
1226	136	400	0.11381586559139782
1226	136	450	0.10595669892473114
1226	136	500	0.19304319892473112
1226	136	550	0.2175318655913978
1226	136	600	0.1236663655913978
1226	136	650	0.16500319892473114
1226	136	700	0.09905586559139778
1226	136	750	0.038248365591397805
1226	136	800	-0.0297387677419354
1226	136	850	-0.13819996774193566
1226	136	900	NA
1226	136	950	NA
1226	136	1e3	0.08993303225806448
1226	136	1050	0.004376698924731137
1226	136	1100	-0.03492963440860223
1226	136	1150	-0.011903467741935478
1226	137	-200	0.04373299539170507
1226	137	-150	-0.06940229032258068
1226	137	-100	-0.007804623655913945
1226	137	-50	-0.01025512365591393
1226	137	0	0.03644020967741931
1226	137	50	0.10576220967741941
1226	137	100	-0.09807795698924722
1226	137	150	-0.037173290322580585
1226	137	200	-0.11916795698924727
1226	137	250	0.0037338763440860254
1226	137	300	-0.1629442903225807
1226	137	350	0.10788004301075271
1226	137	400	0.0437867096774193
1226	137	450	-0.013791623655913984
1226	137	500	-0.04560995698924727
1226	137	550	0.011170709677419325
1226	137	600	0.04753754301075267
1226	137	650	0.05687604301075274
1226	137	700	-0.011327123655913965
1226	137	750	0.012285876344085992
1226	137	800	-0.045135623655914024
1226	137	850	-0.06938245698924723
1226	137	900	-0.10869029032258067
1226	137	950	-0.2172654569892473
1226	137	1e3	-0.18362512365591402
1226	137	1050	-0.15398545698924737
1226	137	1100	-0.18118812365591394
1226	137	1150	-0.31462762365591396
1226	138	-200	0.06382935023041465
1226	138	-150	0.008454064516128993
1226	138	-100	-0.019730735483870988
1226	138	-50	0.0018854930875575246
1226	138	0	-0.06867910215053767
1226	138	50	-0.06298426881720443
1226	138	100	-0.05931393548387106
1226	138	150	-0.06619110215053763
1226	138	200	-0.09762226881720437
1226	138	250	-0.044444102150537734
1226	138	300	-0.10130993548387099
1226	138	350	-0.05401443548387097
1226	138	400	0.03934735023041469
1226	138	450	0.009646564516128922
1226	138	500	0.16852089784946234
1226	138	550	0.213471564516129
1226	138	600	0.22989086451612897
1226	138	650	0.17114673118279566
1226	138	700	0.08595189784946237
1226	138	750	0.04704223118279568
1226	138	800	0.047768064516128916
1226	138	850	0.06321206451612893
1226	138	900	0.020864731182795637
1226	138	950	-0.010985602150537677
1226	138	1e3	-0.13478093548387102
1226	138	1050	NA
1226	138	1100	NA
1226	138	1150	NA
1226	139	-200	-0.009826165898617336
1226	139	-150	0.03236488172043021
1226	139	-100	0.023323715053763443
1226	139	-50	-0.01405528494623646
1226	139	0	-0.030169451612903114
1226	139	50	0.024676881720430217
1226	139	100	0.04394404838709698
1226	139	150	0.015915048387096824
1226	139	200	0.0253415483870969
1226	139	250	0.015094215053763552
1226	139	300	-0.05711128494623652
1226	139	350	0.08000088172043036
1226	139	400	0.12212971505376354
1226	139	450	0.061900381720430143
1226	139	500	0.035063881720430144
1226	139	550	0.10795154838709682
1226	139	600	0.13997504838709687
1226	139	650	0.16069771505376348
1226	139	700	0.054755381720430187
1226	139	750	0.12386504838709704
1226	139	800	0.051184215053763506
1226	139	850	0.021581381720430226
1226	139	900	-0.07509211827956978
1226	139	950	-0.07613511827956976
1226	139	1e3	-0.09610665161290308
1226	139	1050	NA
1226	139	1100	NA
1226	139	1150	NA
1226	140	-200	0.10314986666666666
1226	140	-150	-0.011428466666666562
1226	140	-100	-0.032901299999999876
1226	140	-50	-0.013693299999999908
1226	140	0	-0.045126799999999946
1226	140	50	-0.019386799999999926
1226	140	100	-0.05121796666666678
1226	140	150	-0.002066466666666692
1226	140	200	0.007977033333333402
1226	140	250	0.02095586666666664
1226	140	300	-0.028539299999999972
1226	140	350	-0.001983300000000021
1226	140	400	0.045896033333333364
1226	140	450	0.08921836666666676
1226	140	500	0.056606199999999975
1226	140	550	0.10366203333333342
1226	140	600	0.14682620000000016
1226	140	650	0.20148486666666673
1226	140	700	0.17245220000000003
1226	140	750	0.13136853333333334
1226	140	800	0.03272570000000008
1226	140	850	-0.0940466333333333
1226	140	900	NA
1226	140	950	NA
1226	140	1e3	NA
1226	140	1050	NA
1226	140	1100	NA
1226	140	1150	NA
