Subject	TrialId	bin	pupil_change
1234	2	-200	0.07916325268817204
1234	2	-150	0.047552562211981515
1234	2	-100	0.008116752688172099
1234	2	-50	-0.05621858064516139
1234	2	0	-0.08653941397849467
1234	2	50	-0.1209780806451614
1234	2	100	-0.14440558064516132
1234	2	150	-0.18845941397849475
1234	2	200	-0.2217962473118281
1234	2	250	-0.248402747311828
1234	2	300	-0.1910687473118279
1234	2	350	-0.18257608064516143
1234	2	400	-0.1466202473118281
1234	2	450	-0.11197991397849472
1234	2	500	-0.056024080645161366
1234	2	550	-0.012608413978494623
1234	2	600	0.033534919354838655
1234	2	650	0.06645075268817198
1234	2	700	0.03057575268817203
1234	2	750	-0.06739324731182801
1234	2	800	-0.15374741397849467
1234	2	850	-0.157593247311828
1234	2	900	-0.22440974731182797
1234	2	950	-0.25599841397849477
1234	2	1e3	-0.3612555806451614
1234	2	1050	NA
1234	2	1100	NA
1234	2	1150	-0.5008843306451614
1234	3	-200	-0.07139547465437777
1234	3	-150	-0.019641569892472788
1234	3	-100	0.002104930107526807
1234	3	-50	0.0439664301075271
1234	3	0	0.05686493010752732
1234	3	50	0.09820959677419368
1234	3	100	0.1178737634408605
1234	3	150	0.15399743010752687
1234	3	200	0.17845059677419384
1234	3	250	0.1772449301075271
1234	3	300	0.18545659677419377
1234	3	350	0.13932793010752706
1234	3	400	0.10623559677419377
1234	3	450	0.0755300967741938
1234	3	500	0.05314843010752712
1234	3	550	0.061004763440860664
1234	3	600	0.07774176344086052
1234	3	650	0.05314826344086043
1234	3	700	0.021841096774193918
1234	3	750	-0.0410355032258062
1234	3	800	NA
1234	3	850	-0.3153004032258062
1234	3	900	-0.18165940322580618
1234	3	950	-0.2870839032258063
1234	3	1e3	-0.2667052365591396
1234	3	1050	-0.2577247365591397
1234	3	1100	-0.23995856989247275
1234	3	1150	-0.2198717365591397
1234	4	-200	0.04000765898617521
1234	4	-150	0.029211182795699047
1234	4	-100	-0.0012171505376342335
1234	4	-50	-0.03236565053763426
1234	4	0	-0.04230398387096764
1234	4	50	-0.04242165053763417
1234	4	100	-0.07424815053763438
1234	4	150	-0.08822348387096761
1234	4	200	-0.10616581720430096
1234	4	250	-0.058180150537634256
1234	4	300	-0.07839715053763426
1234	4	350	-0.05440281720430096
1234	4	400	-0.039828483870967636
1234	4	450	-0.035181150537634265
1234	4	500	0.030695682795699158
1234	4	550	0.061395182795698965
1234	4	600	0.11423151612903244
1234	4	650	0.1637753494623658
1234	4	700	0.08772418279569916
1234	4	750	NA
1234	4	800	NA
1234	4	850	0.17409218279569907
1234	4	900	0.07591368279569906
1234	4	950	0.05744851612903242
1234	4	1e3	0.10368251612903238
1234	4	1050	0.16357068279569908
1234	4	1100	0.19172718279569909
1234	4	1150	0.2428900161290323
1234	5	-200	0.030834700000000142
1234	5	-150	0.014158533333333537
1234	5	-100	-0.03488013333333321
1234	5	-50	-9.067999999998744e-4
1234	5	0	-0.009206299999999853
1234	5	50	-0.024138466666666487
1234	5	100	0.0018128666666668753
1234	5	150	0.0040208666666669375
1234	5	200	-0.005444633333333264
1234	5	250	-0.041032633333333145
1234	5	300	-0.027913633333333188
1234	5	350	-0.055202133333333236
1234	5	400	-0.10282129999999985
1234	5	450	-0.09740779999999982
1234	5	500	-0.09752229999999991
1234	5	550	-0.10224563333333318
1234	5	600	-0.11261496666666664
1234	5	650	-0.09612129999999985
1234	5	700	-0.05148213333333307
1234	5	750	-0.014058966666666542
1234	5	800	0.02335770000000026
1234	5	850	0.036402200000000016
1234	5	900	-0.02279679999999984
1234	5	950	-0.01774546666666647
1234	5	1e3	0.03244636666666678
1234	5	1050	0.04376253333333343
1234	5	1100	0.09005036666666677
1234	5	1150	0.01750326666666684
1234	6	-200	0.03209888479262687
1234	6	-150	-0.010625258064516085
1234	6	-100	-0.018190758064515977
1234	6	-50	4.424086021506864e-4
1234	6	0	-0.00907509139784938
1234	6	50	0.016727575268817185
1234	6	100	0.07571424193548393
1234	6	150	0.142252241935484
1234	6	200	0.11546674193548394
1234	6	250	0.16558107526881724
1234	6	300	0.17174907526881733
1234	6	350	0.11690207526881724
1234	6	400	0.08039207526881727
1234	6	450	0.14301824193548396
1234	6	500	0.09027057526881725
1234	6	550	0.13914390860215073
1234	6	600	0.10441924193548398
1234	6	650	0.13350040860215065
1234	6	700	0.11110840860215054
1234	6	750	0.08575807526881725
1234	6	800	0.12404240860215061
1234	6	850	0.051214908602150576
1234	6	900	0.03419574193548384
1234	6	950	-0.21289525806451626
1234	6	1e3	NA
1234	6	1050	0.00917774193548393
1234	6	1100	-0.14825125806451603
1234	6	1150	-0.09059859139784938
1234	7	-200	0.021708350230414793
1234	7	-150	0.0010233978494623337
1234	7	-100	-0.02305710215053769
1234	7	-50	-0.011395268817204244
1234	7	0	0.008102564516129082
1234	7	50	0.03267256451612899
1234	7	100	0.0377008978494624
1234	7	150	-0.00791743548387099
1234	7	200	-0.027938768817204213
1234	7	250	-0.012503602150537585
1234	7	300	-0.03343910215053766
1234	7	350	-0.0629021021505376
1234	7	400	-0.03538343548387105
1234	7	450	0.005362897849462422
1234	7	500	-0.023303102150537585
1234	7	550	0.026136397849462274
1234	7	600	0.08927989784946244
1234	7	650	0.10126773118279571
1234	7	700	0.10736973118279576
1234	7	750	0.1711607311827957
1234	7	800	0.12084989784946232
1234	7	850	0.11342206451612895
1234	7	900	0.06527139784946241
1234	7	950	0.11481073118279572
1234	7	1e3	0.1944897311827957
1234	7	1050	0.2035007311827958
1234	7	1100	0.21003806451612897
1234	7	1150	0.23454039784946232
1234	8	-200	-0.04725878341013834
1234	8	-150	-0.04397802150537644
1234	8	-100	-0.006242521505376593
1234	8	-50	0.02246247849462361
1234	8	0	0.0828933118279569
1234	8	50	0.10548347849462354
1234	8	100	0.2018783118279568
1234	8	150	0.24396397849462356
1234	8	200	0.33124247849462346
1234	8	250	0.35450631182795683
1234	8	300	0.3755796451612902
1234	8	350	0.41011681182795684
1234	8	400	0.4287354784946235
1234	8	450	0.41200147849462354
1234	8	500	0.5076388118279569
1234	8	550	0.5085581451612902
1234	8	600	0.4644873118279569
1234	8	650	0.4969374784946236
1234	8	700	0.4286201451612901
1234	8	750	0.32568247849462345
1234	8	800	0.27647531182795676
1234	8	850	0.19889264516129015
1234	8	900	0.2105066451612901
1234	8	950	0.15459314516129016
1234	8	1e3	0.15509781182795676
1234	8	1050	0.11682014516129018
1234	8	1100	0.11280531182795683
1234	8	1150	0.13763247849462337
1234	9	-200	0.02225191397849476
1234	9	-150	0.0015541520737330267
1234	9	-100	6.620806451612301e-4
1234	9	-50	0.0014797473118282056
1234	9	0	-0.026206919354838504
1234	9	50	-0.03446841935483865
1234	9	100	-0.05245825268817169
1234	9	150	-0.07039325268817187
1234	9	200	-0.08095325268817193
1234	9	250	-0.09225241935483863
1234	9	300	-0.12175458602150517
1234	9	350	-0.1724545860215052
1234	9	400	-0.17506458602150513
1234	9	450	-0.21116958602150512
1234	9	500	-0.19612741935483857
1234	9	550	-0.20667291935483853
1234	9	600	-0.18456125268817192
1234	9	650	-0.17687191935483856
1234	9	700	-0.19527091935483862
1234	9	750	-0.2641935860215053
1234	9	800	-0.33022391935483847
1234	9	850	-0.39815625268817184
1234	9	900	-0.42271375268817196
1234	9	950	-0.44919758602150517
1234	9	1e3	-0.4674830860215053
1234	9	1050	-0.48162121935483854
1234	9	1100	-0.38201956221198147
1234	9	1150	-0.506193252688172
1234	10	-200	-0.0067687281105990316
1234	10	-150	-0.002893037634408513
1234	10	-100	-0.007342370967741818
1234	10	-50	0.006401962365591467
1234	10	0	0.011730295698924698
1234	10	50	-0.0010040376344087054
1234	10	100	-0.006492537634408639
1234	10	150	-0.029864704301075278
1234	10	200	-0.003589204301075233
1234	10	250	0.03912412903225815
1234	10	300	0.008759295698924715
1234	10	350	0.026090962365591386
1234	10	400	0.013496629032258086
1234	10	450	0.03973079569892479
1234	10	500	0.0017206290322581512
1234	10	550	-0.046502870967741895
1234	10	600	-0.01663653763440857
1234	10	650	-0.06985303763440857
1234	10	700	-0.09490420430107512
1234	10	750	-0.13706853763440865
1234	10	800	-0.15577137096774182
1234	10	850	-0.2663150376344086
1234	10	900	-0.3143858709677419
1234	10	950	-0.34967120430107523
1234	10	1e3	-0.28584437096774185
1234	10	1050	-0.3356072043010752
1234	10	1100	-0.383449370967742
1234	10	1150	-0.3693042043010753
1234	11	-200	-0.002293733333333492
1234	11	-150	0.0040255999999998515
1234	11	-100	0.01702443333333307
1234	11	-50	0.008452933333333116
1234	11	0	-0.027209233333333433
1234	11	50	-0.04352006666666678
1234	11	100	-0.05091140000000031
1234	11	150	-0.06391923333333345
1234	11	200	-0.06495106666666683
1234	11	250	-0.09105540000000019
1234	11	300	-0.12405573333333357
1234	11	350	-0.12291373333333351
1234	11	400	-0.1529189000000001
1234	11	450	-0.1395165666666668
1234	11	500	-0.12575356666666693
1234	11	550	-0.09550706666666686
1234	11	600	-0.07460073333333354
1234	11	650	-0.07283206666666679
1234	11	700	-0.0801367333333336
1234	11	750	-0.1449415666666669
1234	11	800	-0.20866706666666687
1234	11	850	-0.25595873333333347
1234	11	900	-0.22135806666666688
1234	11	950	-0.23636240000000028
1234	11	1e3	-0.29309423333333356
1234	11	1050	-0.31895050000000025
1234	11	1100	NA
1234	11	1150	NA
1234	12	-200	-0.021945534562212186
1234	12	-150	-0.011886344086021664
1234	12	-100	-0.010645844086021686
1234	12	-50	0.005991655913978322
1234	12	0	0.04214365591397836
1234	12	50	0.07277432258064491
1234	12	100	0.08571365591397824
1234	12	150	0.11985265591397816
1234	12	200	0.13283648924731165
1234	12	250	0.11837432258064506
1234	12	300	0.1676114892473115
1234	12	350	0.2346921559139782
1234	12	400	0.22707698924731168
1234	12	450	0.29964648924731163
1234	12	500	0.360998322580645
1234	12	550	0.3667296559139783
1234	12	600	0.4068086559139783
1234	12	650	0.4345268225806449
1234	12	700	0.37786082258064496
1234	12	750	0.36759082258064496
1234	12	800	0.36012698924731157
1234	12	850	0.32652348924731167
1234	12	900	0.3183361559139783
1234	12	950	0.354893322580645
1234	12	1e3	0.3286581559139783
1234	12	1050	0.331321322580645
1234	12	1100	0.4116946559139783
1234	12	1150	0.39110165591397816
1234	13	-200	-0.047667654377880196
1234	13	-150	-0.030754559139784865
1234	13	-100	-0.018643559139784882
1234	13	-50	0.02043494086021506
1234	13	0	0.084575440860215
1234	13	50	0.13910044086021514
1234	13	100	0.17447294086021503
1234	13	150	0.1739817741935484
1234	13	200	0.19990210752688173
1234	13	250	0.22654660752688174
1234	13	300	0.2787984408602151
1234	13	350	0.22180844086021514
1234	13	400	0.2016816075268817
1234	13	450	0.2030862741935485
1234	13	500	0.17381244086021516
1234	13	550	0.15875527419354843
1234	13	600	0.20481994086021524
1234	13	650	0.1729556075268818
1234	13	700	0.08004844086021512
1234	13	750	0.08060377419354843
1234	13	800	0.04141744086021504
1234	13	850	0.014041607526881736
1234	13	900	-0.03724155913978492
1234	13	950	-0.04166039247311826
1234	13	1e3	-0.059906892473118235
1234	13	1050	-0.24793042580645155
1234	13	1100	-0.05403439247311814
1234	13	1150	0.026141440860215043
1234	14	-200	0.04236143333333323
1234	14	-150	0.00833809999999994
1234	14	-100	0.002780433333333147
1234	14	-50	-0.013848900000000016
1234	14	0	-0.039631066666666825
1234	14	50	-0.04162740000000017
1234	14	100	-0.09830390000000011
1234	14	150	-0.07616390000000006
1234	14	200	-0.10297406666666682
1234	14	250	-0.09001740000000003
1234	14	300	-0.1302634000000001
1234	14	350	-0.12867209047619058
1234	14	400	-0.14323923333333344
1234	14	450	-0.08373137619047633
1234	14	500	-0.05739643333333344
1234	14	550	-0.017041733333333402
1234	14	600	0.06489343333333324
1234	14	650	0.07543026666666648
1234	14	700	0.12257043333333321
1234	14	750	0.1504945999999999
1234	14	800	0.23033359999999994
1234	14	850	0.1574582666666667
1234	14	900	0.16198859999999993
1234	14	950	0.13103333809523798
1234	14	1e3	0.15988559999999988
1234	14	1050	0.24389926666666653
1234	14	1100	0.2567457666666665
1234	14	1150	0.27952033809523796
1234	15	-200	-0.0940406866359448
1234	15	-150	-0.041061258064516215
1234	15	-100	0.012370575268817166
1234	15	-50	0.042102908602150414
1234	15	0	0.09630190860215045
1234	15	50	0.12866707526881727
1234	15	100	0.12063874193548381
1234	15	150	0.06889790860215046
1234	15	200	0.01554874193548376
1234	15	250	-0.05743125806451621
1234	15	300	-0.027962591397849623
1234	15	350	-0.09469409139784957
1234	15	400	-0.03188242473118293
1234	15	450	-0.04863375806451627
1234	15	500	-3.5209139784964094e-4
1234	15	550	0.06803040860215037
1234	15	600	0.07677824193548381
1234	15	650	0.07489907526881708
1234	15	700	0.005043408602150468
1234	15	750	-0.06554875806451621
1234	15	800	-0.07629959139784963
1234	15	850	-0.06441609139784954
1234	15	900	-0.10206025806451624
1234	15	950	-0.10725925806451626
1234	15	1e3	-0.07067059139784959
1234	15	1050	-0.028458758064516292
1234	15	1100	-0.04198475806451629
1234	15	1150	-0.015846924731182915
1234	16	-200	-0.09093794470046104
1234	16	-150	-0.0713360161290324
1234	16	-100	0.015269483870967568
1234	16	-50	0.03327048387096757
1234	16	0	0.12889031720430077
1234	16	50	0.1210109838709675
1234	16	100	0.11911765053763419
1234	16	150	0.1566611505376343
1234	16	200	0.15300465053763426
1234	16	250	0.10925515053763417
1234	16	300	0.13442448387096748
1234	16	350	0.12546465053763423
1234	16	400	0.0757478172043009
1234	16	450	0.062067817204300914
1234	16	500	0.10447565053763423
1234	16	550	0.20543031720430083
1234	16	600	0.07726381720430098
1234	16	650	0.038849817204300884
1234	16	700	-0.03882718279569911
1234	16	750	-0.09014684946236577
1234	16	800	-0.13410634946236577
1234	16	850	-0.15685301612903238
1234	16	900	-0.1617206827956991
1234	16	950	-0.23728251612903253
1234	16	1e3	-0.23565201612903244
1234	16	1050	-0.2844146827956992
1234	16	1100	-0.27166768279569914
1234	16	1150	-0.2960666827956991
1234	17	-200	-0.10334068663594463
1234	17	-150	-0.04202109139784923
1234	17	-100	-0.009890924731182693
1234	17	-50	0.08394157526881736
1234	17	0	0.08853457526881721
1234	17	50	0.10125257526881722
1234	17	100	0.14670390860215066
1234	17	150	0.09606674193548385
1234	17	200	0.1369260752688172
1234	17	250	0.1832260752688172
1234	17	300	0.20020940860215056
1234	17	350	0.24539807526881727
1234	17	400	0.2972310752688172
1234	17	450	0.28043757526881724
1234	17	500	0.31107607526881725
1234	17	550	0.3458465752688173
1234	17	600	0.3609889086021505
1234	17	650	0.3578394086021505
1234	17	700	0.3204277419354839
1234	17	750	0.28553007526881724
1234	17	800	0.24007757526881726
1234	17	850	0.18652007526881734
1234	17	900	0.2316330752688173
1234	17	950	0.2537307419354839
1234	17	1e3	0.2096537419354838
1234	17	1050	NA
1234	17	1100	NA
1234	17	1150	0.2330567419354841
1234	18	-200	-0.002667668202764809
1234	18	-150	-0.007477596774193425
1234	18	-100	0.0043512365591399
1234	18	-50	-0.011320763440860082
1234	18	0	0.017559403225806625
1234	18	50	0.0720712365591399
1234	18	100	0.03573606989247328
1234	18	150	0.03454356989247328
1234	18	200	0.04027356989247329
1234	18	250	0.03421240322580658
1234	18	300	0.07665073655913986
1234	18	350	0.12852456989247316
1234	18	400	0.12962656989247331
1234	18	450	0.16625356989247328
1234	18	500	0.16673323655913994
1234	18	550	0.20415023655913997
1234	18	600	0.2343222365591399
1234	18	650	0.2283569032258066
1234	18	700	0.22561573655914002
1234	18	750	0.18061006989247322
1234	18	800	0.15595673655913997
1234	18	850	0.11801923655913986
1234	18	900	0.11219890322580654
1234	18	950	0.15019206989247316
1234	18	1e3	0.16869723655914
1234	18	1050	0.13428890322580656
1234	18	1100	0.18667956989247325
1234	18	1150	0.19975556989247326
1234	20	-200	0.11328812442396309
1234	20	-150	0.030433672043010656
1234	20	-100	-0.02273832795698934
1234	20	-50	-0.04584316129032281
1234	20	0	-0.09402166129032263
1234	20	50	-0.10812766129032265
1234	20	100	-0.14595016129032276
1234	20	150	-0.149453494623656
1234	20	200	-0.1410306612903227
1234	20	250	-0.198043994623656
1234	20	300	-0.19014832795698933
1234	20	350	-0.24927316129032273
1234	20	400	-0.2783781612903227
1234	20	450	-0.24190832795698936
1234	20	500	-0.25908916129032256
1234	20	550	-0.16652349462365593
1234	20	600	-0.182893494623656
1234	20	650	-0.13380782795698928
1234	20	700	-0.05487866129032263
1234	20	750	-0.024391994623656005
1234	20	800	-0.03413499462365599
1234	20	850	-0.10016182795698929
1234	20	900	-0.10114882795698928
1234	20	950	-0.1486029946236561
1234	20	1e3	-0.15268099462365603
1234	20	1050	-0.11694282795698936
1234	20	1100	-0.13560882795698923
1234	20	1150	-0.14788482795698932
1234	21	-200	0.0485131474654377
1234	21	-150	0.04193145698924727
1234	21	-100	-0.007522376344086072
1234	21	-50	-0.02581970967741931
1234	21	0	-0.06518804301075283
1234	21	50	-0.11746204301075276
1234	21	100	-0.11871187634408605
1234	21	150	-0.14097737634408603
1234	21	200	-0.15566770967741936
1234	21	250	-0.2032715430107528
1234	21	300	-0.20167187634408604
1234	21	350	-0.23793920967741947
1234	21	400	-0.21731420967741952
1234	21	450	-0.24737104301075274
1234	21	500	-0.1918983763440861
1234	21	550	-0.1008755430107527
1234	21	600	-0.10167620967741937
1234	21	650	-0.03339770967741947
1234	21	700	0.003297790322580522
1234	21	750	0.021069290322580647
1234	21	800	0.02633479032258057
1234	21	850	0.023853623655913925
1234	21	900	0.0670264569892473
1234	21	950	0.02965462365591387
1234	21	1e3	0.0628232903225805
1234	21	1050	0.1076984569892474
1234	21	1100	0.13481579032258062
1234	21	1150	0.17018345698924722
1234	22	-200	-0.04185744700460851
1234	22	-150	-0.03221249462365624
1234	22	-100	0.016372838709677245
1234	22	-50	0.019427838709677275
1234	22	0	0.04524550537634394
1234	22	50	0.09985800537634382
1234	22	100	0.12734800537634391
1234	22	150	0.11885383870967729
1234	22	200	0.17630183870967722
1234	22	250	0.20129733870967725
1234	22	300	0.26720133870967727
1234	22	350	0.2866165053763439
1234	22	400	0.31405083870967715
1234	22	450	0.298722505376344
1234	22	500	0.2963560053763437
1234	22	550	0.27664067204301057
1234	22	600	0.35063383870967724
1234	22	650	NA
1234	22	700	0.16715950537634386
1234	22	750	-0.14321949462365616
1234	22	800	-0.22239549462365615
1234	22	850	-0.2149853279569894
1234	22	900	-0.25272232795698946
1234	22	950	-0.19005066129032278
1234	22	1e3	-0.1733306612903227
1234	22	1050	-0.21027266129032274
1234	22	1100	-0.19628899462365612
1234	22	1150	-0.13640516129032276
1234	23	-200	0.044832437788018265
1234	23	-150	0.02143974731182774
1234	23	-100	-0.00694058602150549
1234	23	-50	-0.022437752688172274
1234	23	0	-0.04436591935483891
1234	23	50	-0.03855241935483885
1234	23	100	-0.011026086021505602
1234	23	150	-0.015271252688172199
1234	23	200	0.03144174731182788
1234	23	250	0.04022091397849444
1234	23	300	0.0574439139784945
1234	23	350	0.0949234139784944
1234	23	400	0.16294808064516117
1234	23	450	0.2161477473118277
1234	23	500	0.2665235806451611
1234	23	550	0.31714391397849445
1234	23	600	0.32573041397849445
1234	23	650	0.39839224731182776
1234	23	700	0.3803950806451612
1234	23	750	0.3102945806451612
1234	23	800	0.2882507473118277
1234	23	850	0.2448124139784944
1234	23	900	0.2515865806451611
1234	23	950	0.30612208064516117
1234	23	1e3	0.3509950806451611
1234	23	1050	0.37800524731182783
1234	23	1100	0.42150158064516113
1234	23	1150	0.4244120806451612
1234	24	-200	-0.032153366666666905
1234	24	-150	-0.026878033333333606
1234	24	-100	-0.019302866666666807
1234	24	-50	0.02174513333333324
1234	24	0	0.05658913333333312
1234	24	50	0.04388313333333316
1234	24	100	0.057941966666666435
1234	24	150	0.057491466666666456
1234	24	200	0.03781263333333307
1234	24	250	0.06566013333333316
1234	24	300	0.04548013333333315
1234	24	350	0.08770096666666638
1234	24	400	0.0662039666666665
1234	24	450	0.0202979666666665
1234	24	500	0.026858133333333162
1234	24	550	0.014127133333333116
1234	24	600	0.10843796666666654
1234	24	650	0.11378496666666645
1234	24	700	0.10309746666666657
1234	24	750	0.0554949666666665
1234	24	800	0.012977633333333127
1234	24	850	3.909666666665294e-4
1234	24	900	0.026164633333333093
1234	24	950	0.0192707999999997
1234	24	1e3	0.026036633333333132
1234	24	1050	0.005115633333333165
1234	24	1100	0.001535799999999865
1234	24	1150	0.0035576333333331434
1234	25	-200	0.04068811059907836
1234	25	-150	0.026562134408602223
1234	25	-100	0.013096634408602167
1234	25	-50	-0.033319532258064465
1234	25	0	-0.053808698924731134
1234	25	50	-0.13323003225806448
1234	25	100	-0.1581465322580644
1234	25	150	-0.13727886559139776
1234	25	200	-0.15018003225806442
1234	25	250	-0.18087119892473114
1234	25	300	-0.16099236559139785
1234	25	350	-0.15627669892473114
1234	25	400	-0.1794461989247312
1234	25	450	-0.16684253225806436
1234	25	500	-0.1453813655913978
1234	25	550	-0.0790446989247311
1234	25	600	0.0044316344086022435
1234	25	650	0.022849967741935446
1234	25	700	0.06933730107526892
1234	25	750	0.07791096774193555
1234	25	800	0.0773759677419356
1234	25	850	0.015825801075268913
1234	25	900	-0.02322903225806446
1234	25	950	-0.032875365591397886
1234	25	1e3	-0.03358619892473117
1234	25	1050	-0.030967865591397786
1234	25	1100	-0.0640368655913978
1234	25	1150	-0.046877365591397734
1234	26	-200	-0.04120769124423943
1234	26	-150	-0.006901048387096746
1234	26	-100	0.0016271182795700352
1234	26	-50	0.015578284946236772
1234	26	0	0.03777128494623675
1234	26	50	0.039973118279569876
1234	26	100	0.08403278494623685
1234	26	150	0.1273474516129034
1234	26	200	0.1409062849462369
1234	26	250	0.13315745161290327
1234	26	300	0.1443147849462368
1234	26	350	0.14849095161290338
1234	26	400	0.12836345161290316
1234	26	450	0.07593845161290336
1234	26	500	0.06194028494623671
1234	26	550	0.019777784946236682
1234	26	600	-0.02190654838709653
1234	26	650	-0.08399638172042989
1234	26	700	-0.1892090483870966
1234	26	750	-0.2628703817204299
1234	26	800	-0.30189904838709664
1234	26	850	-0.3722928817204299
1234	26	900	-0.36428254838709667
1234	26	950	-0.39303621505376324
1234	26	1e3	-0.4846115483870966
1234	26	1050	-0.49172888172042994
1234	26	1100	-0.5119812150537634
1234	26	1150	-0.5108062150537631
1234	27	-200	-0.012448414746543473
1234	27	-150	0.004629370967742148
1234	27	-100	-0.021103462365591314
1234	27	-50	-0.0018714623655911773
1234	27	0	0.032868704301075434
1234	27	50	-0.006126629032257839
1234	27	100	-0.004165962365591265
1234	27	150	-0.008194629032257946
1234	27	200	0.03591903763440881
1234	27	250	0.012257370967742043
1234	27	300	0.007332370967742123
1234	27	350	-0.04239146236559114
1234	27	400	-0.005298462365591246
1234	27	450	-0.03583162903225793
1234	27	500	-0.05122596236559115
1234	27	550	1.3120430107541972e-4
1234	27	600	0.14028303763440877
1234	27	650	0.18971887096774212
1234	27	700	0.23405087096774216
1234	27	750	0.2614452043010754
1234	27	800	0.2699550376344088
1234	27	850	0.2618787043010755
1234	27	900	0.24374920430107552
1234	27	950	0.258235870967742
1234	27	1e3	0.3044532043010754
1234	27	1050	0.28945987096774223
1234	27	1100	0.3420905376344088
1234	27	1150	0.36250187096774217
1234	28	-200	0.08788261751152092
1234	28	-150	0.04411056989247338
1234	28	-100	0.023430736559139964
1234	28	-50	-0.06930443010752667
1234	28	0	-0.10076659677419338
1234	28	50	-0.1496525967741933
1234	28	100	-0.19481026344086003
1234	28	150	-0.2896214301075268
1234	28	200	-0.3457870967741934
1234	28	250	-0.37814209677419347
1234	28	300	-0.39611093010752674
1234	28	350	-0.4650869301075266
1234	28	400	-0.47584493010752665
1234	28	450	-0.4789539301075267
1234	28	500	-0.5020834301075267
1234	28	550	-0.45494026344085997
1234	28	600	-0.39631893010752667
1234	28	650	-0.35089293010752676
1234	28	700	-0.33936109677419335
1234	28	750	-0.39426659677419335
1234	28	800	-0.44794443010752666
1234	28	850	-0.4498230967741934
1234	28	900	-0.4977850967741933
1234	28	950	-0.49573059677419334
1234	28	1e3	-0.5002189301075267
1234	28	1050	-0.46637709677419337
1234	28	1100	-0.4586170967741933
1234	28	1150	-0.4515467634408599
1234	29	-200	-0.038183442396313376
1234	29	-150	0.00422179569892478
1234	29	-100	-0.005508204301075237
1234	29	-50	-0.003044370967741831
1234	29	0	0.04887812903225804
1234	29	50	0.05668046236559143
1234	29	100	0.10319279569892477
1234	29	150	0.11555412903225815
1234	29	200	0.12149429569892474
1234	29	250	0.15410329569892478
1234	29	300	0.1873141290322581
1234	29	350	0.2144884623655916
1234	29	400	0.2071742956989248
1234	29	450	0.17674446236559146
1234	29	500	0.21953279569892473
1234	29	550	0.21297946236559162
1234	29	600	0.21645946236559124
1234	29	650	0.19395179569892473
1234	29	700	0.10821796236559152
1234	29	750	0.03912446236559145
1234	29	800	-0.03338153763440865
1234	29	850	-0.06444037096774184
1234	29	900	-0.20395287096774192
1234	29	950	NA
1234	29	1e3	NA
1234	29	1050	NA
1234	29	1100	-0.08778827096774196
1234	29	1150	-0.3218001566820277
1234	30	-200	-0.011497760368663392
1234	30	-150	-0.023628903225806352
1234	30	-100	-0.014323903225806234
1234	30	-50	5.000967741937146e-4
1234	30	0	0.05086676344086046
1234	30	50	0.07546243010752707
1234	30	100	0.114327930107527
1234	30	150	0.15200493010752716
1234	30	200	0.15796609677419368
1234	30	250	0.19286343010752707
1234	30	300	0.261156930107527
1234	30	350	0.262705930107527
1234	30	400	0.36815459677419377
1234	30	450	0.3914620967741937
1234	30	500	0.4526905967741937
1234	30	550	0.4369605967741937
1234	30	600	0.5272597634408605
1234	30	650	0.5373037634408603
1234	30	700	0.5129759301075271
1234	30	750	0.43077009677419364
1234	30	800	0.43282309677419367
1234	30	850	0.3648652634408604
1234	30	900	0.3994224301075271
1234	30	950	0.3650450967741937
1234	30	1e3	NA
1234	30	1050	NA
1234	30	1100	NA
1234	30	1150	NA
1234	31	-200	0.10206825345622088
1234	31	-150	0.04331313440860196
1234	31	-100	-0.009628198924731546
1234	31	-50	-0.05720919892473134
1234	31	0	-0.09555536559139825
1234	31	50	-0.1659251989247316
1234	31	100	-0.22195836559139823
1234	31	150	-0.30380336559139814
1234	31	200	-0.37882603225806505
1234	31	250	-0.418870032258065
1234	31	300	-0.5111488655913984
1234	31	350	-0.5435293655913982
1234	31	400	-0.6722530322580648
1234	31	450	-0.6755708655913981
1234	31	500	-0.6497950322580648
1234	31	550	-0.5856783655913982
1234	31	600	-0.6363686989247315
1234	31	650	-0.6039320322580648
1234	31	700	-0.6150850322580649
1234	31	750	-0.6804838655913983
1234	31	800	-0.6641996989247315
1234	31	850	-0.7146770322580649
1234	31	900	-0.6705460322580648
1234	31	950	-0.6332480322580648
1234	31	1e3	-0.6017603655913982
1234	31	1050	-0.5365165322580648
1234	31	1100	-0.5003841989247314
1234	31	1150	-0.4543726989247315
1234	32	-200	0.057175576036866245
1234	32	-150	0.010542123655913857
1234	32	-100	6.614569892471334e-4
1234	32	-50	-0.015076043010752826
1234	32	0	-0.06283237634408619
1234	32	50	-0.08810204301075286
1234	32	100	-0.12222504301075283
1234	32	150	-0.13860887634408617
1234	32	200	-0.1883267096774195
1234	32	250	-0.1148072096774196
1234	32	300	-0.1806900430107529
1234	32	350	-0.17126387634408613
1234	32	400	-0.1338127096774194
1234	32	450	-0.14283270967741948
1234	32	500	-0.058892043010752904
1234	32	550	-0.07929595967741965
1234	32	600	NA
1234	32	650	0.2659359569892472
1234	32	700	0.02893929032258047
1234	32	750	0.1440418617511519
1234	32	800	0.24459645698924715
1234	32	850	0.2616559569892471
1234	32	900	0.2880147903225805
1234	32	950	0.39176062365591374
1234	32	1e3	0.43192012365591387
1234	32	1050	0.5150449569892471
1234	32	1100	0.597378956989247
1234	32	1150	0.5181272903225805
1234	33	-200	0.012104760368663672
1234	33	-150	-0.016938930107526746
1234	33	-100	-0.03081426344086006
1234	33	-50	0.003764903225806545
1234	33	0	0.029866069892473163
1234	33	50	0.04657856989247322
1234	33	100	0.09647740322580645
1234	33	150	0.11320290322580646
1234	33	200	0.18727540322580652
1234	33	250	0.22973523655913985
1234	33	300	0.2278065698924733
1234	33	350	0.3505329032258066
1234	33	400	0.3537840698924731
1234	33	450	0.36732873655913995
1234	33	500	0.35485506989247323
1234	33	550	0.5343205698924732
1234	33	600	0.5030944032258065
1234	33	650	0.4553900698924731
1234	33	700	0.4001417365591399
1234	33	750	0.4123512365591399
1234	33	800	0.3283410698924732
1234	33	850	0.27893090322580666
1234	33	900	0.2599842365591399
1234	33	950	0.25924373655913985
1234	33	1e3	0.25242590322580655
1234	33	1050	0.2535814032258066
1234	33	1100	0.2890114032258065
1234	33	1150	0.3856562365591398
1234	34	-200	0.01890709999999977
1234	34	-150	0.03406259999999987
1234	34	-100	-0.01412023333333338
1234	34	-50	-0.026551400000000003
1234	34	0	-0.012298066666666774
1234	34	50	-0.04660023333333344
1234	34	100	0.010181599999999827
1234	34	150	-0.011605733333333404
1234	34	200	-0.023399900000000102
1234	34	250	-0.03205301904761911
1234	34	300	-0.015055733333333432
1234	34	350	-0.02533890000000009
1234	34	400	0.012168099999999868
1234	34	450	0.015251099999999887
1234	34	500	0.07278709999999984
1234	34	550	0.11028526666666656
1234	34	600	0.1506714333333333
1234	34	650	0.1818060999999999
1234	34	700	0.19284226666666657
1234	34	750	0.1738240999999999
1234	34	800	0.18608393333333328
1234	34	850	0.17555076666666647
1234	34	900	0.26692166666666656
1234	34	950	0.3622211238095237
1234	34	1e3	0.4013154333333333
1234	34	1050	0.4643277666666666
1234	34	1100	0.47885309999999986
1234	34	1150	0.4538022666666664
1234	35	-200	-0.04322818894009212
1234	35	-150	0.039307263440860295
1234	35	-100	-0.02469190322580639
1234	35	-50	-0.01466790322580643
1234	35	0	0.050485430107526964
1234	35	50	0.06865193010752708
1234	35	100	0.07265993010752696
1234	35	150	0.09775059677419369
1234	35	200	0.05880293010752694
1234	35	250	0.09575909677419363
1234	35	300	0.17716126344086036
1234	35	350	0.10401993010752701
1234	35	400	0.15494576344086042
1234	35	450	0.2046157634408603
1234	35	500	0.2288430967741936
1234	35	550	0.26140343010752704
1234	35	600	0.322065930107527
1234	35	650	0.3731080967741936
1234	35	700	0.3769890967741936
1234	35	750	0.3465017634408603
1234	35	800	0.34316226344086026
1234	35	850	0.33680526344086026
1234	35	900	0.2987350967741937
1234	35	950	0.3406840967741937
1234	35	1e3	0.4017227634408602
1234	35	1050	0.44938259677419373
1234	35	1100	0.46283293010752696
1234	35	1150	0.5216287634408603
1234	36	-200	-0.014696437788018355
1234	36	-150	-0.015680247311827895
1234	36	-100	-0.01105308064516112
1234	36	-50	0.005694419354838794
1234	36	0	0.038184752688172084
1234	36	50	0.07504791935483872
1234	36	100	0.08962041935483882
1234	36	150	0.10706058602150548
1234	36	200	0.15608358602150543
1234	36	250	0.15301308602150554
1234	36	300	0.24500591935483876
1234	36	350	0.3218784193548388
1234	36	400	0.32669208602150546
1234	36	450	0.37674758602150554
1234	36	500	0.40419258602150543
1234	36	550	0.48753508602150536
1234	36	600	0.5212215860215056
1234	36	650	0.4760754193548388
1234	36	700	0.4903157526881721
1234	36	750	0.46483208602150544
1234	36	800	0.3561334193548387
1234	36	850	0.34079125268817206
1234	36	900	0.33820058602150554
1234	36	950	0.3493850860215055
1234	36	1e3	0.38428841935483876
1234	36	1050	0.39212391935483887
1234	36	1100	0.4119747526881721
1234	36	1150	0.42044325268817223
1234	37	-200	0.0673843666666664
1234	37	-150	0.04038403333333318
1234	37	-100	-0.0017108000000001233
1234	37	-50	-0.0492034666666669
1234	37	0	-0.05685413333333352
1234	37	50	-0.042585633333333574
1234	37	100	-0.005488966666666872
1234	37	150	0.01086319999999974
1234	37	200	0.04150953333333315
1234	37	250	0.07842653333333316
1234	37	300	0.1373913666666664
1234	37	350	0.13185786666666646
1234	37	400	0.1008220333333331
1234	37	450	0.1021992714285712
1234	37	500	0.11423736666666644
1234	37	550	0.11603836666666645
1234	37	600	0.1413592999999998
1234	37	650	0.2098551285714283
1234	37	700	0.1878428666666664
1234	37	750	0.15021003333333324
1234	37	800	0.09902969999999978
1234	37	850	0.09543019999999973
1234	37	900	0.10796153333333318
1234	37	950	0.06638653333333311
1234	37	1e3	0.10403503333333315
1234	37	1050	0.14596186666666644
1234	37	1100	0.16796203333333315
1234	37	1150	0.1637050333333331
1234	38	-200	0.08642876666666648
1234	38	-150	0.06533326666666654
1234	38	-100	0.018030599999999824
1234	38	-50	-0.04787723333333349
1234	38	0	-0.12191540000000001
1234	38	50	-0.12840506666666673
1234	38	100	-0.1812667333333334
1234	38	150	-0.22470840000000006
1234	38	200	-0.2142172333333335
1234	38	250	-0.17346606666666675
1234	38	300	-0.17547606666666682
1234	38	350	-0.16819723333333333
1234	38	400	-0.21791740000000007
1234	38	450	-0.09854140000000022
1234	38	500	-0.07307490000000001
1234	38	550	-0.044753400000000054
1234	38	600	0.02981709999999989
1234	38	650	0.0330382666666665
1234	38	700	0.057694266666666584
1234	38	750	-0.029716400000000087
1234	38	800	-0.021123900000000157
1234	38	850	-0.0454859
1234	38	900	-0.07209723333333351
1234	38	950	NA
1234	38	1e3	NA
1234	38	1050	NA
1234	38	1100	-0.015630733333333424
1234	38	1150	-0.008613333333333362
1234	39	-200	0.02069759447004595
1234	39	-150	0.01658895161290297
1234	39	-100	-0.007018215053763581
1234	39	-50	-0.0031758817204303735
1234	39	0	-0.030542048387096992
1234	39	50	-0.09827538172043027
1234	39	100	-0.1454217150537637
1234	39	150	-0.08773504838709689
1234	39	200	-0.12299904838709701
1234	39	250	-0.13813604838709703
1234	39	300	-0.12205771505376362
1234	39	350	-0.02843821505376365
1234	39	400	0.047851118279569636
1234	39	450	0.04070428494623631
1234	39	500	0.1256286182795697
1234	39	550	0.1150607849462364
1234	39	600	0.2274236182795697
1234	39	650	0.292615451612903
1234	39	700	0.23806395161290306
1234	39	750	0.14653128494623635
1234	39	800	0.07373495161290296
1234	39	850	0.056645118279569674
1234	39	900	0.023973118279569716
1234	39	950	0.021035118279569682
1234	39	1e3	-0.031617715053763616
1234	39	1050	0.019878784946236294
1234	39	1100	0.03354095161290305
1234	39	1150	0.05305611827956976
1234	40	-200	0.11198208755760383
1234	40	-150	0.06424901612903249
1234	40	-100	-0.03495881720430094
1234	40	-50	-0.08767881720430089
1234	40	0	-0.07225715053763415
1234	40	50	-0.05554631720430092
1234	40	100	-0.014429983870967536
1234	40	150	0.03266851612903247
1234	40	200	0.11596918279569916
1234	40	250	0.10838351612903245
1234	40	300	0.22643001612903246
1234	40	350	0.3077781827956992
1234	40	400	0.35430934946236575
1234	40	450	0.4297263494623658
1234	40	500	0.5052801827956991
1234	40	550	0.5610028494623659
1234	40	600	0.6075260161290325
1234	40	650	0.5900030161290325
1234	40	700	0.5500791827956989
1234	40	750	0.47884718279569904
1234	40	800	0.4265115161290325
1234	40	850	0.4490068494623658
1234	40	900	0.45822618279569904
1234	40	950	0.47463226612903253
1234	40	1e3	NA
1234	40	1050	NA
1234	40	1100	0.4529425161290323
1234	40	1150	0.6656461827956992
1234	41	-200	-0.0199810000000001
1234	41	-150	0.059549
1234	41	-100	0.027652166666666627
1234	41	-50	-0.03310833333333344
1234	41	0	-0.034111833333333376
1234	41	50	-0.03750216666666669
1234	41	100	0.0023009999999999606
1234	41	150	-0.0470321904761905
1234	41	200	-0.04411100000000001
1234	41	250	-0.08050683333333335
1234	41	300	-0.12643400000000002
1234	41	350	-0.1036616666666667
1234	41	400	-0.103338
1234	41	450	-0.1337153333333334
1234	41	500	-0.051994833333333323
1234	41	550	-0.04695666666666676
1234	41	600	-0.012397166666666681
1234	41	650	0.06358166666666658
1234	41	700	0.11703833333333329
1234	41	750	0.17941649999999995
1234	41	800	0.08354666666666659
1234	41	850	0.08797716666666666
1234	41	900	0.02110033333333335
1234	41	950	0.014466166666666558
1234	41	1e3	0.08100133333333333
1234	41	1050	0.04264199999999999
1234	41	1100	0.06772099999999992
1234	41	1150	0.04530466666666655
1234	42	-200	-0.08844411520737339
1234	42	-150	-0.013342758064516161
1234	42	-100	0.01801124193548372
1234	42	-50	0.03820957526881711
1234	42	0	0.060306741935483764
1234	42	50	0.02613374193548368
1234	42	100	-0.0019684247311828607
1234	42	150	-0.06479109139784955
1234	42	200	-0.12430375806451617
1234	42	250	-0.1665997580645162
1234	42	300	-0.22168175806451615
1234	42	350	-0.2659577580645161
1234	42	400	-0.2860482580645162
1234	42	450	-0.2486719247311829
1234	42	500	-0.21123109139784968
1234	42	550	-0.2259694247311829
1234	42	600	-0.16974809139784952
1234	42	650	-0.23141125806451623
1234	42	700	-0.24224809139784967
1234	42	750	-0.3600505913978496
1234	42	800	-0.3588184247311828
1234	42	850	-0.3767190913978495
1234	42	900	-0.3948572580645162
1234	42	950	-0.38674242473118287
1234	42	1e3	-0.4598879247311829
1234	42	1050	-0.5073772580645164
1234	42	1100	-0.0784787580645161
1234	42	1150	-0.2605772580645162
1234	43	-200	0.018455304147465452
1234	43	-150	-0.028490005376344014
1234	43	-100	-0.018920505376343932
1234	43	-50	0.014349327956989288
1234	43	0	0.011529994623655929
1234	43	50	0.008420661290322595
1234	43	100	0.02773116129032253
1234	43	150	0.012105827956989371
1234	43	200	0.07400899462365595
1234	43	250	0.11692699462365581
1234	43	300	0.17419082795698934
1234	43	350	0.14813266129032257
1234	43	400	0.17935716129032264
1234	43	450	0.17909899462365594
1234	43	500	0.12291449462365593
1234	43	550	0.13055249462365595
1234	43	600	0.09301616129032249
1234	43	650	0.1504191612903226
1234	43	700	0.09428882795698934
1234	43	750	0.09835216129032258
1234	43	800	0.39995016129032246
1234	43	850	NA
1234	43	900	NA
1234	43	950	NA
1234	43	1e3	NA
1234	43	1050	NA
1234	43	1100	NA
1234	43	1150	NA
1234	44	-200	0.015395101382488705
1234	44	-150	0.05852872043010756
1234	44	-100	-0.023520779569892254
1234	44	-50	0.0043220537634409695
1234	44	0	-0.05729094623655895
1234	44	50	-0.06488394623655898
1234	44	100	-0.048794779569892276
1234	44	150	-2.639462365589355e-4
1234	44	200	-0.04622161290322572
1234	44	250	-0.12510661290322558
1234	44	300	-0.06849177956989234
1234	44	350	-0.04776161290322559
1234	44	400	-0.041748612903225624
1234	44	450	0.019406220430107684
1234	44	500	0.050515053763441044
1234	44	550	0.11224672043010771
1234	44	600	0.16402672043010771
1234	44	650	0.2020298870967745
1234	44	700	0.24886755376344113
1234	44	750	0.2035398870967743
1234	44	800	0.2584412204301077
1234	44	850	0.21080238709677443
1234	44	900	0.23767288709677445
1234	44	950	0.19798538709677443
1234	44	1e3	NA
1234	44	1050	NA
1234	44	1100	NA
1234	44	1150	NA
1234	45	-200	0.12895427188940106
1234	45	-150	0.06011796236559149
1234	45	-100	-0.027289870967741898
1234	45	-50	-0.07596087096774189
1234	45	0	-0.10731387096774185
1234	45	50	-0.15911353763440853
1234	45	100	-0.1300993709677419
1234	45	150	-0.1421278709677419
1234	45	200	-0.14074703763440857
1234	45	250	-0.18921687096774176
1234	45	300	-0.21353320430107522
1234	45	350	-0.24729037096774187
1234	45	400	-0.2559415376344085
1234	45	450	-0.2966973709677418
1234	45	500	-0.2682045376344085
1234	45	550	-0.23031703763440844
1234	45	600	-0.22794187096774188
1234	45	650	-0.17130353763440853
1234	45	700	-0.22465837096774188
1234	45	750	-0.1893877043010752
1234	45	800	-0.21509253763440853
1234	45	850	-0.30701420430107523
1234	45	900	-0.25625253763440853
1234	45	950	-0.2941995376344085
1234	45	1e3	-0.2711460376344086
1234	45	1050	-0.27886253763440855
1234	45	1100	-0.19945120430107513
1234	45	1150	-0.2323735376344085
1234	46	-200	-0.08228209999999943
1234	46	-150	-0.022899433333332997
1234	46	-100	-0.0032022666666663055
1234	46	-50	0.045083400000000363
1234	46	0	0.0633004000000003
1234	46	50	0.0928609000000001
1234	46	100	0.13268373333333372
1234	46	150	0.16735040000000012
1234	46	200	0.18512506666666692
1234	46	250	0.19672856666666685
1234	46	300	0.18491173333333366
1234	46	350	0.16443990000000022
1234	46	400	0.14739023333333368
1234	46	450	0.14600506666666688
1234	46	500	0.14375273333333358
1234	46	550	0.14732990000000035
1234	46	600	0.16898973333333359
1234	46	650	0.16544356666666685
1234	46	700	0.11711956666666697
1234	46	750	0.032814900000000424
1234	46	800	-0.008842099999999705
1234	46	850	-0.10693393333333301
1234	46	900	-0.2262660999999997
1234	46	950	NA
1234	46	1e3	NA
1234	46	1050	NA
1234	46	1100	NA
1234	46	1150	NA
1234	47	-200	-0.06108033640553012
1234	47	-150	-0.04850552688172072
1234	47	-100	0.009856139784946075
1234	47	-50	0.005644473118279425
1234	47	0	0.10426530645161274
1234	47	50	0.17125897311827934
1234	47	100	0.17052380645161266
1234	47	150	0.1887249731182794
1234	47	200	0.3300068064516128
1234	47	250	0.3905104731182792
1234	47	300	0.4355278064516126
1234	47	350	0.4550278064516126
1234	47	400	0.49531397311827946
1234	47	450	0.5411106397849461
1234	47	500	0.5613771397849461
1234	47	550	0.592556139784946
1234	47	600	0.5989779731182795
1234	47	650	0.5886759731182792
1234	47	700	0.5260674731182795
1234	47	750	0.47908197311827944
1234	47	800	0.4295841397849462
1234	47	850	0.4144268064516128
1234	47	900	0.4241454731182796
1234	47	950	0.4460829731182791
1234	47	1e3	0.49083513978494614
1234	47	1050	0.45436980645161285
1234	47	1100	NA
1234	47	1150	0.521232806451613
1234	48	-200	-0.08581648847926271
1234	48	-150	-0.03756494086021508
1234	48	-100	-0.008521107526881696
1234	48	-50	0.08363839247311826
1234	48	0	0.06256689247311835
1234	48	50	0.06925105913978502
1234	48	100	0.11511322580645163
1234	48	150	0.21616272580645157
1234	48	200	0.21643055913978496
1234	48	250	0.22273472580645168
1234	48	300	0.3571533924731182
1234	48	350	0.4095788924731183
1234	48	400	0.3867880591397848
1234	48	450	0.4169593924731183
1234	48	500	0.5044785591397849
1234	48	550	0.5465268924731183
1234	48	600	0.5079137258064516
1234	48	650	0.5817488924731183
1234	48	700	0.5829380591397849
1234	48	750	0.5592360591397849
1234	48	800	0.574696559139785
1234	48	850	0.5296905591397849
1234	48	900	0.4162188924731182
1234	48	950	0.42867472580645166
1234	48	1e3	0.41336939247311827
1234	48	1050	0.38611972580645154
1234	48	1100	0.3947667258064516
1234	48	1150	0.45445072580645157
1234	49	-200	0.028673369565217266
1234	49	-150	0.0020662028985505287
1234	49	-100	-0.029230463768116072
1234	49	-50	-0.0018109304347826872
1234	49	0	NA
1234	49	50	0.10697286956521745
1234	49	100	0.0344638695652173
1234	49	150	0.03585986956521733
1234	49	200	0.09463936956521724
1234	49	250	0.06248286956521724
1234	49	300	0.09563820289855074
1234	49	350	0.14588303623188392
1234	49	400	0.11987770289855071
1234	49	450	0.13843853623188399
1234	49	500	0.08188736956521736
1234	49	550	0.08845886956521731
1234	49	600	0.07431070289855064
1234	49	650	0.11013153623188399
1234	49	700	0.15415220289855056
1234	49	750	0.15304920289855053
1234	49	800	0.16640886956521728
1234	49	850	0.10935553623188395
1234	49	900	0.1691127028985507
1234	49	950	0.0912507028985506
1234	49	1e3	0.08138020289855064
1234	49	1050	0.11394620289855058
1234	49	1100	0.10616236956521734
1234	49	1150	0.03336520289855057
1234	50	-200	0.023228442396313324
1234	50	-150	-0.016499295698924794
1234	50	-100	-0.023703462365591472
1234	50	-50	-0.009381962365591376
1234	50	0	0.022484870967741877
1234	50	50	0.06467187096774185
1234	50	100	0.07058303763440854
1234	50	150	0.06406787096774187
1234	50	200	0.04200703763440853
1234	50	250	0.06907937096774182
1234	50	300	0.12393303763440862
1234	50	350	0.12870220430107535
1234	50	400	0.10349353763440854
1234	50	450	0.20099687096774196
1234	50	500	0.1541027043010752
1234	50	550	0.27874653763440854
1234	50	600	0.23910203763440863
1234	50	650	0.3382548709677419
1234	50	700	0.35099670430107516
1234	50	750	0.26072737096774184
1234	50	800	0.2293395376344085
1234	50	850	0.2737832043010753
1234	50	900	0.1937547043010753
1234	50	950	0.2761197043010752
1234	50	1e3	0.2710913709677419
1234	50	1050	0.26324770430107525
1234	50	1100	0.32284820430107525
1234	50	1150	0.38346553763440855
1234	51	-200	-0.005364866359446806
1234	51	-150	0.009045252688172209
1234	51	-100	0.0011990860215055725
1234	51	-50	0.02122408602150568
1234	51	0	-0.02520941397849441
1234	51	50	-0.0033920806451610552
1234	51	100	-0.014997580645161138
1234	51	150	0.022515252688172227
1234	51	200	0.041218586021505445
1234	51	250	0.029803419354838878
1234	51	300	0.012680586021505569
1234	51	350	0.03453841935483889
1234	51	400	0.03878008602150559
1234	51	450	0.005303586021505602
1234	51	500	0.06604875268817227
1234	51	550	0.06018291935483888
1234	51	600	0.0818609193548389
1234	51	650	0.1468700860215056
1234	51	700	0.17463358602150567
1234	51	750	0.04786108602150555
1234	51	800	0.0426697526881723
1234	51	850	0.11399358602150562
1234	51	900	0.12190608602150561
1234	51	950	0.04497991935483888
1234	51	1e3	0.17281316935483892
1234	51	1050	NA
1234	51	1100	0.34591791935483895
1234	51	1150	0.37615658602150565
1234	52	-200	-0.07158080645161302
1234	52	-150	-0.05462030645161309
1234	52	-100	0.024697193548386915
1234	52	-50	0.020788193548386975
1234	52	0	0.09264586021505357
1234	52	50	0.09327586021505356
1234	52	100	0.04437086021505343
1234	52	150	0.059322026881720204
1234	52	200	0.031789693548386934
1234	52	250	0.07469136021505356
1234	52	300	0.029359860215053473
1234	52	350	0.06930969354838679
1234	52	400	0.08252136021505348
1234	52	450	0.10824052688172014
1234	52	500	0.10827019354838681
1234	52	550	0.18734869354838687
1234	52	600	0.15483836021505368
1234	52	650	0.24718519354838686
1234	52	700	0.15438636021505361
1234	52	750	0.20561969354838686
1234	52	800	0.11670019354838697
1234	52	850	0.16653086021505356
1234	52	900	0.1542378602150535
1234	52	950	0.08056769354838685
1234	52	1e3	0.13535686021505353
1234	52	1050	0.1608410268817202
1234	52	1100	0.2036793602150535
1234	52	1150	0.22522036021505346
1234	53	-200	0.01476443317972371
1234	53	-150	-0.021270209677419178
1234	53	-100	-0.009891543010752457
1234	53	-50	0.019410123655914175
1234	53	0	-0.005473543010752572
1234	53	50	-0.041000709677419124
1234	53	100	-0.010027876344085751
1234	53	150	0.013099290322580911
1234	53	200	-0.006809709677419044
1234	53	250	-0.05920504301075239
1234	53	300	-0.06728104301075237
1234	53	350	0.030388956989247557
1234	53	400	0.013142290322580852
1234	53	450	0.14482462365591417
1234	53	500	0.17412529032258087
1234	53	550	0.18892845698924754
1234	53	600	0.24737145698924748
1234	53	650	0.28437812365591425
1234	53	700	0.21483879032258088
1234	53	750	0.10709629032258088
1234	53	800	-0.021177876344085744
1234	53	850	-0.017786543010752442
1234	53	900	-0.03500137634408581
1234	53	950	-0.08454820967741912
1234	53	1e3	-0.04382854301075256
1234	53	1050	-0.03486504301075244
1234	53	1100	-0.06462270967741923
1234	53	1150	-0.022134209677419154
1234	54	-200	-0.015721506912442212
1234	54	-150	-0.00161660215053742
1234	54	-100	-0.02775960215053745
1234	54	-50	0.05403106451612919
1234	54	0	-0.006313102150537449
1234	54	50	0.053301231182795915
1234	54	100	-0.006071768817204208
1234	54	150	-0.02556793548387078
1234	54	200	-0.12172376881720415
1234	54	250	-0.1649801021505375
1234	54	300	-0.13286210215053748
1234	54	350	-0.18077760215053748
1234	54	400	-0.18532293548387072
1234	54	450	-0.20302393548387077
1234	54	500	-0.2038839354838707
1234	54	550	-0.17204443548387083
1234	54	600	-0.11899126881720412
1234	54	650	-0.08856776881720418
1234	54	700	-0.09683360215053738
1234	54	750	-0.09799043548387076
1234	54	800	-0.018757935483870874
1234	54	850	NA
1234	54	900	NA
1234	54	950	-0.9852199354838707
1234	54	1e3	-0.05440860215053752
1234	54	1050	-0.1289077688172041
1234	54	1100	-0.0489926021505375
1234	54	1150	-0.0368336021505374
1234	55	-200	-0.022170500000000166
1234	55	-150	0.030059999999999826
1234	55	-100	0.006380499999999974
1234	55	-50	0.001894999999999832
1234	55	0	-0.016165000000000058
1234	55	50	0.013468666666666499
1234	55	100	0.00820249999999989
1234	55	150	0.032905166666666506
1234	55	200	-0.006216833333333449
1234	55	250	-0.016338833333333413
1234	55	300	0.08765133333333323
1234	55	350	0.09746099999999995
1234	55	400	0.20004483333333326
1234	55	450	0.24923783333333324
1234	55	500	0.2806138333333333
1234	55	550	0.30598833333333325
1234	55	600	0.3399478333333332
1234	55	650	0.4250405
1234	55	700	0.4042166666666665
1234	55	750	0.35225066666666655
1234	55	800	0.3162133333333332
1234	55	850	0.2571588333333332
1234	55	900	0.32698783333333314
1234	55	950	0.2980761666666665
1234	55	1e3	0.3483548333333332
1234	55	1050	0.36818849999999975
1234	55	1100	0.3941733333333331
1234	55	1150	0.4807669999999997
1234	57	-200	0.07645870046082928
1234	57	-150	0.020498295698924585
1234	57	-100	-0.021697370967742158
1234	57	-50	-0.041757870967742194
1234	57	0	-0.0462448709677421
1234	57	50	-0.09279170430107538
1234	57	100	-0.0566430376344087
1234	57	150	-0.06915037096774206
1234	57	200	-0.009163370967742113
1234	57	250	-0.060422704301075436
1234	57	300	-0.09635953763440878
1234	57	350	-0.14676270430107538
1234	57	400	-0.12588137096774213
1234	57	450	-0.10925920430107545
1234	57	500	-0.12032470430107549
1234	57	550	-0.05027953763440873
1234	57	600	-0.03233537096774208
1234	57	650	2.5295698924547118e-5
1234	57	700	0.019224129032257897
1234	57	750	0.01551529569892455
1234	57	800	-0.014833037634408722
1234	57	850	-0.010645204301075554
1234	57	900	-0.014457870967742092
1234	57	950	-0.0038350376344088075
1234	57	1e3	9.876290322578345e-4
1234	57	1050	0.07726629569892458
1234	57	1100	0.06249562903225788
1234	57	1150	0.1443439623655912
1234	58	-200	0.016495792626728307
1234	58	-150	0.03474293548387123
1234	58	-100	-0.04285973118279555
1234	58	-50	-0.007115564516128936
1234	58	0	-0.004012731182795548
1234	58	50	-0.10720523118279557
1234	58	100	-0.14485773118279552
1234	58	150	-0.12756889784946224
1234	58	200	-0.006061397849462136
1234	58	250	-0.03633873118279555
1234	58	300	0.08046343548387114
1234	58	350	0.14361226881720443
1234	58	400	0.19269876881720452
1234	58	450	0.24894776881720446
1234	58	500	0.26983326881720454
1234	58	550	0.2649417688172044
1234	58	600	0.3287119354838712
1234	58	650	0.34608410215053786
1234	58	700	0.3744607688172042
1234	58	750	0.3340176021505379
1234	58	800	0.33241776881720453
1234	58	850	0.2574917688172045
1234	58	900	0.1990901021505378
1234	58	950	0.16704043548387112
1234	58	1e3	NA
1234	58	1050	0.16153693548387094
1234	58	1100	-0.07392573118279544
1234	58	1150	-0.060779564516128946
1234	59	-200	0.044074516129032126
1234	59	-150	-0.0316344838709679
1234	59	-100	-0.03584181720430113
1234	59	-50	-0.06377581720430119
1234	59	0	0.07983184946236555
1234	59	50	0.10200468279569885
1234	59	100	0.11600201612903212
1234	59	150	0.16911451612903217
1234	59	200	0.23484751612903212
1234	59	250	0.29003451612903214
1234	59	300	0.33823651612903216
1234	59	350	0.3541431827956989
1234	59	400	0.4259865161290322
1234	59	450	0.4149128494623655
1234	59	500	0.4172033494623654
1234	59	550	0.45474868279569886
1234	59	600	0.399826182795699
1234	59	650	0.3206843494623655
1234	59	700	0.25477318279569877
1234	59	750	0.25562651612903203
1234	59	800	0.5622175161290324
1234	59	850	0.11875784946236549
1234	59	900	-0.1322128172043012
1234	59	950	-0.10257431720430121
1234	59	1e3	-0.05657431720430117
1234	59	1050	-0.06559965053763454
1234	59	1100	-0.010365150537634538
1234	59	1150	-0.010224650537634513
1234	60	-200	-0.019459921658986294
1234	60	-150	-0.002210397849462383
1234	60	-100	0.006598268817204304
1234	60	-50	-0.007088731182795775
1234	60	0	0.025404102150537494
1234	60	50	0.019510268817204263
1234	60	100	0.005248268817204267
1234	60	150	-0.0698582311827957
1234	60	200	-0.02464023118279579
1234	60	250	0.013461102150537455
1234	60	300	0.025738602150537693
1234	60	350	0.02673910215053758
1234	60	400	0.07976110215053756
1234	60	450	0.06702226881720426
1234	60	500	0.1293859354838709
1234	60	550	0.122144935483871
1234	60	600	0.2761974354838708
1234	60	650	0.4455779354838709
1234	60	700	NA
1234	60	750	NA
1234	60	800	0.500370435483871
1234	60	850	0.3295867688172043
1234	60	900	0.3156547688172042
1234	60	950	0.3094142688172043
1234	60	1e3	0.41357910215053756
1234	60	1050	0.43133993548387095
1234	60	1100	0.6086676021505376
1234	60	1150	0.6890989354838709
1234	61	-200	0.009954585253456447
1234	61	-150	-0.012107129032257857
1234	61	-100	0.022076537634408682
1234	61	-50	0.0016430376344087616
1234	61	0	-0.023226129032257885
1234	61	50	0.030326204301075393
1234	61	100	-0.032345629032257905
1234	61	150	-0.022977795698924625
1234	61	200	0.020904370967742114
1234	61	250	-0.021699295698924665
1234	61	300	0.03971037096774207
1234	61	350	0.04215753763440885
1234	61	400	0.05034353763440872
1234	61	450	-0.02595579569892455
1234	61	500	0.06280353763440871
1234	61	550	0.0790468709677421
1234	61	600	0.09663020430107531
1234	61	650	0.14446837096774204
1234	61	700	0.028877870967742265
1234	61	750	-0.017080795698924584
1234	61	800	-0.06964712903225793
1234	61	850	-0.1119352956989245
1234	61	900	-0.06404812903225794
1234	61	950	-0.054322129032257825
1234	61	1e3	-0.0793664623655912
1234	61	1050	0.010498037634408671
1234	61	1100	0.03177570430107549
1234	61	1150	0.019967704301075456
1234	62	-200	-0.02210284792626733
1234	62	-150	0.02950358064516127
1234	62	-100	-0.013415086021505429
1234	62	-50	-0.02541358602150538
1234	62	0	0.035111747311827944
1234	62	50	0.04840108064516128
1234	62	100	0.09217158064516129
1234	62	150	0.21146141397849463
1234	62	200	0.0767429139784946
1234	62	250	0.11432624731182799
1234	62	300	0.1450815806451613
1234	62	350	0.11873608064516124
1234	62	400	0.13519274731182795
1234	62	450	0.1656920806451614
1234	62	500	0.14724208064516145
1234	62	550	0.15866791397849464
1234	62	600	0.25717441397849466
1234	62	650	0.40712858064516144
1234	62	700	0.2956565806451614
1234	62	750	0.2931095806451613
1234	62	800	0.12013208064516127
1234	62	850	0.10248641397849474
1234	62	900	0.08602741397849467
1234	62	950	0.10822658064516137
1234	62	1e3	0.20222324731182803
1234	62	1050	0.27810241397849467
1234	62	1100	0.2601857473118279
1234	62	1150	0.24766241397849464
1234	63	-200	-0.044210800000000106
1234	63	-150	-0.017269633333333534
1234	63	-100	0.02432969999999986
1234	63	-50	0.013023199999999754
1234	63	0	0.024127533333333135
1234	63	50	0.051317533333333186
1234	63	100	0.09694286666666645
1234	63	150	-0.007820895238095371
1234	63	200	-0.03612446666666678
1234	63	250	-0.0860256333333335
1234	63	300	-0.11112163333333351
1234	63	350	-0.1337306333333336
1234	63	400	-0.17482013333333354
1234	63	450	-0.19409113333333342
1234	63	500	-0.1755113000000003
1234	63	550	-0.09918796666666685
1234	63	600	-0.0975618000000001
1234	63	650	-0.027041300000000268
1234	63	700	-0.03304046666666682
1234	63	750	-0.020881633333333555
1234	63	800	-0.030858300000000154
1234	63	850	-0.08628463333333343
1234	63	900	-0.13964630000000003
1234	63	950	-0.07998796666666681
1234	63	1e3	-0.04322246666666681
1234	63	1050	0.0767451999999998
1234	63	1100	0.3788920333333332
1234	63	1150	0.24201824761904747
1234	64	-200	-0.012679792626728201
1234	64	-150	-2.28935483871077e-4
1234	64	-100	0.023284064516128817
1234	64	-50	-0.020742602150537765
1234	64	0	0.012480564516129
1234	64	50	0.08553773118279555
1234	64	100	0.15678773118279565
1234	64	150	0.23978773118279562
1234	64	200	0.3335735645161289
1234	64	250	0.30851339784946213
1234	64	300	0.3644200645161289
1234	64	350	0.40513923118279555
1234	64	400	0.5403958978494622
1234	64	450	0.5439803978494622
1234	64	500	0.5947322311827956
1234	64	550	0.6751298978494623
1234	64	600	0.7088217311827955
1234	64	650	0.6821180645161289
1234	64	700	0.5686885645161289
1234	64	750	0.47161273118279556
1234	64	800	0.4415273978494623
1234	64	850	0.375868564516129
1234	64	900	0.4541643978494622
1234	64	950	0.500216564516129
1234	64	1e3	0.5252813978494622
1234	64	1050	0.5827150645161291
1234	64	1100	0.6763992311827955
1234	64	1150	0.7281975645161288
1234	65	-200	-0.01786005529953925
1234	65	-150	-0.010714817204301156
1234	65	-100	0.008301516129032146
1234	65	-50	0.01041701612903223
1234	65	0	0.012833016129032204
1234	65	50	0.03407718279569886
1234	65	100	0.048929849462365484
1234	65	150	0.03934084946236557
1234	65	200	0.037049849462365524
1234	65	250	0.03131801612903221
1234	65	300	-0.07078598387096775
1234	65	350	-0.03675515053763453
1234	65	400	-0.05204498387096779
1234	65	450	-0.058866983870967816
1234	65	500	-0.051374650537634535
1234	65	550	-0.10071198387096787
1234	65	600	-0.024295650537634456
1234	65	650	-0.05624798387096782
1234	65	700	0.012794182795698847
1234	65	750	0.09150851612903226
1234	65	800	0.03928851612903217
1234	65	850	0.022087849462365527
1234	65	900	0.016436682795698838
1234	65	950	-0.02952598387096783
1234	65	1e3	-0.10920848387096778
1234	65	1050	-0.02792148387096775
1234	65	1100	-0.060460817204301076
1234	65	1150	-0.06523748387096773
1234	66	-200	-0.06451772811059898
1234	66	-150	-0.013935704301075122
1234	66	-100	-0.012600037634408423
1234	66	-50	0.02985012903225807
1234	66	0	0.07195629569892488
1234	66	50	0.047951462365591446
1234	66	100	0.05601196236559155
1234	66	150	0.0910624623655915
1234	66	200	0.015380295698924925
1234	66	250	-0.006921037634408507
1234	66	300	-0.004634204301075195
1234	66	350	-0.052406870967741805
1234	66	400	-0.09756237096774178
1234	66	450	-4.8437096774171334e-4
1234	66	500	0.04789479569892485
1234	66	550	0.08429246236559147
1234	66	600	0.08465512903225807
1234	66	650	0.041555629032258144
1234	66	700	-0.011837204301075044
1234	66	750	-0.10027653763440851
1234	66	800	-0.18128053763440852
1234	66	850	-0.23725937096774183
1234	66	900	-0.18695553763440845
1234	66	950	-0.24739587096774188
1234	66	1e3	-0.21558337096774186
1234	66	1050	-0.17827287096774183
1234	66	1100	-0.2295813709677419
1234	66	1150	-0.2960832043010752
1234	67	-200	0.003520447004608153
1234	67	-150	-4.4100537634424636e-4
1234	67	-100	-0.0026181720430108837
1234	67	-50	0.010865661290322478
1234	67	0	-0.011913672043010784
1234	67	50	-0.0013880053763441296
1234	67	100	-0.01514017204301088
1234	67	150	-0.028044005376344144
1234	67	200	-0.004749005376344077
1234	67	250	0.023203827956989203
1234	67	300	0.030546494623655773
1234	67	350	0.07331199462365579
1234	67	400	0.12604899462365582
1234	67	450	0.1367959946236558
1234	67	500	0.2128774946236558
1234	67	550	0.23576899462365578
1234	67	600	0.2687856612903225
1234	67	650	0.3589109946236558
1234	67	700	0.31781066129032237
1234	67	750	0.3873893279569891
1234	67	800	0.34337899462365584
1234	67	850	0.30168516129032247
1234	67	900	0.2757111612903225
1234	67	950	0.4645431612903226
1234	67	1e3	NA
1234	67	1050	0.4842611612903225
1234	67	1100	0.4172808279569891
1234	67	1150	0.3087739946236559
1234	68	-200	0.0036748433179722667
1234	68	-150	0.03101929569892466
1234	68	-100	0.04738046236559127
1234	68	-50	-0.043150204301075336
1234	68	0	-0.039536870967741944
1234	68	50	0.02804046236559136
1234	68	100	0.021202129032257933
1234	68	150	0.04654562903225797
1234	68	200	0.05773979569892466
1234	68	250	0.10028396236559127
1234	68	300	0.19497679569892465
1234	68	350	0.21007612903225806
1234	68	400	0.16729246236559137
1234	68	450	0.1964407956989247
1234	68	500	0.207599129032258
1234	68	550	0.3142659623655913
1234	68	600	0.23906146236559125
1234	68	650	0.23071462903225792
1234	68	700	0.10756096236559132
1234	68	750	0.06373679569892461
1234	68	800	0.007104129032257989
1234	68	850	-0.06863070430107528
1234	68	900	0.08858312903225807
1234	68	950	NA
1234	68	1e3	0.46192712903225797
1234	68	1050	0.06571012903225792
1234	68	1100	0.0257874623655913
1234	68	1150	0.015387462365591261
1234	69	-200	-0.03218256221198163
1234	69	-150	-0.04258791935483863
1234	69	-100	-0.008137919354838688
1234	69	-50	0.007788413978494575
1234	69	0	0.08048374731182799
1234	69	50	0.029121747311828
1234	69	100	0.07922274731182795
1234	69	150	0.006801247311827963
1234	69	200	0.03404091397849459
1234	69	250	0.07027241397849464
1234	69	300	0.0610434139784947
1234	69	350	0.046686580645161214
1234	69	400	0.08378008064516133
1234	69	450	0.04390158064516133
1234	69	500	0.061202747311827954
1234	69	550	0.158820247311828
1234	69	600	0.150694747311828
1234	69	650	0.16853191397849465
1234	69	700	0.20837758064516132
1234	69	750	0.20659708064516127
1234	69	800	0.16598108064516137
1234	69	850	0.13950941397849456
1234	69	900	0.07988124731182793
1234	69	950	0.09299808064516135
1234	69	1e3	0.07757174731182796
1234	69	1050	0.09127208064516124
1234	69	1100	0.1294210806451613
1234	69	1150	0.13413041397849476
1234	70	-200	-0.10436862672811083
1234	70	-150	-0.04904415053763459
1234	70	-100	0.053488349462365394
1234	70	-50	0.07015051612903211
1234	70	0	0.047168682795698746
1234	70	50	0.08979884946236538
1234	70	100	0.07073218279569866
1234	70	150	0.05278901612903216
1234	70	200	0.0888828494623654
1234	70	250	0.061117682795698736
1234	70	300	-0.007736650537634541
1234	70	350	0.04500168279569879
1234	70	400	0.05951918279569868
1234	70	450	0.13174384946236542
1234	70	500	0.12988484946236545
1234	70	550	0.12470918279569876
1234	70	600	0.17630451612903206
1234	70	650	0.17060834946236544
1234	70	700	0.21508634946236546
1234	70	750	0.13059034946236547
1234	70	800	0.07818984946236547
1234	70	850	NA
1234	70	900	-0.15368898387096785
1234	70	950	-0.21913281720430122
1234	70	1e3	-0.0915143172043013
1234	70	1050	0.17294718279569868
1234	70	1100	0.2009388494623654
1234	70	1150	0.3107763494623655
1234	71	-200	0.06351991705069134
1234	71	-150	0.029982774193548556
1234	71	-100	-0.00512889247311817
1234	71	-50	-0.03351772580645155
1234	71	0	-0.06544272580645161
1234	71	50	-0.09856839247311815
1234	71	100	-0.06241022580645154
1234	71	150	-0.10149639247311819
1234	71	200	-0.07560355913978485
1234	71	250	-0.10416955913978487
1234	71	300	-0.09511955913978494
1234	71	350	-0.12302539247311824
1234	71	400	-0.11232889247311828
1234	71	450	-0.08542072580645159
1234	71	500	-0.11620072580645154
1234	71	550	-0.10403139247311814
1234	71	600	-0.036901392473118154
1234	71	650	0.020726274193548406
1234	71	700	0.05774560752688177
1234	71	750	0.08933477419354847
1234	71	800	0.10008944086021516
1234	71	850	0.1867702741935485
1234	71	900	0.17580210752688186
1234	71	950	0.5427779408602151
1234	71	1e3	0.6029756075268818
1234	71	1050	0.6998877741935484
1234	71	1100	0.6455659408602151
1234	71	1150	0.6688056075268818
1234	72	-200	-0.03589776036866356
1234	72	-150	-0.0013034032258064283
1234	72	-100	-0.01319090322580633
1234	72	-50	0.015877596774193536
1234	72	0	0.04049743010752708
1234	72	50	0.06884693010752689
1234	72	100	0.09049326344086024
1234	72	150	0.12677376344086033
1234	72	200	0.05078876344086022
1234	72	250	0.06965976344086022
1234	72	300	0.13450026344086022
1234	72	350	0.04468609677419363
1234	72	400	0.099499430107527
1234	72	450	0.09608059677419363
1234	72	500	0.10570209677419358
1234	72	550	0.14814726344086027
1234	72	600	0.18524709677419363
1234	72	650	0.23158109677419367
1234	72	700	0.1882740967741936
1234	72	750	0.18932676344086027
1234	72	800	0.1560384301075269
1234	72	850	0.14378689677419362
1234	72	900	NA
1234	72	950	0.49492476344086017
1234	72	1e3	0.2369452634408602
1234	72	1050	0.27255493010752696
1234	72	1100	0.23091743010752697
1234	72	1150	0.24317159677419364
1234	73	-200	-0.019747876344086073
1234	73	-150	0.11367871889400918
1234	73	-100	0.014342290322580453
1234	73	-50	-0.0498122811059908
1234	73	0	-0.06671487634408613
1234	73	50	-0.033736209677419415
1234	73	100	-0.09879337634408618
1234	73	150	-0.11149254301075288
1234	73	200	-0.10500820967741949
1234	73	250	-0.07489970967741932
1234	73	300	-0.1171893763440861
1234	73	350	-0.1394698763440861
1234	73	400	-0.10686437634408603
1234	73	450	-0.10316204301075271
1234	73	500	-0.10135804301075273
1234	73	550	-0.061121043010752794
1234	73	600	-0.05747920967741941
1234	73	650	0.03159212365591394
1234	73	700	0.03858095698924724
1234	73	750	0.022362456989247253
1234	73	800	0.047920456989247295
1234	73	850	0.037605956989247145
1234	73	900	-0.009946376344086127
1234	73	950	0.012703623655913932
1234	73	1e3	0.11463229032258056
1234	73	1050	0.0769026236559139
1234	73	1100	0.1933834569892472
1234	73	1150	0.2039949569892472
1234	74	-200	-0.04962847004608279
1234	74	-150	0.008751553763440908
1234	74	-100	-0.010788612903225673
1234	74	-50	0.010269553763441039
1234	74	0	0.04966738709677424
1234	74	50	0.13893138709677424
1234	74	100	0.09658388709677428
1234	74	150	0.10548238709677427
1234	74	200	0.11684938709677432
1234	74	250	0.14868222043010756
1234	74	300	0.1560207204301077
1234	74	350	0.19127205376344092
1234	74	400	0.20986372043010762
1234	74	450	0.25635155376344093
1234	74	500	0.29217472043010767
1234	74	550	0.289918553763441
1234	74	600	0.3304605537634409
1234	74	650	0.4082067204301077
1234	74	700	0.41991855376344095
1234	74	750	0.3845298870967743
1234	74	800	0.3444835537634409
1234	74	850	0.2966318870967743
1234	74	900	0.2500782204301076
1234	74	950	0.2831015537634409
1234	74	1e3	0.26651105376344103
1234	74	1050	0.33651355376344094
1234	74	1100	0.26259238709677435
1234	74	1150	0.3563663870967743
1234	75	-200	-0.06336424423963116
1234	75	-150	-0.05037622043010733
1234	75	-100	0.02587527956989244
1234	75	-50	0.05128027956989256
1234	75	0	0.04714561290322594
1234	75	50	0.11262644623655922
1234	75	100	-0.055966887096774144
1234	75	150	0.1056501129032259
1234	75	200	0.08081227956989252
1234	75	250	0.07811444623655928
1234	75	300	-0.062082887096774085
1234	75	350	-0.14101205376344064
1234	75	400	-0.10669388709677403
1234	75	450	-0.09159172043010748
1234	75	500	-0.19130138709677422
1234	75	550	-0.32364788709677406
1234	75	600	-0.32681072043010745
1234	75	650	-0.2798005537634407
1234	75	700	-0.3305035537634408
1234	75	750	-0.3112865537634408
1234	75	800	-0.3834355537634407
1234	75	850	-0.3853000537634408
1234	75	900	-0.37581455376344075
1234	75	950	-0.32633888709677406
1234	75	1e3	-0.3675648870967741
1234	75	1050	-0.29239955376344073
1234	75	1100	-0.3042140537634408
1234	75	1150	-0.33438688709677417
1234	76	-200	-0.002262299999999865
1234	76	-150	-0.03204913333333318
1234	76	-100	0.003685533333333435
1234	76	-50	-0.03278879999999984
1234	76	0	0.06341470000000012
1234	76	50	0.08221336666666683
1234	76	100	0.1976802000000001
1234	76	150	0.2315708666666668
1234	76	200	0.2708502000000001
1234	76	250	0.3209505333333334
1234	76	300	0.38617503333333353
1234	76	350	0.4039048666666667
1234	76	400	0.4691250333333334
1234	76	450	0.5489907
1234	76	500	0.540477366666667
1234	76	550	0.6233865333333334
1234	76	600	0.6553452000000003
1234	76	650	0.6501262000000002
1234	76	700	0.5839138666666667
1234	76	750	0.4666540333333335
1234	76	800	0.4458167
1234	76	850	0.37460370000000015
1234	76	900	0.3549548666666668
1234	76	950	0.35333453333333337
1234	76	1e3	0.4029302000000002
1234	76	1050	0.31951786666666687
1234	76	1100	0.32283803333333344
1234	76	1150	0.3445092476190476
1234	77	-200	0.09538283410138249
1234	77	-150	0.010655715053763318
1234	77	-100	-9.88118279569979e-4
1234	77	-50	-0.06703245161290335
1234	77	0	-0.05391511827957
1234	77	50	-0.03654445161290328
1234	77	100	-0.0341529516129034
1234	77	150	-0.07451261827957005
1234	77	200	-0.05630978494623662
1234	77	250	-0.03016945161290341
1234	77	300	-0.061357284946236636
1234	77	350	-0.03898928494623677
1234	77	400	-0.06714111827957003
1234	77	450	0.005805048387096686
1234	77	500	0.040741215053763234
1234	77	550	0.10249554838709662
1234	77	600	0.07921238172043006
1234	77	650	0.06458121505376331
1234	77	700	0.08240838172042997
1234	77	750	0.10576388172042998
1234	77	800	0.13274838172043002
1234	77	850	0.11627821505376335
1234	77	900	0.053972715053763366
1234	77	950	0.07403571505376338
1234	77	1e3	0.036366215053763286
1234	77	1050	0.04160971505376332
1234	77	1100	0.07896638172043009
1234	77	1150	0.06717288172043001
1234	78	-200	0.04362438709677433
1234	78	-150	0.02389155376344106
1234	78	-100	-0.008869446236559053
1234	78	-50	-0.03228777956989237
1234	78	0	-0.033629446236558946
1234	78	50	-0.054599612903225715
1234	78	100	-0.0626467795698924
1234	78	150	-0.02722127956989236
1234	78	200	-0.029469279569892388
1234	78	250	-0.027150612903225735
1234	78	300	-0.049399112903225705
1234	78	350	2.01887096774378e-4
1234	78	400	0.009457220430107549
1234	78	450	0.03942655376344092
1234	78	500	0.12439272043010763
1234	78	550	0.12433922043010755
1234	78	600	0.20286772043010762
1234	78	650	0.24102655376344098
1234	78	700	0.19687238709677427
1234	78	750	0.16671905376344096
1234	78	800	0.06769288709677428
1234	78	850	0.07423505376344093
1234	78	900	0.032662887096774305
1234	78	950	0.050621387096774294
1234	78	1e3	0.03700022043010757
1234	78	1050	0.03293505376344097
1234	78	1100	0.09032838709677422
1234	78	1150	0.10760655376344082
1234	79	-200	0.1415361372549017
1234	79	-150	0.0015924705882349361
1234	79	-100	-0.17175432941176502
1234	79	-50	NA
1234	79	0	NA
1234	79	50	-0.4005838627450984
1234	79	100	-0.6565609294117649
1234	79	150	-0.8210471008403364
1234	79	200	-0.9967753627450984
1234	79	250	-0.9407818627450985
1234	79	300	-0.9641911960784316
1234	79	350	-0.8922578627450982
1234	79	400	-0.9745168627450983
1234	79	450	-1.0207808627450983
1234	79	500	-0.9965236960784316
1234	79	550	-1.058429529411765
1234	79	600	-1.074713029411765
1234	79	650	-1.0928246960784318
1234	79	700	-0.9917383627450983
1234	79	750	-0.957277029411765
1234	79	800	-0.9215045294117651
1234	79	850	-0.7590693627450983
1234	79	900	-0.733248529411765
1234	79	950	-0.8919936960784316
1234	79	1e3	-0.9513493627450983
1234	79	1050	-0.8523653627450983
1234	79	1100	NA
1234	79	1150	NA
1234	80	-200	-0.05475012903225813
1234	80	-150	0.05067087096774192
1234	80	-100	-0.027179462365591284
1234	80	-50	-0.020239962365591408
1234	80	0	0.06062370430107533
1234	80	50	-0.0122074623655913
1234	80	100	0.0023187043010752806
1234	80	150	-0.01796912903225804
1234	80	200	-0.05243896236559135
1234	80	250	-0.15344496236559144
1234	80	300	-0.24549112903225798
1234	80	350	-0.29926712903225816
1234	80	400	-0.33485462903225804
1234	80	450	-0.3346039623655914
1234	80	500	-0.32681579569892477
1234	80	550	-0.34282829569892476
1234	80	600	-0.3221319623655914
1234	80	650	-0.3235639623655913
1234	80	700	-0.34669179569892467
1234	80	750	-0.36521529569892475
1234	80	800	-0.4204204623655914
1234	80	850	-0.43068679569892465
1234	80	900	NA
1234	80	950	-0.2981656290322581
1234	80	1e3	-0.292214129032258
1234	80	1050	-0.23242346236559142
1234	80	1100	-0.205939129032258
1234	80	1150	-0.18558779569892478
1234	81	-200	-0.012523516129032242
1234	81	-150	-0.010555349462365507
1234	81	-100	0.05083798387096775
1234	81	-50	-0.016412682795698963
1234	81	0	-0.009259182795698928
1234	81	50	2.0215053763446753e-4
1234	81	100	-0.0401995161290322
1234	81	150	-0.10433268279569881
1234	81	200	-0.08864751612903217
1234	81	250	-0.13327918279569895
1234	81	300	-0.05448784946236559
1234	81	350	-0.0121408494623656
1234	81	400	0.13945715053763444
1234	81	450	0.10295731720430108
1234	81	500	0.30401415053763453
1234	81	550	0.3354139838709678
1234	81	600	0.4280864838709677
1234	81	650	0.4886346505376345
1234	81	700	0.5591653172043011
1234	81	750	0.514665817204301
1234	81	800	0.5556836505376345
1234	81	850	0.3817589838709678
1234	81	900	0.2538598172043012
1234	81	950	0.2176393172043011
1234	81	1e3	0.16291273387096783
1234	81	1050	NA
1234	81	1100	NA
1234	81	1150	NA
1234	82	-200	0.014211110599077934
1234	82	-150	-0.027728365591398314
1234	82	-100	-0.002134865591398342
1234	82	-50	-0.04449553225806491
1234	82	0	0.05777913440860183
1234	82	50	0.13146813440860164
1234	82	100	0.170786967741935
1234	82	150	0.15745296774193487
1234	82	200	0.20603996774193498
1234	82	250	0.18231163440860185
1234	82	300	0.12063513440860163
1234	82	350	0.13735246774193502
1234	82	400	0.08394196774193514
1234	82	450	0.012827967741935176
1234	82	500	6.906344086018793e-4
1234	82	550	0.09893763440860177
1234	82	600	0.07544896774193514
1234	82	650	0.004815634408601814
1234	82	700	-0.027557198924731702
1234	82	750	-0.16193403225806483
1234	82	800	NA
1234	82	850	-0.581713032258065
1234	82	900	-0.406765889400922
1234	82	950	-0.3719866989247316
1234	82	1e3	-0.45612019892473166
1234	82	1050	-0.4572295322580649
1234	82	1100	-0.44508236559139824
1234	82	1150	-0.4036033655913982
1234	83	-200	0.0019513640552995298
1234	83	-150	-0.013400564516129032
1234	83	-100	-0.01706139784946233
1234	83	-50	-0.0063218978494623546
1234	83	0	0.03450726881720434
1234	83	50	-0.05465156451612896
1234	83	100	-0.025332064516128943
1234	83	150	-0.02692039784946232
1234	83	200	-0.02049889784946231
1234	83	250	-0.09829556451612904
1234	83	300	-0.053597897849462305
1234	83	350	-0.055811231182795705
1234	83	400	-0.11659806451612902
1234	83	450	-0.12150106451612903
1234	83	500	-0.1162328978494623
1234	83	550	-0.0649783978494624
1234	83	600	-0.05743556451612893
1234	83	650	0.07368093548387107
1234	83	700	0.11149760215053761
1234	83	750	0.07410293548387092
1234	83	800	0.074991435483871
1234	83	850	0.1524627688172043
1234	83	900	0.1452297688172043
1234	83	950	0.09221643548387097
1234	83	1e3	-0.008252564516129102
1234	83	1050	NA
1234	83	1100	0.43169560215053765
1234	83	1150	0.47686160215053763
1234	84	-200	-0.07082932718894
1234	84	-150	-0.03709727956989236
1234	84	-100	-0.014828112903225646
1234	84	-50	0.031018053763441022
1234	84	0	0.10354155376344105
1234	84	50	0.08322688709677435
1234	84	100	0.06591272043010761
1234	84	150	0.08956572043010762
1234	84	200	0.12425788709677432
1234	84	250	0.06914822043010764
1234	84	300	-0.012948612903225612
1234	84	350	-0.07278161290322556
1234	84	400	-0.0545516129032256
1234	84	450	-0.1059081129032257
1234	84	500	-0.09541094623655895
1234	84	550	-0.019601946236559014
1234	84	600	0.01252288709677433
1234	84	650	-0.014544112903225695
1234	84	700	0.0401078870967743
1234	84	750	-0.042383946236558945
1234	84	800	-0.059438279569892304
1234	84	850	0.016321887096774363
1234	84	900	-0.022368446236558908
1234	84	950	-2.9181290322561894e-4
1234	84	1e3	NA
1234	84	1050	NA
1234	84	1100	0.11640555376344104
1234	84	1150	0.013524387096774356
1234	85	-200	0.11592522580645152
1234	85	-150	0.06859789247311825
1234	85	-100	0.016244892473118222
1234	85	-50	-0.03062348847926266
1234	85	0	-0.16504060752688177
1234	85	50	-0.12760494086021504
1234	85	100	-0.25037294086021517
1234	85	150	-0.2153282741935484
1234	85	200	-0.27521660752688165
1234	85	250	-0.28489094086021516
1234	85	300	-0.30651877419354845
1234	85	350	-0.26313810752688177
1234	85	400	-0.31572027419354837
1234	85	450	-0.35799244086021514
1234	85	500	-0.31362094086021514
1234	85	550	-0.2448484408602151
1234	85	600	-0.19677677419354844
1234	85	650	-0.1437796075268818
1234	85	700	-0.15765910752688175
1234	85	750	-0.11635660752688175
1234	85	800	-0.1748949408602151
1234	85	850	-0.12378944086021515
1234	85	900	-0.19768194086021507
1234	85	950	-0.09066777419354836
1234	85	1e3	NA
1234	85	1050	4.022258064515505e-4
1234	85	1100	-0.12845194086021502
1234	85	1150	-0.06333444086021507
1234	86	-200	-0.02345481566820253
1234	86	-150	-0.010254553763440718
1234	86	-100	0.008765779569892699
1234	86	-50	0.016928612903226004
1234	86	0	0.011924112903226
1234	86	50	0.07293044623655935
1234	86	100	0.0851101129032259
1234	86	150	0.12464461290322593
1234	86	200	0.13662677956989264
1234	86	250	0.1098697795698927
1234	86	300	0.072594112903226
1234	86	350	0.07857811290322599
1234	86	400	0.147802112903226
1234	86	450	0.1480134462365593
1234	86	500	0.16987444623655926
1234	86	550	0.18166661290322605
1234	86	600	0.20497761290322614
1234	86	650	0.12701877956989263
1234	86	700	0.13134361290322602
1234	86	750	0.11191211290322596
1234	86	800	0.07388661290322592
1234	86	850	0.0699096129032261
1234	86	900	0.09020827956989264
1234	86	950	NA
1234	86	1e3	NA
1234	86	1050	0.37092361290322584
1234	86	1100	0.025508612903226036
1234	86	1150	0.17576561290322604
1234	87	-200	-0.031123066666666494
1234	87	-150	-0.05239089999999994
1234	87	-100	0.009703100000000076
1234	87	-50	0.023031433333333535
1234	87	0	0.05077943333333349
1234	87	50	0.06679310000000016
1234	87	100	0.14522626666666683
1234	87	150	0.11986626666666678
1234	87	200	0.10025626666666672
1234	87	250	0.15258960000000013
1234	87	300	0.15290310000000015
1234	87	350	0.10245126666666682
1234	87	400	0.14184576666666682
1234	87	450	0.13577060000000007
1234	87	500	0.13548426666666677
1234	87	550	0.1477537666666667
1234	87	600	0.23588410000000018
1234	87	650	0.19509593333333344
1234	87	700	0.1666871
1234	87	750	0.16016026666666683
1234	87	800	0.10249443333333345
1234	87	850	0.1960357666666667
1234	87	900	0.2358306000000002
1234	87	950	0.1053754333333335
1234	87	1e3	0.16313940952380954
1234	87	1050	0.14523486666666674
1234	87	1100	0.25756483809523817
1234	87	1150	0.21880826666666686
1234	88	-200	0.019337926267281196
1234	88	-150	0.007536688172043116
1234	88	-100	0.002780354838709753
1234	88	-50	-0.013767478494623564
1234	88	0	-0.01911047849462359
1234	88	50	-0.0201314784946236
1234	88	100	-0.003887978494623597
1234	88	150	0.005276521505376349
1234	88	200	-0.019300645161290337
1234	88	250	-0.011173145161290199
1234	88	300	-0.006260311827957017
1234	88	350	0.03382518817204305
1234	88	400	0.0727556881720431
1234	88	450	0.050847188172043
1234	88	500	0.1915856881720431
1234	88	550	0.19199018817204308
1234	88	600	0.21207218817204296
1234	88	650	0.186199688172043
1234	88	700	0.195470188172043
1234	88	750	0.21778452150537642
1234	88	800	0.1660135215053764
1234	88	850	0.10839868817204305
1234	88	900	0.14411635483870974
1234	88	950	0.18817018817204315
1234	88	1e3	0.2222128548387098
1234	88	1050	0.2320725215053764
1234	88	1100	0.23901735483870978
1234	88	1150	0.25507918817204306
1234	89	-200	-0.10009794470046066
1234	89	-150	0.005211150537634583
1234	89	-100	0.003219650537634733
1234	89	-50	0.017125483870967944
1234	89	0	0.09122465053763462
1234	89	50	0.18733281720430126
1234	89	100	0.17545698387096795
1234	89	150	0.23876981720430127
1234	89	200	0.30087615053763456
1234	89	250	0.29854848387096783
1234	89	300	0.43390615053763465
1234	89	350	0.42909815053763456
1234	89	400	0.3362831505376345
1234	89	450	0.37392581720430124
1234	89	500	0.4135948172043013
1234	89	550	0.3476536505376346
1234	89	600	0.47089565053763466
1234	89	650	0.3446651505376346
1234	89	700	0.32335131720430127
1234	89	750	0.2512783172043012
1234	89	800	0.21647115053763458
1234	89	850	0.28223531720430123
1234	89	900	0.22123565053763458
1234	89	950	0.20774081720430124
1234	89	1e3	0.2289829838709679
1234	89	1050	0.4419569838709678
1234	89	1100	NA
1234	89	1150	0.7178169838709679
1234	90	-200	-0.055546865591397765
1234	90	-150	-0.06360486559139782
1234	90	-100	0.088087634408602275
1234	90	-50	0.06612613440860231
1234	90	0	-0.03005317511520733
1234	90	50	-0.018280365591397747
1234	90	100	-0.021754032258064493
1234	90	150	-0.01491003225806442
1234	90	200	0.02281530107526882
1234	90	250	-0.04994219892473114
1234	90	300	-0.06019986559139771
1234	90	350	0.023648467741935592
1234	90	400	-0.026597865591397873
1234	90	450	-0.08246236559139779
1234	90	500	-0.027821032258064447
1234	90	550	0.08008911059907835
1234	90	600	0.05446963440860234
1234	90	650	0.12996246774193562
1234	90	700	0.18194680107526895
1234	90	750	0.08402063440860223
1234	90	800	0.10397836774193543
1234	90	850	NA
1234	90	900	0.3083607177419355
1234	90	950	0.11165296774193563
1234	90	1e3	-0.17220323225806453
1234	90	1050	-0.24719003225806432
1234	90	1100	-0.1182401989247311
1234	90	1150	-0.1088605322580644
1234	91	-200	0.0018886866359446586
1234	91	-150	-0.034931075268817224
1234	91	-100	-0.031023075268817275
1234	91	-50	0.011011424731182698
1234	91	0	0.052739258064515994
1234	91	50	0.031109758064516102
1234	91	100	0.14741259139784946
1234	91	150	0.19774559139784934
1234	91	200	0.32137875806451616
1234	91	250	0.36064909139784945
1234	91	300	0.47692309139784944
1234	91	350	0.38561092473118275
1234	91	400	0.5133392580645161
1234	91	450	0.5258604247311828
1234	91	500	0.5540707580645161
1234	91	550	0.5261974247311828
1234	91	600	0.415956258064516
1234	91	650	0.2715729247311827
1234	91	700	0.13004442473118263
1234	91	750	0.16600409139784933
1234	91	800	0.1605939247311828
1234	91	850	0.037604758064516096
1234	91	900	0.052963091397849306
1234	91	950	0.0770989247311827
1234	91	1e3	0.12398975806451602
1234	91	1050	0.14255125806451616
1234	91	1100	0.16488659139784936
1234	91	1150	0.16688942473118282
1234	92	-200	-0.038841999999999884
1234	92	-150	-0.04422199999999984
1234	92	-100	4.803333333334159e-4
1234	92	-50	0.05949016666666673
1234	92	0	0.029567166666666738
1234	92	50	0.006259333333333321
1234	92	100	-0.02704966666666664
1234	92	150	-0.01749549999999996
1234	92	200	-0.027213499999999852
1234	92	250	-0.09094533333333321
1234	92	300	-0.1310011666666666
1234	92	350	-0.09357916666666655
1234	92	400	-0.12017033333333327
1234	92	450	-0.09371649999999983
1234	92	500	-0.1375954999999999
1234	92	550	-0.08447249999999995
1234	92	600	-0.06008183333333328
1234	92	650	-0.042238666666666536
1234	92	700	-0.018497999999999903
1234	92	750	0.010904333333333405
1234	92	800	0.038280500000000085
1234	92	850	0.0068620000000002195
1234	92	900	-0.005247333333333308
1234	92	950	0.10799150000000009
1234	92	1e3	0.4806400000000002
1234	92	1050	0.17372300000000007
1234	92	1100	0.045113333333333415
1234	92	1150	0.0751170000000001
1234	93	-200	-0.027648852534562365
1234	93	-150	0.047008456989247126
1234	93	-100	0.005751623655913714
1234	93	-50	-0.0083768763440862
1234	93	0	-0.012126209677419508
1234	93	50	-0.04518770967741951
1234	93	100	-0.05848737634408622
1234	93	150	-0.058108543010752856
1234	93	200	-0.07019120967741954
1234	93	250	-0.031312043010752966
1234	93	300	-0.0353303763440862
1234	93	350	-0.08385037634408625
1234	93	400	-0.07006320967741948
1234	93	450	0.0037871236559137156
1234	93	500	0.002150956989247055
1234	93	550	0.06284612365591384
1234	93	600	0.03828995698924712
1234	93	650	0.03582762365591371
1234	93	700	0.00982079032258043
1234	93	750	-0.06800254301075292
1234	93	800	0.0034787903225805086
1234	93	850	-0.001440509677419577
1234	93	900	NA
1234	93	950	NA
1234	93	1e3	NA
1234	93	1050	0.16085045698924713
1234	93	1100	0.01174545698924708
1234	93	1150	0.0400509569892471
1234	94	-200	0.008793207373271843
1234	94	-150	-0.01624393548387104
1234	94	-100	0.01730473118279578
1234	94	-50	0.015123897849462256
1234	94	0	-0.026443435483871108
1234	94	50	-0.03457176881720433
1234	94	100	-7.479354838710872e-4
1234	94	150	-0.06914543548387105
1234	94	200	-0.08542026881720426
1234	94	250	0.02112756451612907
1234	94	300	0.005560064516128967
1234	94	350	-0.014181102150537583
1234	94	400	0.11142589784946237
1234	94	450	0.06799156451612894
1234	94	500	0.11888639784946238
1234	94	550	0.023284231182795656
1234	94	600	0.012745397849462345
1234	94	650	0.08433273118279565
1234	94	700	0.04774423118279566
1234	94	750	-0.07091460215053773
1234	94	800	-0.18082193548387107
1234	94	850	NA
1234	94	900	NA
1234	94	950	NA
1234	94	1e3	-1.0435483870807616e-5
1234	94	1050	-0.1214362688172043
1234	94	1100	-0.22160176881720428
1234	94	1150	-0.12354093548387109
1234	95	-200	-0.04786603225806444
1234	95	-150	-0.03510419892473108
1234	95	-100	0.04149146774193572
1234	95	-50	-2.83198924730943e-4
1234	95	0	0.04973963440860244
1234	95	50	0.05668413440860235
1234	95	100	0.11486063440860228
1234	95	150	0.09144363440860233
1234	95	200	0.08044030107526894
1234	95	250	0.10737213440860227
1234	95	300	0.14829130107526903
1234	95	350	0.09138663440860229
1234	95	400	0.1268954677419357
1234	95	450	0.1762696344086024
1234	95	500	0.14820463440860232
1234	95	550	0.15038730107526907
1234	95	600	0.1373101344086023
1234	95	650	0.18522930107526894
1234	95	700	0.14064863440860234
1234	95	750	0.047047301075269075
1234	95	800	-0.011812198924730991
1234	95	850	0.12849496774193558
1234	95	900	NA
1234	95	950	0.07502963440860233
1234	95	1e3	0.33778913440860237
1234	95	1050	0.2367926344086023
1234	95	1100	0.2525129677419356
1234	95	1150	0.28553296774193565
1234	96	-200	0.03240281566820264
1234	96	-150	0.031082887096774165
1234	96	-100	-0.0035131129032259048
1234	96	-50	-0.00972094623655928
1234	96	0	-0.05565211290322584
1234	96	50	0.024810053763440736
1234	96	100	-0.020802279569892407
1234	96	150	-0.04231094623655918
1234	96	200	0.01891222043010754
1234	96	250	0.09155455376344095
1234	96	300	0.05095355376344083
1234	96	350	0.10678638709677417
1234	96	400	0.11852222043010752
1234	96	450	0.11471205376344089
1234	96	500	0.21524238709677426
1234	96	550	0.20962538709677414
1234	96	600	0.18900272043010746
1234	96	650	0.13490338709677419
1234	96	700	0.11784522043010755
1234	96	750	0.06717305376344081
1234	96	800	0.06644338709677422
1234	96	850	0.021108553763440858
1234	96	900	0.08827318709677412
1234	96	950	NA
1234	96	1e3	NA
1234	96	1050	0.5612282204301076
1234	96	1100	0.47626155376344087
1234	96	1150	0.39559955376344086
1234	97	-200	0.045672267281105974
1234	97	-150	0.04705517204301072
1234	97	-100	0.02782433870967734
1234	97	-50	-0.048445161290322725
1234	97	0	-0.07971866129032261
1234	97	50	-0.03723782795698923
1234	97	100	-0.03448066129032271
1234	97	150	-0.061528327956989294
1234	97	200	-0.10019066129032266
1234	97	250	-0.1286258279569894
1234	97	300	-0.12403399462365594
1234	97	350	-0.16835466129032262
1234	97	400	-0.15987616129032248
1234	97	450	-0.12834032795698924
1234	97	500	-0.12412032795698928
1234	97	550	-0.04083882795698927
1234	97	600	-0.06250649462365591
1234	97	650	-0.08626399462365593
1234	97	700	-0.05359466129032264
1234	97	750	-0.10700866129032265
1234	97	800	-0.12937982795698919
1234	97	850	-0.08818666129032275
1234	97	900	-0.06041649462365591
1234	97	950	0.04028517204301071
1234	97	1e3	NA
1234	97	1050	NA
1234	97	1100	0.524185505376344
1234	97	1150	0.31924241013824883
1234	98	-200	-0.027237082949308395
1234	98	-150	0.0022332741935487586
1234	98	-100	0.014517940860215258
1234	98	-50	0.015057107526882088
1234	98	0	-3.172580645112907e-5
1234	98	50	0.0072157741935487225
1234	98	100	0.02415810752688204
1234	98	150	0.05890227419354884
1234	98	200	0.05037460752688213
1234	98	250	-0.01015122580645141
1234	98	300	0.07874377419354868
1234	98	350	-0.015284392473118006
1234	98	400	-0.1371313924731179
1234	98	450	-0.15998089247311795
1234	98	500	-0.1802557258064513
1234	98	550	-0.29424322580645135
1234	98	600	-0.30542455913978456
1234	98	650	-0.41321955913978453
1234	98	700	-0.48188022580645123
1234	98	750	-0.48905555913978455
1234	98	800	-0.4914485591397846
1234	98	850	-0.5726430591397845
1234	98	900	-0.5187827258064512
1234	98	950	-0.5369522258064513
1234	98	1e3	-0.4488587258064513
1234	98	1050	-0.36234089247311796
1234	98	1100	-0.44588905913978455
1234	98	1150	-0.43902655913978456
1234	99	-200	-0.044040903225806324
1234	99	-150	-0.0470969032258064
1234	99	-100	-0.008839903225806411
1234	99	-50	0.053093596774193674
1234	99	0	0.054224263440860364
1234	99	50	-0.09419956989247298
1234	99	100	-0.12989490322580632
1234	99	150	-0.1289909032258063
1234	99	200	-0.17640390322580637
1234	99	250	-0.1479089032258063
1234	99	300	-0.07057206989247315
1234	99	350	-0.1148970698924731
1234	99	400	-0.06488990322580628
1234	99	450	-0.016751736559139713
1234	99	500	0.098848763440860285
1234	99	550	0.15551809677419373
1234	99	600	0.201499930107527
1234	99	650	0.10617843010752703
1234	99	700	-0.06762056989247307
1234	99	750	-0.07407290322580644
1234	99	800	NA
1234	99	850	NA
1234	99	900	-0.1279572365591397
1234	99	950	-0.17953873655913966
1234	99	1e3	-0.22991723655913962
1234	99	1050	-0.2100847365591397
1234	99	1100	-0.05644606989247299
1234	99	1150	-0.08372273655913968
1234	100	-200	-0.05508629493087559
1234	100	-150	-0.06739974731182796
1234	100	-100	-0.010003247311827964
1234	100	-50	0.07258675268817198
1234	100	0	0.06908358602150533
1234	100	50	0.049944086021505386
1234	100	100	0.041609086021505405
1234	100	150	0.045201252688172065
1234	100	200	0.005781919354838738
1234	100	250	-0.006294913978494687
1234	100	300	-0.11937808064516135
1234	100	350	-0.16584024731182798
1234	100	400	-0.15491008064516118
1234	100	450	-0.0896819139784945
1234	100	500	-0.07723691397849468
1234	100	550	-0.030789913978494548
1234	100	600	0.02183241935483878
1234	100	650	-0.03680624731182802
1234	100	700	0.0545290860215053
1234	100	750	0.11990641935483877
1234	100	800	0.23933341935483873
1234	100	850	0.24137858602150533
1234	100	900	0.30176658602150536
1234	100	950	0.2986549193548387
1234	100	1e3	0.31722475268817196
1234	100	1050	0.36960641935483873
1234	100	1100	0.3767502526881721
1234	100	1150	0.41831708602150547
1234	101	-200	0.008926233333333311
1234	101	-150	-0.0020149333333332464
1234	101	-100	-0.01697193333333343
1234	101	-50	0.006384266666666694
1234	101	0	0.005076233333333402
1234	101	50	0.03872989999999995
1234	101	100	0.01791240000000009
1234	101	150	0.03242456666666671
1234	101	200	0.02783673333333329
1234	101	250	0.05990540000000003
1234	101	300	0.029008566666666697
1234	101	350	0.05924523333333339
1234	101	400	0.05160190000000009
1234	101	450	0.09631523333333332
1234	101	500	0.10570423333333334
1234	101	550	0.10223173333333335
1234	101	600	0.1738674
1234	101	650	0.25206756666666674
1234	101	700	0.18782923333333335
1234	101	750	0.19049373333333341
1234	101	800	0.1650980666666666
1234	101	850	0.1809807333333334
1234	101	900	0.1651670666666667
1234	101	950	0.2120685666666667
1234	101	1e3	0.25964356666666666
1234	101	1050	NA
1234	101	1100	NA
1234	101	1150	0.7302020666666669
1234	102	-200	-0.03963354377880198
1234	102	-150	-0.009594091397849539
1234	102	-100	-0.001111424731182975
1234	102	-50	0.029688241935483733
1234	102	0	0.027256408602150433
1234	102	50	-0.08228659139784959
1234	102	100	-0.009741758064516123
1234	102	150	-0.03906675806451624
1234	102	200	-0.055544258064516315
1234	102	250	-0.04051575806451627
1234	102	300	-0.0719745913978495
1234	102	350	-0.04893625806451629
1234	102	400	0.009223741935483698
1234	102	450	0.040039075268817115
1234	102	500	0.10140657526881713
1234	102	550	0.13672107526881713
1234	102	600	0.128482575268817
1234	102	650	0.11816740860215047
1234	102	700	0.03772440860215043
1234	102	750	0.039520908602150406
1234	102	800	0.03416157526881706
1234	102	850	0.01903574193548378
1234	102	900	-0.03821942473118297
1234	102	950	0.03069724193548377
1234	102	1e3	0.06788090860215042
1234	102	1050	0.20927940860215047
1234	102	1100	0.1953135752688171
1234	102	1150	0.2423590752688171
1234	103	-200	0.03260770046082952
1234	103	-150	-0.006474704301075255
1234	103	-100	0.0070051290322581394
1234	103	-50	-0.011456204301075227
1234	103	0	-0.027116537634408616
1234	103	50	0.016995129032258083
1234	103	100	-0.020018537634408567
1234	103	150	0.07703196236559144
1234	103	200	-0.028491204301075285
1234	103	250	0.036126462365591396
1234	103	300	-0.041620370967741994
1234	103	350	-0.01773220430107525
1234	103	400	-0.06055970430107527
1234	103	450	-0.03988887096774193
1234	103	500	-0.01362753763440853
1234	103	550	0.05609812903225805
1234	103	600	0.039619962365591434
1234	103	650	0.16312129569892475
1234	103	700	0.057965462365591414
1234	103	750	0.11421646236559146
1234	103	800	0.024684129032258067
1234	103	850	0.016757295698924663
1234	103	900	0.06981846236559146
1234	103	950	0.04049646236559138
1234	103	1e3	0.050103295698924834
1234	103	1050	0.1462902956989247
1234	103	1100	0.1564691290322581
1234	103	1150	0.19208079569892486
1234	105	-200	0.011262820276497594
1234	105	-150	-0.003823989247311902
1234	105	-100	-0.03085682258064515
1234	105	-50	0.007414010752688105
1234	105	0	0.014126844086021384
1234	105	50	0.04928084408602137
1234	105	100	-0.019065322580645267
1234	105	150	-0.03957715591397859
1234	105	200	0.028035177419354795
1234	105	250	0.041604510752688194
1234	105	300	0.03939034408602149
1234	105	350	0.04925151075268808
1234	105	400	0.055213344086021486
1234	105	450	0.07842917741935485
1234	105	500	0.13379667741935472
1234	105	550	0.18998701075268806
1234	105	600	0.16124351075268817
1234	105	650	0.1608815107526881
1234	105	700	0.1774483440860215
1234	105	750	0.13533784408602148
1234	105	800	0.14908717741935482
1234	105	850	0.18377984408602144
1234	105	900	0.14105367741935484
1234	105	950	0.1269321774193548
1234	105	1e3	0.12512534408602147
1234	105	1050	0.1678191774193547
1234	105	1100	0.2537450107526881
1234	105	1150	0.22264717741935472
1234	106	-200	0.08976798617511537
1234	106	-150	-0.02120337096774172
1234	106	-100	-0.017939704301075166
1234	106	-50	-0.04690403763440846
1234	106	0	-0.018682204301075034
1234	106	50	-0.01540570430107513
1234	106	100	0.011409962365591664
1234	106	150	-0.02007720430107507
1234	106	200	-0.09096303763440854
1234	106	250	-0.19338770430107508
1234	106	300	-0.18446003763440846
1234	106	350	-0.20949687096774175
1234	106	400	-0.19096737096774183
1234	106	450	-0.22829587096774176
1234	106	500	-0.23660103763440854
1234	106	550	-0.19810470430107516
1234	106	600	-0.16008037096774186
1234	106	650	-0.11416620430107509
1234	106	700	-0.15785037096774168
1234	106	750	-0.0791917043010751
1234	106	800	-0.14757987096774192
1234	106	850	-0.20921670430107517
1234	106	900	-0.22492637096774182
1234	106	950	-0.18819453763440852
1234	106	1e3	-0.20475603763440842
1234	106	1050	-0.1663470376344085
1234	106	1100	-0.1397905376344084
1234	106	1150	-0.061004537634408385
1234	107	-200	0.04966529999999995
1234	107	-150	0.0033613000000000484
1234	107	-100	0.05433029999999994
1234	107	-50	-0.029913033333333356
1234	107	0	-0.07744386666666674
1234	107	50	0.09666796666666662
1234	107	100	0.07017196666666663
1234	107	150	0.07499263333333335
1234	107	200	0.12315196666666657
1234	107	250	0.16437846666666647
1234	107	300	0.19022129999999993
1234	107	350	0.22669346666666668
1234	107	400	0.2739629666666666
1234	107	450	0.19244063333333328
1234	107	500	0.20417346666666666
1234	107	550	0.2692328000000001
1234	107	600	0.2049641333333332
1234	107	650	0.17022529999999994
1234	107	700	0.029367419047619032
1234	107	750	-0.07206570000000001
1234	107	800	-0.08157086666666673
1234	107	850	-0.15082336666666665
1234	107	900	-0.19593870000000005
1234	107	950	-0.1822997000000001
1234	107	1e3	-0.1951175333333334
1234	107	1050	-0.14167353333333343
1234	107	1100	-0.023013033333333377
1234	107	1150	0.0269114666666667
1234	108	-200	0.0037410506912442442
1234	108	-150	-0.01118580645161297
1234	108	-100	0.029879026881720467
1234	108	-50	-0.02767330645161281
1234	108	0	0.004615526881720437
1234	108	50	-0.04005080645161282
1234	108	100	-0.047626806451612914
1234	108	150	-0.09006897311827955
1234	108	200	-0.05558713978494619
1234	108	250	-0.00840213978494623
1234	108	300	-0.034164139784946146
1234	108	350	-0.07601547311827961
1234	108	400	-0.13215297311827964
1234	108	450	-0.11382097311827954
1234	108	500	-0.15394813978494618
1234	108	550	-0.1672941397849462
1234	108	600	-0.20374030645161287
1234	108	650	-0.22096113978494633
1234	108	700	-0.27241863978494635
1234	108	750	-0.37577930645161284
1234	108	800	-0.36293380645161294
1234	108	850	-0.42321330645161287
1234	108	900	-0.4437544731182796
1234	108	950	-0.45288747311827954
1234	108	1e3	-0.41545713978494625
1234	108	1050	-0.4509281397849462
1234	108	1100	-0.3828498064516128
1234	108	1150	NA
1234	109	-200	0.0075565115207375045
1234	109	-150	-0.012514774193548295
1234	109	-100	-0.0025414408602149052
1234	109	-50	0.015092392473118407
1234	109	0	-0.008852107526881628
1234	109	50	0.018973559139785195
1234	109	100	0.04948689247311844
1234	109	150	0.03402155913978514
1234	109	200	0.058203892473118524
1234	109	250	0.05665122580645169
1234	109	300	0.03892039247311837
1234	109	350	0.036901725806451825
1234	109	400	0.044799559139785096
1234	109	450	0.08179355913978507
1234	109	500	0.09152055913978518
1234	109	550	0.15740705913978514
1234	109	600	0.17304155913978514
1234	109	650	0.1717245591397852
1234	109	700	0.18504422580645183
1234	109	750	0.14328189247311837
1234	109	800	0.17290355913978517
1234	109	850	0.1366053924731184
1234	109	900	0.1889237258064519
1234	109	950	NA
1234	109	1e3	0.3761108924731184
1234	109	1050	0.4315918924731184
1234	109	1100	0.30570222580645184
1234	109	1150	0.2537715591397851
1234	110	-200	0.028778737327188737
1234	110	-150	3.9228494623633203e-4
1234	110	-100	-0.003609381720430275
1234	110	-50	0.0167726182795697
1234	110	0	-0.047130715053763574
1234	110	50	-0.022473548387096882
1234	110	100	-0.09777571505376363
1234	110	150	-0.11471804838709702
1234	110	200	-0.03754354838709695
1234	110	250	0.08224411827956975
1234	110	300	-0.04218488172043022
1234	110	350	-0.07848754838709697
1234	110	400	-0.015830881720430307
1234	110	450	0.01861011827956971
1234	110	500	-0.1234568817204303
1234	110	550	-0.10139988172043031
1234	110	600	-0.1282505483870969
1234	110	650	0.019463118279569775
1234	110	700	-0.07806271505376361
1234	110	750	-4.243817204302817e-4
1234	110	800	-0.09847754838709692
1234	110	850	-0.21615804838709685
1234	110	900	NA
1234	110	950	NA
1234	110	1e3	0.24867345161290308
1234	110	1050	0.025990118279569725
1234	110	1100	-0.08068288172043021
1234	110	1150	-0.06555288172043021
1234	111	-200	-0.024093175115207366
1234	111	-150	0.03694513440860218
1234	111	-100	-0.014901865591397797
1234	111	-50	7.646344086021569e-4
1234	111	0	0.005300801075268795
1234	111	50	0.05862330107526881
1234	111	100	0.11062196774193556
1234	111	150	0.15214646774193552
1234	111	200	0.13902730107526887
1234	111	250	0.17692613440860208
1234	111	300	0.2361396344086021
1234	111	350	0.17041796774193543
1234	111	400	0.18866213440860213
1234	111	450	0.05681480107526885
1234	111	500	0.12772663440860219
1234	111	550	0.06120430107526875
1234	111	600	0.013634301075268787
1234	111	650	0.0367473010752688
1234	111	700	-0.06119836559139776
1234	111	750	-0.04117403225806456
1234	111	800	-0.13707869892473123
1234	111	850	-0.09270336559139795
1234	111	900	NA
1234	111	950	0.3153303010752689
1234	111	1e3	0.06963530107526876
1234	111	1050	-0.02469119892473115
1234	111	1100	-0.05131719892473119
1234	111	1150	-0.10225953225806446
1234	113	-200	0.013296423963133464
1234	113	-150	-0.035776123655913906
1234	113	-100	0.037139543010752694
1234	113	-50	0.006585043010752652
1234	113	0	-0.023460956989247366
1234	113	50	-0.01320212365591411
1234	113	100	-0.008747123655914088
1234	113	150	-0.038898790322580666
1234	113	200	-0.06140729032258078
1234	113	250	-0.07241412365591415
1234	113	300	-0.05952095698924742
1234	113	350	-0.09487562365591407
1234	113	400	-0.035990623655914065
1234	113	450	-0.04066995698924739
1234	113	500	-0.05296562365591403
1234	113	550	-0.013405456989247444
1234	113	600	0.07580287634408589
1234	113	650	0.05258154301075265
1234	113	700	0.1721817096774192
1234	113	750	NA
1234	113	800	0.11345687634408597
1234	113	850	0.09751556682027639
1234	113	900	0.17459770967741925
1234	113	950	0.2618450430107527
1234	113	1e3	0.16217220967741933
1234	113	1050	0.19592187634408598
1234	113	1100	0.24574737634408597
1234	113	1150	0.19353054301075265
1234	114	-200	-0.06378520000000017
1234	114	-150	0.05311713333333327
1234	114	-100	2.017999999998447e-4
1234	114	-50	0.050229633333333114
1234	114	0	-0.0397633666666668
1234	114	50	-0.09892703333333348
1234	114	100	-0.01593060476190487
1234	114	150	-0.09657943333333359
1234	114	200	-0.07840546190476205
1234	114	250	-0.08025963333333337
1234	114	300	-0.06560046190476207
1234	114	350	-0.06875070000000005
1234	114	400	-0.07278420000000015
1234	114	450	0.007500133333333103
1234	114	500	-0.021750866666666813
1234	114	550	-0.011612700000000142
1234	114	600	0.12450196666666653
1234	114	650	0.20341179999999973
1234	114	700	0.1635932999999999
1234	114	750	NA
1234	114	800	-0.23668153333333342
1234	114	850	0.32519663333333315
1234	114	900	0.24286013333333334
1234	114	950	0.26535529999999974
1234	114	1e3	0.31718396666666654
1234	114	1050	0.3269098
1234	114	1100	0.32547513333333306
1234	114	1150	0.27386479999999974
1234	115	-200	0.012210253456221018
1234	115	-150	-0.00745103225806476
1234	115	-100	0.06514713440860202
1234	115	-50	-0.02216553225806465
1234	115	0	-0.049775865591398016
1234	115	50	-0.07686953225806474
1234	115	100	-0.08098803225806472
1234	115	150	-0.04965219892473131
1234	115	200	-0.07511436559139817
1234	115	250	-0.02379819892473134
1234	115	300	-0.00923336559139809
1234	115	350	0.053737467741935406
1234	115	400	0.01323413440860192
1234	115	450	0.1178909677419353
1234	115	500	0.06746330107526861
1234	115	550	0.22321146774193537
1234	115	600	0.17366413440860193
1234	115	650	0.23756630107526858
1234	115	700	0.25961913440860207
1234	115	750	0.28012730107526856
1234	115	800	0.1881963010752686
1234	115	850	0.25879646774193515
1234	115	900	0.24960530107526865
1234	115	950	0.11574080107526867
1234	115	1e3	0.0888853010752686
1234	115	1050	0.08590163440860203
1234	115	1100	0.1459443010752687
1234	115	1150	0.08014680107526861
1234	116	-200	0.06546784331797229
1234	116	-150	0.007973129032257923
1234	116	-100	0.01589379569892461
1234	116	-50	-0.04028320430107538
1234	116	0	-0.059962870967742075
1234	116	50	-0.09442870430107542
1234	116	100	-0.14687853763440875
1234	116	150	-0.11490370430107529
1234	116	200	-0.19955587096774208
1234	116	250	-0.1057933709677421
1234	116	300	-0.11828870430107541
1234	116	350	-0.2194435376344087
1234	116	400	-0.23894303763440874
1234	116	450	-0.24736420430107545
1234	116	500	-0.16885387096774215
1234	116	550	-0.16177703763440868
1234	116	600	-0.11184070430107533
1234	116	650	-0.06774437096774195
1234	116	700	-0.043521870967741995
1234	116	750	-0.09598553763440869
1234	116	800	-0.16220953763440873
1234	116	850	-0.13533570430107536
1234	116	900	-0.10252553763440868
1234	116	950	-0.119771870967742
1234	116	1e3	-0.04015953763440868
1234	116	1050	0.11076346236559124
1234	116	1100	NA
1234	116	1150	NA
1234	117	-200	0.010321184331797248
1234	117	-150	-0.0015278870967740943
1234	117	-100	-0.036119887096774196
1234	117	-50	0.021465779569892412
1234	117	0	0.004140612903225834
1234	117	50	0.026331612903225905
1234	117	100	-0.004333387096774184
1234	117	150	-0.08009422043010746
1234	117	200	-0.09422922043010747
1234	117	250	-0.10431055376344078
1234	117	300	-0.0830842204301075
1234	117	350	-0.06298238709677421
1234	117	400	-0.08938588709677409
1234	117	450	-0.06948538709677421
1234	117	500	-0.07761338709677412
1234	117	550	-0.05260638709677412
1234	117	600	-0.03384288709677411
1234	117	650	-0.057960553763440746
1234	117	700	-0.07799788709677413
1234	117	750	-0.10951672043010752
1234	117	800	-0.22115122043010738
1234	117	850	-0.2367952204301075
1234	117	900	-0.1063508870967742
1234	117	950	NA
1234	117	1e3	-0.1424827870967742
1234	117	1050	-0.2071335537634409
1234	117	1100	-0.33904422043010746
1234	117	1150	-0.3002732204301075
1234	118	-200	0.06943892165898616
1234	118	-150	0.028183731182795563
1234	118	-100	-0.02244576881720432
1234	118	-50	-0.016554268817204305
1234	118	0	-0.07019576881720428
1234	118	50	-0.09045293548387108
1234	118	100	-0.1362527688172043
1234	118	150	-0.11346760215053771
1234	118	200	-0.1622402688172043
1234	118	250	-0.1271942688172043
1234	118	300	-0.16769793548387102
1234	118	350	-0.14713043548387103
1234	118	400	-0.09185793548387111
1234	118	450	-0.124602435483871
1234	118	500	-0.1338341021505376
1234	118	550	-0.14305876881720447
1234	118	600	-0.08523843548387104
1234	118	650	-0.07303626881720438
1234	118	700	-0.06563626881720437
1234	118	750	-0.04034560215053773
1234	118	800	-0.1224322688172043
1234	118	850	-0.12536643548387105
1234	118	900	-0.1172117688172043
1234	118	950	-0.07220493548387104
1234	118	1e3	-0.0908471021505377
1234	118	1050	-0.06310110215053766
1234	118	1100	0.008347731182795748
1234	118	1150	NA
1234	119	-200	0.08805774654377865
1234	119	-150	0.07482103225806432
1234	119	-100	-0.025520967741935685
1234	119	-50	-0.059415967741935694
1234	119	0	-0.09261813440860227
1234	119	50	-0.14440880107526896
1234	119	100	-0.1402736344086024
1234	119	150	-0.19149930107526894
1234	119	200	-0.18833563440860224
1234	119	250	-0.22777596774193576
1234	119	300	-0.23867596774193575
1234	119	350	-0.3187454677419357
1234	119	400	-0.32057863440860235
1234	119	450	-0.3995256344086024
1234	119	500	-0.43571113440860226
1234	119	550	-0.360035301075269
1234	119	600	-0.4103684677419357
1234	119	650	-0.31829713440860236
1234	119	700	-0.4769514677419357
1234	119	750	-0.4037684677419356
1234	119	800	-0.40198513440860234
1234	119	850	-0.39210396774193573
1234	119	900	-0.34740563440860245
1234	119	950	-0.21679596774193569
1234	119	1e3	-0.3345966344086024
1234	119	1050	-0.3321911344086024
1234	119	1100	-0.276900801075269
1234	119	1150	-0.25326046774193567
1234	121	-200	-0.02140676666666641
1234	121	-150	-0.017998766666666482
1234	121	-100	-0.0032055999999997344
1234	121	-50	0.02418747142857163
1234	121	0	0.01727090000000011
1234	121	50	-0.017902099999999827
1234	121	100	0.017550100000000235
1234	121	150	0.06845775714285736
1234	121	200	0.1228893000000002
1234	121	250	0.21063940000000025
1234	121	300	0.20890740000000027
1234	121	350	0.1714613285714288
1234	121	400	0.1729154000000003
1234	121	450	0.21437773333333357
1234	121	500	0.2613930666666669
1234	121	550	0.2966525666666669
1234	121	600	0.3339169000000003
1234	121	650	0.36316747142857164
1234	121	700	0.2875907333333336
1234	121	750	0.3140612333333335
1234	121	800	0.2865837333333335
1234	121	850	0.24457140000000024
1234	121	900	0.29462290000000024
1234	121	950	0.24714290000000028
1234	121	1e3	0.3027294000000002
1234	121	1050	0.3466922333333336
1234	121	1100	0.3027409000000003
1234	121	1150	0.33958890000000025
1234	122	-200	0.052224313364055544
1234	122	-150	0.003121575268817326
1234	122	-100	-0.010380424731182577
1234	122	-50	-0.022230591397849258
1234	122	0	-0.03143892473118267
1234	122	50	-0.07753759139784926
1234	122	100	-0.08573625806451594
1234	122	150	-0.0930164247311825
1234	122	200	-0.04164925806451595
1234	122	250	-0.11128492473118252
1234	122	300	-0.10046359139784918
1234	122	350	-0.12235092473118263
1234	122	400	-0.1295290913978492
1234	122	450	-0.05405242473118251
1234	122	500	-0.09305925806451598
1234	122	550	-0.08801575806451593
1234	122	600	0.026634908602150675
1234	122	650	-0.014072258064515841
1234	122	700	-0.03803009139784922
1234	122	750	-0.009627008064515885
1234	122	800	NA
1234	122	850	0.1833097419354841
1234	122	900	0.2313779086021508
1234	122	950	0.0725654086021507
1234	122	1e3	0.02041524193548409
1234	122	1050	0.05876390860215075
1234	122	1100	0.033372241935484125
1234	122	1150	0.10086857526881743
1234	123	-200	0.005843433179723626
1234	123	-150	-0.025618043010752583
1234	123	-100	-0.012274876344085861
1234	123	-50	-0.00937087634408599
1234	123	0	0.04044645698924739
1234	123	50	-0.03147054301075262
1234	123	100	-0.02900754301075259
1234	123	150	0.008866456989247373
1234	123	200	-0.0022783763440859714
1234	123	250	-0.030140376344085878
1234	123	300	0.010970456989247404
1234	123	350	0.015442290322580746
1234	123	400	0.03976579032258076
1234	123	450	0.026919956989247467
1234	123	500	0.1358014569892474
1234	123	550	0.14001912365591399
1234	123	600	0.1871254569892474
1234	123	650	0.16727012365591398
1234	123	700	0.1671217903225807
1234	123	750	0.16807295698924749
1234	123	800	0.15007695698924742
1234	123	850	0.16629379032258074
1234	123	900	0.1682862903225808
1234	123	950	0.15844712365591404
1234	123	1e3	0.1472346236559141
1234	123	1050	0.14391195698924739
1234	123	1100	0.15468862365591404
1234	123	1150	0.14790795698924733
1234	124	-200	0.06507130414746541
1234	124	-150	0.027184494623655908
1234	124	-100	0.0016309946236558275
1234	124	-50	-0.020317505376344174
1234	124	0	-0.0844145053763441
1234	124	50	-0.1106690053763441
1234	124	100	-0.12140883870967738
1234	124	150	-0.09697750537634413
1234	124	200	-0.07431650537634416
1234	124	250	-0.14959067204301082
1234	124	300	-0.1629245053763441
1234	124	350	-0.1784685053763441
1234	124	400	-0.18731933870967743
1234	124	450	-0.1276038387096774
1234	124	500	-0.046344005376344054
1234	124	550	-0.01607617204301078
1234	124	600	0.03306616129032262
1234	124	650	-0.06910500537634416
1234	124	700	-0.062187505376344175
1234	124	750	-0.11498000537634405
1234	124	800	-0.27018933870967743
1234	124	850	NA
1234	124	900	-0.15355383870967731
1234	124	950	-0.056370695852534576
1234	124	1e3	-0.21031000537634417
1234	124	1050	-0.23518750537634414
1234	124	1100	-0.18033917204301075
1234	124	1150	-0.1884160053763441
1234	125	-200	-0.02532326728110596
1234	125	-150	-0.0021000053763441016
1234	125	-100	-0.0029191720430107684
1234	125	-50	0.023975661290322654
1234	125	0	0.010587327956989245
1234	125	50	-0.023519172043010794
1234	125	100	-0.04408567204301065
1234	125	150	-0.11650633870967757
1234	125	200	-0.2609028387096774
1234	125	250	-0.39734617204301076
1234	125	300	-0.4115711720430108
1234	125	350	-0.41755317204301073
1234	125	400	-0.42157517204301076
1234	125	450	-0.4227255053763441
1234	125	500	-0.43828533870967745
1234	125	550	-0.43672467204301074
1234	125	600	-0.40296717204301075
1234	125	650	-0.38801433870967744
1234	125	700	-0.37751750537634404
1234	125	750	-0.39006333870967747
1234	125	800	-0.384437005376344
1234	125	850	-0.33692167204301077
1234	125	900	-0.4278273387096774
1234	125	950	-0.4053873387096774
1234	125	1e3	-0.35797367204301084
1234	125	1050	-0.4315314387096774
1234	125	1100	NA
1234	125	1150	0.05406999462365588
1234	126	-200	0.008309944700460647
1234	126	-150	0.006190182795698866
1234	126	-100	0.03765501612903196
1234	126	-50	-0.01179331720430136
1234	126	0	-0.041746817204301255
1234	126	50	-0.0547399838709679
1234	126	100	-0.18948948387096798
1234	126	150	-0.25079081720430135
1234	126	200	-0.24644248387096787
1234	126	250	-0.32554481720430123
1234	126	300	-0.42026481720430114
1234	126	350	-0.4417321505376346
1234	126	400	-0.38309115053763465
1234	126	450	-0.3814151505376346
1234	126	500	-0.42455298387096785
1234	126	550	-0.3431063172043012
1234	126	600	-0.23027998387096785
1234	126	650	-0.21365348387096797
1234	126	700	-0.21181881720430118
1234	126	750	-0.1094481505376345
1234	126	800	-0.12404731720430122
1234	126	850	-0.036641150537634504
1234	126	900	0.006047682795698783
1234	126	950	-0.12952748387096782
1234	126	1e3	-0.12903965053763464
1234	126	1050	-0.2396923172043013
1234	126	1100	-0.2841148172043013
1234	126	1150	-0.2468158172043012
1234	127	-200	-0.029989935483870918
1234	127	-150	0.001170731182795685
1234	127	-100	-4.912688172044414e-4
1234	127	-50	0.015683897849462447
1234	127	0	0.018624897849462307
1234	127	50	0.03759239784946241
1234	127	100	0.0804580645161291
1234	127	150	0.020037064516129115
1234	127	200	0.05557656451612895
1234	127	250	0.11346339784946236
1234	127	300	0.09672789784946241
1234	127	350	0.1703753978494623
1234	127	400	0.15138906451612896
1234	127	450	0.21889256451612904
1234	127	500	0.27611689784946236
1234	127	550	0.28090439784946236
1234	127	600	0.4492792645161291
1234	127	650	NA
1234	127	700	0.4686555645161291
1234	127	750	0.40159023118279574
1234	127	800	0.3614485645161291
1234	127	850	0.3392857311827957
1234	127	900	0.33757739784946245
1234	127	950	0.16873523118279574
1234	127	1e3	0.2577497311827957
1234	127	1050	0.2512517311827957
1234	127	1100	0.2602763978494624
1234	127	1150	0.26534706451612905
1234	128	-200	-0.0056743963133639875
1234	128	-150	-0.007578967741935412
1234	128	-100	-0.009829134408602114
1234	128	-50	-0.0027254677419354203
1234	128	0	0.02675369892473123
1234	128	50	0.07637719892473134
1234	128	100	0.027951532258064498
1234	128	150	0.04266219892473133
1234	128	200	0.05345203225806464
1234	128	250	0.14308003225806462
1234	128	300	0.08591019892473128
1234	128	350	0.07376819892473119
1234	128	400	0.12706153225806452
1234	128	450	0.12794219892473127
1234	128	500	0.14584036559139787
1234	128	550	0.1703950322580646
1234	128	600	0.2549068655913979
1234	128	650	0.25946786559139795
1234	128	700	0.24926903225806454
1234	128	750	0.24854336559139792
1234	128	800	0.25571719892473127
1234	128	850	0.229529365591398
1234	128	900	0.1852028655913979
1234	128	950	0.5321685322580646
1234	128	1e3	0.6351782822580647
1234	128	1050	0.3453023655913978
1234	128	1100	0.3437476989247313
1234	128	1150	0.3330955322580646
1234	129	-200	-0.00534096666666654
1234	129	-150	-0.011643133333333259
1234	129	-100	0.04294136666666685
1234	129	-50	0.002145866666666718
1234	129	0	-0.028103133333333252
1234	129	50	-0.049918466666666474
1234	129	100	-0.043032466666666526
1234	129	150	-0.002259466666666654
1234	129	200	-0.008171133333333117
1234	129	250	0.007870533333333466
1234	129	300	-0.006222466666666593
1234	129	350	0.041051366666666755
1234	129	400	0.034335700000000115
1234	129	450	0.045345866666666845
1234	129	500	0.024810033333333575
1234	129	550	0.06299991428571447
1234	129	600	0.04526620000000019
1234	129	650	0.2661437000000002
1234	129	700	-0.23996079999999997
1234	129	750	0.4366140333333335
1234	129	800	0.16307353333333352
1234	129	850	0.17090303333333345
1234	129	900	0.15200234285714295
1234	129	950	0.06444703333333357
1234	129	1e3	0.1512018666666668
1234	129	1050	0.1969307000000001
1234	129	1100	0.2574107000000001
1234	129	1150	0.25689170000000017
1234	130	-200	0.015996235023041372
1234	130	-150	0.03549063978494623
1234	130	-100	-0.009836360215053888
1234	130	-50	-0.01516852688172047
1234	130	0	-0.029148026881720506
1234	130	50	-0.05439019354838711
1234	130	100	-0.08697702688172042
1234	130	150	-0.08841369354838717
1234	130	200	-0.13220786021505382
1234	130	250	-0.05980219354838715
1234	130	300	-0.13825336021505383
1234	130	350	-0.13610486021505386
1234	130	400	-0.1345605268817205
1234	130	450	-0.16129219354838722
1234	130	500	-0.13784619354838715
1234	130	550	-0.1595193602150539
1234	130	600	-0.21660652688172047
1234	130	650	-0.18950319354838716
1234	130	700	-0.22350719354838713
1234	130	750	-0.24666252688172055
1234	130	800	-0.2570848602150537
1234	130	850	-0.32775086021505384
1234	130	900	-0.32401136021505383
1234	130	950	-0.3459383602150538
1234	130	1e3	-0.3541418602150539
1234	130	1050	-0.3224805268817204
1234	130	1100	-0.26763502688172053
1234	130	1150	-0.2853828602150537
1234	131	-200	0.09623800921659008
1234	131	-150	0.02770424731182815
1234	131	-100	-0.04450725268817187
1234	131	-50	-0.08011208602150521
1234	131	0	-0.015362586021505123
1234	131	50	-0.06928425268817184
1234	131	100	-0.09797625268817178
1234	131	150	-0.13768225268817189
1234	131	200	-0.14804558602150517
1234	131	250	-0.16091541935483855
1234	131	300	-0.08953225268817189
1234	131	350	-0.1763050860215051
1234	131	400	-0.16064608602150518
1234	131	450	-0.18817625268817192
1234	131	500	-0.08166125268817186
1234	131	550	-0.07893691935483853
1234	131	600	-0.12863308602150517
1234	131	650	-0.17575125268817185
1234	131	700	-0.18705175268817179
1234	131	750	-0.1844584193548385
1234	131	800	-0.19797175268817183
1234	131	850	-0.19593691935483845
1234	131	900	-0.20269991935483853
1234	131	950	-0.22582408602150514
1234	131	1e3	-0.3874007526881719
1234	131	1050	NA
1234	131	1100	NA
1234	131	1150	0.0812745806451615
1234	132	-200	0.036777921658986176
1234	132	-150	-0.016227935483870803
1234	132	-100	-0.02971026881720425
1234	132	-50	0.0017113978494623556
1234	132	0	0.0013192311827957177
1234	132	50	-0.025331768817204336
1234	132	100	-0.09460760215053761
1234	132	150	-0.031224768817204263
1234	132	200	-0.048657768817204294
1234	132	250	-0.05707426881720427
1234	132	300	-0.031385768817204195
1234	132	350	0.03144239784946253
1234	132	400	-0.005089768817204317
1234	132	450	-0.04704860215053763
1234	132	500	-0.04273076881720428
1234	132	550	0.013990397849462433
1234	132	600	0.03569756451612912
1234	132	650	0.1376397311827958
1234	132	700	0.2351200645161291
1234	132	750	0.26007526451612917
1234	132	800	0.04967023118279575
1234	132	850	-0.007964102150537519
1234	132	900	-0.04684843548387082
1234	132	950	-0.11364376881720428
1234	132	1e3	-0.017135102150537485
1234	132	1050	-0.08292576881720426
1234	132	1100	-0.0922331021505376
1234	132	1150	-0.04682626881720431
1234	133	-200	0.01568659447004585
1234	133	-150	-0.04004821505376369
1234	133	-100	0.005715451612903062
1234	133	-50	0.00826861827956978
1234	133	0	0.0077631182795696585
1234	133	50	-0.010727048387096927
1234	133	100	-0.004490715053763565
1234	133	150	-0.010061215053763561
1234	133	200	-0.022097881720430257
1234	133	250	-0.013181548387096953
1234	133	300	-0.01757821505376363
1234	133	350	-0.02402521505376372
1234	133	400	-0.0060375483870969875
1234	133	450	-0.01574088172043031
1234	133	500	0.05497161827956972
1234	133	550	0.13198495161290302
1234	133	600	0.14683211827956977
1234	133	650	0.171911451612903
1234	133	700	0.15583878494623638
1234	133	750	0.12553895161290307
1234	133	800	0.14565428494623642
1234	133	850	0.08521545161290305
1234	133	900	0.1247841182795697
1234	133	950	0.10266011827956974
1234	133	1e3	0.13485678494623646
1234	133	1050	0.15969595161290315
1234	133	1100	0.2247931182795698
1234	133	1150	0.2815142849462364
1234	134	-200	0.027951466666666553
1234	134	-150	-0.023937700000000135
1234	134	-100	-0.01179303333333337
1234	134	-50	0.03484946666666655
1234	134	0	-0.02707019999999997
1234	134	50	-0.06833843809523817
1234	134	100	-0.029383466666666625
1234	134	150	-0.05409215238095243
1234	134	200	-0.07744270000000004
1234	134	250	-0.05512569999999998
1234	134	300	-0.05985136666666668
1234	134	350	-0.05301003333333335
1234	134	400	-0.027813533333333435
1234	134	450	-0.04984003333333339
1234	134	500	-0.058004866666666745
1234	134	550	0.05335546666666661
1234	134	600	0.03717780000000004
1234	134	650	0.0162156333333332
1234	134	700	0.3658781333333332
1234	134	750	0.34813688333333326
1234	134	800	0.11043353333333332
1234	134	850	0.07947241904761901
1234	134	900	0.05285596666666659
1234	134	950	0.1669312999999999
1234	134	1e3	0.15922779999999995
1234	134	1050	0.3629068
1234	134	1100	0.4652999666666667
1234	134	1150	0.5138679666666667
1234	135	-200	0.13736183333333307
1234	135	-150	0.042877499999999825
1234	135	-100	-0.056556000000000196
1234	135	-50	-0.031404833333333514
1234	135	0	-0.09227850000000015
1234	135	50	-0.11284833333333351
1234	135	100	-0.12843100000000018
1234	135	150	-0.1209468333333336
1234	135	200	-0.15946716666666694
1234	135	250	-0.16168033333333343
1234	135	300	-0.1860483333333335
1234	135	350	-0.179694666666667
1234	135	400	-0.11530716666666689
1234	135	450	-0.1356955000000002
1234	135	500	-0.060454666666666844
1234	135	550	0.008956166666666357
1234	135	600	0.04227849999999974
1234	135	650	0.05085949999999976
1234	135	700	0.013813547619047422
1234	135	750	-0.04828000000000018
1234	135	800	-0.06968500000000022
1234	135	850	-0.07953650000000027
1234	135	900	-0.004178666666666849
1234	135	950	-0.028352500000000225
1234	135	1e3	-0.05856650000000019
1234	135	1050	-0.038957833333333504
1234	135	1100	-0.04252416666666684
1234	135	1150	0.011916333333333121
1234	136	-200	0.006087990783409999
1234	136	-150	-0.022247747311828103
1234	136	-100	0.021997252688171914
1234	136	-50	0.002832419354838652
1234	136	0	-0.009684580645161386
1234	136	50	0.009987752688172055
1234	136	100	0.05569341935483855
1234	136	150	0.11579325268817198
1234	136	200	0.13366091935483868
1234	136	250	0.18584041935483855
1234	136	300	0.19333425268817198
1234	136	350	0.2123969193548385
1234	136	400	0.28629825268817205
1234	136	450	0.19818041935483857
1234	136	500	0.11742141935483856
1234	136	550	0.22094975268817194
1234	136	600	0.12633591935483857
1234	136	650	0.17448391935483865
1234	136	700	0.12189058602150522
1234	136	750	0.09686941935483857
1234	136	800	0.06207408602150514
1234	136	850	0.07154675268817197
1234	136	900	0.08705625268817181
1234	136	950	0.09279975268817194
1234	136	1e3	0.16386541935483856
1234	136	1050	0.08652975268817194
1234	136	1100	0.24543808602150521
1234	136	1150	0.28195141935483853
1234	137	-200	0.04319237327188936
1234	137	-150	0.050029682795698895
1234	137	-100	0.012581849462365513
1234	137	-50	-0.06129631720430114
1234	137	0	-0.051706317204301154
1234	137	50	0.007365016129032176
1234	137	100	-0.0399456505376344
1234	137	150	-0.07139281720430109
1234	137	200	-0.10986765053763443
1234	137	250	-0.10151415053763439
1234	137	300	-0.15927565053763448
1234	137	350	-0.14116698387096785
1234	137	400	-0.11703748387096786
1234	137	450	-0.09737881720430108
1234	137	500	-0.10685598387096773
1234	137	550	-0.13963381720430115
1234	137	600	-0.11582115053763453
1234	137	650	-0.07012065053763446
1234	137	700	-0.07413998387096776
1234	137	750	-0.08381648387096778
1234	137	800	-0.14692598387096778
1234	137	850	-0.05858348387096779
1234	137	900	NA
1234	137	950	NA
1234	137	1e3	0.06813851612903221
1234	137	1050	-0.0191978172043011
1234	137	1100	-0.09440631720430111
1234	137	1150	-0.03523598387096771
1234	138	-200	0.14449226190476214
1234	138	-150	0.020925166666666772
1234	138	-100	9.66433333333594e-4
1234	138	-50	-0.08637559523809506
1234	138	0	-0.10743996666666647
1234	138	50	0.017308500000000244
1234	138	100	-0.04981966666666637
1234	138	150	-0.015420833333332995
1234	138	200	-0.005903880952380687
1234	138	250	0.00837966666666697
1234	138	300	0.11889116666666699
1234	138	350	0.12856100000000015
1234	138	400	0.12092083333333359
1234	138	450	0.15937416666666696
1234	138	500	0.18741766666666693
1234	138	550	0.19849266666666696
1234	138	600	0.27412466666666685
1234	138	650	0.309103166666667
1234	138	700	0.35944700000000024
1234	138	750	0.2366643333333336
1234	138	800	0.19849443333333355
1234	138	850	0.08181511904761939
1234	138	900	0.03433923333333348
1234	138	950	0.06318650000000019
1234	138	1e3	0.06159250000000031
1234	138	1050	0.056421833333333504
1234	138	1100	0.01638669047619068
1234	138	1150	0.12421616666666695
1234	139	-200	0.0044737834101382335
1234	139	-150	0.03533718817204301
1234	139	-100	0.04813502150537626
1234	139	-50	-0.05416264516129029
1234	139	0	-0.03452897849462359
1234	139	50	-0.035757145161290436
1234	139	100	-0.07122497849462357
1234	139	150	-0.13890747849462368
1234	139	200	-0.1305159784946237
1234	139	250	-0.13278647849462363
1234	139	300	-0.13029547849462375
1234	139	350	-0.15980247849462362
1234	139	400	-0.15118297849462362
1234	139	450	-0.09466131182795696
1234	139	500	-0.019787811827957007
1234	139	550	-0.02175031182795702
1234	139	600	-0.025927311827956972
1234	139	650	-0.04848164516129039
1234	139	700	-0.014517811827956972
1234	139	750	-0.02415431182795702
1234	139	800	-0.07372844516129033
1234	139	850	NA
1234	139	900	NA
1234	139	950	0.03570685483870972
1234	139	1e3	0.014151188172043009
1234	139	1050	-0.039523311827956986
1234	139	1100	-0.08530614516129036
1234	139	1150	-0.06416247849462368
1234	140	-200	0.020944728110598998
1234	140	-150	-0.001537462365591417
1234	140	-100	0.01001320430107507
1234	140	-50	-0.01608846236559147
1234	140	0	-0.01682279569892479
1234	140	50	0.03093987096774183
1234	140	100	0.03898453763440853
1234	140	150	0.12661153763440858
1234	140	200	0.16407037096774188
1234	140	250	0.4172570376344085
1234	140	300	0.45950120430107527
1234	140	350	0.46129853763440853
1234	140	400	0.44840303763440853
1234	140	450	0.5465930376344085
1234	140	500	0.5136100376344085
1234	140	550	0.5647470376344085
1234	140	600	0.5727107043010752
1234	140	650	0.9015028709677417
1234	140	700	0.6770718709677417
1234	140	750	0.5335108709677419
1234	140	800	0.28211744239631337
1234	140	850	0.25294320430107525
1234	140	900	0.22750220430107518
1234	140	950	0.22640403763440853
1234	140	1e3	0.14939737096774178
1234	140	1050	0.06301687096774189
1234	140	1100	0.35020220430107507
1234	140	1150	NA
