Subject	condition	TrialId	bin	pupil_change
1064	goal + feedback	2	-200	0.026517612903225945
1064	goal + feedback	2	-150	0.010040112903226003
1064	goal + feedback	2	-100	-2.6038709677396926e-4
1064	goal + feedback	2	-50	-0.019295220430107413
1064	goal + feedback	2	0	-0.021421720430107333
1064	goal + feedback	2	50	-0.014186553763440616
1064	goal + feedback	2	100	-0.029626553763440738
1064	goal + feedback	2	150	-0.0321362204301073
1064	goal + feedback	2	200	-0.03148738709677401
1064	goal + feedback	2	250	-0.021052387096774112
1064	goal + feedback	2	300	-0.009567053763440617
1064	goal + feedback	2	350	-0.005326387096774132
1064	goal + feedback	2	400	0.008470112903226005
1064	goal + feedback	2	450	0.021857946236559272
1064	goal + feedback	2	500	0.03294811290322593
1064	goal + feedback	2	550	0.053380612903225856
1064	goal + feedback	2	600	0.07067011290322596
1064	goal + feedback	2	650	0.08787411290322596
1064	goal + feedback	2	700	0.08003977956989261
1064	goal + feedback	2	750	0.07982694623655928
1064	goal + feedback	2	800	0.06470294623655937
1064	goal + feedback	2	850	-0.0038530537634406947
1064	goal + feedback	2	900	0.0854779462365592
1064	goal + feedback	2	950	0.07689027956989263
1064	goal + feedback	2	1e3	0.0649084462365593
1064	goal + feedback	2	1050	0.07021761290322599
1064	goal + feedback	2	1100	0.06268994623655932
1064	goal + feedback	2	1150	0.0553194462365593
1064	goal + feedback	3	-200	0.012582603686636076
1064	goal + feedback	3	-150	0.007765198924731227
1064	goal + feedback	3	-100	-0.006561467741935297
1064	goal + feedback	3	-50	-0.00494963440860204
1064	goal + feedback	3	0	-0.01093380107526872
1064	goal + feedback	3	50	-0.024802634408602087
1064	goal + feedback	3	100	-0.020461967741935465
1064	goal + feedback	3	150	-0.026572634408602136
1064	goal + feedback	3	200	-0.026563967741935368
1064	goal + feedback	3	250	-0.032036301075268815
1064	goal + feedback	3	300	-0.03964313440860212
1064	goal + feedback	3	350	-0.045216967741935475
1064	goal + feedback	3	400	-0.04536063440860202
1064	goal + feedback	3	450	-0.023498634408602115
1064	goal + feedback	3	500	-0.0012231344086020741
1064	goal + feedback	3	550	0.03561636559139784
1064	goal + feedback	3	600	0.054262532258064544
1064	goal + feedback	3	650	0.08994736559139789
1064	goal + feedback	3	700	0.08585536559139799
1064	goal + feedback	3	750	0.08450303225806444
1064	goal + feedback	3	800	NA
1064	goal + feedback	3	850	-0.26534996774193553
1064	goal + feedback	3	900	0.06547336559139794
1064	goal + feedback	3	950	0.09109153225806461
1064	goal + feedback	3	1e3	0.0829773655913979
1064	goal + feedback	3	1050	0.04541569892473133
1064	goal + feedback	3	1100	0.051295698924731216
1064	goal + feedback	3	1150	0.05576869892473124
1064	goal + feedback	4	-200	-0.008613221198156789
1064	goal + feedback	4	-150	0.0059728978494622735
1064	goal + feedback	4	-100	3.6089784946232345e-4
1064	goal + feedback	4	-50	2.1106451612899294e-4
1064	goal + feedback	4	0	0.0035038978494622195
1064	goal + feedback	4	50	0.012297064516128886
1064	goal + feedback	4	100	0.007666397849462288
1064	goal + feedback	4	150	0.0068005645161289445
1064	goal + feedback	4	200	-0.002898602150537647
1064	goal + feedback	4	250	-0.0054924354838710165
1064	goal + feedback	4	300	0.004445397849462296
1064	goal + feedback	4	350	0.008321564516128902
1064	goal + feedback	4	400	0.009629564516128841
1064	goal + feedback	4	450	0.023397731182795534
1064	goal + feedback	4	500	0.043233564516128885
1064	goal + feedback	4	550	0.06551906451612892
1064	goal + feedback	4	600	0.09191889784946221
1064	goal + feedback	4	650	0.092430064516129
1064	goal + feedback	4	700	NA
1064	goal + feedback	4	750	NA
1064	goal + feedback	4	800	0.06048489784946224
1064	goal + feedback	4	850	0.1572332311827956
1064	goal + feedback	4	900	0.13333373118279557
1064	goal + feedback	4	950	0.1260982311827957
1064	goal + feedback	4	1e3	0.12666006451612888
1064	goal + feedback	4	1050	0.1405598978494622
1064	goal + feedback	4	1100	0.1553155645161289
1064	goal + feedback	4	1150	0.1423532311827956
1064	goal + feedback	5	-200	0.017333308755760526
1064	goal + feedback	5	-150	0.015342451612903485
1064	goal + feedback	5	-100	0.0034209516129034925
1064	goal + feedback	5	-50	-0.016963548387096534
1064	goal + feedback	5	0	-0.02202204838709661
1064	goal + feedback	5	50	-0.03246854838709656
1064	goal + feedback	5	100	-0.04367971505376319
1064	goal + feedback	5	150	-0.052462048387096484
1064	goal + feedback	5	200	-0.06492454838709653
1064	goal + feedback	5	250	-0.062255715053763185
1064	goal + feedback	5	300	-0.05306538172042985
1064	goal + feedback	5	350	-0.06187404838709661
1064	goal + feedback	5	400	-0.04304904838709652
1064	goal + feedback	5	450	-0.027224715053763227
1064	goal + feedback	5	500	0.0014066182795700783
1064	goal + feedback	5	550	0.0372469516129034
1064	goal + feedback	5	600	0.07041028494623676
1064	goal + feedback	5	650	0.09691928494623674
1064	goal + feedback	5	700	0.11395470161290355
1064	goal + feedback	5	750	NA
1064	goal + feedback	5	800	NA
1064	goal + feedback	5	850	0.06318945161290346
1064	goal + feedback	5	900	0.02406661827957013
1064	goal + feedback	5	950	0.02545895161290342
1064	goal + feedback	5	1e3	0.05563261827957011
1064	goal + feedback	5	1050	0.10389761827957011
1064	goal + feedback	5	1100	0.09620728494623676
1064	goal + feedback	5	1150	0.10186628494623677
1064	goal + feedback	6	-200	-0.0023423364055300384
1064	goal + feedback	6	-150	-3.2619354838706965e-4
1064	goal + feedback	6	-100	0.0030953064516127484
1064	goal + feedback	6	-50	-0.00411386021505374
1064	goal + feedback	6	0	0.004077473118279551
1064	goal + feedback	6	50	0.01851680645161295
1064	goal + feedback	6	100	0.024538139784946306
1064	goal + feedback	6	150	0.03225513978494621
1064	goal + feedback	6	200	0.055810806451612884
1064	goal + feedback	6	250	0.06064163978494622
1064	goal + feedback	6	300	0.06412713978494626
1064	goal + feedback	6	350	0.06916797311827956
1064	goal + feedback	6	400	0.07649063978494623
1064	goal + feedback	6	450	0.09411547311827954
1064	goal + feedback	6	500	0.10088380645161281
1064	goal + feedback	6	550	0.1443998064516129
1064	goal + feedback	6	600	0.16980597311827958
1064	goal + feedback	6	650	0.18262097311827943
1064	goal + feedback	6	700	0.1733831397849462
1064	goal + feedback	6	750	0.17217930645161283
1064	goal + feedback	6	800	0.1565983064516129
1064	goal + feedback	6	850	0.11537460645161293
1064	goal + feedback	6	900	NA
1064	goal + feedback	6	950	NA
1064	goal + feedback	6	1e3	-0.24958019354838723
1064	goal + feedback	6	1050	0.1872338064516129
1064	goal + feedback	6	1100	0.16677863978494623
1064	goal + feedback	6	1150	0.17261397311827964
1064	goal + feedback	7	-200	-0.017480428571428824
1064	goal + feedback	7	-150	-0.0028211666666668003
1064	goal + feedback	7	-100	0.008583999999999778
1064	goal + feedback	7	-50	0.010858666666666498
1064	goal + feedback	7	0	0.0037723333333331923
1064	goal + feedback	7	50	0.004067666666666432
1064	goal + feedback	7	100	-0.012029500000000212
1064	goal + feedback	7	150	3.3716666666657363e-4
1064	goal + feedback	7	200	-0.0013181666666669163
1064	goal + feedback	7	250	0.008231166666666493
1064	goal + feedback	7	300	0.008690833333333092
1064	goal + feedback	7	350	0.0127789999999998
1064	goal + feedback	7	400	0.02004183333333313
1064	goal + feedback	7	450	0.035503833333333144
1064	goal + feedback	7	500	0.047664999999999846
1064	goal + feedback	7	550	0.07640383333333316
1064	goal + feedback	7	600	0.09708233333333312
1064	goal + feedback	7	650	0.11006499999999986
1064	goal + feedback	7	700	0.11853449999999983
1064	goal + feedback	7	750	0.11230566666666648
1064	goal + feedback	7	800	0.11124883333333302
1064	goal + feedback	7	850	0.09893449999999986
1064	goal + feedback	7	900	0.08920374999999992
1064	goal + feedback	7	950	NA
1064	goal + feedback	7	1e3	NA
1064	goal + feedback	7	1050	-0.08933640000000018
1064	goal + feedback	7	1100	0.05852449999999987
1064	goal + feedback	7	1150	0.0805796666666665
1064	goal + feedback	8	-200	0.005476966666666527
1064	goal + feedback	8	-150	0.0017937999999998084
1064	goal + feedback	8	-100	-0.003662700000000093
1064	goal + feedback	8	-50	-0.006548533333333421
1064	goal + feedback	8	0	0.002940466666666438
1064	goal + feedback	8	50	0.018110466666666564
1064	goal + feedback	8	100	0.009795799999999799
1064	goal + feedback	8	150	0.01725913333333325
1064	goal + feedback	8	200	0.04186146666666657
1064	goal + feedback	8	250	0.047320799999999906
1064	goal + feedback	8	300	0.07345696666666646
1064	goal + feedback	8	350	0.08740596666666652
1064	goal + feedback	8	400	0.10025146666666644
1064	goal + feedback	8	450	0.1330539666666665
1064	goal + feedback	8	500	0.1620606333333332
1064	goal + feedback	8	550	0.18266813333333323
1064	goal + feedback	8	600	0.18491946666666648
1064	goal + feedback	8	650	0.1862324666666665
1064	goal + feedback	8	700	0.16690441904761893
1064	goal + feedback	8	750	-0.016161866666666747
1064	goal + feedback	8	800	NA
1064	goal + feedback	8	850	-0.31616886666666666
1064	goal + feedback	8	900	0.08986063333333316
1064	goal + feedback	8	950	0.09824196666666651
1064	goal + feedback	8	1e3	0.05235813333333317
1064	goal + feedback	8	1050	0.04944396666666662
1064	goal + feedback	8	1100	0.04186113333333319
1064	goal + feedback	8	1150	0.03654313333333319
1064	goal + feedback	9	-200	-0.0017673179723503654
1064	goal + feedback	9	-150	0.0016031344086019732
1064	goal + feedback	9	-100	5.988010752685883e-4
1064	goal + feedback	9	-50	-8.819892473144186e-5
1064	goal + feedback	9	0	-5.186559139806294e-5
1064	goal + feedback	9	50	0.00260596774193537
1064	goal + feedback	9	100	0.007337301075268717
1064	goal + feedback	9	150	0.0028574677419352934
1064	goal + feedback	9	200	0.015916634408601842
1064	goal + feedback	9	250	0.014480801075268687
1064	goal + feedback	9	300	0.02036130107526864
1064	goal + feedback	9	350	0.023406634408601985
1064	goal + feedback	9	400	0.049480134408601995
1064	goal + feedback	9	450	0.06858130107526865
1064	goal + feedback	9	500	0.10038880107526864
1064	goal + feedback	9	550	0.12464313440860186
1064	goal + feedback	9	600	0.14959463440860196
1064	goal + feedback	9	650	0.16082180107526867
1064	goal + feedback	9	700	0.16434063440860194
1064	goal + feedback	9	750	0.15974696774193534
1064	goal + feedback	9	800	0.11199376774193529
1064	goal + feedback	9	850	NA
1064	goal + feedback	9	900	NA
1064	goal + feedback	9	950	0.11790146774193522
1064	goal + feedback	9	1e3	0.1681653010752687
1064	goal + feedback	9	1050	0.15839296774193526
1064	goal + feedback	9	1100	0.16092346774193533
1064	goal + feedback	9	1150	0.18022163440860198
1064	goal + feedback	10	-200	0.0030206505376345985
1064	goal + feedback	10	-150	0.0020253172043011394
1064	goal + feedback	10	-100	-0.002589516129032164
1064	goal + feedback	10	-50	-0.008125116129032151
1064	goal + feedback	10	0	0.004068055299539289
1064	goal + feedback	10	50	-8.001827956987858e-4
1064	goal + feedback	10	100	0.009230483870967884
1064	goal + feedback	10	150	0.013714983870967886
1064	goal + feedback	10	200	0.010743483870967832
1064	goal + feedback	10	250	0.022210650537634564
1064	goal + feedback	10	300	0.026949150537634543
1064	goal + feedback	10	350	0.04254665053763448
1064	goal + feedback	10	400	0.03699615053763453
1064	goal + feedback	10	450	0.04902065053763449
1064	goal + feedback	10	500	0.05906898387096793
1064	goal + feedback	10	550	0.08014131720430129
1064	goal + feedback	10	600	0.10757248387096781
1064	goal + feedback	10	650	0.11129515053763457
1064	goal + feedback	10	700	0.13239581720430116
1064	goal + feedback	10	750	0.1440163172043012
1064	goal + feedback	10	800	0.17712831720430122
1064	goal + feedback	10	850	0.19746048387096793
1064	goal + feedback	10	900	0.2196823172043012
1064	goal + feedback	10	950	0.26570198387096794
1064	goal + feedback	10	1e3	0.32198865053763454
1064	goal + feedback	10	1050	0.34916448387096793
1064	goal + feedback	10	1100	0.39825181720430125
1064	goal + feedback	10	1150	0.42278665053763437
1064	goal + feedback	11	-200	0.008842333333333322
1064	goal + feedback	11	-150	0.007870833333333346
1064	goal + feedback	11	-100	0.005241833333333427
1064	goal + feedback	11	-50	-0.0037801666666665845
1064	goal + feedback	11	0	-0.018174833333333362
1064	goal + feedback	11	50	-0.03211849999999994
1064	goal + feedback	11	100	-0.04803399999999991
1064	goal + feedback	11	150	-0.059131166666666735
1064	goal + feedback	11	200	-0.0696918333333334
1064	goal + feedback	11	250	-0.08949966666666682
1064	goal + feedback	11	300	-0.08819366666666657
1064	goal + feedback	11	350	-0.09102033333333341
1064	goal + feedback	11	400	-0.10169883333333336
1064	goal + feedback	11	450	-0.08443099999999992
1064	goal + feedback	11	500	-0.06667433333333335
1064	goal + feedback	11	550	-0.05027266666666678
1064	goal + feedback	11	600	-0.013103833333333315
1064	goal + feedback	11	650	0.03787066666666661
1064	goal + feedback	11	700	0.053255666666666666
1064	goal + feedback	11	750	-0.01137150000000009
1064	goal + feedback	11	800	NA
1064	goal + feedback	11	850	0.13547916666666682
1064	goal + feedback	11	900	0.11307450000000004
1064	goal + feedback	11	950	0.09910383333333332
1064	goal + feedback	11	1e3	0.09533133333333328
1064	goal + feedback	11	1050	0.10363749999999998
1064	goal + feedback	11	1100	0.12387997619047608
1064	goal + feedback	11	1150	0.12277583333333338
1064	goal + feedback	12	-200	-0.010236262672811096
1064	goal + feedback	12	-150	-0.005924881720430264
1064	goal + feedback	12	-100	1.8078494623652297e-4
1064	goal + feedback	12	-50	0.008102618279569818
1064	goal + feedback	12	0	0.009583784946236499
1064	goal + feedback	12	50	0.0077086182795697384
1064	goal + feedback	12	100	0.006158118279569728
1064	goal + feedback	12	150	0.0064946182795698375
1064	goal + feedback	12	200	0.011715284946236451
1064	goal + feedback	12	250	0.02179745161290314
1064	goal + feedback	12	300	0.02246478494623642
1064	goal + feedback	12	350	0.04338778494623644
1064	goal + feedback	12	400	0.05701878494623647
1064	goal + feedback	12	450	0.07693295161290314
1064	goal + feedback	12	500	0.10727811827956983
1064	goal + feedback	12	550	0.11732411827956975
1064	goal + feedback	12	600	0.1469779516129032
1064	goal + feedback	12	650	0.16274828494623642
1064	goal + feedback	12	700	0.15798278494623652
1064	goal + feedback	12	750	0.16210028494623643
1064	goal + feedback	12	800	0.17699345161290317
1064	goal + feedback	12	850	0.18499878494623653
1064	goal + feedback	12	900	0.021465784946236372
1064	goal + feedback	12	950	NA
1064	goal + feedback	12	1e3	0.18129445161290314
1064	goal + feedback	12	1050	0.17265045161290313
1064	goal + feedback	12	1100	0.1559519516129031
1064	goal + feedback	12	1150	0.15387245161290322
1064	goal + feedback	13	-200	-0.007391266666666896
1064	goal + feedback	13	-150	0.00272539999999973
1064	goal + feedback	13	-100	-0.005280266666666848
1064	goal + feedback	13	-50	-0.0025572666666668167
1064	goal + feedback	13	0	0.012503399999999868
1064	goal + feedback	13	50	0.005680733333333077
1064	goal + feedback	13	100	-0.004813266666667
1064	goal + feedback	13	150	-0.0059061000000001735
1064	goal + feedback	13	200	-0.004947100000000241
1064	goal + feedback	13	250	-0.0014669333333335495
1064	goal + feedback	13	300	0.008495399999999856
1064	goal + feedback	13	350	0.012771399999999803
1064	goal + feedback	13	400	0.03036089999999973
1064	goal + feedback	13	450	0.04571839999999979
1064	goal + feedback	13	500	0.07007389999999976
1064	goal + feedback	13	550	0.11102239999999974
1064	goal + feedback	13	600	0.14580073333333318
1064	goal + feedback	13	650	0.17669373333333316
1064	goal + feedback	13	700	0.19209806666666637
1064	goal + feedback	13	750	0.18971056666666644
1064	goal + feedback	13	800	0.18483133333333307
1064	goal + feedback	13	850	NA
1064	goal + feedback	13	900	NA
1064	goal + feedback	13	950	-0.08132376666666685
1064	goal + feedback	13	1e3	0.20781123333333307
1064	goal + feedback	13	1050	0.16762689999999983
1064	goal + feedback	13	1100	0.16175789999999987
1064	goal + feedback	13	1150	0.159110876190476
1064	goal + feedback	14	-200	-0.016592046082949365
1064	goal + feedback	14	-150	-0.004376903225806528
1064	goal + feedback	14	-100	-0.0011720698924731672
1064	goal + feedback	14	-50	0.009995096774193598
1064	goal + feedback	14	0	0.014911263440860209
1064	goal + feedback	14	50	0.016802763440860218
1064	goal + feedback	14	100	0.030824763440860197
1064	goal + feedback	14	150	0.02418076344086025
1064	goal + feedback	14	200	0.037333930107526836
1064	goal + feedback	14	250	0.04007143010752697
1064	goal + feedback	14	300	0.0457934301075269
1064	goal + feedback	14	350	0.04845276344086025
1064	goal + feedback	14	400	0.06533809677419351
1064	goal + feedback	14	450	0.07982309677419352
1064	goal + feedback	14	500	0.09202693010752687
1064	goal + feedback	14	550	0.11299943010752693
1064	goal + feedback	14	600	0.13293376344086036
1064	goal + feedback	14	650	0.15322176344086022
1064	goal + feedback	14	700	0.17570093010752688
1064	goal + feedback	14	750	0.19973659677419361
1064	goal + feedback	14	800	0.20995176344086022
1064	goal + feedback	14	850	0.21377876344086025
1064	goal + feedback	14	900	0.20869293010752688
1064	goal + feedback	14	950	0.20725559677419358
1064	goal + feedback	14	1e3	0.18829043010752686
1064	goal + feedback	14	1050	0.18625309677419363
1064	goal + feedback	14	1100	0.17636109677419354
1064	goal + feedback	14	1150	0.16772643010752689
1064	goal + feedback	15	-200	0.005615405529953955
1064	goal + feedback	15	-150	0.004596548387096666
1064	goal + feedback	15	-100	0.01057804838709675
1064	goal + feedback	15	-50	-0.0075224516129031764
1064	goal + feedback	15	0	-0.014203451612903262
1064	goal + feedback	15	50	-0.024917951612903222
1064	goal + feedback	15	100	-0.023560951612903242
1064	goal + feedback	15	150	-0.0324562849462365
1064	goal + feedback	15	200	-0.03943361827956989
1064	goal + feedback	15	250	-0.04922211827956979
1064	goal + feedback	15	300	-0.049540284946236524
1064	goal + feedback	15	350	-0.05062478494623668
1064	goal + feedback	15	400	-0.04321978494623657
1064	goal + feedback	15	450	-0.04027661827957004
1064	goal + feedback	15	500	-0.027044784946236595
1064	goal + feedback	15	550	-0.01557245161290329
1064	goal + feedback	15	600	-0.007564618279569964
1064	goal + feedback	15	650	0.019120215053763417
1064	goal + feedback	15	700	0.04660471505376348
1064	goal + feedback	15	750	0.05914971505376343
1064	goal + feedback	15	800	0.07195254838709686
1064	goal + feedback	15	850	0.07728621505376343
1064	goal + feedback	15	900	0.08381921505376333
1064	goal + feedback	15	950	0.08614254838709678
1064	goal + feedback	15	1e3	NA
1064	goal + feedback	15	1050	-0.14066278494623644
1064	goal + feedback	15	1100	0.10769338172043012
1064	goal + feedback	15	1150	0.10698988172043015
1064	goal + feedback	16	-200	-0.005035737327189173
1064	goal + feedback	16	-150	3.9548387096521864e-5
1064	goal + feedback	16	-100	0.002174715053763432
1064	goal + feedback	16	-50	0.0013375483870965432
1064	goal + feedback	16	0	0.0023232150537632426
1064	goal + feedback	16	50	0.013842715053763222
1064	goal + feedback	16	100	0.0029767150537632534
1064	goal + feedback	16	150	-0.002612618279570119
1064	goal + feedback	16	200	0.0013380483870966131
1064	goal + feedback	16	250	-0.010021951612903498
1064	goal + feedback	16	300	-0.0022034516129033252
1064	goal + feedback	16	350	0.008469715053763297
1064	goal + feedback	16	400	0.008472548387096582
1064	goal + feedback	16	450	0.03395688172042988
1064	goal + feedback	16	500	0.0496222150537633
1064	goal + feedback	16	550	0.08295871505376333
1064	goal + feedback	16	600	0.11509404838709665
1064	goal + feedback	16	650	0.13050321505376328
1064	goal + feedback	16	700	0.14532838172042983
1064	goal + feedback	16	750	0.1503857150537633
1064	goal + feedback	16	800	0.1487305483870965
1064	goal + feedback	16	850	NA
1064	goal + feedback	16	900	NA
1064	goal + feedback	16	950	-0.2529694516129033
1064	goal + feedback	16	1e3	0.14616938172042993
1064	goal + feedback	16	1050	0.13555238172042997
1064	goal + feedback	16	1100	0.11748088172042996
1064	goal + feedback	16	1150	0.1154505483870966
1064	goal + feedback	17	-200	-2.901105990783367e-4
1064	goal + feedback	17	-150	0.004958032258064386
1064	goal + feedback	17	-100	5.748655913978181e-4
1064	goal + feedback	17	-50	7.661989247311762e-4
1064	goal + feedback	17	0	-0.00596063440860221
1064	goal + feedback	17	50	-0.021034301075268786
1064	goal + feedback	17	100	-0.029947301075268735
1064	goal + feedback	17	150	-0.04978680107526882
1064	goal + feedback	17	200	-0.0523166344086022
1064	goal + feedback	17	250	-0.05533313440860218
1064	goal + feedback	17	300	-0.05741413440860218
1064	goal + feedback	17	350	-0.055428134408602135
1064	goal + feedback	17	400	-0.050179467741935525
1064	goal + feedback	17	450	-0.0347099677419355
1064	goal + feedback	17	500	-0.0027416344086021263
1064	goal + feedback	17	550	0.027375365591397822
1064	goal + feedback	17	600	0.05023169892473126
1064	goal + feedback	17	650	0.08921369892473119
1064	goal + feedback	17	700	0.10409919892473114
1064	goal + feedback	17	750	0.10866519892473114
1064	goal + feedback	17	800	0.0968555322580645
1064	goal + feedback	17	850	0.08503069892473114
1064	goal + feedback	17	900	0.0807370322580645
1064	goal + feedback	17	950	0.0733576989247311
1064	goal + feedback	17	1e3	0.07062053225806464
1064	goal + feedback	17	1050	0.07290919892473118
1064	goal + feedback	17	1100	0.0805556989247312
1064	goal + feedback	17	1150	NA
1064	goal + feedback	18	-200	-0.010078327188940353
1064	goal + feedback	18	-150	-0.0015446129032260132
1064	goal + feedback	18	-100	-5.057795698926171e-4
1064	goal + feedback	18	-50	-0.0013784462365593608
1064	goal + feedback	18	0	0.01518688709677396
1064	goal + feedback	18	50	-7.367795698926353e-4
1064	goal + feedback	18	100	0.002597220430107313
1064	goal + feedback	18	150	-0.007872279569892596
1064	goal + feedback	18	200	-0.007090112903225994
1064	goal + feedback	18	250	-0.004225779569892636
1064	goal + feedback	18	300	-0.008701612903226094
1064	goal + feedback	18	350	-0.006174779569892615
1064	goal + feedback	18	400	6.750537634407175e-4
1064	goal + feedback	18	450	0.015201387096774063
1064	goal + feedback	18	500	0.028555553763440693
1064	goal + feedback	18	550	0.04760955376344067
1064	goal + feedback	18	600	0.08004822043010724
1064	goal + feedback	18	650	0.08542988709677408
1064	goal + feedback	18	700	0.08358705376344067
1064	goal + feedback	18	750	0.05622672043010731
1064	goal + feedback	18	800	0.059907887096773894
1064	goal + feedback	18	850	0.039601887096774036
1064	goal + feedback	18	900	0.01920155376344061
1064	goal + feedback	18	950	0.016885053763440776
1064	goal + feedback	18	1e3	0.00843022043010729
1064	goal + feedback	18	1050	0.006204387096774067
1064	goal + feedback	18	1100	NA
1064	goal + feedback	18	1150	NA
1064	goal + feedback	19	-200	0.014329907834101199
1064	goal + feedback	19	-150	0.007904360215053696
1064	goal + feedback	19	-100	-1.646397849463336e-4
1064	goal + feedback	19	-50	-0.007540139784946313
1064	goal + feedback	19	0	-0.016917806451613043
1064	goal + feedback	19	50	-0.030131306451613032
1064	goal + feedback	19	100	-0.032299473118279666
1064	goal + feedback	19	150	-0.02511880645161302
1064	goal + feedback	19	200	-0.017987139784946482
1064	goal + feedback	19	250	-0.003153473118279774
1064	goal + feedback	19	300	0.005673026881720371
1064	goal + feedback	19	350	-0.013419139784946429
1064	goal + feedback	19	400	-0.005322139784946407
1064	goal + feedback	19	450	0.018374193548386986
1064	goal + feedback	19	500	0.03537219354838691
1064	goal + feedback	19	550	0.05371819354838695
1064	goal + feedback	19	600	0.08090519354838695
1064	goal + feedback	19	650	0.04962259354838698
1064	goal + feedback	19	700	NA
1064	goal + feedback	19	750	NA
1064	goal + feedback	19	800	0.12526779354838694
1064	goal + feedback	19	850	0.12003452688172038
1064	goal + feedback	19	900	0.10669319354838695
1064	goal + feedback	19	950	0.10406502688172041
1064	goal + feedback	19	1e3	0.14983769354838694
1064	goal + feedback	19	1050	0.1637651935483869
1064	goal + feedback	19	1100	0.1637618602150536
1064	goal + feedback	19	1150	0.15595919354838692
1064	goal + feedback	20	-200	0.011091847926267448
1064	goal + feedback	20	-150	0.013089086021505455
1064	goal + feedback	20	-100	0.004429752688172177
1064	goal + feedback	20	-50	-0.01785974731182775
1064	goal + feedback	20	0	-0.012599580645161165
1064	goal + feedback	20	50	-0.013262413978494555
1064	goal + feedback	20	100	-0.018416080645161204
1064	goal + feedback	20	150	-0.009810080645161165
1064	goal + feedback	20	200	-0.004055247311827752
1064	goal + feedback	20	250	-0.012244247311827827
1064	goal + feedback	20	300	0.00821291935483881
1064	goal + feedback	20	350	0.005466086021505445
1064	goal + feedback	20	400	0.0065554193548387945
1064	goal + feedback	20	450	0.01665525268817203
1064	goal + feedback	20	500	0.026233086021505647
1064	goal + feedback	20	550	0.05304858602150545
1064	goal + feedback	20	600	0.059044752688172185
1064	goal + feedback	20	650	0.07331791935483885
1064	goal + feedback	20	700	0.0995492526881722
1064	goal + feedback	20	750	0.1039794193548389
1064	goal + feedback	20	800	0.09612575268817218
1064	goal + feedback	20	850	0.08267541935483891
1064	goal + feedback	20	900	NA
1064	goal + feedback	20	950	NA
1064	goal + feedback	20	1e3	0.17026161935483888
1064	goal + feedback	20	1050	0.10716608602150557
1064	goal + feedback	20	1100	0.09296761935483885
1064	goal + feedback	20	1150	0.2675814193548389
1064	goal + feedback	21	-200	-6.163686635944592e-4
1064	goal + feedback	21	-150	-0.0016505591397848463
1064	goal + feedback	21	-100	0.009095774193548456
1064	goal + feedback	21	-50	-0.002102725806451581
1064	goal + feedback	21	0	-0.004623392473118197
1064	goal + feedback	21	50	-0.00465022580645158
1064	goal + feedback	21	100	-0.009608225806451523
1064	goal + feedback	21	150	-0.01939639247311827
1064	goal + feedback	21	200	-0.03731672580645159
1064	goal + feedback	21	250	-0.05023522580645157
1064	goal + feedback	21	300	-0.07079239247311826
1064	goal + feedback	21	350	-0.09714872580645162
1064	goal + feedback	21	400	-0.09752589247311816
1064	goal + feedback	21	450	-0.10105089247311816
1064	goal + feedback	21	500	-0.0848910591397849
1064	goal + feedback	21	550	-0.0709157258064516
1064	goal + feedback	21	600	-0.040145059139784944
1064	goal + feedback	21	650	-0.01655889247311822
1064	goal + feedback	21	700	-0.006525392473118193
1064	goal + feedback	21	750	0.001718607526881799
1064	goal + feedback	21	800	0.0034919408602151294
1064	goal + feedback	21	850	0.022348274193548345
1064	goal + feedback	21	900	0.013650107526881783
1064	goal + feedback	21	950	-0.00684172580645163
1064	goal + feedback	21	1e3	-0.053874725806451584
1064	goal + feedback	21	1050	NA
1064	goal + feedback	21	1100	-0.02728039247311827
1064	goal + feedback	21	1150	-9.663924731182494e-4
1064	goal + feedback	22	-200	0.01691212442396311
1064	goal + feedback	22	-150	0.008781505376344109
1064	goal + feedback	22	-100	-0.0038124946236558857
1064	goal + feedback	22	-50	-0.005876161290322572
1064	goal + feedback	22	0	-0.018823661290322462
1064	goal + feedback	22	50	-0.01994199462365594
1064	goal + feedback	22	100	-0.015606161290322515
1064	goal + feedback	22	150	-0.011579827956989122
1064	goal + feedback	22	200	-0.007999661290322516
1064	goal + feedback	22	250	0.0013766720430106922
1064	goal + feedback	22	300	-0.003987661290322612
1064	goal + feedback	22	350	-0.009245327956989144
1064	goal + feedback	22	400	-0.021703994623655836
1064	goal + feedback	22	450	-0.011371327956989216
1064	goal + feedback	22	500	4.500053763440981e-4
1064	goal + feedback	22	550	0.017260172043010853
1064	goal + feedback	22	600	0.04734183870967749
1064	goal + feedback	22	650	0.05707633870967747
1064	goal + feedback	22	700	0.06388833870967751
1064	goal + feedback	22	750	0.059589338709677454
1064	goal + feedback	22	800	0.08847817204301078
1064	goal + feedback	22	850	0.07737150537634412
1064	goal + feedback	22	900	0.06272800537634415
1064	goal + feedback	22	950	NA
1064	goal + feedback	22	1e3	NA
1064	goal + feedback	22	1050	-0.15479016129032241
1064	goal + feedback	22	1100	0.03521500537634418
1064	goal + feedback	22	1150	0.021204672043010797
1064	goal + feedback	23	-200	0.008176999999999879
1064	goal + feedback	23	-150	0.0021926666666665837
1064	goal + feedback	23	-100	-4.898333333334856e-4
1064	goal + feedback	23	-50	0.002338333333333331
1064	goal + feedback	23	0	-0.012218166666666752
1064	goal + feedback	23	50	-0.003859000000000057
1064	goal + feedback	23	100	-0.0065736666666667
1064	goal + feedback	23	150	0.0017276666666665719
1064	goal + feedback	23	200	-0.011119500000000096
1064	goal + feedback	23	250	-0.015998642857143
1064	goal + feedback	23	300	-0.007689666666666743
1064	goal + feedback	23	350	-0.0056403000000000425
1064	goal + feedback	23	400	-0.008341642857143037
1064	goal + feedback	23	450	0.002645099999999978
1064	goal + feedback	23	500	0.02248049999999984
1064	goal + feedback	23	550	0.04628599999999983
1064	goal + feedback	23	600	0.06292066666666656
1064	goal + feedback	23	650	0.09637549999999988
1064	goal + feedback	23	700	0.12714333333333325
1064	goal + feedback	23	750	0.1523011666666665
1064	goal + feedback	23	800	0.17601066666666654
1064	goal + feedback	23	850	0.20469366666666655
1064	goal + feedback	23	900	0.20210899999999987
1064	goal + feedback	23	950	0.20115199999999986
1064	goal + feedback	23	1e3	0.18522666666666643
1064	goal + feedback	23	1050	0.17743233333333328
1064	goal + feedback	23	1100	0.17144283333333324
1064	goal + feedback	23	1150	0.16853283333333327
1064	goal + feedback	24	-200	-0.004640266666666652
1064	goal + feedback	24	-150	0.010151733333333265
1064	goal + feedback	24	-100	0.0037548999999998944
1064	goal + feedback	24	-50	-4.6560000000006596e-4
1064	goal + feedback	24	0	-0.008800766666666737
1064	goal + feedback	24	50	0.004150066666666581
1064	goal + feedback	24	100	0.010107566666666568
1064	goal + feedback	24	150	0.005017066666666607
1064	goal + feedback	24	200	0.003232899999999983
1064	goal + feedback	24	250	-0.011632766666666683
1064	goal + feedback	24	300	-0.03236593333333334
1064	goal + feedback	24	350	-0.044590766666666726
1064	goal + feedback	24	400	-0.047003600000000034
1064	goal + feedback	24	450	-0.051199600000000046
1064	goal + feedback	24	500	-0.04121693333333335
1064	goal + feedback	24	550	-0.037786433333333536
1064	goal + feedback	24	600	-0.02371593333333344
1064	goal + feedback	24	650	0.002461066666666678
1064	goal + feedback	24	700	0.024669804761904755
1064	goal + feedback	24	750	0.06307323333333333
1064	goal + feedback	24	800	0.07272773333333322
1064	goal + feedback	24	850	0.08125006666666668
1064	goal + feedback	24	900	0.08420506666666656
1064	goal + feedback	24	950	0.07768306666666658
1064	goal + feedback	24	1e3	0.09546056666666651
1064	goal + feedback	24	1050	0.09539389999999992
1064	goal + feedback	24	1100	0.11911173333333329
1064	goal + feedback	24	1150	0.11479389999999993
1064	goal + feedback	25	-200	0.00884833640553013
1064	goal + feedback	25	-150	0.007492693548387293
1064	goal + feedback	25	-100	0.004330860215053948
1064	goal + feedback	25	-50	-0.006817306451612677
1064	goal + feedback	25	0	-0.015329306451612679
1064	goal + feedback	25	50	-0.016756806451612666
1064	goal + feedback	25	100	-0.027214639784946055
1064	goal + feedback	25	150	-0.009301806451612679
1064	goal + feedback	25	200	-0.017603806451612785
1064	goal + feedback	25	250	-0.011022806451612688
1064	goal + feedback	25	300	-0.014032473118279265
1064	goal + feedback	25	350	-0.00680747311827945
1064	goal + feedback	25	400	0.013753693548387366
1064	goal + feedback	25	450	0.03094336021505395
1064	goal + feedback	25	500	0.05153052688172055
1064	goal + feedback	25	550	0.06497636021505393
1064	goal + feedback	25	600	0.09337236021505395
1064	goal + feedback	25	650	0.11946952688172068
1064	goal + feedback	25	700	NA
1064	goal + feedback	25	750	NA
1064	goal + feedback	25	800	NA
1064	goal + feedback	25	850	0.09893239354838723
1064	goal + feedback	25	900	0.11379586021505395
1064	goal + feedback	25	950	0.14834269354838736
1064	goal + feedback	25	1e3	0.018454193548387437
1064	goal + feedback	25	1050	NA
1064	goal + feedback	25	1100	NA
1064	goal + feedback	25	1150	0.12265769354838729
1064	goal + feedback	26	-200	-0.023802594470046273
1064	goal + feedback	26	-150	-0.004437951612903464
1064	goal + feedback	26	-100	0.013179048387096529
1064	goal + feedback	26	-50	0.006504048387096543
1064	goal + feedback	26	0	0.012524548387096601
1064	goal + feedback	26	50	0.020441715053763243
1064	goal + feedback	26	100	0.027185715053763326
1064	goal + feedback	26	150	0.024863548387096628
1064	goal + feedback	26	200	0.021131048387096635
1064	goal + feedback	26	250	0.005235381720430032
1064	goal + feedback	26	300	0.010320548387096654
1064	goal + feedback	26	350	-0.0056016182795701015
1064	goal + feedback	26	400	-0.01818928494623669
1064	goal + feedback	26	450	-0.002962618279570043
1064	goal + feedback	26	500	0.005529048387096521
1064	goal + feedback	26	550	0.03042588172043
1064	goal + feedback	26	600	0.04234038172043005
1064	goal + feedback	26	650	0.07742688172043
1064	goal + feedback	26	700	0.09579838172042991
1064	goal + feedback	26	750	0.08944138172042997
1064	goal + feedback	26	800	0.08037621505376331
1064	goal + feedback	26	850	0.07816204838709662
1064	goal + feedback	26	900	0.08310254838709685
1064	goal + feedback	26	950	NA
1064	goal + feedback	26	1e3	0.05326088172043001
1064	goal + feedback	26	1050	0.08355721505376335
1064	goal + feedback	26	1100	0.06737421505376336
1064	goal + feedback	26	1150	0.056824548387096684
1064	goal + feedback	27	-200	0.015851746543778727
1064	goal + feedback	27	-150	-1.0180107526906272e-4
1064	goal + feedback	27	-100	-0.005566634408602278
1064	goal + feedback	27	-50	-0.00665413440860226
1064	goal + feedback	27	0	-0.006171134408602248
1064	goal + feedback	27	50	-0.009430967741935525
1064	goal + feedback	27	100	-0.0044151344086021576
1064	goal + feedback	27	150	-0.0036851344086022606
1064	goal + feedback	27	200	-0.0011519677419356
1064	goal + feedback	27	250	0.0015613655913978193
1064	goal + feedback	27	300	-0.007835801075268897
1064	goal + feedback	27	350	-0.005730634408602257
1064	goal + feedback	27	400	-0.010720467741935616
1064	goal + feedback	27	450	0.006833865591397759
1064	goal + feedback	27	500	0.028454032258064494
1064	goal + feedback	27	550	0.05187353225806449
1064	goal + feedback	27	600	0.07969336559139784
1064	goal + feedback	27	650	0.10409086559139784
1064	goal + feedback	27	700	0.11294769892473118
1064	goal + feedback	27	750	0.0711645322580643
1064	goal + feedback	27	800	NA
1064	goal + feedback	27	850	NA
1064	goal + feedback	27	900	0.07614703225806448
1064	goal + feedback	27	950	0.13488953225806447
1064	goal + feedback	27	1e3	0.14026619892473113
1064	goal + feedback	27	1050	0.13342686559139771
1064	goal + feedback	27	1100	0.1306351989247311
1064	goal + feedback	27	1150	0.12587569892473108
1064	goal + feedback	28	-200	-0.01977346543778813
1064	goal + feedback	28	-150	-0.010229489247311893
1064	goal + feedback	28	-100	0.014595510752688057
1064	goal + feedback	28	-50	0.010534510752688039
1064	goal + feedback	28	0	0.008168510752688022
1064	goal + feedback	28	50	0.0012221774193546715
1064	goal + feedback	28	100	0.0033305107526880504
1064	goal + feedback	28	150	3.340107526879817e-4
1064	goal + feedback	28	200	0.0026653440860213706
1064	goal + feedback	28	250	0.004790677419354683
1064	goal + feedback	28	300	0.004124510752688011
1064	goal + feedback	28	350	0.0034850107526880336
1064	goal + feedback	28	400	0.004701844086021441
1064	goal + feedback	28	450	8.784408602132328e-5
1064	goal + feedback	28	500	0.005918010752687941
1064	goal + feedback	28	550	0.017124344086021443
1064	goal + feedback	28	600	0.03143901075268799
1064	goal + feedback	28	650	0.05576684408602128
1064	goal + feedback	28	700	0.06399634408602124
1064	goal + feedback	28	750	0.05309434408602143
1064	goal + feedback	28	800	0.00598667741935488
1064	goal + feedback	28	850	0.03442101075268796
1064	goal + feedback	28	900	0.13014067741935453
1064	goal + feedback	28	950	0.5539276774193547
1064	goal + feedback	28	1e3	0.31783067741935467
1064	goal + feedback	28	1050	0.11208467741935468
1064	goal + feedback	28	1100	0.7272350107526881
1064	goal + feedback	28	1150	0.5828206774193547
1064	goal + feedback	29	-200	-0.0017437557603687814
1064	goal + feedback	29	-150	-8.097795698925511e-4
1064	goal + feedback	29	-100	-7.122795698926154e-4
1064	goal + feedback	29	-50	0.002024720430107522
1064	goal + feedback	29	0	0.0015317204301073712
1064	goal + feedback	29	50	-0.006375612903225969
1064	goal + feedback	29	100	-0.0059364462365592745
1064	goal + feedback	29	150	-0.005313446236559309
1064	goal + feedback	29	200	-0.00936027956989253
1064	goal + feedback	29	250	0.0025658870967741145
1064	goal + feedback	29	300	0.009405720430107381
1064	goal + feedback	29	350	0.027955387096774142
1064	goal + feedback	29	400	0.040746720430107373
1064	goal + feedback	29	450	0.05635338709677414
1064	goal + feedback	29	500	0.07020822043010748
1064	goal + feedback	29	550	0.0837055537634408
1064	goal + feedback	29	600	0.12150688709677415
1064	goal + feedback	29	650	0.13568238709677413
1064	goal + feedback	29	700	0.1362495537634408
1064	goal + feedback	29	750	0.13011188709677413
1064	goal + feedback	29	800	0.11871955376344075
1064	goal + feedback	29	850	-0.28778361290322607
1064	goal + feedback	29	900	0.19959988709677404
1064	goal + feedback	29	950	0.1593030537634407
1064	goal + feedback	29	1e3	0.1992588870967741
1064	goal + feedback	29	1050	0.18717555376344067
1064	goal + feedback	29	1100	0.2912343870967742
1064	goal + feedback	29	1150	0.4080450537634408
1064	goal + feedback	30	-200	0.011398889400921723
1064	goal + feedback	30	-150	0.006375532258064605
1064	goal + feedback	30	-100	-0.0073113010752687835
1064	goal + feedback	30	-50	-0.006748967741935378
1064	goal + feedback	30	0	-0.005613967741935344
1064	goal + feedback	30	50	-0.021796467741935333
1064	goal + feedback	30	100	-0.029182301075268757
1064	goal + feedback	30	150	-0.04590196774193537
1064	goal + feedback	30	200	-0.04918430107526869
1064	goal + feedback	30	250	-0.05568296774193541
1064	goal + feedback	30	300	-0.06091946774193543
1064	goal + feedback	30	350	-0.05924630107526877
1064	goal + feedback	30	400	-0.03989313440860198
1064	goal + feedback	30	450	-0.015257967741935404
1064	goal + feedback	30	500	0.004840865591397995
1064	goal + feedback	30	550	0.026929365591398025
1064	goal + feedback	30	600	0.06560303225806452
1064	goal + feedback	30	650	0.08912503225806456
1064	goal + feedback	30	700	0.11242353225806467
1064	goal + feedback	30	750	0.10772503225806467
1064	goal + feedback	30	800	0.10771169892473131
1064	goal + feedback	30	850	0.12210153225806453
1064	goal + feedback	30	900	0.06658878225806453
1064	goal + feedback	30	950	0.13050836559139797
1064	goal + feedback	30	1e3	0.1238340322580646
1064	goal + feedback	30	1050	0.11827853225806455
1064	goal + feedback	30	1100	0.11327803225806465
1064	goal + feedback	30	1150	0.11326736559139798
1064	goal + feedback	31	-200	0.0011780737327189428
1064	goal + feedback	31	-150	0.001460978494623714
1064	goal + feedback	31	-100	0.003439645161290361
1064	goal + feedback	31	-50	-0.010549188172042904
1064	goal + feedback	31	0	0.004274145161290432
1064	goal + feedback	31	50	0.008555978494623862
1064	goal + feedback	31	100	0.004261978494623768
1064	goal + feedback	31	150	0.005702311827957107
1064	goal + feedback	31	200	0.012740978494623892
1064	goal + feedback	31	250	0.023164311827957123
1064	goal + feedback	31	300	0.005315811827957188
1064	goal + feedback	31	350	0.01895264516129047
1064	goal + feedback	31	400	0.024349645161290418
1064	goal + feedback	31	450	0.03369564516129042
1064	goal + feedback	31	500	0.04546247849462374
1064	goal + feedback	31	550	0.07404731182795705
1064	goal + feedback	31	600	0.10261464516129037
1064	goal + feedback	31	650	0.12998981182795713
1064	goal + feedback	31	700	0.14209097849462374
1064	goal + feedback	31	750	0.13601731182795698
1064	goal + feedback	31	800	0.13789947849462378
1064	goal + feedback	31	850	0.15610664516129047
1064	goal + feedback	31	900	0.18814164516129028
1064	goal + feedback	31	950	0.1944356451612904
1064	goal + feedback	31	1e3	0.19271297849462385
1064	goal + feedback	31	1050	0.16578681182795707
1064	goal + feedback	31	1100	0.13739247849462374
1064	goal + feedback	31	1150	0.13790947849462376
1064	goal + feedback	32	-200	0.013503977272727119
1064	goal + feedback	32	-150	NA
1064	goal + feedback	32	-100	-0.04530977272727288
1064	goal + feedback	32	-50	0.021962227272727192
1064	goal + feedback	32	0	0.01434489393939383
1064	goal + feedback	32	50	0.013141393939393842
1064	goal + feedback	32	100	0.005548727272727187
1064	goal + feedback	32	150	-0.004260106060606154
1064	goal + feedback	32	200	0.005662393939393828
1064	goal + feedback	32	250	-0.007395772727272727
1064	goal + feedback	32	300	-0.01071877272727284
1064	goal + feedback	32	350	-0.017395439393939505
1064	goal + feedback	32	400	-0.01920027272727287
1064	goal + feedback	32	450	-0.0062941060606062455
1064	goal + feedback	32	500	0.007344560606060628
1064	goal + feedback	32	550	0.02269072727272718
1064	goal + feedback	32	600	0.061277393939393875
1064	goal + feedback	32	650	0.08104189393939383
1064	goal + feedback	32	700	0.09020856060606053
1064	goal + feedback	32	750	0.10535462727272718
1064	goal + feedback	32	800	NA
1064	goal + feedback	32	850	NA
1064	goal + feedback	32	900	0.031339560606060544
1064	goal + feedback	32	950	0.12332106060606048
1064	goal + feedback	32	1e3	0.11846306060606053
1064	goal + feedback	32	1050	0.11144839393939383
1064	goal + feedback	32	1100	0.10773272727272716
1064	goal + feedback	32	1150	0.1265835606060605
1064	goal + feedback	33	-200	0.0033984654377877837
1064	goal + feedback	33	-150	-0.005686844086021825
1064	goal + feedback	33	-100	-0.0019301774193549726
1064	goal + feedback	33	-50	-0.003902510752688363
1064	goal + feedback	33	0	0.007554655913978303
1064	goal + feedback	33	50	0.017201489247311574
1064	goal + feedback	33	100	0.021487655913978203
1064	goal + feedback	33	150	0.030148322580644777
1064	goal + feedback	33	200	0.030112989247311612
1064	goal + feedback	33	250	0.04299632258064482
1064	goal + feedback	33	300	0.05418265591397827
1064	goal + feedback	33	350	0.0719494892473116
1064	goal + feedback	33	400	0.08347332258064492
1064	goal + feedback	33	450	0.11424465591397825
1064	goal + feedback	33	500	0.12758815591397812
1064	goal + feedback	33	550	0.15616948924731155
1064	goal + feedback	33	600	0.17717532258064486
1064	goal + feedback	33	650	0.20682612258064498
1064	goal + feedback	33	700	NA
1064	goal + feedback	33	750	NA
1064	goal + feedback	33	800	0.07994652258064487
1064	goal + feedback	33	850	0.2160719892473116
1064	goal + feedback	33	900	0.2068849892473116
1064	goal + feedback	33	950	0.19629932258064486
1064	goal + feedback	33	1e3	0.2036961559139782
1064	goal + feedback	33	1050	0.20318215591397815
1064	goal + feedback	33	1100	0.20637782258064497
1064	goal + feedback	33	1150	0.21241765591397824
1064	goal + feedback	34	-200	-0.006874299999999926
1064	goal + feedback	34	-150	0.0082542000000001
1064	goal + feedback	34	-100	-0.006709299999999955
1064	goal + feedback	34	-50	-0.0016072999999999411
1064	goal + feedback	34	0	0.006936700000000018
1064	goal + feedback	34	50	0.005270533333333456
1064	goal + feedback	34	100	0.021376533333333336
1064	goal + feedback	34	150	0.021331700000000103
1064	goal + feedback	34	200	0.017243866666666625
1064	goal + feedback	34	250	0.020568628571428542
1064	goal + feedback	34	300	0.0275906
1064	goal + feedback	34	350	0.027261628571428696
1064	goal + feedback	34	400	0.025488200000000072
1064	goal + feedback	34	450	0.04100653333333337
1064	goal + feedback	34	500	0.04899553333333332
1064	goal + feedback	34	550	0.07809536666666676
1064	goal + feedback	34	600	0.09799036666666668
1064	goal + feedback	34	650	0.13410819999999993
1064	goal + feedback	34	700	0.1554108666666667
1064	goal + feedback	34	750	0.17117269999999998
1064	goal + feedback	34	800	0.17059553333333333
1064	goal + feedback	34	850	0.17746244999999994
1064	goal + feedback	34	900	NA
1064	goal + feedback	34	950	0.22915660000000004
1064	goal + feedback	34	1e3	0.21725353333333342
1064	goal + feedback	34	1050	0.21537505714285718
1064	goal + feedback	34	1100	0.20767469999999996
1064	goal + feedback	34	1150	0.2094145333333334
1064	goal + feedback	35	-200	-0.0066639666666667985
1064	goal + feedback	35	-150	-0.001807800000000137
1064	goal + feedback	35	-100	-0.008909133333333394
1064	goal + feedback	35	-50	0.00717586666666666
1064	goal + feedback	35	0	0.010205033333333372
1064	goal + feedback	35	50	0.00785786666666651
1064	goal + feedback	35	100	0.022318199999999882
1064	goal + feedback	35	150	0.025403699999999956
1064	goal + feedback	35	200	0.02633569999999989
1064	goal + feedback	35	250	0.02189686666666657
1064	goal + feedback	35	300	0.012396033333333204
1064	goal + feedback	35	350	0.011937699999999976
1064	goal + feedback	35	400	0.020979199999999903
1064	goal + feedback	35	450	0.0167080333333333
1064	goal + feedback	35	500	0.03821536666666655
1064	goal + feedback	35	550	0.07158719999999996
1064	goal + feedback	35	600	0.09704336666666664
1064	goal + feedback	35	650	0.13250819999999988
1064	goal + feedback	35	700	0.16541103333333326
1064	goal + feedback	35	750	0.20057912857142846
1064	goal + feedback	35	800	0.21017449999999993
1064	goal + feedback	35	850	NA
1064	goal + feedback	35	900	NA
1064	goal + feedback	35	950	0.0947906999999999
1064	goal + feedback	35	1e3	0.2434243666666666
1064	goal + feedback	35	1050	0.25047086666666657
1064	goal + feedback	35	1100	0.24907136666666654
1064	goal + feedback	35	1150	0.2602456999999999
1064	goal + feedback	36	-200	0.014462764976958515
1064	goal + feedback	36	-150	0.0013746935483870033
1064	goal + feedback	36	-100	-0.003658639784946368
1064	goal + feedback	36	-50	-0.00640963978494639
1064	goal + feedback	36	0	-0.008179639784946291
1064	goal + feedback	36	50	-0.008065306451613038
1064	goal + feedback	36	100	-0.017065139784946243
1064	goal + feedback	36	150	-0.011218806451612995
1064	goal + feedback	36	200	-0.02255963978494635
1064	goal + feedback	36	250	-0.02007997311827962
1064	goal + feedback	36	300	-0.01899547311827961
1064	goal + feedback	36	350	-0.014134806451612913
1064	goal + feedback	36	400	-0.0024929731182796733
1064	goal + feedback	36	450	0.016438193548387048
1064	goal + feedback	36	500	0.03740036021505366
1064	goal + feedback	36	550	0.06825702688172035
1064	goal + feedback	36	600	0.0952850268817204
1064	goal + feedback	36	650	0.12578769354838704
1064	goal + feedback	36	700	0.14048536021505362
1064	goal + feedback	36	750	0.15300386021505372
1064	goal + feedback	36	800	0.14488202688172036
1064	goal + feedback	36	850	0.24085819354838703
1064	goal + feedback	36	900	0.1782311935483869
1064	goal + feedback	36	950	NA
1064	goal + feedback	36	1e3	NA
1064	goal + feedback	36	1050	NA
1064	goal + feedback	36	1100	0.22179419354838714
1064	goal + feedback	36	1150	NA
1064	goal + feedback	37	-200	-0.017524760368663524
1064	goal + feedback	37	-150	-0.010252736559139683
1064	goal + feedback	37	-100	0.003761930107526975
1064	goal + feedback	37	-50	0.009719096774193728
1064	goal + feedback	37	0	0.017217263440860425
1064	goal + feedback	37	50	0.036652096774193677
1064	goal + feedback	37	100	0.048574096774193665
1064	goal + feedback	37	150	0.05109359677419367
1064	goal + feedback	37	200	0.05439309677419376
1064	goal + feedback	37	250	0.05725693010752697
1064	goal + feedback	37	300	0.060840763440860236
1064	goal + feedback	37	350	0.07237476344086032
1064	goal + feedback	37	400	0.0810927634408604
1064	goal + feedback	37	450	0.09897343010752697
1064	goal + feedback	37	500	0.1277817634408603
1064	goal + feedback	37	550	0.1647990967741937
1064	goal + feedback	37	600	0.18683976344086042
1064	goal + feedback	37	650	0.2062974301075271
1064	goal + feedback	37	700	0.213925930107527
1064	goal + feedback	37	750	0.22634959677419375
1064	goal + feedback	37	800	NA
1064	goal + feedback	37	850	0.01881909677419369
1064	goal + feedback	37	900	0.19382693010752705
1064	goal + feedback	37	950	0.16722776344086024
1064	goal + feedback	37	1e3	0.16368126344086034
1064	goal + feedback	37	1050	0.1622589301075271
1064	goal + feedback	37	1100	0.17121359677419368
1064	goal + feedback	37	1150	0.18100843010752707
1064	goal + feedback	38	-200	-0.005864949308755918
1064	goal + feedback	38	-150	0.008638360215053709
1064	goal + feedback	38	-100	-0.008974473118279628
1064	goal + feedback	38	-50	-0.004893139784946321
1064	goal + feedback	38	0	0.01207169354838696
1064	goal + feedback	38	50	0.01312752688172029
1064	goal + feedback	38	100	-3.8780645161310784e-4
1064	goal + feedback	38	150	-0.0025843064516130423
1064	goal + feedback	38	200	-7.563064516130277e-4
1064	goal + feedback	38	250	-0.002461973118279707
1064	goal + feedback	38	300	-0.009722306451612983
1064	goal + feedback	38	350	0.020025860215053665
1064	goal + feedback	38	400	0.010798860215053718
1064	goal + feedback	38	450	0.023618693548386933
1064	goal + feedback	38	500	0.042636526881720226
1064	goal + feedback	38	550	0.06899952688172022
1064	goal + feedback	38	600	0.10509536021505365
1064	goal + feedback	38	650	0.1391325268817202
1064	goal + feedback	38	700	0.16730836021505371
1064	goal + feedback	38	750	0.18145452688172034
1064	goal + feedback	38	800	0.17674602688172025
1064	goal + feedback	38	850	0.130237993548387
1064	goal + feedback	38	900	NA
1064	goal + feedback	38	950	NA
1064	goal + feedback	38	1e3	0.05727052688172041
1064	goal + feedback	38	1050	0.14723152688172028
1064	goal + feedback	38	1100	0.15271236021505366
1064	goal + feedback	38	1150	0.16390052688172027
1064	goal + feedback	39	-200	-0.00418475115207403
1064	goal + feedback	39	-150	0.007316010752688025
1064	goal + feedback	39	-100	0.009402844086021359
1064	goal + feedback	39	-50	-5.306559139786801e-4
1064	goal + feedback	39	0	-0.01130598924731204
1064	goal + feedback	39	50	-0.023227155913978725
1064	goal + feedback	39	100	-0.03446398924731205
1064	goal + feedback	39	150	-0.04478515591397869
1064	goal + feedback	39	200	-0.04747165591397873
1064	goal + feedback	39	250	-0.04954498924731195
1064	goal + feedback	39	300	-0.05878948924731198
1064	goal + feedback	39	350	-0.05180782258064531
1064	goal + feedback	39	400	-0.03916048924731208
1064	goal + feedback	39	450	-0.02902848924731205
1064	goal + feedback	39	500	-0.015956822580645385
1064	goal + feedback	39	550	0.01638667741935455
1064	goal + feedback	39	600	0.059062510752688015
1064	goal + feedback	39	650	0.08850101075268794
1064	goal + feedback	39	700	0.11023934408602136
1064	goal + feedback	39	750	0.1291166774193547
1064	goal + feedback	39	800	0.1411296774193546
1064	goal + feedback	39	850	0.13451284408602135
1064	goal + feedback	39	900	0.09175317741935474
1064	goal + feedback	39	950	NA
1064	goal + feedback	39	1e3	-0.5716813225806452
1064	goal + feedback	39	1050	0.09570601075268799
1064	goal + feedback	39	1100	0.14564601075268793
1064	goal + feedback	39	1150	0.1334773440860213
1064	goal + feedback	40	-200	0.015434172932330943
1064	goal + feedback	40	-150	0.0043216491228071545
1064	goal + feedback	40	-100	-0.022328184210526292
1064	goal + feedback	40	-50	NA
1064	goal + feedback	40	0	NA
1064	goal + feedback	40	50	0.07429548245614037
1064	goal + feedback	40	100	0.009634315789473824
1064	goal + feedback	40	150	-0.020368184210526257
1064	goal + feedback	40	200	-0.03380718421052631
1064	goal + feedback	40	250	-0.0388710175438595
1064	goal + feedback	40	300	-0.0362670175438596
1064	goal + feedback	40	350	-0.041686850877192816
1064	goal + feedback	40	400	-0.015158350877192861
1064	goal + feedback	40	450	-1.4501754385953802e-4
1064	goal + feedback	40	500	0.011750649122807063
1064	goal + feedback	40	550	0.026491315789473797
1064	goal + feedback	40	600	0.061759649122807105
1064	goal + feedback	40	650	0.08973298245614043
1064	goal + feedback	40	700	0.10946881578947387
1064	goal + feedback	40	750	0.10765264912280714
1064	goal + feedback	40	800	0.09378898245614042
1064	goal + feedback	40	850	0.07656214912280708
1064	goal + feedback	40	900	0.05255948245614047
1064	goal + feedback	40	950	0.04517481578947372
1064	goal + feedback	40	1e3	0.040310315789473826
1064	goal + feedback	40	1050	NA
1064	goal + feedback	40	1100	-0.24889418421052611
1064	goal + feedback	40	1150	0.10745848245614043
1064	goal + feedback	41	-200	-0.028450373271889578
1064	goal + feedback	41	-150	-0.004659182795699064
1064	goal + feedback	41	-100	0.001690817204300939
1064	goal + feedback	41	-50	0.007897983870967554
1064	goal + feedback	41	0	0.028262483870967525
1064	goal + feedback	41	50	0.03757665053763426
1064	goal + feedback	41	100	0.04940748387096764
1064	goal + feedback	41	150	0.052314650537634254
1064	goal + feedback	41	200	0.06187881720430092
1064	goal + feedback	41	250	0.0651566505376342
1064	goal + feedback	41	300	0.06980348387096758
1064	goal + feedback	41	350	0.06614631720430093
1064	goal + feedback	41	400	0.07871715053763428
1064	goal + feedback	41	450	0.08226648387096754
1064	goal + feedback	41	500	0.09960098387096757
1064	goal + feedback	41	550	0.12952765053763424
1064	goal + feedback	41	600	0.1576776505376342
1064	goal + feedback	41	650	0.18151115053763425
1064	goal + feedback	41	700	0.19616931720430095
1064	goal + feedback	41	750	0.18975231720430097
1064	goal + feedback	41	800	0.19461948387096753
1064	goal + feedback	41	850	NA
1064	goal + feedback	41	900	NA
1064	goal + feedback	41	950	0.09461165053763428
1064	goal + feedback	41	1e3	0.1917731505376342
1064	goal + feedback	41	1050	0.18640431720430092
1064	goal + feedback	41	1100	0.1959876505376342
1064	goal + feedback	41	1150	0.21548081720430087
1064	goal + feedback	42	-200	-8.865576036867218e-4
1064	goal + feedback	42	-150	-0.004234795698924747
1064	goal + feedback	42	-100	0.001269704301075129
1064	goal + feedback	42	-50	0.0016232043010751724
1064	goal + feedback	42	0	0.002376204301075102
1064	goal + feedback	42	50	0.006497204301075217
1064	goal + feedback	42	100	0.01192687096774181
1064	goal + feedback	42	150	0.013326370967741807
1064	goal + feedback	42	200	0.010651370967741824
1064	goal + feedback	42	250	0.0015700376344084017
1064	goal + feedback	42	300	-0.006278129032258217
1064	goal + feedback	42	350	0.004601704301075167
1064	goal + feedback	42	400	0.002472204301075124
1064	goal + feedback	42	450	0.007399204301075102
1064	goal + feedback	42	500	0.02487203763440841
1064	goal + feedback	42	550	0.038871370967741736
1064	goal + feedback	42	600	0.06533753763440846
1064	goal + feedback	42	650	0.08083187096774173
1064	goal + feedback	42	700	0.10616003763440844
1064	goal + feedback	42	750	0.07275087096774173
1064	goal + feedback	42	800	NA
1064	goal + feedback	42	850	0.06855587096774185
1064	goal + feedback	42	900	0.11402053763440849
1064	goal + feedback	42	950	0.08902503763440846
1064	goal + feedback	42	1e3	0.06840203763440848
1064	goal + feedback	42	1050	0.06866620430107506
1064	goal + feedback	42	1100	0.12954920430107517
1064	goal + feedback	42	1150	0.12931220430107512
1064	goal + feedback	43	-200	-0.009490041474654185
1064	goal + feedback	43	-150	0.003524553763441037
1064	goal + feedback	43	-100	0.005835720430107605
1064	goal + feedback	43	-50	9.212204301076721e-4
1064	goal + feedback	43	0	7.902204301076429e-4
1064	goal + feedback	43	50	-0.0060526129032256
1064	goal + feedback	43	100	-0.01826244623655889
1064	goal + feedback	43	150	-0.037275779569892364
1064	goal + feedback	43	200	-0.04608261290322554
1064	goal + feedback	43	250	-0.058685279569892224
1064	goal + feedback	43	300	-0.06958344623655906
1064	goal + feedback	43	350	-0.09206527956989234
1064	goal + feedback	43	400	-0.08733594623655905
1064	goal + feedback	43	450	-0.09157344623655894
1064	goal + feedback	43	500	-0.06593111290322569
1064	goal + feedback	43	550	-0.04270911290322569
1064	goal + feedback	43	600	-0.022875779569892247
1064	goal + feedback	43	650	0.02649388709677436
1064	goal + feedback	43	700	0.04281913709677432
1064	goal + feedback	43	750	NA
1064	goal + feedback	43	800	NA
1064	goal + feedback	43	850	-0.05114844623655893
1064	goal + feedback	43	900	0.07522188709677431
1064	goal + feedback	43	950	0.06071472043010765
1064	goal + feedback	43	1e3	0.053023053763441
1064	goal + feedback	43	1050	0.09950822043010758
1064	goal + feedback	43	1100	0.09928955376344106
1064	goal + feedback	43	1150	0.10207255376344097
1064	goal + feedback	44	-200	0.004873926267280877
1064	goal + feedback	44	-150	-6.6964516129057e-4
1064	goal + feedback	44	-100	-9.92978494623875e-4
1064	goal + feedback	44	-50	0.002134521505376149
1064	goal + feedback	44	0	-0.006158145161290503
1064	goal + feedback	44	50	0.008436021505376182
1064	goal + feedback	44	100	0.004069854838709548
1064	goal + feedback	44	150	0.003577188172042852
1064	goal + feedback	44	200	0.010064021505376145
1064	goal + feedback	44	250	0.016563188172042942
1064	goal + feedback	44	300	0.020979354838709458
1064	goal + feedback	44	350	0.028091354838709465
1064	goal + feedback	44	400	0.04865918817204292
1064	goal + feedback	44	450	0.06888602150537615
1064	goal + feedback	44	500	0.08689668817204284
1064	goal + feedback	44	550	0.12240135483870951
1064	goal + feedback	44	600	0.15357768817204284
1064	goal + feedback	44	650	0.1883446881720429
1064	goal + feedback	44	700	0.20993585483870958
1064	goal + feedback	44	750	0.2058801881720429
1064	goal + feedback	44	800	0.19380335483870956
1064	goal + feedback	44	850	0.1827396881720429
1064	goal + feedback	44	900	0.16366118817204298
1064	goal + feedback	44	950	0.13209585483870945
1064	goal + feedback	44	1e3	NA
1064	goal + feedback	44	1050	0.0837113548387094
1064	goal + feedback	44	1100	0.16139268817204297
1064	goal + feedback	44	1150	0.17221735483870945
1064	goal + feedback	46	-200	-0.0071122995391703315
1064	goal + feedback	46	-150	0.005426462365591671
1064	goal + feedback	46	-100	0.006498962365591628
1064	goal + feedback	46	-50	0.0022756290322583084
1064	goal + feedback	46	0	-0.005903370967741776
1064	goal + feedback	46	50	-0.006995037634408267
1064	goal + feedback	46	100	-0.008295704301075105
1064	goal + feedback	46	150	-0.01548153763440833
1064	goal + feedback	46	200	-0.013682537634408373
1064	goal + feedback	46	250	-0.013727204301074991
1064	goal + feedback	46	300	-0.01794287096774161
1064	goal + feedback	46	350	-0.008294204301075045
1064	goal + feedback	46	400	0.00810946236559166
1064	goal + feedback	46	450	0.01616462903225835
1064	goal + feedback	46	500	0.02356512903225827
1064	goal + feedback	46	550	0.049949129032258156
1064	goal + feedback	46	600	0.08086112903225835
1064	goal + feedback	46	650	0.10037896236559167
1064	goal + feedback	46	700	0.11259262903225824
1064	goal + feedback	46	750	0.10743029569892489
1064	goal + feedback	46	800	0.08874452903225834
1064	goal + feedback	46	850	NA
1064	goal + feedback	46	900	0.4295066290322582
1064	goal + feedback	46	950	0.13903346236559155
1064	goal + feedback	46	1e3	0.6985341290322584
1064	goal + feedback	46	1050	NA
1064	goal + feedback	46	1100	0.2751761290322582
1064	goal + feedback	46	1150	0.2838251290322584
1064	goal + feedback	47	-200	-0.006247533333333166
1064	goal + feedback	47	-150	-0.010206199999999907
1064	goal + feedback	47	-100	-0.0030516999999998795
1064	goal + feedback	47	-50	0.002491633333333354
1064	goal + feedback	47	0	0.017013800000000117
1064	goal + feedback	47	50	0.026208466666666874
1064	goal + feedback	47	100	0.02110763333333347
1064	goal + feedback	47	150	0.013856966666666803
1064	goal + feedback	47	200	0.015710300000000066
1064	goal + feedback	47	250	0.010911800000000138
1064	goal + feedback	47	300	0.0044143476190477825
1064	goal + feedback	47	350	0.004456433333333542
1064	goal + feedback	47	400	0.006311204761904943
1064	goal + feedback	47	450	0.013893133333333566
1064	goal + feedback	47	500	0.03242880000000007
1064	goal + feedback	47	550	0.05120330000000014
1064	goal + feedback	47	600	0.08620163333333346
1064	goal + feedback	47	650	0.11152763333333356
1064	goal + feedback	47	700	0.1313899666666669
1064	goal + feedback	47	750	0.1504603000000002
1064	goal + feedback	47	800	0.14690813333333344
1064	goal + feedback	47	850	0.13619163333333342
1064	goal + feedback	47	900	0.12307163333333355
1064	goal + feedback	47	950	0.11101230000000022
1064	goal + feedback	47	1e3	0.11163213333333351
1064	goal + feedback	47	1050	0.11508396666666683
1064	goal + feedback	47	1100	0.11588463333333343
1064	goal + feedback	47	1150	0.1586598000000002
1064	goal + feedback	48	-200	-0.0015461843317973337
1064	goal + feedback	48	-150	9.01387096774083e-4
1064	goal + feedback	48	-100	0.0035103870967741666
1064	goal + feedback	48	-50	0.003892220430107433
1064	goal + feedback	48	0	-0.0065001129032259035
1064	goal + feedback	48	50	-6.967795698925213e-4
1064	goal + feedback	48	100	-0.004489446236559298
1064	goal + feedback	48	150	2.400537634408284e-4
1064	goal + feedback	48	200	-0.004626279569892515
1064	goal + feedback	48	250	-0.007887446236559237
1064	goal + feedback	48	300	-0.010645946236559197
1064	goal + feedback	48	350	-0.006272279569892551
1064	goal + feedback	48	400	0.004999720430107398
1064	goal + feedback	48	450	0.00709205376344076
1064	goal + feedback	48	500	0.02836588709677416
1064	goal + feedback	48	550	0.05305922043010739
1064	goal + feedback	48	600	0.06938538709677415
1064	goal + feedback	48	650	0.08822572043010742
1064	goal + feedback	48	700	0.08481138709677409
1064	goal + feedback	48	750	0.06966805376344072
1064	goal + feedback	48	800	0.06463163709677411
1064	goal + feedback	48	850	NA
1064	goal + feedback	48	900	NA
1064	goal + feedback	48	950	-0.07746236290322583
1064	goal + feedback	48	1e3	0.0573962204301075
1064	goal + feedback	48	1050	0.05485272043010747
1064	goal + feedback	48	1100	0.05269138709677409
1064	goal + feedback	48	1150	0.06309255376344065
1064	goal + feedback	49	-200	0.0243994193548385
1064	goal + feedback	49	-150	0.008068586021505212
1064	goal + feedback	49	-100	0.0049060860215052555
1064	goal + feedback	49	-50	-0.01027991397849474
1064	goal + feedback	49	0	-0.031160747311828125
1064	goal + feedback	49	50	-0.03149158064516144
1064	goal + feedback	49	100	-0.04155091397849479
1064	goal + feedback	49	150	-0.029434080645161398
1064	goal + feedback	49	200	-0.04053208064516145
1064	goal + feedback	49	250	-0.04410291397849483
1064	goal + feedback	49	300	-0.050668913978494746
1064	goal + feedback	49	350	-0.0590335806451614
1064	goal + feedback	49	400	-0.06662991397849487
1064	goal + feedback	49	450	-0.06850774731182807
1064	goal + feedback	49	500	-0.05307258064516144
1064	goal + feedback	49	550	-0.030270080645161457
1064	goal + feedback	49	600	-0.010684413978494955
1064	goal + feedback	49	650	0.030970586021505264
1064	goal + feedback	49	700	0.05892525268817191
1064	goal + feedback	49	750	0.07015725268817197
1064	goal + feedback	49	800	0.07711208602150525
1064	goal + feedback	49	850	0.08403591935483856
1064	goal + feedback	49	900	0.08933375268817183
1064	goal + feedback	49	950	0.0960360860215052
1064	goal + feedback	49	1e3	0.14417858602150524
1064	goal + feedback	49	1050	0.15340625268817187
1064	goal + feedback	49	1100	0.15881691935483863
1064	goal + feedback	49	1150	0.14174058602150516
1064	goal + feedback	50	-200	-0.007828416666666746
1064	goal + feedback	50	-150	-0.005853916666666755
1064	goal + feedback	50	-100	0.007506249999999974
1064	goal + feedback	50	-50	0.006176083333333304
1064	goal + feedback	50	0	NA
1064	goal + feedback	50	50	-0.03230191666666663
1064	goal + feedback	50	100	0.024997416666666588
1064	goal + feedback	50	150	0.013719249999999924
1064	goal + feedback	50	200	-0.001527250000000017
1064	goal + feedback	50	250	0.0011781071428572179
1064	goal + feedback	50	300	0.01137425000000003
1064	goal + feedback	50	350	0.0034758499999998803
1064	goal + feedback	50	400	0.003309249999999978
1064	goal + feedback	50	450	0.0038774166666667074
1064	goal + feedback	50	500	0.008275249999999993
1064	goal + feedback	50	550	0.036610416666666534
1064	goal + feedback	50	600	0.04055591666666669
1064	goal + feedback	50	650	0.06453325000000003
1064	goal + feedback	50	700	0.08674682142857135
1064	goal + feedback	50	750	NA
1064	goal + feedback	50	800	NA
1064	goal + feedback	50	850	NA
1064	goal + feedback	50	900	-0.04630158333333334
1064	goal + feedback	50	950	0.07266325
1064	goal + feedback	50	1e3	NA
1064	goal + feedback	50	1050	NA
1064	goal + feedback	50	1100	-0.11639849999999996
1064	goal + feedback	50	1150	0.10549739285714274
1064	goal + feedback	51	-200	-0.024873147465437753
1064	goal + feedback	51	-150	-0.008921790322580744
1064	goal + feedback	51	-100	0.003093876344085903
1064	goal + feedback	51	-50	0.019597043010752675
1064	goal + feedback	51	0	0.015249543010752653
1064	goal + feedback	51	50	0.01674970967741925
1064	goal + feedback	51	100	0.004283376344085932
1064	goal + feedback	51	150	0.005118543010752689
1064	goal + feedback	51	200	0.0019127096774192627
1064	goal + feedback	51	250	0.003254376344085911
1064	goal + feedback	51	300	0.0016687096774192778
1064	goal + feedback	51	350	0.007473543010752574
1064	goal + feedback	51	400	-0.0011526236559140646
1064	goal + feedback	51	450	0.013248543010752512
1064	goal + feedback	51	500	0.035150209677419296
1064	goal + feedback	51	550	0.05763120967741919
1064	goal + feedback	51	600	0.08763304301075266
1064	goal + feedback	51	650	0.09893920967741925
1064	goal + feedback	51	700	0.12792737634408594
1064	goal + feedback	51	750	0.1252043763440859
1064	goal + feedback	51	800	0.12794354301075264
1064	goal + feedback	51	850	0.12517787634408598
1064	goal + feedback	51	900	0.12486504301075267
1064	goal + feedback	51	950	NA
1064	goal + feedback	51	1e3	-0.2616892903225807
1064	goal + feedback	51	1050	0.13712637634408598
1064	goal + feedback	51	1100	0.14840554301075262
1064	goal + feedback	51	1150	0.1460883763440859
1064	goal + feedback	52	-200	0.0179190666666668
1064	goal + feedback	52	-150	0.001081400000000195
1064	goal + feedback	52	-100	-0.0021857666666664777
1064	goal + feedback	52	-50	-0.009058766666666532
1064	goal + feedback	52	0	-0.007755933333333094
1064	goal + feedback	52	50	-0.0052902666666664695
1064	goal + feedback	52	100	-0.002121766666666488
1064	goal + feedback	52	150	0.0015987333333336018
1064	goal + feedback	52	200	0.016472566666666893
1064	goal + feedback	52	250	0.0033672333333335893
1064	goal + feedback	52	300	0.0010767333333336164
1064	goal + feedback	52	350	0.002961876190476482
1064	goal + feedback	52	400	0.008736233333333546
1064	goal + feedback	52	450	0.013513066666667036
1064	goal + feedback	52	500	0.011601900000000201
1064	goal + feedback	52	550	0.017972233333333643
1064	goal + feedback	52	600	0.042657733333333635
1064	goal + feedback	52	650	0.04809323333333363
1064	goal + feedback	52	700	0.057346900000000346
1064	goal + feedback	52	750	0.05614473333333366
1064	goal + feedback	52	800	0.0506455666666669
1064	goal + feedback	52	850	0.04620456666666691
1064	goal + feedback	52	900	0.03588123333333367
1064	goal + feedback	52	950	0.028928566666666915
1064	goal + feedback	52	1e3	0.015006900000000378
1064	goal + feedback	52	1050	0.005216566666666959
1064	goal + feedback	52	1100	0.02245906666666701
1064	goal + feedback	52	1150	0.014480566666666972
1064	goal + feedback	53	-200	-0.010682188940092032
1064	goal + feedback	53	-150	-0.0015989032258065066
1064	goal + feedback	53	-100	-8.56989247299822e-6
1064	goal + feedback	53	-50	5.030967741935418e-4
1064	goal + feedback	53	0	0.013566930107526964
1064	goal + feedback	53	50	0.011028763440860198
1064	goal + feedback	53	100	0.011796930107526915
1064	goal + feedback	53	150	0.003160763440860211
1064	goal + feedback	53	200	0.004619263440860166
1064	goal + feedback	53	250	0.005853096774193507
1064	goal + feedback	53	300	0.017344930107526874
1064	goal + feedback	53	350	0.031627096774193474
1064	goal + feedback	53	400	0.04132893010752688
1064	goal + feedback	53	450	0.06672759677419353
1064	goal + feedback	53	500	0.08618126344086023
1064	goal + feedback	53	550	0.10362443010752694
1064	goal + feedback	53	600	0.12890243010752686
1064	goal + feedback	53	650	0.11982576344086016
1064	goal + feedback	53	700	0.1212644301075269
1064	goal + feedback	53	750	0.10861526344086021
1064	goal + feedback	53	800	0.003481096774193393
1064	goal + feedback	53	850	NA
1064	goal + feedback	53	900	NA
1064	goal + feedback	53	950	0.07986659677419354
1064	goal + feedback	53	1e3	0.06999109677419346
1064	goal + feedback	53	1050	0.0662537634408602
1064	goal + feedback	53	1100	0.09181176344086017
1064	goal + feedback	53	1150	0.11021276344086028
1064	goal + feedback	54	-200	-0.02005833179723477
1064	goal + feedback	54	-150	-0.005664069892473034
1064	goal + feedback	54	-100	0.015517430107527005
1064	goal + feedback	54	-50	0.011935263440860266
1064	goal + feedback	54	0	0.0016127634408604024
1064	goal + feedback	54	50	-0.015376069892472977
1064	goal + feedback	54	100	-0.021443403225806252
1064	goal + feedback	54	150	-0.019871903225806342
1064	goal + feedback	54	200	-0.03170290322580641
1064	goal + feedback	54	250	-0.015682403225806274
1064	goal + feedback	54	300	-0.006417069892473037
1064	goal + feedback	54	350	0.008596763440860355
1064	goal + feedback	54	400	0.01559409677419373
1064	goal + feedback	54	450	0.028464096774193665
1064	goal + feedback	54	500	0.056251096774193675
1064	goal + feedback	54	550	0.07154843010752703
1064	goal + feedback	54	600	0.11147626344086037
1064	goal + feedback	54	650	0.12134326344086037
1064	goal + feedback	54	700	0.14172209677419367
1064	goal + feedback	54	750	0.14085443010752705
1064	goal + feedback	54	800	0.12928509677419364
1064	goal + feedback	54	850	0.13045526344086036
1064	goal + feedback	54	900	0.11557109677419371
1064	goal + feedback	54	950	0.11397709677419376
1064	goal + feedback	54	1e3	0.10529643010752705
1064	goal + feedback	54	1050	0.11370426344086033
1064	goal + feedback	54	1100	0.10926059677419375
1064	goal + feedback	54	1150	0.09805476344086046
1064	goal + feedback	55	-200	-0.032792096774193445
1064	goal + feedback	55	-150	-0.012404430107526787
1064	goal + feedback	55	-100	-0.004333596774193389
1064	goal + feedback	55	-50	0.020720736559139974
1064	goal + feedback	55	0	0.03427473655913982
1064	goal + feedback	55	50	0.046450236559139935
1064	goal + feedback	55	100	0.054081069892473264
1064	goal + feedback	55	150	0.05973806989247336
1064	goal + feedback	55	200	0.054425403225806614
1064	goal + feedback	55	250	0.05024890322580652
1064	goal + feedback	55	300	0.04627906989247325
1064	goal + feedback	55	350	0.05643390322580647
1064	goal + feedback	55	400	0.08051190322580659
1064	goal + feedback	55	450	0.08385190322580656
1064	goal + feedback	55	500	0.11529140322580671
1064	goal + feedback	55	550	0.14246173655913985
1064	goal + feedback	55	600	0.17845490322580662
1064	goal + feedback	55	650	0.2006587365591399
1064	goal + feedback	55	700	0.20479706989247326
1064	goal + feedback	55	750	0.20550306989247327
1064	goal + feedback	55	800	0.17665306989247323
1064	goal + feedback	55	850	NA
1064	goal + feedback	55	900	NA
1064	goal + feedback	55	950	NA
1064	goal + feedback	55	1e3	0.06325547465437806
1064	goal + feedback	55	1050	0.15087923655913996
1064	goal + feedback	55	1100	0.14559023655913994
1064	goal + feedback	55	1150	0.13864673655913987
1064	goal + feedback	56	-200	0.02011869124423977
1064	goal + feedback	56	-150	0.019744881720430207
1064	goal + feedback	56	-100	8.897150537635253e-4
1064	goal + feedback	56	-50	-0.014733451612903181
1064	goal + feedback	56	0	-0.029372951612903025
1064	goal + feedback	56	50	-0.038833618279569736
1064	goal + feedback	56	100	-0.03681161827956984
1064	goal + feedback	56	150	-0.040100451612903175
1064	goal + feedback	56	200	-0.04013128494623652
1064	goal + feedback	56	250	-0.026384951612903107
1064	goal + feedback	56	300	-0.026452951612903137
1064	goal + feedback	56	350	-0.003602451612903105
1064	goal + feedback	56	400	0.017600548387096977
1064	goal + feedback	56	450	0.03773954838709689
1064	goal + feedback	56	500	0.06469288172043026
1064	goal + feedback	56	550	0.09214554838709683
1064	goal + feedback	56	600	0.12162104838709697
1064	goal + feedback	56	650	0.15657804838709702
1064	goal + feedback	56	700	0.17542538172043023
1064	goal + feedback	56	750	0.16162221505376362
1064	goal + feedback	56	800	0.16038388172043025
1064	goal + feedback	56	850	0.15362404838709698
1064	goal + feedback	56	900	0.133904548387097
1064	goal + feedback	56	950	0.07818879838709702
1064	goal + feedback	56	1e3	NA
1064	goal + feedback	56	1050	NA
1064	goal + feedback	56	1100	-0.009027051612903047
1064	goal + feedback	56	1150	0.13021554838709695
1064	goal + feedback	57	-200	-0.007961566666666734
1064	goal + feedback	57	-150	-0.0032192333333333303
1064	goal + feedback	57	-100	8.429333333333696e-4
1064	goal + feedback	57	-50	-0.0015597333333333314
1064	goal + feedback	57	0	0.011897600000000027
1064	goal + feedback	57	50	0.01422226666666663
1064	goal + feedback	57	100	0.03181793333333335
1064	goal + feedback	57	150	0.03883076666666674
1064	goal + feedback	57	200	0.04835083809523809
1064	goal + feedback	57	250	0.06393876666666665
1064	goal + feedback	57	300	0.06245426666666667
1064	goal + feedback	57	350	0.06946309999999989
1064	goal + feedback	57	400	0.08290009999999996
1064	goal + feedback	57	450	0.09929998095238098
1064	goal + feedback	57	500	0.12094776666666673
1064	goal + feedback	57	550	0.15738326666666666
1064	goal + feedback	57	600	0.1770051
1064	goal + feedback	57	650	0.19502860000000002
1064	goal + feedback	57	700	0.19705860000000008
1064	goal + feedback	57	750	0.20791859999999995
1064	goal + feedback	57	800	0.23109393333333328
1064	goal + feedback	57	850	0.04787426666666672
1064	goal + feedback	57	900	0.24145255238095237
1064	goal + feedback	57	950	0.21892576666666663
1064	goal + feedback	57	1e3	0.20133976666666653
1064	goal + feedback	57	1050	0.20216659999999997
1064	goal + feedback	57	1100	0.22801459999999998
1064	goal + feedback	57	1150	0.22808093333333335
1064	goal + feedback	58	-200	0.026666493087557593
1064	goal + feedback	58	-150	0.015618731182795628
1064	goal + feedback	58	-100	-0.00215226881720428
1064	goal + feedback	58	-50	-0.02320776881720425
1064	goal + feedback	58	0	-0.021369602150537625
1064	goal + feedback	58	50	-0.027545435483871044
1064	goal + feedback	58	100	-0.0016631021505377024
1064	goal + feedback	58	150	-0.027553268817204286
1064	goal + feedback	58	200	-0.023684768817204382
1064	goal + feedback	58	250	-0.00910493548387096
1064	goal + feedback	58	300	-0.0031402688172043427
1064	goal + feedback	58	350	0.017020897849462296
1064	goal + feedback	58	400	0.023693064516128997
1064	goal + feedback	58	450	0.04889423118279564
1064	goal + feedback	58	500	0.06357326451612896
1064	goal + feedback	58	550	0.0894960645161289
1064	goal + feedback	58	600	0.09826573118279562
1064	goal + feedback	58	650	0.11249846451612902
1064	goal + feedback	58	700	NA
1064	goal + feedback	58	750	NA
1064	goal + feedback	58	800	-0.16960843548387095
1064	goal + feedback	58	850	0.10200023118279573
1064	goal + feedback	58	900	0.0897238978494624
1064	goal + feedback	58	950	0.07174873118279579
1064	goal + feedback	58	1e3	0.07707889784946238
1064	goal + feedback	58	1050	0.10472923118279565
1064	goal + feedback	58	1100	0.1206363978494623
1064	goal + feedback	58	1150	0.1204518978494622
1064	goal + feedback	59	-200	-0.01316938709677424
1064	goal + feedback	59	-150	-0.002720720430107478
1064	goal + feedback	59	-100	-0.005482387096774251
1064	goal + feedback	59	-50	0.013717446236559239
1064	goal + feedback	59	0	0.009849946236559104
1064	goal + feedback	59	50	0.00810344623655923
1064	goal + feedback	59	100	-4.635537634407605e-4
1064	goal + feedback	59	150	-3.1355376344088803e-4
1064	goal + feedback	59	200	-0.003953720430107517
1064	goal + feedback	59	250	-0.018917220430107424
1064	goal + feedback	59	300	-0.020077220430107474
1064	goal + feedback	59	350	-0.026594887096774194
1064	goal + feedback	59	400	-0.01702938709677415
1064	goal + feedback	59	450	-0.004629553763440801
1064	goal + feedback	59	500	0.021757779569892444
1064	goal + feedback	59	550	0.04474294623655917
1064	goal + feedback	59	600	0.08287694623655928
1064	goal + feedback	59	650	0.11118827956989248
1064	goal + feedback	59	700	0.12558711290322586
1064	goal + feedback	59	750	0.13259227956989253
1064	goal + feedback	59	800	0.11595261290322578
1064	goal + feedback	59	850	0.10158711290322582
1064	goal + feedback	59	900	0.09750244623655917
1064	goal + feedback	59	950	0.07968494623655913
1064	goal + feedback	59	1e3	0.08161427956989258
1064	goal + feedback	59	1050	0.0805936129032258
1064	goal + feedback	59	1100	0.037684612903226
1064	goal + feedback	59	1150	-0.14213513709677417
1064	goal + feedback	60	-200	9.69949308755729e-4
1064	goal + feedback	60	-150	0.008216806451612824
1064	goal + feedback	60	-100	0.0036958064516127522
1064	goal + feedback	60	-50	-0.006819693548387222
1064	goal + feedback	60	0	-0.006224526881720482
1064	goal + feedback	60	50	-9.266935483871475e-4
1064	goal + feedback	60	100	-0.009493526881720449
1064	goal + feedback	60	150	-0.0020635268817204753
1064	goal + feedback	60	200	-0.0027708602150538684
1064	goal + feedback	60	250	-0.0063438602150538426
1064	goal + feedback	60	300	-0.004510860215053943
1064	goal + feedback	60	350	-0.0030810268817204425
1064	goal + feedback	60	400	0.021647806451612794
1064	goal + feedback	60	450	0.05032813978494621
1064	goal + feedback	60	500	0.08429730645161282
1064	goal + feedback	60	550	0.11162847311827957
1064	goal + feedback	60	600	0.14307480645161283
1064	goal + feedback	60	650	0.1511424731182794
1064	goal + feedback	60	700	0.13598980645161296
1064	goal + feedback	60	750	NA
1064	goal + feedback	60	800	NA
1064	goal + feedback	60	850	0.13377700645161283
1064	goal + feedback	60	900	0.16777513978494615
1064	goal + feedback	60	950	0.1624876397849461
1064	goal + feedback	60	1e3	0.16585047311827958
1064	goal + feedback	60	1050	0.18310913978494617
1064	goal + feedback	60	1100	0.20834080645161288
1064	goal + feedback	60	1150	0.2344501397849462
1064	goal + feedback	61	-200	-0.013599741935483856
1064	goal + feedback	61	-150	-0.0025019086021504933
1064	goal + feedback	61	-100	0.0031482580645162037
1064	goal + feedback	61	-50	0.0068917580645161776
1064	goal + feedback	61	0	0.008328258064516167
1064	goal + feedback	61	50	0.005798924731182857
1064	goal + feedback	61	100	0.0044827580645162195
1064	goal + feedback	61	150	-0.021603575268816993
1064	goal + feedback	61	200	-0.021274575268817115
1064	goal + feedback	61	250	-0.034086241935483784
1064	goal + feedback	61	300	-0.04121307526881712
1064	goal + feedback	61	350	-0.04204174193548379
1064	goal + feedback	61	400	-0.03998040860215054
1064	goal + feedback	61	450	-0.02844007526881705
1064	goal + feedback	61	500	-0.00906790860215049
1064	goal + feedback	61	550	0.013891091397849534
1064	goal + feedback	61	600	0.039560591397849475
1064	goal + feedback	61	650	0.06412525806451612
1064	goal + feedback	61	700	0.09503609139784956
1064	goal + feedback	61	750	0.09214859139784948
1064	goal + feedback	61	800	0.08721475806451617
1064	goal + feedback	61	850	0.06398675806451615
1064	goal + feedback	61	900	0.0519252580645162
1064	goal + feedback	61	950	0.04997485806451625
1064	goal + feedback	61	1e3	NA
1064	goal + feedback	61	1050	NA
1064	goal + feedback	61	1100	-0.1802964919354838
1064	goal + feedback	61	1150	0.05753775806451622
1064	goal + feedback	62	-200	0.0013773190476189206
1064	goal + feedback	62	-150	-0.007831800000000092
1064	goal + feedback	62	-100	0.0024673666666665075
1064	goal + feedback	62	-50	2.536999999998753e-4
1064	goal + feedback	62	0	0.004204633333333163
1064	goal + feedback	62	50	-0.03790496666666687
1064	goal + feedback	62	100	-0.019673133333333388
1064	goal + feedback	62	150	0.006423866666666574
1064	goal + feedback	62	200	0.0019491999999999472
1064	goal + feedback	62	250	0.006150533333333226
1064	goal + feedback	62	300	0.01158103333333312
1064	goal + feedback	62	350	0.014834366666666524
1064	goal + feedback	62	400	0.008523366666666496
1064	goal + feedback	62	450	1.3033333333245523e-5
1064	goal + feedback	62	500	0.0035710333333332698
1064	goal + feedback	62	550	0.008114866666666684
1064	goal + feedback	62	600	0.0359595333333332
1064	goal + feedback	62	650	0.058788366666666425
1064	goal + feedback	62	700	0.09658619999999989
1064	goal + feedback	62	750	NA
1064	goal + feedback	62	800	NA
1064	goal + feedback	62	850	NA
1064	goal + feedback	62	900	0.09353523333333325
1064	goal + feedback	62	950	0.10084753333333318
1064	goal + feedback	62	1e3	0.07944203333333322
1064	goal + feedback	62	1050	0.08162919999999992
1064	goal + feedback	62	1100	0.0952945333333332
1064	goal + feedback	62	1150	0.14800186666666656
1064	goal + feedback	63	-200	0.01013378666666657
1064	goal + feedback	63	-150	0.01785478666666651
1064	goal + feedback	63	-100	-0.0010470466666667733
1064	goal + feedback	63	-50	-0.005016880000000186
1064	goal + feedback	63	0	-0.13154788000000028
1064	goal + feedback	63	50	NA
1064	goal + feedback	63	100	NA
1064	goal + feedback	63	150	-0.024980880000000132
1064	goal + feedback	63	200	-0.03330821333333341
1064	goal + feedback	63	250	-0.016327713333333344
1064	goal + feedback	63	300	-0.011531046666666711
1064	goal + feedback	63	350	0.006177453333333194
1064	goal + feedback	63	400	0.01532145333333331
1064	goal + feedback	63	450	0.04159261999999978
1064	goal + feedback	63	500	0.039272953333333284
1064	goal + feedback	63	550	0.05845478666666656
1064	goal + feedback	63	600	0.06444811999999993
1064	goal + feedback	63	650	0.08343378666666657
1064	goal + feedback	63	700	0.09968728666666656
1064	goal + feedback	63	750	0.12169145333333324
1064	goal + feedback	63	800	0.1413847866666665
1064	goal + feedback	63	850	0.13490511999999985
1064	goal + feedback	63	900	0.12255995333333318
1064	goal + feedback	63	950	0.09925295333333321
1064	goal + feedback	63	1e3	0.09636791999999979
1064	goal + feedback	63	1050	NA
1064	goal + feedback	63	1100	NA
1064	goal + feedback	63	1150	NA
1064	goal + feedback	64	-200	-6.564470046080803e-4
1064	goal + feedback	64	-150	-0.008829161290322407
1064	goal + feedback	64	-100	0.001669505376344323
1064	goal + feedback	64	-50	-3.2782795698908335e-4
1064	goal + feedback	64	0	0.008253338709677704
1064	goal + feedback	64	50	0.014384338709677591
1064	goal + feedback	64	100	0.012478672043011008
1064	goal + feedback	64	150	0.024401672043010986
1064	goal + feedback	64	200	0.020351338709677647
1064	goal + feedback	64	250	0.020423672043011026
1064	goal + feedback	64	300	0.018093005376344323
1064	goal + feedback	64	350	0.02561533870967773
1064	goal + feedback	64	400	0.03193367204301093
1064	goal + feedback	64	450	0.03855483870967761
1064	goal + feedback	64	500	0.0671518387096776
1064	goal + feedback	64	550	0.09304483870967761
1064	goal + feedback	64	600	0.11830167204301101
1064	goal + feedback	64	650	0.13834050537634432
1064	goal + feedback	64	700	0.15088150537634423
1064	goal + feedback	64	750	0.03288783870967782
1064	goal + feedback	64	800	NA
1064	goal + feedback	64	850	-2.4516129032233397e-4
1064	goal + feedback	64	900	0.16732183870967762
1064	goal + feedback	64	950	0.16479950537634433
1064	goal + feedback	64	1e3	0.14441100537634424
1064	goal + feedback	64	1050	0.17904783870967766
1064	goal + feedback	64	1100	0.1999473387096776
1064	goal + feedback	64	1150	0.19598867204301085
1064	goal + feedback	65	-200	NA
1064	goal + feedback	65	-150	NA
1064	goal + feedback	65	-100	0.02322167058823501
1064	goal + feedback	65	-50	-0.012215696078431574
1064	goal + feedback	65	0	-0.007135696078431526
1064	goal + feedback	65	50	-0.011448529411764921
1064	goal + feedback	65	100	-0.001776696078431561
1064	goal + feedback	65	150	0.01335997058823509
1064	goal + feedback	65	200	0.03166430392156835
1064	goal + feedback	65	250	0.020024637254901705
1064	goal + feedback	65	300	0.03216663725490173
1064	goal + feedback	65	350	0.026384970588235006
1064	goal + feedback	65	400	0.044341303921568466
1064	goal + feedback	65	450	0.046687803921568426
1064	goal + feedback	65	500	0.05661330392156846
1064	goal + feedback	65	550	0.07641347058823511
1064	goal + feedback	65	600	0.08927980392156838
1064	goal + feedback	65	650	0.12205713725490175
1064	goal + feedback	65	700	0.14048180392156837
1064	goal + feedback	65	750	0.1550321372549018
1064	goal + feedback	65	800	0.15106947058823508
1064	goal + feedback	65	850	0.1383749705882351
1064	goal + feedback	65	900	0.10939080392156846
1064	goal + feedback	65	950	0.09700063725490178
1064	goal + feedback	65	1e3	0.09672647058823507
1064	goal + feedback	65	1050	0.10671347058823503
1064	goal + feedback	65	1100	0.10070913725490167
1064	goal + feedback	65	1150	0.0982369705882351
1064	goal + feedback	66	-200	-0.007592405529953946
1064	goal + feedback	66	-150	-0.0029762150537635534
1064	goal + feedback	66	-100	0.006859118279569938
1064	goal + feedback	66	-50	0.006339951612903165
1064	goal + feedback	66	0	-0.0013650483870969083
1064	goal + feedback	66	50	-0.009541548387096865
1064	goal + feedback	66	100	-0.002661215053763488
1064	goal + feedback	66	150	-0.013171381720430123
1064	goal + feedback	66	200	-0.013200215053763417
1064	goal + feedback	66	250	-0.018981048387096838
1064	goal + feedback	66	300	-0.007157715053763465
1064	goal + feedback	66	350	-0.00253404838709681
1064	goal + feedback	66	400	0.017287118279569896
1064	goal + feedback	66	450	0.03366945161290317
1064	goal + feedback	66	500	0.052428451612903215
1064	goal + feedback	66	550	0.08049945161290317
1064	goal + feedback	66	600	0.11062345161290314
1064	goal + feedback	66	650	0.1111444516129032
1064	goal + feedback	66	700	0.10311478494623645
1064	goal + feedback	66	750	0.07825195161290321
1064	goal + feedback	66	800	NA
1064	goal + feedback	66	850	NA
1064	goal + feedback	66	900	-0.05324704838709682
1064	goal + feedback	66	950	0.07402528494623646
1064	goal + feedback	66	1e3	0.06495378494623649
1064	goal + feedback	66	1050	0.05623995161290322
1064	goal + feedback	66	1100	0.056446784946236526
1064	goal + feedback	66	1150	0.06504795161290315
1064	goal + feedback	67	-200	0.009999067226890876
1064	goal + feedback	67	-150	-0.011744480392156698
1064	goal + feedback	67	-100	1.1835294117656936e-4
1064	goal + feedback	67	-50	NA
1064	goal + feedback	67	0	NA
1064	goal + feedback	67	50	0.025487019607843314
1064	goal + feedback	67	100	-2.1181372549013608e-4
1064	goal + feedback	67	150	-0.0073869803921566835
1064	goal + feedback	67	200	-0.011550147058823512
1064	goal + feedback	67	250	-0.005788647058823389
1064	goal + feedback	67	300	-0.005674147058823446
1064	goal + feedback	67	350	-0.0037321470588233354
1064	goal + feedback	67	400	-0.0123419803921568
1064	goal + feedback	67	450	0.003920686274510032
1064	goal + feedback	67	500	0.013371186274509913
1064	goal + feedback	67	550	0.021293352941176586
1064	goal + feedback	67	600	0.046382686274509956
1064	goal + feedback	67	650	0.0805175196078433
1064	goal + feedback	67	700	0.1072103529411766
1064	goal + feedback	67	750	0.13010535294117664
1064	goal + feedback	67	800	0.10950355294117661
1064	goal + feedback	67	850	NA
1064	goal + feedback	67	900	NA
1064	goal + feedback	67	950	0.16400985294117665
1064	goal + feedback	67	1e3	0.11159201960784333
1064	goal + feedback	67	1050	0.12438418627450987
1064	goal + feedback	67	1100	0.14835185294117656
1064	goal + feedback	67	1150	0.14982851960784319
1064	goal + feedback	68	-200	-0.004507797235023021
1064	goal + feedback	68	-150	-6.195591397850642e-4
1064	goal + feedback	68	-100	0.004939940860215024
1064	goal + feedback	68	-50	-6.513924731183322e-4
1064	goal + feedback	68	0	0.0015901075268816012
1064	goal + feedback	68	50	0.0076007741935482835
1064	goal + feedback	68	100	0.025537274193548305
1064	goal + feedback	68	150	0.03669627419354837
1064	goal + feedback	68	200	0.03534527419354827
1064	goal + feedback	68	250	0.06500494086021491
1064	goal + feedback	68	300	0.05740360752688164
1064	goal + feedback	68	350	0.06224327419354821
1064	goal + feedback	68	400	0.06484810752688171
1064	goal + feedback	68	450	0.07948994086021499
1064	goal + feedback	68	500	0.09690277419354827
1064	goal + feedback	68	550	0.11871527419354821
1064	goal + feedback	68	600	0.1343487741935482
1064	goal + feedback	68	650	0.13857594086021496
1064	goal + feedback	68	700	0.13619527419354838
1064	goal + feedback	68	750	NA
1064	goal + feedback	68	800	NA
1064	goal + feedback	68	850	0.0913627741935483
1064	goal + feedback	68	900	0.14504527419354826
1064	goal + feedback	68	950	0.1378643741935483
1064	goal + feedback	68	1e3	NA
1064	goal + feedback	68	1050	NA
1064	goal + feedback	68	1100	0.08366144086021492
1064	goal + feedback	68	1150	0.1885549408602151
1064	goal + feedback	69	-200	-0.010143258064516087
1064	goal + feedback	69	-150	-3.567580645161457e-4
1064	goal + feedback	69	-100	4.4607526881712545e-4
1064	goal + feedback	69	-50	0.003702908602150501
1064	goal + feedback	69	0	0.00804157526881714
1064	goal + feedback	69	50	0.02481590860215051
1064	goal + feedback	69	100	0.020372075268817236
1064	goal + feedback	69	150	0.023596075268817202
1064	goal + feedback	69	200	0.030266741935483843
1064	goal + feedback	69	250	0.023917575268817215
1064	goal + feedback	69	300	0.015912241935483868
1064	goal + feedback	69	350	0.0087627419354838
1064	goal + feedback	69	400	0.014372908602150458
1064	goal + feedback	69	450	0.025672908602150473
1064	goal + feedback	69	500	0.047239741935483824
1064	goal + feedback	69	550	0.07769957526881714
1064	goal + feedback	69	600	0.07015307526881716
1064	goal + feedback	69	650	NA
1064	goal + feedback	69	700	NA
1064	goal + feedback	69	750	NA
1064	goal + feedback	69	800	-0.05173392473118277
1064	goal + feedback	69	850	0.14729131336405535
1064	goal + feedback	69	900	0.1577285752688172
1064	goal + feedback	69	950	0.23321074193548386
1064	goal + feedback	69	1e3	NA
1064	goal + feedback	69	1050	0.11617790860215053
1064	goal + feedback	69	1100	0.1620774086021505
1064	goal + feedback	69	1150	0.16938690860215044
1064	goal + feedback	70	-200	-0.019107898617511245
1064	goal + feedback	70	-150	-0.005517446236558883
1064	goal + feedback	70	-100	-0.0014656129032256289
1064	goal + feedback	70	-50	0.00711822043010768
1064	goal + feedback	70	0	0.022157387096774395
1064	goal + feedback	70	50	0.032448053763441065
1064	goal + feedback	70	100	0.042066220430107736
1064	goal + feedback	70	150	0.03856538709677437
1064	goal + feedback	70	200	0.04046522043010762
1064	goal + feedback	70	250	0.026914220430107754
1064	goal + feedback	70	300	0.034169887096774376
1064	goal + feedback	70	350	0.03808238709677436
1064	goal + feedback	70	400	0.020996387096774354
1064	goal + feedback	70	450	0.03926188709677447
1064	goal + feedback	70	500	0.054629553763441065
1064	goal + feedback	70	550	0.09141772043010765
1064	goal + feedback	70	600	0.10122905376344112
1064	goal + feedback	70	650	0.11471505376344109
1064	goal + feedback	70	700	0.12544988709677432
1064	goal + feedback	70	750	0.10702855376344107
1064	goal + feedback	70	800	0.10433938709677437
1064	goal + feedback	70	850	NA
1064	goal + feedback	70	900	NA
1064	goal + feedback	70	950	-0.22760727956989224
1064	goal + feedback	70	1e3	0.13916188709677443
1064	goal + feedback	70	1050	0.0987998870967745
1064	goal + feedback	70	1100	0.09256472043010773
1064	goal + feedback	70	1150	0.12604038709677443
1064	goal + feedback	71	-200	-0.05665583333333313
1064	goal + feedback	71	-150	0.02553150000000019
1064	goal + feedback	71	-100	0.010743333333333474
1064	goal + feedback	71	-50	0.00877733333333349
1064	goal + feedback	71	0	0.01160366666666679
1064	goal + feedback	71	50	0.02643483333333352
1064	goal + feedback	71	100	0.01716800000000022
1064	goal + feedback	71	150	0.0073258333333335495
1064	goal + feedback	71	200	8.686666666668508e-4
1064	goal + feedback	71	250	-0.021170333333333218
1064	goal + feedback	71	300	-0.037145499999999755
1064	goal + feedback	71	350	-0.037864666666666436
1064	goal + feedback	71	400	-0.030945333333333085
1064	goal + feedback	71	450	-0.01613449999999979
1064	goal + feedback	71	500	-0.007526833333333076
1064	goal + feedback	71	550	0.00622983333333349
1064	goal + feedback	71	600	0.022583500000000162
1064	goal + feedback	71	650	0.05412233333333353
1064	goal + feedback	71	700	0.055486666666666906
1064	goal + feedback	71	750	0.07783450000000025
1064	goal + feedback	71	800	0.07166816666666682
1064	goal + feedback	71	850	0.060009500000000125
1064	goal + feedback	71	900	0.05373666666666684
1064	goal + feedback	71	950	0.05076066666666682
1064	goal + feedback	71	1e3	0.060947500000000154
1064	goal + feedback	71	1050	0.06258300000000012
1064	goal + feedback	71	1100	0.06350316666666685
1064	goal + feedback	71	1150	0.06203233333333354
1064	goal + feedback	72	-200	0.009156774193548196
1064	goal + feedback	72	-150	-0.0035808924731185097
1064	goal + feedback	72	-100	-3.2672580645180344e-4
1064	goal + feedback	72	-50	-0.0011395591397851401
1064	goal + feedback	72	0	-0.005635725806451737
1064	goal + feedback	72	50	-0.017887892473118505
1064	goal + feedback	72	100	-0.014640392473118435
1064	goal + feedback	72	150	-0.021773059139785184
1064	goal + feedback	72	200	-0.016409725806451874
1064	goal + feedback	72	250	-0.02912655913978505
1064	goal + feedback	72	300	-0.030545225806451803
1064	goal + feedback	72	350	-0.0442263924731184
1064	goal + feedback	72	400	-0.043853392473118445
1064	goal + feedback	72	450	-0.05100989247311838
1064	goal + feedback	72	500	-0.02465705913978507
1064	goal + feedback	72	550	-2.24392473118451e-4
1064	goal + feedback	72	600	3.546075268815822e-4
1064	goal + feedback	72	650	0.013652607526881614
1064	goal + feedback	72	700	0.026011107526881478
1064	goal + feedback	72	750	NA
1064	goal + feedback	72	800	NA
1064	goal + feedback	72	850	NA
1064	goal + feedback	72	900	-0.1298188258064517
1064	goal + feedback	72	950	-0.014706559139785172
1064	goal + feedback	72	1e3	0.0061239408602148755
1064	goal + feedback	72	1050	0.025766607526881573
1064	goal + feedback	72	1100	0.038482440860214906
1064	goal + feedback	72	1150	0.05895010752688153
1064	goal + feedback	73	-200	0.01087253917050671
1064	goal + feedback	73	-150	3.0467741935380488e-5
1064	goal + feedback	73	-100	-0.0042786989247312794
1064	goal + feedback	73	-50	-0.011484532258064636
1064	goal + feedback	73	0	0.00304813440860204
1064	goal + feedback	73	50	-0.008416698924731255
1064	goal + feedback	73	100	-0.0027380322580646452
1064	goal + feedback	73	150	7.958010752687391e-4
1064	goal + feedback	73	200	-0.004248865591397995
1064	goal + feedback	73	250	-0.01153686559139803
1064	goal + feedback	73	300	-0.007965198924731279
1064	goal + feedback	73	350	-0.005224865591398009
1064	goal + feedback	73	400	0.012222467741935287
1064	goal + feedback	73	450	0.0269468010752687
1064	goal + feedback	73	500	0.06186563440860201
1064	goal + feedback	73	550	0.0882699677419354
1064	goal + feedback	73	600	0.12096280107526873
1064	goal + feedback	73	650	0.13526430107526877
1064	goal + feedback	73	700	0.1616771344086021
1064	goal + feedback	73	750	0.1652839677419354
1064	goal + feedback	73	800	0.16355746774193528
1064	goal + feedback	73	850	0.12351796774193542
1064	goal + feedback	73	900	NA
1064	goal + feedback	73	950	NA
1064	goal + feedback	73	1e3	-0.10017003225806469
1064	goal + feedback	73	1050	0.16803463440860197
1064	goal + feedback	73	1100	0.15507796774193539
1064	goal + feedback	73	1150	0.1467803010752687
1064	goal + feedback	74	-200	0.002469216589861783
1064	goal + feedback	74	-150	0.010213145161290202
1064	goal + feedback	74	-100	-8.646881720430303e-4
1064	goal + feedback	74	-50	-0.006228854838709719
1064	goal + feedback	74	0	-0.006000354838709754
1064	goal + feedback	74	50	0.003543311827956863
1064	goal + feedback	74	100	-0.008047521505376354
1064	goal + feedback	74	150	0.00634714516129035
1064	goal + feedback	74	200	0.003094978494623627
1064	goal + feedback	74	250	0.008149311827956899
1064	goal + feedback	74	300	0.02116364516129036
1064	goal + feedback	74	350	0.01041347849462356
1064	goal + feedback	74	400	0.029791811827957055
1064	goal + feedback	74	450	0.06103214516129022
1064	goal + feedback	74	500	0.0830796451612903
1064	goal + feedback	74	550	0.10407381182795694
1064	goal + feedback	74	600	0.15544231182795695
1064	goal + feedback	74	650	0.18594897849462363
1064	goal + feedback	74	700	0.2023279784946236
1064	goal + feedback	74	750	0.21238044516129034
1064	goal + feedback	74	800	NA
1064	goal + feedback	74	850	NA
1064	goal + feedback	74	900	NA
1064	goal + feedback	74	950	0.14264464516129038
1064	goal + feedback	74	1e3	0.14378064516129033
1064	goal + feedback	74	1050	0.12084097849462368
1064	goal + feedback	74	1100	0.11871181182795694
1064	goal + feedback	74	1150	0.13845847849462367
1064	goal + feedback	75	-200	0.005804317972350085
1064	goal + feedback	75	-150	0.007193198924731063
1064	goal + feedback	75	-100	-0.005203467741935623
1064	goal + feedback	75	-50	6.176989247310694e-4
1064	goal + feedback	75	0	-0.009379134408602274
1064	goal + feedback	75	50	-0.00991930107526895
1064	goal + feedback	75	100	-0.008611967741935622
1064	goal + feedback	75	150	-0.003670801075268922
1064	goal + feedback	75	200	-0.007303801075268994
1064	goal + feedback	75	250	-0.011600634408602225
1064	goal + feedback	75	300	-0.01905130107526894
1064	goal + feedback	75	350	-0.0067964677419355786
1064	goal + feedback	75	400	-0.005265967741935625
1064	goal + feedback	75	450	0.0275475322580645
1064	goal + feedback	75	500	0.038270698924731006
1064	goal + feedback	75	550	0.08338936559139776
1064	goal + feedback	75	600	0.10643403225806443
1064	goal + feedback	75	650	0.12821703225806447
1064	goal + feedback	75	700	0.12500936559139775
1064	goal + feedback	75	750	0.12989603225806437
1064	goal + feedback	75	800	0.11184803225806439
1064	goal + feedback	75	850	0.1078613655913978
1064	goal + feedback	75	900	0.10163153225806432
1064	goal + feedback	75	950	0.09814669892473105
1064	goal + feedback	75	1e3	0.09675169892473101
1064	goal + feedback	75	1050	0.10434286559139776
1064	goal + feedback	75	1100	0.10698253225806442
1064	goal + feedback	75	1150	0.11651419892473107
1064	goal + feedback	76	-200	-0.012157374999999781
1064	goal + feedback	76	-150	NA
1064	goal + feedback	76	-100	NA
1064	goal + feedback	76	-50	-0.00377997499999978
1064	goal + feedback	76	0	0.013281125000000227
1064	goal + feedback	76	50	0.009955625000000135
1064	goal + feedback	76	100	0.015664458333333558
1064	goal + feedback	76	150	0.002181791666666877
1064	goal + feedback	76	200	-0.0016362083333332222
1064	goal + feedback	76	250	0.001269458333333547
1064	goal + feedback	76	300	0.010399458333333408
1064	goal + feedback	76	350	-0.007094874999999797
1064	goal + feedback	76	400	-0.013996708333333144
1064	goal + feedback	76	450	0.017763291666666865
1064	goal + feedback	76	500	0.03693245833333355
1064	goal + feedback	76	550	0.05209779166666687
1064	goal + feedback	76	600	0.0805664583333335
1064	goal + feedback	76	650	0.1104152916666669
1064	goal + feedback	76	700	0.12646929166666676
1064	goal + feedback	76	750	0.13137912500000018
1064	goal + feedback	76	800	0.11004345833333347
1064	goal + feedback	76	850	0.10012779166666674
1064	goal + feedback	76	900	0.09838245833333341
1064	goal + feedback	76	950	0.08492295833333337
1064	goal + feedback	76	1e3	0.0814824583333335
1064	goal + feedback	76	1050	0.07843795833333345
1064	goal + feedback	76	1100	0.07346029166666683
1064	goal + feedback	76	1150	0.07241345833333357
1064	goal + feedback	77	-200	0.006460760368663466
1064	goal + feedback	77	-150	0.004361736559139591
1064	goal + feedback	77	-100	-0.008219430107526978
1064	goal + feedback	77	-50	0.0064754032258063825
1064	goal + feedback	77	0	-0.010155263440860374
1064	goal + feedback	77	50	-0.014386430107527012
1064	goal + feedback	77	100	-0.018042096774193588
1064	goal + feedback	77	150	-0.025826596774193595
1064	goal + feedback	77	200	-0.031828263440860205
1064	goal + feedback	77	250	-0.04201659677419367
1064	goal + feedback	77	300	-0.028726930107527027
1064	goal + feedback	77	350	-0.030355763440860217
1064	goal + feedback	77	400	-0.02418759677419365
1064	goal + feedback	77	450	-0.018798596774193637
1064	goal + feedback	77	500	-0.005093096774193784
1064	goal + feedback	77	550	0.016880569892472996
1064	goal + feedback	77	600	0.038414236559139704
1064	goal + feedback	77	650	0.050911403225806375
1064	goal + feedback	77	700	0.05568373655913961
1064	goal + feedback	77	750	0.05196606989247302
1064	goal + feedback	77	800	0.038573736559139725
1064	goal + feedback	77	850	0.036097569892473036
1064	goal + feedback	77	900	0.04119540322580625
1064	goal + feedback	77	950	0.037242236559139684
1064	goal + feedback	77	1e3	0.045186903225806395
1064	goal + feedback	77	1050	0.04837540322580636
1064	goal + feedback	77	1100	0.044125569892473036
1064	goal + feedback	77	1150	0.04748523655913961
1064	goal + feedback	78	-200	-0.004304876344086124
1064	goal + feedback	78	-150	0.011739623655913892
1064	goal + feedback	78	-100	0.007527456989247246
1064	goal + feedback	78	-50	-0.004459852534562333
1064	goal + feedback	78	0	-0.009759043010752736
1064	goal + feedback	78	50	0.0033636903225805702
1064	goal + feedback	78	100	-0.009777995391705208
1064	goal + feedback	78	150	-0.0029218763440861384
1064	goal + feedback	78	200	-0.0057068763440860275
1064	goal + feedback	78	250	-9.72376344086164e-4
1064	goal + feedback	78	300	0.00924762365591388
1064	goal + feedback	78	350	0.021713456989247204
1064	goal + feedback	78	400	0.03860595698924718
1064	goal + feedback	78	450	0.05585595698924717
1064	goal + feedback	78	500	0.0914254569892472
1064	goal + feedback	78	550	0.11088462365591394
1064	goal + feedback	78	600	0.11678912365591392
1064	goal + feedback	78	650	0.11971212365591384
1064	goal + feedback	78	700	0.11185445698924723
1064	goal + feedback	78	750	0.10450262365591383
1064	goal + feedback	78	800	0.09227245698924724
1064	goal + feedback	78	850	0.09507612365591382
1064	goal + feedback	78	900	0.022320790322580608
1064	goal + feedback	78	950	NA
1064	goal + feedback	78	1e3	NA
1064	goal + feedback	78	1050	0.10299595698924713
1064	goal + feedback	78	1100	0.11366079032258052
1064	goal + feedback	78	1150	0.10557762365591399
1064	goal + feedback	79	-200	0.024367142857142938
1064	goal + feedback	79	-150	0.009053833333333353
1064	goal + feedback	79	-100	-4.7266666666656576e-4
1064	goal + feedback	79	-50	-0.011127666666666647
1064	goal + feedback	79	0	-0.02588183333333342
1064	goal + feedback	79	50	-0.028182166666666692
1064	goal + feedback	79	100	-0.027820333333333263
1064	goal + feedback	79	150	-0.018108166666666554
1064	goal + feedback	79	200	0.002466333333333385
1064	goal + feedback	79	250	0.01184116666666668
1064	goal + feedback	79	300	0.01695283333333338
1064	goal + feedback	79	350	0.0326786666666666
1064	goal + feedback	79	400	0.047397999999999975
1064	goal + feedback	79	450	0.0599186666666666
1064	goal + feedback	79	500	0.0935950000000001
1064	goal + feedback	79	550	0.1302015
1064	goal + feedback	79	600	0.154725
1064	goal + feedback	79	650	0.16378999999999996
1064	goal + feedback	79	700	0.1583100000000001
1064	goal + feedback	79	750	0.1545836666666666
1064	goal + feedback	79	800	0.138049
1064	goal + feedback	79	850	0.1414958333333333
1064	goal + feedback	79	900	0.14263783333333327
1064	goal + feedback	79	950	0.14207400000000003
1064	goal + feedback	79	1e3	0.1542393333333333
1064	goal + feedback	79	1050	0.17572500000000005
1064	goal + feedback	79	1100	0.18009149999999993
1064	goal + feedback	79	1150	0.18153116666666666
1064	goal + feedback	80	-200	-4.516313364054828e-4
1064	goal + feedback	80	-150	-3.19274193548343e-4
1064	goal + feedback	80	-100	-4.5110752688167405e-4
1064	goal + feedback	80	-50	0.005063059139785035
1064	goal + feedback	80	0	-0.003765774193548325
1064	goal + feedback	80	50	0.0068352258064516835
1064	goal + feedback	80	100	0.006521225806451684
1064	goal + feedback	80	150	-0.00444077419354838
1064	goal + feedback	80	200	0.003047225806451633
1064	goal + feedback	80	250	-0.009417440860215084
1064	goal + feedback	80	300	-0.011517274193548458
1064	goal + feedback	80	350	-0.00938110752688163
1064	goal + feedback	80	400	-0.0038287741935483974
1064	goal + feedback	80	450	0.005796225806451598
1064	goal + feedback	80	500	0.014969892473118382
1064	goal + feedback	80	550	0.04352505913978496
1064	goal + feedback	80	600	0.05856639247311827
1064	goal + feedback	80	650	0.0813112258064516
1064	goal + feedback	80	700	0.09691622580645161
1064	goal + feedback	80	750	0.09672705913978508
1064	goal + feedback	80	800	0.07636189247311827
1064	goal + feedback	80	850	0.07003189247311832
1064	goal + feedback	80	900	0.06484122580645169
1064	goal + feedback	80	950	0.06843972580645159
1064	goal + feedback	80	1e3	0.07033039247311823
1064	goal + feedback	80	1050	0.06791139247311835
1064	goal + feedback	80	1100	NA
1064	goal + feedback	80	1150	NA
1064	goal + feedback	81	-200	-0.003756423963133772
1064	goal + feedback	81	-150	0.0024641236559137525
1064	goal + feedback	81	-100	0.004859623655913674
1064	goal + feedback	81	-50	-0.005828876344086131
1064	goal + feedback	81	0	0.0028876236559138104
1064	goal + feedback	81	50	0.0013292903225804824
1064	goal + feedback	81	100	0.021394290322580556
1064	goal + feedback	81	150	0.028272790322580565
1064	goal + feedback	81	200	0.05734629032258054
1064	goal + feedback	81	250	0.08139149032258049
1064	goal + feedback	81	300	0.07723600460829479
1064	goal + feedback	81	350	0.07291745698924716
1064	goal + feedback	81	400	0.07237179032258052
1064	goal + feedback	81	450	0.07466229032258043
1064	goal + feedback	81	500	0.06785545698924718
1064	goal + feedback	81	550	0.10368095698924717
1064	goal + feedback	81	600	0.13002429032258056
1064	goal + feedback	81	650	0.1481956236559138
1064	goal + feedback	81	700	0.15177062365591384
1064	goal + feedback	81	750	0.15039579032258055
1064	goal + feedback	81	800	0.14807329032258054
1064	goal + feedback	81	850	0.14061979032258054
1064	goal + feedback	81	900	0.11824545698924711
1064	goal + feedback	81	950	0.11412812365591381
1064	goal + feedback	81	1e3	-7.92709677419623e-4
1064	goal + feedback	81	1050	NA
1064	goal + feedback	81	1100	NA
1064	goal + feedback	81	1150	-0.05668570967741937
1064	goal + feedback	82	-200	0.01806281566820297
1064	goal + feedback	82	-150	0.010369387096774338
1064	goal + feedback	82	-100	0.002789553763441033
1064	goal + feedback	82	-50	-0.012984612903225686
1064	goal + feedback	82	0	-0.021247612903225594
1064	goal + feedback	82	50	-0.027073946236558937
1064	goal + feedback	82	100	-0.03335361290322555
1064	goal + feedback	82	150	-0.021557112903225484
1064	goal + feedback	82	200	-0.015811279569892294
1064	goal + feedback	82	250	-0.0021949462365590624
1064	goal + feedback	82	300	-9.482795698922963e-4
1064	goal + feedback	82	350	0.021030387096774295
1064	goal + feedback	82	400	0.006769887096774359
1064	goal + feedback	82	450	0.012469387096774328
1064	goal + feedback	82	500	0.024654887096774436
1064	goal + feedback	82	550	0.03588872043010771
1064	goal + feedback	82	600	0.05343955376344104
1064	goal + feedback	82	650	0.07392072043010778
1064	goal + feedback	82	700	0.0981617204301078
1064	goal + feedback	82	750	0.10984622043010768
1064	goal + feedback	82	800	0.1106125537634411
1064	goal + feedback	82	850	0.10800522043010778
1064	goal + feedback	82	900	0.09658605376344116
1064	goal + feedback	82	950	0.0937065537634411
1064	goal + feedback	82	1e3	0.08754288709677427
1064	goal + feedback	82	1050	0.09136838709677438
1064	goal + feedback	82	1100	0.09346405376344102
1064	goal + feedback	82	1150	0.09654572043010774
1064	goal + feedback	83	-200	-0.006583930875575865
1064	goal + feedback	83	-150	-0.008179311827956948
1064	goal + feedback	83	-100	0.0030678548387097493
1064	goal + feedback	83	-50	0.01108335483870985
1064	goal + feedback	83	0	0.001709354838709783
1064	goal + feedback	83	50	-0.004985811827956876
1064	goal + feedback	83	100	-0.006216978494623622
1064	goal + feedback	83	150	-0.01215947849462351
1064	goal + feedback	83	200	-0.016151478494623506
1064	goal + feedback	83	250	-0.017405145161290287
1064	goal + feedback	83	300	-0.025546811827956928
1064	goal + feedback	83	350	-0.027960645161290303
1064	goal + feedback	83	400	-0.03890464516129022
1064	goal + feedback	83	450	-0.040291645161290246
1064	goal + feedback	83	500	-0.03314297849462363
1064	goal + feedback	83	550	-0.027036811827956992
1064	goal + feedback	83	600	0.008390021505376414
1064	goal + feedback	83	650	0.01652468817204311
1064	goal + feedback	83	700	0.035856021505376555
1064	goal + feedback	83	750	0.06270135483870971
1064	goal + feedback	83	800	0.044488521505376376
1064	goal + feedback	83	850	0.04780968817204304
1064	goal + feedback	83	900	0.022478854838709667
1064	goal + feedback	83	950	0.034737188172043
1064	goal + feedback	83	1e3	-0.13788664516129012
1064	goal + feedback	83	1050	NA
1064	goal + feedback	83	1100	-0.12214514516129027
1064	goal + feedback	83	1150	0.08531735483870968
1064	goal + feedback	84	-200	0.011954764976958592
1064	goal + feedback	84	-150	0.009041526881720477
1064	goal + feedback	84	-100	-0.0017608064516128064
1064	goal + feedback	84	-50	-0.006763139784946137
1064	goal + feedback	84	0	-0.014464806451612855
1064	goal + feedback	84	50	-0.0167678064516128
1064	goal + feedback	84	100	-0.01722680645161286
1064	goal + feedback	84	150	-0.02688497311827957
1064	goal + feedback	84	200	-0.035460639784946256
1064	goal + feedback	84	250	-0.03176080645161283
1064	goal + feedback	84	300	-0.03891863978494622
1064	goal + feedback	84	350	-0.04615747311827952
1064	goal + feedback	84	400	-0.06729497311827955
1064	goal + feedback	84	450	-0.0463034731182795
1064	goal + feedback	84	500	-0.031355806451612844
1064	goal + feedback	84	550	-0.007332306451612795
1064	goal + feedback	84	600	0.01888786021505388
1064	goal + feedback	84	650	0.02801386021505377
1064	goal + feedback	84	700	0.04797636021505388
1064	goal + feedback	84	750	0.04695036021505391
1064	goal + feedback	84	800	-0.0015678064516128447
1064	goal + feedback	84	850	NA
1064	goal + feedback	84	900	-0.46663580645161273
1064	goal + feedback	84	950	0.039817860215053846
1064	goal + feedback	84	1e3	0.04816236021505375
1064	goal + feedback	84	1050	0.045718360215053856
1064	goal + feedback	84	1100	0.057826360215053864
1064	goal + feedback	84	1150	0.0639573602150539
1064	goal + feedback	85	-200	-0.011464833333333369
1064	goal + feedback	85	-150	-0.001123166666666749
1064	goal + feedback	85	-100	-0.0014495000000000295
1064	goal + feedback	85	-50	-0.00430966666666673
1064	goal + feedback	85	0	0.01834716666666651
1064	goal + feedback	85	50	0.010827499999999915
1064	goal + feedback	85	100	0.04082933333333324
1064	goal + feedback	85	150	0.04707733333333319
1064	goal + feedback	85	200	0.05536366666666659
1064	goal + feedback	85	250	0.04438799999999995
1064	goal + feedback	85	300	0.050659666666666624
1064	goal + feedback	85	350	0.040015499999999905
1064	goal + feedback	85	400	0.033889999999999976
1064	goal + feedback	85	450	0.04404049999999993
1064	goal + feedback	85	500	0.057788833333333255
1064	goal + feedback	85	550	0.07960316666666671
1064	goal + feedback	85	600	0.10429466666666658
1064	goal + feedback	85	650	0.13469299999999995
1064	goal + feedback	85	700	0.13052233333333327
1064	goal + feedback	85	750	0.1411986666666666
1064	goal + feedback	85	800	NA
1064	goal + feedback	85	850	-0.3220983333333334
1064	goal + feedback	85	900	0.10692149999999996
1064	goal + feedback	85	950	0.26200466666666644
1064	goal + feedback	85	1e3	NA
1064	goal + feedback	85	1050	NA
1064	goal + feedback	85	1100	NA
1064	goal + feedback	85	1150	NA
1064	goal + feedback	86	-200	0.002843958525345691
1064	goal + feedback	86	-150	-0.0014522795698923563
1064	goal + feedback	86	-100	-0.004482446236559061
1064	goal + feedback	86	-50	5.840537634410984e-4
1064	goal + feedback	86	0	0.0020327204301076782
1064	goal + feedback	86	50	0.0078070537634410036
1064	goal + feedback	86	100	0.011087053763441101
1064	goal + feedback	86	150	0.018965553763440928
1064	goal + feedback	86	200	0.025472553763440892
1064	goal + feedback	86	250	0.026334720430107577
1064	goal + feedback	86	300	0.026099220430107668
1064	goal + feedback	86	350	0.01827538709677438
1064	goal + feedback	86	400	0.009861887096774305
1064	goal + feedback	86	450	0.026355387096774246
1064	goal + feedback	86	500	0.04831038709677434
1064	goal + feedback	86	550	0.07463005376344108
1064	goal + feedback	86	600	0.08912372043010763
1064	goal + feedback	86	650	0.10696805376344098
1064	goal + feedback	86	700	0.11941838709677428
1064	goal + feedback	86	750	0.11458038709677432
1064	goal + feedback	86	800	0.11180072043010769
1064	goal + feedback	86	850	0.10751605376344105
1064	goal + feedback	86	900	0.10306888709677435
1064	goal + feedback	86	950	0.0801495537634409
1064	goal + feedback	86	1e3	0.0853747204301077
1064	goal + feedback	86	1050	0.08929105376344097
1064	goal + feedback	86	1100	0.09087588709677437
1064	goal + feedback	86	1150	0.09061555376344092
1064	goal + feedback	87	-200	-0.009756600000000152
1064	goal + feedback	87	-150	-0.008943600000000199
1064	goal + feedback	87	-100	-0.0010237666666668144
1064	goal + feedback	87	-50	0.0032233999999997653
1064	goal + feedback	87	0	0.016500566666666588
1064	goal + feedback	87	50	0.03328568571428546
1064	goal + feedback	87	100	0.03859779999999979
1064	goal + feedback	87	150	0.040833542857142725
1064	goal + feedback	87	200	0.04349339999999987
1064	goal + feedback	87	250	0.046022999999999835
1064	goal + feedback	87	300	0.03773382857142841
1064	goal + feedback	87	350	0.01323956666666648
1064	goal + feedback	87	400	0.023927733333333128
1064	goal + feedback	87	450	0.03763273333333328
1064	goal + feedback	87	500	0.05522523333333318
1064	goal + feedback	87	550	0.09291339999999988
1064	goal + feedback	87	600	0.11410573333333314
1064	goal + feedback	87	650	0.1412692333333332
1064	goal + feedback	87	700	0.10775014999999977
1064	goal + feedback	87	750	NA
1064	goal + feedback	87	800	NA
1064	goal + feedback	87	850	0.012851399999999735
1064	goal + feedback	87	900	0.14448482857142844
1064	goal + feedback	87	950	0.12013456666666644
1064	goal + feedback	87	1e3	0.11129806666666646
1064	goal + feedback	87	1050	0.14774289999999982
1064	goal + feedback	87	1100	0.1647972333333331
1064	goal + feedback	87	1150	0.1817122333333332
1064	goal + feedback	88	-200	0.015416115207373071
1064	goal + feedback	88	-150	0.012518258064515933
1064	goal + feedback	88	-100	-4.3557526881736014e-4
1064	goal + feedback	88	-50	-0.008992408602150817
1064	goal + feedback	88	0	-0.021075741935484043
1064	goal + feedback	88	50	-0.02445140860215078
1064	goal + feedback	88	100	-0.02435224193548402
1064	goal + feedback	88	150	-0.021499575268817406
1064	goal + feedback	88	200	-0.01367974193548401
1064	goal + feedback	88	250	-0.012502741935484174
1064	goal + feedback	88	300	-0.006856241935484138
1064	goal + feedback	88	350	-0.01563140860215066
1064	goal + feedback	88	400	-0.018690075268817347
1064	goal + feedback	88	450	-0.01929224193548403
1064	goal + feedback	88	500	0.01022675806451597
1064	goal + feedback	88	550	0.036315924731182614
1064	goal + feedback	88	600	0.061803258064515885
1064	goal + feedback	88	650	0.08812342473118262
1064	goal + feedback	88	700	0.08404659139784927
1064	goal + feedback	88	750	0.0791024247311826
1064	goal + feedback	88	800	0.0641670913978493
1064	goal + feedback	88	850	0.05381592473118254
1064	goal + feedback	88	900	0.047358424731182534
1064	goal + feedback	88	950	0.04360759139784931
1064	goal + feedback	88	1e3	0.049471258064515945
1064	goal + feedback	88	1050	0.04720275806451594
1064	goal + feedback	88	1100	0.06786950806451597
1064	goal + feedback	88	1150	NA
1064	goal + feedback	89	-200	0.006338036866359317
1064	goal + feedback	89	-150	-0.002392844086021695
1064	goal + feedback	89	-100	4.123225806450896e-4
1064	goal + feedback	89	-50	-0.00566434408602164
1064	goal + feedback	89	0	2.5048924731171e-4
1064	goal + feedback	89	50	-0.007938677419354981
1064	goal + feedback	89	100	-0.021907010752688267
1064	goal + feedback	89	150	-0.02828567741935495
1064	goal + feedback	89	200	-0.014069510752688252
1064	goal + feedback	89	250	-0.018352010752688292
1064	goal + feedback	89	300	-0.023541010752688257
1064	goal + feedback	89	350	-0.0180203440860216
1064	goal + feedback	89	400	-0.02125017741935505
1064	goal + feedback	89	450	-0.013774177419354938
1064	goal + feedback	89	500	-0.008374010752688251
1064	goal + feedback	89	550	0.007877322580645071
1064	goal + feedback	89	600	0.021270322580645058
1064	goal + feedback	89	650	0.028295655913978424
1064	goal + feedback	89	700	0.03076948924731167
1064	goal + feedback	89	750	0.023357155913978394
1064	goal + feedback	89	800	0.017632489247311794
1064	goal + feedback	89	850	-5.820107526881557e-4
1064	goal + feedback	89	900	-0.007692844086021555
1064	goal + feedback	89	950	-0.011084844086021617
1064	goal + feedback	89	1e3	-0.020972177419354903
1064	goal + feedback	89	1050	0.04612332258064511
1064	goal + feedback	89	1100	-0.1086136774193549
1064	goal + feedback	89	1150	-0.16620167741935488
1064	goal + feedback	90	-200	-0.022212156682027726
1064	goal + feedback	90	-150	-0.01600320430107538
1064	goal + feedback	90	-100	-0.004895037634408794
1064	goal + feedback	90	-50	0.01173062903225793
1064	goal + feedback	90	0	0.03508179569892467
1064	goal + feedback	90	50	0.04636862903225795
1064	goal + feedback	90	100	0.034309629032257837
1064	goal + feedback	90	150	0.026785129032257975
1064	goal + feedback	90	200	0.025243462365591347
1064	goal + feedback	90	250	0.03054196236559137
1064	goal + feedback	90	300	0.032381295698924596
1064	goal + feedback	90	350	0.03367179569892461
1064	goal + feedback	90	400	0.04228879569892463
1064	goal + feedback	90	450	0.054362129032257865
1064	goal + feedback	90	500	0.08797812903225788
1064	goal + feedback	90	550	0.12369746236559125
1064	goal + feedback	90	600	0.14058246236559127
1064	goal + feedback	90	650	0.15837096236559134
1064	goal + feedback	90	700	0.17088146236559135
1064	goal + feedback	90	750	0.15412362903225793
1064	goal + feedback	90	800	0.1429227956989246
1064	goal + feedback	90	850	0.12428396236559136
1064	goal + feedback	90	900	0.11797629569892469
1064	goal + feedback	90	950	0.1070599623655913
1064	goal + feedback	90	1e3	0.11052646236559127
1064	goal + feedback	90	1050	0.11196162903225781
1064	goal + feedback	90	1100	0.10826396236559115
1064	goal + feedback	90	1150	0.11725529569892457
1064	goal + feedback	91	-200	-0.010822184331797047
1064	goal + feedback	91	-150	6.052204301076891e-4
1064	goal + feedback	91	-100	0.010894053763440917
1064	goal + feedback	91	-50	8.800537634409503e-4
1064	goal + feedback	91	0	2.465537634409228e-4
1064	goal + feedback	91	50	-0.0031381129032256685
1064	goal + feedback	91	100	-0.01559377956989231
1064	goal + feedback	91	150	-0.011960779569892388
1064	goal + feedback	91	200	-0.01643894623655906
1064	goal + feedback	91	250	-0.019020779569892305
1064	goal + feedback	91	300	-0.013784612903225671
1064	goal + feedback	91	350	-0.0038542795698922974
1064	goal + feedback	91	400	0.006226387096774255
1064	goal + feedback	91	450	0.0060570537634410115
1064	goal + feedback	91	500	0.041992387096774365
1064	goal + feedback	91	550	0.059016887096774294
1064	goal + feedback	91	600	0.08721572043010768
1064	goal + feedback	91	650	0.11031722043010757
1064	goal + feedback	91	700	0.12154705376344103
1064	goal + feedback	91	750	0.14653038709677446
1064	goal + feedback	91	800	NA
1064	goal + feedback	91	850	-0.42513961290322566
1064	goal + feedback	91	900	0.07939872043010765
1064	goal + feedback	91	950	0.13887655376344102
1064	goal + feedback	91	1e3	0.11598855376344101
1064	goal + feedback	91	1050	0.12118238709677431
1064	goal + feedback	91	1100	0.12752955376344097
1064	goal + feedback	91	1150	0.14521872043010764
1064	goal + feedback	92	-200	0.017013284946236624
1064	goal + feedback	92	-150	0.008996784946236755
1064	goal + feedback	92	-100	0.002556118279569993
1064	goal + feedback	92	-50	-0.009439119815668093
1064	goal + feedback	92	0	-0.017553881720430004
1064	goal + feedback	92	50	-0.027301948387096608
1064	goal + feedback	92	100	-0.030754715053763333
1064	goal + feedback	92	150	-0.03543171505376338
1064	goal + feedback	92	200	-0.02323838172042995
1064	goal + feedback	92	250	-0.017246834101382343
1064	goal + feedback	92	300	-0.014167381720430047
1064	goal + feedback	92	350	-0.019533215053763337
1064	goal + feedback	92	400	-0.011786715053763311
1064	goal + feedback	92	450	-0.002949548387096638
1064	goal + feedback	92	500	0.018482951612903326
1064	goal + feedback	92	550	0.034404651612903334
1064	goal + feedback	92	600	0.061634737327189014
1064	goal + feedback	92	650	0.07331628494623661
1064	goal + feedback	92	700	0.07720625161290337
1064	goal + feedback	92	750	NA
1064	goal + feedback	92	800	NA
1064	goal + feedback	92	850	NA
1064	goal + feedback	92	900	0.2026432016129034
1064	goal + feedback	92	950	0.0733457373271891
1064	goal + feedback	92	1e3	0.05432695161290346
1064	goal + feedback	92	1050	NA
1064	goal + feedback	92	1100	-0.4217135483870966
1064	goal + feedback	92	1150	0.08413511827956999
1064	goal + feedback	93	-200	NA
1064	goal + feedback	93	-150	NA
1064	goal + feedback	93	-100	-5.672777777780228e-4
1064	goal + feedback	93	-50	0.003766388888888731
1064	goal + feedback	93	0	-0.0031991111111113004
1064	goal + feedback	93	50	-0.019243611111111242
1064	goal + feedback	93	100	-0.0026756111111113277
1064	goal + feedback	93	150	0.009800222222222136
1064	goal + feedback	93	200	0.023270722222222002
1064	goal + feedback	93	250	0.024500388888888686
1064	goal + feedback	93	300	0.025629888888888692
1064	goal + feedback	93	350	0.0230210555555553
1064	goal + feedback	93	400	0.03154655555555541
1064	goal + feedback	93	450	0.03026838888888868
1064	goal + feedback	93	500	0.06133705555555532
1064	goal + feedback	93	550	0.07713055555555541
1064	goal + feedback	93	600	0.11008955555555537
1064	goal + feedback	93	650	0.15029172222222198
1064	goal + feedback	93	700	0.15826105555555534
1064	goal + feedback	93	750	0.15868688888888874
1064	goal + feedback	93	800	0.15005038888888875
1064	goal + feedback	93	850	0.15020055555555523
1064	goal + feedback	93	900	NA
1064	goal + feedback	93	950	-0.48089294444444475
1064	goal + feedback	93	1e3	0.12419972222222204
1064	goal + feedback	93	1050	0.1289738888888888
1064	goal + feedback	93	1100	0.12918538888888875
1064	goal + feedback	93	1150	0.10712705555555546
1064	goal + feedback	94	-200	0.014192199999999803
1064	goal + feedback	94	-150	-0.002287919047619142
1064	goal + feedback	94	-100	-0.009580833333333505
1064	goal + feedback	94	-50	-0.0028499190476192204
1064	goal + feedback	94	0	-2.568333333335282e-4
1064	goal + feedback	94	50	-0.006592633333333391
1064	goal + feedback	94	100	-0.008563133333333509
1064	goal + feedback	94	150	-0.009692300000000209
1064	goal + feedback	94	200	-0.012645300000000118
1064	goal + feedback	94	250	-0.008647466666666789
1064	goal + feedback	94	300	-0.008222966666666812
1064	goal + feedback	94	350	-0.012195133333333516
1064	goal + feedback	94	400	-0.002480300000000213
1064	goal + feedback	94	450	0.008082199999999965
1064	goal + feedback	94	500	0.035360033333333186
1064	goal + feedback	94	550	0.06991969999999974
1064	goal + feedback	94	600	0.11269869999999993
1064	goal + feedback	94	650	0.1355681999999998
1064	goal + feedback	94	700	0.15746619999999986
1064	goal + feedback	94	750	0.1429745333333332
1064	goal + feedback	94	800	NA
1064	goal + feedback	94	850	NA
1064	goal + feedback	94	900	-0.2342623
1064	goal + feedback	94	950	0.1488468666666666
1064	goal + feedback	94	1e3	0.13752736666666654
1064	goal + feedback	94	1050	0.13226319999999991
1064	goal + feedback	94	1100	0.15254619999999983
1064	goal + feedback	94	1150	0.15393036666666657
1064	goal + feedback	95	-200	-0.01803553917050677
1064	goal + feedback	95	-150	-0.007025467741935317
1064	goal + feedback	95	-100	-0.003846967741935344
1064	goal + feedback	95	-50	0.016091365591397972
1064	goal + feedback	95	0	0.015822532258064587
1064	goal + feedback	95	50	0.019928032258064683
1064	goal + feedback	95	100	0.013767198924731364
1064	goal + feedback	95	150	0.02415819892473133
1064	goal + feedback	95	200	0.016734365591397998
1064	goal + feedback	95	250	0.013591365591397953
1064	goal + feedback	95	300	0.01240436559139805
1064	goal + feedback	95	350	0.010537865591397985
1064	goal + feedback	95	400	0.0012291989247312785
1064	goal + feedback	95	450	0.0016723655913979396
1064	goal + feedback	95	500	0.01460419892473134
1064	goal + feedback	95	550	0.030632865591397957
1064	goal + feedback	95	600	0.038726365591397936
1064	goal + feedback	95	650	0.06405669892473131
1064	goal + feedback	95	700	0.02166319892473134
1064	goal + feedback	95	750	NA
1064	goal + feedback	95	800	NA
1064	goal + feedback	95	850	NA
1064	goal + feedback	95	900	-0.09008963440860196
1064	goal + feedback	95	950	0.047765698924731335
1064	goal + feedback	95	1e3	-0.006829217741935345
1064	goal + feedback	95	1050	NA
1064	goal + feedback	95	1100	NA
1064	goal + feedback	95	1150	NA
1064	goal + feedback	96	-200	0.013171714285714207
1064	goal + feedback	96	-150	-0.004603833333333436
1064	goal + feedback	96	-100	-0.0011815000000001685
1064	goal + feedback	96	-50	-0.015346500000000152
1064	goal + feedback	96	0	0.005764833333333256
1064	goal + feedback	96	50	-0.006667500000000048
1064	goal + feedback	96	100	-0.0025798333333334846
1064	goal + feedback	96	150	-0.009799166666666729
1064	goal + feedback	96	200	-0.008209500000000203
1064	goal + feedback	96	250	0.007788166666666596
1064	goal + feedback	96	300	0.01559783333333331
1064	goal + feedback	96	350	0.031730999999999954
1064	goal + feedback	96	400	0.045867166666666494
1064	goal + feedback	96	450	0.06589366666666667
1064	goal + feedback	96	500	0.10537299999999994
1064	goal + feedback	96	550	0.12667033333333322
1064	goal + feedback	96	600	0.17005399999999984
1064	goal + feedback	96	650	0.1984623333333333
1064	goal + feedback	96	700	0.18387819999999994
1064	goal + feedback	96	750	NA
1064	goal + feedback	96	800	NA
1064	goal + feedback	96	850	-0.1226560000000001
1064	goal + feedback	96	900	0.1799129999999999
1064	goal + feedback	96	950	0.1376318333333333
1064	goal + feedback	96	1e3	0.14401216666666664
1064	goal + feedback	96	1050	0.16648149999999987
1064	goal + feedback	96	1100	0.1778591666666666
1064	goal + feedback	96	1150	0.1968928333333332
1064	goal + feedback	97	-200	-0.010788783410138019
1064	goal + feedback	97	-150	-0.007395021505376261
1064	goal + feedback	97	-100	0.0067526451612904825
1064	goal + feedback	97	-50	0.003280811827957253
1064	goal + feedback	97	0	0.009948478494623844
1064	goal + feedback	97	50	0.024555978494623876
1064	goal + feedback	97	100	0.029738145161290513
1064	goal + feedback	97	150	0.04639247849462399
1064	goal + feedback	97	200	0.04635264516129056
1064	goal + feedback	97	250	0.05859031182795715
1064	goal + feedback	97	300	0.07376147849462396
1064	goal + feedback	97	350	0.07008081182795715
1064	goal + feedback	97	400	0.08869697849462388
1064	goal + feedback	97	450	0.10924647849462388
1064	goal + feedback	97	500	0.1331859784946238
1064	goal + feedback	97	550	0.15159714516129053
1064	goal + feedback	97	600	0.18131231182795715
1064	goal + feedback	97	650	0.1859058118279572
1064	goal + feedback	97	700	0.18231847849462382
1064	goal + feedback	97	750	0.1411639784946237
1064	goal + feedback	97	800	NA
1064	goal + feedback	97	850	NA
1064	goal + feedback	97	900	NA
1064	goal + feedback	97	950	0.32332964516129037
1064	goal + feedback	97	1e3	0.23009504516129056
1064	goal + feedback	97	1050	0.16923714516129051
1064	goal + feedback	97	1100	NA
1064	goal + feedback	97	1150	NA
1064	goal + feedback	98	-200	0.01030033640553014
1064	goal + feedback	98	-150	0.008261193548387316
1064	goal + feedback	98	-100	-0.0031558064516127673
1064	goal + feedback	98	-50	-0.007262806451612702
1064	goal + feedback	98	0	-0.009859639784946047
1064	goal + feedback	98	50	5.776935483872888e-4
1064	goal + feedback	98	100	0.002183860215054049
1064	goal + feedback	98	150	-0.0047696397849460075
1064	goal + feedback	98	200	0.001057193548387329
1064	goal + feedback	98	250	0.011941026881720681
1064	goal + feedback	98	300	0.01636486021505405
1064	goal + feedback	98	350	0.022741026881720677
1064	goal + feedback	98	400	0.04441652688172071
1064	goal + feedback	98	450	0.05455136021505395
1064	goal + feedback	98	500	0.07757036021505408
1064	goal + feedback	98	550	0.11077652688172068
1064	goal + feedback	98	600	0.13209519354838725
1064	goal + feedback	98	650	0.14141186021505403
1064	goal + feedback	98	700	0.14807036021505407
1064	goal + feedback	98	750	0.1487160268817207
1064	goal + feedback	98	800	0.1378625268817207
1064	goal + feedback	98	850	0.11753102688172075
1064	goal + feedback	98	900	NA
1064	goal + feedback	98	950	NA
1064	goal + feedback	98	1e3	0.20029736021505404
1064	goal + feedback	98	1050	0.14606552688172067
1064	goal + feedback	98	1100	0.14251302688172066
1064	goal + feedback	98	1150	0.1438381935483873
1064	goal + feedback	99	-200	0.02089532718894021
1064	goal + feedback	99	-150	0.007079946236559313
1064	goal + feedback	99	-100	-0.010083053763440653
1064	goal + feedback	99	-50	-0.008572387096774067
1064	goal + feedback	99	0	-0.012802387096774023
1064	goal + feedback	99	50	-0.010115720430107297
1064	goal + feedback	99	100	-0.01140688709677399
1064	goal + feedback	99	150	-0.007138720430107363
1064	goal + feedback	99	200	0.008649446236559314
1064	goal + feedback	99	250	0.020724779569892677
1064	goal + feedback	99	300	0.031512446236559244
1064	goal + feedback	99	350	0.04728527956989267
1064	goal + feedback	99	400	0.05424827956989264
1064	goal + feedback	99	450	0.061852112903225974
1064	goal + feedback	99	500	0.08009944623655933
1064	goal + feedback	99	550	0.09668161290322604
1064	goal + feedback	99	600	0.11873611290322598
1064	goal + feedback	99	650	0.1353709462365594
1064	goal + feedback	99	700	0.12735861290322603
1064	goal + feedback	99	750	NA
1064	goal + feedback	99	800	NA
1064	goal + feedback	99	850	-0.24925038709677416
1064	goal + feedback	99	900	0.11349811290322605
1064	goal + feedback	99	950	0.1221262795698926
1064	goal + feedback	99	1e3	0.1081244462365593
1064	goal + feedback	99	1050	0.0940752795698927
1064	goal + feedback	99	1100	NA
1064	goal + feedback	99	1150	NA
1064	goal + feedback	100	-200	-8.694331797236236e-4
1064	goal + feedback	100	-150	0.006257376344085852
1064	goal + feedback	100	-100	8.047096774192278e-4
1064	goal + feedback	100	-50	-0.001106623655914074
1064	goal + feedback	100	0	-0.004941123655914185
1064	goal + feedback	100	50	-0.022245290322580786
1064	goal + feedback	100	100	-0.01695445698924747
1064	goal + feedback	100	150	-0.027553790322580873
1064	goal + feedback	100	200	-0.026037956989247418
1064	goal + feedback	100	250	-0.02230645698924742
1064	goal + feedback	100	300	-0.03810429032258078
1064	goal + feedback	100	350	-0.033438790322580715
1064	goal + feedback	100	400	-0.03904862365591414
1064	goal + feedback	100	450	-0.04411862365591405
1064	goal + feedback	100	500	-0.027850290322580795
1064	goal + feedback	100	550	-0.01990095698924736
1064	goal + feedback	100	600	0.019850876344085888
1064	goal + feedback	100	650	0.04247370967741918
1064	goal + feedback	100	700	0.06370437634408581
1064	goal + feedback	100	750	0.07964804301075253
1064	goal + feedback	100	800	0.07589487634408594
1064	goal + feedback	100	850	0.07342837634408594
1064	goal + feedback	100	900	0.06933737634408595
1064	goal + feedback	100	950	0.07310170967741925
1064	goal + feedback	100	1e3	NA
1064	goal + feedback	100	1050	NA
1064	goal + feedback	100	1100	0.0831558763440859
1064	goal + feedback	100	1150	0.11280487634408594
1064	goal + feedback	101	-200	-0.008392884792626518
1064	goal + feedback	101	-150	-0.01509690860215033
1064	goal + feedback	101	-100	0.005754758064516308
1064	goal + feedback	101	-50	-0.002030075268817081
1064	goal + feedback	101	0	0.02116392473118293
1064	goal + feedback	101	50	0.038046758064516295
1064	goal + feedback	101	100	0.03353992473118302
1064	goal + feedback	101	150	0.02927175806451639
1064	goal + feedback	101	200	0.03111642473118296
1064	goal + feedback	101	250	0.03263359139784964
1064	goal + feedback	101	300	0.02384975806451628
1064	goal + feedback	101	350	0.017799758064516318
1064	goal + feedback	101	400	-0.0013657419354837035
1064	goal + feedback	101	450	-0.0157510752688171
1064	goal + feedback	101	500	-0.016606575268816925
1064	goal + feedback	101	550	-0.003502575268816995
1064	goal + feedback	101	600	0.012326258064516408
1064	goal + feedback	101	650	0.03943275806451626
1064	goal + feedback	101	700	0.06846092473118308
1064	goal + feedback	101	750	0.08761425806451635
1064	goal + feedback	101	800	0.08794425806451622
1064	goal + feedback	101	850	0.08601692473118305
1064	goal + feedback	101	900	0.07235125806451632
1064	goal + feedback	101	950	0.063438424731183
1064	goal + feedback	101	1e3	0.06213625806451639
1064	goal + feedback	101	1050	0.0554792580645163
1064	goal + feedback	101	1100	NA
1064	goal + feedback	101	1150	NA
1064	goal + feedback	102	-200	-0.009643152073732533
1064	goal + feedback	102	-150	0.005252252688172199
1064	goal + feedback	102	-100	0.011638752688172197
1064	goal + feedback	102	-50	0.0034374193548389145
1064	goal + feedback	102	0	-0.009078080645161135
1064	goal + feedback	102	50	-0.012337913978494486
1064	goal + feedback	102	100	-0.02470058064516108
1064	goal + feedback	102	150	-0.03359424731182781
1064	goal + feedback	102	200	-0.054233080645161046
1064	goal + feedback	102	250	-0.06327408064516112
1064	goal + feedback	102	300	-0.06495291397849441
1064	goal + feedback	102	350	-0.06925074731182779
1064	goal + feedback	102	400	-0.06347808064516114
1064	goal + feedback	102	450	-0.054766580645161156
1064	goal + feedback	102	500	-0.02454208064516113
1064	goal + feedback	102	550	0.006497752688172283
1064	goal + feedback	102	600	0.027391752688172177
1064	goal + feedback	102	650	0.0519819193548389
1064	goal + feedback	102	700	0.06965708602150555
1064	goal + feedback	102	750	NA
1064	goal + feedback	102	800	NA
1064	goal + feedback	102	850	-0.5260555806451611
1064	goal + feedback	102	900	0.06128041935483893
1064	goal + feedback	102	950	0.06283558602150559
1064	goal + feedback	102	1e3	0.04967641935483891
1064	goal + feedback	102	1050	0.055912752688172196
1064	goal + feedback	102	1100	0.07321991935483885
1064	goal + feedback	102	1150	0.08918891935483882
1064	goal + feedback	103	-200	0.0041567096774191015
1064	goal + feedback	103	-150	-0.008306790322580785
1064	goal + feedback	103	-100	-0.005384790322580842
1064	goal + feedback	103	-50	0.005614043010752449
1064	goal + feedback	103	0	0.0032280430107525238
1064	goal + feedback	103	50	0.010293209677419016
1064	goal + feedback	103	100	0.00341120967741911
1064	goal + feedback	103	150	-0.02116779032258087
1064	goal + feedback	103	200	-0.02527645698924763
1064	goal + feedback	103	250	-0.04055495698924746
1064	goal + feedback	103	300	-0.039029956989247605
1064	goal + feedback	103	350	-0.04794662365591414
1064	goal + feedback	103	400	-0.03993345698924755
1064	goal + feedback	103	450	-0.0463961236559142
1064	goal + feedback	103	500	-0.024172956989247558
1064	goal + feedback	103	550	-5.737903225807953e-4
1064	goal + feedback	103	600	0.03146287634408577
1064	goal + feedback	103	650	0.052044209677419184
1064	goal + feedback	103	700	0.06742970967741908
1064	goal + feedback	103	750	0.0741462096774191
1064	goal + feedback	103	800	0.022434709677419118
1064	goal + feedback	103	850	NA
1064	goal + feedback	103	900	NA
1064	goal + feedback	103	950	-0.03423654032258083
1064	goal + feedback	103	1e3	0.07478120967741912
1064	goal + feedback	103	1050	0.07112620967741916
1064	goal + feedback	103	1100	0.07602220967741909
1064	goal + feedback	103	1150	0.07772404301075249
1064	goal + feedback	104	-200	0.0030435253456223394
1064	goal + feedback	104	-150	0.007169763440860362
1064	goal + feedback	104	-100	0.0038064301075271256
1064	goal + feedback	104	-50	-0.008523736559139516
1064	goal + feedback	104	0	-0.006003236559139591
1064	goal + feedback	104	50	0.0023467634408604887
1064	goal + feedback	104	100	0.002284763440860408
1064	goal + feedback	104	150	0.004062763440860466
1064	goal + feedback	104	200	-0.003743569892472894
1064	goal + feedback	104	250	-0.0033097365591395387
1064	goal + feedback	104	300	-0.020232903225806176
1064	goal + feedback	104	350	-0.019776236559139553
1064	goal + feedback	104	400	-0.012023569892472885
1064	goal + feedback	104	450	-0.00714990322580622
1064	goal + feedback	104	500	0.011943430107527039
1064	goal + feedback	104	550	0.038739596774193696
1064	goal + feedback	104	600	0.06298409677419377
1064	goal + feedback	104	650	0.07632943010752709
1064	goal + feedback	104	700	0.0467070967741936
1064	goal + feedback	104	750	NA
1064	goal + feedback	104	800	NA
1064	goal + feedback	104	850	0.014394096774193788
1064	goal + feedback	104	900	0.10492243010752718
1064	goal + feedback	104	950	0.09491509677419378
1064	goal + feedback	104	1e3	0.0991902634408605
1064	goal + feedback	104	1050	0.1108152634408605
1064	goal + feedback	104	1100	0.1351090967741937
1064	goal + feedback	104	1150	0.15559059677419382
1064	goal + feedback	105	-200	0.01800737327188941
1064	goal + feedback	105	-150	2.3834946236552432e-4
1064	goal + feedback	105	-100	-0.003745650537634315
1064	goal + feedback	105	-50	-0.004106817204301061
1064	goal + feedback	105	0	-0.013394483870967644
1064	goal + feedback	105	50	-0.026014650537634337
1064	goal + feedback	105	100	-0.01759765053763429
1064	goal + feedback	105	150	-0.01379198387096762
1064	goal + feedback	105	200	-0.01127431720430098
1064	goal + feedback	105	250	-0.01457448387096775
1064	goal + feedback	105	300	-0.01137898387096777
1064	goal + feedback	105	350	-0.007584483870967625
1064	goal + feedback	105	400	0.009504016129032289
1064	goal + feedback	105	450	0.04655951612903227
1064	goal + feedback	105	500	0.0759858494623656
1064	goal + feedback	105	550	0.11043001612903229
1064	goal + feedback	105	600	0.14799984946236563
1064	goal + feedback	105	650	0.17506651612903226
1064	goal + feedback	105	700	0.19809134946236565
1064	goal + feedback	105	750	0.1412743161290324
1064	goal + feedback	105	800	NA
1064	goal + feedback	105	850	NA
1064	goal + feedback	105	900	-0.23107581720430095
1064	goal + feedback	105	950	0.1662195161290323
1064	goal + feedback	105	1e3	0.1459775161290323
1064	goal + feedback	105	1050	0.1391338494623656
1064	goal + feedback	105	1100	0.14655801612903238
1064	goal + feedback	105	1150	0.15860184946236563
1064	goal + feedback	106	-200	0.004994668202764999
1064	goal + feedback	106	-150	-0.009197569892473187
1064	goal + feedback	106	-100	-0.0030779032258065144
1064	goal + feedback	106	-50	-5.817365591397708e-4
1064	goal + feedback	106	0	0.007030096774193566
1064	goal + feedback	106	50	0.02243593010752683
1064	goal + feedback	106	100	0.022974430107526828
1064	goal + feedback	106	150	0.02335709677419362
1064	goal + feedback	106	200	0.021558263440860276
1064	goal + feedback	106	250	0.016851763440860257
1064	goal + feedback	106	300	0.011046596774193581
1064	goal + feedback	106	350	0.02181243010752687
1064	goal + feedback	106	400	0.030103430107526846
1064	goal + feedback	106	450	0.0429515967741935
1064	goal + feedback	106	500	0.06390693010752686
1064	goal + feedback	106	550	0.0950467634408602
1064	goal + feedback	106	600	0.1344395967741935
1064	goal + feedback	106	650	0.13317909677419348
1064	goal + feedback	106	700	0.15167759677419354
1064	goal + feedback	106	750	0.1641492634408602
1064	goal + feedback	106	800	0.13707193010752686
1064	goal + feedback	106	850	NA
1064	goal + feedback	106	900	NA
1064	goal + feedback	106	950	0.09240609677419362
1064	goal + feedback	106	1e3	0.17148593010752697
1064	goal + feedback	106	1050	0.16466776344086012
1064	goal + feedback	106	1100	0.15747159677419345
1064	goal + feedback	106	1150	0.16373193010752685
1064	goal + feedback	107	-200	0.007478870967742119
1064	goal + feedback	107	-150	0.00570403763440878
1064	goal + feedback	107	-100	-0.00882496236559116
1064	goal + feedback	107	-50	-0.004799629032257835
1064	goal + feedback	107	0	-8.047956989245542e-4
1064	goal + feedback	107	50	-0.007304795698924578
1064	goal + feedback	107	100	-0.001984795698924513
1064	goal + feedback	107	150	0.004732204301075423
1064	goal + feedback	107	200	0.008027204301075397
1064	goal + feedback	107	250	0.01640320430107541
1064	goal + feedback	107	300	0.016774704301075378
1064	goal + feedback	107	350	0.015540370967742115
1064	goal + feedback	107	400	0.013835704301075427
1064	goal + feedback	107	450	0.01830870430107538
1064	goal + feedback	107	500	0.0368543709677421
1064	goal + feedback	107	550	0.06574170430107536
1064	goal + feedback	107	600	0.08780937096774204
1064	goal + feedback	107	650	0.06171987096774201
1064	goal + feedback	107	700	NA
1064	goal + feedback	107	750	-0.014105629032257871
1064	goal + feedback	107	800	0.08463770430107546
1064	goal + feedback	107	850	0.11751137096774207
1064	goal + feedback	107	900	0.1598185376344087
1064	goal + feedback	107	950	0.16148837096774216
1064	goal + feedback	107	1e3	NA
1064	goal + feedback	107	1050	-0.13834012903225812
1064	goal + feedback	107	1100	0.17181520430107544
1064	goal + feedback	107	1150	0.15120253763440875
1064	goal + feedback	108	-200	-0.0027117142857141347
1064	goal + feedback	108	-150	-0.004426499999999889
1064	goal + feedback	108	-100	0.009769500000000134
1064	goal + feedback	108	-50	0.003203166666666757
1064	goal + feedback	108	0	-0.005382499999999772
1064	goal + feedback	108	50	-0.007655333333333199
1064	goal + feedback	108	100	-0.022243166666666554
1064	goal + feedback	108	150	-0.017331333333333143
1064	goal + feedback	108	200	-0.0234898333333331
1064	goal + feedback	108	250	-0.017949833333333148
1064	goal + feedback	108	300	-0.0142658333333332
1064	goal + feedback	108	350	-0.006097833333333173
1064	goal + feedback	108	400	-0.0035946666666665608
1064	goal + feedback	108	450	0.03123650000000026
1064	goal + feedback	108	500	0.07338716666666678
1064	goal + feedback	108	550	0.10306083333333345
1064	goal + feedback	108	600	0.11942400000000027
1064	goal + feedback	108	650	0.14470633333333346
1064	goal + feedback	108	700	0.16042850000000022
1064	goal + feedback	108	750	0.15466180000000013
1064	goal + feedback	108	800	NA
1064	goal + feedback	108	850	NA
1064	goal + feedback	108	900	-0.1282169999999998
1064	goal + feedback	108	950	0.16082866666666695
1064	goal + feedback	108	1e3	0.12719383333333348
1064	goal + feedback	108	1050	0.1213266666666668
1064	goal + feedback	108	1100	0.11977733333333355
1064	goal + feedback	108	1150	0.1296050000000001
1064	goal + feedback	109	-200	0.005960880184331925
1064	goal + feedback	109	-150	0.0027741182795701183
1064	goal + feedback	109	-100	0.0016687849462367528
1064	goal + feedback	109	-50	-0.0059193817204298655
1064	goal + feedback	109	0	-0.005477881720430029
1064	goal + feedback	109	50	-0.008810048387096536
1064	goal + feedback	109	100	-0.015443548387096495
1064	goal + feedback	109	150	-0.01993188172042985
1064	goal + feedback	109	200	-0.02457821505376323
1064	goal + feedback	109	250	-0.0224527150537633
1064	goal + feedback	109	300	-0.027040215053763195
1064	goal + feedback	109	350	-0.028027381720429883
1064	goal + feedback	109	400	-0.023991548387096495
1064	goal + feedback	109	450	-0.01533121505376315
1064	goal + feedback	109	500	0.0012542849462367685
1064	goal + feedback	109	550	0.024563118279570178
1064	goal + feedback	109	600	0.06469395161290355
1064	goal + feedback	109	650	0.07691611827957019
1064	goal + feedback	109	700	0.10802711827957008
1064	goal + feedback	109	750	0.11970928494623682
1064	goal + feedback	109	800	0.11412628494623671
1064	goal + feedback	109	850	-0.04989954838709654
1064	goal + feedback	109	900	NA
1064	goal + feedback	109	950	NA
1064	goal + feedback	109	1e3	0.005428951612903428
1064	goal + feedback	109	1050	0.09249095161290348
1064	goal + feedback	109	1100	0.09891895161290343
1064	goal + feedback	109	1150	0.09536411827957021
1064	goal + feedback	110	-200	-1.3090783410119045e-4
1064	goal + feedback	110	-150	7.886397849463656e-4
1064	goal + feedback	110	-100	0.002677639784946321
1064	goal + feedback	110	-50	-0.006753860215053716
1064	goal + feedback	110	0	0.0034403064516129365
1064	goal + feedback	110	50	0.0053216397849463375
1064	goal + feedback	110	100	-0.0014140268817202835
1064	goal + feedback	110	150	-0.00955786021505367
1064	goal + feedback	110	200	-0.01458986021505367
1064	goal + feedback	110	250	-0.014222360215053595
1064	goal + feedback	110	300	-0.010440693548386948
1064	goal + feedback	110	350	-0.0027383602150536923
1064	goal + feedback	110	400	0.0035379731182797838
1064	goal + feedback	110	450	0.011622639784946228
1064	goal + feedback	110	500	0.029720139784946253
1064	goal + feedback	110	550	0.060975139784946286
1064	goal + feedback	110	600	0.08716913978494634
1064	goal + feedback	110	650	0.12200347311827975
1064	goal + feedback	110	700	0.14614147311827966
1064	goal + feedback	110	750	0.1500924731182797
1064	goal + feedback	110	800	0.161333806451613
1064	goal + feedback	110	850	NA
1064	goal + feedback	110	900	-0.2886708602150536
1064	goal + feedback	110	950	0.119652306451613
1064	goal + feedback	110	1e3	0.09408447311827972
1064	goal + feedback	110	1050	0.08456630645161296
1064	goal + feedback	110	1100	0.0876924731182797
1064	goal + feedback	110	1150	0.0971291397849463
1064	goal + feedback	111	-200	0.0036478894009216284
1064	goal + feedback	111	-150	-0.005651301075268862
1064	goal + feedback	111	-100	-6.396344086022262e-4
1064	goal + feedback	111	-50	0.0017938655913978252
1064	goal + feedback	111	0	2.4119892473114154e-4
1064	goal + feedback	111	50	-0.012689634408602268
1064	goal + feedback	111	100	0.005063865591397709
1064	goal + feedback	111	150	0.005913698924731185
1064	goal + feedback	111	200	0.010087698924731159
1064	goal + feedback	111	250	0.0039435322580645416
1064	goal + feedback	111	300	-0.01019896774193548
1064	goal + feedback	111	350	-0.017100967741935442
1064	goal + feedback	111	400	-0.018660301075268837
1064	goal + feedback	111	450	-0.01930913440860227
1064	goal + feedback	111	500	-7.613440860228711e-5
1064	goal + feedback	111	550	0.007710698924731234
1064	goal + feedback	111	600	0.02652453225806443
1064	goal + feedback	111	650	0.04434736559139788
1064	goal + feedback	111	700	0.06465403225806443
1064	goal + feedback	111	750	0.07228353225806454
1064	goal + feedback	111	800	0.06421169892473115
1064	goal + feedback	111	850	0.03945903225806443
1064	goal + feedback	111	900	0.025145865591397865
1064	goal + feedback	111	950	0.01687003225806453
1064	goal + feedback	111	1e3	0.005176698924731123
1064	goal + feedback	111	1050	-0.005724301075268852
1064	goal + feedback	111	1100	0.004373365591397856
1064	goal + feedback	111	1150	0.004004032258064634
1064	goal + feedback	112	-200	0.006087921658985973
1064	goal + feedback	112	-150	0.0011290645161288932
1064	goal + feedback	112	-100	0.001949731182795474
1064	goal + feedback	112	-50	-0.0036096021505377016
1064	goal + feedback	112	0	-0.006571768817204449
1064	goal + feedback	112	50	-0.006754435483871187
1064	goal + feedback	112	100	-0.009167768817204417
1064	goal + feedback	112	150	-0.01259093548387121
1064	goal + feedback	112	200	-0.025553935483871193
1064	goal + feedback	112	250	-0.029323602150537864
1064	goal + feedback	112	300	-0.02763793548387102
1064	goal + feedback	112	350	-0.04017793548387109
1064	goal + feedback	112	400	-0.0389362688172045
1064	goal + feedback	112	450	-0.030781268817204444
1064	goal + feedback	112	500	-0.01579493548387112
1064	goal + feedback	112	550	0.003657731182795517
1064	goal + feedback	112	600	0.027915397849462176
1064	goal + feedback	112	650	0.06315856451612885
1064	goal + feedback	112	700	0.08173939784946227
1064	goal + feedback	112	750	0.08186756451612887
1064	goal + feedback	112	800	0.07852989784946218
1064	goal + feedback	112	850	0.06781089784946219
1064	goal + feedback	112	900	0.05468106451612886
1064	goal + feedback	112	950	0.05791489784946221
1064	goal + feedback	112	1e3	0.059483064516128836
1064	goal + feedback	112	1050	0.06547489784946214
1064	goal + feedback	112	1100	0.07456456451612888
1064	goal + feedback	112	1150	0.08022706451612878
1064	goal + feedback	113	-200	-0.0028698202764977205
1064	goal + feedback	113	-150	-0.013029344086021558
1064	goal + feedback	113	-100	0.0024131559139784673
1064	goal + feedback	113	-50	0.0088624892473117
1064	goal + feedback	113	0	0.005101822580645103
1064	goal + feedback	113	50	0.005291655913978399
1064	goal + feedback	113	100	-0.002168177419355007
1064	goal + feedback	113	150	5.314892473117597e-4
1064	goal + feedback	113	200	-0.014840510752688182
1064	goal + feedback	113	250	-0.001424844086021615
1064	goal + feedback	113	300	-0.005030344086021543
1064	goal + feedback	113	350	-0.006753010752688231
1064	goal + feedback	113	400	0.005607489247311766
1064	goal + feedback	113	450	0.0023684892473117745
1064	goal + feedback	113	500	0.028150822580645125
1064	goal + feedback	113	550	0.051781989247311845
1064	goal + feedback	113	600	0.06992865591397839
1064	goal + feedback	113	650	0.10198715591397844
1064	goal + feedback	113	700	0.11948998924731173
1064	goal + feedback	113	750	0.13379648924731172
1064	goal + feedback	113	800	0.13682815591397843
1064	goal + feedback	113	850	0.13407348924731174
1064	goal + feedback	113	900	0.07247332258064516
1064	goal + feedback	113	950	NA
1064	goal + feedback	113	1e3	NA
1064	goal + feedback	113	1050	0.008217322580645003
1064	goal + feedback	113	1100	0.11062848924731179
1064	goal + feedback	113	1150	0.09434848924731172
1064	goal + feedback	114	-200	0.01614896774193562
1064	goal + feedback	114	-150	-0.001522698924731077
1064	goal + feedback	114	-100	-0.004058198924731027
1064	goal + feedback	114	-50	-0.007620032258064402
1064	goal + feedback	114	0	-0.005639532258064388
1064	goal + feedback	114	50	-0.01829736559139768
1064	goal + feedback	114	100	-0.01821619892473107
1064	goal + feedback	114	150	-0.023335032258064475
1064	goal + feedback	114	200	-0.024247865591397726
1064	goal + feedback	114	250	-0.03671969892473115
1064	goal + feedback	114	300	-0.03580786559139774
1064	goal + feedback	114	350	-0.025939698924731063
1064	goal + feedback	114	400	-0.022170532258064386
1064	goal + feedback	114	450	-0.011673865591397714
1064	goal + feedback	114	500	0.013583134408602296
1064	goal + feedback	114	550	0.03679046774193558
1064	goal + feedback	114	600	0.05717946774193557
1064	goal + feedback	114	650	0.08520180107526894
1064	goal + feedback	114	700	0.10420630107526896
1064	goal + feedback	114	750	0.09297313440860222
1064	goal + feedback	114	800	0.09671130107526886
1064	goal + feedback	114	850	0.08618763440860226
1064	goal + feedback	114	900	0.07397146774193564
1064	goal + feedback	114	950	0.07276846774193564
1064	goal + feedback	114	1e3	0.06879613440860233
1064	goal + feedback	114	1050	0.06863613440860224
1064	goal + feedback	114	1100	0.05369336774193565
1064	goal + feedback	114	1150	NA
1064	goal + feedback	115	-200	0.012368766666666753
1064	goal + feedback	115	-150	-4.513999999999167e-4
1064	goal + feedback	115	-100	-0.001258066666666539
1064	goal + feedback	115	-50	-0.0066623999999998835
1064	goal + feedback	115	0	-0.00399689999999997
1064	goal + feedback	115	50	-0.004074399999999849
1064	goal + feedback	115	100	0.00032693333333340863
1064	goal + feedback	115	150	0.012591100000000152
1064	goal + feedback	115	200	0.030330933333333476
1064	goal + feedback	115	250	0.03272560000000017
1064	goal + feedback	115	300	0.04536493333333347
1064	goal + feedback	115	350	0.06104343333333347
1064	goal + feedback	115	400	0.06512243333333341
1064	goal + feedback	115	450	0.07285110000000013
1064	goal + feedback	115	500	0.0849246000000002
1064	goal + feedback	115	550	0.10399426666666682
1064	goal + feedback	115	600	0.1345372666666668
1064	goal + feedback	115	650	0.16638926666666679
1064	goal + feedback	115	700	0.1836991000000002
1064	goal + feedback	115	750	0.18404660000000014
1064	goal + feedback	115	800	0.19149460000000004
1064	goal + feedback	115	850	0.1801389333333335
1064	goal + feedback	115	900	0.16261176666666674
1064	goal + feedback	115	950	0.16660560000000016
1064	goal + feedback	115	1e3	0.17227981428571443
1064	goal + feedback	115	1050	0.17339943333333344
1064	goal + feedback	115	1100	0.17569860000000012
1064	goal + feedback	115	1150	0.19356560000000012
1064	goal + feedback	116	-200	0.008931633333333291
1064	goal + feedback	116	-150	7.729666666667079e-4
1064	goal + feedback	116	-100	-0.004760699999999988
1064	goal + feedback	116	-50	0.0026994333333334453
1064	goal + feedback	116	0	-0.008682033333333358
1064	goal + feedback	116	50	-0.0014045333333333094
1064	goal + feedback	116	100	-0.0015316999999999876
1064	goal + feedback	116	150	-0.010143366666666523
1064	goal + feedback	116	200	0.010534966666666831
1064	goal + feedback	116	250	0.019797466666666708
1064	goal + feedback	116	300	0.035162466666666635
1064	goal + feedback	116	350	0.06744863333333344
1064	goal + feedback	116	400	0.0918934666666668
1064	goal + feedback	116	450	0.1159794666666667
1064	goal + feedback	116	500	0.1407701333333334
1064	goal + feedback	116	550	0.1783498000000001
1064	goal + feedback	116	600	0.19571396666666666
1064	goal + feedback	116	650	0.18283563333333333
1064	goal + feedback	116	700	0.17529246666666673
1064	goal + feedback	116	750	0.14942463333333333
1064	goal + feedback	116	800	0.1276489666666667
1064	goal + feedback	116	850	0.13014546666666682
1064	goal + feedback	116	900	0.11356713333333339
1064	goal + feedback	116	950	0.10380946666666675
1064	goal + feedback	116	1e3	0.10379613333333333
1064	goal + feedback	116	1050	0.11050346666666666
1064	goal + feedback	116	1100	0.1008826333333334
1064	goal + feedback	116	1150	NA
1064	goal + feedback	117	-200	-0.010942682027649855
1064	goal + feedback	117	-150	-0.0061448010752688615
1064	goal + feedback	117	-100	0.004947865591397631
1064	goal + feedback	117	-50	0.00434803225806446
1064	goal + feedback	117	0	0.009615365591397676
1064	goal + feedback	117	50	0.0017720322580644006
1064	goal + feedback	117	100	0.007938365591397748
1064	goal + feedback	117	150	0.015173532258064467
1064	goal + feedback	117	200	0.01199819892473101
1064	goal + feedback	117	250	0.009021532258064457
1064	goal + feedback	117	300	0.013079532258064427
1064	goal + feedback	117	350	0.016656865591397823
1064	goal + feedback	117	400	0.01947203225806445
1064	goal + feedback	117	450	0.02692519892473107
1064	goal + feedback	117	500	0.043712032258064415
1064	goal + feedback	117	550	0.06093319892473111
1064	goal + feedback	117	600	0.08669669892473102
1064	goal + feedback	117	650	0.10363486559139774
1064	goal + feedback	117	700	0.10529469892473113
1064	goal + feedback	117	750	0.0968850322580644
1064	goal + feedback	117	800	0.08941736559139783
1064	goal + feedback	117	850	0.08507453225806438
1064	goal + feedback	117	900	0.02708853225806429
1064	goal + feedback	117	950	NA
1064	goal + feedback	117	1e3	NA
1064	goal + feedback	117	1050	0.09609053225806452
1064	goal + feedback	117	1100	0.07038069892473102
1064	goal + feedback	117	1150	0.06527186559139782
1064	goal + feedback	118	-200	-0.037667188940091974
1064	goal + feedback	118	-150	-0.023176569892472926
1064	goal + feedback	118	-100	0.004539930107527142
1064	goal + feedback	118	-50	0.0181172634408604
1064	goal + feedback	118	0	0.04446443010752706
1064	goal + feedback	118	50	0.05692909677419378
1064	goal + feedback	118	100	0.07397493010752713
1064	goal + feedback	118	150	0.0849214301075271
1064	goal + feedback	118	200	0.07511326344086038
1064	goal + feedback	118	250	0.07425909677419378
1064	goal + feedback	118	300	0.05172026344086045
1064	goal + feedback	118	350	0.06547076344086045
1064	goal + feedback	118	400	0.05929443010752703
1064	goal + feedback	118	450	0.06768309677419371
1064	goal + feedback	118	500	0.08293426344086037
1064	goal + feedback	118	550	0.11303593010752706
1064	goal + feedback	118	600	0.1349259301075271
1064	goal + feedback	118	650	0.15267729677419375
1064	goal + feedback	118	700	NA
1064	goal + feedback	118	750	NA
1064	goal + feedback	118	800	-0.020904403225806223
1064	goal + feedback	118	850	0.1974442634408605
1064	goal + feedback	118	900	0.17750209677419368
1064	goal + feedback	118	950	0.1804754301075271
1064	goal + feedback	118	1e3	0.2186792634408604
1064	goal + feedback	118	1050	0.24486659677419378
1064	goal + feedback	118	1100	0.2714557634408605
1064	goal + feedback	118	1150	0.27095659677419376
1064	goal + feedback	119	-200	-0.0029486666666665626
1064	goal + feedback	119	-150	-0.005365999999999908
1064	goal + feedback	119	-100	-0.00665933333333335
1064	goal + feedback	119	-50	0.002689499999999937
1064	goal + feedback	119	0	0.012284500000000106
1064	goal + feedback	119	50	0.024972166666666684
1064	goal + feedback	119	100	0.035617000000000086
1064	goal + feedback	119	150	0.03425683333333337
1064	goal + feedback	119	200	0.01830949999999998
1064	goal + feedback	119	250	0.01179749999999998
1064	goal + feedback	119	300	-0.007695666666666767
1064	goal + feedback	119	350	-0.00741016666666668
1064	goal + feedback	119	400	-0.0010821666666666434
1064	goal + feedback	119	450	0.025450333333333425
1064	goal + feedback	119	500	0.04290733333333341
1064	goal + feedback	119	550	0.07942150000000003
1064	goal + feedback	119	600	0.1198493333333334
1064	goal + feedback	119	650	0.14024899999999993
1064	goal + feedback	119	700	0.16417333333333337
1064	goal + feedback	119	750	0.15814233333333338
1064	goal + feedback	119	800	NA
1064	goal + feedback	119	850	NA
1064	goal + feedback	119	900	0.1140514333333333
1064	goal + feedback	119	950	0.18767733333333333
1064	goal + feedback	119	1e3	0.13849633333333333
1064	goal + feedback	119	1050	NA
1064	goal + feedback	119	1100	NA
1064	goal + feedback	119	1150	0.09247383333333348
1064	goal + feedback	120	-200	-0.005494626728110471
1064	goal + feedback	120	-150	-0.0023728172043010107
1064	goal + feedback	120	-100	0.003319682795699016
1064	goal + feedback	120	-50	0.004214182795699036
1064	goal + feedback	120	0	0.0012493494623656936
1064	goal + feedback	120	50	-0.006806817204300986
1064	goal + feedback	120	100	-0.01592098387096767
1064	goal + feedback	120	150	-0.004347650537634233
1064	goal + feedback	120	200	-0.006810650537634337
1064	goal + feedback	120	250	-0.013653317204300889
1064	goal + feedback	120	300	-0.020784983870967572
1064	goal + feedback	120	350	-0.037381150537634245
1064	goal + feedback	120	400	-0.03411365053763434
1064	goal + feedback	120	450	-0.026511817204300996
1064	goal + feedback	120	500	-0.012102150537634268
1064	goal + feedback	120	550	0.007900516129032345
1064	goal + feedback	120	600	0.0335295161290324
1064	goal + feedback	120	650	0.06830451612903225
1064	goal + feedback	120	700	0.06790851612903233
1064	goal + feedback	120	750	0.060557516129032374
1064	goal + feedback	120	800	NA
1064	goal + feedback	120	850	-0.5068044838709675
1064	goal + feedback	120	900	0.0036123494623657346
1064	goal + feedback	120	950	0.06549334946236574
1064	goal + feedback	120	1e3	0.06510484946236568
1064	goal + feedback	120	1050	0.08221001612903238
1064	goal + feedback	120	1100	0.08608334946236569
1064	goal + feedback	120	1150	0.11064768279569903
1064	goal + feedback	121	-200	-0.017751177419354985
1064	goal + feedback	121	-150	-0.009198344086021715
1064	goal + feedback	121	-100	-0.004522534562212156
1064	goal + feedback	121	-50	0.01025632258064498
1064	goal + feedback	121	0	0.02196948924731168
1064	goal + feedback	121	50	0.016095322580645055
1064	goal + feedback	121	100	0.004537989247311562
1064	goal + feedback	121	150	-0.0036660107526884644
1064	goal + feedback	121	200	9.571559139783433e-4
1064	goal + feedback	121	250	-5.793440860216345e-4
1064	goal + feedback	121	300	7.286559139783044e-4
1064	goal + feedback	121	350	-0.004270344086021745
1064	goal + feedback	121	400	0.022509489247311592
1064	goal + feedback	121	450	0.04863232258064502
1064	goal + feedback	121	500	0.08545798924731152
1064	goal + feedback	121	550	0.11907748924731165
1064	goal + feedback	121	600	0.13679682258064507
1064	goal + feedback	121	650	0.14684932258064495
1064	goal + feedback	121	700	0.14073152258064497
1064	goal + feedback	121	750	NA
1064	goal + feedback	121	800	NA
1064	goal + feedback	121	850	-0.17653867741935492
1064	goal + feedback	121	900	0.15500015591397834
1064	goal + feedback	121	950	0.14008732258064502
1064	goal + feedback	121	1e3	0.13243398924731173
1064	goal + feedback	121	1050	0.1414984892473116
1064	goal + feedback	121	1100	0.16881698924731162
1064	goal + feedback	121	1150	0.18504298924731163
1064	goal + feedback	122	-200	0.04000393750000031
1064	goal + feedback	122	-150	0.04253593750000029
1064	goal + feedback	122	-100	NA
1064	goal + feedback	122	-50	-0.28418756249999966
1064	goal + feedback	122	0	0.040968604166666735
1064	goal + feedback	122	50	0.023859437500000153
1064	goal + feedback	122	100	0.0205011041666668
1064	goal + feedback	122	150	0.016341770833333547
1064	goal + feedback	122	200	0.020024437500000047
1064	goal + feedback	122	250	0.01673010416666676
1064	goal + feedback	122	300	0.023941437500000218
1064	goal + feedback	122	350	0.0175064375000001
1064	goal + feedback	122	400	0.020709437500000167
1064	goal + feedback	122	450	0.0206519375000002
1064	goal + feedback	122	500	0.029933437500000215
1064	goal + feedback	122	550	0.04856727083333342
1064	goal + feedback	122	600	0.06391160416666682
1064	goal + feedback	122	650	0.08842193750000016
1064	goal + feedback	122	700	0.11790743750000014
1064	goal + feedback	122	750	0.1443596041666669
1064	goal + feedback	122	800	0.13438077083333347
1064	goal + feedback	122	850	0.14115143750000017
1064	goal + feedback	122	900	0.1285639375000002
1064	goal + feedback	122	950	0.10128827083333351
1064	goal + feedback	122	1e3	0.08844268750000017
1064	goal + feedback	122	1050	NA
1064	goal + feedback	122	1100	NA
1064	goal + feedback	122	1150	0.02848493750000012
1064	goal + feedback	123	-200	-0.014018981566820164
1064	goal + feedback	123	-150	-0.007469005376343911
1064	goal + feedback	123	-100	-0.0044195053763439835
1064	goal + feedback	123	-50	0.014349494623655978
1064	goal + feedback	123	0	0.013894494623656032
1064	goal + feedback	123	50	0.022209661290322646
1064	goal + feedback	123	100	0.025955994623656126
1064	goal + feedback	123	150	0.03945716129032273
1064	goal + feedback	123	200	0.04602882795698945
1064	goal + feedback	123	250	0.04553916129032265
1064	goal + feedback	123	300	0.04854216129032266
1064	goal + feedback	123	350	0.04359932795698936
1064	goal + feedback	123	400	0.03851399462365612
1064	goal + feedback	123	450	0.047144327956989494
1064	goal + feedback	123	500	0.060539994623656
1064	goal + feedback	123	550	0.08481899462365616
1064	goal + feedback	123	600	0.11060082795698938
1064	goal + feedback	123	650	0.140476994623656
1064	goal + feedback	123	700	0.17026699462365605
1064	goal + feedback	123	750	0.15390066129032265
1064	goal + feedback	123	800	NA
1064	goal + feedback	123	850	NA
1064	goal + feedback	123	900	0.05504099462365608
1064	goal + feedback	123	950	0.17819682795698935
1064	goal + feedback	123	1e3	0.15403466129032264
1064	goal + feedback	123	1050	0.1680461612903227
1064	goal + feedback	123	1100	0.18664449462365598
1064	goal + feedback	123	1150	0.19931982795698944
1064	goal + feedback	124	-200	0.005838894009216666
1064	goal + feedback	124	-150	0.010194155913978578
1064	goal + feedback	124	-100	-0.002212177419354792
1064	goal + feedback	124	-50	-2.2251075268808762e-4
1064	goal + feedback	124	0	-0.01457151075268818
1064	goal + feedback	124	50	-0.009314177419354733
1064	goal + feedback	124	100	-0.007210510752688008
1064	goal + feedback	124	150	-0.0075105107526881225
1064	goal + feedback	124	200	-0.007370177419354714
1064	goal + feedback	124	250	-0.009267010752688062
1064	goal + feedback	124	300	-0.004331177419354626
1064	goal + feedback	124	350	-0.0069150107526881515
1064	goal + feedback	124	400	0.012008655913978558
1064	goal + feedback	124	450	0.0183009892473119
1064	goal + feedback	124	500	0.056047489247311955
1064	goal + feedback	124	550	0.07622748924731182
1064	goal + feedback	124	600	0.1327381559139785
1064	goal + feedback	124	650	0.1505523225806452
1064	goal + feedback	124	700	0.1684363225806452
1064	goal + feedback	124	750	0.1431477225806453
1064	goal + feedback	124	800	NA
1064	goal + feedback	124	850	NA
1064	goal + feedback	124	900	0.04724365591397861
1064	goal + feedback	124	950	0.18863848924731186
1064	goal + feedback	124	1e3	0.15928865591397864
1064	goal + feedback	124	1050	0.1705148225806452
1064	goal + feedback	124	1100	0.1903666559139785
1064	goal + feedback	124	1150	0.20682832258064518
1064	goal + feedback	125	-200	0.0038503640552996566
1064	goal + feedback	125	-150	0.01076226881720436
1064	goal + feedback	125	-100	0.0018136021505377187
1064	goal + feedback	125	-50	-5.008978494622784e-4
1064	goal + feedback	125	0	-0.016567064516128955
1064	goal + feedback	125	50	-0.024257897849462307
1064	goal + feedback	125	100	-0.026220064516128943
1064	goal + feedback	125	150	-0.033711731182795614
1064	goal + feedback	125	200	-0.03485639784946226
1064	goal + feedback	125	250	-0.023881231182795688
1064	goal + feedback	125	300	-0.023000897849462243
1064	goal + feedback	125	350	-0.021535397849462345
1064	goal + feedback	125	400	-0.006967231182795593
1064	goal + feedback	125	450	-0.0026983978494622787
1064	goal + feedback	125	500	0.03482093548387111
1064	goal + feedback	125	550	0.06612260215053782
1064	goal + feedback	125	600	0.0969909354838711
1064	goal + feedback	125	650	0.12739060215053769
1064	goal + feedback	125	700	0.15909943548387098
1064	goal + feedback	125	750	0.16783043548387103
1064	goal + feedback	125	800	0.1663701021505377
1064	goal + feedback	125	850	0.16836476881720444
1064	goal + feedback	125	900	0.1405831021505378
1064	goal + feedback	125	950	NA
1064	goal + feedback	125	1e3	NA
1064	goal + feedback	125	1050	0.1116249354838712
1064	goal + feedback	125	1100	0.16888793548387096
1064	goal + feedback	125	1150	0.156621435483871
1064	goal + feedback	126	-200	-0.004322870967741961
1064	goal + feedback	126	-150	-0.003973037634408705
1064	goal + feedback	126	-100	0.007020962365591392
1064	goal + feedback	126	-50	0.005546129032257967
1064	goal + feedback	126	0	-0.0035507043010752546
1064	goal + feedback	126	50	-0.007146537634408645
1064	goal + feedback	126	100	-0.005125870967742048
1064	goal + feedback	126	150	-0.004416370967741982
1064	goal + feedback	126	200	-0.01356503763440875
1064	goal + feedback	126	250	-0.024907037634408713
1064	goal + feedback	126	300	-0.033727704301075447
1064	goal + feedback	126	350	-0.02953337096774204
1064	goal + feedback	126	400	-0.028237870967741996
1064	goal + feedback	126	450	-0.014432704301075386
1064	goal + feedback	126	500	0.019093462365591323
1064	goal + feedback	126	550	0.03981529569892469
1064	goal + feedback	126	600	0.06578546236559135
1064	goal + feedback	126	650	0.09850629569892473
1064	goal + feedback	126	700	0.10007346236559138
1064	goal + feedback	126	750	0.09820029569892459
1064	goal + feedback	126	800	0.09772096236559132
1064	goal + feedback	126	850	0.08506096236559128
1064	goal + feedback	126	900	0.07141846236559135
1064	goal + feedback	126	950	0.052225129032258066
1064	goal + feedback	126	1e3	NA
1064	goal + feedback	126	1050	NA
1064	goal + feedback	126	1100	-0.05841887096774201
1064	goal + feedback	126	1150	0.09029329569892457
1064	goal + feedback	127	-200	-0.0029054239631336465
1064	goal + feedback	127	-150	0.0030422903225805578
1064	goal + feedback	127	-100	-0.0040028763440861
1064	goal + feedback	127	-50	-0.003071876344086085
1064	goal + feedback	127	0	0.007422123655913844
1064	goal + feedback	127	50	0.003137956989247348
1064	goal + feedback	127	100	0.017670790322580638
1064	goal + feedback	127	150	0.028622790322580565
1064	goal + feedback	127	200	0.022946623655913934
1064	goal + feedback	127	250	0.02471912365591389
1064	goal + feedback	127	300	0.034242290322580526
1064	goal + feedback	127	350	0.025908290322580536
1064	goal + feedback	127	400	0.03602862365591397
1064	goal + feedback	127	450	0.05268262365591384
1064	goal + feedback	127	500	0.05996095698924727
1064	goal + feedback	127	550	0.10294479032258064
1064	goal + feedback	127	600	0.13218329032258058
1064	goal + feedback	127	650	0.16372779032258059
1064	goal + feedback	127	700	0.18015195698924721
1064	goal + feedback	127	750	0.1811307903225806
1064	goal + feedback	127	800	0.1664267903225806
1064	goal + feedback	127	850	0.14669879032258057
1064	goal + feedback	127	900	0.1428671236559139
1064	goal + feedback	127	950	0.13964662365591396
1064	goal + feedback	127	1e3	0.13619562365591395
1064	goal + feedback	127	1050	0.1364066236559139
1064	goal + feedback	127	1100	0.14084362365591385
1064	goal + feedback	127	1150	0.14491412365591394
1064	goal + feedback	128	-200	-0.0034078847926267536
1064	goal + feedback	128	-150	0.0047707580645160634
1064	goal + feedback	128	-100	-0.00790224193548387
1064	goal + feedback	128	-50	3.1392473118282044e-4
1064	goal + feedback	128	0	0.0067934247311827916
1064	goal + feedback	128	50	0.017039924731182765
1064	goal + feedback	128	100	0.005845758064516075
1064	goal + feedback	128	150	0.02247542473118269
1064	goal + feedback	128	200	0.020852091397849454
1064	goal + feedback	128	250	0.020676091397849428
1064	goal + feedback	128	300	0.00796075806451609
1064	goal + feedback	128	350	0.0021395913978493977
1064	goal + feedback	128	400	-0.011707408602150618
1064	goal + feedback	128	450	-0.006297741935483936
1064	goal + feedback	128	500	0.012440258064516133
1064	goal + feedback	128	550	0.033828424731182784
1064	goal + feedback	128	600	0.06325492473118266
1064	goal + feedback	128	650	0.092025258064516
1064	goal + feedback	128	700	0.12415142473118272
1064	goal + feedback	128	750	0.13525042473118276
1064	goal + feedback	128	800	0.1336885913978494
1064	goal + feedback	128	850	0.13517209139784944
1064	goal + feedback	128	900	0.05153325806451603
1064	goal + feedback	128	950	NA
1064	goal + feedback	128	1e3	0.03967159139784945
1064	goal + feedback	128	1050	0.11692609139784953
1064	goal + feedback	128	1100	0.11508275806451611
1064	goal + feedback	128	1150	0.10538259139784951
1064	goal + feedback	129	-200	0.016220557603686712
1064	goal + feedback	129	-150	-0.001749204301075243
1064	goal + feedback	129	-100	-0.006039204301075222
1064	goal + feedback	129	-50	-0.003595370967741799
1064	goal + feedback	129	0	-0.007540204301075197
1064	goal + feedback	129	50	-0.022339870967741888
1064	goal + feedback	129	100	-0.01939603763440852
1064	goal + feedback	129	150	-0.0154610376344085
1064	goal + feedback	129	200	0.007687462365591517
1064	goal + feedback	129	250	0.011926462365591473
1064	goal + feedback	129	300	0.007255962365591451
1064	goal + feedback	129	350	0.008728295698924823
1064	goal + feedback	129	400	0.016825295698924842
1064	goal + feedback	129	450	0.020941629032258158
1064	goal + feedback	129	500	0.03904962903225825
1064	goal + feedback	129	550	0.059167295698924795
1064	goal + feedback	129	600	0.07653879569892481
1064	goal + feedback	129	650	0.09413462903225807
1064	goal + feedback	129	700	0.09879829569892477
1064	goal + feedback	129	750	0.07929796236559146
1064	goal + feedback	129	800	0.07057046236559146
1064	goal + feedback	129	850	0.0635522956989248
1064	goal + feedback	129	900	0.03195696236559146
1064	goal + feedback	129	950	0.20808532903225813
1064	goal + feedback	129	1e3	0.197077795698925
1064	goal + feedback	129	1050	0.3697824623655914
1064	goal + feedback	129	1100	NA
1064	goal + feedback	129	1150	NA
1064	goal + feedback	130	-200	0.005695543778801707
1064	goal + feedback	130	-150	0.011375924731182652
1064	goal + feedback	130	-100	0.004038091397849275
1064	goal + feedback	130	-50	-0.008005741935483979
1064	goal + feedback	130	0	-0.014053075268817347
1064	goal + feedback	130	50	-0.027753741935484005
1064	goal + feedback	130	100	-0.028933741935484036
1064	goal + feedback	130	150	-0.02684590860215071
1064	goal + feedback	130	200	-0.01974957526881734
1064	goal + feedback	130	250	-0.001383241935484003
1064	goal + feedback	130	300	0.014449591397849368
1064	goal + feedback	130	350	0.012096424731182701
1064	goal + feedback	130	400	0.015025258064515898
1064	goal + feedback	130	450	0.028132424731182642
1064	goal + feedback	130	500	0.04200842473118264
1064	goal + feedback	130	550	0.0817980913978494
1064	goal + feedback	130	600	0.11492442473118263
1064	goal + feedback	130	650	0.15491992473118268
1064	goal + feedback	130	700	0.16451525806451608
1064	goal + feedback	130	750	0.17106342473118263
1064	goal + feedback	130	800	0.16799309139784926
1064	goal + feedback	130	850	0.1646827580645159
1064	goal + feedback	130	900	0.02818825806451586
1064	goal + feedback	130	950	NA
1064	goal + feedback	130	1e3	NA
1064	goal + feedback	130	1050	0.17196575806451597
1064	goal + feedback	130	1100	0.1951799247311825
1064	goal + feedback	130	1150	0.20285959139784934
1064	goal + feedback	131	-200	-0.00106391244239612
1064	goal + feedback	131	-150	0.00482934946236561
1064	goal + feedback	131	-100	0.0011538494623658153
1064	goal + feedback	131	-50	-0.006708983870967522
1064	goal + feedback	131	0	0.001967016129032384
1064	goal + feedback	131	50	0.0024353494623658247
1064	goal + feedback	131	100	0.0033721827956990267
1064	goal + feedback	131	150	0.009351349462365747
1064	goal + feedback	131	200	0.016816182795699113
1064	goal + feedback	131	250	0.020505182795699017
1064	goal + feedback	131	300	0.023499349462365798
1064	goal + feedback	131	350	0.0175891827956991
1064	goal + feedback	131	400	0.013078516129032472
1064	goal + feedback	131	450	0.03327884946236578
1064	goal + feedback	131	500	0.06015718279569904
1064	goal + feedback	131	550	0.0883936827956991
1064	goal + feedback	131	600	0.12176351612903247
1064	goal + feedback	131	650	0.14066434946236575
1064	goal + feedback	131	700	0.15425951612903246
1064	goal + feedback	131	750	0.14680868279569914
1064	goal + feedback	131	800	0.13355018279569908
1064	goal + feedback	131	850	0.1272553494623657
1064	goal + feedback	131	900	0.1260343494623657
1064	goal + feedback	131	950	0.11483884946236571
1064	goal + feedback	131	1e3	0.11481251612903239
1064	goal + feedback	131	1050	0.0950785161290324
1064	goal + feedback	131	1100	NA
1064	goal + feedback	131	1150	NA
1064	goal + feedback	132	-200	0.021165225806451637
1064	goal + feedback	132	-150	0.011201059139785011
1064	goal + feedback	132	-100	-0.00489760752688162
1064	goal + feedback	132	-50	-0.0110171075268816
1064	goal + feedback	132	0	-0.019979107526881663
1064	goal + feedback	132	50	-0.029365774193548244
1064	goal + feedback	132	100	-0.019713774193548323
1064	goal + feedback	132	150	-0.019039774193548336
1064	goal + feedback	132	200	-0.026451107526881623
1064	goal + feedback	132	250	-0.024879440860215023
1064	goal + feedback	132	300	-0.03218827419354827
1064	goal + feedback	132	350	-0.03547427419354824
1064	goal + feedback	132	400	-0.028053940860215027
1064	goal + feedback	132	450	-0.024588274193548216
1064	goal + feedback	132	500	-0.0077354408602149744
1064	goal + feedback	132	550	0.02338205913978501
1064	goal + feedback	132	600	0.056157392473118385
1064	goal + feedback	132	650	0.0881397258064518
1064	goal + feedback	132	700	0.11017122580645178
1064	goal + feedback	132	750	0.10832622580645168
1064	goal + feedback	132	800	0.10286755913978503
1064	goal + feedback	132	850	0.10544889247311821
1064	goal + feedback	132	900	NA
1064	goal + feedback	132	950	-0.5848567741935482
1064	goal + feedback	132	1e3	0.04240255913978511
1064	goal + feedback	132	1050	0.08661822580645169
1064	goal + feedback	132	1100	0.09195989247311835
1064	goal + feedback	132	1150	0.09145539247311851
1064	goal + feedback	133	-200	-0.005266387096774215
1064	goal + feedback	133	-150	0.0031139462365591766
1064	goal + feedback	133	-100	0.006503112903225657
1064	goal + feedback	133	-50	-6.405537634409283e-4
1064	goal + feedback	133	0	-0.00283238709677421
1064	goal + feedback	133	50	-0.0033220537634407834
1064	goal + feedback	133	100	-0.009387887096774147
1064	goal + feedback	133	150	-0.014012553763440794
1064	goal + feedback	133	200	-0.025034553763440808
1064	goal + feedback	133	250	-0.028756553763440884
1064	goal + feedback	133	300	-0.041690220430107505
1064	goal + feedback	133	350	-0.04248105376344088
1064	goal + feedback	133	400	-0.05318255376344094
1064	goal + feedback	133	450	-0.0417348870967742
1064	goal + feedback	133	500	-0.01814588709677419
1064	goal + feedback	133	550	0.003227946236559124
1064	goal + feedback	133	600	0.015587112903225897
1064	goal + feedback	133	650	0.03621111290322587
1064	goal + feedback	133	700	0.03514861290322576
1064	goal + feedback	133	750	0.029057446236559148
1064	goal + feedback	133	800	0.02164077956989252
1064	goal + feedback	133	850	0.022116946236559132
1064	goal + feedback	133	900	0.022409946236559158
1064	goal + feedback	133	950	0.01512494623655917
1064	goal + feedback	133	1e3	0.028806779569892527
1064	goal + feedback	133	1050	0.036171446236559136
1064	goal + feedback	133	1100	0.03201877956989244
1064	goal + feedback	133	1150	0.03973277956989252
1064	goal + feedback	134	-200	-0.009309746543778743
1064	goal + feedback	134	-150	0.0019743010752689325
1064	goal + feedback	134	-100	-0.002864698924731105
1064	goal + feedback	134	-50	0.006151967741935642
1064	goal + feedback	134	0	0.005599801075268918
1064	goal + feedback	134	50	-0.008392032258064544
1064	goal + feedback	134	100	-0.017100532258064332
1064	goal + feedback	134	150	-0.02264203225806442
1064	goal + feedback	134	200	-0.013488365591397692
1064	goal + feedback	134	250	-0.019870865591397724
1064	goal + feedback	134	300	-0.028126198924731005
1064	goal + feedback	134	350	-0.016470198924731116
1064	goal + feedback	134	400	-0.0065080322580644
1064	goal + feedback	134	450	0.00679096774193555
1064	goal + feedback	134	500	0.02255113440860231
1064	goal + feedback	134	550	0.03630530107526889
1064	goal + feedback	134	600	0.06954213440860231
1064	goal + feedback	134	650	0.08572163440860232
1064	goal + feedback	134	700	0.09732180107526893
1064	goal + feedback	134	750	0.08906413440860221
1064	goal + feedback	134	800	0.07497980107526891
1064	goal + feedback	134	850	0.06227246774193566
1064	goal + feedback	134	900	0.05056896774193557
1064	goal + feedback	134	950	0.038517634408602154
1064	goal + feedback	134	1e3	0.040951134408602284
1064	goal + feedback	134	1050	0.033207301075268925
1064	goal + feedback	134	1100	0.04580430107526897
1064	goal + feedback	134	1150	0.06404346774193555
1064	goal + feedback	135	-200	0.0013232580645159103
1064	goal + feedback	135	-150	0.00173109139784929
1064	goal + feedback	135	-100	-0.006684908602150763
1064	goal + feedback	135	-50	-0.002330741935484104
1064	goal + feedback	135	0	0.005740758064515905
1064	goal + feedback	135	50	1.3192473118247192e-4
1064	goal + feedback	135	100	0.0017705913978493342
1064	goal + feedback	135	150	-0.005860075268817451
1064	goal + feedback	135	200	-0.008325408602150697
1064	goal + feedback	135	250	-0.004408908602150745
1064	goal + feedback	135	300	7.747580645158791e-4
1064	goal + feedback	135	350	0.003894091397849279
1064	goal + feedback	135	400	0.004732424731182627
1064	goal + feedback	135	450	0.02340809139784931
1064	goal + feedback	135	500	0.03452025806451594
1064	goal + feedback	135	550	0.05400209139784932
1064	goal + feedback	135	600	0.07571942473118254
1064	goal + feedback	135	650	0.09079725806451584
1064	goal + feedback	135	700	0.08863875806451582
1064	goal + feedback	135	750	0.0911147580645159
1064	goal + feedback	135	800	0.09809742473118248
1064	goal + feedback	135	850	0.09561525806451598
1064	goal + feedback	135	900	0.12153225806451573
1064	goal + feedback	135	950	NA
1064	goal + feedback	135	1e3	0.021485758064515952
1064	goal + feedback	135	1050	0.08001492473118255
1064	goal + feedback	135	1100	0.06290375806451583
1064	goal + feedback	135	1150	0.06539292473118263
1064	goal + feedback	136	-200	0.00955977419354838
1064	goal + feedback	136	-150	0.0075214408602151854
1064	goal + feedback	136	-100	-0.00804755913978498
1064	goal + feedback	136	-50	-8.632258064515952e-4
1064	goal + feedback	136	0	-0.009763725806451498
1064	goal + feedback	136	50	-0.019331059139784907
1064	goal + feedback	136	100	-0.022743225806451422
1064	goal + feedback	136	150	-0.018291059139784977
1064	goal + feedback	136	200	-0.01938922580645149
1064	goal + feedback	136	250	-0.011233392473118201
1064	goal + feedback	136	300	-0.01153822580645151
1064	goal + feedback	136	350	-0.006826225806451462
1064	goal + feedback	136	400	0.015510940860215058
1064	goal + feedback	136	450	0.03929994086021512
1064	goal + feedback	136	500	0.07051094086021514
1064	goal + feedback	136	550	0.0992491075268817
1064	goal + feedback	136	600	0.13654594086021507
1064	goal + feedback	136	650	0.14809910752688174
1064	goal + feedback	136	700	0.1486422741935484
1064	goal + feedback	136	750	0.13246427419354836
1064	goal + feedback	136	800	0.12388160752688182
1064	goal + feedback	136	850	0.11269552419354845
1064	goal + feedback	136	900	NA
1064	goal + feedback	136	950	-0.11599422580645169
1064	goal + feedback	136	1e3	0.17823527419354854
1064	goal + feedback	136	1050	0.11707227419354845
1064	goal + feedback	136	1100	0.12319494086021517
1064	goal + feedback	136	1150	0.13765627419354845
1064	goal + feedback	137	-200	-0.001310815668202649
1064	goal + feedback	137	-150	5.402795698925544e-4
1064	goal + feedback	137	-100	0.0062366129032259314
1064	goal + feedback	137	-50	-0.001613553763440893
1064	goal + feedback	137	0	-0.0036340537634407997
1064	goal + feedback	137	50	-0.006503887096774186
1064	goal + feedback	137	100	-0.011599053763440873
1064	goal + feedback	137	150	-0.015415720430107527
1064	goal + feedback	137	200	-0.0019190537634408145
1064	goal + feedback	137	250	-0.014569387096774097
1064	goal + feedback	137	300	-0.016621553763440804
1064	goal + feedback	137	350	-0.032797220430107465
1064	goal + feedback	137	400	-0.029737553763440856
1064	goal + feedback	137	450	-0.027125887096774104
1064	goal + feedback	137	500	-0.005959387096774164
1064	goal + feedback	137	550	0.014839279569892616
1064	goal + feedback	137	600	0.05394377956989257
1064	goal + feedback	137	650	0.08284511290322594
1064	goal + feedback	137	700	0.1075066129032259
1064	goal + feedback	137	750	0.10250394623655912
1064	goal + feedback	137	800	0.10469527956989248
1064	goal + feedback	137	850	0.09349161290322587
1064	goal + feedback	137	900	NA
1064	goal + feedback	137	950	NA
1064	goal + feedback	137	1e3	-0.03147188709677414
1064	goal + feedback	137	1050	0.06013077956989251
1064	goal + feedback	137	1100	0.050185279569892494
1064	goal + feedback	137	1150	0.04743261290322579
1064	goal + feedback	138	-200	0.004816889400921668
1064	goal + feedback	138	-150	0.004926698924731188
1064	goal + feedback	138	-100	-0.0033251344086021226
1064	goal + feedback	138	-50	-0.009951967741935372
1064	goal + feedback	138	0	0.002730698924731175
1064	goal + feedback	138	50	-4.44301075268901e-4
1064	goal + feedback	138	100	NA
1064	goal + feedback	138	150	-0.021466967741935683
1064	goal + feedback	138	200	0.025243365591397875
1064	goal + feedback	138	250	-0.014571467741935443
1064	goal + feedback	138	300	-0.02803296774193546
1064	goal + feedback	138	350	-0.029404134408602234
1064	goal + feedback	138	400	-0.01842130107526881
1064	goal + feedback	138	450	-0.012941301075268807
1064	goal + feedback	138	500	2.9869892473118515e-4
1064	goal + feedback	138	550	0.004508365591397927
1064	goal + feedback	138	600	0.008690365591397834
1064	goal + feedback	138	650	0.020815865591397847
1064	goal + feedback	138	700	0.028581032258064482
1064	goal + feedback	138	750	0.042111865591397825
1064	goal + feedback	138	800	0.06196536559139787
1064	goal + feedback	138	850	0.08303869892473122
1064	goal + feedback	138	900	0.09201569892473116
1064	goal + feedback	138	950	0.09170419892473121
1064	goal + feedback	138	1e3	0.08703136559139775
1064	goal + feedback	138	1050	0.0737431989247311
1064	goal + feedback	138	1100	0.07994853225806449
1064	goal + feedback	138	1150	0.08095803225806453
1064	goal + feedback	139	-200	0.0030004000000001993
1064	goal + feedback	139	-150	0.00242173333333362
1064	goal + feedback	139	-100	9.667333333335618e-4
1064	goal + feedback	139	-50	0.0032675666666668324
1064	goal + feedback	139	0	-0.009656433333333103
1064	goal + feedback	139	50	-0.00483076666666656
1064	goal + feedback	139	100	0.007879233333333513
1064	goal + feedback	139	150	0.015561900000000092
1064	goal + feedback	139	200	0.013697733333333536
1064	goal + feedback	139	250	0.022855733333333534
1064	goal + feedback	139	300	0.0347700666666669
1064	goal + feedback	139	350	0.04111523333333348
1064	goal + feedback	139	400	0.041788233333333556
1064	goal + feedback	139	450	0.05057056666666685
1064	goal + feedback	139	500	0.07422573333333345
1064	goal + feedback	139	550	0.09473990000000028
1064	goal + feedback	139	600	0.11248473333333357
1064	goal + feedback	139	650	0.12529273333333343
1064	goal + feedback	139	700	0.14523406666666686
1064	goal + feedback	139	750	0.1491255666666668
1064	goal + feedback	139	800	0.1497059000000002
1064	goal + feedback	139	850	0.14755890000000016
1064	goal + feedback	139	900	0.05923790000000014
1064	goal + feedback	139	950	NA
1064	goal + feedback	139	1e3	NA
1064	goal + feedback	139	1050	0.16821123333333365
1064	goal + feedback	139	1100	0.11705206666666686
1064	goal + feedback	139	1150	0.10788851904761916
1064	goal + feedback	140	-200	0.01101214285714309
1064	goal + feedback	140	-150	0.010190833333333519
1064	goal + feedback	140	-100	0.002798666666666838
1064	goal + feedback	140	-50	-0.0067431666666666334
1064	goal + feedback	140	0	-0.019093833333333105
1064	goal + feedback	140	50	-0.03243733333333313
1064	goal + feedback	140	100	-0.03627299999999963
1064	goal + feedback	140	150	-0.03649266666666643
1064	goal + feedback	140	200	-0.04536716666666648
1064	goal + feedback	140	250	-0.04270299999999979
1064	goal + feedback	140	300	-0.04222066666666646
1064	goal + feedback	140	350	-0.04411449999999976
1064	goal + feedback	140	400	-0.0543466666666664
1064	goal + feedback	140	450	-0.05842249999999982
1064	goal + feedback	140	500	-0.04771433333333319
1064	goal + feedback	140	550	-0.04156116666666657
1064	goal + feedback	140	600	-0.026095333333333137
1064	goal + feedback	140	650	0.0012001666666668538
1064	goal + feedback	140	700	0.014965000000000192
1064	goal + feedback	140	750	0.02385033333333353
1064	goal + feedback	140	800	0.023887000000000214
1064	goal + feedback	140	850	0.01856383333333363
1064	goal + feedback	140	900	0.006341666666666838
1064	goal + feedback	140	950	0.0067483333333335045
1064	goal + feedback	140	1e3	-0.015330333333333149
1064	goal + feedback	140	1050	-0.01871283333333314
1064	goal + feedback	140	1100	-0.02658816666666645
1064	goal + feedback	140	1150	NA
