Subject	condition	TrialId	bin	pupil_change
1075	goal + no feedback	1	-200	0.0026355437788016444
1075	goal + no feedback	1	-150	4.520913978493339e-4
1075	goal + no feedback	1	-100	-0.0010347419354840663
1075	goal + no feedback	1	-50	-0.008025741935484035
1075	goal + no feedback	1	0	0.005533591397849369
1075	goal + no feedback	1	50	0.01808892473118262
1075	goal + no feedback	1	100	0.022038091397849364
1075	goal + no feedback	1	150	0.011050758064515978
1075	goal + no feedback	1	200	-0.016601241935483957
1075	goal + no feedback	1	250	-0.019071741935484072
1075	goal + no feedback	1	300	-0.021692408602150604
1075	goal + no feedback	1	350	-0.031058408602150662
1075	goal + no feedback	1	400	-0.030027908602150728
1075	goal + no feedback	1	450	-0.007388908602150801
1075	goal + no feedback	1	500	0.01601442473118264
1075	goal + no feedback	1	550	0.040754924731182696
1075	goal + no feedback	1	600	0.06287375806451594
1075	goal + no feedback	1	650	0.06959425806451598
1075	goal + no feedback	1	700	0.06802825806451596
1075	goal + no feedback	1	750	NA
1075	goal + no feedback	1	800	0.0019035913978493468
1075	goal + no feedback	1	850	0.08847509139784937
1075	goal + no feedback	1	900	0.08580859139784931
1075	goal + no feedback	1	950	0.07258259139784928
1075	goal + no feedback	1	1e3	0.08659642473118272
1075	goal + no feedback	1	1050	0.0811289247311826
1075	goal + no feedback	1	1100	0.08511025806451593
1075	goal + no feedback	1	1150	0.021141591397849435
1075	goal + no feedback	3	-200	-0.011298258064516262
1075	goal + no feedback	3	-150	0.001908741935483782
1075	goal + no feedback	3	-100	0.00784659907834089
1075	goal + no feedback	3	-50	0.004372075268817073
1075	goal + no feedback	3	0	-0.001935758064516217
1075	goal + no feedback	3	50	-0.012506424731182944
1075	goal + no feedback	3	100	-0.013813758064516271
1075	goal + no feedback	3	150	-0.018245424731182958
1075	goal + no feedback	3	200	-0.018474258064516302
1075	goal + no feedback	3	250	-0.008434591397849708
1075	goal + no feedback	3	300	-0.019333591397849553
1075	goal + no feedback	3	350	-0.02687625806451625
1075	goal + no feedback	3	400	-0.024007924731183
1075	goal + no feedback	3	450	-0.013890258064516233
1075	goal + no feedback	3	500	4.8790860215038495e-4
1075	goal + no feedback	3	550	0.021998408602150372
1075	goal + no feedback	3	600	0.045465408602150426
1075	goal + no feedback	3	650	0.06534854193548378
1075	goal + no feedback	3	700	0.06012074193548367
1075	goal + no feedback	3	750	NA
1075	goal + no feedback	3	800	NA
1075	goal + no feedback	3	850	NA
1075	goal + no feedback	3	900	-0.07325585806451622
1075	goal + no feedback	3	950	-0.014243543778801993
1075	goal + no feedback	3	1e3	0.061888941935483645
1075	goal + no feedback	3	1050	0.08966024193548372
1075	goal + no feedback	3	1100	0.09577957526881709
1075	goal + no feedback	3	1150	0.10399957526881705
1075	goal + no feedback	4	-200	-0.030346313364055102
1075	goal + no feedback	4	-150	-0.014648241935483716
1075	goal + no feedback	4	-100	0.01166142473118296
1075	goal + no feedback	4	-50	0.020789091397849607
1075	goal + no feedback	4	0	0.01760175806451632
1075	goal + no feedback	4	50	0.00995825806451626
1075	goal + no feedback	4	100	0.023194758064516357
1075	goal + no feedback	4	150	0.034816424731182925
1075	goal + no feedback	4	200	0.01575809139784967
1075	goal + no feedback	4	250	0.005750091397849581
1075	goal + no feedback	4	300	0.009201758064516286
1075	goal + no feedback	4	350	0.00874092473118293
1075	goal + no feedback	4	400	0.004855091397849565
1075	goal + no feedback	4	450	0.0036560913978496887
1075	goal + no feedback	4	500	0.028252591397849674
1075	goal + no feedback	4	550	0.033795758064516214
1075	goal + no feedback	4	600	0.05824809139784959
1075	goal + no feedback	4	650	0.029909258064516296
1075	goal + no feedback	4	700	NA
1075	goal + no feedback	4	750	NA
1075	goal + no feedback	4	800	NA
1075	goal + no feedback	4	850	-0.058902741935483505
1075	goal + no feedback	4	900	0.0613397580645163
1075	goal + no feedback	4	950	-0.025116241935483785
1075	goal + no feedback	4	1e3	-0.03797524193548374
1075	goal + no feedback	4	1050	-0.004168575268816976
1075	goal + no feedback	4	1100	-0.0034852419354836814
1075	goal + no feedback	4	1150	0.006886424731182987
1075	goal + no feedback	5	-200	0.02979306666666644
1075	goal + no feedback	5	-150	0.012464733333333125
1075	goal + no feedback	5	-100	-0.008538933333333443
1075	goal + no feedback	5	-50	-0.01202343333333348
1075	goal + no feedback	5	0	-0.02169543333333353
1075	goal + no feedback	5	50	-0.02207876666666671
1075	goal + no feedback	5	100	-0.034921100000000184
1075	goal + no feedback	5	150	-0.03413460000000016
1075	goal + no feedback	5	200	-0.03086805238095249
1075	goal + no feedback	5	250	-0.03306336666666683
1075	goal + no feedback	5	300	-0.02285360000000014
1075	goal + no feedback	5	350	-0.022635933333333542
1075	goal + no feedback	5	400	-0.011498766666666826
1075	goal + no feedback	5	450	-8.319333333335344e-4
1075	goal + no feedback	5	500	0.015742899999999855
1075	goal + no feedback	5	550	0.03853639999999977
1075	goal + no feedback	5	600	0.05966556666666656
1075	goal + no feedback	5	650	0.057629233333333175
1075	goal + no feedback	5	700	0.05250773333333325
1075	goal + no feedback	5	750	0.038185066666666545
1075	goal + no feedback	5	800	0.02525156666666654
1075	goal + no feedback	5	850	0.014978090476190318
1075	goal + no feedback	5	900	0.02890956666666648
1075	goal + no feedback	5	950	0.03062589999999991
1075	goal + no feedback	5	1e3	0.04847256666666655
1075	goal + no feedback	5	1050	0.060975899999999784
1075	goal + no feedback	5	1100	0.05753956666666656
1075	goal + no feedback	5	1150	0.060768066666666565
1075	goal + no feedback	6	-200	0.008413285714285821
1075	goal + no feedback	6	-150	-0.001862999999999874
1075	goal + no feedback	6	-100	-0.004544333333333188
1075	goal + no feedback	6	-50	0.0018008333333333997
1075	goal + no feedback	6	0	-0.0052089999999999454
1075	goal + no feedback	6	50	0.0022208333333334127
1075	goal + no feedback	6	100	-0.0013814999999999245
1075	goal + no feedback	6	150	0.002609500000000079
1075	goal + no feedback	6	200	-0.002865499999999891
1075	goal + no feedback	6	250	-0.018574999999999935
1075	goal + no feedback	6	300	-0.02527699999999992
1075	goal + no feedback	6	350	-0.03277049999999989
1075	goal + no feedback	6	400	-0.03320066666666658
1075	goal + no feedback	6	450	-0.04053933333333326
1075	goal + no feedback	6	500	-0.011675666666666492
1075	goal + no feedback	6	550	0.013210666666666851
1075	goal + no feedback	6	600	0.04584516666666668
1075	goal + no feedback	6	650	0.06851366666666665
1075	goal + no feedback	6	700	0.09959200000000006
1075	goal + no feedback	6	750	0.11033300000000008
1075	goal + no feedback	6	800	0.11252033333333333
1075	goal + no feedback	6	850	0.10487216666666677
1075	goal + no feedback	6	900	0.10897940000000013
1075	goal + no feedback	6	950	0.12050757142857149
1075	goal + no feedback	6	1e3	0.1255606666666668
1075	goal + no feedback	6	1050	0.14505920000000003
1075	goal + no feedback	6	1100	0.15412814285714285
1075	goal + no feedback	6	1150	0.15823450000000014
1075	goal + no feedback	7	-200	0.013527562211981576
1075	goal + no feedback	7	-150	0.007496586021505418
1075	goal + no feedback	7	-100	0.005269252688172059
1075	goal + no feedback	7	-50	-0.010435580645161258
1075	goal + no feedback	7	0	-0.01811241397849465
1075	goal + no feedback	7	50	-0.017513413978494558
1075	goal + no feedback	7	100	-0.028215080645161168
1075	goal + no feedback	7	150	-0.03014324731182801
1075	goal + no feedback	7	200	-0.039558080645161274
1075	goal + no feedback	7	250	-0.03917908064516129
1075	goal + no feedback	7	300	-0.03997358064516132
1075	goal + no feedback	7	350	-0.03210524731182803
1075	goal + no feedback	7	400	-0.0418634139784945
1075	goal + no feedback	7	450	-0.01814158064516132
1075	goal + no feedback	7	500	-0.010650747311827876
1075	goal + no feedback	7	550	0.013369419354838671
1075	goal + no feedback	7	600	0.0375714193548388
1075	goal + no feedback	7	650	0.06833291935483876
1075	goal + no feedback	7	700	0.10911101935483876
1075	goal + no feedback	7	750	NA
1075	goal + no feedback	7	800	NA
1075	goal + no feedback	7	850	NA
1075	goal + no feedback	7	900	NA
1075	goal + no feedback	7	950	0.18825981935483868
1075	goal + no feedback	7	1e3	0.13816208602150537
1075	goal + no feedback	7	1050	0.16640891935483873
1075	goal + no feedback	7	1100	0.16748441935483874
1075	goal + no feedback	7	1150	0.20442925268817205
1075	goal + no feedback	8	-200	-0.009625824884792689
1075	goal + no feedback	8	-150	-0.009744134408602223
1075	goal + no feedback	8	-100	-7.163010752688029e-4
1075	goal + no feedback	8	-50	0.0044150322580645
1075	goal + no feedback	8	0	0.017275532258064514
1075	goal + no feedback	8	50	0.026464032258064412
1075	goal + no feedback	8	100	0.04950886559139785
1075	goal + no feedback	8	150	0.05456103225806438
1075	goal + no feedback	8	200	0.08186736559139773
1075	goal + no feedback	8	250	0.10950653225806446
1075	goal + no feedback	8	300	0.1285431989247312
1075	goal + no feedback	8	350	0.13278003225806448
1075	goal + no feedback	8	400	0.15000486559139783
1075	goal + no feedback	8	450	0.16541069892473112
1075	goal + no feedback	8	500	0.1662995322580645
1075	goal + no feedback	8	550	0.18490219892473117
1075	goal + no feedback	8	600	0.19844019892473108
1075	goal + no feedback	8	650	0.15919269892473112
1075	goal + no feedback	8	700	NA
1075	goal + no feedback	8	750	NA
1075	goal + no feedback	8	800	-0.2192609677419357
1075	goal + no feedback	8	850	0.18208453225806454
1075	goal + no feedback	8	900	0.08212303225806446
1075	goal + no feedback	8	950	0.0818956989247311
1075	goal + no feedback	8	1e3	0.08950253225806448
1075	goal + no feedback	8	1050	0.10564403225806444
1075	goal + no feedback	8	1100	0.1510405322580645
1075	goal + no feedback	8	1150	0.18930836559139785
1075	goal + no feedback	9	-200	-0.015585055299539099
1075	goal + no feedback	9	-150	-0.003454817204300964
1075	goal + no feedback	9	-100	0.014907016129032336
1075	goal + no feedback	9	-50	0.007575849462365521
1075	goal + no feedback	9	0	-8.454838709677226e-4
1075	goal + no feedback	9	50	-0.007047317204300925
1075	goal + no feedback	9	100	-0.0033681505376343215
1075	goal + no feedback	9	150	-0.011497150537634374
1075	goal + no feedback	9	200	-0.0030038172043009848
1075	goal + no feedback	9	250	-0.0055206505376343236
1075	goal + no feedback	9	300	0.006432182795699015
1075	goal + no feedback	9	350	-0.009919317204301059
1075	goal + no feedback	9	400	-0.02074631720430098
1075	goal + no feedback	9	450	-0.008802650537634404
1075	goal + no feedback	9	500	-0.01363581720430096
1075	goal + no feedback	9	550	-0.006455483870967689
1075	goal + no feedback	9	600	0.0061803494623657125
1075	goal + no feedback	9	650	0.008078682795698974
1075	goal + no feedback	9	700	-0.03334998387096788
1075	goal + no feedback	9	750	NA
1075	goal + no feedback	9	800	NA
1075	goal + no feedback	9	850	-0.3261504838709679
1075	goal + no feedback	9	900	-0.07488548387096783
1075	goal + no feedback	9	950	-0.10647819815668193
1075	goal + no feedback	9	1e3	-0.07034631720430091
1075	goal + no feedback	9	1050	-0.056184983870967674
1075	goal + no feedback	9	1100	-0.023685483870967694
1075	goal + no feedback	9	1150	-0.0018148172043011002
1075	goal + no feedback	10	-200	0.03228916589861752
1075	goal + no feedback	10	-150	0.01265195161290326
1075	goal + no feedback	10	-100	0.0025927849462365296
1075	goal + no feedback	10	-50	-0.024660715053763438
1075	goal + no feedback	10	0	-0.028254715053763462
1075	goal + no feedback	10	50	-0.04033904838709675
1075	goal + no feedback	10	100	-0.03406688172043015
1075	goal + no feedback	10	150	-0.03473571505376342
1075	goal + no feedback	10	200	-0.0248537150537634
1075	goal + no feedback	10	250	-0.007876215053763458
1075	goal + no feedback	10	300	0.01308795161290314
1075	goal + no feedback	10	350	0.020186284946236643
1075	goal + no feedback	10	400	0.03564478494623654
1075	goal + no feedback	10	450	0.04871061827956987
1075	goal + no feedback	10	500	0.04090411827956989
1075	goal + no feedback	10	550	0.0685482849462365
1075	goal + no feedback	10	600	0.06589411827956997
1075	goal + no feedback	10	650	0.026129784946236523
1075	goal + no feedback	10	700	NA
1075	goal + no feedback	10	750	NA
1075	goal + no feedback	10	800	NA
1075	goal + no feedback	10	850	-0.12688388172043016
1075	goal + no feedback	10	900	-0.06948221505376344
1075	goal + no feedback	10	950	-0.018002548387096844
1075	goal + no feedback	10	1e3	0.03336311827956987
1075	goal + no feedback	10	1050	0.04462945161290318
1075	goal + no feedback	10	1100	0.044939618279569826
1075	goal + no feedback	10	1150	0.05186961827956978
1075	goal + no feedback	11	-200	0.011892018433179632
1075	goal + no feedback	11	-150	0.014536494623655841
1075	goal + no feedback	11	-100	0.020103661290322483
1075	goal + no feedback	11	-50	-0.008300505376344228
1075	goal + no feedback	11	0	-0.04021367204301085
1075	goal + no feedback	11	50	-0.05302117204301093
1075	goal + no feedback	11	100	-0.06405167204301081
1075	goal + no feedback	11	150	-0.0718605053763443
1075	goal + no feedback	11	200	-0.07779117204301089
1075	goal + no feedback	11	250	-0.06984567204301088
1075	goal + no feedback	11	300	-0.07123417204301097
1075	goal + no feedback	11	350	-0.06361233870967757
1075	goal + no feedback	11	400	-0.05016783870967756
1075	goal + no feedback	11	450	-0.018008838709677583
1075	goal + no feedback	11	500	0.014101327956989115
1075	goal + no feedback	11	550	0.025951327956989106
1075	goal + no feedback	11	600	0.041677161290322395
1075	goal + no feedback	11	650	0.05329882795698918
1075	goal + no feedback	11	700	0.04503932795698903
1075	goal + no feedback	11	750	0.05212766129032246
1075	goal + no feedback	11	800	0.01648941129032233
1075	goal + no feedback	11	850	NA
1075	goal + no feedback	11	900	NA
1075	goal + no feedback	11	950	NA
1075	goal + no feedback	11	1e3	-0.15891817204301098
1075	goal + no feedback	11	1050	-0.0483063387096776
1075	goal + no feedback	11	1100	0.023283661290322517
1075	goal + no feedback	11	1150	0.03870049462365577
1075	goal + no feedback	12	-200	0.011519778801843548
1075	goal + no feedback	12	-150	0.0018693978494625323
1075	goal + no feedback	12	-100	0.014334064516129175
1075	goal + no feedback	12	-50	-0.015274602150537442
1075	goal + no feedback	12	0	-0.014368602150537443
1075	goal + no feedback	12	50	-0.019108135483870737
1075	goal + no feedback	12	100	-0.02496664976958504
1075	goal + no feedback	12	150	-0.013844935483870705
1075	goal + no feedback	12	200	0.003461064516129264
1075	goal + no feedback	12	250	0.01758206451612924
1075	goal + no feedback	12	300	0.042835064516129284
1075	goal + no feedback	12	350	0.047836897849462545
1075	goal + no feedback	12	400	0.0710280645161292
1075	goal + no feedback	12	450	0.10042006451612928
1075	goal + no feedback	12	500	0.08605223118279588
1075	goal + no feedback	12	550	0.10063339784946253
1075	goal + no feedback	12	600	0.10550339784946261
1075	goal + no feedback	12	650	0.09974456451612916
1075	goal + no feedback	12	700	0.06569656451612922
1075	goal + no feedback	12	750	0.061520064516129125
1075	goal + no feedback	12	800	NA
1075	goal + no feedback	12	850	NA
1075	goal + no feedback	12	900	NA
1075	goal + no feedback	12	950	-0.1382184354838707
1075	goal + no feedback	12	1e3	-0.018537768817204075
1075	goal + no feedback	12	1050	0.03454056451612919
1075	goal + no feedback	12	1100	0.04451923118279592
1075	goal + no feedback	12	1150	0.05993739784946254
1075	goal + no feedback	13	-200	0.013124880184331935
1075	goal + no feedback	13	-150	0.005296284946236796
1075	goal + no feedback	13	-100	0.002387451612903361
1075	goal + no feedback	13	-50	-0.008342715053763236
1075	goal + no feedback	13	0	-0.014653381720429811
1075	goal + no feedback	13	50	-0.01730954838709664
1075	goal + no feedback	13	100	-0.014742215053763275
1075	goal + no feedback	13	150	-0.016237881720429836
1075	goal + no feedback	13	200	-0.03337574838709658
1075	goal + no feedback	13	250	-0.048317405529953686
1075	goal + no feedback	13	300	-0.055547215053763255
1075	goal + no feedback	13	350	-0.05200038172042998
1075	goal + no feedback	13	400	-0.05619038172042997
1075	goal + no feedback	13	450	-0.04217054838709652
1075	goal + no feedback	13	500	-0.021903715053763317
1075	goal + no feedback	13	550	4.774516129033568e-4
1075	goal + no feedback	13	600	0.026492618279570095
1075	goal + no feedback	13	650	0.026374451612903194
1075	goal + no feedback	13	700	NA
1075	goal + no feedback	13	750	NA
1075	goal + no feedback	13	800	-0.17516354838709658
1075	goal + no feedback	13	850	0.06614345161290344
1075	goal + no feedback	13	900	0.04502745161290337
1075	goal + no feedback	13	950	NA
1075	goal + no feedback	13	1e3	NA
1075	goal + no feedback	13	1050	-0.35482354838709673
1075	goal + no feedback	13	1100	0.17879795161290338
1075	goal + no feedback	13	1150	0.06391011827957005
1075	goal + no feedback	14	-200	0.00130555376344077
1075	goal + no feedback	14	-150	-0.007742779569892555
1075	goal + no feedback	14	-100	0.0047333870967740665
1075	goal + no feedback	14	-50	0.0029456728110598567
1075	goal + no feedback	14	0	-0.001732779569892558
1075	goal + no feedback	14	50	-0.01012181290322589
1075	goal + no feedback	14	100	-0.005085755760368674
1075	goal + no feedback	14	150	-0.0035356129032257932
1075	goal + no feedback	14	200	0.022327887096774097
1075	goal + no feedback	14	250	0.04223455376344076
1075	goal + no feedback	14	300	0.05612838709677411
1075	goal + no feedback	14	350	0.07524418709677416
1075	goal + no feedback	14	400	0.1137311013824884
1075	goal + no feedback	14	450	0.1377382204301075
1075	goal + no feedback	14	500	0.18986272043010732
1075	goal + no feedback	14	550	0.21201088709677415
1075	goal + no feedback	14	600	0.21140822043010746
1075	goal + no feedback	14	650	0.2150292204301075
1075	goal + no feedback	14	700	0.30736188709677403
1075	goal + no feedback	14	750	NA
1075	goal + no feedback	14	800	NA
1075	goal + no feedback	14	850	NA
1075	goal + no feedback	14	900	0.2659043870967741
1075	goal + no feedback	14	950	0.17830188709677408
1075	goal + no feedback	14	1e3	0.22272224423963122
1075	goal + no feedback	14	1050	0.23712755376344075
1075	goal + no feedback	14	1100	0.2700505537634408
1075	goal + no feedback	14	1150	0.28033355376344066
1075	goal + no feedback	15	-200	0.002548465437788242
1075	goal + no feedback	15	-150	0.006368155913978694
1075	goal + no feedback	15	-100	0.0019298225806453722
1075	goal + no feedback	15	-50	-2.336774193546868e-4
1075	goal + no feedback	15	0	-0.01103751075268796
1075	goal + no feedback	15	50	-0.018055677419354616
1075	goal + no feedback	15	100	-0.02676667741935468
1075	goal + no feedback	15	150	-0.038200844086021236
1075	goal + no feedback	15	200	-0.040979010752687874
1075	goal + no feedback	15	250	-0.06286451075268795
1075	goal + no feedback	15	300	-0.06955601075268796
1075	goal + no feedback	15	350	-0.08528151075268786
1075	goal + no feedback	15	400	-0.10011151075268798
1075	goal + no feedback	15	450	-0.09706784408602132
1075	goal + no feedback	15	500	-0.09330684408602141
1075	goal + no feedback	15	550	-0.07338317741935467
1075	goal + no feedback	15	600	-0.06001751075268783
1075	goal + no feedback	15	650	-0.03427467741935467
1075	goal + no feedback	15	700	-0.016663844086021323
1075	goal + no feedback	15	750	-0.0020425107526878725
1075	goal + no feedback	15	800	0.004420489247312087
1075	goal + no feedback	15	850	0.011166655913978696
1075	goal + no feedback	15	900	0.030024655913978737
1075	goal + no feedback	15	950	0.032353989247312
1075	goal + no feedback	15	1e3	0.04821415591397867
1075	goal + no feedback	15	1050	0.05310098924731214
1075	goal + no feedback	15	1100	0.07787515591397869
1075	goal + no feedback	15	1150	0.07872032258064528
1075	goal + no feedback	16	-200	-0.017090033333333327
1075	goal + no feedback	16	-150	-0.00632986666666661
1075	goal + no feedback	16	-100	-0.004042866666666682
1075	goal + no feedback	16	-50	-0.00348036666666666
1075	goal + no feedback	16	0	0.0309431333333335
1075	goal + no feedback	16	50	0.021997966666666684
1075	goal + no feedback	16	100	0.04960380000000001
1075	goal + no feedback	16	150	0.0773753
1075	goal + no feedback	16	200	0.07542230000000005
1075	goal + no feedback	16	250	0.10774763333333337
1075	goal + no feedback	16	300	0.10098529999999999
1075	goal + no feedback	16	350	0.08849446666666665
1075	goal + no feedback	16	400	0.09933163333333332
1075	goal + no feedback	16	450	0.10176546666666668
1075	goal + no feedback	16	500	0.11989680000000003
1075	goal + no feedback	16	550	0.11610813333333336
1075	goal + no feedback	16	600	0.06262296666666667
1075	goal + no feedback	16	650	NA
1075	goal + no feedback	16	700	NA
1075	goal + no feedback	16	750	NA
1075	goal + no feedback	16	800	NA
1075	goal + no feedback	16	850	NA
1075	goal + no feedback	16	900	NA
1075	goal + no feedback	16	950	-0.2751770333333332
1075	goal + no feedback	16	1e3	0.08172221666666657
1075	goal + no feedback	16	1050	0.12347030000000014
1075	goal + no feedback	16	1100	NA
1075	goal + no feedback	16	1150	NA
1075	goal + no feedback	17	-200	0.049750470046082844
1075	goal + no feedback	17	-150	0.02481511290322569
1075	goal + no feedback	17	-100	-0.008357887096774283
1075	goal + no feedback	17	-50	-0.025694720430107603
1075	goal + no feedback	17	0	-0.04880472043010764
1075	goal + no feedback	17	50	-0.07345805376344106
1075	goal + no feedback	17	100	-0.10349388709677432
1075	goal + no feedback	17	150	-0.12820372043010755
1075	goal + no feedback	17	200	-0.14082888709677435
1075	goal + no feedback	17	250	-0.15282222043010774
1075	goal + no feedback	17	300	-0.177064053763441
1075	goal + no feedback	17	350	-0.17276772043010769
1075	goal + no feedback	17	400	-0.17218272043010763
1075	goal + no feedback	17	450	-0.16274288709677434
1075	goal + no feedback	17	500	-0.12956922043010763
1075	goal + no feedback	17	550	-0.11578472043010768
1075	goal + no feedback	17	600	-0.09959938709677434
1075	goal + no feedback	17	650	-0.08764698709677425
1075	goal + no feedback	17	700	NA
1075	goal + no feedback	17	750	NA
1075	goal + no feedback	17	800	NA
1075	goal + no feedback	17	850	0.038752612903225625
1075	goal + no feedback	17	900	0.027600612903225685
1075	goal + no feedback	17	950	-0.06326538709677425
1075	goal + no feedback	17	1e3	-0.03263122043010765
1075	goal + no feedback	17	1050	-0.007370387096774289
1075	goal + no feedback	17	1100	0.019427112903225668
1075	goal + no feedback	17	1150	0.04032461290322568
1075	goal + no feedback	18	-200	-0.02575840000000011
1075	goal + no feedback	18	-150	-0.0245860666666667
1075	goal + no feedback	18	-100	0.006036814285714153
1075	goal + no feedback	18	-50	0.022312499999999957
1075	goal + no feedback	18	0	0.02470776666666663
1075	goal + no feedback	18	50	0.026207266666666618
1075	goal + no feedback	18	100	0.022961933333333295
1075	goal + no feedback	18	150	0.025855599999999868
1075	goal + no feedback	18	200	0.0251970999999999
1075	goal + no feedback	18	250	0.018895099999999793
1075	goal + no feedback	18	300	0.02424459999999991
1075	goal + no feedback	18	350	0.02301259999999994
1075	goal + no feedback	18	400	0.04105293333333323
1075	goal + no feedback	18	450	0.044644099999999964
1075	goal + no feedback	18	500	0.05684359999999996
1075	goal + no feedback	18	550	0.06894093333333322
1075	goal + no feedback	18	600	0.07038409999999999
1075	goal + no feedback	18	650	0.061084099999999975
1075	goal + no feedback	18	700	NA
1075	goal + no feedback	18	750	NA
1075	goal + no feedback	18	800	NA
1075	goal + no feedback	18	850	0.10745209999999972
1075	goal + no feedback	18	900	0.10106835000000003
1075	goal + no feedback	18	950	0.01824243333333316
1075	goal + no feedback	18	1e3	0.03767352857142857
1075	goal + no feedback	18	1050	0.05113293333333332
1075	goal + no feedback	18	1100	0.07111826666666654
1075	goal + no feedback	18	1150	0.06587659999999988
1075	goal + no feedback	19	-200	-0.030481451612903183
1075	goal + no feedback	19	-150	-0.01410028494623646
1075	goal + no feedback	19	-100	0.0032568817204302234
1075	goal + no feedback	19	-50	0.015117548387096816
1075	goal + no feedback	19	0	0.03128754838709683
1075	goal + no feedback	19	50	0.056456715053763595
1075	goal + no feedback	19	100	0.09550521505376348
1075	goal + no feedback	19	150	0.12259404838709687
1075	goal + no feedback	19	200	0.1495980483870969
1075	goal + no feedback	19	250	0.12823354838709697
1075	goal + no feedback	19	300	0.14810588172043024
1075	goal + no feedback	19	350	0.14763871505376355
1075	goal + no feedback	19	400	0.1650962150537636
1075	goal + no feedback	19	450	0.1709462150537635
1075	goal + no feedback	19	500	0.16791738172043025
1075	goal + no feedback	19	550	0.18712471505376352
1075	goal + no feedback	19	600	0.16491171505376348
1075	goal + no feedback	19	650	0.16065188172043024
1075	goal + no feedback	19	700	NA
1075	goal + no feedback	19	750	NA
1075	goal + no feedback	19	800	NA
1075	goal + no feedback	19	850	NA
1075	goal + no feedback	19	900	NA
1075	goal + no feedback	19	950	NA
1075	goal + no feedback	19	1e3	0.17959504838709672
1075	goal + no feedback	19	1050	0.1752970483870968
1075	goal + no feedback	19	1100	0.17997554838709684
1075	goal + no feedback	19	1150	0.17097154838709683
1075	goal + no feedback	20	-200	0.001909566820276495
1075	goal + no feedback	20	-150	0.0012612096774192356
1075	goal + no feedback	20	-100	-0.0012311236559140089
1075	goal + no feedback	20	-50	0.004544209677419382
1075	goal + no feedback	20	0	-0.006802123655914001
1075	goal + no feedback	20	50	-0.007007956989247314
1075	goal + no feedback	20	100	-0.02390662365591408
1075	goal + no feedback	20	150	-0.025028123655914076
1075	goal + no feedback	20	200	-0.024695956989247314
1075	goal + no feedback	20	250	-0.01861179032258072
1075	goal + no feedback	20	300	-0.01151962365591408
1075	goal + no feedback	20	350	-0.023153623655914002
1075	goal + no feedback	20	400	-0.027002456989247303
1075	goal + no feedback	20	450	-0.032127290322580805
1075	goal + no feedback	20	500	-0.033253290322580696
1075	goal + no feedback	20	550	-0.01644745698924736
1075	goal + no feedback	20	600	-0.012356290322580676
1075	goal + no feedback	20	650	0.0014055430107526117
1075	goal + no feedback	20	700	0.030580043010752567
1075	goal + no feedback	20	750	0.07390270967741941
1075	goal + no feedback	20	800	NA
1075	goal + no feedback	20	850	NA
1075	goal + no feedback	20	900	NA
1075	goal + no feedback	20	950	NA
1075	goal + no feedback	20	1e3	0.37274870967741913
1075	goal + no feedback	20	1050	0.17260645967741917
1075	goal + no feedback	20	1100	0.17142720967741928
1075	goal + no feedback	20	1150	0.20498237634408598
1075	goal + no feedback	21	-200	-0.02724546666666668
1075	goal + no feedback	21	-150	-0.025162466666666623
1075	goal + no feedback	21	-100	0.10561130000000007
1075	goal + no feedback	21	-50	-0.030027728571428484
1075	goal + no feedback	21	0	-5.691333333333048e-4
1075	goal + no feedback	21	50	0.03394469999999998
1075	goal + no feedback	21	100	0.06789953333333336
1075	goal + no feedback	21	150	0.074648366666666785
1075	goal + no feedback	21	200	0.09741936666666673
1075	goal + no feedback	21	250	0.09806641428571432
1075	goal + no feedback	21	300	0.06831720000000008
1075	goal + no feedback	21	350	0.07393070000000002
1075	goal + no feedback	21	400	0.08018012857142866
1075	goal + no feedback	21	450	0.06663920000000001
1075	goal + no feedback	21	500	0.08640870000000007
1075	goal + no feedback	21	550	0.0770995333333333
1075	goal + no feedback	21	600	0.09941136666666665
1075	goal + no feedback	21	650	NA
1075	goal + no feedback	21	700	NA
1075	goal + no feedback	21	750	NA
1075	goal + no feedback	21	800	NA
1075	goal + no feedback	21	850	NA
1075	goal + no feedback	21	900	-0.009797300000000009
1075	goal + no feedback	21	950	0.14626741428571435
1075	goal + no feedback	21	1e3	0.07054720000000003
1075	goal + no feedback	21	1050	NA
1075	goal + no feedback	21	1100	NA
1075	goal + no feedback	21	1150	NA
1075	goal + no feedback	22	-200	-0.027616414746543798
1075	goal + no feedback	22	-150	-0.012093462365591426
1075	goal + no feedback	22	-100	-0.0017024623655914617
1075	goal + no feedback	22	-50	0.019888370967741913
1075	goal + no feedback	22	0	0.026126704301075183
1075	goal + no feedback	22	50	0.050451870967741876
1075	goal + no feedback	22	100	0.06473753763440852
1075	goal + no feedback	22	150	0.09794937096774192
1075	goal + no feedback	22	200	0.11045620430107521
1075	goal + no feedback	22	250	0.11444753763440858
1075	goal + no feedback	22	300	0.13794470430107522
1075	goal + no feedback	22	350	0.15292237096774186
1075	goal + no feedback	22	400	0.16564420430107515
1075	goal + no feedback	22	450	0.16481437096774196
1075	goal + no feedback	22	500	0.18547203763440864
1075	goal + no feedback	22	550	0.1880352043010752
1075	goal + no feedback	22	600	0.16595803763440853
1075	goal + no feedback	22	650	0.14236553763440862
1075	goal + no feedback	22	700	0.12187970430107524
1075	goal + no feedback	22	750	0.10471737096774188
1075	goal + no feedback	22	800	0.0896398709677418
1075	goal + no feedback	22	850	0.1025723709677419
1075	goal + no feedback	22	900	0.10894803763440852
1075	goal + no feedback	22	950	0.10253620430107528
1075	goal + no feedback	22	1e3	0.1104422043010751
1075	goal + no feedback	22	1050	0.11464037096774193
1075	goal + no feedback	22	1100	0.1215297043010753
1075	goal + no feedback	22	1150	0.12835453763440854
1075	goal + no feedback	23	-200	-0.004833333333333393
1075	goal + no feedback	23	-150	-0.014391666666666655
1075	goal + no feedback	23	-100	-0.001248000000000064
1075	goal + no feedback	23	-50	0.011487166666666715
1075	goal + no feedback	23	0	0.008985833333333323
1075	goal + no feedback	23	50	0.024193833333333286
1075	goal + no feedback	23	100	0.030658833333333302
1075	goal + no feedback	23	150	0.05407499999999995
1075	goal + no feedback	23	200	0.06312216666666674
1075	goal + no feedback	23	250	0.0722041666666667
1075	goal + no feedback	23	300	0.06901366666666668
1075	goal + no feedback	23	350	0.095669
1075	goal + no feedback	23	400	0.10576933333333338
1075	goal + no feedback	23	450	0.11996449999999996
1075	goal + no feedback	23	500	0.15841733333333333
1075	goal + no feedback	23	550	0.1679625714285715
1075	goal + no feedback	23	600	0.17461140000000003
1075	goal + no feedback	23	650	0.1736405000000001
1075	goal + no feedback	23	700	0.11913516666666675
1075	goal + no feedback	23	750	0.0911755
1075	goal + no feedback	23	800	0.07028642857142849
1075	goal + no feedback	23	850	0.07531666666666663
1075	goal + no feedback	23	900	0.05172333333333334
1075	goal + no feedback	23	950	0.06152033333333325
1075	goal + no feedback	23	1e3	0.06907083333333326
1075	goal + no feedback	23	1050	0.08312383333333322
1075	goal + no feedback	23	1100	0.0926105
1075	goal + no feedback	23	1150	0.12398433333333332
1075	goal + no feedback	24	-200	0.04910276344086021
1075	goal + no feedback	24	-150	0.02950476344086021
1075	goal + no feedback	24	-100	0.004449096774193505
1075	goal + no feedback	24	-50	-0.012108069892473075
1075	goal + no feedback	24	0	-0.07169006989247317
1075	goal + no feedback	24	50	-0.07585256989247317
1075	goal + no feedback	24	100	-0.11823390322580647
1075	goal + no feedback	24	150	-0.14148806989247298
1075	goal + no feedback	24	200	-0.1437451032258065
1075	goal + no feedback	24	250	-0.14129318894009218
1075	goal + no feedback	24	300	-0.14063756989247303
1075	goal + no feedback	24	350	-0.11676806989247313
1075	goal + no feedback	24	400	-0.09478923655913978
1075	goal + no feedback	24	450	-0.08240023655913971
1075	goal + no feedback	24	500	-0.052044403225806425
1075	goal + no feedback	24	550	-0.049155403225806506
1075	goal + no feedback	24	600	-0.0428084032258064
1075	goal + no feedback	24	650	-0.052203069892473065
1075	goal + no feedback	24	700	-0.0784539032258064
1075	goal + no feedback	24	750	-0.09452823655913971
1075	goal + no feedback	24	800	-0.14461090322580628
1075	goal + no feedback	24	850	NA
1075	goal + no feedback	24	900	NA
1075	goal + no feedback	24	950	NA
1075	goal + no feedback	24	1e3	-0.2592704032258064
1075	goal + no feedback	24	1050	-0.16567156989247311
1075	goal + no feedback	24	1100	-0.09570740322580651
1075	goal + no feedback	24	1150	NA
1075	goal + no feedback	25	-200	0.03579909999999983
1075	goal + no feedback	25	-150	-0.003485566666666958
1075	goal + no feedback	25	-100	-0.00937040000000026
1075	goal + no feedback	25	-50	-0.01883506666666686
1075	goal + no feedback	25	0	-0.0041080666666667804
1075	goal + no feedback	25	50	0.008592933333333072
1075	goal + no feedback	25	100	3.6193333333304584e-4
1075	goal + no feedback	25	150	-0.01846840000000031
1075	goal + no feedback	25	200	-0.014828066666666917
1075	goal + no feedback	25	250	-0.023232233333333536
1075	goal + no feedback	25	300	-0.04011140000000024
1075	goal + no feedback	25	350	-0.04620573333333352
1075	goal + no feedback	25	400	-0.030292400000000292
1075	goal + no feedback	25	450	-0.026135233333333636
1075	goal + no feedback	25	500	-0.019169733333333605
1075	goal + no feedback	25	550	-0.03602473333333359
1075	goal + no feedback	25	600	-0.029357900000000232
1075	goal + no feedback	25	650	-0.01694806666666689
1075	goal + no feedback	25	700	-0.03240073333333352
1075	goal + no feedback	25	750	-0.03355923333333366
1075	goal + no feedback	25	800	-0.05931506666666694
1075	goal + no feedback	25	850	-0.09004773333333353
1075	goal + no feedback	25	900	-0.11584873333333356
1075	goal + no feedback	25	950	-0.14589773333333356
1075	goal + no feedback	25	1e3	-0.15685756666666695
1075	goal + no feedback	25	1050	-0.15842673333333357
1075	goal + no feedback	25	1100	-0.16304623333333357
1075	goal + no feedback	25	1150	-0.184533066666667
1075	goal + no feedback	26	-200	0.022115566666666735
1075	goal + no feedback	26	-150	0.014898233333333474
1075	goal + no feedback	26	-100	-0.0070669333333331546
1075	goal + no feedback	26	-50	-0.01115676666666654
1075	goal + no feedback	26	0	-0.018790099999999848
1075	goal + no feedback	26	50	-0.0225656
1075	goal + no feedback	26	100	-0.02810676666666656
1075	goal + no feedback	26	150	-0.02130909999999993
1075	goal + no feedback	26	200	-0.014176433333333183
1075	goal + no feedback	26	250	-0.03197493333333323
1075	goal + no feedback	26	300	-0.040684766666666615
1075	goal + no feedback	26	350	-0.035243933333333276
1075	goal + no feedback	26	400	-0.04690493333333327
1075	goal + no feedback	26	450	-0.062128099999999874
1075	goal + no feedback	26	500	-0.07154200476190457
1075	goal + no feedback	26	550	-0.0670162333333332
1075	goal + no feedback	26	600	-0.054014433333333146
1075	goal + no feedback	26	650	-0.042409933333333205
1075	goal + no feedback	26	700	-0.03883759999999984
1075	goal + no feedback	26	750	-0.023898099999999884
1075	goal + no feedback	26	800	-0.009028290476190344
1075	goal + no feedback	26	850	0.05432490000000012
1075	goal + no feedback	26	900	NA
1075	goal + no feedback	26	950	NA
1075	goal + no feedback	26	1e3	NA
1075	goal + no feedback	26	1050	NA
1075	goal + no feedback	26	1100	NA
1075	goal + no feedback	26	1150	0.1632245666666668
1075	goal + no feedback	27	-200	0.024068778801843344
1075	goal + no feedback	27	-150	0.010172231182795644
1075	goal + no feedback	27	-100	0.005150397849462325
1075	goal + no feedback	27	-50	-0.014029268817204343
1075	goal + no feedback	27	0	-0.0293736021505376
1075	goal + no feedback	27	50	-0.04565643548387103
1075	goal + no feedback	27	100	-0.049384935483870906
1075	goal + no feedback	27	150	-0.05655860215053762
1075	goal + no feedback	27	200	-0.09682726881720434
1075	goal + no feedback	27	250	-0.08819110215053765
1075	goal + no feedback	27	300	-0.082910935483871
1075	goal + no feedback	27	350	-0.08538593548387101
1075	goal + no feedback	27	400	-0.06926113548387099
1075	goal + no feedback	27	450	-0.05056893548387104
1075	goal + no feedback	27	500	-0.04993210215053767
1075	goal + no feedback	27	550	-0.029735768817204338
1075	goal + no feedback	27	600	-0.021780735483870918
1075	goal + no feedback	27	650	-0.014832935483871117
1075	goal + no feedback	27	700	-0.01663326881720432
1075	goal + no feedback	27	750	-0.022091435483871047
1075	goal + no feedback	27	800	-0.04364843548387102
1075	goal + no feedback	27	850	-0.04376973548387113
1075	goal + no feedback	27	900	-0.042573221198156715
1075	goal + no feedback	27	950	-0.027843268817204263
1075	goal + no feedback	27	1e3	-0.02905276881720435
1075	goal + no feedback	27	1050	-0.01615410215053766
1075	goal + no feedback	27	1100	-0.029275435483871053
1075	goal + no feedback	27	1150	0.007346397849462265
1075	goal + no feedback	28	-200	-0.015409714285714264
1075	goal + no feedback	28	-150	-0.007993500000000061
1075	goal + no feedback	28	-100	-0.0031568333333333123
1075	goal + no feedback	28	-50	0.008756333333333366
1075	goal + no feedback	28	0	0.020371999999999984
1075	goal + no feedback	28	50	0.02353783333333337
1075	goal + no feedback	28	100	0.047709333333333305
1075	goal + no feedback	28	150	0.059286333333333406
1075	goal + no feedback	28	200	0.06019616666666668
1075	goal + no feedback	28	250	0.053541666666666744
1075	goal + no feedback	28	300	0.07147483333333333
1075	goal + no feedback	28	350	0.060199999999999955
1075	goal + no feedback	28	400	0.06460249999999997
1075	goal + no feedback	28	450	0.07232416666666659
1075	goal + no feedback	28	500	0.08439933333333334
1075	goal + no feedback	28	550	0.10473800000000007
1075	goal + no feedback	28	600	0.0865366666666667
1075	goal + no feedback	28	650	0.07838400000000008
1075	goal + no feedback	28	700	0.04697719999999998
1075	goal + no feedback	28	750	NA
1075	goal + no feedback	28	800	NA
1075	goal + no feedback	28	850	NA
1075	goal + no feedback	28	900	NA
1075	goal + no feedback	28	950	0.12392600000000009
1075	goal + no feedback	28	1e3	0.10734883333333338
1075	goal + no feedback	28	1050	0.010166000000000045
1075	goal + no feedback	28	1100	0.13094099999999997
1075	goal + no feedback	28	1150	NA
1075	goal + no feedback	29	-200	-0.023819188940092367
1075	goal + no feedback	29	-150	0.009202430107526713
1075	goal + no feedback	29	-100	0.014444430107526754
1075	goal + no feedback	29	-50	0.007048430107526722
1075	goal + no feedback	29	0	-0.0029062365591398334
1075	goal + no feedback	29	50	-0.006629569892473208
1075	goal + no feedback	29	100	-0.002903736559139928
1075	goal + no feedback	29	150	0.014341263440859953
1075	goal + no feedback	29	200	0.011725430107526691
1075	goal + no feedback	29	250	0.019068096774193483
1075	goal + no feedback	29	300	0.010872263440860083
1075	goal + no feedback	29	350	0.02125926344086008
1075	goal + no feedback	29	400	0.030911096774193386
1075	goal + no feedback	29	450	0.055185930107526815
1075	goal + no feedback	29	500	0.0478830967741933
1075	goal + no feedback	29	550	0.05336876344086002
1075	goal + no feedback	29	600	0.052074296774193396
1075	goal + no feedback	29	650	0.03523566820276474
1075	goal + no feedback	29	700	0.023239496774193392
1075	goal + no feedback	29	750	-0.0045260460829495185
1075	goal + no feedback	29	800	-0.03572723655913997
1075	goal + no feedback	29	850	0.14259009677419332
1075	goal + no feedback	29	900	NA
1075	goal + no feedback	29	950	NA
1075	goal + no feedback	29	1e3	0.15739609677419342
1075	goal + no feedback	29	1050	0.03911609677419333
1075	goal + no feedback	29	1100	-0.021036736559139884
1075	goal + no feedback	29	1150	0.013066430107526653
1075	goal + no feedback	30	-200	-0.020534294930875392
1075	goal + no feedback	30	-150	-0.010171413978494451
1075	goal + no feedback	30	-100	0.01625758602150551
1075	goal + no feedback	30	-50	0.015950252688172146
1075	goal + no feedback	30	0	0.001920252688172308
1075	goal + no feedback	30	50	0.012307586021505538
1075	goal + no feedback	30	100	0.006907252688172161
1075	goal + no feedback	30	150	0.007593252688172199
1075	goal + no feedback	30	200	0.01147541935483883
1075	goal + no feedback	30	250	0.007344419354838871
1075	goal + no feedback	30	300	-0.0010437473118278067
1075	goal + no feedback	30	350	-0.010208413978494443
1075	goal + no feedback	30	400	0.018837586021505464
1075	goal + no feedback	30	450	0.010081252688172245
1075	goal + no feedback	30	500	0.023761252688172158
1075	goal + no feedback	30	550	0.01819908602150555
1075	goal + no feedback	30	600	-0.012531747311827749
1075	goal + no feedback	30	650	-0.023706413978494528
1075	goal + no feedback	30	700	-0.07985858064516112
1075	goal + no feedback	30	750	-0.08548441397849449
1075	goal + no feedback	30	800	-0.11036091397849446
1075	goal + no feedback	30	850	-0.1383314139784945
1075	goal + no feedback	30	900	-0.1462600806451612
1075	goal + no feedback	30	950	-0.1492324139784945
1075	goal + no feedback	30	1e3	-0.14090858064516118
1075	goal + no feedback	30	1050	-0.1291904139784945
1075	goal + no feedback	30	1100	-0.10787024731182782
1075	goal + no feedback	30	1150	-0.11054924731182776
1075	goal + no feedback	31	-200	5.0184331797265e-5
1075	goal + no feedback	31	-150	-0.0029493870967742066
1075	goal + no feedback	31	-100	0.0047636129032258
1075	goal + no feedback	31	-50	-0.0011155537634409314
1075	goal + no feedback	31	0	-7.57220430107545e-4
1075	goal + no feedback	31	50	-0.021342887096774232
1075	goal + no feedback	31	100	0.0053567795698924075
1075	goal + no feedback	31	150	-0.00436705376344082
1075	goal + no feedback	31	200	-0.026049887096774322
1075	goal + no feedback	31	250	-0.044110187096774126
1075	goal + no feedback	31	300	-0.016673672811059945
1075	goal + no feedback	31	350	-0.016229220430107622
1075	goal + no feedback	31	400	-0.0013170537634409711
1075	goal + no feedback	31	450	0.00933777956989242
1075	goal + no feedback	31	500	0.012308946236559093
1075	goal + no feedback	31	550	0.013325446236559143
1075	goal + no feedback	31	600	0.002249112903225751
1075	goal + no feedback	31	650	0.00667661290322578
1075	goal + no feedback	31	700	0.010593612903225727
1075	goal + no feedback	31	750	5.026129032257298e-4
1075	goal + no feedback	31	800	-0.031698553763440884
1075	goal + no feedback	31	850	-0.02777838709677427
1075	goal + no feedback	31	900	-0.019600887096774173
1075	goal + no feedback	31	950	-0.012101887096774252
1075	goal + no feedback	31	1e3	-4.782204301076269e-4
1075	goal + no feedback	31	1050	-0.030823720430107542
1075	goal + no feedback	31	1100	-0.025986387096774182
1075	goal + no feedback	31	1150	-0.028532387096774265
1075	goal + no feedback	32	-200	0.009605493087557728
1075	goal + no feedback	32	-150	-0.001852768817204235
1075	goal + no feedback	32	-100	-0.004259768817204283
1075	goal + no feedback	32	-50	-0.007209268817204295
1075	goal + no feedback	32	0	0.0021153978494625747
1075	goal + no feedback	32	50	0.013328231182795802
1075	goal + no feedback	32	100	0.013349897849462536
1075	goal + no feedback	32	150	0.03307289784946247
1075	goal + no feedback	32	200	0.04021423118279569
1075	goal + no feedback	32	250	0.043690897849462486
1075	goal + no feedback	32	300	0.052590231182795856
1075	goal + no feedback	32	350	0.07370739784946238
1075	goal + no feedback	32	400	0.07090139784946244
1075	goal + no feedback	32	450	0.09307989784946254
1075	goal + no feedback	32	500	0.10560123118279578
1075	goal + no feedback	32	550	0.10989773118279585
1075	goal + no feedback	32	600	0.12118789784946256
1075	goal + no feedback	32	650	0.12323356451612917
1075	goal + no feedback	32	700	0.10106906451612911
1075	goal + no feedback	32	750	0.09230506451612919
1075	goal + no feedback	32	800	0.2835153978494625
1075	goal + no feedback	32	850	NA
1075	goal + no feedback	32	900	NA
1075	goal + no feedback	32	950	NA
1075	goal + no feedback	32	1e3	NA
1075	goal + no feedback	32	1050	0.09378873118279578
1075	goal + no feedback	32	1100	0.026943897849462422
1075	goal + no feedback	32	1150	0.04092539784946251
1075	goal + no feedback	33	-200	0.03383239631336427
1075	goal + no feedback	33	-150	0.008745467741935705
1075	goal + no feedback	33	-100	-0.017885365591397678
1075	goal + no feedback	33	-50	-0.018395365591397688
1075	goal + no feedback	33	0	-0.011935865591397699
1075	goal + no feedback	33	50	-0.016849698924730944
1075	goal + no feedback	33	100	-0.03652836559139764
1075	goal + no feedback	33	150	-0.007850698924730967
1075	goal + no feedback	33	200	-0.019081432258064267
1075	goal + no feedback	33	250	-0.0013414608294929512
1075	goal + no feedback	33	300	0.007327634408602328
1075	goal + no feedback	33	350	-0.002174532258064336
1075	goal + no feedback	33	400	0.0163379677419357
1075	goal + no feedback	33	450	0.007755824884792809
1075	goal + no feedback	33	500	-0.0015971989247310543
1075	goal + no feedback	33	550	0.008812967741935665
1075	goal + no feedback	33	600	-0.04249203225806434
1075	goal + no feedback	33	650	NA
1075	goal + no feedback	33	700	NA
1075	goal + no feedback	33	750	NA
1075	goal + no feedback	33	800	-0.3170875322580644
1075	goal + no feedback	33	850	-0.17699136559139772
1075	goal + no feedback	33	900	-0.1992426989247309
1075	goal + no feedback	33	950	-0.19947663225806442
1075	goal + no feedback	33	1e3	NA
1075	goal + no feedback	33	1050	NA
1075	goal + no feedback	33	1100	NA
1075	goal + no feedback	33	1150	-0.2879180322580641
1075	goal + no feedback	34	-200	0.0020798666666667445
1075	goal + no feedback	34	-150	0.007360033333333386
1075	goal + no feedback	34	-100	0.013830033333333361
1075	goal + no feedback	34	-50	-3.396333333333483e-4
1075	goal + no feedback	34	0	-0.022930299999999997
1075	goal + no feedback	34	50	-0.03517879999999988
1075	goal + no feedback	34	100	-0.06402979999999998
1075	goal + no feedback	34	150	-0.08974813333333335
1075	goal + no feedback	34	200	-0.09646013333333325
1075	goal + no feedback	34	250	-0.12034763333333331
1075	goal + no feedback	34	300	-0.11828596666666662
1075	goal + no feedback	34	350	-0.12622229999999987
1075	goal + no feedback	34	400	-0.11014129999999993
1075	goal + no feedback	34	450	-0.09472680000000004
1075	goal + no feedback	34	500	-0.05797196666666663
1075	goal + no feedback	34	550	-0.03771146666666662
1075	goal + no feedback	34	600	-0.032600633333333295
1075	goal + no feedback	34	650	-0.030764966666666577
1075	goal + no feedback	34	700	-0.0839858
1075	goal + no feedback	34	750	NA
1075	goal + no feedback	34	800	NA
1075	goal + no feedback	34	850	NA
1075	goal + no feedback	34	900	NA
1075	goal + no feedback	34	950	-0.09403929999999994
1075	goal + no feedback	34	1e3	-0.021157899999999952
1075	goal + no feedback	34	1050	-0.08258546666666662
1075	goal + no feedback	34	1100	-0.06910813333333328
1075	goal + no feedback	34	1150	-0.009552299999999958
1075	goal + no feedback	35	-200	0.0036003778801842073
1075	goal + no feedback	35	-150	-0.001968693548387209
1075	goal + no feedback	35	-100	0.003992973118279508
1075	goal + no feedback	35	-50	0.0026209731182794314
1075	goal + no feedback	35	0	-0.008845693548387231
1075	goal + no feedback	35	50	-0.011626193548387231
1075	goal + no feedback	35	100	-0.006999526881720526
1075	goal + no feedback	35	150	-0.006236693548387147
1075	goal + no feedback	35	200	0.019244139784946174
1075	goal + no feedback	35	250	0.03805263978494611
1075	goal + no feedback	35	300	0.061043973118279395
1075	goal + no feedback	35	350	0.07760713978494604
1075	goal + no feedback	35	400	0.08262180645161288
1075	goal + no feedback	35	450	0.12245230645161276
1075	goal + no feedback	35	500	0.16145747311827954
1075	goal + no feedback	35	550	0.1865716397849461
1075	goal + no feedback	35	600	0.18299330645161271
1075	goal + no feedback	35	650	NA
1075	goal + no feedback	35	700	NA
1075	goal + no feedback	35	750	NA
1075	goal + no feedback	35	800	0.06336860645161276
1075	goal + no feedback	35	850	0.1285001397849462
1075	goal + no feedback	35	900	0.13649780645161277
1075	goal + no feedback	35	950	0.16097347311827948
1075	goal + no feedback	35	1e3	0.19119330645161284
1075	goal + no feedback	35	1050	0.22258913978494607
1075	goal + no feedback	35	1100	0.23387313978494614
1075	goal + no feedback	35	1150	0.2716468064516129
1075	goal + no feedback	36	-200	-0.01858699539170499
1075	goal + no feedback	36	-150	-0.0016340430107525765
1075	goal + no feedback	36	-100	0.012070123655914053
1075	goal + no feedback	36	-50	0.004080623655913958
1075	goal + no feedback	36	0	0.007168123655914016
1075	goal + no feedback	36	50	0.008884956989247442
1075	goal + no feedback	36	100	6.495698924731859e-5
1075	goal + no feedback	36	150	-1.7937634408597228e-4
1075	goal + no feedback	36	200	0.006323623655913953
1075	goal + no feedback	36	250	-0.005987376344085933
1075	goal + no feedback	36	300	-0.008386376344086047
1075	goal + no feedback	36	350	-0.003515543010752594
1075	goal + no feedback	36	400	0.0020844569892473816
1075	goal + no feedback	36	450	0.009405456989247366
1075	goal + no feedback	36	500	0.024333123655913964
1075	goal + no feedback	36	550	0.030642956989247388
1075	goal + no feedback	36	600	0.04595612365591406
1075	goal + no feedback	36	650	0.031324123655914006
1075	goal + no feedback	36	700	0.005325290322580667
1075	goal + no feedback	36	750	NA
1075	goal + no feedback	36	800	NA
1075	goal + no feedback	36	850	NA
1075	goal + no feedback	36	900	-0.21681170967741936
1075	goal + no feedback	36	950	0.04940549032258072
1075	goal + no feedback	36	1e3	0.027472956989247416
1075	goal + no feedback	36	1050	0.05387779032258074
1075	goal + no feedback	36	1100	0.09403762365591402
1075	goal + no feedback	36	1150	0.11962562365591396
1075	goal + no feedback	37	-200	-0.0044659333333334494
1075	goal + no feedback	37	-150	0.010878399999999807
1075	goal + no feedback	37	-100	-0.009826266666666786
1075	goal + no feedback	37	-50	0.0023555666666665123
1075	goal + no feedback	37	0	0.0010582333333331768
1075	goal + no feedback	37	50	-3.066000000001197e-4
1075	goal + no feedback	37	100	-0.021197600000000188
1075	goal + no feedback	37	150	-0.0263454333333335
1075	goal + no feedback	37	200	-0.03855776666666685
1075	goal + no feedback	37	250	-0.06477393333333355
1075	goal + no feedback	37	300	-0.07852643333333346
1075	goal + no feedback	37	350	-0.08523193333333341
1075	goal + no feedback	37	400	-0.10939293333333344
1075	goal + no feedback	37	450	-0.11273110000000013
1075	goal + no feedback	37	500	-0.0995634333333335
1075	goal + no feedback	37	550	-0.0891422666666668
1075	goal + no feedback	37	600	-0.08895243333333358
1075	goal + no feedback	37	650	-0.1103921000000001
1075	goal + no feedback	37	700	-0.11295651666666695
1075	goal + no feedback	37	750	NA
1075	goal + no feedback	37	800	NA
1075	goal + no feedback	37	850	NA
1075	goal + no feedback	37	900	NA
1075	goal + no feedback	37	950	-0.3987847666666666
1075	goal + no feedback	37	1e3	-0.023250966666666796
1075	goal + no feedback	37	1050	NA
1075	goal + no feedback	37	1100	NA
1075	goal + no feedback	37	1150	NA
1075	goal + no feedback	38	-200	-0.005093952380952528
1075	goal + no feedback	38	-150	-0.024772595238095496
1075	goal + no feedback	38	-100	0.3243369047619047
1075	goal + no feedback	38	-50	-0.08993409523809559
1075	goal + no feedback	38	0	-0.008351595238095477
1075	goal + no feedback	38	50	-0.05402176190476212
1075	goal + no feedback	38	100	-0.024620595238095566
1075	goal + no feedback	38	150	-0.0232620952380956
1075	goal + no feedback	38	200	1.0273809523786426e-4
1075	goal + no feedback	38	250	0.010940738095237768
1075	goal + no feedback	38	300	0.0034109047619045687
1075	goal + no feedback	38	350	-0.0017940952380954094
1075	goal + no feedback	38	400	0.035489571428571086
1075	goal + no feedback	38	450	0.044664571428571165
1075	goal + no feedback	38	500	0.044958904761904415
1075	goal + no feedback	38	550	0.06671173809523771
1075	goal + no feedback	38	600	0.05970723809523778
1075	goal + no feedback	38	650	-0.08803809523809569
1075	goal + no feedback	38	700	NA
1075	goal + no feedback	38	750	NA
1075	goal + no feedback	38	800	NA
1075	goal + no feedback	38	850	-0.05943480952380975
1075	goal + no feedback	38	900	-0.06707709523809555
1075	goal + no feedback	38	950	-0.02477852380952404
1075	goal + no feedback	38	1e3	-0.0023009285714288286
1075	goal + no feedback	38	1050	0.005040238095237755
1075	goal + no feedback	38	1100	0.006794238095237715
1075	goal + no feedback	38	1150	0.02708923809523789
1075	goal + no feedback	40	-200	-0.016482100000000166
1075	goal + no feedback	40	-150	-0.011730266666666692
1075	goal + no feedback	40	-100	-4.426666666682936e-5
1075	goal + no feedback	40	-50	0.01635539999999976
1075	goal + no feedback	40	0	0.011901233333333186
1075	goal + no feedback	40	50	0.016039899999999923
1075	goal + no feedback	40	100	0.03144339999999982
1075	goal + no feedback	40	150	0.03683423333333313
1075	goal + no feedback	40	200	0.03556023333333321
1075	goal + no feedback	40	250	0.033945066666666524
1075	goal + no feedback	40	300	0.025415733333333208
1075	goal + no feedback	40	350	0.023830399999999807
1075	goal + no feedback	40	400	0.010464899999999888
1075	goal + no feedback	40	450	0.01962789999999992
1075	goal + no feedback	40	500	0.027947899999999876
1075	goal + no feedback	40	550	0.015362899999999883
1075	goal + no feedback	40	600	0.009508233333333097
1075	goal + no feedback	40	650	0.0016109476190473743
1075	goal + no feedback	40	700	-0.024271600000000133
1075	goal + no feedback	40	750	-0.04437936666666671
1075	goal + no feedback	40	800	-0.05003705238095251
1075	goal + no feedback	40	850	-0.01733510000000023
1075	goal + no feedback	40	900	-0.015188433333333492
1075	goal + no feedback	40	950	-0.005776433333333442
1075	goal + no feedback	40	1e3	-0.006522933333333573
1075	goal + no feedback	40	1050	-0.022094600000000113
1075	goal + no feedback	40	1100	-0.01758576666666693
1075	goal + no feedback	40	1150	-0.01488610000000016
1075	goal + no feedback	41	-200	0.005324631336405642
1075	goal + no feedback	41	-150	0.007137440860215172
1075	goal + no feedback	41	-100	-0.004430225806451397
1075	goal + no feedback	41	-50	0.0023207741935485546
1075	goal + no feedback	41	0	-0.011240059139784764
1075	goal + no feedback	41	50	-0.011119559139784721
1075	goal + no feedback	41	100	-0.015184392473118091
1075	goal + no feedback	41	150	-0.014591059139784868
1075	goal + no feedback	41	200	-0.01573489247311814
1075	goal + no feedback	41	250	-0.010515559139784822
1075	goal + no feedback	41	300	0.008143440860215234
1075	goal + no feedback	41	350	0.01106127419354852
1075	goal + no feedback	41	400	0.01579377419354855
1075	goal + no feedback	41	450	0.020731107526881825
1075	goal + no feedback	41	500	0.03139410752688184
1075	goal + no feedback	41	550	0.04219144086021531
1075	goal + no feedback	41	600	0.04236977419354856
1075	goal + no feedback	41	650	NA
1075	goal + no feedback	41	700	NA
1075	goal + no feedback	41	750	NA
1075	goal + no feedback	41	800	NA
1075	goal + no feedback	41	850	0.038114440860215204
1075	goal + no feedback	41	900	-0.016788892473118173
1075	goal + no feedback	41	950	-0.05395455913978475
1075	goal + no feedback	41	1e3	-0.024886825806451362
1075	goal + no feedback	41	1050	NA
1075	goal + no feedback	41	1100	NA
1075	goal + no feedback	41	1150	NA
1075	goal + no feedback	42	-200	-0.047283046082949386
1075	goal + no feedback	42	-150	-0.011055569892473027
1075	goal + no feedback	42	-100	0.00761193010752681
1075	goal + no feedback	42	-50	0.018088763440860262
1075	goal + no feedback	42	0	0.040518430107526836
1075	goal + no feedback	42	50	0.031992930107526796
1075	goal + no feedback	42	100	0.04252769677419348
1075	goal + no feedback	42	150	0.04780609677419356
1075	goal + no feedback	42	200	0.05539959677419352
1075	goal + no feedback	42	250	0.06345793010752687
1075	goal + no feedback	42	300	0.06695509677419365
1075	goal + no feedback	42	350	0.07724026344086014
1075	goal + no feedback	42	400	0.08819876344086024
1075	goal + no feedback	42	450	0.11827743010752682
1075	goal + no feedback	42	500	0.12830609677419358
1075	goal + no feedback	42	550	0.15177509677419354
1075	goal + no feedback	42	600	0.13890743010752696
1075	goal + no feedback	42	650	0.1388149301075269
1075	goal + no feedback	42	700	0.16081009677419358
1075	goal + no feedback	42	750	0.14694809677419354
1075	goal + no feedback	42	800	0.15080626344086023
1075	goal + no feedback	42	850	0.19128709677419353
1075	goal + no feedback	42	900	NA
1075	goal + no feedback	42	950	NA
1075	goal + no feedback	42	1e3	NA
1075	goal + no feedback	42	1050	NA
1075	goal + no feedback	42	1100	0.10464259677419352
1075	goal + no feedback	42	1150	0.17049959677419346
1075	goal + no feedback	43	-200	0.007131202764976903
1075	goal + no feedback	43	-150	0.0035114408602148206
1075	goal + no feedback	43	-100	0.005484940860214893
1075	goal + no feedback	43	-50	-0.0047763924731183405
1075	goal + no feedback	43	0	-0.012539725806451685
1075	goal + no feedback	43	50	0.015120440860215023
1075	goal + no feedback	43	100	0.0010732741935482644
1075	goal + no feedback	43	150	-0.004194225806451716
1075	goal + no feedback	43	200	0.0030316075268815488
1075	goal + no feedback	43	250	-0.027520059139785058
1075	goal + no feedback	43	300	-0.023400225806451774
1075	goal + no feedback	43	350	-0.006642225806451796
1075	goal + no feedback	43	400	0.019744107526881678
1075	goal + no feedback	43	450	0.03709694086021494
1075	goal + no feedback	43	500	0.0591314408602149
1075	goal + no feedback	43	550	0.0613366075268816
1075	goal + no feedback	43	600	0.08662427419354819
1075	goal + no feedback	43	650	0.07276094086021494
1075	goal + no feedback	43	700	0.06772544086021497
1075	goal + no feedback	43	750	0.058988274193548275
1075	goal + no feedback	43	800	0.04592877419354827
1075	goal + no feedback	43	850	0.02982027419354827
1075	goal + no feedback	43	900	0.013930774193548379
1075	goal + no feedback	43	950	0.013014107526881702
1075	goal + no feedback	43	1e3	0.011914440860214906
1075	goal + no feedback	43	1050	0.016888274193548252
1075	goal + no feedback	43	1100	0.1576147741935483
1075	goal + no feedback	43	1150	NA
1075	goal + no feedback	44	-200	-0.04675375576036859
1075	goal + no feedback	44	-150	-0.020524612903225714
1075	goal + no feedback	44	-100	0.008282053763441008
1075	goal + no feedback	44	-50	0.029484720430107563
1075	goal + no feedback	44	0	0.03730388709677442
1075	goal + no feedback	44	50	0.0652417204301076
1075	goal + no feedback	44	100	0.08285972043010759
1075	goal + no feedback	44	150	0.08846622043010759
1075	goal + no feedback	44	200	0.10803038709677433
1075	goal + no feedback	44	250	0.10968038709677434
1075	goal + no feedback	44	300	0.10997738709677425
1075	goal + no feedback	44	350	0.12291955376344095
1075	goal + no feedback	44	400	0.1271018870967743
1075	goal + no feedback	44	450	0.1462735537634409
1075	goal + no feedback	44	500	0.16815188709677434
1075	goal + no feedback	44	550	0.17804755376344095
1075	goal + no feedback	44	600	0.16094405376344093
1075	goal + no feedback	44	650	0.1391148870967743
1075	goal + no feedback	44	700	0.10001038709677434
1075	goal + no feedback	44	750	NA
1075	goal + no feedback	44	800	NA
1075	goal + no feedback	44	850	NA
1075	goal + no feedback	44	900	NA
1075	goal + no feedback	44	950	0.1619940537634411
1075	goal + no feedback	44	1e3	0.06752088709677435
1075	goal + no feedback	44	1050	0.14858038709677426
1075	goal + no feedback	44	1100	0.14119588709677422
1075	goal + no feedback	44	1150	NA
1075	goal + no feedback	45	-200	-0.02329065437788033
1075	goal + no feedback	45	-150	-0.035367892473118445
1075	goal + no feedback	45	-100	0.002742940860214871
1075	goal + no feedback	45	-50	0.03087960752688157
1075	goal + no feedback	45	0	0.02891777419354824
1075	goal + no feedback	45	50	0.009327607526881629
1075	goal + no feedback	45	100	-6.305913978506734e-5
1075	goal + no feedback	45	150	-0.010027059139785152
1075	goal + no feedback	45	200	-0.03960022580645184
1075	goal + no feedback	45	250	-0.04226105913978503
1075	goal + no feedback	45	300	-0.0220345591397851
1075	goal + no feedback	45	350	-0.03931322580645177
1075	goal + no feedback	45	400	-0.04791855913978519
1075	goal + no feedback	45	450	-0.033230892473118535
1075	goal + no feedback	45	500	-0.00433989247311839
1075	goal + no feedback	45	550	-0.007570392473118452
1075	goal + no feedback	45	600	-0.020959559139785162
1075	goal + no feedback	45	650	-0.00828739247311853
1075	goal + no feedback	45	700	-0.10568172580645174
1075	goal + no feedback	45	750	NA
1075	goal + no feedback	45	800	NA
1075	goal + no feedback	45	850	NA
1075	goal + no feedback	45	900	-0.2218564258064518
1075	goal + no feedback	45	950	-0.17823239247311848
1075	goal + no feedback	45	1e3	-0.20556039247311841
1075	goal + no feedback	45	1050	-0.20230872580645176
1075	goal + no feedback	45	1100	NA
1075	goal + no feedback	45	1150	NA
1075	goal + no feedback	46	-200	0.00883387557603678
1075	goal + no feedback	46	-150	-0.001989338709677435
1075	goal + no feedback	46	-100	-7.268387096774168e-4
1075	goal + no feedback	46	-50	-0.007642338709677417
1075	goal + no feedback	46	0	5.232795698906223e-5
1075	goal + no feedback	46	50	-1.7103870967742906e-4
1075	goal + no feedback	46	100	-0.005159981566820372
1075	goal + no feedback	46	150	-5.758387096774786e-4
1075	goal + no feedback	46	200	-0.013495672043010831
1075	goal + no feedback	46	250	-0.008563672043010895
1075	goal + no feedback	46	300	-0.021747838709677447
1075	goal + no feedback	46	350	0.003647661290322531
1075	goal + no feedback	46	400	0.01730249462365589
1075	goal + no feedback	46	450	0.021337327956989133
1075	goal + no feedback	46	500	0.027763661290322483
1075	goal + no feedback	46	550	0.019935494623655847
1075	goal + no feedback	46	600	0.021726994623655942
1075	goal + no feedback	46	650	0.024217994623655814
1075	goal + no feedback	46	700	0.012404327956989128
1075	goal + no feedback	46	750	-0.007458238709677545
1075	goal + no feedback	46	800	NA
1075	goal + no feedback	46	850	NA
1075	goal + no feedback	46	900	NA
1075	goal + no feedback	46	950	NA
1075	goal + no feedback	46	1e3	NA
1075	goal + no feedback	46	1050	-0.07408850537634419
1075	goal + no feedback	46	1100	-0.021907338709677465
1075	goal + no feedback	46	1150	-0.12254200537634426
1075	goal + no feedback	47	-200	0.01734276666666686
1075	goal + no feedback	47	-150	0.002025266666666914
1075	goal + no feedback	47	-100	-5.547333333331128e-4
1075	goal + no feedback	47	-50	-0.010697066666666588
1075	goal + no feedback	47	0	-0.008116233333333259
1075	goal + no feedback	47	50	-0.012436233333333139
1075	goal + no feedback	47	100	-0.011477733333333203
1075	goal + no feedback	47	150	-0.011055566666666442
1075	goal + no feedback	47	200	-0.005925066666666516
1075	goal + no feedback	47	250	-0.006716185714285545
1075	goal + no feedback	47	300	-0.013293233333333173
1075	goal + no feedback	47	350	-0.021091399999999833
1075	goal + no feedback	47	400	-0.015880233333333143
1075	goal + no feedback	47	450	-0.004879299999999809
1075	goal + no feedback	47	500	0.0014296000000001048
1075	goal + no feedback	47	550	-0.007724185714285474
1075	goal + no feedback	47	600	-0.025813566666666492
1075	goal + no feedback	47	650	-0.06527989999999972
1075	goal + no feedback	47	700	NA
1075	goal + no feedback	47	750	NA
1075	goal + no feedback	47	800	NA
1075	goal + no feedback	47	850	NA
1075	goal + no feedback	47	900	NA
1075	goal + no feedback	47	950	NA
1075	goal + no feedback	47	1e3	NA
1075	goal + no feedback	47	1050	NA
1075	goal + no feedback	47	1100	-0.019233899999999915
1075	goal + no feedback	47	1150	-0.03954029999999982
1075	goal + no feedback	48	-200	-0.01876883333333342
1075	goal + no feedback	48	-150	-0.00861500000000004
1075	goal + no feedback	48	-100	0.0025129999999999875
1075	goal + no feedback	48	-50	0.010440999999999997
1075	goal + no feedback	48	0	0.014429833333333328
1075	goal + no feedback	48	50	0.03064733333333325
1075	goal + no feedback	48	100	0.0459441666666666
1075	goal + no feedback	48	150	0.06318016666666663
1075	goal + no feedback	48	200	0.04755600000000008
1075	goal + no feedback	48	250	0.04218333333333324
1075	goal + no feedback	48	300	0.014048833333333288
1075	goal + no feedback	48	350	0.0156798333333333
1075	goal + no feedback	48	400	0.021301166666666555
1075	goal + no feedback	48	450	0.02945149999999989
1075	goal + no feedback	48	500	0.03726816666666662
1075	goal + no feedback	48	550	0.04011899999999994
1075	goal + no feedback	48	600	0.02450316666666663
1075	goal + no feedback	48	650	NA
1075	goal + no feedback	48	700	NA
1075	goal + no feedback	48	750	NA
1075	goal + no feedback	48	800	NA
1075	goal + no feedback	48	850	-0.05801349999999994
1075	goal + no feedback	48	900	-0.037770750000000075
1075	goal + no feedback	48	950	-0.20034699999999983
1075	goal + no feedback	48	1e3	NA
1075	goal + no feedback	48	1050	NA
1075	goal + no feedback	48	1100	NA
1075	goal + no feedback	48	1150	-0.13719250000000005
1075	goal + no feedback	49	-200	0.008430755760368796
1075	goal + no feedback	49	-150	0.010903779569892599
1075	goal + no feedback	49	-100	0.0019874462365592946
1075	goal + no feedback	49	-50	-0.0021627204301074197
1075	goal + no feedback	49	0	-0.020564387096774144
1075	goal + no feedback	49	50	-0.03401105376344075
1075	goal + no feedback	49	100	-0.056229887096774046
1075	goal + no feedback	49	150	-0.06942272043010744
1075	goal + no feedback	49	200	-0.07718105376344069
1075	goal + no feedback	49	250	-0.08158755376344073
1075	goal + no feedback	49	300	-0.07368405376344082
1075	goal + no feedback	49	350	-0.05668055376344072
1075	goal + no feedback	49	400	-0.02452472043010741
1075	goal + no feedback	49	450	0.005125279569892542
1075	goal + no feedback	49	500	0.023404112903225933
1075	goal + no feedback	49	550	0.04979277956989262
1075	goal + no feedback	49	600	0.06928561290322592
1075	goal + no feedback	49	650	0.07145494623655924
1075	goal + no feedback	49	700	0.0722916129032259
1075	goal + no feedback	49	750	0.07021644623655932
1075	goal + no feedback	49	800	0.06289577956989263
1075	goal + no feedback	49	850	0.06353911290322596
1075	goal + no feedback	49	900	0.048707446236559315
1075	goal + no feedback	49	950	0.014379279569892637
1075	goal + no feedback	49	1e3	NA
1075	goal + no feedback	49	1050	NA
1075	goal + no feedback	49	1100	NA
1075	goal + no feedback	49	1150	NA
1075	goal + no feedback	50	-200	0.0029328709677419263
1075	goal + no feedback	50	-150	-0.003657295698924775
1075	goal + no feedback	50	-100	-0.003676462365591456
1075	goal + no feedback	50	-50	0.003944037634408574
1075	goal + no feedback	50	0	-3.1962365591405493e-5
1075	goal + no feedback	50	50	-0.011095462365591446
1075	goal + no feedback	50	100	-0.022374295698924723
1075	goal + no feedback	50	150	-0.0450326290322581
1075	goal + no feedback	50	200	-0.05602362903225807
1075	goal + no feedback	50	250	-0.0698336290322581
1075	goal + no feedback	50	300	-0.07207862903225815
1075	goal + no feedback	50	350	-0.07271929569892481
1075	goal + no feedback	50	400	-0.0603251290322581
1075	goal + no feedback	50	450	-0.021213795698924825
1075	goal + no feedback	50	500	0.010680037634408576
1075	goal + no feedback	50	550	0.03977203763440854
1075	goal + no feedback	50	600	0.08907720430107531
1075	goal + no feedback	50	650	NA
1075	goal + no feedback	50	700	NA
1075	goal + no feedback	50	750	NA
1075	goal + no feedback	50	800	0.13180670430107524
1075	goal + no feedback	50	850	0.03186553763440866
1075	goal + no feedback	50	900	0.06482587096774199
1075	goal + no feedback	50	950	0.0825505376344086
1075	goal + no feedback	50	1e3	0.1124903709677419
1075	goal + no feedback	50	1050	0.14676870430107525
1075	goal + no feedback	50	1100	0.15208703763440856
1075	goal + no feedback	50	1150	0.15096770430107523
1075	goal + no feedback	51	-200	-0.01423141474654369
1075	goal + no feedback	51	-150	0.007058537634408705
1075	goal + no feedback	51	-100	0.0026635376344087782
1075	goal + no feedback	51	-50	0.005298204301075267
1075	goal + no feedback	51	0	0.0015830376344085906
1075	goal + no feedback	51	50	0.00244920430107524
1075	goal + no feedback	51	100	0.014169537634408647
1075	goal + no feedback	51	150	0.018046704301075318
1075	goal + no feedback	51	200	0.02760670430107533
1075	goal + no feedback	51	250	0.020121204301075373
1075	goal + no feedback	51	300	0.01872737096774202
1075	goal + no feedback	51	350	0.013783037634408654
1075	goal + no feedback	51	400	-0.024744795698924626
1075	goal + no feedback	51	450	-0.04199629569892468
1075	goal + no feedback	51	500	-0.03054212903225806
1075	goal + no feedback	51	550	-0.024439129032258016
1075	goal + no feedback	51	600	-0.026401462365591415
1075	goal + no feedback	51	650	-0.02604812903225806
1075	goal + no feedback	51	700	-0.021114462365591374
1075	goal + no feedback	51	750	-0.03132629569892472
1075	goal + no feedback	51	800	-0.0425532956989246
1075	goal + no feedback	51	850	-0.06395062903225801
1075	goal + no feedback	51	900	-0.07485546236559126
1075	goal + no feedback	51	950	-0.06088929569892473
1075	goal + no feedback	51	1e3	-0.04179146236559128
1075	goal + no feedback	51	1050	-0.035622795698924646
1075	goal + no feedback	51	1100	-0.020648129032258062
1075	goal + no feedback	51	1150	0.015577870967741955
1075	goal + no feedback	52	-200	0.012902033333333618
1075	goal + no feedback	52	-150	-2.589666666665824e-4
1075	goal + no feedback	52	-100	-0.005220466666666497
1075	goal + no feedback	52	-50	-0.009909299999999824
1075	goal + no feedback	52	0	0.002486700000000249
1075	goal + no feedback	52	50	0.011727700000000155
1075	goal + no feedback	52	100	0.10482603333333351
1075	goal + no feedback	52	150	NA
1075	goal + no feedback	52	200	0.06155053333333349
1075	goal + no feedback	52	250	0.08884786666666684
1075	goal + no feedback	52	300	0.015349033333333548
1075	goal + no feedback	52	350	0.0271407000000002
1075	goal + no feedback	52	400	0.02486036666666691
1075	goal + no feedback	52	450	0.01727836666666686
1075	goal + no feedback	52	500	0.05120320000000015
1075	goal + no feedback	52	550	0.0707700333333335
1075	goal + no feedback	52	600	0.09548203333333356
1075	goal + no feedback	52	650	0.0924400333333335
1075	goal + no feedback	52	700	0.07685836666666683
1075	goal + no feedback	52	750	NA
1075	goal + no feedback	52	800	NA
1075	goal + no feedback	52	850	NA
1075	goal + no feedback	52	900	-0.15727996666666666
1075	goal + no feedback	52	950	0.016649433333333442
1075	goal + no feedback	52	1e3	-0.04769196666666646
1075	goal + no feedback	52	1050	-0.01694246666666636
1075	goal + no feedback	52	1100	0.020940866666666908
1075	goal + no feedback	52	1150	0.051127533333333565
1075	goal + no feedback	53	-200	-0.006938327188939957
1075	goal + no feedback	53	-150	-0.019129446236559138
1075	goal + no feedback	53	-100	-0.007295279569892399
1075	goal + no feedback	53	-50	0.010042387096774297
1075	goal + no feedback	53	0	0.02447705376344104
1075	goal + no feedback	53	50	0.015394787096774287
1075	goal + no feedback	53	100	0.00650252995391717
1075	goal + no feedback	53	150	-0.002197412903225704
1075	goal + no feedback	53	200	0.0107427204301076
1075	goal + no feedback	53	250	0.023407387096774306
1075	goal + no feedback	53	300	0.020153387096774368
1075	goal + no feedback	53	350	0.007139815668202955
1075	goal + no feedback	53	400	0.03661505376344095
1075	goal + no feedback	53	450	0.0176590537634409
1075	goal + no feedback	53	500	0.03600772043010769
1075	goal + no feedback	53	550	0.047291553763441
1075	goal + no feedback	53	600	0.05248798709677427
1075	goal + no feedback	53	650	NA
1075	goal + no feedback	53	700	NA
1075	goal + no feedback	53	750	NA
1075	goal + no feedback	53	800	NA
1075	goal + no feedback	53	850	-0.2405216129032257
1075	goal + no feedback	53	900	0.07041578709677436
1075	goal + no feedback	53	950	0.10620538709677445
1075	goal + no feedback	53	1e3	NA
1075	goal + no feedback	53	1050	NA
1075	goal + no feedback	53	1100	NA
1075	goal + no feedback	53	1150	-0.05287611290322558
1075	goal + no feedback	54	-200	0.019266663594469984
1075	goal + no feedback	54	-150	0.008774973118279572
1075	goal + no feedback	54	-100	-0.0030628602150538273
1075	goal + no feedback	54	-50	-0.008604526881720457
1075	goal + no feedback	54	0	-0.019585360215053898
1075	goal + no feedback	54	50	-0.024945693548387233
1075	goal + no feedback	54	100	-0.023431693548387218
1075	goal + no feedback	54	150	-0.035997360215053766
1075	goal + no feedback	54	200	-0.040730693548387174
1075	goal + no feedback	54	250	-0.05025552688172049
1075	goal + no feedback	54	300	-0.03770952688172047
1075	goal + no feedback	54	350	-0.05514386021505387
1075	goal + no feedback	54	400	-0.028052860215053894
1075	goal + no feedback	54	450	0.01170263978494616
1075	goal + no feedback	54	500	0.04655497311827957
1075	goal + no feedback	54	550	0.07620280645161286
1075	goal + no feedback	54	600	0.10299597311827946
1075	goal + no feedback	54	650	0.08933697311827944
1075	goal + no feedback	54	700	0.459015806451613
1075	goal + no feedback	54	750	NA
1075	goal + no feedback	54	800	NA
1075	goal + no feedback	54	850	NA
1075	goal + no feedback	54	900	NA
1075	goal + no feedback	54	950	0.01783980645161276
1075	goal + no feedback	54	1e3	0.1296644064516129
1075	goal + no feedback	54	1050	NA
1075	goal + no feedback	54	1100	NA
1075	goal + no feedback	54	1150	NA
1075	goal + no feedback	55	-200	0.0026328801843317046
1075	goal + no feedback	55	-150	0.004979451612903067
1075	goal + no feedback	55	-100	-0.003100548387096872
1075	goal + no feedback	55	-50	-0.009383715053763453
1075	goal + no feedback	55	0	0.004433118279569752
1075	goal + no feedback	55	50	0.0029372849462364257
1075	goal + no feedback	55	100	0.01757628494623642
1075	goal + no feedback	55	150	0.011521118279569734
1075	goal + no feedback	55	200	0.012032784946236275
1075	goal + no feedback	55	250	0.009971951612903021
1075	goal + no feedback	55	300	0.01626278494623638
1075	goal + no feedback	55	350	-0.007400215053763611
1075	goal + no feedback	55	400	0.01753028494623643
1075	goal + no feedback	55	450	0.04243485161290313
1075	goal + no feedback	55	500	0.05202659447004595
1075	goal + no feedback	55	550	0.08018278494623636
1075	goal + no feedback	55	600	0.07680678494623638
1075	goal + no feedback	55	650	0.07209778494623646
1075	goal + no feedback	55	700	NA
1075	goal + no feedback	55	750	NA
1075	goal + no feedback	55	800	NA
1075	goal + no feedback	55	850	NA
1075	goal + no feedback	55	900	-0.26778654838709715
1075	goal + no feedback	55	950	-0.10355154838709693
1075	goal + no feedback	55	1e3	0.17298985161290298
1075	goal + no feedback	55	1050	0.05224661827956978
1075	goal + no feedback	55	1100	0.012501284946236405
1075	goal + no feedback	55	1150	-0.004334381720430362
1075	goal + no feedback	56	-200	-0.021767400000000135
1075	goal + no feedback	56	-150	-0.01099280000000009
1075	goal + no feedback	56	-100	0.0029740999999999427
1075	goal + no feedback	56	-50	0.008253099999999977
1075	goal + no feedback	56	0	0.02332876666666654
1075	goal + no feedback	56	50	0.04269259999999989
1075	goal + no feedback	56	100	0.040977199999999936
1075	goal + no feedback	56	150	0.053760599999999936
1075	goal + no feedback	56	200	0.06415959999999991
1075	goal + no feedback	56	250	0.05945893333333322
1075	goal + no feedback	56	300	0.06329593333333323
1075	goal + no feedback	56	350	0.06062426666666654
1075	goal + no feedback	56	400	0.05695576666666654
1075	goal + no feedback	56	450	0.04849759999999992
1075	goal + no feedback	56	500	0.06516309999999985
1075	goal + no feedback	56	550	0.04714909999999987
1075	goal + no feedback	56	600	0.05559459999999997
1075	goal + no feedback	56	650	0.05633843333333329
1075	goal + no feedback	56	700	0.060243999999999874
1075	goal + no feedback	56	750	NA
1075	goal + no feedback	56	800	NA
1075	goal + no feedback	56	850	NA
1075	goal + no feedback	56	900	NA
1075	goal + no feedback	56	950	NA
1075	goal + no feedback	56	1e3	0.20150409999999996
1075	goal + no feedback	56	1050	0.13426739999999998
1075	goal + no feedback	56	1100	0.10821645714285699
1075	goal + no feedback	56	1150	0.057648599999999904
1075	goal + no feedback	57	-200	-0.010411266666666622
1075	goal + no feedback	57	-150	-0.006719599999999974
1075	goal + no feedback	57	-100	0.0021547333333333807
1075	goal + no feedback	57	-50	-0.007233933333333479
1075	goal + no feedback	57	0	0.022210066666666545
1075	goal + no feedback	57	50	0.02945539999999987
1075	goal + no feedback	57	100	0.0423204
1075	goal + no feedback	57	150	0.05616973333333323
1075	goal + no feedback	57	200	0.058800233333333285
1075	goal + no feedback	57	250	0.06425473333333336
1075	goal + no feedback	57	300	0.07867489999999984
1075	goal + no feedback	57	350	0.07450473333333336
1075	goal + no feedback	57	400	0.11062573333333336
1075	goal + no feedback	57	450	0.11865923333333332
1075	goal + no feedback	57	500	0.13636839999999992
1075	goal + no feedback	57	550	0.12378839999999995
1075	goal + no feedback	57	600	0.1959390666666665
1075	goal + no feedback	57	650	0.1678934
1075	goal + no feedback	57	700	0.11886939999999997
1075	goal + no feedback	57	750	0.11516556666666651
1075	goal + no feedback	57	800	0.10540673333333335
1075	goal + no feedback	57	850	0.0937757333333334
1075	goal + no feedback	57	900	0.07721306666666668
1075	goal + no feedback	57	950	0.043060233333333274
1075	goal + no feedback	57	1e3	-0.02912893333333333
1075	goal + no feedback	57	1050	NA
1075	goal + no feedback	57	1100	NA
1075	goal + no feedback	57	1150	-0.1609754333333333
1075	goal + no feedback	58	-200	0.025210884792626738
1075	goal + no feedback	58	-150	0.014086241935483986
1075	goal + no feedback	58	-100	-0.002665424731182734
1075	goal + no feedback	58	-50	-0.02227309139784935
1075	goal + no feedback	58	0	-0.018560424731182728
1075	goal + no feedback	58	50	-0.03075742473118274
1075	goal + no feedback	58	100	-0.03185809139784938
1075	goal + no feedback	58	150	-0.04023025806451604
1075	goal + no feedback	58	200	-0.05145809139784937
1075	goal + no feedback	58	250	-0.06283225806451605
1075	goal + no feedback	58	300	-0.09246275806451602
1075	goal + no feedback	58	350	-0.0940785913978494
1075	goal + no feedback	58	400	-0.10823942473118271
1075	goal + no feedback	58	450	-0.10091192473118264
1075	goal + no feedback	58	500	-0.08174542473118278
1075	goal + no feedback	58	550	-0.07279642473118275
1075	goal + no feedback	58	600	-0.08337892473118269
1075	goal + no feedback	58	650	-0.0934209247311828
1075	goal + no feedback	58	700	-0.11503275806451607
1075	goal + no feedback	58	750	-0.12936942473118265
1075	goal + no feedback	58	800	-0.12055109139784936
1075	goal + no feedback	58	850	-0.13011525806451604
1075	goal + no feedback	58	900	-0.12972275806451608
1075	goal + no feedback	58	950	-0.1206835913978493
1075	goal + no feedback	58	1e3	-0.09761759139784942
1075	goal + no feedback	58	1050	-0.07226475806451609
1075	goal + no feedback	58	1100	-0.06562159139784944
1075	goal + no feedback	58	1150	-0.05016842473118266
1075	goal + no feedback	59	-200	0.02146600460829478
1075	goal + no feedback	59	-150	0.01464545698924713
1075	goal + no feedback	59	-100	-0.009628209677419472
1075	goal + no feedback	59	-50	-0.01533237634408624
1075	goal + no feedback	59	0	-0.014728543010752881
1075	goal + no feedback	59	50	-0.005940876344086095
1075	goal + no feedback	59	100	-0.0014775430107527576
1075	goal + no feedback	59	150	-0.008739876344086165
1075	goal + no feedback	59	200	-0.01308554301075282
1075	goal + no feedback	59	250	-0.020994709677419527
1075	goal + no feedback	59	300	-0.02371220967741953
1075	goal + no feedback	59	350	-0.023532876344086073
1075	goal + no feedback	59	400	-0.03648187634408632
1075	goal + no feedback	59	450	-0.0290810430107528
1075	goal + no feedback	59	500	-0.03524954301075275
1075	goal + no feedback	59	550	-0.01602904301075288
1075	goal + no feedback	59	600	-0.015231876344086107
1075	goal + no feedback	59	650	-0.015632543010752824
1075	goal + no feedback	59	700	-0.03728737634408611
1075	goal + no feedback	59	750	0.06748379032258045
1075	goal + no feedback	59	800	NA
1075	goal + no feedback	59	850	NA
1075	goal + no feedback	59	900	NA
1075	goal + no feedback	59	950	NA
1075	goal + no feedback	59	1e3	0.08476895698924707
1075	goal + no feedback	59	1050	0.05866295698924725
1075	goal + no feedback	59	1100	0.0795581236559139
1075	goal + no feedback	59	1150	0.04194812365591383
1075	goal + no feedback	60	-200	-0.010534913978494783
1075	goal + no feedback	60	-150	-0.004382294930875703
1075	goal + no feedback	60	-100	5.2919354838569056e-5
1075	goal + no feedback	60	-50	0.0038062526881719183
1075	goal + no feedback	60	0	0.011788419354838542
1075	goal + no feedback	60	50	0.011110086021505131
1075	goal + no feedback	60	100	0.0224459193548386
1075	goal + no feedback	60	150	0.06589758602150526
1075	goal + no feedback	60	200	0.08023775268817183
1075	goal + no feedback	60	250	0.10004791935483855
1075	goal + no feedback	60	300	0.13310158602150524
1075	goal + no feedback	60	350	0.1636894193548386
1075	goal + no feedback	60	400	0.17550158602150523
1075	goal + no feedback	60	450	0.19816025268817192
1075	goal + no feedback	60	500	0.21399708602150516
1075	goal + no feedback	60	550	0.2073750860215052
1075	goal + no feedback	60	600	0.19180758602150524
1075	goal + no feedback	60	650	0.16771058602150513
1075	goal + no feedback	60	700	0.12927275268817198
1075	goal + no feedback	60	750	0.13754891935483862
1075	goal + no feedback	60	800	0.13260175268817198
1075	goal + no feedback	60	850	0.13867858602150526
1075	goal + no feedback	60	900	0.14579025268817195
1075	goal + no feedback	60	950	0.15567325268817198
1075	goal + no feedback	60	1e3	0.18984325268817193
1075	goal + no feedback	60	1050	0.20873008602150525
1075	goal + no feedback	60	1100	0.1986005860215053
1075	goal + no feedback	60	1150	0.2363154193548386
1075	goal + no feedback	61	-200	0.02882164516129025
1075	goal + no feedback	61	-150	0.026172245161290242
1075	goal + no feedback	61	-100	0.006253645161290233
1075	goal + no feedback	61	-50	-0.018914926267281258
1075	goal + no feedback	61	0	-0.03962168817204318
1075	goal + no feedback	61	50	-0.05165102150537656
1075	goal + no feedback	61	100	-0.05494735483870983
1075	goal + no feedback	61	150	-0.057828021505376505
1075	goal + no feedback	61	200	-0.05772492626728124
1075	goal + no feedback	61	250	-0.04587052150537644
1075	goal + no feedback	61	300	-0.05765335483870985
1075	goal + no feedback	61	350	-0.05473568817204311
1075	goal + no feedback	61	400	-0.03186918817204313
1075	goal + no feedback	61	450	0.0027578118279569055
1075	goal + no feedback	61	500	0.026168445161290244
1075	goal + no feedback	61	550	0.0587844784946235
1075	goal + no feedback	61	600	0.08631981182795674
1075	goal + no feedback	61	650	0.0871482165898616
1075	goal + no feedback	61	700	0.05281731182795683
1075	goal + no feedback	61	750	0.04141831182795682
1075	goal + no feedback	61	800	0.045008811827956796
1075	goal + no feedback	61	850	0.04634297849462358
1075	goal + no feedback	61	900	0.05352447849462353
1075	goal + no feedback	61	950	0.0676339784946236
1075	goal + no feedback	61	1e3	0.08963314516129017
1075	goal + no feedback	61	1050	0.12701864516129016
1075	goal + no feedback	61	1100	0.14753164516129016
1075	goal + no feedback	61	1150	0.14704997849462345
1075	goal + no feedback	62	-200	-0.03131715207373288
1075	goal + no feedback	62	-150	-0.001578413978494823
1075	goal + no feedback	62	-100	0.011833419354838467
1075	goal + no feedback	62	-50	0.01117125268817191
1075	goal + no feedback	62	0	0.015110419354838736
1075	goal + no feedback	62	50	0.005650586021505255
1075	goal + no feedback	62	100	-0.019953080645161398
1075	goal + no feedback	62	150	-0.03860758064516142
1075	goal + no feedback	62	200	-0.05327258064516135
1075	goal + no feedback	62	250	-0.07761458064516143
1075	goal + no feedback	62	300	-0.10293308064516138
1075	goal + no feedback	62	350	-0.1083485806451614
1075	goal + no feedback	62	400	-0.11286041397849485
1075	goal + no feedback	62	450	-0.10890258064516141
1075	goal + no feedback	62	500	-0.08958374731182801
1075	goal + no feedback	62	550	-0.05817524731182807
1075	goal + no feedback	62	600	-0.051651913978494855
1075	goal + no feedback	62	650	-0.04478024731182809
1075	goal + no feedback	62	700	0.0042559193548386
1075	goal + no feedback	62	750	NA
1075	goal + no feedback	62	800	NA
1075	goal + no feedback	62	850	NA
1075	goal + no feedback	62	900	0.005983219354838543
1075	goal + no feedback	62	950	0.2168897526881719
1075	goal + no feedback	62	1e3	-0.03394758064516146
1075	goal + no feedback	62	1050	-0.0535530806451614
1075	goal + no feedback	62	1100	-0.02724708064516146
1075	goal + no feedback	62	1150	-0.007139747311828056
1075	goal + no feedback	63	-200	0.03772322580645181
1075	goal + no feedback	63	-150	0.007786225806451681
1075	goal + no feedback	63	-100	-0.0037922741935482542
1075	goal + no feedback	63	-50	-0.02582260752688163
1075	goal + no feedback	63	0	-0.022181774193548314
1075	goal + no feedback	63	50	-0.038255274193548315
1075	goal + no feedback	63	100	-0.04071660752688159
1075	goal + no feedback	63	150	-0.05127727419354825
1075	goal + no feedback	63	200	-0.04392927419354827
1075	goal + no feedback	63	250	-0.040116274193548206
1075	goal + no feedback	63	300	-0.04200777419354836
1075	goal + no feedback	63	350	-0.04756094086021497
1075	goal + no feedback	63	400	-0.03714244086021501
1075	goal + no feedback	63	450	-0.01899910752688161
1075	goal + no feedback	63	500	-0.002918940860214899
1075	goal + no feedback	63	550	0.02444589247311842
1075	goal + no feedback	63	600	0.03772355913978509
1075	goal + no feedback	63	650	0.04940489247311838
1075	goal + no feedback	63	700	NA
1075	goal + no feedback	63	750	NA
1075	goal + no feedback	63	800	NA
1075	goal + no feedback	63	850	-0.05429777419354842
1075	goal + no feedback	63	900	0.08521002580645165
1075	goal + no feedback	63	950	0.021235225806451652
1075	goal + no feedback	63	1e3	NA
1075	goal + no feedback	63	1050	NA
1075	goal + no feedback	63	1100	NA
1075	goal + no feedback	63	1150	0.1952526258064517
1075	goal + no feedback	64	-200	-0.08064779999999987
1075	goal + no feedback	64	-150	-0.05524863333333322
1075	goal + no feedback	64	-100	0.01839110476190488
1075	goal + no feedback	64	-50	0.058764933333333505
1075	goal + no feedback	64	0	0.06546936666666688
1075	goal + no feedback	64	50	0.08240920000000014
1075	goal + no feedback	64	100	0.09176786666666696
1075	goal + no feedback	64	150	0.09829386666666684
1075	goal + no feedback	64	200	0.07808120000000025
1075	goal + no feedback	64	250	0.07482170000000014
1075	goal + no feedback	64	300	0.048004033333333584
1075	goal + no feedback	64	350	0.032286866666666914
1075	goal + no feedback	64	400	0.025940866666666878
1075	goal + no feedback	64	450	0.006578866666666849
1075	goal + no feedback	64	500	-0.007501633333333091
1075	goal + no feedback	64	550	0.01991836666666676
1075	goal + no feedback	64	600	0.052889366666666916
1075	goal + no feedback	64	650	0.13681478333333352
1075	goal + no feedback	64	700	NA
1075	goal + no feedback	64	750	NA
1075	goal + no feedback	64	800	NA
1075	goal + no feedback	64	850	NA
1075	goal + no feedback	64	900	0.010000033333333658
1075	goal + no feedback	64	950	0.03707486666666685
1075	goal + no feedback	64	1e3	0.08591486666666692
1075	goal + no feedback	64	1050	0.09691086666666686
1075	goal + no feedback	64	1100	0.23809653333333344
1075	goal + no feedback	64	1150	NA
1075	goal + no feedback	65	-200	1.556000000001815e-4
1075	goal + no feedback	65	-150	-0.00853363809523801
1075	goal + no feedback	65	-100	-0.010474866666666572
1075	goal + no feedback	65	-50	0.003827766666666843
1075	goal + no feedback	65	0	0.014701600000000056
1075	goal + no feedback	65	50	-0.00314156666666654
1075	goal + no feedback	65	100	-0.010821899999999903
1075	goal + no feedback	65	150	-0.0072940666666664695
1075	goal + no feedback	65	200	-0.01318473333333318
1075	goal + no feedback	65	250	-0.01762823333333315
1075	goal + no feedback	65	300	-0.022162399999999877
1075	goal + no feedback	65	350	-0.028124899999999897
1075	goal + no feedback	65	400	-0.01335673333333324
1075	goal + no feedback	65	450	0.00716110000000018
1075	goal + no feedback	65	500	0.017412433333333494
1075	goal + no feedback	65	550	0.011126266666666792
1075	goal + no feedback	65	600	0.03197443333333346
1075	goal + no feedback	65	650	0.06421293333333358
1075	goal + no feedback	65	700	NA
1075	goal + no feedback	65	750	NA
1075	goal + no feedback	65	800	NA
1075	goal + no feedback	65	850	NA
1075	goal + no feedback	65	900	NA
1075	goal + no feedback	65	950	NA
1075	goal + no feedback	65	1e3	NA
1075	goal + no feedback	65	1050	NA
1075	goal + no feedback	65	1100	NA
1075	goal + no feedback	65	1150	NA
1075	goal + no feedback	66	-200	-0.006229852534562065
1075	goal + no feedback	66	-150	-0.014171376344085903
1075	goal + no feedback	66	-100	-1.4787634408586214e-4
1075	goal + no feedback	66	-50	0.006133123655914193
1075	goal + no feedback	66	0	0.015454290322580796
1075	goal + no feedback	66	50	0.021237956989247502
1075	goal + no feedback	66	100	0.039436456989247436
1075	goal + no feedback	66	150	0.04928629032258088
1075	goal + no feedback	66	200	0.05849145698924755
1075	goal + no feedback	66	250	0.0619180903225808
1075	goal + no feedback	66	300	0.07370695698924752
1075	goal + no feedback	66	350	0.09076762365591429
1075	goal + no feedback	66	400	0.07845157603686655
1075	goal + no feedback	66	450	0.10865029032258082
1075	goal + no feedback	66	500	0.10105686175115222
1075	goal + no feedback	66	550	0.10507995698924755
1075	goal + no feedback	66	600	0.09445079032258086
1075	goal + no feedback	66	650	0.1634912903225807
1075	goal + no feedback	66	700	NA
1075	goal + no feedback	66	750	NA
1075	goal + no feedback	66	800	0.11330154032258077
1075	goal + no feedback	66	850	0.0838472903225808
1075	goal + no feedback	66	900	0.07239509032258092
1075	goal + no feedback	66	950	NA
1075	goal + no feedback	66	1e3	NA
1075	goal + no feedback	66	1050	NA
1075	goal + no feedback	66	1100	NA
1075	goal + no feedback	66	1150	0.05011329032258072
1075	goal + no feedback	67	-200	-0.04404100000000014
1075	goal + no feedback	67	-150	-3.2333333333485946e-5
1075	goal + no feedback	67	-100	0.013414666666666427
1075	goal + no feedback	67	-50	0.005303999999999827
1075	goal + no feedback	67	0	0.025354666666666564
1075	goal + no feedback	67	50	0.01775749999999987
1075	goal + no feedback	67	100	0.004483166666666556
1075	goal + no feedback	67	150	0.012222333333333188
1075	goal + no feedback	67	200	0.011359999999999815
1075	goal + no feedback	67	250	0.025041333333333176
1075	goal + no feedback	67	300	0.027213666666666542
1075	goal + no feedback	67	350	0.0577429999999998
1075	goal + no feedback	67	400	0.053466333333333095
1075	goal + no feedback	67	450	0.08855766666666647
1075	goal + no feedback	67	500	0.12528666666666646
1075	goal + no feedback	67	550	0.1674544999999997
1075	goal + no feedback	67	600	NA
1075	goal + no feedback	67	650	NA
1075	goal + no feedback	67	700	NA
1075	goal + no feedback	67	750	NA
1075	goal + no feedback	67	800	0.2382082499999998
1075	goal + no feedback	67	850	0.15539933333333314
1075	goal + no feedback	67	900	0.1474614999999999
1075	goal + no feedback	67	950	NA
1075	goal + no feedback	67	1e3	NA
1075	goal + no feedback	67	1050	NA
1075	goal + no feedback	67	1100	0.18065107142857123
1075	goal + no feedback	67	1150	0.17002549999999986
1075	goal + no feedback	68	-200	0.004226266666666589
1075	goal + no feedback	68	-150	0.0030815999999999435
1075	goal + no feedback	68	-100	-0.008229566666666743
1075	goal + no feedback	68	-50	0.005067933333333219
1075	goal + no feedback	68	0	-0.004146233333333378
1075	goal + no feedback	68	50	0.0028175999999999015
1075	goal + no feedback	68	100	0.01507343333333333
1075	goal + no feedback	68	150	0.01074010000000003
1075	goal + no feedback	68	200	0.024631266666666596
1075	goal + no feedback	68	250	0.02474143333333334
1075	goal + no feedback	68	300	0.03686676666666666
1075	goal + no feedback	68	350	0.04596559999999994
1075	goal + no feedback	68	400	0.06707626666666659
1075	goal + no feedback	68	450	0.09425509999999981
1075	goal + no feedback	68	500	0.13017809999999988
1075	goal + no feedback	68	550	0.15196709999999994
1075	goal + no feedback	68	600	0.14008693333333322
1075	goal + no feedback	68	650	0.13326693333333325
1075	goal + no feedback	68	700	0.11220240952380937
1075	goal + no feedback	68	750	0.09010426666666649
1075	goal + no feedback	68	800	0.051762099999999846
1075	goal + no feedback	68	850	0.05539859999999989
1075	goal + no feedback	68	900	0.05028009999999986
1075	goal + no feedback	68	950	0.05963226666666651
1075	goal + no feedback	68	1e3	0.0623750666666667
1075	goal + no feedback	68	1050	0.07744412380952374
1075	goal + no feedback	68	1100	0.08698509999999993
1075	goal + no feedback	68	1150	0.11488376666666651
1075	goal + no feedback	69	-200	0.013314700460829483
1075	goal + no feedback	69	-150	0.005717629032258105
1075	goal + no feedback	69	-100	-0.0036503709677417895
1075	goal + no feedback	69	-50	-0.008753537634408485
1075	goal + no feedback	69	0	-0.008847537634408598
1075	goal + no feedback	69	50	0.0029057956989248326
1075	goal + no feedback	69	100	0.009973629032258216
1075	goal + no feedback	69	150	0.023408629032258155
1075	goal + no feedback	69	200	0.02672396236559149
1075	goal + no feedback	69	250	0.013858629032258133
1075	goal + no feedback	69	300	-0.01154670430107522
1075	goal + no feedback	69	350	-0.028826704301075184
1075	goal + no feedback	69	400	-0.043939537634408575
1075	goal + no feedback	69	450	-0.0489527043010752
1075	goal + no feedback	69	500	-0.0402517043010752
1075	goal + no feedback	69	550	-0.03097603763440852
1075	goal + no feedback	69	600	-0.020279704301075174
1075	goal + no feedback	69	650	-0.018197037634408497
1075	goal + no feedback	69	700	-0.02829970430107524
1075	goal + no feedback	69	750	-0.03981970430107521
1075	goal + no feedback	69	800	-0.041621704301075146
1075	goal + no feedback	69	850	-0.049577870967741765
1075	goal + no feedback	69	900	-0.06003970430107519
1075	goal + no feedback	69	950	-0.05416103763440853
1075	goal + no feedback	69	1e3	-0.04390620430107517
1075	goal + no feedback	69	1050	-0.040975704301075146
1075	goal + no feedback	69	1100	-0.04069087096774182
1075	goal + no feedback	69	1150	-0.03511503763440841
1075	goal + no feedback	70	-200	-0.007381276190476159
1075	goal + no feedback	70	-150	-0.004641299999999997
1075	goal + no feedback	70	-100	-0.0051978000000000675
1075	goal + no feedback	70	-50	0.006467866666666729
1075	goal + no feedback	70	0	0.014379266666666713
1075	goal + no feedback	70	50	0.019745295238095206
1075	goal + no feedback	70	100	0.022658466666666665
1075	goal + no feedback	70	150	0.013944723809523829
1075	goal + no feedback	70	200	0.008614200000000091
1075	goal + no feedback	70	250	-0.004571800000000052
1075	goal + no feedback	70	300	-0.008779466666666588
1075	goal + no feedback	70	350	-0.021461966666666665
1075	goal + no feedback	70	400	-0.027828799999999987
1075	goal + no feedback	70	450	-0.023780633333333245
1075	goal + no feedback	70	500	-0.006171466666666643
1075	goal + no feedback	70	550	-6.937999999999297e-4
1075	goal + no feedback	70	600	0.004834199999999973
1075	goal + no feedback	70	650	0.006175366666666737
1075	goal + no feedback	70	700	NA
1075	goal + no feedback	70	750	NA
1075	goal + no feedback	70	800	NA
1075	goal + no feedback	70	850	-0.009105383333333328
1075	goal + no feedback	70	900	0.004591666666666594
1075	goal + no feedback	70	950	NA
1075	goal + no feedback	70	1e3	NA
1075	goal + no feedback	70	1050	NA
1075	goal + no feedback	70	1100	NA
1075	goal + no feedback	70	1150	NA
1075	goal + no feedback	71	-200	0.008406299999999792
1075	goal + no feedback	71	-150	-0.00642403333333356
1075	goal + no feedback	71	-100	-0.015443533333333445
1075	goal + no feedback	71	-50	0.01584613333333314
1075	goal + no feedback	71	0	-0.0023848666666668925
1075	goal + no feedback	71	50	-0.013649200000000064
1075	goal + no feedback	71	100	-0.020033533333333537
1075	goal + no feedback	71	150	-0.03585820000000021
1075	goal + no feedback	71	200	-0.07082570000000017
1075	goal + no feedback	71	250	-0.09180153333333359
1075	goal + no feedback	71	300	-0.11300986666666686
1075	goal + no feedback	71	350	-0.15732020000000016
1075	goal + no feedback	71	400	-0.15567503333333352
1075	goal + no feedback	71	450	-0.13677053333333347
1075	goal + no feedback	71	500	-0.1575093666666668
1075	goal + no feedback	71	550	-0.14191386666666683
1075	goal + no feedback	71	600	-0.1338605333333335
1075	goal + no feedback	71	650	-0.16113770000000027
1075	goal + no feedback	71	700	-0.13377570000000025
1075	goal + no feedback	71	750	-0.15249553333333354
1075	goal + no feedback	71	800	-0.15514236666666692
1075	goal + no feedback	71	850	-0.15350370000000021
1075	goal + no feedback	71	900	-0.15997486666666685
1075	goal + no feedback	71	950	-0.20362070000000024
1075	goal + no feedback	71	1e3	-0.23818586666666683
1075	goal + no feedback	71	1050	-0.23691758095238116
1075	goal + no feedback	71	1100	-0.24784866666666688
1075	goal + no feedback	71	1150	-0.25374143809523836
1075	goal + no feedback	72	-200	-0.018102451612903043
1075	goal + no feedback	72	-150	-0.012184618279569884
1075	goal + no feedback	72	-100	-0.006383951612903245
1075	goal + no feedback	72	-50	0.0010213817204301663
1075	goal + no feedback	72	0	0.038666715053763547
1075	goal + no feedback	72	50	0.02249371505376348
1075	goal + no feedback	72	100	0.011144048387096817
1075	goal + no feedback	72	150	-0.01006561827956983
1075	goal + no feedback	72	200	-0.024265284946236438
1075	goal + no feedback	72	250	-0.01821195161290312
1075	goal + no feedback	72	300	-0.020641284946236366
1075	goal + no feedback	72	350	-0.02291865161290314
1075	goal + no feedback	72	400	-0.02049159447004602
1075	goal + no feedback	72	450	-0.008339118279569865
1075	goal + no feedback	72	500	0.002841381720430247
1075	goal + no feedback	72	550	0.0020835483870968266
1075	goal + no feedback	72	600	0.004313048387096785
1075	goal + no feedback	72	650	-0.02357428494623644
1075	goal + no feedback	72	700	0.047543548387096735
1075	goal + no feedback	72	750	NA
1075	goal + no feedback	72	800	NA
1075	goal + no feedback	72	850	NA
1075	goal + no feedback	72	900	-0.055961451612903224
1075	goal + no feedback	72	950	-0.051490451612903256
1075	goal + no feedback	72	1e3	-0.09416011827956978
1075	goal + no feedback	72	1050	-0.08220678494623646
1075	goal + no feedback	72	1100	-0.0553462849462365
1075	goal + no feedback	72	1150	-0.044712451612903235
1075	goal + no feedback	73	-200	-0.03670417972350209
1075	goal + no feedback	73	-150	-0.006840155913978352
1075	goal + no feedback	73	-100	0.0070363440860217175
1075	goal + no feedback	73	-50	0.011975010752688439
1075	goal + no feedback	73	0	0.03065034408602167
1075	goal + no feedback	73	50	0.022265510752688344
1075	goal + no feedback	73	100	0.03537701075268829
1075	goal + no feedback	73	150	0.033931344086021685
1075	goal + no feedback	73	200	0.038303177419354885
1075	goal + no feedback	73	250	0.04767201075268831
1075	goal + no feedback	73	300	0.05666317741935504
1075	goal + no feedback	73	350	0.06378734408602171
1075	goal + no feedback	73	400	0.05378567741935495
1075	goal + no feedback	73	450	0.06656127741935505
1075	goal + no feedback	73	500	0.09289124884792642
1075	goal + no feedback	73	550	0.11366907741935509
1075	goal + no feedback	73	600	0.11675553456221209
1075	goal + no feedback	73	650	0.11731734408602172
1075	goal + no feedback	73	700	0.08549751075268837
1075	goal + no feedback	73	750	0.07158667741935498
1075	goal + no feedback	73	800	0.06571201075268844
1075	goal + no feedback	73	850	0.046139510752688295
1075	goal + no feedback	73	900	0.033371010752688335
1075	goal + no feedback	73	950	0.0438528440860216
1075	goal + no feedback	73	1e3	0.046553344086021665
1075	goal + no feedback	73	1050	0.0643273440860217
1075	goal + no feedback	73	1100	0.08015617741935503
1075	goal + no feedback	73	1150	0.09837134408602173
1075	goal + no feedback	74	-200	-0.01647683870967758
1075	goal + no feedback	74	-150	-0.010244172043010943
1075	goal + no feedback	74	-100	0.0064154946236557224
1075	goal + no feedback	74	-50	0.012539327956989125
1075	goal + no feedback	74	0	0.010512327956989123
1075	goal + no feedback	74	50	0.0042894946236557985
1075	goal + no feedback	74	100	0.004112161290322473
1075	goal + no feedback	74	150	-2.083870967739543e-5
1075	goal + no feedback	74	200	0.009259494623655717
1075	goal + no feedback	74	250	0.004129827956989018
1075	goal + no feedback	74	300	0.014468494623655884
1075	goal + no feedback	74	350	0.009778161290322421
1075	goal + no feedback	74	400	0.012601827956989128
1075	goal + no feedback	74	450	0.0321828279569892
1075	goal + no feedback	74	500	0.055405494623655814
1075	goal + no feedback	74	550	0.06564399462365578
1075	goal + no feedback	74	600	0.05717249462365581
1075	goal + no feedback	74	650	0.06352866129032253
1075	goal + no feedback	74	700	0.04419749462365571
1075	goal + no feedback	74	750	0.05863099462365584
1075	goal + no feedback	74	800	0.04865599462365585
1075	goal + no feedback	74	850	0.05443516129032252
1075	goal + no feedback	74	900	0.05742882795698915
1075	goal + no feedback	74	950	0.07298516129032244
1075	goal + no feedback	74	1e3	0.07297766129032242
1075	goal + no feedback	74	1050	0.09145816129032254
1075	goal + no feedback	74	1100	0.1017876612903225
1075	goal + no feedback	74	1150	0.11182999462365584
1075	goal + no feedback	75	-200	-0.017077364055299502
1075	goal + no feedback	75	-150	-0.013542268817204217
1075	goal + no feedback	75	-100	0.005940864516129097
1075	goal + no feedback	75	-50	0.013638921658986154
1075	goal + no feedback	75	0	0.0126030645161291
1075	goal + no feedback	75	50	0.02233523118279564
1075	goal + no feedback	75	100	0.010927464516129071
1075	goal + no feedback	75	150	0.014684493087557562
1075	goal + no feedback	75	200	0.006293897849462364
1075	goal + no feedback	75	250	-0.006113768817204305
1075	goal + no feedback	75	300	-0.006761102150537601
1075	goal + no feedback	75	350	-0.00753626881720441
1075	goal + no feedback	75	400	-0.0081426021505376
1075	goal + no feedback	75	450	0.016058864516129125
1075	goal + no feedback	75	500	0.0383373502304148
1075	goal + no feedback	75	550	0.06603889784946244
1075	goal + no feedback	75	600	0.06522006451612901
1075	goal + no feedback	75	650	0.03652566451612902
1075	goal + no feedback	75	700	0.012361207373271923
1075	goal + no feedback	75	750	0.02987456451612891
1075	goal + no feedback	75	800	NA
1075	goal + no feedback	75	850	NA
1075	goal + no feedback	75	900	NA
1075	goal + no feedback	75	950	NA
1075	goal + no feedback	75	1e3	-0.28836693548387116
1075	goal + no feedback	75	1050	-0.010235535483870972
1075	goal + no feedback	75	1100	0.040603664516129
1075	goal + no feedback	75	1150	-0.04143960215053758
1075	goal + no feedback	76	-200	-0.0074227834101384515
1075	goal + no feedback	76	-150	-0.010345854838709867
1075	goal + no feedback	76	-100	-0.008650354838709942
1075	goal + no feedback	76	-50	0.005189145161290136
1075	goal + no feedback	76	0	0.022466978494623497
1075	goal + no feedback	76	50	0.0325304784946235
1075	goal + no feedback	76	100	0.03564064516129014
1075	goal + no feedback	76	150	0.0462209784946234
1075	goal + no feedback	76	200	0.05099581182795676
1075	goal + no feedback	76	250	0.05260331182795682
1075	goal + no feedback	76	300	0.06327431182795677
1075	goal + no feedback	76	350	0.06460897849462348
1075	goal + no feedback	76	400	0.08112297849462347
1075	goal + no feedback	76	450	0.11147997849462343
1075	goal + no feedback	76	500	0.1356916451612901
1075	goal + no feedback	76	550	0.15294631182795673
1075	goal + no feedback	76	600	0.15847097849462352
1075	goal + no feedback	76	650	0.1614866451612901
1075	goal + no feedback	76	700	0.13853897849462346
1075	goal + no feedback	76	750	NA
1075	goal + no feedback	76	800	NA
1075	goal + no feedback	76	850	NA
1075	goal + no feedback	76	900	NA
1075	goal + no feedback	76	950	NA
1075	goal + no feedback	76	1e3	NA
1075	goal + no feedback	76	1050	0.07838064516129006
1075	goal + no feedback	76	1100	0.11312524516129008
1075	goal + no feedback	76	1150	0.2506680451612902
1075	goal + no feedback	77	-200	0.00733063333333317
1075	goal + no feedback	77	-150	0.006157799999999843
1075	goal + no feedback	77	-100	0.001591966666666463
1075	goal + no feedback	77	-50	-0.006620033333333497
1075	goal + no feedback	77	0	-0.008460366666666866
1075	goal + no feedback	77	50	-0.018050866666666776
1075	goal + no feedback	77	100	-0.030576033333333363
1075	goal + no feedback	77	150	-0.05670486666666682
1075	goal + no feedback	77	200	-0.0673432000000002
1075	goal + no feedback	77	250	-0.08457953333333353
1075	goal + no feedback	77	300	-0.09246170000000016
1075	goal + no feedback	77	350	-0.09692353333333344
1075	goal + no feedback	77	400	-0.09438886666666679
1075	goal + no feedback	77	450	-0.05148253333333345
1075	goal + no feedback	77	500	-0.03179236666666685
1075	goal + no feedback	77	550	-0.010393866666666751
1075	goal + no feedback	77	600	0.006859466666666443
1075	goal + no feedback	77	650	NA
1075	goal + no feedback	77	700	NA
1075	goal + no feedback	77	750	NA
1075	goal + no feedback	77	800	NA
1075	goal + no feedback	77	850	6.517166666665242e-4
1075	goal + no feedback	77	900	0.08626996666666657
1075	goal + no feedback	77	950	0.09814006666666648
1075	goal + no feedback	77	1e3	NA
1075	goal + no feedback	77	1050	NA
1075	goal + no feedback	77	1100	NA
1075	goal + no feedback	77	1150	NA
1075	goal + no feedback	78	-200	-0.041700419354838925
1075	goal + no feedback	78	-150	-0.017995752688172217
1075	goal + no feedback	78	-100	0.001629913978494398
1075	goal + no feedback	78	-50	0.031696247311827776
1075	goal + no feedback	78	0	0.033320080645161086
1075	goal + no feedback	78	50	0.052835913978494485
1075	goal + no feedback	78	100	0.06591308064516117
1075	goal + no feedback	78	150	0.04055074731182776
1075	goal + no feedback	78	200	0.06484758064516116
1075	goal + no feedback	78	250	0.07285874731182777
1075	goal + no feedback	78	300	0.09475824731182773
1075	goal + no feedback	78	350	0.0896089139784945
1075	goal + no feedback	78	400	0.08355824731182777
1075	goal + no feedback	78	450	0.10232908064516111
1075	goal + no feedback	78	500	0.12906174731182785
1075	goal + no feedback	78	550	0.13106591397849435
1075	goal + no feedback	78	600	0.11862791397849448
1075	goal + no feedback	78	650	0.10256574731182784
1075	goal + no feedback	78	700	0.19559791397849446
1075	goal + no feedback	78	750	NA
1075	goal + no feedback	78	800	NA
1075	goal + no feedback	78	850	NA
1075	goal + no feedback	78	900	NA
1075	goal + no feedback	78	950	NA
1075	goal + no feedback	78	1e3	0.011968580645161264
1075	goal + no feedback	78	1050	-0.030681419354838813
1075	goal + no feedback	78	1100	-0.09861075268817225
1075	goal + no feedback	78	1150	-0.09476625268817222
1075	goal + no feedback	79	-200	-0.014600534562212062
1075	goal + no feedback	79	-150	-0.00907267741935495
1075	goal + no feedback	79	-100	3.1382258064501417e-4
1075	goal + no feedback	79	-50	0.005034322580644919
1075	goal + no feedback	79	0	0.020758489247311607
1075	goal + no feedback	79	50	0.016676322580644925
1075	goal + no feedback	79	100	0.036489822580645
1075	goal + no feedback	79	150	0.021848489247311715
1075	goal + no feedback	79	200	0.027850655913978322
1075	goal + no feedback	79	250	0.03370615591397833
1075	goal + no feedback	79	300	0.03336465591397834
1075	goal + no feedback	79	350	0.039784655913978284
1075	goal + no feedback	79	400	0.036418655913978304
1075	goal + no feedback	79	450	0.04051465591397833
1075	goal + no feedback	79	500	0.06639582258064507
1075	goal + no feedback	79	550	0.07648548924731162
1075	goal + no feedback	79	600	0.06897532258064502
1075	goal + no feedback	79	650	0.05360432258064485
1075	goal + no feedback	79	700	NA
1075	goal + no feedback	79	750	NA
1075	goal + no feedback	79	800	NA
1075	goal + no feedback	79	850	NA
1075	goal + no feedback	79	900	-0.11165117741935515
1075	goal + no feedback	79	950	0.07218915591397838
1075	goal + no feedback	79	1e3	-0.0011975107526882578
1075	goal + no feedback	79	1050	0.03736632258064496
1075	goal + no feedback	79	1100	NA
1075	goal + no feedback	79	1150	NA
1075	goal + no feedback	80	-200	0.00404520737327171
1075	goal + no feedback	80	-150	0.007870231182795617
1075	goal + no feedback	80	-100	-0.004225435483871036
1075	goal + no feedback	80	-50	-0.007563268817204556
1075	goal + no feedback	80	0	-8.009354838710939e-4
1075	goal + no feedback	80	50	-0.006536768817204441
1075	goal + no feedback	80	100	0.012512064516128815
1075	goal + no feedback	80	150	0.014209731182795485
1075	goal + no feedback	80	200	0.026149397849462092
1075	goal + no feedback	80	250	0.03292456451612876
1075	goal + no feedback	80	300	0.01851189784946213
1075	goal + no feedback	80	350	0.013683064516128848
1075	goal + no feedback	80	400	0.01612973118279548
1075	goal + no feedback	80	450	0.012996064516128891
1075	goal + no feedback	80	500	0.026950731182795524
1075	goal + no feedback	80	550	0.043152231182795577
1075	goal + no feedback	80	600	0.0770970645161289
1075	goal + no feedback	80	650	NA
1075	goal + no feedback	80	700	NA
1075	goal + no feedback	80	750	NA
1075	goal + no feedback	80	800	NA
1075	goal + no feedback	80	850	0.04159306451612865
1075	goal + no feedback	80	900	0.14574486451612884
1075	goal + no feedback	80	950	0.2960270645161289
1075	goal + no feedback	80	1e3	0.3306550645161288
1075	goal + no feedback	80	1050	NA
1075	goal + no feedback	80	1100	NA
1075	goal + no feedback	80	1150	NA
1075	goal + no feedback	81	-200	-0.009074133640553
1075	goal + no feedback	81	-150	-0.002604586021505447
1075	goal + no feedback	81	-100	0.0039024139784945935
1075	goal + no feedback	81	-50	3.10580645161244e-4
1075	goal + no feedback	81	0	0.008978080645161146
1075	goal + no feedback	81	50	0.006442913978494576
1075	goal + no feedback	81	100	0.02104974731182785
1075	goal + no feedback	81	150	0.014414080645161365
1075	goal + no feedback	81	200	0.030216413978494543
1075	goal + no feedback	81	250	0.03600891397849448
1075	goal + no feedback	81	300	0.016705913978494635
1075	goal + no feedback	81	350	0.04029374731182781
1075	goal + no feedback	81	400	0.03806808064516128
1075	goal + no feedback	81	450	0.04713591397849459
1075	goal + no feedback	81	500	0.0589740806451613
1075	goal + no feedback	81	550	0.05922691397849452
1075	goal + no feedback	81	600	0.0688462473118278
1075	goal + no feedback	81	650	0.045821580645161175
1075	goal + no feedback	81	700	0.012624580645161032
1075	goal + no feedback	81	750	NA
1075	goal + no feedback	81	800	NA
1075	goal + no feedback	81	850	NA
1075	goal + no feedback	81	900	NA
1075	goal + no feedback	81	950	NA
1075	goal + no feedback	81	1e3	NA
1075	goal + no feedback	81	1050	NA
1075	goal + no feedback	81	1100	NA
1075	goal + no feedback	81	1150	NA
1075	goal + no feedback	82	-200	-0.017572529953917244
1075	goal + no feedback	82	-150	-0.004929553763441137
1075	goal + no feedback	82	-100	0.0033181129032255154
1075	goal + no feedback	82	-50	0.011472279569892349
1075	goal + no feedback	82	0	0.010640446236558946
1075	goal + no feedback	82	50	0.031439946236558956
1075	goal + no feedback	82	100	0.032726112903225545
1075	goal + no feedback	82	150	0.04566227956989222
1075	goal + no feedback	82	200	0.058062112903225493
1075	goal + no feedback	82	250	0.04457427956989224
1075	goal + no feedback	82	300	0.03198411290322567
1075	goal + no feedback	82	350	0.008934946236558957
1075	goal + no feedback	82	400	-0.003831053763441098
1075	goal + no feedback	82	450	0.009991779569892278
1075	goal + no feedback	82	500	0.006497946236558934
1075	goal + no feedback	82	550	0.0020114462365589483
1075	goal + no feedback	82	600	-0.024176387096774388
1075	goal + no feedback	82	650	NA
1075	goal + no feedback	82	700	NA
1075	goal + no feedback	82	750	-0.19684138709677423
1075	goal + no feedback	82	800	-0.02592405376344109
1075	goal + no feedback	82	850	-0.03507410138248864
1075	goal + no feedback	82	900	0.02418281290322568
1075	goal + no feedback	82	950	0.05172161290322549
1075	goal + no feedback	82	1e3	0.08277794623655899
1075	goal + no feedback	82	1050	0.1230421129032256
1075	goal + no feedback	82	1100	0.14542261290322558
1075	goal + no feedback	82	1150	0.16271061290322564
1075	goal + no feedback	83	-200	-0.018325576036866447
1075	goal + no feedback	83	-150	-0.007151290322580772
1075	goal + no feedback	83	-100	0.013542043010752533
1075	goal + no feedback	83	-50	0.012046376344086044
1075	goal + no feedback	83	0	0.002942709677419275
1075	goal + no feedback	83	50	2.748763440859244e-4
1075	goal + no feedback	83	100	0.0067993763440858945
1075	goal + no feedback	83	150	0.002551709677419245
1075	goal + no feedback	83	200	0.011874043010752603
1075	goal + no feedback	83	250	-0.012286790322580732
1075	goal + no feedback	83	300	0.003095043010752659
1075	goal + no feedback	83	350	-0.013263790322580663
1075	goal + no feedback	83	400	-0.008899956989247467
1075	goal + no feedback	83	450	0.00842987634408591
1075	goal + no feedback	83	500	0.027910543010752614
1075	goal + no feedback	83	550	0.0401280430107526
1075	goal + no feedback	83	600	0.05388837634408598
1075	goal + no feedback	83	650	0.06187670967741917
1075	goal + no feedback	83	700	0.040682709677419236
1075	goal + no feedback	83	750	0.03242420967741929
1075	goal + no feedback	83	800	0.00597854301075255
1075	goal + no feedback	83	850	0.014820376344085803
1075	goal + no feedback	83	900	0.018995709677419297
1075	goal + no feedback	83	950	0.02978937634408596
1075	goal + no feedback	83	1e3	0.04305770967741932
1075	goal + no feedback	83	1050	0.05762220967741927
1075	goal + no feedback	83	1100	0.07754087634408591
1075	goal + no feedback	83	1150	0.08466837634408601
1075	goal + no feedback	84	-200	0.048105838709677454
1075	goal + no feedback	84	-150	0.028878838709677446
1075	goal + no feedback	84	-100	-0.008761661290322667
1075	goal + no feedback	84	-50	-0.024242161290322677
1075	goal + no feedback	84	0	-0.051998494623655876
1075	goal + no feedback	84	50	-0.09495699462365592
1075	goal + no feedback	84	100	-0.12109582795698937
1075	goal + no feedback	84	150	-0.14270916129032263
1075	goal + no feedback	84	200	-0.1681038279569894
1075	goal + no feedback	84	250	-0.1820904946236559
1075	goal + no feedback	84	300	-0.1877571612903227
1075	goal + no feedback	84	350	-0.1924446612903227
1075	goal + no feedback	84	400	-0.18623749462365594
1075	goal + no feedback	84	450	-0.18360882795698927
1075	goal + no feedback	84	500	-0.1626163279569893
1075	goal + no feedback	84	550	-0.13692216129032264
1075	goal + no feedback	84	600	-0.11818182795698935
1075	goal + no feedback	84	650	-0.11070716129032254
1075	goal + no feedback	84	700	-0.09827316129032264
1075	goal + no feedback	84	750	-0.10596516129032266
1075	goal + no feedback	84	800	NA
1075	goal + no feedback	84	850	NA
1075	goal + no feedback	84	900	NA
1075	goal + no feedback	84	950	NA
1075	goal + no feedback	84	1e3	NA
1075	goal + no feedback	84	1050	NA
1075	goal + no feedback	84	1100	0.041463838709677514
1075	goal + no feedback	84	1150	-0.011031661290322736
1075	goal + no feedback	85	-200	-0.009098190476190331
1075	goal + no feedback	85	-150	-0.005092666666666486
1075	goal + no feedback	85	-100	0.004394833333333459
1075	goal + no feedback	85	-50	0.01009266666666675
1075	goal + no feedback	85	0	0.001463666666666885
1075	goal + no feedback	85	50	0.01357595238095247
1075	goal + no feedback	85	100	0.01118850000000012
1075	goal + no feedback	85	150	0.009706166666666757
1075	goal + no feedback	85	200	0.01997766666666682
1075	goal + no feedback	85	250	0.025509666666666913
1075	goal + no feedback	85	300	0.05366550000000007
1075	goal + no feedback	85	350	0.04408866666666674
1075	goal + no feedback	85	400	0.05730633333333346
1075	goal + no feedback	85	450	0.058939166666666765
1075	goal + no feedback	85	500	0.05933550000000006
1075	goal + no feedback	85	550	0.057161833333333543
1075	goal + no feedback	85	600	0.06851341666666677
1075	goal + no feedback	85	650	NA
1075	goal + no feedback	85	700	NA
1075	goal + no feedback	85	750	NA
1075	goal + no feedback	85	800	NA
1075	goal + no feedback	85	850	NA
1075	goal + no feedback	85	900	NA
1075	goal + no feedback	85	950	NA
1075	goal + no feedback	85	1e3	NA
1075	goal + no feedback	85	1050	NA
1075	goal + no feedback	85	1100	NA
1075	goal + no feedback	85	1150	NA
1075	goal + no feedback	86	-200	0.018652995391704823
1075	goal + no feedback	86	-150	0.00613904301075241
1075	goal + no feedback	86	-100	-0.00715945698924747
1075	goal + no feedback	86	-50	-0.006584123655914172
1075	goal + no feedback	86	0	-0.01415729032258084
1075	goal + no feedback	86	50	-0.017440623655914145
1075	goal + no feedback	86	100	-0.02693795698924754
1075	goal + no feedback	86	150	-0.034158623655914155
1075	goal + no feedback	86	200	-0.03495562365591424
1075	goal + no feedback	86	250	-0.03236345698924755
1075	goal + no feedback	86	300	-0.020052623655914276
1075	goal + no feedback	86	350	-0.013151956989247463
1075	goal + no feedback	86	400	-0.019364490322580787
1075	goal + no feedback	86	450	-0.00305714746543798
1075	goal + no feedback	86	500	-0.0177309569892475
1075	goal + no feedback	86	550	-0.008752456989247573
1075	goal + no feedback	86	600	-0.02759012365591425
1075	goal + no feedback	86	650	-0.06381662365591412
1075	goal + no feedback	86	700	NA
1075	goal + no feedback	86	750	NA
1075	goal + no feedback	86	800	NA
1075	goal + no feedback	86	850	-0.33726329032258073
1075	goal + no feedback	86	900	-0.22463595698924754
1075	goal + no feedback	86	950	-0.19031771889400945
1075	goal + no feedback	86	1e3	-0.14825795698924749
1075	goal + no feedback	86	1050	-0.08481045698924754
1075	goal + no feedback	86	1100	-0.0193921236559141
1075	goal + no feedback	86	1150	0.026311709677419248
1075	goal + no feedback	87	-200	0.027365377880184116
1075	goal + no feedback	87	-150	0.004886973118279385
1075	goal + no feedback	87	-100	0.007956139784946062
1075	goal + no feedback	87	-50	-0.022046860215054014
1075	goal + no feedback	87	0	-0.022722526881720606
1075	goal + no feedback	87	50	-0.03452919354838727
1075	goal + no feedback	87	100	-0.0478110268817206
1075	goal + no feedback	87	150	-0.07425202688172061
1075	goal + no feedback	87	200	-0.08053136021505385
1075	goal + no feedback	87	250	-0.09607352688172055
1075	goal + no feedback	87	300	-0.100084360215054
1075	goal + no feedback	87	350	-0.09860169354838733
1075	goal + no feedback	87	400	-0.09558552688172066
1075	goal + no feedback	87	450	-0.07440186021505386
1075	goal + no feedback	87	500	-0.04513969354838728
1075	goal + no feedback	87	550	-0.017465360215053998
1075	goal + no feedback	87	600	-0.015508860215054007
1075	goal + no feedback	87	650	-0.021701193548387215
1075	goal + no feedback	87	700	-0.023644526881720546
1075	goal + no feedback	87	750	-0.05522402688172057
1075	goal + no feedback	87	800	-0.060583526881720674
1075	goal + no feedback	87	850	-0.05935219354838731
1075	goal + no feedback	87	900	-0.04476819354838731
1075	goal + no feedback	87	950	-0.05005619354838727
1075	goal + no feedback	87	1e3	-0.027274360215053955
1075	goal + no feedback	87	1050	-0.004807193548387323
1075	goal + no feedback	87	1100	0.007143306451612726
1075	goal + no feedback	87	1150	0.013275806451612748
1075	goal + no feedback	88	-200	-0.02767901382488474
1075	goal + no feedback	88	-150	-0.005325037634408576
1075	goal + no feedback	88	-100	0.002296962365591441
1075	goal + no feedback	88	-50	0.0238897956989248
1075	goal + no feedback	88	0	0.01143046236559142
1075	goal + no feedback	88	50	-0.00247337096774188
1075	goal + no feedback	88	100	-0.028055704301075252
1075	goal + no feedback	88	150	-0.031219537634408583
1075	goal + no feedback	88	200	-0.061114037634408515
1075	goal + no feedback	88	250	-0.07716820430107522
1075	goal + no feedback	88	300	-0.10624237096774188
1075	goal + no feedback	88	350	-0.12135503763440858
1075	goal + no feedback	88	400	-0.12370020430107531
1075	goal + no feedback	88	450	-0.11494987096774197
1075	goal + no feedback	88	500	-0.06996520430107522
1075	goal + no feedback	88	550	-0.05967487096774186
1075	goal + no feedback	88	600	-0.03852287096774195
1075	goal + no feedback	88	650	-0.05106253763440849
1075	goal + no feedback	88	700	-0.05930237096774197
1075	goal + no feedback	88	750	-0.07996953763440857
1075	goal + no feedback	88	800	-0.10056787096774193
1075	goal + no feedback	88	850	-0.10862020430107511
1075	goal + no feedback	88	900	-0.12547920430107515
1075	goal + no feedback	88	950	-0.1382020709677419
1075	goal + no feedback	88	1e3	-0.09806629953917044
1075	goal + no feedback	88	1050	-0.0666497043010752
1075	goal + no feedback	88	1100	-0.04568903763440857
1075	goal + no feedback	88	1150	-0.014168037634408584
1075	goal + no feedback	89	-200	0.04232791244239609
1075	goal + no feedback	89	-150	0.028984317204300947
1075	goal + no feedback	89	-100	-0.006820849462365682
1075	goal + no feedback	89	-50	-0.029697349462365723
1075	goal + no feedback	89	0	-0.04184868279569905
1075	goal + no feedback	89	50	-0.05064868279569904
1075	goal + no feedback	89	100	-0.05353134946236585
1075	goal + no feedback	89	150	-0.04781551612903242
1075	goal + no feedback	89	200	-0.043804682795699046
1075	goal + no feedback	89	250	-0.024644016129032442
1075	goal + no feedback	89	300	-0.005693682795699188
1075	goal + no feedback	89	350	-0.00606368279569917
1075	goal + no feedback	89	400	0.013624483870967449
1075	goal + no feedback	89	450	0.021991817204300917
1075	goal + no feedback	89	500	0.03911048387096757
1075	goal + no feedback	89	550	0.03914348387096759
1075	goal + no feedback	89	600	0.03211928387096759
1075	goal + no feedback	89	650	NA
1075	goal + no feedback	89	700	NA
1075	goal + no feedback	89	750	NA
1075	goal + no feedback	89	800	NA
1075	goal + no feedback	89	850	NA
1075	goal + no feedback	89	900	NA
1075	goal + no feedback	89	950	NA
1075	goal + no feedback	89	1e3	NA
1075	goal + no feedback	89	1050	NA
1075	goal + no feedback	89	1100	NA
1075	goal + no feedback	89	1150	NA
1075	goal + no feedback	90	-200	-0.02338185253456209
1075	goal + no feedback	90	-150	-0.0041367096774191925
1075	goal + no feedback	90	-100	0.014724456989247514
1075	goal + no feedback	90	-50	0.011214790322580845
1075	goal + no feedback	90	0	0.005476290322580901
1075	goal + no feedback	90	50	0.02535579032258073
1075	goal + no feedback	90	100	0.02033829032258076
1075	goal + no feedback	90	150	0.0379969569892474
1075	goal + no feedback	90	200	0.0551794569892475
1075	goal + no feedback	90	250	0.07165562365591412
1075	goal + no feedback	90	300	0.04318795698924749
1075	goal + no feedback	90	350	0.055094956989247455
1075	goal + no feedback	90	400	0.057353623655914156
1075	goal + no feedback	90	450	0.04822379032258076
1075	goal + no feedback	90	500	0.05979945698924749
1075	goal + no feedback	90	550	0.05462829032258084
1075	goal + no feedback	90	600	0.09769129032258084
1075	goal + no feedback	90	650	NA
1075	goal + no feedback	90	700	NA
1075	goal + no feedback	90	750	NA
1075	goal + no feedback	90	800	NA
1075	goal + no feedback	90	850	NA
1075	goal + no feedback	90	900	-0.05709490967741928
1075	goal + no feedback	90	950	-0.07407504301075248
1075	goal + no feedback	90	1e3	-0.04914587634408588
1075	goal + no feedback	90	1050	-0.006301709677419165
1075	goal + no feedback	90	1100	0.030448123655914133
1075	goal + no feedback	90	1150	0.021057456989247436
1075	goal + no feedback	91	-200	0.013748699999999984
1075	goal + no feedback	91	-150	0.008371700000000093
1075	goal + no feedback	91	-100	-0.00543579999999988
1075	goal + no feedback	91	-50	-0.01174646666666653
1075	goal + no feedback	91	0	-0.004938133333333298
1075	goal + no feedback	91	50	0.0062635333333333305
1075	goal + no feedback	91	100	0.00393220000000009
1075	goal + no feedback	91	150	-0.0194279666666665
1075	goal + no feedback	91	200	-0.03108129999999994
1075	goal + no feedback	91	250	-0.04409896666666661
1075	goal + no feedback	91	300	-0.04520513333333328
1075	goal + no feedback	91	350	-0.056196299999999866
1075	goal + no feedback	91	400	-0.051382299999999916
1075	goal + no feedback	91	450	-0.02379279999999991
1075	goal + no feedback	91	500	0.02156770000000008
1075	goal + no feedback	91	550	0.052658033333333375
1075	goal + no feedback	91	600	0.0664242333333334
1075	goal + no feedback	91	650	NA
1075	goal + no feedback	91	700	NA
1075	goal + no feedback	91	750	NA
1075	goal + no feedback	91	800	NA
1075	goal + no feedback	91	850	NA
1075	goal + no feedback	91	900	NA
1075	goal + no feedback	91	950	-0.36285446666666665
1075	goal + no feedback	91	1e3	NA
1075	goal + no feedback	91	1050	NA
1075	goal + no feedback	91	1100	NA
1075	goal + no feedback	91	1150	NA
1075	goal + no feedback	92	-200	-0.0031008525345622546
1075	goal + no feedback	92	-150	4.984569892473681e-4
1075	goal + no feedback	92	-100	0.010379123655914016
1075	goal + no feedback	92	-50	0.0021524569892473386
1075	goal + no feedback	92	0	-0.009412376344085871
1075	goal + no feedback	92	50	-0.023464509677419355
1075	goal + no feedback	92	100	-0.015581995391704937
1075	goal + no feedback	92	150	-0.03398670967741927
1075	goal + no feedback	92	200	-0.030290376344085972
1075	goal + no feedback	92	250	-0.03598737634408596
1075	goal + no feedback	92	300	-0.030516709677419263
1075	goal + no feedback	92	350	-0.037655543010752655
1075	goal + no feedback	92	400	-0.03156537634408604
1075	goal + no feedback	92	450	-0.019567876344086004
1075	goal + no feedback	92	500	-0.012129043010752719
1075	goal + no feedback	92	550	0.011656623655913986
1075	goal + no feedback	92	600	0.013187456989247467
1075	goal + no feedback	92	650	0.005453456989247337
1075	goal + no feedback	92	700	-0.01769204301075263
1075	goal + no feedback	92	750	-0.030773709677419436
1075	goal + no feedback	92	800	NA
1075	goal + no feedback	92	850	NA
1075	goal + no feedback	92	900	NA
1075	goal + no feedback	92	950	NA
1075	goal + no feedback	92	1e3	NA
1075	goal + no feedback	92	1050	NA
1075	goal + no feedback	92	1100	NA
1075	goal + no feedback	92	1150	NA
1075	goal + no feedback	93	-200	0.010223179723502491
1075	goal + no feedback	93	-150	-7.418440860213297e-4
1075	goal + no feedback	93	-100	-0.011034677419354674
1075	goal + no feedback	93	-50	-0.006355177419354578
1075	goal + no feedback	93	0	0.006204655913978637
1075	goal + no feedback	93	50	0.0031486559139786894
1075	goal + no feedback	93	100	-0.008034510752687943
1075	goal + no feedback	93	150	-0.0028136774193545655
1075	goal + no feedback	93	200	-0.004171844086021226
1075	goal + no feedback	93	250	-0.012932344086021322
1075	goal + no feedback	93	300	-0.009797010752687981
1075	goal + no feedback	93	350	-0.016663177419354563
1075	goal + no feedback	93	400	-0.016279344086021313
1075	goal + no feedback	93	450	-0.005211010752688002
1075	goal + no feedback	93	500	0.028544822580645352
1075	goal + no feedback	93	550	0.051293155913978726
1075	goal + no feedback	93	600	0.06912148924731205
1075	goal + no feedback	93	650	0.05305532258064538
1075	goal + no feedback	93	700	0.029107989247312133
1075	goal + no feedback	93	750	-0.003583177419354581
1075	goal + no feedback	93	800	-0.030099344086021256
1075	goal + no feedback	93	850	-0.07234301075268783
1075	goal + no feedback	93	900	NA
1075	goal + no feedback	93	950	NA
1075	goal + no feedback	93	1e3	NA
1075	goal + no feedback	93	1050	NA
1075	goal + no feedback	93	1100	-0.06832467741935459
1075	goal + no feedback	93	1150	0.05660465591397871
1075	goal + no feedback	94	-200	-0.01867632258064487
1075	goal + no feedback	94	-150	-0.00990648924731167
1075	goal + no feedback	94	-100	4.063440860217297e-4
1075	goal + no feedback	94	-50	0.008302510752688397
1075	goal + no feedback	94	0	0.022986677419355006
1075	goal + no feedback	94	50	0.033700010752688435
1075	goal + no feedback	94	100	0.042778510752688424
1075	goal + no feedback	94	150	0.046316177419355085
1075	goal + no feedback	94	200	0.03599367741935514
1075	goal + no feedback	94	250	0.026153344086021695
1075	goal + no feedback	94	300	0.01249734408602173
1075	goal + no feedback	94	350	0.02177251075268834
1075	goal + no feedback	94	400	0.01825884408602178
1075	goal + no feedback	94	450	0.02354167741935509
1075	goal + no feedback	94	500	0.022598677419355024
1075	goal + no feedback	94	550	0.04863384408602175
1075	goal + no feedback	94	600	0.06665101075268831
1075	goal + no feedback	94	650	0.06019167741935494
1075	goal + no feedback	94	700	0.06096167741935502
1075	goal + no feedback	94	750	0.05666834408602176
1075	goal + no feedback	94	800	0.06492317741935505
1075	goal + no feedback	94	850	NA
1075	goal + no feedback	94	900	NA
1075	goal + no feedback	94	950	NA
1075	goal + no feedback	94	1e3	NA
1075	goal + no feedback	94	1050	NA
1075	goal + no feedback	94	1100	NA
1075	goal + no feedback	94	1150	NA
1075	goal + no feedback	95	-200	-0.015224399999999768
1075	goal + no feedback	95	-150	-0.003589899999999776
1075	goal + no feedback	95	-100	-0.0023707333333331526
1075	goal + no feedback	95	-50	0.010566600000000056
1075	goal + no feedback	95	0	0.010618433333333455
1075	goal + no feedback	95	50	0.011488600000000146
1075	goal + no feedback	95	100	0.011739933333333527
1075	goal + no feedback	95	150	0.02409876666666692
1075	goal + no feedback	95	200	0.020383600000000168
1075	goal + no feedback	95	250	0.024424933333333437
1075	goal + no feedback	95	300	0.02853960000000022
1075	goal + no feedback	95	350	0.0298186000000001
1075	goal + no feedback	95	400	0.0442939333333335
1075	goal + no feedback	95	450	0.06852110000000018
1075	goal + no feedback	95	500	0.07874793333333348
1075	goal + no feedback	95	550	0.10781443333333351
1075	goal + no feedback	95	600	0.13381676666666684
1075	goal + no feedback	95	650	0.1386755166666669
1075	goal + no feedback	95	700	NA
1075	goal + no feedback	95	750	NA
1075	goal + no feedback	95	800	NA
1075	goal + no feedback	95	850	NA
1075	goal + no feedback	95	900	-0.192643233333333
1075	goal + no feedback	95	950	NA
1075	goal + no feedback	95	1e3	NA
1075	goal + no feedback	95	1050	NA
1075	goal + no feedback	95	1100	NA
1075	goal + no feedback	95	1150	NA
1075	goal + no feedback	96	-200	0.01611775115207362
1075	goal + no feedback	96	-150	0.003325155913978417
1075	goal + no feedback	96	-100	0.005042655913978382
1075	goal + no feedback	96	-50	-0.007933844086021566
1075	goal + no feedback	96	0	-0.019238010752688384
1075	goal + no feedback	96	50	-0.03158651075268826
1075	goal + no feedback	96	100	-0.05725634408602157
1075	goal + no feedback	96	150	-0.06524217741935494
1075	goal + no feedback	96	200	-0.06815717741935494
1075	goal + no feedback	96	250	-0.07144184408602154
1075	goal + no feedback	96	300	-0.08913434408602157
1075	goal + no feedback	96	350	-0.07844284408602172
1075	goal + no feedback	96	400	-0.05829817741935502
1075	goal + no feedback	96	450	-0.03824101075268819
1075	goal + no feedback	96	500	-0.012355010752688337
1075	goal + no feedback	96	550	0.037196489247311705
1075	goal + no feedback	96	600	0.06735682258064506
1075	goal + no feedback	96	650	0.09703315591397839
1075	goal + no feedback	96	700	0.07936182258064502
1075	goal + no feedback	96	750	0.07140548924731172
1075	goal + no feedback	96	800	0.06956298924731168
1075	goal + no feedback	96	850	0.06227315591397842
1075	goal + no feedback	96	900	0.07345132258064509
1075	goal + no feedback	96	950	0.08920365591397839
1075	goal + no feedback	96	1e3	0.12440515591397842
1075	goal + no feedback	96	1050	0.1294971225806451
1075	goal + no feedback	96	1100	NA
1075	goal + no feedback	96	1150	NA
1075	goal + no feedback	97	-200	-0.02789467741935476
1075	goal + no feedback	97	-150	-0.00679451075268811
1075	goal + no feedback	97	-100	0.007618489247311899
1075	goal + no feedback	97	-50	0.014242155913978557
1075	goal + no feedback	97	0	0.017477655913978502
1075	goal + no feedback	97	50	0.008476822580645157
1075	goal + no feedback	97	100	0.0015153225806451658
1075	goal + no feedback	97	150	-0.0019475107526881381
1075	goal + no feedback	97	200	0.006949822580645175
1075	goal + no feedback	97	250	0.008838489247311898
1075	goal + no feedback	97	300	0.026558989247311926
1075	goal + no feedback	97	350	0.044927322580645246
1075	goal + no feedback	97	400	0.05251848924731184
1075	goal + no feedback	97	450	0.0768841559139785
1075	goal + no feedback	97	500	0.11263432258064514
1075	goal + no feedback	97	550	0.1267049892473119
1075	goal + no feedback	97	600	0.15511932258064517
1075	goal + no feedback	97	650	NA
1075	goal + no feedback	97	700	NA
1075	goal + no feedback	97	750	NA
1075	goal + no feedback	97	800	-0.2695236774193548
1075	goal + no feedback	97	850	0.07630457258064527
1075	goal + no feedback	97	900	0.11350782258064511
1075	goal + no feedback	97	950	0.2648064892473118
1075	goal + no feedback	97	1e3	0.00924132258064514
1075	goal + no feedback	97	1050	NA
1075	goal + no feedback	97	1100	NA
1075	goal + no feedback	97	1150	NA
1075	goal + no feedback	98	-200	-0.003445231182795864
1075	goal + no feedback	98	-150	0.011818506912442192
1075	goal + no feedback	98	-100	0.012956268817204167
1075	goal + no feedback	98	-50	-0.0033998645161292806
1075	goal + no feedback	98	0	-0.017542350230414932
1075	goal + no feedback	98	50	-0.03168866451612917
1075	goal + no feedback	98	100	-0.008904635944700574
1075	goal + no feedback	98	150	-0.026195397849462603
1075	goal + no feedback	98	200	-0.032674897849462425
1075	goal + no feedback	98	250	-0.03858556451612927
1075	goal + no feedback	98	300	-0.0573288978494626
1075	goal + no feedback	98	350	-0.07068589784946251
1075	goal + no feedback	98	400	-0.07718423118279594
1075	goal + no feedback	98	450	-0.0749213978494625
1075	goal + no feedback	98	500	-0.0628377311827959
1075	goal + no feedback	98	550	-0.04809323118279588
1075	goal + no feedback	98	600	-0.02524339784946254
1075	goal + no feedback	98	650	-0.010035064516129122
1075	goal + no feedback	98	700	-0.01170323118279589
1075	goal + no feedback	98	750	-0.002590314516129344
1075	goal + no feedback	98	800	NA
1075	goal + no feedback	98	850	NA
1075	goal + no feedback	98	900	NA
1075	goal + no feedback	98	950	0.08045073548387087
1075	goal + no feedback	98	1e3	0.04237343548387081
1075	goal + no feedback	98	1050	-0.01017189784946256
1075	goal + no feedback	98	1100	0.00853193548387073
1075	goal + no feedback	98	1150	0.061733935483870774
1075	goal + no feedback	99	-200	-0.014695594470045885
1075	goal + no feedback	99	-150	-0.00822695161290321
1075	goal + no feedback	99	-100	-0.003480284946236386
1075	goal + no feedback	99	-50	0.010637215053763619
1075	goal + no feedback	99	0	0.01821488172043025
1075	goal + no feedback	99	50	0.03060421505376354
1075	goal + no feedback	99	100	0.055924215053763625
1075	goal + no feedback	99	150	0.09327154838709688
1075	goal + no feedback	99	200	0.12241321505376357
1075	goal + no feedback	99	250	0.16069738172043024
1075	goal + no feedback	99	300	0.189868048387097
1075	goal + no feedback	99	350	0.19246721505376363
1075	goal + no feedback	99	400	0.2082690483870969
1075	goal + no feedback	99	450	0.22768471505376361
1075	goal + no feedback	99	500	0.23022534838709685
1075	goal + no feedback	99	550	NA
1075	goal + no feedback	99	600	NA
1075	goal + no feedback	99	650	NA
1075	goal + no feedback	99	700	0.18109404838709686
1075	goal + no feedback	99	750	0.2124283817204303
1075	goal + no feedback	99	800	0.20964538172043032
1075	goal + no feedback	99	850	0.21598504838709687
1075	goal + no feedback	99	900	0.23488638172043022
1075	goal + no feedback	99	950	0.27481538172043024
1075	goal + no feedback	99	1e3	0.2865713817204303
1075	goal + no feedback	99	1050	0.3314923817204302
1075	goal + no feedback	99	1100	0.32239054838709685
1075	goal + no feedback	99	1150	0.2965799769585255
1075	goal + no feedback	100	-200	0.00738325806451634
1075	goal + no feedback	100	-150	0.009976424731183023
1075	goal + no feedback	100	-100	0.00787659139784965
1075	goal + no feedback	100	-50	-0.008110241935483634
1075	goal + no feedback	100	0	-0.018356575268816993
1075	goal + no feedback	100	50	-0.032149741935483624
1075	goal + no feedback	100	100	-0.049954408602150245
1075	goal + no feedback	100	150	-0.06830590860215024
1075	goal + no feedback	100	200	-0.07894457526881708
1075	goal + no feedback	100	250	-0.09463457526881684
1075	goal + no feedback	100	300	-0.11372757526881694
1075	goal + no feedback	100	350	-0.1015844086021503
1075	goal + no feedback	100	400	-0.0970575752688169
1075	goal + no feedback	100	450	-0.08665640860215033
1075	goal + no feedback	100	500	-0.052895741935483555
1075	goal + no feedback	100	550	-0.02500690860215034
1075	goal + no feedback	100	600	-0.0074254086021502035
1075	goal + no feedback	100	650	NA
1075	goal + no feedback	100	700	NA
1075	goal + no feedback	100	750	NA
1075	goal + no feedback	100	800	NA
1075	goal + no feedback	100	850	NA
1075	goal + no feedback	100	900	0.0079536580645164
1075	goal + no feedback	100	950	0.0036357580645164
1075	goal + no feedback	100	1e3	0.03370659139784982
1075	goal + no feedback	100	1050	0.06736959139784975
1075	goal + no feedback	100	1100	0.12493259139784978
1075	goal + no feedback	100	1150	0.157071924731183
1075	goal + no feedback	101	-200	0.004871533333333418
1075	goal + no feedback	101	-150	0.0017280333333334525
1075	goal + no feedback	101	-100	0.0034470333333334047
1075	goal + no feedback	101	-50	-0.002278799999999951
1075	goal + no feedback	101	0	-0.007767800000000029
1075	goal + no feedback	101	50	0.0018407000000000284
1075	goal + no feedback	101	100	0.01084220000000006
1075	goal + no feedback	101	150	0.014416866666666714
1075	goal + no feedback	101	200	0.018771533333333295
1075	goal + no feedback	101	250	0.03878669999999995
1075	goal + no feedback	101	300	0.051862200000000115
1075	goal + no feedback	101	350	0.06588620000000008
1075	goal + no feedback	101	400	0.06012486666666672
1075	goal + no feedback	101	450	0.07609786666666674
1075	goal + no feedback	101	500	0.08782820000000006
1075	goal + no feedback	101	550	0.1111798666666668
1075	goal + no feedback	101	600	0.10455103333333342
1075	goal + no feedback	101	650	0.09087770000000006
1075	goal + no feedback	101	700	NA
1075	goal + no feedback	101	750	NA
1075	goal + no feedback	101	800	NA
1075	goal + no feedback	101	850	NA
1075	goal + no feedback	101	900	-0.19116129999999987
1075	goal + no feedback	101	950	-0.03143196666666662
1075	goal + no feedback	101	1e3	-0.030680633333333224
1075	goal + no feedback	101	1050	-0.07341130000000007
1075	goal + no feedback	101	1100	NA
1075	goal + no feedback	101	1150	NA
1075	goal + no feedback	102	-200	-0.01341075115207386
1075	goal + no feedback	102	-150	-0.015796655913978757
1075	goal + no feedback	102	-100	-0.0012496559139787422
1075	goal + no feedback	102	-50	0.011631844086021323
1075	goal + no feedback	102	0	0.02106034408602131
1075	goal + no feedback	102	50	0.03115284408602137
1075	goal + no feedback	102	100	0.02214667741935461
1075	goal + no feedback	102	150	0.021984177419354618
1075	goal + no feedback	102	200	0.010273177419354592
1075	goal + no feedback	102	250	0.010452010752687832
1075	goal + no feedback	102	300	0.01565834408602133
1075	goal + no feedback	102	350	0.024400010752687978
1075	goal + no feedback	102	400	0.028165677419354607
1075	goal + no feedback	102	450	0.04993017741935472
1075	goal + no feedback	102	500	0.038175344086021225
1075	goal + no feedback	102	550	0.04911184408602128
1075	goal + no feedback	102	600	0.0030931774193546646
1075	goal + no feedback	102	650	NA
1075	goal + no feedback	102	700	NA
1075	goal + no feedback	102	750	NA
1075	goal + no feedback	102	800	NA
1075	goal + no feedback	102	850	NA
1075	goal + no feedback	102	900	NA
1075	goal + no feedback	102	950	-0.2517015725806453
1075	goal + no feedback	102	1e3	-0.20709157258064548
1075	goal + no feedback	102	1050	NA
1075	goal + no feedback	102	1100	NA
1075	goal + no feedback	102	1150	NA
1075	goal + no feedback	103	-200	-0.02059843333333326
1075	goal + no feedback	103	-150	-0.009367766666666574
1075	goal + no feedback	103	-100	-5.152666666665695e-4
1075	goal + no feedback	103	-50	0.016531233333333468
1075	goal + no feedback	103	0	0.013950233333333376
1075	goal + no feedback	103	50	0.024226066666666712
1075	goal + no feedback	103	100	0.03036273333333339
1075	goal + no feedback	103	150	0.023448352380952425
1075	goal + no feedback	103	200	0.032111466666666644
1075	goal + no feedback	103	250	0.03053773333333328
1075	goal + no feedback	103	300	0.040062209523809615
1075	goal + no feedback	103	350	0.05540856666666675
1075	goal + no feedback	103	400	0.06291206666666671
1075	goal + no feedback	103	450	0.07596456666666677
1075	goal + no feedback	103	500	0.09473806666666677
1075	goal + no feedback	103	550	0.1056924000000002
1075	goal + no feedback	103	600	0.11405823333333347
1075	goal + no feedback	103	650	0.10908973333333338
1075	goal + no feedback	103	700	0.07836956666666672
1075	goal + no feedback	103	750	NA
1075	goal + no feedback	103	800	NA
1075	goal + no feedback	103	850	NA
1075	goal + no feedback	103	900	NA
1075	goal + no feedback	103	950	-0.05181043333333313
1075	goal + no feedback	103	1e3	0.05345356666666675
1075	goal + no feedback	103	1050	0.1925589000000001
1075	goal + no feedback	103	1100	0.13207406666666666
1075	goal + no feedback	103	1150	0.08131406666666674
1075	goal + no feedback	104	-200	-0.014583266666666464
1075	goal + no feedback	104	-150	-0.001381099999999691
1075	goal + no feedback	104	-100	0.004770566666666791
1075	goal + no feedback	104	-50	0.010531900000000224
1075	goal + no feedback	104	0	6.619000000001041e-4
1075	goal + no feedback	104	50	0.01595073333333345
1075	goal + no feedback	104	100	0.0035357333333335315
1075	goal + no feedback	104	150	-0.0010917666666665493
1075	goal + no feedback	104	200	0.008196233333333488
1075	goal + no feedback	104	250	-0.0011310999999997555
1075	goal + no feedback	104	300	0.0034480666666668234
1075	goal + no feedback	104	350	0.00441156666666694
1075	goal + no feedback	104	400	0.012988233333333543
1075	goal + no feedback	104	450	0.01634423333333353
1075	goal + no feedback	104	500	0.03082423333333358
1075	goal + no feedback	104	550	0.041499566666666876
1075	goal + no feedback	104	600	0.04817223333333357
1075	goal + no feedback	104	650	0.04524640000000021
1075	goal + no feedback	104	700	0.01196340000000018
1075	goal + no feedback	104	750	NA
1075	goal + no feedback	104	800	NA
1075	goal + no feedback	104	850	NA
1075	goal + no feedback	104	900	NA
1075	goal + no feedback	104	950	NA
1075	goal + no feedback	104	1e3	-0.16370976666666634
1075	goal + no feedback	104	1050	-0.131132957142857
1075	goal + no feedback	104	1100	-0.02567926666666646
1075	goal + no feedback	104	1150	0.02443623333333352
1075	goal + no feedback	105	-200	0.02478583870967726
1075	goal + no feedback	105	-150	0.01581983870967722
1075	goal + no feedback	105	-100	-7.45494623656103e-4
1075	goal + no feedback	105	-50	-0.01360349462365599
1075	goal + no feedback	105	0	-0.030387661290322665
1075	goal + no feedback	105	50	-0.030919661290322715
1075	goal + no feedback	105	100	-0.03605532795698937
1075	goal + no feedback	105	150	-0.037362661290322764
1075	goal + no feedback	105	200	-0.049125994623655966
1075	goal + no feedback	105	250	-0.03579066129032271
1075	goal + no feedback	105	300	-0.04590499462365597
1075	goal + no feedback	105	350	-0.054348161290322716
1075	goal + no feedback	105	400	-0.050000161290322774
1075	goal + no feedback	105	450	-0.057076994623656084
1075	goal + no feedback	105	500	-0.036328994623656095
1075	goal + no feedback	105	550	-0.03443199462365598
1075	goal + no feedback	105	600	-0.05228716129032274
1075	goal + no feedback	105	650	NA
1075	goal + no feedback	105	700	NA
1075	goal + no feedback	105	750	NA
1075	goal + no feedback	105	800	NA
1075	goal + no feedback	105	850	NA
1075	goal + no feedback	105	900	NA
1075	goal + no feedback	105	950	NA
1075	goal + no feedback	105	1e3	NA
1075	goal + no feedback	105	1050	NA
1075	goal + no feedback	105	1100	NA
1075	goal + no feedback	105	1150	NA
1075	goal + no feedback	106	-200	0.020505033333333422
1075	goal + no feedback	106	-150	-0.01805379999999997
1075	goal + no feedback	106	-100	-0.009992466666666644
1075	goal + no feedback	106	-50	-0.0032061333333333053
1075	goal + no feedback	106	0	0.010747366666666647
1075	goal + no feedback	106	50	0.023977033333333342
1075	goal + no feedback	106	100	0.03353603333333336
1075	goal + no feedback	106	150	0.03877436666666667
1075	goal + no feedback	106	200	0.015845200000000004
1075	goal + no feedback	106	250	-0.010756133333333251
1075	goal + no feedback	106	300	-0.004552966666666539
1075	goal + no feedback	106	350	-0.013154800000000058
1075	goal + no feedback	106	400	-0.006802299999999928
1075	goal + no feedback	106	450	0.011841433333333384
1075	goal + no feedback	106	500	0.02884789047619047
1075	goal + no feedback	106	550	0.035338533333333366
1075	goal + no feedback	106	600	0.03078420000000004
1075	goal + no feedback	106	650	0.001282533333333354
1075	goal + no feedback	106	700	-0.02006536666666676
1075	goal + no feedback	106	750	-0.05071021666666653
1075	goal + no feedback	106	800	NA
1075	goal + no feedback	106	850	NA
1075	goal + no feedback	106	900	NA
1075	goal + no feedback	106	950	NA
1075	goal + no feedback	106	1e3	NA
1075	goal + no feedback	106	1050	NA
1075	goal + no feedback	106	1100	NA
1075	goal + no feedback	106	1150	NA
1075	goal + no feedback	109	-200	-0.008100631336405721
1075	goal + no feedback	109	-150	-0.0063931741935485675
1075	goal + no feedback	109	-100	-0.004170059907834224
1075	goal + no feedback	109	-50	0.006469059139784757
1075	goal + no feedback	109	0	0.013174392473118099
1075	goal + no feedback	109	50	0.019112559139784713
1075	goal + no feedback	109	100	0.02159289247311813
1075	goal + no feedback	109	150	0.02941072580645147
1075	goal + no feedback	109	200	0.0489898924731181
1075	goal + no feedback	109	250	0.04603389247311821
1075	goal + no feedback	109	300	0.04557639247311821
1075	goal + no feedback	109	350	0.04513472580645147
1075	goal + no feedback	109	400	0.01980355913978486
1075	goal + no feedback	109	450	0.01865872580645152
1075	goal + no feedback	109	500	0.01377155913978482
1075	goal + no feedback	109	550	0.008959625806451488
1075	goal + no feedback	109	600	0.015659654377880132
1075	goal + no feedback	109	650	0.020007559139784803
1075	goal + no feedback	109	700	0.026503225806451258
1075	goal + no feedback	109	750	NA
1075	goal + no feedback	109	800	NA
1075	goal + no feedback	109	850	-0.7929337741935485
1075	goal + no feedback	109	900	0.020922725806451492
1075	goal + no feedback	109	950	-0.018675917050691382
1075	goal + no feedback	109	1e3	-0.025686374193548557
1075	goal + no feedback	109	1050	-0.033704917050691376
1075	goal + no feedback	109	1100	-0.03308910752688184
1075	goal + no feedback	109	1150	0.008746392473118147
1075	goal + no feedback	110	-200	0.004007571428571285
1075	goal + no feedback	110	-150	0.003163833333333107
1075	goal + no feedback	110	-100	0.004046666666666458
1075	goal + no feedback	110	-50	-0.008266833333333631
1075	goal + no feedback	110	0	-0.0036191666666668767
1075	goal + no feedback	110	50	0.0029975999999997784
1075	goal + no feedback	110	100	5.948333333331371e-4
1075	goal + no feedback	110	150	-0.010218571428571568
1075	goal + no feedback	110	200	-0.011848600000000254
1075	goal + no feedback	110	250	-0.013291666666666849
1075	goal + no feedback	110	300	0.0025111666666665458
1075	goal + no feedback	110	350	0.013215999999999768
1075	goal + no feedback	110	400	0.03041566666666647
1075	goal + no feedback	110	450	0.04795016666666648
1075	goal + no feedback	110	500	0.07675099999999979
1075	goal + no feedback	110	550	0.0849938333333331
1075	goal + no feedback	110	600	0.07403399999999971
1075	goal + no feedback	110	650	NA
1075	goal + no feedback	110	700	NA
1075	goal + no feedback	110	750	NA
1075	goal + no feedback	110	800	NA
1075	goal + no feedback	110	850	-0.2360960000000003
1075	goal + no feedback	110	900	-0.15557120000000016
1075	goal + no feedback	110	950	-0.04301100000000021
1075	goal + no feedback	110	1e3	0.12468324999999969
1075	goal + no feedback	110	1050	0.040864833333333093
1075	goal + no feedback	110	1100	0.022251499999999796
1075	goal + no feedback	110	1150	-0.017517500000000224
1075	goal + no feedback	111	-200	0.04837078341013796
1075	goal + no feedback	111	-150	0.01606602150537621
1075	goal + no feedback	111	-100	-0.006480645161290581
1075	goal + no feedback	111	-50	-0.023888145161290526
1075	goal + no feedback	111	0	-0.042129811827957164
1075	goal + no feedback	111	50	-0.05238781182795719
1075	goal + no feedback	111	100	-0.04856864516129056
1075	goal + no feedback	111	150	-0.04176581182795713
1075	goal + no feedback	111	200	-0.05267347849462382
1075	goal + no feedback	111	250	-0.04892864516129055
1075	goal + no feedback	111	300	-0.03533997849462378
1075	goal + no feedback	111	350	-0.025332811827957064
1075	goal + no feedback	111	400	-0.01450031182795719
1075	goal + no feedback	111	450	0.008077354838709416
1075	goal + no feedback	111	500	0.014263688172042821
1075	goal + no feedback	111	550	0.048052688172042814
1075	goal + no feedback	111	600	0.0451671548387095
1075	goal + no feedback	111	650	0.014631854838709435
1075	goal + no feedback	111	700	NA
1075	goal + no feedback	111	750	NA
1075	goal + no feedback	111	800	NA
1075	goal + no feedback	111	850	NA
1075	goal + no feedback	111	900	0.09585535483870933
1075	goal + no feedback	111	950	0.08806006912442374
1075	goal + no feedback	111	1e3	0.09305268817204282
1075	goal + no feedback	111	1050	0.13926635483870942
1075	goal + no feedback	111	1100	0.1680155215053761
1075	goal + no feedback	111	1150	0.16191435483870942
1075	goal + no feedback	112	-200	0.008298981566820058
1075	goal + no feedback	112	-150	-0.0015414946236561218
1075	goal + no feedback	112	-100	0.008257672043010533
1075	goal + no feedback	112	-50	-0.008058327956989464
1075	goal + no feedback	112	0	-0.008339994623656125
1075	goal + no feedback	112	50	-0.01791532795698947
1075	goal + no feedback	112	100	-0.0270796612903228
1075	goal + no feedback	112	150	-0.041490327956989446
1075	goal + no feedback	112	200	-0.05779682795698952
1075	goal + no feedback	112	250	-0.05453649462365617
1075	goal + no feedback	112	300	-0.06405549462365608
1075	goal + no feedback	112	350	-0.057267327956989446
1075	goal + no feedback	112	400	-0.060104994623656115
1075	goal + no feedback	112	450	-0.04648566129032283
1075	goal + no feedback	112	500	-0.03460166129032275
1075	goal + no feedback	112	550	-0.027937327956989517
1075	goal + no feedback	112	600	-0.03587916129032287
1075	goal + no feedback	112	650	NA
1075	goal + no feedback	112	700	NA
1075	goal + no feedback	112	750	-0.007744661290322696
1075	goal + no feedback	112	800	0.015311172043010505
1075	goal + no feedback	112	850	-0.04334832795698951
1075	goal + no feedback	112	900	-0.03199632795698948
1075	goal + no feedback	112	950	-0.014443661290322854
1075	goal + no feedback	112	1e3	0.004975672043010526
1075	goal + no feedback	112	1050	0.030197505376343765
1075	goal + no feedback	112	1100	0.016658838709677253
1075	goal + no feedback	112	1150	0.004082838709677257
1075	goal + no feedback	113	-200	-0.004925033333333421
1075	goal + no feedback	113	-150	-0.007207533333333301
1075	goal + no feedback	113	-100	-8.036999999999997e-4
1075	goal + no feedback	113	-50	0.007193666666666765
1075	goal + no feedback	113	0	0.008142800000000042
1075	goal + no feedback	113	50	-5.135333333332603e-4
1075	goal + no feedback	113	100	-0.016536866666666688
1075	goal + no feedback	113	150	-0.01562869999999994
1075	goal + no feedback	113	200	-0.006154866666666721
1075	goal + no feedback	113	250	-0.013124866666666716
1075	goal + no feedback	113	300	0.0021771333333333587
1075	goal + no feedback	113	350	0.017288799999999993
1075	goal + no feedback	113	400	0.05110980000000002
1075	goal + no feedback	113	450	0.06100296666666664
1075	goal + no feedback	113	500	0.07125863333333331
1075	goal + no feedback	113	550	0.09586180000000007
1075	goal + no feedback	113	600	0.09292596666666675
1075	goal + no feedback	113	650	NA
1075	goal + no feedback	113	700	NA
1075	goal + no feedback	113	750	NA
1075	goal + no feedback	113	800	NA
1075	goal + no feedback	113	850	NA
1075	goal + no feedback	113	900	NA
1075	goal + no feedback	113	950	-0.21427353333333343
1075	goal + no feedback	113	1e3	NA
1075	goal + no feedback	113	1050	NA
1075	goal + no feedback	113	1100	NA
1075	goal + no feedback	113	1150	NA
1075	goal + no feedback	114	-200	0.0170030230414747
1075	goal + no feedback	114	-150	-0.00923488172043004
1075	goal + no feedback	114	-100	-0.018064548387096774
1075	goal + no feedback	114	-50	-9.004838709662326e-5
1075	goal + no feedback	114	0	0.0075526182795699155
1075	goal + no feedback	114	50	0.0019259516129033205
1075	goal + no feedback	114	100	-0.0022695483870967723
1075	goal + no feedback	114	150	-0.020210715053763373
1075	goal + no feedback	114	200	-0.04071288172043008
1075	goal + no feedback	114	250	-0.04483071505376331
1075	goal + no feedback	114	300	-0.03532204838709677
1075	goal + no feedback	114	350	-0.045291548387096814
1075	goal + no feedback	114	400	-0.03654571505376336
1075	goal + no feedback	114	450	-0.018269215053763332
1075	goal + no feedback	114	500	-0.00197454838709669
1075	goal + no feedback	114	550	0.0076231182795698516
1075	goal + no feedback	114	600	0.027591618279569907
1075	goal + no feedback	114	650	0.06499878494623657
1075	goal + no feedback	114	700	0.0611129516129032
1075	goal + no feedback	114	750	0.044654451612903344
1075	goal + no feedback	114	800	NA
1075	goal + no feedback	114	850	NA
1075	goal + no feedback	114	900	NA
1075	goal + no feedback	114	950	0.1415199516129031
1075	goal + no feedback	114	1e3	-0.018354348387096663
1075	goal + no feedback	114	1050	-0.005744215053763361
1075	goal + no feedback	114	1100	0.006788284946236549
1075	goal + no feedback	114	1150	0.041495951612903204
1075	goal + no feedback	115	-200	0.034274377880184205
1075	goal + no feedback	115	-150	0.016322139784946232
1075	goal + no feedback	115	-100	0.0019161397849460176
1075	goal + no feedback	115	-50	-0.00828686021505387
1075	goal + no feedback	115	0	-0.04993819354838713
1075	goal + no feedback	115	50	-0.06424886021505387
1075	goal + no feedback	115	100	-0.06859719354838711
1075	goal + no feedback	115	150	-0.07134336021505387
1075	goal + no feedback	115	200	-0.05942486021505385
1075	goal + no feedback	115	250	-0.055885860215053894
1075	goal + no feedback	115	300	-0.06324902688172045
1075	goal + no feedback	115	350	-0.057043360215053816
1075	goal + no feedback	115	400	-0.0593370268817206
1075	goal + no feedback	115	450	-0.04897452688172047
1075	goal + no feedback	115	500	-0.027978693548387223
1075	goal + no feedback	115	550	-0.024066026881720475
1075	goal + no feedback	115	600	-0.016897360215053874
1075	goal + no feedback	115	650	-0.0341368602150538
1075	goal + no feedback	115	700	-0.054654860215053835
1075	goal + no feedback	115	750	NA
1075	goal + no feedback	115	800	NA
1075	goal + no feedback	115	850	-0.12819619354838707
1075	goal + no feedback	115	900	0.24066255645161283
1075	goal + no feedback	115	950	0.3928408064516129
1075	goal + no feedback	115	1e3	NA
1075	goal + no feedback	115	1050	NA
1075	goal + no feedback	115	1100	0.1650553064516127
1075	goal + no feedback	115	1150	0.2731013064516128
1075	goal + no feedback	116	-200	-0.0033401981566821676
1075	goal + no feedback	116	-150	-2.5048387096782143e-4
1075	goal + no feedback	116	-100	-0.011398317204301142
1075	goal + no feedback	116	-50	-0.0067663172043011715
1075	goal + no feedback	116	0	0.02231201612903222
1075	goal + no feedback	116	50	0.04565718279569886
1075	goal + no feedback	116	100	0.05621751612903222
1075	goal + no feedback	116	150	0.06856868279569883
1075	goal + no feedback	116	200	0.041901682795698836
1075	goal + no feedback	116	250	0.021620682795698915
1075	goal + no feedback	116	300	0.007593182795698909
1075	goal + no feedback	116	350	0.010176682795698833
1075	goal + no feedback	116	400	0.02911068279569884
1075	goal + no feedback	116	450	0.048866349462365566
1075	goal + no feedback	116	500	0.03882184946236548
1075	goal + no feedback	116	550	0.02617568279569893
1075	goal + no feedback	116	600	0.026025182795698838
1075	goal + no feedback	116	650	0.01807018279569883
1075	goal + no feedback	116	700	0.008097849462365506
1075	goal + no feedback	116	750	NA
1075	goal + no feedback	116	800	NA
1075	goal + no feedback	116	850	NA
1075	goal + no feedback	116	900	NA
1075	goal + no feedback	116	950	NA
1075	goal + no feedback	116	1e3	NA
1075	goal + no feedback	116	1050	NA
1075	goal + no feedback	116	1100	NA
1075	goal + no feedback	116	1150	NA
1075	goal + no feedback	117	-200	-0.020239479262672777
1075	goal + no feedback	117	-150	-0.0019428602150536693
1075	goal + no feedback	117	-100	0.01392280645161296
1075	goal + no feedback	117	-50	0.008144639784946358
1075	goal + no feedback	117	0	0.0034881397849462945
1075	goal + no feedback	117	50	-0.015055360215053678
1075	goal + no feedback	117	100	-0.013890193548386906
1075	goal + no feedback	117	150	-0.007494360215053675
1075	goal + no feedback	117	200	-0.006707026881720424
1075	goal + no feedback	117	250	5.944731182796481e-4
1075	goal + no feedback	117	300	-0.0043996935483870585
1075	goal + no feedback	117	350	0.0067608064516129955
1075	goal + no feedback	117	400	0.024373806451613095
1075	goal + no feedback	117	450	0.02753730645161297
1075	goal + no feedback	117	500	0.046228806451612904
1075	goal + no feedback	117	550	0.05738847311827958
1075	goal + no feedback	117	600	0.05355130645161299
1075	goal + no feedback	117	650	NA
1075	goal + no feedback	117	700	NA
1075	goal + no feedback	117	750	NA
1075	goal + no feedback	117	800	NA
1075	goal + no feedback	117	850	NA
1075	goal + no feedback	117	900	NA
1075	goal + no feedback	117	950	NA
1075	goal + no feedback	117	1e3	NA
1075	goal + no feedback	117	1050	NA
1075	goal + no feedback	117	1100	NA
1075	goal + no feedback	117	1150	NA
1075	goal + no feedback	118	-200	3.84304147465629e-4
1075	goal + no feedback	118	-150	-0.004686672043010542
1075	goal + no feedback	118	-100	-2.94172043010595e-4
1075	goal + no feedback	118	-50	0.002064994623656021
1075	goal + no feedback	118	0	0.0024674946236561044
1075	goal + no feedback	118	50	-4.775053763438712e-4
1075	goal + no feedback	118	100	-0.017952338709677235
1075	goal + no feedback	118	150	-0.05319983870967734
1075	goal + no feedback	118	200	-0.06827983870967731
1075	goal + no feedback	118	250	-0.07692083870967721
1075	goal + no feedback	118	300	-0.09935000537634393
1075	goal + no feedback	118	350	-0.1134441720430106
1075	goal + no feedback	118	400	-0.10933983870967719
1075	goal + no feedback	118	450	-0.10362500537634389
1075	goal + no feedback	118	500	-0.08181150537634396
1075	goal + no feedback	118	550	-0.0550711720430106
1075	goal + no feedback	118	600	-0.07080283870967714
1075	goal + no feedback	118	650	NA
1075	goal + no feedback	118	700	NA
1075	goal + no feedback	118	750	NA
1075	goal + no feedback	118	800	NA
1075	goal + no feedback	118	850	NA
1075	goal + no feedback	118	900	NA
1075	goal + no feedback	118	950	NA
1075	goal + no feedback	118	1e3	NA
1075	goal + no feedback	118	1050	NA
1075	goal + no feedback	118	1100	NA
1075	goal + no feedback	118	1150	NA
1075	goal + no feedback	119	-200	0.017068599999999767
1075	goal + no feedback	119	-150	0.013923266666666434
1075	goal + no feedback	119	-100	0.007552599999999761
1075	goal + no feedback	119	-50	-0.006646733333333543
1075	goal + no feedback	119	0	-0.031897733333333456
1075	goal + no feedback	119	50	-0.05504190000000012
1075	goal + no feedback	119	100	-0.07092423333333346
1075	goal + no feedback	119	150	-0.08493556666666675
1075	goal + no feedback	119	200	-0.07966673333333348
1075	goal + no feedback	119	250	-0.072311566666666785
1075	goal + no feedback	119	300	-0.0635132333333334
1075	goal + no feedback	119	350	-0.05511990000000022
1075	goal + no feedback	119	400	-0.026239400000000208
1075	goal + no feedback	119	450	0.00942026666666651
1075	goal + no feedback	119	500	0.04531876666666649
1075	goal + no feedback	119	550	0.05781426666666656
1075	goal + no feedback	119	600	NA
1075	goal + no feedback	119	650	NA
1075	goal + no feedback	119	700	NA
1075	goal + no feedback	119	750	NA
1075	goal + no feedback	119	800	NA
1075	goal + no feedback	119	850	NA
1075	goal + no feedback	119	900	0.03301534999999978
1075	goal + no feedback	119	950	NA
1075	goal + no feedback	119	1e3	NA
1075	goal + no feedback	119	1050	NA
1075	goal + no feedback	119	1100	NA
1075	goal + no feedback	119	1150	NA
1075	goal + no feedback	120	-200	NA
1075	goal + no feedback	120	-150	NA
1075	goal + no feedback	120	-100	NA
1075	goal + no feedback	120	-50	NA
1075	goal + no feedback	120	0	0
1075	goal + no feedback	120	50	0.03238979999999998
1075	goal + no feedback	120	100	0.033096666666666774
1075	goal + no feedback	120	150	0.045442833333333356
1075	goal + no feedback	120	200	0.03331666666666666
1075	goal + no feedback	120	250	-0.00753433333333331
1075	goal + no feedback	120	300	-0.007280500000000097
1075	goal + no feedback	120	350	-0.024355833333333354
1075	goal + no feedback	120	400	-0.03189316666666664
1075	goal + no feedback	120	450	-0.03637649999999996
1075	goal + no feedback	120	500	-0.05405883333333331
1075	goal + no feedback	120	550	-0.08120300000000007
1075	goal + no feedback	120	600	-0.08173583333333334
1075	goal + no feedback	120	650	-0.0893551666666667
1075	goal + no feedback	120	700	-0.08822899999999996
1075	goal + no feedback	120	750	-0.08618483333333334
1075	goal + no feedback	120	800	-0.10399400000000007
1075	goal + no feedback	120	850	-0.11471100000000001
1075	goal + no feedback	120	900	-0.13408699999999993
1075	goal + no feedback	120	950	-0.142077
1075	goal + no feedback	120	1e3	-0.16748733333333332
1075	goal + no feedback	120	1050	-0.1732465
1075	goal + no feedback	120	1100	-0.1876994999999999
1075	goal + no feedback	120	1150	-0.1898423333333333
1075	goal + no feedback	121	-200	0.027824654377880047
1075	goal + no feedback	121	-150	-0.008359107526881848
1075	goal + no feedback	121	-100	-0.006517940860215177
1075	goal + no feedback	121	-50	-0.00780860752688195
1075	goal + no feedback	121	0	-0.009776440860215155
1075	goal + no feedback	121	50	-0.02732610752688173
1075	goal + no feedback	121	100	-0.014521107526881924
1075	goal + no feedback	121	150	-0.029149440860215165
1075	goal + no feedback	121	200	-0.007632440860215232
1075	goal + no feedback	121	250	-0.012266440860215186
1075	goal + no feedback	121	300	0.02210122580645139
1075	goal + no feedback	121	350	0.024313225806451493
1075	goal + no feedback	121	400	0.03337522580645139
1075	goal + no feedback	121	450	0.021598892473118154
1075	goal + no feedback	121	500	0.012212392473118191
1075	goal + no feedback	121	550	0.02668289247311802
1075	goal + no feedback	121	600	0.018799392473118164
1075	goal + no feedback	121	650	0.010528059139784718
1075	goal + no feedback	121	700	-0.02645344086021521
1075	goal + no feedback	121	750	NA
1075	goal + no feedback	121	800	NA
1075	goal + no feedback	121	850	NA
1075	goal + no feedback	121	900	NA
1075	goal + no feedback	121	950	NA
1075	goal + no feedback	121	1e3	NA
1075	goal + no feedback	121	1050	NA
1075	goal + no feedback	121	1100	NA
1075	goal + no feedback	121	1150	0.02358255913978491
1075	goal + no feedback	122	-200	0.0033731666666668345
1075	goal + no feedback	122	-150	0.0073078333333335506
1075	goal + no feedback	122	-100	-9.201666666664258e-4
1075	goal + no feedback	122	-50	-2.2183333333310648e-4
1075	goal + no feedback	122	0	-0.009538999999999817
1075	goal + no feedback	122	50	-0.01101499999999985
1075	goal + no feedback	122	100	-0.00556499999999982
1075	goal + no feedback	122	150	-0.016939833333333116
1075	goal + no feedback	122	200	-0.03837149999999978
1075	goal + no feedback	122	250	-0.0230074999999997
1075	goal + no feedback	122	300	-0.01987083333333306
1075	goal + no feedback	122	350	-0.024604999999999766
1075	goal + no feedback	122	400	-0.009059999999999771
1075	goal + no feedback	122	450	0.014627500000000238
1075	goal + no feedback	122	500	0.03727900000000021
1075	goal + no feedback	122	550	0.05527583333333356
1075	goal + no feedback	122	600	0.06047983333333362
1075	goal + no feedback	122	650	NA
1075	goal + no feedback	122	700	NA
1075	goal + no feedback	122	750	NA
1075	goal + no feedback	122	800	NA
1075	goal + no feedback	122	850	0.07277383333333365
1075	goal + no feedback	122	900	0.12493850000000022
1075	goal + no feedback	122	950	0.05777063333333361
1075	goal + no feedback	122	1e3	0.05448811904761922
1075	goal + no feedback	122	1050	0.05968383333333351
1075	goal + no feedback	122	1100	0.08593511904761934
1075	goal + no feedback	122	1150	0.08784750000000023
1075	goal + no feedback	123	-200	-0.0433219032258065
1075	goal + no feedback	123	-150	-0.013270236559139873
1075	goal + no feedback	123	-100	0.025380430107526813
1075	goal + no feedback	123	-50	0.025764763440860133
1075	goal + no feedback	123	0	0.012667263440860074
1075	goal + no feedback	123	50	0.022780430107526728
1075	goal + no feedback	123	100	0.01185626344086003
1075	goal + no feedback	123	150	-0.0027580698924731806
1075	goal + no feedback	123	200	-0.01667306989247323
1075	goal + no feedback	123	250	-0.03343740322580661
1075	goal + no feedback	123	300	-0.04450806989247328
1075	goal + no feedback	123	350	-0.05362423655913987
1075	goal + no feedback	123	400	-0.04405973655913997
1075	goal + no feedback	123	450	-0.04538790322580658
1075	goal + no feedback	123	500	-0.024894236559139877
1075	goal + no feedback	123	550	-0.013650903225806532
1075	goal + no feedback	123	600	-0.014839903225806564
1075	goal + no feedback	123	650	-0.04005390322580663
1075	goal + no feedback	123	700	-0.05543440322580673
1075	goal + no feedback	123	750	NA
1075	goal + no feedback	123	800	NA
1075	goal + no feedback	123	850	NA
1075	goal + no feedback	123	900	NA
1075	goal + no feedback	123	950	-0.2410369032258065
1075	goal + no feedback	123	1e3	-0.051150903225806545
1075	goal + no feedback	123	1050	-0.07863806989247328
1075	goal + no feedback	123	1100	-0.11521756989247327
1075	goal + no feedback	123	1150	-0.06520656989247324
1075	goal + no feedback	124	-200	0.0014303179723500798
1075	goal + no feedback	124	-150	-0.001892301075269091
1075	goal + no feedback	124	-100	-0.006967967741935717
1075	goal + no feedback	124	-50	4.236989247309679e-4
1075	goal + no feedback	124	0	0.006767865591397637
1075	goal + no feedback	124	50	0.01789586559139759
1075	goal + no feedback	124	100	0.026865032258064286
1075	goal + no feedback	124	150	0.05218853225806434
1075	goal + no feedback	124	200	0.050605865591397604
1075	goal + no feedback	124	250	0.07756653225806431
1075	goal + no feedback	124	300	0.05969319892473105
1075	goal + no feedback	124	350	0.04933186559139768
1075	goal + no feedback	124	400	0.040133032258064194
1075	goal + no feedback	124	450	0.04637219892473099
1075	goal + no feedback	124	500	0.033337365591397626
1075	goal + no feedback	124	550	0.0365680322580643
1075	goal + no feedback	124	600	0.04291303225806442
1075	goal + no feedback	124	650	NA
1075	goal + no feedback	124	700	NA
1075	goal + no feedback	124	750	NA
1075	goal + no feedback	124	800	-0.22963446774193563
1075	goal + no feedback	124	850	-0.04880246774193564
1075	goal + no feedback	124	900	-0.03236696774193574
1075	goal + no feedback	124	950	0.006880365591397671
1075	goal + no feedback	124	1e3	0.06076686559139769
1075	goal + no feedback	124	1050	0.07662169892473096
1075	goal + no feedback	124	1100	0.09837253225806435
1075	goal + no feedback	124	1150	0.10927803225806436
1075	goal + no feedback	125	-200	0.03526883333333308
1075	goal + no feedback	125	-150	0.013804666666666465
1075	goal + no feedback	125	-100	0.0055114999999998915
1075	goal + no feedback	125	-50	-0.02682600000000024
1075	goal + no feedback	125	0	-0.027759000000000162
1075	goal + no feedback	125	50	-0.027032333333333547
1075	goal + no feedback	125	100	-0.03654233333333353
1075	goal + no feedback	125	150	-0.042927000000000236
1075	goal + no feedback	125	200	-0.04846816666666679
1075	goal + no feedback	125	250	-0.03607616666666676
1075	goal + no feedback	125	300	-0.03977116666666691
1075	goal + no feedback	125	350	-0.03685700000000014
1075	goal + no feedback	125	400	-0.027449833333333434
1075	goal + no feedback	125	450	-0.033284833333333465
1075	goal + no feedback	125	500	-0.02453133333333346
1075	goal + no feedback	125	550	-0.021002500000000184
1075	goal + no feedback	125	600	-0.021043333333333525
1075	goal + no feedback	125	650	-0.01307516666666686
1075	goal + no feedback	125	700	-0.0035710000000001387
1075	goal + no feedback	125	750	0.003909999999999858
1075	goal + no feedback	125	800	0.025252999999999748
1075	goal + no feedback	125	850	NA
1075	goal + no feedback	125	900	NA
1075	goal + no feedback	125	950	-0.23181399999999996
1075	goal + no feedback	125	1e3	0.020498199999999755
1075	goal + no feedback	125	1050	0.07913466666666658
1075	goal + no feedback	125	1100	0.03310066666666652
1075	goal + no feedback	125	1150	0.0458096666666666
1075	goal + no feedback	126	-200	0.005710599078341261
1075	goal + no feedback	126	-150	0.009075575268817415
1075	goal + no feedback	126	-100	-0.009092758064515927
1075	goal + no feedback	126	-50	-0.00911025806451593
1075	goal + no feedback	126	0	0.0024650752688173405
1075	goal + no feedback	126	50	0.003018408602150672
1075	goal + no feedback	126	100	0.018894575268817288
1075	goal + no feedback	126	150	0.006418741935484122
1075	goal + no feedback	126	200	-0.00217892473118253
1075	goal + no feedback	126	250	-7.307580645159462e-4
1075	goal + no feedback	126	300	0.002166741935483977
1075	goal + no feedback	126	350	-0.011206424731182643
1075	goal + no feedback	126	400	-0.012092258064515896
1075	goal + no feedback	126	450	-0.005065924731182614
1075	goal + no feedback	126	500	-0.01458175806451593
1075	goal + no feedback	126	550	-0.017223758064515888
1075	goal + no feedback	126	600	-0.03289992473118253
1075	goal + no feedback	126	650	-0.05993950806451587
1075	goal + no feedback	126	700	NA
1075	goal + no feedback	126	750	NA
1075	goal + no feedback	126	800	NA
1075	goal + no feedback	126	850	NA
1075	goal + no feedback	126	900	NA
1075	goal + no feedback	126	950	-0.31231645806451597
1075	goal + no feedback	126	1e3	-0.10933885806451586
1075	goal + no feedback	126	1050	-0.1888354580645159
1075	goal + no feedback	126	1100	-0.16964209139784914
1075	goal + no feedback	126	1150	-0.1253935913978493
1075	goal + no feedback	127	-200	0.024240958525345642
1075	goal + no feedback	127	-150	0.009011553763440835
1075	goal + no feedback	127	-100	-0.00613111290322584
1075	goal + no feedback	127	-50	-0.013407279569892516
1075	goal + no feedback	127	0	-0.017754279569892468
1075	goal + no feedback	127	50	-0.01913594623655901
1075	goal + no feedback	127	100	-0.016507279569892397
1075	goal + no feedback	127	150	-0.018568946236559098
1075	goal + no feedback	127	200	-0.006681446236559048
1075	goal + no feedback	127	250	-0.006506612903225702
1075	goal + no feedback	127	300	-0.011228779569892358
1075	goal + no feedback	127	350	-0.0037507795698923374
1075	goal + no feedback	127	400	0.016466887096774203
1075	goal + no feedback	127	450	0.025197887096774174
1075	goal + no feedback	127	500	0.07225072043010757
1075	goal + no feedback	127	550	NA
1075	goal + no feedback	127	600	NA
1075	goal + no feedback	127	650	NA
1075	goal + no feedback	127	700	NA
1075	goal + no feedback	127	750	NA
1075	goal + no feedback	127	800	0.007314637096774268
1075	goal + no feedback	127	850	0.031124672811059968
1075	goal + no feedback	127	900	-0.06793894623655916
1075	goal + no feedback	127	950	-0.03793594623655908
1075	goal + no feedback	127	1e3	-0.006613612903225781
1075	goal + no feedback	127	1050	0.011252220430107615
1075	goal + no feedback	127	1100	0.027768887096774275
1075	goal + no feedback	127	1150	0.01475788709677417
1075	goal + no feedback	128	-200	0.020255700000000248
1075	goal + no feedback	128	-150	0.013620866666666767
1075	goal + no feedback	128	-100	0.003646533333333535
1075	goal + no feedback	128	-50	-0.020439466666666444
1075	goal + no feedback	128	0	-0.01708363333333307
1075	goal + no feedback	128	50	-0.049590633333333134
1075	goal + no feedback	128	100	-0.060924466666666545
1075	goal + no feedback	128	150	-0.051928966666666465
1075	goal + no feedback	128	200	-0.06092246666666649
1075	goal + no feedback	128	250	-0.06045246666666645
1075	goal + no feedback	128	300	-0.04861796666666648
1075	goal + no feedback	128	350	-0.04653379999999988
1075	goal + no feedback	128	400	-0.044729299999999826
1075	goal + no feedback	128	450	-0.009626966666666478
1075	goal + no feedback	128	500	0.0036678666666668893
1075	goal + no feedback	128	550	0.030119200000000273
1075	goal + no feedback	128	600	0.040546700000000234
1075	goal + no feedback	128	650	NA
1075	goal + no feedback	128	700	NA
1075	goal + no feedback	128	750	NA
1075	goal + no feedback	128	800	NA
1075	goal + no feedback	128	850	NA
1075	goal + no feedback	128	900	NA
1075	goal + no feedback	128	950	NA
1075	goal + no feedback	128	1e3	NA
1075	goal + no feedback	128	1050	NA
1075	goal + no feedback	128	1100	NA
1075	goal + no feedback	128	1150	-0.09924913333333318
1075	goal + no feedback	129	-200	-0.00919509216589866
1075	goal + no feedback	129	-150	-0.007791473118279546
1075	goal + no feedback	129	-100	-0.006444473118279559
1075	goal + no feedback	129	-50	0.009286193548387075
1075	goal + no feedback	129	0	0.015677360215053653
1075	goal + no feedback	129	50	0.011356193548387017
1075	goal + no feedback	129	100	0.01503019354838712
1075	goal + no feedback	129	150	0.013839193548387104
1075	goal + no feedback	129	200	0.01707069354838701
1075	goal + no feedback	129	250	0.015146026881720362
1075	goal + no feedback	129	300	0.015883693548387035
1075	goal + no feedback	129	350	0.01997099354838703
1075	goal + no feedback	129	400	0.036822336405529885
1075	goal + no feedback	129	450	0.04819886021505367
1075	goal + no feedback	129	500	0.06915502688172041
1075	goal + no feedback	129	550	0.07182386021505367
1075	goal + no feedback	129	600	0.06734969354838705
1075	goal + no feedback	129	650	NA
1075	goal + no feedback	129	700	NA
1075	goal + no feedback	129	750	NA
1075	goal + no feedback	129	800	NA
1075	goal + no feedback	129	850	-0.1380941397849463
1075	goal + no feedback	129	900	0.15648619354838708
1075	goal + no feedback	129	950	0.006539193548387019
1075	goal + no feedback	129	1e3	0.011390526881720412
1075	goal + no feedback	129	1050	0.04580402688172044
1075	goal + no feedback	129	1100	0.11745902688172039
1075	goal + no feedback	129	1150	0.17388952688172035
1075	goal + no feedback	130	-200	0.017603043010752845
1075	goal + no feedback	130	-150	0.004332852534562155
1075	goal + no feedback	130	-100	-2.67290322580586e-4
1075	goal + no feedback	130	-50	-0.015482623655913944
1075	goal + no feedback	130	0	-0.006908123655913941
1075	goal + no feedback	130	50	-0.007122456989247257
1075	goal + no feedback	130	100	-0.018439290322580664
1075	goal + no feedback	130	150	-0.025704623655914045
1075	goal + no feedback	130	200	-0.019484123655913937
1075	goal + no feedback	130	250	-0.027266623655913962
1075	goal + no feedback	130	300	-0.028475456989247288
1075	goal + no feedback	130	350	-0.029949456989247263
1075	goal + no feedback	130	400	-0.04746145698924731
1075	goal + no feedback	130	450	-0.04388895698924733
1075	goal + no feedback	130	500	-0.04332949032258062
1075	goal + no feedback	130	550	-0.031052623655913953
1075	goal + no feedback	130	600	-0.029989290322580537
1075	goal + no feedback	130	650	0.04316470967741933
1075	goal + no feedback	130	700	NA
1075	goal + no feedback	130	750	NA
1075	goal + no feedback	130	800	NA
1075	goal + no feedback	130	850	NA
1075	goal + no feedback	130	900	NA
1075	goal + no feedback	130	950	NA
1075	goal + no feedback	130	1e3	NA
1075	goal + no feedback	130	1050	NA
1075	goal + no feedback	130	1100	NA
1075	goal + no feedback	130	1150	NA
1075	goal + no feedback	131	-200	-0.007169866359447179
1075	goal + no feedback	131	-150	0.005559752688171808
1075	goal + no feedback	131	-100	-8.802473118281195e-4
1075	goal + no feedback	131	-50	0.008171419354838486
1075	goal + no feedback	131	0	-0.004486080645161501
1075	goal + no feedback	131	50	0.005349586021505148
1075	goal + no feedback	131	100	-0.007191247311828149
1075	goal + no feedback	131	150	-0.011729247311828228
1075	goal + no feedback	131	200	-0.01647991397849487
1075	goal + no feedback	131	250	-0.004255580645161479
1075	goal + no feedback	131	300	-0.0012994139784948306
1075	goal + no feedback	131	350	0.006975086021505132
1075	goal + no feedback	131	400	0.011852086021505226
1075	goal + no feedback	131	450	0.016824086021505202
1075	goal + no feedback	131	500	0.042367586021505144
1075	goal + no feedback	131	550	0.0494444193548386
1075	goal + no feedback	131	600	0.052082252688171904
1075	goal + no feedback	131	650	0.039662086021505116
1075	goal + no feedback	131	700	0.006559919354838535
1075	goal + no feedback	131	750	0.11665401935483848
1075	goal + no feedback	131	800	NA
1075	goal + no feedback	131	850	NA
1075	goal + no feedback	131	900	NA
1075	goal + no feedback	131	950	-0.22626658064516145
1075	goal + no feedback	131	1e3	-0.06646058064516147
1075	goal + no feedback	131	1050	0.05860341935483859
1075	goal + no feedback	131	1100	0.044532419354838426
1075	goal + no feedback	131	1150	-0.0143547473118281
1075	goal + no feedback	132	-200	NA
1075	goal + no feedback	132	-150	NA
1075	goal + no feedback	132	-100	NA
1075	goal + no feedback	132	-50	NA
1075	goal + no feedback	132	0	NA
1075	goal + no feedback	132	50	NA
1075	goal + no feedback	132	100	NA
1075	goal + no feedback	132	150	NA
1075	goal + no feedback	132	200	NA
1075	goal + no feedback	132	250	NA
1075	goal + no feedback	132	300	NA
1075	goal + no feedback	132	350	NA
1075	goal + no feedback	132	400	NA
1075	goal + no feedback	132	450	NA
1075	goal + no feedback	132	500	NA
1075	goal + no feedback	132	550	NA
1075	goal + no feedback	132	600	NA
1075	goal + no feedback	132	650	NA
1075	goal + no feedback	132	700	NA
1075	goal + no feedback	132	750	NA
1075	goal + no feedback	132	800	NA
1075	goal + no feedback	132	850	NA
1075	goal + no feedback	132	900	NA
1075	goal + no feedback	132	950	NA
1075	goal + no feedback	132	1e3	NA
1075	goal + no feedback	132	1050	NA
1075	goal + no feedback	132	1100	NA
1075	goal + no feedback	132	1150	NA
1075	goal + no feedback	133	-200	-0.03563713333333348
1075	goal + no feedback	133	-150	-0.006079300000000047
1075	goal + no feedback	133	-100	-0.007050133333333486
1075	goal + no feedback	133	-50	0.007746866666666685
1075	goal + no feedback	133	0	0.04101969999999996
1075	goal + no feedback	133	50	0.1063893666666665
1075	goal + no feedback	133	100	0.19312153333333323
1075	goal + no feedback	133	150	-0.028846300000000102
1075	goal + no feedback	133	200	0.18296436666666657
1075	goal + no feedback	133	250	0.27618919999999986
1075	goal + no feedback	133	300	0.023668699999999987
1075	goal + no feedback	133	350	-0.015148300000000114
1075	goal + no feedback	133	400	-0.004840466666666747
1075	goal + no feedback	133	450	-0.14141913333333345
1075	goal + no feedback	133	500	0.5449800333333332
1075	goal + no feedback	133	550	0.5504210333333333
1075	goal + no feedback	133	600	0.5634078666666668
1075	goal + no feedback	133	650	0.5551218666666666
1075	goal + no feedback	133	700	0.5776696999999998
1075	goal + no feedback	133	750	0.5599943666666666
1075	goal + no feedback	133	800	0.5961108666666666
1075	goal + no feedback	133	850	0.5641403666666666
1075	goal + no feedback	133	900	0.5467220333333332
1075	goal + no feedback	133	950	0.5146352
1075	goal + no feedback	133	1e3	0.4886778666666666
1075	goal + no feedback	133	1050	0.4705690333333333
1075	goal + no feedback	133	1100	0.44336519999999996
1075	goal + no feedback	133	1150	0.42401186666666657
1075	goal + no feedback	134	-200	0.028798529953917358
1075	goal + no feedback	134	-150	0.020373053763441007
1075	goal + no feedback	134	-100	-0.012756779569892332
1075	goal + no feedback	134	-50	-0.009351612903225615
1075	goal + no feedback	134	0	-0.03186294623655894
1075	goal + no feedback	134	50	-0.012387946236559033
1075	goal + no feedback	134	100	-0.009287279569892245
1075	goal + no feedback	134	150	8.052204301077411e-4
1075	goal + no feedback	134	200	-0.0010986129032256227
1075	goal + no feedback	134	250	0.0057625537634410735
1075	goal + no feedback	134	300	0.014855720430107558
1075	goal + no feedback	134	350	0.013635887096774324
1075	goal + no feedback	134	400	0.025194220430107734
1075	goal + no feedback	134	450	0.032222553763441075
1075	goal + no feedback	134	500	0.049535053763440993
1075	goal + no feedback	134	550	0.04782588709677441
1075	goal + no feedback	134	600	0.05390455376344091
1075	goal + no feedback	134	650	0.04319338709677423
1075	goal + no feedback	134	700	NA
1075	goal + no feedback	134	750	NA
1075	goal + no feedback	134	800	-0.06750061290322584
1075	goal + no feedback	134	850	0.00867781566820293
1075	goal + no feedback	134	900	-0.054987946236559004
1075	goal + no feedback	134	950	-0.045700779569892346
1075	goal + no feedback	134	1e3	-0.023552446236559055
1075	goal + no feedback	134	1050	-0.002705112903225615
1075	goal + no feedback	134	1100	0.022899720430107722
1075	goal + no feedback	134	1150	0.045617887096774355
1075	goal + no feedback	135	-200	-0.0034666000000001715
1075	goal + no feedback	135	-150	-0.006619100000000211
1075	goal + no feedback	135	-100	0.013863399999999823
1075	goal + no feedback	135	-50	-0.002588933333333543
1075	goal + no feedback	135	0	-0.001188766666666859
1075	goal + no feedback	135	50	-0.006864266666666803
1075	goal + no feedback	135	100	-0.0017401000000001332
1075	goal + no feedback	135	150	-0.030577766666666895
1075	goal + no feedback	135	200	-0.03607460000000021
1075	goal + no feedback	135	250	-0.038208933333333604
1075	goal + no feedback	135	300	-0.03936676666666691
1075	goal + no feedback	135	350	-0.04320126666666694
1075	goal + no feedback	135	400	-0.03384676666666686
1075	goal + no feedback	135	450	-0.017668766666666762
1075	goal + no feedback	135	500	-0.01495893333333361
1075	goal + no feedback	135	550	0.005421899999999831
1075	goal + no feedback	135	600	0.017074566666666513
1075	goal + no feedback	135	650	-0.00562076666666685
1075	goal + no feedback	135	700	-0.011327866666666875
1075	goal + no feedback	135	750	NA
1075	goal + no feedback	135	800	NA
1075	goal + no feedback	135	850	NA
1075	goal + no feedback	135	900	NA
1075	goal + no feedback	135	950	-0.04395776666666684
1075	goal + no feedback	135	1e3	0.02288173333333319
1075	goal + no feedback	135	1050	-0.03177843333333352
1075	goal + no feedback	135	1100	-0.007583100000000176
1075	goal + no feedback	135	1150	0.021695399999999736
1075	goal + no feedback	137	-200	0.014314751152073844
1075	goal + no feedback	137	-150	-0.0034931774193546574
1075	goal + no feedback	137	-100	-5.302774193546966e-4
1075	goal + no feedback	137	-50	0.0010823225806453657
1075	goal + no feedback	137	0	-0.014028177419354693
1075	goal + no feedback	137	50	-0.016914677419354634
1075	goal + no feedback	137	100	-0.029518677419354617
1075	goal + no feedback	137	150	-0.04051767741935467
1075	goal + no feedback	137	200	-0.04971351075268804
1075	goal + no feedback	137	250	-0.06041451075268811
1075	goal + no feedback	137	300	-0.07605634408602129
1075	goal + no feedback	137	350	-0.09559301075268796
1075	goal + no feedback	137	400	-0.09818184408602137
1075	goal + no feedback	137	450	-0.11312184408602133
1075	goal + no feedback	137	500	-0.10510384408602132
1075	goal + no feedback	137	550	-0.10244734408602141
1075	goal + no feedback	137	600	-0.13351592741935459
1075	goal + no feedback	137	650	NA
1075	goal + no feedback	137	700	NA
1075	goal + no feedback	137	750	NA
1075	goal + no feedback	137	800	NA
1075	goal + no feedback	137	850	NA
1075	goal + no feedback	137	900	NA
1075	goal + no feedback	137	950	-0.26241107741935465
1075	goal + no feedback	137	1e3	-0.18323201075268805
1075	goal + no feedback	137	1050	-0.031152510752688062
1075	goal + no feedback	137	1100	-0.024017677419354715
1075	goal + no feedback	137	1150	-0.06721951075268799
1075	goal + no feedback	138	-200	0.014443534562212004
1075	goal + no feedback	138	-150	-0.0036196559139785776
1075	goal + no feedback	138	-100	-0.007883489247311934
1075	goal + no feedback	138	-50	-0.007751322580645222
1075	goal + no feedback	138	0	0.0024036774193548402
1075	goal + no feedback	138	50	0.010830844086021418
1075	goal + no feedback	138	100	0.035987344086021444
1075	goal + no feedback	138	150	0.033446177419354704
1075	goal + no feedback	138	200	0.046424177419354784
1075	goal + no feedback	138	250	0.03348384408602145
1075	goal + no feedback	138	300	0.02663301075268798
1075	goal + no feedback	138	350	0.03740351075268814
1075	goal + no feedback	138	400	0.06192951075268812
1075	goal + no feedback	138	450	0.06670907741935483
1075	goal + no feedback	138	500	0.09163667741935473
1075	goal + no feedback	138	550	0.1081430107526881
1075	goal + no feedback	138	600	0.07119967741935478
1075	goal + no feedback	138	650	0.03934307741935479
1075	goal + no feedback	138	700	NA
1075	goal + no feedback	138	750	NA
1075	goal + no feedback	138	800	NA
1075	goal + no feedback	138	850	-0.2442713225806452
1075	goal + no feedback	138	900	-0.002953572580645214
1075	goal + no feedback	138	950	-0.02921282258064517
1075	goal + no feedback	138	1e3	-0.05470748924731191
1075	goal + no feedback	138	1050	-0.025493989247311905
1075	goal + no feedback	138	1100	6.717741935480248e-5
1075	goal + no feedback	138	1150	0.03174717741935481
1075	goal + no feedback	139	-200	0.0018461935483869826
1075	goal + no feedback	139	-150	0.004755526881720318
1075	goal + no feedback	139	-100	0.011438526881720312
1075	goal + no feedback	139	-50	-0.015452973118279681
1075	goal + no feedback	139	0	-0.002894973118279761
1075	goal + no feedback	139	50	-0.001206639784946469
1075	goal + no feedback	139	100	0.004947193548386908
1075	goal + no feedback	139	150	0.002632693548386985
1075	goal + no feedback	139	200	0.003823026881720241
1075	goal + no feedback	139	250	0.0022096935483870705
1075	goal + no feedback	139	300	-0.002765139784946413
1075	goal + no feedback	139	350	-0.005683973118279839
1075	goal + no feedback	139	400	-0.01533347311827978
1075	goal + no feedback	139	450	-0.009330639784946415
1075	goal + no feedback	139	500	0.00961486021505357
1075	goal + no feedback	139	550	-0.007329806451613112
1075	goal + no feedback	139	600	0.0030590268817204023
1075	goal + no feedback	139	650	-0.014635139784946313
1075	goal + no feedback	139	700	-0.037657473118279716
1075	goal + no feedback	139	750	NA
1075	goal + no feedback	139	800	NA
1075	goal + no feedback	139	850	NA
1075	goal + no feedback	139	900	NA
1075	goal + no feedback	139	950	-0.2991908064516129
1075	goal + no feedback	139	1e3	-0.16800500645161306
1075	goal + no feedback	139	1050	0.11893069354838692
1075	goal + no feedback	139	1100	-0.05426313978494638
1075	goal + no feedback	139	1150	-0.10927347311827984
1075	goal + no feedback	140	-200	-0.009126133333333378
1075	goal + no feedback	140	-150	7.18699999999887e-4
1075	goal + no feedback	140	-100	0.0030280333333332354
1075	goal + no feedback	140	-50	0.007266866666666501
1075	goal + no feedback	140	0	-0.001887466666666689
1075	goal + no feedback	140	50	-0.0053514666666668225
1075	goal + no feedback	140	100	-0.006558633333333397
1075	goal + no feedback	140	150	-0.0278709666666667
1075	goal + no feedback	140	200	-0.026053633333333437
1075	goal + no feedback	140	250	-0.03713913333333337
1075	goal + no feedback	140	300	-0.0468641333333335
1075	goal + no feedback	140	350	-0.05238480000000001
1075	goal + no feedback	140	400	-0.0437016333333334
1075	goal + no feedback	140	450	-0.031537133333333335
1075	goal + no feedback	140	500	-0.012934133333333412
1075	goal + no feedback	140	550	0.009732699999999891
1075	goal + no feedback	140	600	0.027422866666666563
1075	goal + no feedback	140	650	0.020899033333333206
1075	goal + no feedback	140	700	0.1083672
1075	goal + no feedback	140	750	NA
1075	goal + no feedback	140	800	NA
1075	goal + no feedback	140	850	NA
1075	goal + no feedback	140	900	-0.12320580000000003
1075	goal + no feedback	140	950	0.023513999999999945
1075	goal + no feedback	140	1e3	0.12295386666666659
1075	goal + no feedback	140	1050	NA
1075	goal + no feedback	140	1100	NA
1075	goal + no feedback	140	1150	NA
