Subject	condition	TrialId	bin	pupil_change
979	goal + no feedback	1	-200	-0.0038383917050689603
979	goal + no feedback	1	-150	4.5232258064535163e-4
979	goal + no feedback	1	-100	-0.0012561774193546131
979	goal + no feedback	1	-50	-0.002207510752687917
979	goal + no feedback	1	0	0.007489489247312002
979	goal + no feedback	1	50	-0.008120010752688126
979	goal + no feedback	1	100	-0.019300344086021326
979	goal + no feedback	1	150	-0.01292984408602127
979	goal + no feedback	1	200	-0.03017801075268811
979	goal + no feedback	1	250	-0.01109601075268792
979	goal + no feedback	1	300	0.007906655913978655
979	goal + no feedback	1	350	0.018217822580645377
979	goal + no feedback	1	400	0.06141065591397865
979	goal + no feedback	1	450	0.05688298924731202
979	goal + no feedback	1	500	0.07382832258064538
979	goal + no feedback	1	550	0.08584998924731206
979	goal + no feedback	1	600	0.10488798924731202
979	goal + no feedback	1	650	0.1282113225806453
979	goal + no feedback	1	700	0.1403001559139787
979	goal + no feedback	1	750	0.06576732258064528
979	goal + no feedback	1	800	NA
979	goal + no feedback	1	850	NA
979	goal + no feedback	1	900	NA
979	goal + no feedback	1	950	NA
979	goal + no feedback	1	1e3	0.012188989247312007
979	goal + no feedback	1	1050	-0.008430248847926107
979	goal + no feedback	1	1100	-0.0022065107526879992
979	goal + no feedback	1	1150	0.021432822580645272
979	goal + no feedback	2	-200	-0.04853913333333352
979	goal + no feedback	2	-150	-0.03490330000000023
979	goal + no feedback	2	-100	0.008635533333333223
979	goal + no feedback	2	-50	0.030332866666666458
979	goal + no feedback	2	0	0.044474033333333184
979	goal + no feedback	2	50	0.019984033333333207
979	goal + no feedback	2	100	0.020765533333333197
979	goal + no feedback	2	150	-0.012406966666666852
979	goal + no feedback	2	200	-0.05016046666666685
979	goal + no feedback	2	250	-0.10057480000000026
979	goal + no feedback	2	300	-0.08839513333333356
979	goal + no feedback	2	350	-0.10022163333333352
979	goal + no feedback	2	400	-0.12512513333333342
979	goal + no feedback	2	450	-0.12143980000000017
979	goal + no feedback	2	500	-0.1134178000000002
979	goal + no feedback	2	550	-0.0891539666666669
979	goal + no feedback	2	600	-0.04472346666666686
979	goal + no feedback	2	650	0.0030393666666664507
979	goal + no feedback	2	700	0.025360366666666485
979	goal + no feedback	2	750	0.032959699999999925
979	goal + no feedback	2	800	0.028479366666666506
979	goal + no feedback	2	850	0.03738419999999983
979	goal + no feedback	2	900	0.007825699999999861
979	goal + no feedback	2	950	0.02307769999999983
979	goal + no feedback	2	1e3	0.021752699999999885
979	goal + no feedback	2	1050	0.015452033333333162
979	goal + no feedback	2	1100	0.0037576333333331213
979	goal + no feedback	2	1150	0.010982176190476065
979	goal + no feedback	3	-200	-0.022843399999999958
979	goal + no feedback	3	-150	-0.007433900000000031
979	goal + no feedback	3	-100	-0.0019029000000000036
979	goal + no feedback	3	-50	0.012239766666666633
979	goal + no feedback	3	0	0.019940433333333285
979	goal + no feedback	3	50	0.016764599999999907
979	goal + no feedback	3	100	-0.012338566666666662
979	goal + no feedback	3	150	-0.025443733333333347
979	goal + no feedback	3	200	-0.0561950666666667
979	goal + no feedback	3	250	-0.10296640000000006
979	goal + no feedback	3	300	-0.12560306666666668
979	goal + no feedback	3	350	-0.11966856666666666
979	goal + no feedback	3	400	-0.12778973333333332
979	goal + no feedback	3	450	-0.14221723333333336
979	goal + no feedback	3	500	-0.11594490000000006
979	goal + no feedback	3	550	-0.08322754285714286
979	goal + no feedback	3	600	-0.02560040000000008
979	goal + no feedback	3	650	NA
979	goal + no feedback	3	700	NA
979	goal + no feedback	3	750	NA
979	goal + no feedback	3	800	NA
979	goal + no feedback	3	850	-0.0030353999999999104
979	goal + no feedback	3	900	0.15806334999999994
979	goal + no feedback	3	950	0.09100159999999997
979	goal + no feedback	3	1e3	0.07308417142857142
979	goal + no feedback	3	1050	0.12975459999999997
979	goal + no feedback	3	1100	0.18333059999999998
979	goal + no feedback	3	1150	0.16879693333333332
979	goal + no feedback	4	-200	0.002045433333333143
979	goal + no feedback	4	-150	-0.003372900000000234
979	goal + no feedback	4	-100	-0.0027994000000002295
979	goal + no feedback	4	-50	-0.004111566666666899
979	goal + no feedback	4	0	0.00823843333333311
979	goal + no feedback	4	50	0.01294309999999991
979	goal + no feedback	4	100	0.007652433333333135
979	goal + no feedback	4	150	0.017640266666666477
979	goal + no feedback	4	200	0.03365326666666638
979	goal + no feedback	4	250	0.05211793333333311
979	goal + no feedback	4	300	0.05314709999999989
979	goal + no feedback	4	350	0.07949576666666647
979	goal + no feedback	4	400	0.09961743333333313
979	goal + no feedback	4	450	0.1065794333333332
979	goal + no feedback	4	500	0.1497160999999998
979	goal + no feedback	4	550	0.17979126666666648
979	goal + no feedback	4	600	0.21483909999999984
979	goal + no feedback	4	650	0.2451144333333332
979	goal + no feedback	4	700	0.1719135999999998
979	goal + no feedback	4	750	0.18597059999999985
979	goal + no feedback	4	800	0.1539925999999998
979	goal + no feedback	4	850	0.15654059999999995
979	goal + no feedback	4	900	0.14227593333333313
979	goal + no feedback	4	950	0.14000609999999983
979	goal + no feedback	4	1e3	0.1479115999999998
979	goal + no feedback	4	1050	0.1338537666666665
979	goal + no feedback	4	1100	0.13041459999999985
979	goal + no feedback	4	1150	0.12552759999999985
979	goal + no feedback	5	-200	-0.031423532258064414
979	goal + no feedback	5	-150	-0.010503175115207153
979	goal + no feedback	5	-100	0.0069126344086022735
979	goal + no feedback	5	-50	0.01557146774193563
979	goal + no feedback	5	0	0.021193134408602415
979	goal + no feedback	5	50	0.02509716774193569
979	goal + no feedback	5	100	0.02727882488479283
979	goal + no feedback	5	150	0.030961634408602334
979	goal + no feedback	5	200	0.027514134408602287
979	goal + no feedback	5	250	0.026215301075268965
979	goal + no feedback	5	300	0.017616634408602245
979	goal + no feedback	5	350	0.020726301075269033
979	goal + no feedback	5	400	0.03430946774193563
979	goal + no feedback	5	450	0.044535134408602316
979	goal + no feedback	5	500	0.07387346774193564
979	goal + no feedback	5	550	0.12074863440860233
979	goal + no feedback	5	600	0.13885863440860224
979	goal + no feedback	5	650	0.2018211344086022
979	goal + no feedback	5	700	0.2612571344086023
979	goal + no feedback	5	750	0.27016180107526905
979	goal + no feedback	5	800	0.26534363440860226
979	goal + no feedback	5	850	0.27695130107526905
979	goal + no feedback	5	900	0.27528313440860236
979	goal + no feedback	5	950	0.26635830107526903
979	goal + no feedback	5	1e3	0.2723001344086023
979	goal + no feedback	5	1050	0.3007606344086023
979	goal + no feedback	5	1100	0.2758989677419356
979	goal + no feedback	5	1150	0.271169801075269
979	goal + no feedback	6	-200	-0.01556665898617528
979	goal + no feedback	6	-150	-0.005263182795699113
979	goal + no feedback	6	-100	0.0012743172043008972
979	goal + no feedback	6	-50	0.006569317204300947
979	goal + no feedback	6	0	0.01558065053763428
979	goal + no feedback	6	50	0.03212165053763435
979	goal + no feedback	6	100	0.026076317204300963
979	goal + no feedback	6	150	0.044420650537634256
979	goal + no feedback	6	200	0.043347817204301
979	goal + no feedback	6	250	0.04965915053763433
979	goal + no feedback	6	300	0.05878631720430098
979	goal + no feedback	6	350	0.07111115053763428
979	goal + no feedback	6	400	0.07702481720430095
979	goal + no feedback	6	450	0.1025196505376343
979	goal + no feedback	6	500	0.11060415053763421
979	goal + no feedback	6	550	0.132181817204301
979	goal + no feedback	6	600	0.15407465053763425
979	goal + no feedback	6	650	0.13370915053763435
979	goal + no feedback	6	700	0.09044831720430091
979	goal + no feedback	6	750	0.06635265053763424
979	goal + no feedback	6	800	0.03143098387096758
979	goal + no feedback	6	850	0.024128650537634206
979	goal + no feedback	6	900	0.00594881720430096
979	goal + no feedback	6	950	0.0031088172043009323
979	goal + no feedback	6	1e3	-0.0033933494623657654
979	goal + no feedback	6	1050	0.02799515053763435
979	goal + no feedback	6	1100	0.03924031720430099
979	goal + no feedback	6	1150	0.05071531720430097
979	goal + no feedback	7	-200	-0.004516300000000066
979	goal + no feedback	7	-150	-0.0014491333333332967
979	goal + no feedback	7	-100	-0.006416633333333384
979	goal + no feedback	7	-50	-0.004600133333333423
979	goal + no feedback	7	0	0.01698220000000002
979	goal + no feedback	7	50	0.02552103333333333
979	goal + no feedback	7	100	0.05159119999999998
979	goal + no feedback	7	150	0.028009700000000064
979	goal + no feedback	7	200	0.029857533333333224
979	goal + no feedback	7	250	0.05102403333333331
979	goal + no feedback	7	300	0.03503570000000004
979	goal + no feedback	7	350	0.04145770000000004
979	goal + no feedback	7	400	0.062353033333333384
979	goal + no feedback	7	450	0.0625318666666667
979	goal + no feedback	7	500	0.09209486666666662
979	goal + no feedback	7	550	0.10109419999999998
979	goal + no feedback	7	600	0.11054903333333328
979	goal + no feedback	7	650	0.07627336666666655
979	goal + no feedback	7	700	0.029740247619047682
979	goal + no feedback	7	750	-0.029824300000000026
979	goal + no feedback	7	800	-0.05266046666666665
979	goal + no feedback	7	850	-0.07459329999999993
979	goal + no feedback	7	900	-0.07298146666666668
979	goal + no feedback	7	950	-0.09143913333333338
979	goal + no feedback	7	1e3	-0.09753763333333339
979	goal + no feedback	7	1050	-0.10608513333333325
979	goal + no feedback	7	1100	-0.13403030000000005
979	goal + no feedback	7	1150	-0.14351946666666673
979	goal + no feedback	8	-200	-0.010084797235023122
979	goal + no feedback	8	-150	0.003105274193548372
979	goal + no feedback	8	-100	-0.003238059139785069
979	goal + no feedback	8	-50	-0.008669892473118335
979	goal + no feedback	8	0	0.020568274193548453
979	goal + no feedback	8	50	0.034470607526881615
979	goal + no feedback	8	100	0.05654277419354847
979	goal + no feedback	8	150	0.07669360752688166
979	goal + no feedback	8	200	0.11593744086021496
979	goal + no feedback	8	250	0.1384731075268817
979	goal + no feedback	8	300	0.17176810752688162
979	goal + no feedback	8	350	0.193447440860215
979	goal + no feedback	8	400	0.2303846075268816
979	goal + no feedback	8	450	0.2597612741935484
979	goal + no feedback	8	500	0.308673440860215
979	goal + no feedback	8	550	0.3601607741935482
979	goal + no feedback	8	600	0.3742006075268817
979	goal + no feedback	8	650	0.3683886075268817
979	goal + no feedback	8	700	0.33878277419354824
979	goal + no feedback	8	750	0.32077744086021504
979	goal + no feedback	8	800	0.31252277419354835
979	goal + no feedback	8	850	0.311717440860215
979	goal + no feedback	8	900	0.3139942741935484
979	goal + no feedback	8	950	0.3268876075268817
979	goal + no feedback	8	1e3	0.34342994086021505
979	goal + no feedback	8	1050	0.37254927419354833
979	goal + no feedback	8	1100	0.40151994086021503
979	goal + no feedback	8	1150	0.44672310752688166
979	goal + no feedback	9	-200	0.00439630414746547
979	goal + no feedback	9	-150	0.005120161290322489
979	goal + no feedback	9	-100	0.002035875576036921
979	goal + no feedback	9	-50	-0.008684672043010785
979	goal + no feedback	9	0	-0.003086338709677413
979	goal + no feedback	9	50	-0.003045505376344071
979	goal + no feedback	9	100	0.014729827956989183
979	goal + no feedback	9	150	0.02235466129032256
979	goal + no feedback	9	200	0.025836161290322623
979	goal + no feedback	9	250	0.0390969946236559
979	goal + no feedback	9	300	0.042215827956989305
979	goal + no feedback	9	350	0.06811399462365597
979	goal + no feedback	9	400	0.09332332795698924
979	goal + no feedback	9	450	0.13268832795698934
979	goal + no feedback	9	500	0.16327399462365597
979	goal + no feedback	9	550	0.21612049462365582
979	goal + no feedback	9	600	0.25784582795698924
979	goal + no feedback	9	650	0.06191816129032261
979	goal + no feedback	9	700	1.1101091612903224
979	goal + no feedback	9	750	NA
979	goal + no feedback	9	800	NA
979	goal + no feedback	9	850	NA
979	goal + no feedback	9	900	NA
979	goal + no feedback	9	950	NA
979	goal + no feedback	9	1e3	NA
979	goal + no feedback	9	1050	NA
979	goal + no feedback	9	1100	NA
979	goal + no feedback	9	1150	NA
979	goal + no feedback	10	-200	0.011016387096774136
979	goal + no feedback	10	-150	-0.002337279569892455
979	goal + no feedback	10	-100	1.4622043010747987e-4
979	goal + no feedback	10	-50	-0.013200279569892523
979	goal + no feedback	10	0	0.0025388870967741153
979	goal + no feedback	10	50	-0.005139279569892426
979	goal + no feedback	10	100	-0.029934279569892547
979	goal + no feedback	10	150	-0.035131446236559206
979	goal + no feedback	10	200	-0.049776612903225846
979	goal + no feedback	10	250	-0.057826946236559186
979	goal + no feedback	10	300	-0.07480811290322587
979	goal + no feedback	10	350	-0.0772097795698925
979	goal + no feedback	10	400	-0.07949011290322579
979	goal + no feedback	10	450	-0.07927577956989255
979	goal + no feedback	10	500	-0.05149511290322587
979	goal + no feedback	10	550	-0.024270946236559194
979	goal + no feedback	10	600	-0.015988112903225844
979	goal + no feedback	10	650	-0.026614612903225865
979	goal + no feedback	10	700	-0.04896744623655924
979	goal + no feedback	10	750	-0.045570112903225914
979	goal + no feedback	10	800	-0.05648444623655924
979	goal + no feedback	10	850	-0.043514279569892546
979	goal + no feedback	10	900	-0.02818827956989245
979	goal + no feedback	10	950	-0.029709779569892552
979	goal + no feedback	10	1e3	-0.026710612903225812
979	goal + no feedback	10	1050	-0.024705612903225926
979	goal + no feedback	10	1100	-0.016190946236559256
979	goal + no feedback	10	1150	-0.016427446236559156
979	goal + no feedback	11	-200	0.037025366666666594
979	goal + no feedback	11	-150	0.018659699999999873
979	goal + no feedback	11	-100	-0.007303466666666776
979	goal + no feedback	11	-50	-0.015108633333333454
979	goal + no feedback	11	0	-0.03327296666666676
979	goal + no feedback	11	50	-0.046293633333333396
979	goal + no feedback	11	100	-0.06813930000000012
979	goal + no feedback	11	150	-0.08810296666666684
979	goal + no feedback	11	200	-0.1071611333333334
979	goal + no feedback	11	250	-0.12441163333333345
979	goal + no feedback	11	300	-0.1372964666666668
979	goal + no feedback	11	350	-0.1333533000000001
979	goal + no feedback	11	400	-0.13039596666666675
979	goal + no feedback	11	450	-0.09356546666666683
979	goal + no feedback	11	500	-0.09826613333333345
979	goal + no feedback	11	550	-0.06031863333333343
979	goal + no feedback	11	600	-0.06156680000000011
979	goal + no feedback	11	650	-0.0573693000000001
979	goal + no feedback	11	700	-0.060614300000000045
979	goal + no feedback	11	750	-0.07179230000000025
979	goal + no feedback	11	800	-0.08828613333333342
979	goal + no feedback	11	850	-0.09981465714285731
979	goal + no feedback	11	900	-0.1121719666666668
979	goal + no feedback	11	950	-0.11395996666666679
979	goal + no feedback	11	1e3	-0.11586396666666676
979	goal + no feedback	11	1050	-0.11550763333333336
979	goal + no feedback	11	1100	-0.10432296666666674
979	goal + no feedback	11	1150	-0.1054006333333335
979	goal + no feedback	12	-200	-0.001418175115207492
979	goal + no feedback	12	-150	-0.004618198924731365
979	goal + no feedback	12	-100	0.00472613440860196
979	goal + no feedback	12	-50	0.004739134408602075
979	goal + no feedback	12	0	-0.0031925322580646696
979	goal + no feedback	12	50	-0.01133753225806459
979	goal + no feedback	12	100	-0.008992698924731387
979	goal + no feedback	12	150	-0.019482532258064584
979	goal + no feedback	12	200	-0.03320303225806476
979	goal + no feedback	12	250	-0.041729198924731405
979	goal + no feedback	12	300	-0.04979969892473135
979	goal + no feedback	12	350	-0.061219532258064646
979	goal + no feedback	12	400	-0.08254253225806463
979	goal + no feedback	12	450	-0.0687160322580646
979	goal + no feedback	12	500	-0.07313236559139795
979	goal + no feedback	12	550	-0.057692365591397975
979	goal + no feedback	12	600	-0.029271365591398018
979	goal + no feedback	12	650	-0.3043255322580647
979	goal + no feedback	12	700	NA
979	goal + no feedback	12	750	NA
979	goal + no feedback	12	800	NA
979	goal + no feedback	12	850	NA
979	goal + no feedback	12	900	NA
979	goal + no feedback	12	950	NA
979	goal + no feedback	12	1e3	NA
979	goal + no feedback	12	1050	NA
979	goal + no feedback	12	1100	NA
979	goal + no feedback	12	1150	NA
979	goal + no feedback	13	-200	-0.00962769999999987
979	goal + no feedback	13	-150	0.005984466666666781
979	goal + no feedback	13	-100	-0.0023433666666665687
979	goal + no feedback	13	-50	7.053000000000568e-4
979	goal + no feedback	13	0	0.005281300000000044
979	goal + no feedback	13	50	0.014151300000000125
979	goal + no feedback	13	100	0.023855133333333296
979	goal + no feedback	13	150	0.03497046666666681
979	goal + no feedback	13	200	0.056037133333333454
979	goal + no feedback	13	250	0.0691091333333335
979	goal + no feedback	13	300	0.08621363333333343
979	goal + no feedback	13	350	0.11933080000000011
979	goal + no feedback	13	400	0.14215230000000015
979	goal + no feedback	13	450	0.1885674666666668
979	goal + no feedback	13	500	0.2383699666666669
979	goal + no feedback	13	550	0.19662813333333337
979	goal + no feedback	13	600	-0.19827386666666635
979	goal + no feedback	13	650	0.6289661333333334
979	goal + no feedback	13	700	NA
979	goal + no feedback	13	750	NA
979	goal + no feedback	13	800	NA
979	goal + no feedback	13	850	NA
979	goal + no feedback	13	900	NA
979	goal + no feedback	13	950	NA
979	goal + no feedback	13	1e3	NA
979	goal + no feedback	13	1050	NA
979	goal + no feedback	13	1100	NA
979	goal + no feedback	13	1150	NA
979	goal + no feedback	14	-200	-0.026685963133640404
979	goal + no feedback	14	-150	-0.008010177419354614
979	goal + no feedback	14	-100	0.00664698924731207
979	goal + no feedback	14	-50	0.014907322580645385
979	goal + no feedback	14	0	0.017589489247312073
979	goal + no feedback	14	50	0.01706782258064547
979	goal + no feedback	14	100	-0.016410010752688036
979	goal + no feedback	14	150	-0.022805844086021265
979	goal + no feedback	14	200	-0.0224646774193545
979	goal + no feedback	14	250	-0.034250344086021345
979	goal + no feedback	14	300	-0.04255984408602124
979	goal + no feedback	14	350	-0.033530010752687835
979	goal + no feedback	14	400	-0.026665510752687933
979	goal + no feedback	14	450	-0.017275844086021303
979	goal + no feedback	14	500	0.015226489247311958
979	goal + no feedback	14	550	0.03752832258064539
979	goal + no feedback	14	600	0.04993165591397878
979	goal + no feedback	14	650	0.050650822580645384
979	goal + no feedback	14	700	0.021324489247312044
979	goal + no feedback	14	750	-0.021415344086021266
979	goal + no feedback	14	800	-0.02947717741935459
979	goal + no feedback	14	850	-0.04045351075268799
979	goal + no feedback	14	900	-0.04556001075268797
979	goal + no feedback	14	950	-0.0515236774193546
979	goal + no feedback	14	1e3	-0.06381067741935476
979	goal + no feedback	14	1050	-0.06399484408602134
979	goal + no feedback	14	1100	-0.08945184408602118
979	goal + no feedback	14	1150	-0.09625384408602122
979	goal + no feedback	15	-200	0.03861969124423968
979	goal + no feedback	15	-150	0.024193881720430205
979	goal + no feedback	15	-100	0.008075881720430203
979	goal + no feedback	15	-50	-0.030919284946236525
979	goal + no feedback	15	0	-0.04640678494623648
979	goal + no feedback	15	50	-0.05866861827956985
979	goal + no feedback	15	100	-0.06600661827956984
979	goal + no feedback	15	150	-0.06477445161290311
979	goal + no feedback	15	200	-0.06729211827956989
979	goal + no feedback	15	250	-0.07284478494623658
979	goal + no feedback	15	300	-0.0952959516129032
979	goal + no feedback	15	350	-0.099653451612903
979	goal + no feedback	15	400	-0.0969811182795699
979	goal + no feedback	15	450	-0.08930261827956983
979	goal + no feedback	15	500	-0.0699564516129032
979	goal + no feedback	15	550	-0.07165378494623657
979	goal + no feedback	15	600	-0.056255784946236474
979	goal + no feedback	15	650	-0.0314152849462365
979	goal + no feedback	15	700	0.0030527150537634404
979	goal + no feedback	15	750	0.05390071505376345
979	goal + no feedback	15	800	0.08132821505376346
979	goal + no feedback	15	850	0.14858088172043016
979	goal + no feedback	15	900	0.21945754838709677
979	goal + no feedback	15	950	0.26217488172043013
979	goal + no feedback	15	1e3	0.26804854838709674
979	goal + no feedback	15	1050	0.2909525483870968
979	goal + no feedback	15	1100	0.36527921505376354
979	goal + no feedback	15	1150	0.33781321505376355
979	goal + no feedback	16	-200	-0.013297880184331947
979	goal + no feedback	16	-150	5.718817204300267e-4
979	goal + no feedback	16	-100	-7.284946236696399e-6
979	goal + no feedback	16	-50	0.013401048387096695
979	goal + no feedback	16	0	0.0015485483870967265
979	goal + no feedback	16	50	-0.006462284946236648
979	goal + no feedback	16	100	-0.01127978494623664
979	goal + no feedback	16	150	-0.010784784946236655
979	goal + no feedback	16	200	-0.0035359516129033577
979	goal + no feedback	16	250	-0.01468628494623673
979	goal + no feedback	16	300	-0.011131618279569913
979	goal + no feedback	16	350	-0.007890451612903249
979	goal + no feedback	16	400	-0.005940951612903349
979	goal + no feedback	16	450	-0.004191118279569972
979	goal + no feedback	16	500	0.0021975483870967003
979	goal + no feedback	16	550	0.009390715053763396
979	goal + no feedback	16	600	0.010725381720430102
979	goal + no feedback	16	650	0.024088715053763272
979	goal + no feedback	16	700	0.016411548387096724
979	goal + no feedback	16	750	-0.00617361827956997
979	goal + no feedback	16	800	-0.04833711827956999
979	goal + no feedback	16	850	-0.07486661827957002
979	goal + no feedback	16	900	-0.10227028494623662
979	goal + no feedback	16	950	-0.13428045161290333
979	goal + no feedback	16	1e3	-0.14169495161290335
979	goal + no feedback	16	1050	-0.15091111827957002
979	goal + no feedback	16	1100	-0.18288045161290337
979	goal + no feedback	16	1150	-0.1632031182795699
979	goal + no feedback	17	-200	-0.02182423333333346
979	goal + no feedback	17	-150	-0.018684733333333464
979	goal + no feedback	17	-100	0.0011634333333331675
979	goal + no feedback	17	-50	0.015785933333333224
979	goal + no feedback	17	0	0.023559599999999865
979	goal + no feedback	17	50	0.027470933333333097
979	goal + no feedback	17	100	0.0312635999999998
979	goal + no feedback	17	150	0.04580293333333326
979	goal + no feedback	17	200	0.05514226666666663
979	goal + no feedback	17	250	0.06690209999999978
979	goal + no feedback	17	300	0.05514826666666658
979	goal + no feedback	17	350	0.04475259999999981
979	goal + no feedback	17	400	0.05624893333333314
979	goal + no feedback	17	450	0.08123309999999988
979	goal + no feedback	17	500	0.10085526666666644
979	goal + no feedback	17	550	0.11549059999999985
979	goal + no feedback	17	600	0.13209043333333317
979	goal + no feedback	17	650	0.14105543333333315
979	goal + no feedback	17	700	0.12489609999999988
979	goal + no feedback	17	750	0.11667109999999987
979	goal + no feedback	17	800	0.11006093333333326
979	goal + no feedback	17	850	0.12601243333333323
979	goal + no feedback	17	900	0.1145919333333331
979	goal + no feedback	17	950	0.1343747666666665
979	goal + no feedback	17	1e3	0.1560857666666665
979	goal + no feedback	17	1050	0.16595776666666642
979	goal + no feedback	17	1100	0.16955076666666644
979	goal + no feedback	17	1150	0.1719062666666665
979	goal + no feedback	18	-200	-0.014709899999999795
979	goal + no feedback	18	-150	-0.006687066666666445
979	goal + no feedback	18	-100	-0.003408566666666483
979	goal + no feedback	18	-50	0.007488933333333447
979	goal + no feedback	18	0	0.017316600000000088
979	goal + no feedback	18	50	0.016151433333333465
979	goal + no feedback	18	100	0.0026341000000001578
979	goal + no feedback	18	150	0.01117393333333346
979	goal + no feedback	18	200	0.010061600000000078
979	goal + no feedback	18	250	0.0027057666666667015
979	goal + no feedback	18	300	0.025921123809524018
979	goal + no feedback	18	350	0.04765446666666682
979	goal + no feedback	18	400	0.07813260000000015
979	goal + no feedback	18	450	0.10521210000000007
979	goal + no feedback	18	500	0.15753993333333347
979	goal + no feedback	18	550	0.1980709333333334
979	goal + no feedback	18	600	0.15886226666666675
979	goal + no feedback	18	650	NA
979	goal + no feedback	18	700	1.0780182666666667
979	goal + no feedback	18	750	NA
979	goal + no feedback	18	800	NA
979	goal + no feedback	18	850	NA
979	goal + no feedback	18	900	NA
979	goal + no feedback	18	950	0.1847952666666668
979	goal + no feedback	18	1e3	0.26845326666666675
979	goal + no feedback	18	1050	0.2075344333333334
979	goal + no feedback	18	1100	0.24212326666666675
979	goal + no feedback	18	1150	0.30688743333333335
979	goal + no feedback	19	-200	-0.026220718894009058
979	goal + no feedback	19	-150	-0.009366623655913786
979	goal + no feedback	19	-100	-0.004086290322580381
979	goal + no feedback	19	-50	0.015340043010752943
979	goal + no feedback	19	0	0.02870370967741957
979	goal + no feedback	19	50	0.02454287634408625
979	goal + no feedback	19	100	0.02896070967741952
979	goal + no feedback	19	150	0.038334043010752904
979	goal + no feedback	19	200	0.046165043010752894
979	goal + no feedback	19	250	0.024595043010752955
979	goal + no feedback	19	300	0.04065320967741948
979	goal + no feedback	19	350	0.05634870967741956
979	goal + no feedback	19	400	0.06177837634408623
979	goal + no feedback	19	450	0.08376104301075286
979	goal + no feedback	19	500	0.11782354301075289
979	goal + no feedback	19	550	0.1507683763440862
979	goal + no feedback	19	600	0.15772237634408617
979	goal + no feedback	19	650	0.13227370967741967
979	goal + no feedback	19	700	0.09673120967741955
979	goal + no feedback	19	750	0.06853037634408625
979	goal + no feedback	19	800	0.05372620967741959
979	goal + no feedback	19	850	0.029220876344086284
979	goal + no feedback	19	900	0.01595470967741952
979	goal + no feedback	19	950	0.0027343763440862054
979	goal + no feedback	19	1e3	0.005948043010752875
979	goal + no feedback	19	1050	0.004623876344086231
979	goal + no feedback	19	1100	-0.014230956989247071
979	goal + no feedback	19	1150	-0.02238729032258043
979	goal + no feedback	20	-200	-5.591666666665921e-4
979	goal + no feedback	20	-150	-0.008407833333333429
979	goal + no feedback	20	-100	-0.008710666666666533
979	goal + no feedback	20	-50	0.014420833333333475
979	goal + no feedback	20	0	0.0032568333333333754
979	goal + no feedback	20	50	0.015149333333333384
979	goal + no feedback	20	100	0.020679499999999962
979	goal + no feedback	20	150	0.030561333333333367
979	goal + no feedback	20	200	0.04350310000000004
979	goal + no feedback	20	250	0.06306507142857155
979	goal + no feedback	20	300	0.07422366666666662
979	goal + no feedback	20	350	0.10458383333333339
979	goal + no feedback	20	400	0.13036049999999996
979	goal + no feedback	20	450	0.17023800000000003
979	goal + no feedback	20	500	0.22244166666666673
979	goal + no feedback	20	550	0.2722651666666667
979	goal + no feedback	20	600	0.2860281666666667
979	goal + no feedback	20	650	0.27026333333333336
979	goal + no feedback	20	700	0.25541416666666666
979	goal + no feedback	20	750	0.23755200000000007
979	goal + no feedback	20	800	0.24545750000000002
979	goal + no feedback	20	850	0.22363600000000008
979	goal + no feedback	20	900	0.2221216666666667
979	goal + no feedback	20	950	0.22334283333333338
979	goal + no feedback	20	1e3	0.22760966666666663
979	goal + no feedback	20	1050	0.248177
979	goal + no feedback	20	1100	0.26118166666666665
979	goal + no feedback	20	1150	0.2859998333333333
979	goal + no feedback	21	-200	0.00931629999999998
979	goal + no feedback	21	-150	0.026121133333333175
979	goal + no feedback	21	-100	-0.004364533333333383
979	goal + no feedback	21	-50	-0.010031033333333328
979	goal + no feedback	21	0	-0.021041866666666815
979	goal + no feedback	21	50	0.008480133333333159
979	goal + no feedback	21	100	0.013810133333333289
979	goal + no feedback	21	150	0.015769466666666565
979	goal + no feedback	21	200	0.029241133333333336
979	goal + no feedback	21	250	0.03431429999999991
979	goal + no feedback	21	300	0.04777194285714291
979	goal + no feedback	21	350	0.05118339999999986
979	goal + no feedback	21	400	0.0633617999999999
979	goal + no feedback	21	450	0.08572629999999999
979	goal + no feedback	21	500	0.10501063333333331
979	goal + no feedback	21	550	0.11443996666666667
979	goal + no feedback	21	600	0.09713196666666672
979	goal + no feedback	21	650	0.08977729999999995
979	goal + no feedback	21	700	0.06937979999999995
979	goal + no feedback	21	750	0.06657013333333321
979	goal + no feedback	21	800	0.026444133333333324
979	goal + no feedback	21	850	0.02530646666666662
979	goal + no feedback	21	900	0.020950466666666594
979	goal + no feedback	21	950	0.014023966666666535
979	goal + no feedback	21	1e3	0.01810696666666674
979	goal + no feedback	21	1050	0.03666846666666664
979	goal + no feedback	21	1100	0.0406003
979	goal + no feedback	21	1150	0.06677963333333325
979	goal + no feedback	22	-200	-0.010381258064516174
979	goal + no feedback	22	-150	-0.012511091397849597
979	goal + no feedback	22	-100	0.003122075268817026
979	goal + no feedback	22	-50	0.016277075268817127
979	goal + no feedback	22	0	0.0052234086021503146
979	goal + no feedback	22	50	0.018829408602150394
979	goal + no feedback	22	100	0.005594908602150432
979	goal + no feedback	22	150	0.012394408602150428
979	goal + no feedback	22	200	0.023765575268817063
979	goal + no feedback	22	250	0.025090075268817087
979	goal + no feedback	22	300	0.07008424193548383
979	goal + no feedback	22	350	0.05692690860215044
979	goal + no feedback	22	400	0.07763257526881717
979	goal + no feedback	22	450	0.09254590860215044
979	goal + no feedback	22	500	0.11397574193548372
979	goal + no feedback	22	550	0.1476720752688172
979	goal + no feedback	22	600	0.1647169086021504
979	goal + no feedback	22	650	0.1883714086021504
979	goal + no feedback	22	700	0.1937889086021504
979	goal + no feedback	22	750	0.1662422419354838
979	goal + no feedback	22	800	0.15104490860215045
979	goal + no feedback	22	850	0.1514720752688171
979	goal + no feedback	22	900	0.11948390860215026
979	goal + no feedback	22	950	0.14272307526881703
979	goal + no feedback	22	1e3	0.1452182419354838
979	goal + no feedback	22	1050	0.12320757526881702
979	goal + no feedback	22	1100	0.13232124193548378
979	goal + no feedback	22	1150	0.12339974193548368
979	goal + no feedback	23	-200	-0.005937580645161515
979	goal + no feedback	23	-150	-0.006829152073732914
979	goal + no feedback	23	-100	0.004220919354838519
979	goal + no feedback	23	-50	0.010713586021505147
979	goal + no feedback	23	0	-0.0010295806451615281
979	goal + no feedback	23	50	8.725268817181646e-5
979	goal + no feedback	23	100	0.017467086021505224
979	goal + no feedback	23	150	0.0261615860215052
979	goal + no feedback	23	200	0.04269991935483852
979	goal + no feedback	23	250	0.05224008602150517
979	goal + no feedback	23	300	0.06467041935483848
979	goal + no feedback	23	350	0.08139775268817188
979	goal + no feedback	23	400	0.10412241935483846
979	goal + no feedback	23	450	0.1255645860215051
979	goal + no feedback	23	500	0.1539360860215052
979	goal + no feedback	23	550	0.1808794193548385
979	goal + no feedback	23	600	0.22289525268817187
979	goal + no feedback	23	650	0.2505769193548384
979	goal + no feedback	23	700	0.2643629193548385
979	goal + no feedback	23	750	0.25805358602150524
979	goal + no feedback	23	800	0.2581615860215052
979	goal + no feedback	23	850	0.25054158602150506
979	goal + no feedback	23	900	0.23854108602150514
979	goal + no feedback	23	950	0.23759858602150516
979	goal + no feedback	23	1e3	0.23964291935483853
979	goal + no feedback	23	1050	0.25281891935483863
979	goal + no feedback	23	1100	0.2627107526881718
979	goal + no feedback	23	1150	0.27181208602150514
979	goal + no feedback	24	-200	0.02001556221198137
979	goal + no feedback	24	-150	0.0016029193548385094
979	goal + no feedback	24	-100	-9.515806451615058e-4
979	goal + no feedback	24	-50	-0.013951413978494864
979	goal + no feedback	24	0	-0.010051413978494775
979	goal + no feedback	24	50	-0.008479247311828178
979	goal + no feedback	24	100	0.013148252688171732
979	goal + no feedback	24	150	0.006646419354838562
979	goal + no feedback	24	200	0.02334358602150514
979	goal + no feedback	24	250	0.04448408602150522
979	goal + no feedback	24	300	0.052342586021505134
979	goal + no feedback	24	350	0.06028541935483848
979	goal + no feedback	24	400	0.0854955860215052
979	goal + no feedback	24	450	0.08811208602150515
979	goal + no feedback	24	500	0.11190658602150523
979	goal + no feedback	24	550	0.1164424193548385
979	goal + no feedback	24	600	0.1301734193548386
979	goal + no feedback	24	650	-0.003941247311828174
979	goal + no feedback	24	700	-0.07594208064516139
979	goal + no feedback	24	750	NA
979	goal + no feedback	24	800	-0.10099358064516162
979	goal + no feedback	24	850	-0.08810408064516147
979	goal + no feedback	24	900	-0.016004247311828108
979	goal + no feedback	24	950	0.07160641935483847
979	goal + no feedback	24	1e3	0.04846841935483844
979	goal + no feedback	24	1050	0.020022752688171847
979	goal + no feedback	24	1100	0.039033752688171885
979	goal + no feedback	24	1150	0.04569458602150515
979	goal + no feedback	25	-200	0.024181350230414962
979	goal + no feedback	25	-150	0.011688564516129171
979	goal + no feedback	25	-100	-0.001211935483870737
979	goal + no feedback	25	-50	-0.010181935483870882
979	goal + no feedback	25	0	-0.028506268817204267
979	goal + no feedback	25	50	-0.028293435483870866
979	goal + no feedback	25	100	-0.02047760215053751
979	goal + no feedback	25	150	-0.027961935483870787
979	goal + no feedback	25	200	-0.02412310215053748
979	goal + no feedback	25	250	-0.035393935483870896
979	goal + no feedback	25	300	-0.03739643548387087
979	goal + no feedback	25	350	-0.03797260215053747
979	goal + no feedback	25	400	-0.026002435483870823
979	goal + no feedback	25	450	0.006129064516129157
979	goal + no feedback	25	500	0.03637256451612925
979	goal + no feedback	25	550	0.10100389784946258
979	goal + no feedback	25	600	0.14658973118279586
979	goal + no feedback	25	650	0.14145206451612902
979	goal + no feedback	25	700	0.3795805645161292
979	goal + no feedback	25	750	0.1043670645161292
979	goal + no feedback	25	800	NA
979	goal + no feedback	25	850	NA
979	goal + no feedback	25	900	NA
979	goal + no feedback	25	950	NA
979	goal + no feedback	25	1e3	NA
979	goal + no feedback	25	1050	NA
979	goal + no feedback	25	1100	NA
979	goal + no feedback	25	1150	NA
979	goal + no feedback	26	-200	-0.017920666666666623
979	goal + no feedback	26	-150	-0.017741833333333307
979	goal + no feedback	26	-100	-0.007274166666666693
979	goal + no feedback	26	-50	0.011498285714285763
979	goal + no feedback	26	0	0.029521999999999975
979	goal + no feedback	26	50	0.03853233333333339
979	goal + no feedback	26	100	0.04724583333333321
979	goal + no feedback	26	150	0.06382283333333327
979	goal + no feedback	26	200	0.08731766666666656
979	goal + no feedback	26	250	0.09844266666666668
979	goal + no feedback	26	300	0.11600983333333333
979	goal + no feedback	26	350	0.14295649999999993
979	goal + no feedback	26	400	0.17816199999999993
979	goal + no feedback	26	450	0.23019283333333326
979	goal + no feedback	26	500	0.2817358333333333
979	goal + no feedback	26	550	0.3266196666666666
979	goal + no feedback	26	600	0.3767805
979	goal + no feedback	26	650	0.3940568333333332
979	goal + no feedback	26	700	0.3645096666666667
979	goal + no feedback	26	750	0.3457735000000001
979	goal + no feedback	26	800	0.34340833333333326
979	goal + no feedback	26	850	0.3196521666666667
979	goal + no feedback	26	900	0.34753775
979	goal + no feedback	26	950	0.30036579999999996
979	goal + no feedback	26	1e3	0.30219066666666655
979	goal + no feedback	26	1050	0.2873374999999998
979	goal + no feedback	26	1100	0.14801999999999993
979	goal + no feedback	26	1150	0.05891999999999994
979	goal + no feedback	27	-200	-0.05196019999999998
979	goal + no feedback	27	-150	-0.03541819999999992
979	goal + no feedback	27	-100	-0.004317699999999943
979	goal + no feedback	27	-50	0.025558633333333376
979	goal + no feedback	27	0	0.06613746666666682
979	goal + no feedback	27	50	0.09992813333333343
979	goal + no feedback	27	100	0.10896213333333349
979	goal + no feedback	27	150	0.12880013333333337
979	goal + no feedback	27	200	0.15733113333333346
979	goal + no feedback	27	250	0.15439596666666677
979	goal + no feedback	27	300	0.14971030000000005
979	goal + no feedback	27	350	0.1494349666666667
979	goal + no feedback	27	400	0.15955513333333346
979	goal + no feedback	27	450	0.16382213333333348
979	goal + no feedback	27	500	0.19727246666666676
979	goal + no feedback	27	550	0.23607046666666665
979	goal + no feedback	27	600	0.2700751333333334
979	goal + no feedback	27	650	0.2817348000000002
979	goal + no feedback	27	700	0.2678793000000001
979	goal + no feedback	27	750	0.24927996666666674
979	goal + no feedback	27	800	0.23092346666666677
979	goal + no feedback	27	850	0.22514413333333336
979	goal + no feedback	27	900	0.20442389523809532
979	goal + no feedback	27	950	0.19980596666666672
979	goal + no feedback	27	1e3	0.20115030000000012
979	goal + no feedback	27	1050	0.20562486666666668
979	goal + no feedback	27	1100	0.2116198952380953
979	goal + no feedback	27	1150	0.2250844666666667
979	goal + no feedback	28	-200	0.009570760368663793
979	goal + no feedback	28	-150	0.013425069892473163
979	goal + no feedback	28	-100	-0.004040263440860133
979	goal + no feedback	28	-50	-0.00882626344086009
979	goal + no feedback	28	0	-0.011724430107526773
979	goal + no feedback	28	50	-0.03291559677419335
979	goal + no feedback	28	100	-0.06510409677419338
979	goal + no feedback	28	150	-0.09924609677419342
979	goal + no feedback	28	200	-0.11604209677419337
979	goal + no feedback	28	250	-0.13328093010752684
979	goal + no feedback	28	300	-0.13858326344086022
979	goal + no feedback	28	350	-0.15427859677419345
979	goal + no feedback	28	400	-0.13964593010752688
979	goal + no feedback	28	450	-0.1615409301075267
979	goal + no feedback	28	500	NA
979	goal + no feedback	28	550	0.7533189032258067
979	goal + no feedback	28	600	0.16590990322580668
979	goal + no feedback	28	650	NA
979	goal + no feedback	28	700	NA
979	goal + no feedback	28	750	NA
979	goal + no feedback	28	800	NA
979	goal + no feedback	28	850	NA
979	goal + no feedback	28	900	NA
979	goal + no feedback	28	950	NA
979	goal + no feedback	28	1e3	NA
979	goal + no feedback	28	1050	NA
979	goal + no feedback	28	1100	NA
979	goal + no feedback	28	1150	NA
979	goal + no feedback	29	-200	0.009917033333333306
979	goal + no feedback	29	-150	0.013735200000000022
979	goal + no feedback	29	-100	0.005475700000000083
979	goal + no feedback	29	-50	-0.012053133333333355
979	goal + no feedback	29	0	-0.017074799999999984
979	goal + no feedback	29	50	-0.026446633333333452
979	goal + no feedback	29	100	-0.03616063333333334
979	goal + no feedback	29	150	-0.03297213333333334
979	goal + no feedback	29	200	-0.035848133333333365
979	goal + no feedback	29	250	-0.03747379999999997
979	goal + no feedback	29	300	-0.03722113333333336
979	goal + no feedback	29	350	-0.033154300000000005
979	goal + no feedback	29	400	-0.03180963333333331
979	goal + no feedback	29	450	-0.024017799999999978
979	goal + no feedback	29	500	0.002929533333333382
979	goal + no feedback	29	550	0.02999586666666665
979	goal + no feedback	29	600	0.06895270000000002
979	goal + no feedback	29	650	0.08629420000000006
979	goal + no feedback	29	700	0.09336753333333332
979	goal + no feedback	29	750	0.09892970000000001
979	goal + no feedback	29	800	0.02361936666666664
979	goal + no feedback	29	850	0.02048536666666667
979	goal + no feedback	29	900	-0.007661466666666709
979	goal + no feedback	29	950	-0.026843299999999976
979	goal + no feedback	29	1e3	-0.06237430000000003
979	goal + no feedback	29	1050	-0.05837580000000001
979	goal + no feedback	29	1100	-0.06438496666666664
979	goal + no feedback	29	1150	-0.04497446666666671
979	goal + no feedback	30	-200	-0.01592606666666674
979	goal + no feedback	30	-150	-0.007871566666666663
979	goal + no feedback	30	-100	-0.0018482333333334673
979	goal + no feedback	30	-50	0.014242433333333157
979	goal + no feedback	30	0	0.011403433333333194
979	goal + no feedback	30	50	4.259999999992973e-5
979	goal + no feedback	30	100	-0.00439573333333354
979	goal + no feedback	30	150	-0.018804233333333364
979	goal + no feedback	30	200	-0.024714066666666756
979	goal + no feedback	30	250	-0.05607273333333337
979	goal + no feedback	30	300	-0.0736839000000001
979	goal + no feedback	30	350	-0.08402239999999998
979	goal + no feedback	30	400	-0.12976823333333343
979	goal + no feedback	30	450	-0.2514970666666667
979	goal + no feedback	30	500	-0.13211306666666678
979	goal + no feedback	30	550	-0.0355560666666667
979	goal + no feedback	30	600	-0.01615790000000006
979	goal + no feedback	30	650	0.009627266666666578
979	goal + no feedback	30	700	-0.0047904833333334285
979	goal + no feedback	30	750	NA
979	goal + no feedback	30	800	NA
979	goal + no feedback	30	850	0.7537132666666664
979	goal + no feedback	30	900	NA
979	goal + no feedback	30	950	NA
979	goal + no feedback	30	1e3	NA
979	goal + no feedback	30	1050	NA
979	goal + no feedback	30	1100	NA
979	goal + no feedback	30	1150	NA
979	goal + no feedback	31	-200	0.007886557603686839
979	goal + no feedback	31	-150	0.002533462365591562
979	goal + no feedback	31	-100	-0.005835870967741741
979	goal + no feedback	31	-50	-0.009169537634408456
979	goal + no feedback	31	0	0.0032709623655915454
979	goal + no feedback	31	50	0.014319295698924872
979	goal + no feedback	31	100	0.013405462365591628
979	goal + no feedback	31	150	0.02540046236559153
979	goal + no feedback	31	200	0.04528412903225824
979	goal + no feedback	31	250	0.04690829569892493
979	goal + no feedback	31	300	0.05265896236559146
979	goal + no feedback	31	350	0.06908162903225823
979	goal + no feedback	31	400	0.08827029569892497
979	goal + no feedback	31	450	0.12055646236559155
979	goal + no feedback	31	500	0.16637812903225813
979	goal + no feedback	31	550	0.20524079569892492
979	goal + no feedback	31	600	0.1401042956989249
979	goal + no feedback	31	650	NA
979	goal + no feedback	31	700	1.4323021290322582
979	goal + no feedback	31	750	NA
979	goal + no feedback	31	800	NA
979	goal + no feedback	31	850	NA
979	goal + no feedback	31	900	NA
979	goal + no feedback	31	950	0.3887161290322583
979	goal + no feedback	31	1e3	0.2835074623655915
979	goal + no feedback	31	1050	0.2136439861751154
979	goal + no feedback	31	1100	0.23678279569892494
979	goal + no feedback	31	1150	0.3049311290322581
979	goal + no feedback	32	-200	-0.04130799078341019
979	goal + no feedback	32	-150	-0.01962225268817212
979	goal + no feedback	32	-100	5.630806451612328e-4
979	goal + no feedback	32	-50	0.027521747311827882
979	goal + no feedback	32	0	0.03973008064516126
979	goal + no feedback	32	50	0.0453692473118279
979	goal + no feedback	32	100	0.04941658064516119
979	goal + no feedback	32	150	0.04724174731182792
979	goal + no feedback	32	200	0.05011074731182793
979	goal + no feedback	32	250	0.07348858064516121
979	goal + no feedback	32	300	0.09105258064516127
979	goal + no feedback	32	350	0.09103524731182781
979	goal + no feedback	32	400	0.10704824731182778
979	goal + no feedback	32	450	0.12010341397849451
979	goal + no feedback	32	500	0.12454041397849447
979	goal + no feedback	32	550	0.14443424731182794
979	goal + no feedback	32	600	0.14243608064516122
979	goal + no feedback	32	650	0.15239808064516117
979	goal + no feedback	32	700	-0.006998169354838879
979	goal + no feedback	32	750	NA
979	goal + no feedback	32	800	NA
979	goal + no feedback	32	850	NA
979	goal + no feedback	32	900	NA
979	goal + no feedback	32	950	NA
979	goal + no feedback	32	1e3	NA
979	goal + no feedback	32	1050	NA
979	goal + no feedback	32	1100	NA
979	goal + no feedback	32	1150	NA
979	goal + no feedback	33	-200	-0.00907429032258067
979	goal + no feedback	33	-150	0.0061157096774193676
979	goal + no feedback	33	-100	-7.346236559140351e-4
979	goal + no feedback	33	-50	-0.009059123655913881
979	goal + no feedback	33	0	0.014264709677419404
979	goal + no feedback	33	50	0.02487204301075267
979	goal + no feedback	33	100	0.018236543010752577
979	goal + no feedback	33	150	0.022568709677419346
979	goal + no feedback	33	200	0.01685337634408605
979	goal + no feedback	33	250	0.024015043010752708
979	goal + no feedback	33	300	0.009041376344085972
979	goal + no feedback	33	350	-0.013085123655913966
979	goal + no feedback	33	400	0.002132043010752612
979	goal + no feedback	33	450	-0.008302123655914059
979	goal + no feedback	33	500	0.02563670967741934
979	goal + no feedback	33	550	0.13091954301075268
979	goal + no feedback	33	600	0.12559845967741923
979	goal + no feedback	33	650	-0.05078729032258056
979	goal + no feedback	33	700	NA
979	goal + no feedback	33	750	NA
979	goal + no feedback	33	800	-0.06624229032258055
979	goal + no feedback	33	850	0.2500802096774193
979	goal + no feedback	33	900	0.17469870967741938
979	goal + no feedback	33	950	0.20443370967741914
979	goal + no feedback	33	1e3	0.5420245096774193
979	goal + no feedback	33	1050	0.1170477096774194
979	goal + no feedback	33	1100	NA
979	goal + no feedback	33	1150	NA
979	goal + no feedback	34	-200	-0.024556995391705083
979	goal + no feedback	34	-150	-0.00869804301075261
979	goal + no feedback	34	-100	-0.0017583763440860434
979	goal + no feedback	34	-50	0.02000929032258066
979	goal + no feedback	34	0	0.019096956989247255
979	goal + no feedback	34	50	0.03218995698924728
979	goal + no feedback	34	100	0.036489456989247326
979	goal + no feedback	34	150	0.06188462365591393
979	goal + no feedback	34	200	0.065579123655914
979	goal + no feedback	34	250	0.0762434569892474
979	goal + no feedback	34	300	0.09104695698924736
979	goal + no feedback	34	350	0.10786379032258069
979	goal + no feedback	34	400	0.144043123655914
979	goal + no feedback	34	450	0.16309129032258074
979	goal + no feedback	34	500	0.17198862365591397
979	goal + no feedback	34	550	0.18264195698924732
979	goal + no feedback	34	600	0.17387262365591397
979	goal + no feedback	34	650	0.1872724569892473
979	goal + no feedback	34	700	0.02507845698924734
979	goal + no feedback	34	750	0.7184792903225805
979	goal + no feedback	34	800	NA
979	goal + no feedback	34	850	NA
979	goal + no feedback	34	900	NA
979	goal + no feedback	34	950	NA
979	goal + no feedback	34	1e3	NA
979	goal + no feedback	34	1050	0.16928329032258072
979	goal + no feedback	34	1100	0.1565471474654378
979	goal + no feedback	34	1150	0.18867629032258063
979	goal + no feedback	36	-200	0.037421078341013825
979	goal + no feedback	36	-150	0.006507768817204311
979	goal + no feedback	36	-100	-0.002201397849462309
979	goal + no feedback	36	-50	-0.019303897849462404
979	goal + no feedback	36	0	-0.02866039784946232
979	goal + no feedback	36	50	-0.05380706451612912
979	goal + no feedback	36	100	-0.07124823118279562
979	goal + no feedback	36	150	-0.08666789784946238
979	goal + no feedback	36	200	-0.08937756451612906
979	goal + no feedback	36	250	-0.10241389784946227
979	goal + no feedback	36	300	-0.10133789784946234
979	goal + no feedback	36	350	-0.10788839784946247
979	goal + no feedback	36	400	-0.09907306451612892
979	goal + no feedback	36	450	-0.0766600645161289
979	goal + no feedback	36	500	-0.04387939784946234
979	goal + no feedback	36	550	0.0027471021505377133
979	goal + no feedback	36	600	0.04909026881720435
979	goal + no feedback	36	650	0.07003176881720437
979	goal + no feedback	36	700	0.11298693548387091
979	goal + no feedback	36	750	0.01880753548387091
979	goal + no feedback	36	800	NA
979	goal + no feedback	36	850	NA
979	goal + no feedback	36	900	NA
979	goal + no feedback	36	950	NA
979	goal + no feedback	36	1e3	NA
979	goal + no feedback	36	1050	0.28230743548387105
979	goal + no feedback	36	1100	0.19510593548387103
979	goal + no feedback	36	1150	0.12180143548387101
979	goal + no feedback	37	-200	0.023531691244239688
979	goal + no feedback	37	-150	0.009712381720430244
979	goal + no feedback	37	-100	7.305483870969631e-4
979	goal + no feedback	37	-50	-0.01101895161290319
979	goal + no feedback	37	0	-0.026877618279569877
979	goal + no feedback	37	50	-0.04772595161290316
979	goal + no feedback	37	100	-0.054623951612903156
979	goal + no feedback	37	150	-0.06251078494623645
979	goal + no feedback	37	200	-0.07456461827956977
979	goal + no feedback	37	250	-0.07200745161290308
979	goal + no feedback	37	300	-0.0809734516129031
979	goal + no feedback	37	350	-0.07844011827956976
979	goal + no feedback	37	400	-0.06620011827956988
979	goal + no feedback	37	450	-0.03945511827956971
979	goal + no feedback	37	500	-0.013719451612903185
979	goal + no feedback	37	550	0.0065970483870968115
979	goal + no feedback	37	600	-0.020173784946236523
979	goal + no feedback	37	650	-0.17180545161290306
979	goal + no feedback	37	700	NA
979	goal + no feedback	37	750	NA
979	goal + no feedback	37	800	NA
979	goal + no feedback	37	850	NA
979	goal + no feedback	37	900	NA
979	goal + no feedback	37	950	0.2200067983870969
979	goal + no feedback	37	1e3	0.13576104838709688
979	goal + no feedback	37	1050	0.14970388172043023
979	goal + no feedback	37	1100	0.18673238172043014
979	goal + no feedback	37	1150	0.2025810483870968
979	goal + no feedback	38	-200	0.010888806451612863
979	goal + no feedback	38	-150	0.010457306451612839
979	goal + no feedback	38	-100	-0.008071026881720492
979	goal + no feedback	38	-50	-9.219354838707616e-5
979	goal + no feedback	38	0	-0.014997693548387167
979	goal + no feedback	38	50	-0.015256193548387179
979	goal + no feedback	38	100	-0.019738693548387126
979	goal + no feedback	38	150	-0.027287526881720536
979	goal + no feedback	38	200	-0.023271860215053897
979	goal + no feedback	38	250	-0.023885526881720482
979	goal + no feedback	38	300	-0.026892193548387084
979	goal + no feedback	38	350	-0.03504602688172046
979	goal + no feedback	38	400	-0.009978026881720448
979	goal + no feedback	38	450	-0.00624452688172054
979	goal + no feedback	38	500	0.030158806451612803
979	goal + no feedback	38	550	0.06658897311827953
979	goal + no feedback	38	600	0.1017619731182795
979	goal + no feedback	38	650	-0.017316860215053964
979	goal + no feedback	38	700	-0.0846731935483871
979	goal + no feedback	38	750	NA
979	goal + no feedback	38	800	NA
979	goal + no feedback	38	850	NA
979	goal + no feedback	38	900	NA
979	goal + no feedback	38	950	NA
979	goal + no feedback	38	1e3	NA
979	goal + no feedback	38	1050	NA
979	goal + no feedback	38	1100	NA
979	goal + no feedback	38	1150	NA
979	goal + no feedback	39	-200	-0.018769327188939946
979	goal + no feedback	39	-150	-0.002278279569892202
979	goal + no feedback	39	-100	-9.19462365588745e-5
979	goal + no feedback	39	-50	0.0053335537634411345
979	goal + no feedback	39	0	0.018934220430107656
979	goal + no feedback	39	50	0.02677938709677437
979	goal + no feedback	39	100	0.031005220430107745
979	goal + no feedback	39	150	0.03252622043010763
979	goal + no feedback	39	200	0.048052220430107706
979	goal + no feedback	39	250	0.054100553763440994
979	goal + no feedback	39	300	0.06018872043010778
979	goal + no feedback	39	350	0.07050055376344104
979	goal + no feedback	39	400	0.07530672043010773
979	goal + no feedback	39	450	0.11636572043010769
979	goal + no feedback	39	500	0.1454543870967743
979	goal + no feedback	39	550	0.15587122043010773
979	goal + no feedback	39	600	0.16724755376344103
979	goal + no feedback	39	650	0.16280388709677437
979	goal + no feedback	39	700	0.14998338709677447
979	goal + no feedback	39	750	0.13306255376344103
979	goal + no feedback	39	800	0.11868022043010769
979	goal + no feedback	39	850	0.1019133870967744
979	goal + no feedback	39	900	0.10209572043010777
979	goal + no feedback	39	950	0.11551672043010767
979	goal + no feedback	39	1e3	0.12296705376344108
979	goal + no feedback	39	1050	0.12808888709677446
979	goal + no feedback	39	1100	0.1310477204301077
979	goal + no feedback	39	1150	0.12887638709677432
979	goal + no feedback	40	-200	-0.01383176666666667
979	goal + no feedback	40	-150	-0.00927360000000014
979	goal + no feedback	40	-100	0.010051399999999896
979	goal + no feedback	40	-50	7.475666666666066e-4
979	goal + no feedback	40	0	0.012306399999999865
979	goal + no feedback	40	50	0.013242066666666682
979	goal + no feedback	40	100	0.03150639999999997
979	goal + no feedback	40	150	0.02511339999999988
979	goal + no feedback	40	200	0.04605539999999989
979	goal + no feedback	40	250	0.0488717333333332
979	goal + no feedback	40	300	0.06920156666666662
979	goal + no feedback	40	350	0.07152106666666665
979	goal + no feedback	40	400	0.08505039999999993
979	goal + no feedback	40	450	0.10204789999999993
979	goal + no feedback	40	500	0.11640489999999996
979	goal + no feedback	40	550	0.13608490000000004
979	goal + no feedback	40	600	0.15278173333333323
979	goal + no feedback	40	650	0.16711839999999997
979	goal + no feedback	40	700	0.19330306666666663
979	goal + no feedback	40	750	0.11911473333333333
979	goal + no feedback	40	800	0.21204940000000017
979	goal + no feedback	40	850	NA
979	goal + no feedback	40	900	NA
979	goal + no feedback	40	950	NA
979	goal + no feedback	40	1e3	NA
979	goal + no feedback	40	1050	NA
979	goal + no feedback	40	1100	NA
979	goal + no feedback	40	1150	NA
979	goal + no feedback	41	-200	0.0073898064516129125
979	goal + no feedback	41	-150	0.005625139784946202
979	goal + no feedback	41	-100	3.4963978494628734e-4
979	goal + no feedback	41	-50	-0.009574860215053752
979	goal + no feedback	41	0	-0.005021360215053801
979	goal + no feedback	41	50	-0.02822052688172046
979	goal + no feedback	41	100	-0.039464193548387115
979	goal + no feedback	41	150	-0.0505770268817205
979	goal + no feedback	41	200	-0.05958986021505382
979	goal + no feedback	41	250	-0.07551469354838718
979	goal + no feedback	41	300	-0.07474369354838717
979	goal + no feedback	41	350	-0.08758102688172047
979	goal + no feedback	41	400	-0.0950583602150538
979	goal + no feedback	41	450	-0.10688569354838706
979	goal + no feedback	41	500	-0.10195802688172055
979	goal + no feedback	41	550	-0.07043886021505386
979	goal + no feedback	41	600	-0.05845369354838711
979	goal + no feedback	41	650	-0.031687026881720426
979	goal + no feedback	41	700	-0.26613519354838733
979	goal + no feedback	41	750	NA
979	goal + no feedback	41	800	NA
979	goal + no feedback	41	850	NA
979	goal + no feedback	41	900	0.08049760645161283
979	goal + no feedback	41	950	0.10732697311827961
979	goal + no feedback	41	1e3	0.06331380645161293
979	goal + no feedback	41	1050	0.03180097311827956
979	goal + no feedback	41	1100	0.07981147311827952
979	goal + no feedback	41	1150	0.10485247311827946
979	goal + no feedback	42	-200	0.003269792626728028
979	goal + no feedback	42	-150	0.010203768817204159
979	goal + no feedback	42	-100	-0.0022880645161290993
979	goal + no feedback	42	-50	-0.006171397849462486
979	goal + no feedback	42	0	-0.005559064516129197
979	goal + no feedback	42	50	-0.00306989784946247
979	goal + no feedback	42	100	-0.005599564516129085
979	goal + no feedback	42	150	0.0024051021505375005
979	goal + no feedback	42	200	0.014278768817204135
979	goal + no feedback	42	250	0.0025704354838709254
979	goal + no feedback	42	300	7.212688172041718e-4
979	goal + no feedback	42	350	7.884354838708271e-4
979	goal + no feedback	42	400	0.015275435483870892
979	goal + no feedback	42	450	0.030162268817204223
979	goal + no feedback	42	500	0.050985435483870946
979	goal + no feedback	42	550	0.06520576881720415
979	goal + no feedback	42	600	0.06973326881720417
979	goal + no feedback	42	650	-0.16229556451612903
979	goal + no feedback	42	700	-0.5860380645161292
979	goal + no feedback	42	750	-0.19384106451612926
979	goal + no feedback	42	800	NA
979	goal + no feedback	42	850	NA
979	goal + no feedback	42	900	NA
979	goal + no feedback	42	950	NA
979	goal + no feedback	42	1e3	NA
979	goal + no feedback	42	1050	NA
979	goal + no feedback	42	1100	NA
979	goal + no feedback	42	1150	NA
979	goal + no feedback	43	-200	0.02044513333333316
979	goal + no feedback	43	-150	0.013446799999999723
979	goal + no feedback	43	-100	0.001183966666666425
979	goal + no feedback	43	-50	-0.0049353666666669405
979	goal + no feedback	43	0	-0.03014053333333348
979	goal + no feedback	43	50	-0.018666533333333568
979	goal + no feedback	43	100	-0.029918366666666918
979	goal + no feedback	43	150	-0.01903336666666681
979	goal + no feedback	43	200	-0.020451200000000187
979	goal + no feedback	43	250	-0.02183953333333351
979	goal + no feedback	43	300	-0.03289303333333349
979	goal + no feedback	43	350	-0.026681866666666904
979	goal + no feedback	43	400	-0.02213736666666688
979	goal + no feedback	43	450	-0.007573700000000239
979	goal + no feedback	43	500	0.03130613333333317
979	goal + no feedback	43	550	0.07484346666666648
979	goal + no feedback	43	600	0.07420913333333301
979	goal + no feedback	43	650	0.020553133333333085
979	goal + no feedback	43	700	NA
979	goal + no feedback	43	750	NA
979	goal + no feedback	43	800	NA
979	goal + no feedback	43	850	NA
979	goal + no feedback	43	900	NA
979	goal + no feedback	43	950	NA
979	goal + no feedback	43	1e3	NA
979	goal + no feedback	43	1050	NA
979	goal + no feedback	43	1100	0.1725275666666665
979	goal + no feedback	43	1150	0.2366536333333332
979	goal + no feedback	44	-200	-2.149769585254115e-4
979	goal + no feedback	44	-150	-0.0026123817204302124
979	goal + no feedback	44	-100	-2.080483870969078e-4
979	goal + no feedback	44	-50	-0.004742715053763558
979	goal + no feedback	44	0	0.007813951612903214
979	goal + no feedback	44	50	0.012921284946236566
979	goal + no feedback	44	100	0.010869951612903236
979	goal + no feedback	44	150	0.0013936182795698155
979	goal + no feedback	44	200	-0.0066450483870968595
979	goal + no feedback	44	250	-0.004490048387096879
979	goal + no feedback	44	300	-0.007953715053763485
979	goal + no feedback	44	350	-0.0025880483870968827
979	goal + no feedback	44	400	7.704516129030855e-4
979	goal + no feedback	44	450	0.017169451612903137
979	goal + no feedback	44	500	0.02668778494623651
979	goal + no feedback	44	550	0.05687745161290314
979	goal + no feedback	44	600	0.021315784946236427
979	goal + no feedback	44	650	0.623363451612903
979	goal + no feedback	44	700	NA
979	goal + no feedback	44	750	NA
979	goal + no feedback	44	800	NA
979	goal + no feedback	44	850	NA
979	goal + no feedback	44	900	NA
979	goal + no feedback	44	950	NA
979	goal + no feedback	44	1e3	NA
979	goal + no feedback	44	1050	0.21779395161290305
979	goal + no feedback	44	1100	0.07922345161290305
979	goal + no feedback	44	1150	0.05339428494623647
979	goal + no feedback	45	-200	-0.007588899999999936
979	goal + no feedback	45	-150	6.975285714285739e-4
979	goal + no feedback	45	-100	-7.69999999983284e-6
979	goal + no feedback	45	-50	0.005584385714285846
979	goal + no feedback	45	0	3.197000000000116e-4
979	goal + no feedback	45	50	0.011943671428571445
979	goal + no feedback	45	100	0.0014264333333335137
979	goal + no feedback	45	150	0.0182606
979	goal + no feedback	45	200	4.286000000000752e-4
979	goal + no feedback	45	250	-0.015134400000000067
979	goal + no feedback	45	300	-0.015749733333333255
979	goal + no feedback	45	350	-0.020738066666666628
979	goal + no feedback	45	400	-0.02808306666666664
979	goal + no feedback	45	450	-0.01971506666666656
979	goal + no feedback	45	500	-0.005560233333333257
979	goal + no feedback	45	550	0.0065917666666666834
979	goal + no feedback	45	600	-0.0021760666666665873
979	goal + no feedback	45	650	-0.05307456666666662
979	goal + no feedback	45	700	-0.18495139999999988
979	goal + no feedback	45	750	NA
979	goal + no feedback	45	800	NA
979	goal + no feedback	45	850	NA
979	goal + no feedback	45	900	NA
979	goal + no feedback	45	950	-0.2386334
979	goal + no feedback	45	1e3	-0.12778418571428565
979	goal + no feedback	45	1050	-0.10422406666666666
979	goal + no feedback	45	1100	-0.04403089999999987
979	goal + no feedback	45	1150	0.002855600000000106
979	goal + no feedback	46	-200	-0.016191387096774035
979	goal + no feedback	46	-150	-0.009703887096774055
979	goal + no feedback	46	-100	-0.00413438709677405
979	goal + no feedback	46	-50	0.01349618433179746
979	goal + no feedback	46	0	0.014284112903225918
979	goal + no feedback	46	50	0.017024112903225957
979	goal + no feedback	46	100	0.0397754462365593
979	goal + no feedback	46	150	0.04193094623655935
979	goal + no feedback	46	200	0.03139294623655927
979	goal + no feedback	46	250	0.04338111290322599
979	goal + no feedback	46	300	0.04402794623655937
979	goal + no feedback	46	350	0.0339732795698926
979	goal + no feedback	46	400	0.05598877956989271
979	goal + no feedback	46	450	0.08697177956989262
979	goal + no feedback	46	500	0.10849194623655929
979	goal + no feedback	46	550	0.15887961290322586
979	goal + no feedback	46	600	0.026096612903225996
979	goal + no feedback	46	650	1.316758612903226
979	goal + no feedback	46	700	NA
979	goal + no feedback	46	750	NA
979	goal + no feedback	46	800	NA
979	goal + no feedback	46	850	-0.030638553763440785
979	goal + no feedback	46	900	0.3177042795698928
979	goal + no feedback	46	950	0.06347944623655932
979	goal + no feedback	46	1e3	0.19143994623655924
979	goal + no feedback	46	1050	0.286242612903226
979	goal + no feedback	46	1100	0.28009061290322596
979	goal + no feedback	46	1150	0.2796292795698927
979	goal + no feedback	47	-200	0.001217202764976896
979	goal + no feedback	47	-150	0.0035467741935483557
979	goal + no feedback	47	-100	6.692741935482674e-4
979	goal + no feedback	47	-50	-0.00793205913978512
979	goal + no feedback	47	0	0.0022959408602149325
979	goal + no feedback	47	50	-0.0012393924731183652
979	goal + no feedback	47	100	-0.00971689247311843
979	goal + no feedback	47	150	-0.02430972580645167
979	goal + no feedback	47	200	-0.04753405913978511
979	goal + no feedback	47	250	-0.05683005913978508
979	goal + no feedback	47	300	-0.07089972580645172
979	goal + no feedback	47	350	-0.08153089247311833
979	goal + no feedback	47	400	-0.09663205913978505
979	goal + no feedback	47	450	-0.08160555913978507
979	goal + no feedback	47	500	-0.0751970591397851
979	goal + no feedback	47	550	-0.07963505913978504
979	goal + no feedback	47	600	-0.05612239247311838
979	goal + no feedback	47	650	-0.0148778924731184
979	goal + no feedback	47	700	-0.002503725806451751
979	goal + no feedback	47	750	-0.0012852258064516657
979	goal + no feedback	47	800	-0.018669559139785036
979	goal + no feedback	47	850	-0.018682725806451694
979	goal + no feedback	47	900	-0.03665922580645168
979	goal + no feedback	47	950	-0.02402505913978496
979	goal + no feedback	47	1e3	-0.02498205913978513
979	goal + no feedback	47	1050	-0.04233705913978499
979	goal + no feedback	47	1100	-0.02580189247311841
979	goal + no feedback	47	1150	-0.02575139247311838
979	goal + no feedback	48	-200	-0.010638658986175173
979	goal + no feedback	48	-150	-0.004859349462365585
979	goal + no feedback	48	-100	0.005322483870967713
979	goal + no feedback	48	-50	0.004983317204301081
979	goal + no feedback	48	0	0.00696531720430101
979	goal + no feedback	48	50	0.00455098387096764
979	goal + no feedback	48	100	0.009546150537634412
979	goal + no feedback	48	150	0.01659781720430109
979	goal + no feedback	48	200	0.02422998387096779
979	goal + no feedback	48	250	0.021040317204300996
979	goal + no feedback	48	300	0.028498483870967723
979	goal + no feedback	48	350	0.02327748387096773
979	goal + no feedback	48	400	0.030317483870967665
979	goal + no feedback	48	450	0.028861483870967614
979	goal + no feedback	48	500	0.0412109838709677
979	goal + no feedback	48	550	0.050351817204301076
979	goal + no feedback	48	600	-0.2301705161290323
979	goal + no feedback	48	650	0.5432344838709677
979	goal + no feedback	48	700	NA
979	goal + no feedback	48	750	NA
979	goal + no feedback	48	800	NA
979	goal + no feedback	48	850	NA
979	goal + no feedback	48	900	NA
979	goal + no feedback	48	950	NA
979	goal + no feedback	48	1e3	NA
979	goal + no feedback	48	1050	0.21954148387096772
979	goal + no feedback	48	1100	0.0846853172043011
979	goal + no feedback	48	1150	0.07460815053763437
979	goal + no feedback	49	-200	5.845852534563457e-4
979	goal + no feedback	49	-150	-0.002076962365591332
979	goal + no feedback	49	-100	0.005011204301075341
979	goal + no feedback	49	-50	-5.944623655913528e-4
979	goal + no feedback	49	0	-0.0030217956989246155
979	goal + no feedback	49	50	0.010221537634408659
979	goal + no feedback	49	100	0.042866037634408695
979	goal + no feedback	49	150	0.06630553763440868
979	goal + no feedback	49	200	0.08858137096774203
979	goal + no feedback	49	250	0.11987153763440868
979	goal + no feedback	49	300	0.13548120430107535
979	goal + no feedback	49	350	0.16097170430107535
979	goal + no feedback	49	400	0.16956337096774213
979	goal + no feedback	49	450	0.16798487096774198
979	goal + no feedback	49	500	0.1880808709677421
979	goal + no feedback	49	550	0.23184737096774208
979	goal + no feedback	49	600	0.23472687096774192
979	goal + no feedback	49	650	0.250915370967742
979	goal + no feedback	49	700	0.25918103763440875
979	goal + no feedback	49	750	0.20210670430107544
979	goal + no feedback	49	800	-0.18769262903225792
979	goal + no feedback	49	850	NA
979	goal + no feedback	49	900	NA
979	goal + no feedback	49	950	NA
979	goal + no feedback	49	1e3	NA
979	goal + no feedback	49	1050	NA
979	goal + no feedback	49	1100	NA
979	goal + no feedback	49	1150	NA
979	goal + no feedback	50	-200	-0.0013782999999999805
979	goal + no feedback	50	-150	-0.007294633333333245
979	goal + no feedback	50	-100	1.8936666666672744e-4
979	goal + no feedback	50	-50	-0.0053806333333332
979	goal + no feedback	50	0	0.01386420000000014
979	goal + no feedback	50	50	0.01278220000000004
979	goal + no feedback	50	100	-0.001176466666666635
979	goal + no feedback	50	150	-3.466333333332165e-4
979	goal + no feedback	50	200	-0.006080847619047512
979	goal + no feedback	50	250	0.020047866666666803
979	goal + no feedback	50	300	0.005395200000000007
979	goal + no feedback	50	350	0.0179078666666667
979	goal + no feedback	50	400	0.009189438095238232
979	goal + no feedback	50	450	0.03398320000000007
979	goal + no feedback	50	500	0.059815366666666835
979	goal + no feedback	50	550	0.07719620000000009
979	goal + no feedback	50	600	0.1308442
979	goal + no feedback	50	650	0.17190953333333345
979	goal + no feedback	50	700	0.25330920000000007
979	goal + no feedback	50	750	-0.021957799999999954
979	goal + no feedback	50	800	NA
979	goal + no feedback	50	850	NA
979	goal + no feedback	50	900	NA
979	goal + no feedback	50	950	NA
979	goal + no feedback	50	1e3	NA
979	goal + no feedback	50	1050	NA
979	goal + no feedback	50	1100	NA
979	goal + no feedback	50	1150	NA
979	goal + no feedback	51	-200	0.01436202304147446
979	goal + no feedback	51	-150	0.003306118279569651
979	goal + no feedback	51	-100	-0.009722881720430307
979	goal + no feedback	51	-50	-0.003788381720430204
979	goal + no feedback	51	0	-0.0065505483870968995
979	goal + no feedback	51	50	0.007161284946236357
979	goal + no feedback	51	100	0.014856451612903054
979	goal + no feedback	51	150	0.021139118279569713
979	goal + no feedback	51	200	0.03565445161290307
979	goal + no feedback	51	250	0.04373811827956975
979	goal + no feedback	51	300	0.039492951612903004
979	goal + no feedback	51	350	0.033006284946236475
979	goal + no feedback	51	400	0.03848295161290297
979	goal + no feedback	51	450	0.04601345161290301
979	goal + no feedback	51	500	0.07968895161290306
979	goal + no feedback	51	550	0.09876161827956971
979	goal + no feedback	51	600	0.1104417849462364
979	goal + no feedback	51	650	-0.1294422150537636
979	goal + no feedback	51	700	0.6126804516129032
979	goal + no feedback	51	750	NA
979	goal + no feedback	51	800	NA
979	goal + no feedback	51	850	NA
979	goal + no feedback	51	900	NA
979	goal + no feedback	51	950	NA
979	goal + no feedback	51	1e3	-0.2268065483870969
979	goal + no feedback	51	1050	0.3581050516129031
979	goal + no feedback	51	1100	0.23273628494623635
979	goal + no feedback	51	1150	0.2750776182795697
979	goal + no feedback	52	-200	-0.023878198156682146
979	goal + no feedback	52	-150	-0.006514983870967939
979	goal + no feedback	52	-100	-0.010733650537634679
979	goal + no feedback	52	-50	0.014073349462365345
979	goal + no feedback	52	0	0.03103318279569874
979	goal + no feedback	52	50	0.0494963494623654
979	goal + no feedback	52	100	0.07995351612903205
979	goal + no feedback	52	150	0.09417334946236533
979	goal + no feedback	52	200	0.11544518279569875
979	goal + no feedback	52	250	0.13009118279569876
979	goal + no feedback	52	300	0.14767501612903203
979	goal + no feedback	52	350	0.1517036827956987
979	goal + no feedback	52	400	0.1558506827956987
979	goal + no feedback	52	450	0.16690101612903208
979	goal + no feedback	52	500	0.17738134946236528
979	goal + no feedback	52	550	0.19552668279569865
979	goal + no feedback	52	600	0.16723451612903198
979	goal + no feedback	52	650	-0.18363148387096784
979	goal + no feedback	52	700	0.013656016129032
979	goal + no feedback	52	750	NA
979	goal + no feedback	52	800	NA
979	goal + no feedback	52	850	NA
979	goal + no feedback	52	900	NA
979	goal + no feedback	52	950	NA
979	goal + no feedback	52	1e3	NA
979	goal + no feedback	52	1050	NA
979	goal + no feedback	52	1100	NA
979	goal + no feedback	52	1150	NA
979	goal + no feedback	53	-200	0.02038169124423948
979	goal + no feedback	53	-150	0.014881381720430001
979	goal + no feedback	53	-100	-0.01631211827957002
979	goal + no feedback	53	-50	-0.016073951612903443
979	goal + no feedback	53	0	-0.006273951612903339
979	goal + no feedback	53	50	-0.006792451612903427
979	goal + no feedback	53	100	-2.9516129032754654e-6
979	goal + no feedback	53	150	0.022582881720429954
979	goal + no feedback	53	200	0.036645881720429895
979	goal + no feedback	53	250	0.04344488172042996
979	goal + no feedback	53	300	0.04445954838709665
979	goal + no feedback	53	350	0.06319904838709656
979	goal + no feedback	53	400	0.07670854838709662
979	goal + no feedback	53	450	0.10528021505376335
979	goal + no feedback	53	500	0.12902821505376325
979	goal + no feedback	53	550	0.14338804838709662
979	goal + no feedback	53	600	0.16361488172043
979	goal + no feedback	53	650	0.15613054838709664
979	goal + no feedback	53	700	-0.013825251612903423
979	goal + no feedback	53	750	0.37522554838709676
979	goal + no feedback	53	800	NA
979	goal + no feedback	53	850	NA
979	goal + no feedback	53	900	NA
979	goal + no feedback	53	950	NA
979	goal + no feedback	53	1e3	NA
979	goal + no feedback	53	1050	NA
979	goal + no feedback	53	1100	NA
979	goal + no feedback	53	1150	NA
979	goal + no feedback	54	-200	-0.001678944700460594
979	goal + no feedback	54	-150	-0.008393182795698673
979	goal + no feedback	54	-100	-0.004335849462365389
979	goal + no feedback	54	-50	0.0035294838709679275
979	goal + no feedback	54	0	0.011158317204301271
979	goal + no feedback	54	50	0.02988515053763452
979	goal + no feedback	54	100	0.024090483870967832
979	goal + no feedback	54	150	0.029505317204301235
979	goal + no feedback	54	200	0.022843983870967904
979	goal + no feedback	54	250	0.03292265053763462
979	goal + no feedback	54	300	0.038214817204301234
979	goal + no feedback	54	350	0.0581304838709679
979	goal + no feedback	54	400	0.059022983870968014
979	goal + no feedback	54	450	0.07598498387096793
979	goal + no feedback	54	500	0.08927515053763457
979	goal + no feedback	54	550	-0.02351751612903204
979	goal + no feedback	54	600	0.09484048387096777
979	goal + no feedback	54	650	0.33231948387096777
979	goal + no feedback	54	700	NA
979	goal + no feedback	54	750	NA
979	goal + no feedback	54	800	NA
979	goal + no feedback	54	850	NA
979	goal + no feedback	54	900	NA
979	goal + no feedback	54	950	NA
979	goal + no feedback	54	1e3	0.3218739838709679
979	goal + no feedback	54	1050	-0.03613984946236556
979	goal + no feedback	54	1100	0.025045983870967792
979	goal + no feedback	54	1150	0.013348483870967764
979	goal + no feedback	55	-200	0.01542639631336413
979	goal + no feedback	55	-150	8.738010752688355e-4
979	goal + no feedback	55	-100	0.0013788010752688873
979	goal + no feedback	55	-50	-0.008135198924731135
979	goal + no feedback	55	0	-0.012114865591397775
979	goal + no feedback	55	50	-0.012345698924731177
979	goal + no feedback	55	100	-0.00886386559139781
979	goal + no feedback	55	150	0.0080786344086022
979	goal + no feedback	55	200	0.011460634408602196
979	goal + no feedback	55	250	0.0072591344086021525
979	goal + no feedback	55	300	0.024016134408602136
979	goal + no feedback	55	350	0.05071396774193541
979	goal + no feedback	55	400	0.07680096774193552
979	goal + no feedback	55	450	0.10049830107526891
979	goal + no feedback	55	500	0.13310180107526878
979	goal + no feedback	55	550	0.14403813440860214
979	goal + no feedback	55	600	0.14880963440860215
979	goal + no feedback	55	650	0.1402934677419355
979	goal + no feedback	55	700	0.11275963440860215
979	goal + no feedback	55	750	0.10433563440860216
979	goal + no feedback	55	800	0.003594301075268813
979	goal + no feedback	55	850	0.32921296774193554
979	goal + no feedback	55	900	NA
979	goal + no feedback	55	950	NA
979	goal + no feedback	55	1e3	0.24531821774193552
979	goal + no feedback	55	1050	0.13167913440860213
979	goal + no feedback	55	1100	0.13610613440860217
979	goal + no feedback	55	1150	0.1245788010752688
979	goal + no feedback	56	-200	0.029282764976958604
979	goal + no feedback	56	-150	0.011605360215053873
979	goal + no feedback	56	-100	0.0015825268817204474
979	goal + no feedback	56	-50	-0.018095139784946108
979	goal + no feedback	56	0	-0.029255973118279543
979	goal + no feedback	56	50	-0.024141639784946173
979	goal + no feedback	56	100	-0.018738139784946133
979	goal + no feedback	56	150	-0.02381513978494613
979	goal + no feedback	56	200	-0.037573473118279445
979	goal + no feedback	56	250	-0.0177409731182796
979	goal + no feedback	56	300	0.005206860215053825
979	goal + no feedback	56	350	0.02407569354838716
979	goal + no feedback	56	400	0.045887360215053796
979	goal + no feedback	56	450	0.06782002688172047
979	goal + no feedback	56	500	0.11206602688172047
979	goal + no feedback	56	550	0.11904619354838723
979	goal + no feedback	56	600	0.11050552688172048
979	goal + no feedback	56	650	-0.05409280645161285
979	goal + no feedback	56	700	NA
979	goal + no feedback	56	750	NA
979	goal + no feedback	56	800	NA
979	goal + no feedback	56	850	NA
979	goal + no feedback	56	900	1.4916921935483871
979	goal + no feedback	56	950	0.40182019354838716
979	goal + no feedback	56	1e3	0.2042708602150538
979	goal + no feedback	56	1050	0.1746310268817206
979	goal + no feedback	56	1100	0.22495986021505376
979	goal + no feedback	56	1150	0.28523419354838714
979	goal + no feedback	57	-200	-0.01664754838709654
979	goal + no feedback	57	-150	0.006410451612903397
979	goal + no feedback	57	-100	0.003335618279570148
979	goal + no feedback	57	-50	0.0017516182795700441
979	goal + no feedback	57	0	0.007924451612903413
979	goal + no feedback	57	50	0.014422618279570068
979	goal + no feedback	57	100	0.014552951612903339
979	goal + no feedback	57	150	0.011968784946236802
979	goal + no feedback	57	200	0.008194284946236715
979	goal + no feedback	57	250	0.017817784946236797
979	goal + no feedback	57	300	0.02205861827957012
979	goal + no feedback	57	350	0.01969128494623666
979	goal + no feedback	57	400	0.01538145161290346
979	goal + no feedback	57	450	0.022546451612903473
979	goal + no feedback	57	500	0.047535951612903395
979	goal + no feedback	57	550	0.036982784946236746
979	goal + no feedback	57	600	0.03917878494623676
979	goal + no feedback	57	650	0.007270784946236712
979	goal + no feedback	57	700	-0.021680881720429923
979	goal + no feedback	57	750	-0.038429048387096675
979	goal + no feedback	57	800	-0.04772338172042997
979	goal + no feedback	57	850	-0.05214321505376329
979	goal + no feedback	57	900	-0.05100721505376319
979	goal + no feedback	57	950	-0.05820388172042993
979	goal + no feedback	57	1e3	-0.050091381720429894
979	goal + no feedback	57	1050	-0.05540938172042997
979	goal + no feedback	57	1100	-0.045432381720429994
979	goal + no feedback	57	1150	-0.038778548387096524
979	goal + no feedback	58	-200	-0.009324589861751331
979	goal + no feedback	58	-150	-0.012128327956989407
979	goal + no feedback	58	-100	-0.00519332795698942
979	goal + no feedback	58	-50	0.01726767204301057
979	goal + no feedback	58	0	0.01093267204301059
979	goal + no feedback	58	50	0.022515338709677257
979	goal + no feedback	58	100	0.05157633870967734
979	goal + no feedback	58	150	0.050557172043010544
979	goal + no feedback	58	200	0.09095717204301061
979	goal + no feedback	58	250	0.10661983870967728
979	goal + no feedback	58	300	0.1223148387096773
979	goal + no feedback	58	350	0.12972883870967725
979	goal + no feedback	58	400	0.15594867204301063
979	goal + no feedback	58	450	0.17888000537634396
979	goal + no feedback	58	500	0.1653355053763438
979	goal + no feedback	58	550	-0.13973616129032282
979	goal + no feedback	58	600	NA
979	goal + no feedback	58	650	NA
979	goal + no feedback	58	700	NA
979	goal + no feedback	58	750	NA
979	goal + no feedback	58	800	NA
979	goal + no feedback	58	850	0.3700241720430107
979	goal + no feedback	58	900	0.4678583387096773
979	goal + no feedback	58	950	0.4966001720430105
979	goal + no feedback	58	1e3	0.4793762387096773
979	goal + no feedback	58	1050	0.2993421244239631
979	goal + no feedback	58	1100	0.2675153387096772
979	goal + no feedback	58	1150	0.19118383870967728
979	goal + no feedback	59	-200	-0.018045110599078207
979	goal + no feedback	59	-150	0.0025125322580645815
979	goal + no feedback	59	-100	0.005511698924731245
979	goal + no feedback	59	-50	0.01310486559139797
979	goal + no feedback	59	0	-7.646774193551902e-5
979	goal + no feedback	59	50	0.03423153225806456
979	goal + no feedback	59	100	0.02706553225806463
979	goal + no feedback	59	150	0.04009436559139797
979	goal + no feedback	59	200	0.032455032258064564
979	goal + no feedback	59	250	0.03415219892473124
979	goal + no feedback	59	300	0.03837069892473129
979	goal + no feedback	59	350	0.02820469892473117
979	goal + no feedback	59	400	0.05271419892473128
979	goal + no feedback	59	450	0.05699136559139791
979	goal + no feedback	59	500	0.07344669892473117
979	goal + no feedback	59	550	0.06036953225806448
979	goal + no feedback	59	600	0.04165453225806459
979	goal + no feedback	59	650	-0.10256646774193556
979	goal + no feedback	59	700	0.2975790322580645
979	goal + no feedback	59	750	NA
979	goal + no feedback	59	800	NA
979	goal + no feedback	59	850	NA
979	goal + no feedback	59	900	NA
979	goal + no feedback	59	950	NA
979	goal + no feedback	59	1e3	NA
979	goal + no feedback	59	1050	NA
979	goal + no feedback	59	1100	NA
979	goal + no feedback	59	1150	NA
979	goal + no feedback	60	-200	-0.01269250000000007
979	goal + no feedback	60	-150	0.011169999999999902
979	goal + no feedback	60	-100	-0.006066000000000127
979	goal + no feedback	60	-50	-0.00220666666666669
979	goal + no feedback	60	0	0.00979516666666654
979	goal + no feedback	60	50	0.01989233333333325
979	goal + no feedback	60	100	0.01319516666666661
979	goal + no feedback	60	150	0.013704666666666624
979	goal + no feedback	60	200	0.013845833333333188
979	goal + no feedback	60	250	0.022692999999999925
979	goal + no feedback	60	300	0.01783716666666657
979	goal + no feedback	60	350	0.029773833333333277
979	goal + no feedback	60	400	0.04583399999999993
979	goal + no feedback	60	450	0.07491233333333318
979	goal + no feedback	60	500	0.07211016666666666
979	goal + no feedback	60	550	0.07541799999999992
979	goal + no feedback	60	600	0.05688649999999984
979	goal + no feedback	60	650	0.026552833333333286
979	goal + no feedback	60	700	0.015328666666666546
979	goal + no feedback	60	750	-0.023879166666666674
979	goal + no feedback	60	800	-0.03695707142857157
979	goal + no feedback	60	850	-0.029171666666666818
979	goal + no feedback	60	900	-0.036724000000000125
979	goal + no feedback	60	950	-0.03775966666666678
979	goal + no feedback	60	1e3	-0.023770666666666756
979	goal + no feedback	60	1050	-0.015694500000000167
979	goal + no feedback	60	1100	0.011078166666666611
979	goal + no feedback	60	1150	0.015485499999999893
979	goal + no feedback	61	-200	-0.012056364055299655
979	goal + no feedback	61	-150	-0.00876076881720437
979	goal + no feedback	61	-100	0.01227556451612899
979	goal + no feedback	61	-50	0.007018731182795612
979	goal + no feedback	61	0	0.0035322311827956643
979	goal + no feedback	61	50	0.0014845645161289205
979	goal + no feedback	61	100	-0.013621602150537612
979	goal + no feedback	61	150	0.005448397849462309
979	goal + no feedback	61	200	0.01683973118279562
979	goal + no feedback	61	250	0.05149739784946231
979	goal + no feedback	61	300	0.06384173118279553
979	goal + no feedback	61	350	0.0831877311827957
979	goal + no feedback	61	400	0.0840863978494623
979	goal + no feedback	61	450	0.11517073118279564
979	goal + no feedback	61	500	0.12417473118279565
979	goal + no feedback	61	550	0.15282956451612897
979	goal + no feedback	61	600	0.17696839784946236
979	goal + no feedback	61	650	0.16598306451612893
979	goal + no feedback	61	700	-0.2607209354838709
979	goal + no feedback	61	750	NA
979	goal + no feedback	61	800	NA
979	goal + no feedback	61	850	NA
979	goal + no feedback	61	900	NA
979	goal + no feedback	61	950	NA
979	goal + no feedback	61	1e3	NA
979	goal + no feedback	61	1050	NA
979	goal + no feedback	61	1100	NA
979	goal + no feedback	61	1150	NA
979	goal + no feedback	62	-200	0.018414000000000152
979	goal + no feedback	62	-150	0.009405500000000103
979	goal + no feedback	62	-100	-0.00711616666666659
979	goal + no feedback	62	-50	-0.00833983333333325
979	goal + no feedback	62	0	-0.012363499999999972
979	goal + no feedback	62	50	-0.019488666666666488
979	goal + no feedback	62	100	-0.02275566666666662
979	goal + no feedback	62	150	-0.026427999999999896
979	goal + no feedback	62	200	-0.05550816666666658
979	goal + no feedback	62	250	-0.041609833333333235
979	goal + no feedback	62	300	-0.04999383333333326
979	goal + no feedback	62	350	-0.035953499999999895
979	goal + no feedback	62	400	-0.028980166666666474
979	goal + no feedback	62	450	-0.018062333333333253
979	goal + no feedback	62	500	0.029310833333333546
979	goal + no feedback	62	550	0.04148716666666674
979	goal + no feedback	62	600	-0.0023243333333332248
979	goal + no feedback	62	650	-0.28679299999999985
979	goal + no feedback	62	700	NA
979	goal + no feedback	62	750	NA
979	goal + no feedback	62	800	NA
979	goal + no feedback	62	850	NA
979	goal + no feedback	62	900	NA
979	goal + no feedback	62	950	NA
979	goal + no feedback	62	1e3	NA
979	goal + no feedback	62	1050	NA
979	goal + no feedback	62	1100	NA
979	goal + no feedback	62	1150	NA
979	goal + no feedback	63	-200	-0.03738403333333307
979	goal + no feedback	63	-150	-0.01763736666666656
979	goal + no feedback	63	-100	0.004844966666666857
979	goal + no feedback	63	-50	0.022973133333333545
979	goal + no feedback	63	0	0.027203300000000263
979	goal + no feedback	63	50	0.03943296666666677
979	goal + no feedback	63	100	0.03592096666666689
979	goal + no feedback	63	150	0.01800730000000021
979	goal + no feedback	63	200	0.001080133333333455
979	goal + no feedback	63	250	-0.011253533333333085
979	goal + no feedback	63	300	-0.007224366666666482
979	goal + no feedback	63	350	-0.024772033333333072
979	goal + no feedback	63	400	-0.013419533333333197
979	goal + no feedback	63	450	0.005208300000000128
979	goal + no feedback	63	500	0.046689800000000226
979	goal + no feedback	63	550	0.08915246666666692
979	goal + no feedback	63	600	0.13429430000000017
979	goal + no feedback	63	650	0.15433413333333346
979	goal + no feedback	63	700	-0.10825419999999975
979	goal + no feedback	63	750	0.14897680000000024
979	goal + no feedback	63	800	NA
979	goal + no feedback	63	850	NA
979	goal + no feedback	63	900	NA
979	goal + no feedback	63	950	NA
979	goal + no feedback	63	1e3	NA
979	goal + no feedback	63	1050	NA
979	goal + no feedback	63	1100	NA
979	goal + no feedback	63	1150	NA
979	goal + no feedback	64	-200	0.0036689677419357025
979	goal + no feedback	64	-150	0.006113134408602283
979	goal + no feedback	64	-100	0.006376134408602334
979	goal + no feedback	64	-50	-0.0021275322580644276
979	goal + no feedback	64	0	-0.014642198924731028
979	goal + no feedback	64	50	-0.0194960322580644
979	goal + no feedback	64	100	-0.0013035322580643438
979	goal + no feedback	64	150	-0.007320198924731051
979	goal + no feedback	64	200	0.008242801075268943
979	goal + no feedback	64	250	0.009062967741935676
979	goal + no feedback	64	300	-0.012336865591397647
979	goal + no feedback	64	350	-0.018308532258064353
979	goal + no feedback	64	400	-0.004401365591397699
979	goal + no feedback	64	450	-1.2819892473103778e-4
979	goal + no feedback	64	500	0.04455263440860232
979	goal + no feedback	64	550	0.06314863440860223
979	goal + no feedback	64	600	0.10380646774193562
979	goal + no feedback	64	650	-0.028889632258064245
979	goal + no feedback	64	700	NA
979	goal + no feedback	64	750	NA
979	goal + no feedback	64	800	NA
979	goal + no feedback	64	850	NA
979	goal + no feedback	64	900	NA
979	goal + no feedback	64	950	NA
979	goal + no feedback	64	1e3	NA
979	goal + no feedback	64	1050	0.3017009677419358
979	goal + no feedback	64	1100	0.40133721774193554
979	goal + no feedback	64	1150	0.513218801075269
979	goal + no feedback	65	-200	0.014158124423962994
979	goal + no feedback	65	-150	-0.004129994623656079
979	goal + no feedback	65	-100	0.0062685053763438985
979	goal + no feedback	65	-50	-0.0025514946236560774
979	goal + no feedback	65	0	-0.01610482795698946
979	goal + no feedback	65	50	-0.004547661290322802
979	goal + no feedback	65	100	-0.023313161290322865
979	goal + no feedback	65	150	-0.03126866129032272
979	goal + no feedback	65	200	-0.03210699462365607
979	goal + no feedback	65	250	-0.025558994623656073
979	goal + no feedback	65	300	-0.02100766129032272
979	goal + no feedback	65	350	-0.030515994623656024
979	goal + no feedback	65	400	-0.00895799462365606
979	goal + no feedback	65	450	0.002193005376343926
979	goal + no feedback	65	500	0.04782333870967729
979	goal + no feedback	65	550	0.09068717204301062
979	goal + no feedback	65	600	0.11880067204301052
979	goal + no feedback	65	650	0.0013973387096772132
979	goal + no feedback	65	700	-0.33991216129032287
979	goal + no feedback	65	750	-0.12640749462365605
979	goal + no feedback	65	800	NA
979	goal + no feedback	65	850	NA
979	goal + no feedback	65	900	-0.23297616129032273
979	goal + no feedback	65	950	-0.05103416129032282
979	goal + no feedback	65	1e3	NA
979	goal + no feedback	65	1050	NA
979	goal + no feedback	65	1100	NA
979	goal + no feedback	65	1150	NA
979	goal + no feedback	66	-200	0.013497600000000146
979	goal + no feedback	66	-150	0.002992600000000234
979	goal + no feedback	66	-100	0.002485266666666819
979	goal + no feedback	66	-50	-0.0027345666666664936
979	goal + no feedback	66	0	-0.01624089999999982
979	goal + no feedback	66	50	-0.014997233333333174
979	goal + no feedback	66	100	-0.02338939999999982
979	goal + no feedback	66	150	-0.017721233333333197
979	goal + no feedback	66	200	-0.022597733333333075
979	goal + no feedback	66	250	-0.0328625666666665
979	goal + no feedback	66	300	-0.0351972333333331
979	goal + no feedback	66	350	-0.028837399999999718
979	goal + no feedback	66	400	-0.0047900666666664815
979	goal + no feedback	66	450	0.004995600000000137
979	goal + no feedback	66	500	0.057621076190476295
979	goal + no feedback	66	550	0.1238627666666668
979	goal + no feedback	66	600	0.09080460000000008
979	goal + no feedback	66	650	NA
979	goal + no feedback	66	700	0.47473043333333353
979	goal + no feedback	66	750	NA
979	goal + no feedback	66	800	NA
979	goal + no feedback	66	850	NA
979	goal + no feedback	66	900	NA
979	goal + no feedback	66	950	NA
979	goal + no feedback	66	1e3	NA
979	goal + no feedback	66	1050	NA
979	goal + no feedback	66	1100	NA
979	goal + no feedback	66	1150	NA
979	goal + no feedback	67	-200	0.02183606912442399
979	goal + no feedback	67	-150	0.01872985483870974
979	goal + no feedback	67	-100	0.004463521505376396
979	goal + no feedback	67	-50	-0.01724847849462356
979	goal + no feedback	67	0	-0.03142031182795694
979	goal + no feedback	67	50	-0.0502698118279569
979	goal + no feedback	67	100	-0.055715645161290274
979	goal + no feedback	67	150	-0.0650736451612904
979	goal + no feedback	67	200	-0.10121397849462362
979	goal + no feedback	67	250	-0.12024431182795703
979	goal + no feedback	67	300	-0.1297651451612903
979	goal + no feedback	67	350	-0.14820514516129024
979	goal + no feedback	67	400	-0.1492749784946236
979	goal + no feedback	67	450	-0.15430747849462367
979	goal + no feedback	67	500	-0.12986814516129028
979	goal + no feedback	67	550	-0.10211997849462355
979	goal + no feedback	67	600	-0.10086024516129033
979	goal + no feedback	67	650	-0.11541764516129005
979	goal + no feedback	67	700	NA
979	goal + no feedback	67	750	NA
979	goal + no feedback	67	800	NA
979	goal + no feedback	67	850	NA
979	goal + no feedback	67	900	NA
979	goal + no feedback	67	950	NA
979	goal + no feedback	67	1e3	NA
979	goal + no feedback	67	1050	NA
979	goal + no feedback	67	1100	NA
979	goal + no feedback	67	1150	0.5352563548387099
979	goal + no feedback	68	-200	-0.013433099999999865
979	goal + no feedback	68	-150	-4.0959999999993596e-4
979	goal + no feedback	68	-100	-0.0038482666666666
979	goal + no feedback	68	-50	0.0034427333333333365
979	goal + no feedback	68	0	0.014248233333333507
979	goal + no feedback	68	50	0.021738900000000044
979	goal + no feedback	68	100	0.022375900000000115
979	goal + no feedback	68	150	0.029620900000000134
979	goal + no feedback	68	200	0.03295573333333331
979	goal + no feedback	68	250	0.03944066190476203
979	goal + no feedback	68	300	0.06356203333333346
979	goal + no feedback	68	350	0.0800935190476191
979	goal + no feedback	68	400	0.09018356666666676
979	goal + no feedback	68	450	0.12278673333333345
979	goal + no feedback	68	500	0.1378860666666668
979	goal + no feedback	68	550	0.14544840000000012
979	goal + no feedback	68	600	0.12692290000000006
979	goal + no feedback	68	650	0.1100579
979	goal + no feedback	68	700	0.07729656666666673
979	goal + no feedback	68	750	0.07167790000000007
979	goal + no feedback	68	800	0.047152733333333474
979	goal + no feedback	68	850	0.016298900000000078
979	goal + no feedback	68	900	0.012323233333333405
979	goal + no feedback	68	950	0.012613900000000141
979	goal + no feedback	68	1e3	0.01771640000000015
979	goal + no feedback	68	1050	0.0181820666666667
979	goal + no feedback	68	1100	0.010268566666666793
979	goal + no feedback	68	1150	0.016473233333333503
979	goal + no feedback	69	-200	0.0012195483870969883
979	goal + no feedback	69	-150	2.0238172043026323e-4
979	goal + no feedback	69	-100	0.00493371505376361
979	goal + no feedback	69	-50	-0.008539618279569691
979	goal + no feedback	69	0	0.0019807150537635523
979	goal + no feedback	69	50	0.01757004838709686
979	goal + no feedback	69	100	0.021553381720430236
979	goal + no feedback	69	150	0.017929715053763617
979	goal + no feedback	69	200	0.039126381720430224
979	goal + no feedback	69	250	0.03409188172043032
979	goal + no feedback	69	300	0.040735548387096886
979	goal + no feedback	69	350	0.03325438172043027
979	goal + no feedback	69	400	0.02345988172043027
979	goal + no feedback	69	450	0.046579715053763605
979	goal + no feedback	69	500	0.04131671505376359
979	goal + no feedback	69	550	0.05845838172043035
979	goal + no feedback	69	600	0.03662804838709688
979	goal + no feedback	69	650	0.018884548387096967
979	goal + no feedback	69	700	0.005453715053763612
979	goal + no feedback	69	750	0.0907107150537636
979	goal + no feedback	69	800	0.09841604838709699
979	goal + no feedback	69	850	0.10463671505376364
979	goal + no feedback	69	900	0.06796488172043029
979	goal + no feedback	69	950	0.08720921505376363
979	goal + no feedback	69	1e3	0.06597921505376363
979	goal + no feedback	69	1050	0.0353160483870969
979	goal + no feedback	69	1100	-0.01184495161290311
979	goal + no feedback	69	1150	-0.08775928494623637
979	goal + no feedback	70	-200	0.0012955529953918418
979	goal + no feedback	70	-150	0.0011386720430108799
979	goal + no feedback	70	-100	0.005869338709677467
979	goal + no feedback	70	-50	-0.007658327956989138
979	goal + no feedback	70	0	-8.611612903224319e-4
979	goal + no feedback	70	50	-0.0028203279569890918
979	goal + no feedback	70	100	-0.03389782795698911
979	goal + no feedback	70	150	-0.051205827956989136
979	goal + no feedback	70	200	-0.057682827956989056
979	goal + no feedback	70	250	-0.06981649462365576
979	goal + no feedback	70	300	-0.09610449462365585
979	goal + no feedback	70	350	-0.08673782795698903
979	goal + no feedback	70	400	-0.07912832795698906
979	goal + no feedback	70	450	-0.06440166129032243
979	goal + no feedback	70	500	-0.03953166129032256
979	goal + no feedback	70	550	-0.01119266129032237
979	goal + no feedback	70	600	0.015806672043010856
979	goal + no feedback	70	650	-0.010554994623655833
979	goal + no feedback	70	700	-0.04100549462365569
979	goal + no feedback	70	750	-0.06261849462365572
979	goal + no feedback	70	800	-0.06385849462365578
979	goal + no feedback	70	850	-0.05621632795698909
979	goal + no feedback	70	900	-0.05094899462365573
979	goal + no feedback	70	950	-0.03644216129032237
979	goal + no feedback	70	1e3	-4.8099462365584306e-4
979	goal + no feedback	70	1050	0.004146338709677622
979	goal + no feedback	70	1100	0.009586338709677658
979	goal + no feedback	70	1150	0.04452233870967759
979	goal + no feedback	71	-200	0.01160830875576029
979	goal + no feedback	71	-150	0.0016894516129031256
979	goal + no feedback	71	-100	-0.008459548387096838
979	goal + no feedback	71	-50	-0.0030507150537634566
979	goal + no feedback	71	0	-0.003722215053763467
979	goal + no feedback	71	50	-0.01107838172043015
979	goal + no feedback	71	100	-0.007753548387096816
979	goal + no feedback	71	150	-0.00987471505376362
979	goal + no feedback	71	200	-0.013195215053763532
979	goal + no feedback	71	250	-0.009490881720430222
979	goal + no feedback	71	300	-0.022946548387096755
979	goal + no feedback	71	350	-0.027683048387096898
979	goal + no feedback	71	400	-0.027577881720430186
979	goal + no feedback	71	450	-0.01447821505376353
979	goal + no feedback	71	500	-0.013862048387096815
979	goal + no feedback	71	550	-0.01347821505376349
979	goal + no feedback	71	600	-0.005074215053763487
979	goal + no feedback	71	650	-4.007150537634896e-4
979	goal + no feedback	71	700	-0.0074230483870968795
979	goal + no feedback	71	750	-0.007516048387096926
979	goal + no feedback	71	800	-0.025861381720430215
979	goal + no feedback	71	850	-0.048134048387096895
979	goal + no feedback	71	900	-0.05393938172043026
979	goal + no feedback	71	950	-0.05625788172043015
979	goal + no feedback	71	1e3	-0.04467621505376355
979	goal + no feedback	71	1050	-0.036858881720430205
979	goal + no feedback	71	1100	-0.013994881720430064
979	goal + no feedback	71	1150	0.0026452849462365404
979	goal + no feedback	72	-200	0.006978479262673064
979	goal + no feedback	72	-150	-9.814731182794152e-4
979	goal + no feedback	72	-100	-0.0012043064516127355
979	goal + no feedback	72	-50	-0.0058636397849460105
979	goal + no feedback	72	0	-9.213978494604369e-5
979	goal + no feedback	72	50	-0.0038601397849460373
979	goal + no feedback	72	100	-0.002286639784945995
979	goal + no feedback	72	150	-0.020647639784945993
979	goal + no feedback	72	200	-0.021662639784946053
979	goal + no feedback	72	250	-0.025306306451612654
979	goal + no feedback	72	300	-0.039110973118279345
979	goal + no feedback	72	350	-0.044556139784946026
979	goal + no feedback	72	400	-0.035831639784946
979	goal + no feedback	72	450	-0.03835897311827933
979	goal + no feedback	72	500	-0.018348806451612704
979	goal + no feedback	72	550	-0.0036226397849460725
979	goal + no feedback	72	600	0.012997860215053928
979	goal + no feedback	72	650	0.030563693548387283
979	goal + no feedback	72	700	0.0551450268817207
979	goal + no feedback	72	750	-0.1453223064516127
979	goal + no feedback	72	800	0.2774085268817205
979	goal + no feedback	72	850	NA
979	goal + no feedback	72	900	NA
979	goal + no feedback	72	950	NA
979	goal + no feedback	72	1e3	-0.28419080645161277
979	goal + no feedback	72	1050	0.05745219354838723
979	goal + no feedback	72	1100	-0.13463713978494604
979	goal + no feedback	72	1150	0.03697202688172071
979	goal + no feedback	73	-200	-0.002718466666666789
979	goal + no feedback	73	-150	0.01195336666666654
979	goal + no feedback	73	-100	0.0026735333333332
979	goal + no feedback	73	-50	-0.003450800000000198
979	goal + no feedback	73	0	-0.008457633333333492
979	goal + no feedback	73	50	-0.0026704666666668153
979	goal + no feedback	73	100	-0.014876133333333522
979	goal + no feedback	73	150	-0.017934966666666902
979	goal + no feedback	73	200	-0.017196800000000234
979	goal + no feedback	73	250	-0.017559300000000205
979	goal + no feedback	73	300	-0.0290588000000002
979	goal + no feedback	73	350	-0.01978963333333354
979	goal + no feedback	73	400	-0.023033133333333494
979	goal + no feedback	73	450	-0.008341800000000102
979	goal + no feedback	73	500	-0.003815300000000151
979	goal + no feedback	73	550	0.014201199999999728
979	goal + no feedback	73	600	-0.001048466666666803
979	goal + no feedback	73	650	-0.005189466666666902
979	goal + no feedback	73	700	-0.02856280000000015
979	goal + no feedback	73	750	-0.05177763333333344
979	goal + no feedback	73	800	-0.08307896666666685
979	goal + no feedback	73	850	-0.10670380000000017
979	goal + no feedback	73	900	-0.10371796666666677
979	goal + no feedback	73	950	-0.1144649666666669
979	goal + no feedback	73	1e3	-0.11346872857142877
979	goal + no feedback	73	1050	-0.10469846666666682
979	goal + no feedback	73	1100	-0.10877430000000017
979	goal + no feedback	73	1150	-0.09341030000000017
979	goal + no feedback	74	-200	-0.02167658064516122
979	goal + no feedback	74	-150	-0.015117080645161263
979	goal + no feedback	74	-100	5.441935483877872e-5
979	goal + no feedback	74	-50	0.0143245860215054
979	goal + no feedback	74	0	0.026027419354838727
979	goal + no feedback	74	50	0.04394308602150546
979	goal + no feedback	74	100	0.04825291935483874
979	goal + no feedback	74	150	0.06621041935483873
979	goal + no feedback	74	200	0.07747591935483873
979	goal + no feedback	74	250	0.09752358602150542
979	goal + no feedback	74	300	0.10890341935483867
979	goal + no feedback	74	350	0.12914925268817204
979	goal + no feedback	74	400	0.15009925268817206
979	goal + no feedback	74	450	0.1769179193548387
979	goal + no feedback	74	500	0.2144639193548387
979	goal + no feedback	74	550	0.2588642526881721
979	goal + no feedback	74	600	0.28167641935483867
979	goal + no feedback	74	650	0.1454490193548387
979	goal + no feedback	74	700	NA
979	goal + no feedback	74	750	NA
979	goal + no feedback	74	800	NA
979	goal + no feedback	74	850	NA
979	goal + no feedback	74	900	NA
979	goal + no feedback	74	950	NA
979	goal + no feedback	74	1e3	NA
979	goal + no feedback	74	1050	NA
979	goal + no feedback	74	1100	NA
979	goal + no feedback	74	1150	NA
979	goal + no feedback	75	-200	-0.01915642396313341
979	goal + no feedback	75	-150	-0.0023380430107525405
979	goal + no feedback	75	-100	5.647903225808696e-4
979	goal + no feedback	75	-50	0.011215790322580762
979	goal + no feedback	75	0	0.012906623655914254
979	goal + no feedback	75	50	0.010192290322580844
979	goal + no feedback	75	100	0.0036311236559142626
979	goal + no feedback	75	150	0.007066123655914265
979	goal + no feedback	75	200	-4.7970967741917114e-4
979	goal + no feedback	75	250	-0.0017567096774191437
979	goal + no feedback	75	300	-0.018626709677419157
979	goal + no feedback	75	350	-0.005673876344085708
979	goal + no feedback	75	400	-0.013185043010752443
979	goal + no feedback	75	450	0.008086623655914282
979	goal + no feedback	75	500	0.03459862365591415
979	goal + no feedback	75	550	0.0568996236559142
979	goal + no feedback	75	600	0.05137279032258083
979	goal + no feedback	75	650	-0.1487038763440859
979	goal + no feedback	75	700	NA
979	goal + no feedback	75	750	NA
979	goal + no feedback	75	800	NA
979	goal + no feedback	75	850	NA
979	goal + no feedback	75	900	NA
979	goal + no feedback	75	950	NA
979	goal + no feedback	75	1e3	NA
979	goal + no feedback	75	1050	0.3701402903225808
979	goal + no feedback	75	1100	0.2821399569892476
979	goal + no feedback	75	1150	0.2552809569892475
979	goal + no feedback	76	-200	0.017995764976958397
979	goal + no feedback	76	-150	0.008898526881720326
979	goal + no feedback	76	-100	-0.005510306451613101
979	goal + no feedback	76	-50	-0.008981973118279715
979	goal + no feedback	76	0	-0.015401306451613047
979	goal + no feedback	76	50	-0.019054639784946332
979	goal + no feedback	76	100	-0.01611813978494629
979	goal + no feedback	76	150	-0.010071139784946373
979	goal + no feedback	76	200	-0.02105513978494633
979	goal + no feedback	76	250	-0.033360473118279645
979	goal + no feedback	76	300	-0.04063640645161293
979	goal + no feedback	76	350	-0.05548997311827978
979	goal + no feedback	76	400	-0.04986423502304164
979	goal + no feedback	76	450	-0.040821806451612964
979	goal + no feedback	76	500	-0.02915130645161305
979	goal + no feedback	76	550	-0.02977363978494633
979	goal + no feedback	76	600	-0.019603473118279702
979	goal + no feedback	76	650	0.00562652688172031
979	goal + no feedback	76	700	0.003952693548387047
979	goal + no feedback	76	750	-0.008767139784946401
979	goal + no feedback	76	800	-0.011267473118279728
979	goal + no feedback	76	850	-0.025027639784946414
979	goal + no feedback	76	900	-0.008847973118279636
979	goal + no feedback	76	950	-0.010901306451613099
979	goal + no feedback	76	1e3	-0.022904306451613083
979	goal + no feedback	76	1050	-0.008215306451612983
979	goal + no feedback	76	1100	0.006926860215053547
979	goal + no feedback	76	1150	0.036865526881720255
979	goal + no feedback	77	-200	0.016054161290322826
979	goal + no feedback	77	-150	0.006866661290322688
979	goal + no feedback	77	-100	0.0038214946236561818
979	goal + no feedback	77	-50	-0.009728172043010463
979	goal + no feedback	77	0	-0.01968983870967726
979	goal + no feedback	77	50	-0.03542217204301049
979	goal + no feedback	77	100	-0.04735367204301055
979	goal + no feedback	77	150	-0.055019838709677193
979	goal + no feedback	77	200	-0.054485338709677165
979	goal + no feedback	77	250	-0.08184483870967714
979	goal + no feedback	77	300	-0.10073833870967712
979	goal + no feedback	77	350	-0.11925533870967715
979	goal + no feedback	77	400	-0.1226605053763438
979	goal + no feedback	77	450	-0.16676623870967716
979	goal + no feedback	77	500	NA
979	goal + no feedback	77	550	NA
979	goal + no feedback	77	600	NA
979	goal + no feedback	77	650	NA
979	goal + no feedback	77	700	NA
979	goal + no feedback	77	750	NA
979	goal + no feedback	77	800	NA
979	goal + no feedback	77	850	NA
979	goal + no feedback	77	900	NA
979	goal + no feedback	77	950	NA
979	goal + no feedback	77	1e3	NA
979	goal + no feedback	77	1050	-0.114914838709677
979	goal + no feedback	77	1100	0.4451957327188943
979	goal + no feedback	77	1150	0.2872151612903229
979	goal + no feedback	78	-200	0.00790738709677433
979	goal + no feedback	78	-150	-0.003156612903225664
979	goal + no feedback	78	-100	-0.00625161290322566
979	goal + no feedback	78	-50	0.003459887096774287
979	goal + no feedback	78	0	-0.003276946236558942
979	goal + no feedback	78	50	-0.0049632795698923244
979	goal + no feedback	78	100	-0.010776946236558857
979	goal + no feedback	78	150	-0.0033421129032256136
979	goal + no feedback	78	200	-0.00605927956989231
979	goal + no feedback	78	250	-0.001441279569892299
979	goal + no feedback	78	300	0.0026733870967744857
979	goal + no feedback	78	350	-0.004244279569892262
979	goal + no feedback	78	400	-6.921129032255724e-4
979	goal + no feedback	78	450	0.007981553763441118
979	goal + no feedback	78	500	0.07182022043010772
979	goal + no feedback	78	550	-0.19328111290322547
979	goal + no feedback	78	600	NA
979	goal + no feedback	78	650	0.8329767870967744
979	goal + no feedback	78	700	0.8843343870967746
979	goal + no feedback	78	750	0.2518673870967743
979	goal + no feedback	78	800	NA
979	goal + no feedback	78	850	NA
979	goal + no feedback	78	900	NA
979	goal + no feedback	78	950	NA
979	goal + no feedback	78	1e3	NA
979	goal + no feedback	78	1050	NA
979	goal + no feedback	78	1100	NA
979	goal + no feedback	78	1150	NA
979	goal + no feedback	79	-200	0.020380235023041315
979	goal + no feedback	79	-150	0.0032558064516127563
979	goal + no feedback	79	-100	0.004778306451612702
979	goal + no feedback	79	-50	-0.0043518602150539225
979	goal + no feedback	79	0	-0.027459193548387217
979	goal + no feedback	79	50	-0.020768860215053902
979	goal + no feedback	79	100	-0.02755269354838726
979	goal + no feedback	79	150	-0.016792860215053846
979	goal + no feedback	79	200	-0.017933693548387215
979	goal + no feedback	79	250	-0.027472193548387258
979	goal + no feedback	79	300	-0.02940869354838734
979	goal + no feedback	79	350	-0.017918193548387196
979	goal + no feedback	79	400	-0.014782526881720623
979	goal + no feedback	79	450	-0.013596026881720569
979	goal + no feedback	79	500	0.021001473118279417
979	goal + no feedback	79	550	0.059950139784946156
979	goal + no feedback	79	600	0.091659139784946
979	goal + no feedback	79	650	0.09664063978494604
979	goal + no feedback	79	700	0.09643097311827938
979	goal + no feedback	79	750	0.0787118064516128
979	goal + no feedback	79	800	0.05276963978494605
979	goal + no feedback	79	850	0.04109813978494614
979	goal + no feedback	79	900	0.07478347311827933
979	goal + no feedback	79	950	0.06240097311827938
979	goal + no feedback	79	1e3	0.09764430645161275
979	goal + no feedback	79	1050	0.10644197311827945
979	goal + no feedback	79	1100	0.12036880645161278
979	goal + no feedback	79	1150	7.128064516127205e-4
979	goal + no feedback	80	-200	-0.03712650230414738
979	goal + no feedback	80	-150	-0.018927811827956848
979	goal + no feedback	80	-100	0.004080021505376452
979	goal + no feedback	80	-50	0.015259188172043192
979	goal + no feedback	80	0	0.042902854838709814
979	goal + no feedback	80	50	0.05481752150537648
979	goal + no feedback	80	100	0.04715035483870985
979	goal + no feedback	80	150	0.07309385483870974
979	goal + no feedback	80	200	0.0781253548387099
979	goal + no feedback	80	250	0.08605635483870973
979	goal + no feedback	80	300	0.10014385483870991
979	goal + no feedback	80	350	0.10631302150537647
979	goal + no feedback	80	400	0.11194652150537654
979	goal + no feedback	80	450	0.13601918817204317
979	goal + no feedback	80	500	0.1684295215053766
979	goal + no feedback	80	550	0.17220885483870982
979	goal + no feedback	80	600	0.1753333548387097
979	goal + no feedback	80	650	0.008036354838709755
979	goal + no feedback	80	700	-0.2168081451612902
979	goal + no feedback	80	750	NA
979	goal + no feedback	80	800	-0.10949464516129037
979	goal + no feedback	80	850	NA
979	goal + no feedback	80	900	NA
979	goal + no feedback	80	950	NA
979	goal + no feedback	80	1e3	NA
979	goal + no feedback	80	1050	NA
979	goal + no feedback	80	1100	-0.31208964516129
979	goal + no feedback	80	1150	NA
979	goal + no feedback	81	-200	-0.03936116666666689
979	goal + no feedback	81	-150	-0.015155000000000177
979	goal + no feedback	81	-100	0.014890833333333076
979	goal + no feedback	81	-50	0.013533999999999788
979	goal + no feedback	81	0	0.02609133333333317
979	goal + no feedback	81	50	0.033593999999999756
979	goal + no feedback	81	100	0.049207166666666545
979	goal + no feedback	81	150	0.06516466666666638
979	goal + no feedback	81	200	0.05761949999999986
979	goal + no feedback	81	250	0.08031299999999979
979	goal + no feedback	81	300	0.08725816666666637
979	goal + no feedback	81	350	0.07712999999999985
979	goal + no feedback	81	400	0.07942683333333322
979	goal + no feedback	81	450	0.08219299999999981
979	goal + no feedback	81	500	0.09357666666666649
979	goal + no feedback	81	550	0.09262849999999978
979	goal + no feedback	81	600	0.12900416666666645
979	goal + no feedback	81	650	0.1669936666666664
979	goal + no feedback	81	700	0.09164283333333308
979	goal + no feedback	81	750	0.584273833333333
979	goal + no feedback	81	800	NA
979	goal + no feedback	81	850	NA
979	goal + no feedback	81	900	NA
979	goal + no feedback	81	950	NA
979	goal + no feedback	81	1e3	NA
979	goal + no feedback	81	1050	NA
979	goal + no feedback	81	1100	NA
979	goal + no feedback	81	1150	NA
979	goal + no feedback	82	-200	0.0011657000000000473
979	goal + no feedback	82	-150	-0.005400299999999951
979	goal + no feedback	82	-100	-0.003048633333333347
979	goal + no feedback	82	-50	-2.454666666667678e-4
979	goal + no feedback	82	0	0.0075287000000000175
979	goal + no feedback	82	50	5.246999999999336e-4
979	goal + no feedback	82	100	-0.008240299999999978
979	goal + no feedback	82	150	-0.0026222999999999295
979	goal + no feedback	82	200	-0.014731300000000003
979	goal + no feedback	82	250	-0.01636129999999995
979	goal + no feedback	82	300	-0.02793429999999993
979	goal + no feedback	82	350	-0.028976633333333373
979	goal + no feedback	82	400	-0.02884046666666662
979	goal + no feedback	82	450	-0.02434213333333335
979	goal + no feedback	82	500	-0.0803954666666667
979	goal + no feedback	82	550	NA
979	goal + no feedback	82	600	NA
979	goal + no feedback	82	650	NA
979	goal + no feedback	82	700	NA
979	goal + no feedback	82	750	NA
979	goal + no feedback	82	800	NA
979	goal + no feedback	82	850	NA
979	goal + no feedback	82	900	NA
979	goal + no feedback	82	950	NA
979	goal + no feedback	82	1e3	NA
979	goal + no feedback	82	1050	NA
979	goal + no feedback	82	1100	NA
979	goal + no feedback	82	1150	NA
979	goal + no feedback	83	-200	-0.005635972350230326
979	goal + no feedback	83	-150	-0.0024655913978493724
979	goal + no feedback	83	-100	-0.013349924731182794
979	goal + no feedback	83	-50	0.0124642419354839
979	goal + no feedback	83	0	0.009926575268817203
979	goal + no feedback	83	50	0.010546575268817193
979	goal + no feedback	83	100	0.025445908602150496
979	goal + no feedback	83	150	0.04440574193548382
979	goal + no feedback	83	200	0.046661741935483926
979	goal + no feedback	83	250	0.07166774193548386
979	goal + no feedback	83	300	0.08311707526881722
979	goal + no feedback	83	350	0.08414740860215053
979	goal + no feedback	83	400	0.08678357526881723
979	goal + no feedback	83	450	0.1108639086021505
979	goal + no feedback	83	500	0.1383242419354839
979	goal + no feedback	83	550	0.16705407526881721
979	goal + no feedback	83	600	0.17597740860215047
979	goal + no feedback	83	650	0.18816524193548387
979	goal + no feedback	83	700	0.16094657526881714
979	goal + no feedback	83	750	-0.048757058064516204
979	goal + no feedback	83	800	NA
979	goal + no feedback	83	850	0.946430741935484
979	goal + no feedback	83	900	0.2261277419354839
979	goal + no feedback	83	950	0.1080387419354838
979	goal + no feedback	83	1e3	NA
979	goal + no feedback	83	1050	NA
979	goal + no feedback	83	1100	-0.20464725806451622
979	goal + no feedback	83	1150	0.19322234193548385
979	goal + no feedback	84	-200	0.0024834377880183895
979	goal + no feedback	84	-150	-0.002875619354838754
979	goal + no feedback	84	-100	-0.002283086021505435
979	goal + no feedback	84	-50	7.774377880184044e-4
979	goal + no feedback	84	0	8.750806451612488e-4
979	goal + no feedback	84	50	-0.0075324193548388
979	goal + no feedback	84	100	-0.02494961935483877
979	goal + no feedback	84	150	-0.026577133640553047
979	goal + no feedback	84	200	-0.02484958602150537
979	goal + no feedback	84	250	-0.033531419354838755
979	goal + no feedback	84	300	-0.018898086021505407
979	goal + no feedback	84	350	-0.02686841935483882
979	goal + no feedback	84	400	-0.018432086021505405
979	goal + no feedback	84	450	0.004232413978494535
979	goal + no feedback	84	500	0.019659580645161306
979	goal + no feedback	84	550	0.03828874731182793
979	goal + no feedback	84	600	0.05526524731182795
979	goal + no feedback	84	650	0.06304308064516125
979	goal + no feedback	84	700	-0.08235158602150545
979	goal + no feedback	84	750	-0.25717141935483867
979	goal + no feedback	84	800	NA
979	goal + no feedback	84	850	NA
979	goal + no feedback	84	900	NA
979	goal + no feedback	84	950	NA
979	goal + no feedback	84	1e3	NA
979	goal + no feedback	84	1050	NA
979	goal + no feedback	84	1100	NA
979	goal + no feedback	84	1150	NA
979	goal + no feedback	85	-200	0.023110502304147445
979	goal + no feedback	85	-150	-0.002341688172043055
979	goal + no feedback	85	-100	-0.007541354838709842
979	goal + no feedback	85	-50	-0.013149521505376516
979	goal + no feedback	85	0	-0.0039296881720430514
979	goal + no feedback	85	50	-0.024579688172043108
979	goal + no feedback	85	100	-0.0176540215053765
979	goal + no feedback	85	150	0.005674811827957038
979	goal + no feedback	85	200	0.012876645161290279
979	goal + no feedback	85	250	-0.00599202150537644
979	goal + no feedback	85	300	-0.003173854838709763
979	goal + no feedback	85	350	-0.0019528548387097722
979	goal + no feedback	85	400	-0.013772688172043098
979	goal + no feedback	85	450	-0.013885521505376438
979	goal + no feedback	85	500	-0.013311521505376511
979	goal + no feedback	85	550	0.0121956451612902
979	goal + no feedback	85	600	0.016814978494623583
979	goal + no feedback	85	650	0.03418447849462355
979	goal + no feedback	85	700	0.025409145161290187
979	goal + no feedback	85	750	-0.1498586881720431
979	goal + no feedback	85	800	NA
979	goal + no feedback	85	850	0.31138764516129
979	goal + no feedback	85	900	NA
979	goal + no feedback	85	950	NA
979	goal + no feedback	85	1e3	NA
979	goal + no feedback	85	1050	NA
979	goal + no feedback	85	1100	NA
979	goal + no feedback	85	1150	NA
979	goal + no feedback	86	-200	-0.02772651612903232
979	goal + no feedback	86	-150	-0.02502868279569907
979	goal + no feedback	86	-100	0.011076983870967597
979	goal + no feedback	86	-50	0.01928815053763433
979	goal + no feedback	86	0	0.027011150537634254
979	goal + no feedback	86	50	0.04927798387096768
979	goal + no feedback	86	100	0.07180198387096766
979	goal + no feedback	86	150	0.07223515053763425
979	goal + no feedback	86	200	0.09061248387096772
979	goal + no feedback	86	250	0.1105863172043009
979	goal + no feedback	86	300	0.11686631720430096
979	goal + no feedback	86	350	0.1209329838709677
979	goal + no feedback	86	400	0.11996465053763432
979	goal + no feedback	86	450	0.1340391505376343
979	goal + no feedback	86	500	0.1476564838709676
979	goal + no feedback	86	550	0.17040981720430107
979	goal + no feedback	86	600	0.17545648387096766
979	goal + no feedback	86	650	0.16367815053763435
979	goal + no feedback	86	700	0.16189231720430106
979	goal + no feedback	86	750	0.14853931720430089
979	goal + no feedback	86	800	0.09980768387096761
979	goal + no feedback	86	850	NA
979	goal + no feedback	86	900	NA
979	goal + no feedback	86	950	NA
979	goal + no feedback	86	1e3	NA
979	goal + no feedback	86	1050	NA
979	goal + no feedback	86	1100	0.22458048387096774
979	goal + no feedback	86	1150	0.3847563172043011
979	goal + no feedback	87	-200	0.020257271889400994
979	goal + no feedback	87	-150	0.007607795698924742
979	goal + no feedback	87	-100	0.0013001290322580683
979	goal + no feedback	87	-50	-0.005922537634408531
979	goal + no feedback	87	0	-0.02661887096774181
979	goal + no feedback	87	50	-0.018072204301075107
979	goal + no feedback	87	100	-0.040569537634408626
979	goal + no feedback	87	150	-0.043747037634408535
979	goal + no feedback	87	200	-0.06880470430107526
979	goal + no feedback	87	250	-0.10768453763440851
979	goal + no feedback	87	300	-0.11905370430107524
979	goal + no feedback	87	350	-0.13212287096774178
979	goal + no feedback	87	400	-0.14529787096774185
979	goal + no feedback	87	450	-0.12537953763440846
979	goal + no feedback	87	500	-0.1087998709677418
979	goal + no feedback	87	550	-0.07822620430107514
979	goal + no feedback	87	600	-0.06307603763440854
979	goal + no feedback	87	650	-0.08826553763440852
979	goal + no feedback	87	700	-0.1286395376344085
979	goal + no feedback	87	750	-0.15932953763440852
979	goal + no feedback	87	800	-0.18603737096774195
979	goal + no feedback	87	850	-0.19189470430107516
979	goal + no feedback	87	900	-0.23904620430107526
979	goal + no feedback	87	950	-0.2290687043010752
979	goal + no feedback	87	1e3	-0.18066603763440847
979	goal + no feedback	87	1050	-0.18927153763440852
979	goal + no feedback	87	1100	-0.15223687096774174
979	goal + no feedback	87	1150	-0.11820687096774181
979	goal + no feedback	88	-200	0.009899000000000198
979	goal + no feedback	88	-150	0.013645833333333504
979	goal + no feedback	88	-100	-0.008621499999999763
979	goal + no feedback	88	-50	8.253333333334556e-4
979	goal + no feedback	88	0	-0.017398499999999723
979	goal + no feedback	88	50	-0.016786166666666363
979	goal + no feedback	88	100	-0.008675833333333069
979	goal + no feedback	88	150	-0.01911116666666642
979	goal + no feedback	88	200	-0.024755666666666325
979	goal + no feedback	88	250	-0.032166166666666385
979	goal + no feedback	88	300	-0.05242999999999983
979	goal + no feedback	88	350	-0.07078199999999983
979	goal + no feedback	88	400	-0.06141749999999976
979	goal + no feedback	88	450	-0.04299033333333302
979	goal + no feedback	88	500	-0.0310949999999998
979	goal + no feedback	88	550	0.009944833333333477
979	goal + no feedback	88	600	0.01912533333333351
979	goal + no feedback	88	650	-0.029270166666666448
979	goal + no feedback	88	700	-0.2486458333333331
979	goal + no feedback	88	750	-0.5432053333333331
979	goal + no feedback	88	800	NA
979	goal + no feedback	88	850	NA
979	goal + no feedback	88	900	NA
979	goal + no feedback	88	950	NA
979	goal + no feedback	88	1e3	NA
979	goal + no feedback	88	1050	NA
979	goal + no feedback	88	1100	NA
979	goal + no feedback	88	1150	NA
979	goal + no feedback	89	-200	-0.008350933333333291
979	goal + no feedback	89	-150	-0.008887766666666685
979	goal + no feedback	89	-100	-0.0016992666666666434
979	goal + no feedback	89	-50	0.00757090000000001
979	goal + no feedback	89	0	0.011367066666666759
979	goal + no feedback	89	50	0.0069490666666667256
979	goal + no feedback	89	100	0.0016379000000000439
979	goal + no feedback	89	150	-0.0061539333333332875
979	goal + no feedback	89	200	-0.005345933333333293
979	goal + no feedback	89	250	-0.008260099999999992
979	goal + no feedback	89	300	-0.026379599999999837
979	goal + no feedback	89	350	-0.012833933333333306
979	goal + no feedback	89	400	-0.01243276666666667
979	goal + no feedback	89	450	-0.009035933333333265
979	goal + no feedback	89	500	0.014760566666666808
979	goal + no feedback	89	550	0.0323090666666667
979	goal + no feedback	89	600	0.05353073333333339
979	goal + no feedback	89	650	-0.18684518333333333
979	goal + no feedback	89	700	NA
979	goal + no feedback	89	750	NA
979	goal + no feedback	89	800	NA
979	goal + no feedback	89	850	NA
979	goal + no feedback	89	900	NA
979	goal + no feedback	89	950	NA
979	goal + no feedback	89	1e3	NA
979	goal + no feedback	89	1050	NA
979	goal + no feedback	89	1100	NA
979	goal + no feedback	89	1150	NA
979	goal + no feedback	90	-200	0.023664267281105884
979	goal + no feedback	90	-150	-0.0030618279569893936
979	goal + no feedback	90	-100	0.011649005376343982
979	goal + no feedback	90	-50	-0.009588994623656033
979	goal + no feedback	90	0	-0.026606494623656014
979	goal + no feedback	90	50	-0.03443432795698934
979	goal + no feedback	90	100	-0.057308161290322714
979	goal + no feedback	90	150	-0.06773749462365597
979	goal + no feedback	90	200	-0.0639588279569893
979	goal + no feedback	90	250	-0.05514399462365597
979	goal + no feedback	90	300	-0.06829549462365603
979	goal + no feedback	90	350	-0.05244632795698941
979	goal + no feedback	90	400	-0.05329099462365602
979	goal + no feedback	90	450	-0.04762716129032274
979	goal + no feedback	90	500	-0.0337993279569894
979	goal + no feedback	90	550	-0.046883827956989345
979	goal + no feedback	90	600	-0.03809066129032268
979	goal + no feedback	90	650	-0.05494632795698928
979	goal + no feedback	90	700	-0.16479666129032275
979	goal + no feedback	90	750	NA
979	goal + no feedback	90	800	NA
979	goal + no feedback	90	850	NA
979	goal + no feedback	90	900	NA
979	goal + no feedback	90	950	NA
979	goal + no feedback	90	1e3	NA
979	goal + no feedback	90	1050	0.2909303387096773
979	goal + no feedback	90	1100	0.08207263870967721
979	goal + no feedback	90	1150	-0.03428716129032261
979	goal + no feedback	91	-200	0.011919428571428485
979	goal + no feedback	91	-150	0.004747833333333433
979	goal + no feedback	91	-100	0.002598000000000026
979	goal + no feedback	91	-50	-0.011720333333333333
979	goal + no feedback	91	0	-0.009531500000000026
979	goal + no feedback	91	50	-0.002818333333333367
979	goal + no feedback	91	100	-0.007306833333333336
979	goal + no feedback	91	150	-0.009704500000000005
979	goal + no feedback	91	200	0.01043416666666667
979	goal + no feedback	91	250	0.009265833333333306
979	goal + no feedback	91	300	0.013956833333333307
979	goal + no feedback	91	350	0.016434999999999977
979	goal + no feedback	91	400	0.015722666666666624
979	goal + no feedback	91	450	0.014976666666666713
979	goal + no feedback	91	500	0.023974000000000013
979	goal + no feedback	91	550	0.047447999999999935
979	goal + no feedback	91	600	0.06326849999999995
979	goal + no feedback	91	650	0.0847543333333333
979	goal + no feedback	91	700	0.08117199999999995
979	goal + no feedback	91	750	0.06006583333333334
979	goal + no feedback	91	800	0.03834233333333333
979	goal + no feedback	91	850	0.07139999999999998
979	goal + no feedback	91	900	0.0715274999999999
979	goal + no feedback	91	950	0.04084366666666658
979	goal + no feedback	91	1e3	0.04435699999999998
979	goal + no feedback	91	1050	0.033270666666666594
979	goal + no feedback	91	1100	0.07711750000000002
979	goal + no feedback	91	1150	0.06422866666666664
979	goal + no feedback	92	-200	0.010439400921658975
979	goal + no feedback	92	-150	0.011014091397849516
979	goal + no feedback	92	-100	-0.005678908602150552
979	goal + no feedback	92	-50	-0.005429408602150539
979	goal + no feedback	92	0	-0.012085075268817228
979	goal + no feedback	92	50	-0.019353575268817202
979	goal + no feedback	92	100	-0.034182575268817184
979	goal + no feedback	92	150	-0.038740241935483866
979	goal + no feedback	92	200	-0.05872124193548389
979	goal + no feedback	92	250	-0.08814474193548379
979	goal + no feedback	92	300	-0.095189741935483907
979	goal + no feedback	92	350	-0.09194207526881715
979	goal + no feedback	92	400	-0.10368957526881717
979	goal + no feedback	92	450	-0.10770074193548385
979	goal + no feedback	92	500	-0.08596057526881722
979	goal + no feedback	92	550	-0.07869140860215056
979	goal + no feedback	92	600	-0.049975575268817275
979	goal + no feedback	92	650	-0.028398908602150403
979	goal + no feedback	92	700	-0.04517540860215045
979	goal + no feedback	92	750	-0.079845941935484
979	goal + no feedback	92	800	NA
979	goal + no feedback	92	850	NA
979	goal + no feedback	92	900	NA
979	goal + no feedback	92	950	-0.1484097419354839
979	goal + no feedback	92	1e3	0.0571680580645161
979	goal + no feedback	92	1050	0.014810258064516064
979	goal + no feedback	92	1100	-0.017483575268817164
979	goal + no feedback	92	1150	0.03903375806451607
979	goal + no feedback	93	-200	0.008239843317972133
979	goal + no feedback	93	-150	0.00978229569892449
979	goal + no feedback	93	-100	0.0051202956989245445
979	goal + no feedback	93	-50	-0.013922037634408838
979	goal + no feedback	93	0	-0.010593704301075388
979	goal + no feedback	93	50	0.004697295698924557
979	goal + no feedback	93	100	0.01625329569892453
979	goal + no feedback	93	150	0.018351962365591296
979	goal + no feedback	93	200	0.027835962365591122
979	goal + no feedback	93	250	0.056029629032257944
979	goal + no feedback	93	300	0.0695042956989244
979	goal + no feedback	93	350	0.0926692956989245
979	goal + no feedback	93	400	0.10922579569892459
979	goal + no feedback	93	450	0.15220179569892456
979	goal + no feedback	93	500	0.16038462903225784
979	goal + no feedback	93	550	0.19717262903225788
979	goal + no feedback	93	600	0.20503662903225783
979	goal + no feedback	93	650	0.07315212903225798
979	goal + no feedback	93	700	NA
979	goal + no feedback	93	750	NA
979	goal + no feedback	93	800	NA
979	goal + no feedback	93	850	NA
979	goal + no feedback	93	900	NA
979	goal + no feedback	93	950	1.523032129032258
979	goal + no feedback	93	1e3	0.060299879032257975
979	goal + no feedback	93	1050	0.21531212903225785
979	goal + no feedback	93	1100	0.3062071290322579
979	goal + no feedback	93	1150	0.3400876290322579
979	goal + no feedback	94	-200	0.03306305990783409
979	goal + no feedback	94	-150	0.014714774193548422
979	goal + no feedback	94	-100	-0.00413105913978488
979	goal + no feedback	94	-50	-0.012736392473118308
979	goal + no feedback	94	0	-0.03642089247311834
979	goal + no feedback	94	50	-0.03165755913978504
979	goal + no feedback	94	100	-0.041089892473118304
979	goal + no feedback	94	150	-0.05444822580645159
979	goal + no feedback	94	200	-0.06087155913978496
979	goal + no feedback	94	250	-0.06932005913978496
979	goal + no feedback	94	300	-0.074159559139785
979	goal + no feedback	94	350	-0.07198255913978491
979	goal + no feedback	94	400	-0.05135955913978485
979	goal + no feedback	94	450	-0.019971725806451568
979	goal + no feedback	94	500	0.006099107526881771
979	goal + no feedback	94	550	0.05705777419354844
979	goal + no feedback	94	600	0.047969274193548385
979	goal + no feedback	94	650	-0.2333432258064514
979	goal + no feedback	94	700	NA
979	goal + no feedback	94	750	NA
979	goal + no feedback	94	800	NA
979	goal + no feedback	94	850	-0.05511582580645165
979	goal + no feedback	94	900	0.12014994086021506
979	goal + no feedback	94	950	0.11934744086021509
979	goal + no feedback	94	1e3	0.18016677419354843
979	goal + no feedback	94	1050	0.22955677419354834
979	goal + no feedback	94	1100	0.24059177419354846
979	goal + no feedback	94	1150	0.22311060752688175
979	goal + no feedback	95	-200	0.011176059907834166
979	goal + no feedback	95	-150	-0.010141225806451493
979	goal + no feedback	95	-100	-0.014484059139784863
979	goal + no feedback	95	-50	0.0017196075268817168
979	goal + no feedback	95	0	0.009866940860215149
979	goal + no feedback	95	50	0.00685610752688189
979	goal + no feedback	95	100	0.0056339408602151435
979	goal + no feedback	95	150	-0.008463892473118184
979	goal + no feedback	95	200	-0.00955105913978486
979	goal + no feedback	95	250	-0.003606059139784993
979	goal + no feedback	95	300	-0.003954059139784934
979	goal + no feedback	95	350	0.005756440860215169
979	goal + no feedback	95	400	-2.110591397848823e-4
979	goal + no feedback	95	450	0.0032691075268818093
979	goal + no feedback	95	500	0.02906560752688166
979	goal + no feedback	95	550	0.0421912741935484
979	goal + no feedback	95	600	0.03845610752688174
979	goal + no feedback	95	650	-0.14346222580645157
979	goal + no feedback	95	700	NA
979	goal + no feedback	95	750	NA
979	goal + no feedback	95	800	NA
979	goal + no feedback	95	850	NA
979	goal + no feedback	95	900	NA
979	goal + no feedback	95	950	NA
979	goal + no feedback	95	1e3	NA
979	goal + no feedback	95	1050	NA
979	goal + no feedback	95	1100	0.11475552419354851
979	goal + no feedback	95	1150	0.10402077419354853
979	goal + no feedback	96	-200	0.009106230414746517
979	goal + no feedback	96	-150	0.0030398494623655736
979	goal + no feedback	96	-100	-0.008545483870967763
979	goal + no feedback	96	-50	-0.004136650537634419
979	goal + no feedback	96	0	-9.816505376344005e-4
979	goal + no feedback	96	50	-0.010961817204301116
979	goal + no feedback	96	100	-0.004525983870967698
979	goal + no feedback	96	150	-0.003354317204301053
979	goal + no feedback	96	200	0.005775516129032265
979	goal + no feedback	96	250	-0.006283483870967703
979	goal + no feedback	96	300	0.004782016129032248
979	goal + no feedback	96	350	0.008103849462365606
979	goal + no feedback	96	400	0.019321849462365554
979	goal + no feedback	96	450	0.01827251612903232
979	goal + no feedback	96	500	0.03644501612903225
979	goal + no feedback	96	550	0.04349984946236559
979	goal + no feedback	96	600	0.06494718279569889
979	goal + no feedback	96	650	-0.08811498387096772
979	goal + no feedback	96	700	0.41792151612903217
979	goal + no feedback	96	750	NA
979	goal + no feedback	96	800	NA
979	goal + no feedback	96	850	NA
979	goal + no feedback	96	900	NA
979	goal + no feedback	96	950	NA
979	goal + no feedback	96	1e3	NA
979	goal + no feedback	96	1050	NA
979	goal + no feedback	96	1100	NA
979	goal + no feedback	96	1150	NA
979	goal + no feedback	97	-200	0.017152470046082842
979	goal + no feedback	97	-150	0.010044946236558902
979	goal + no feedback	97	-100	-1.2922043010769416e-4
979	goal + no feedback	97	-50	-0.01268938709677451
979	goal + no feedback	97	0	-0.01723755376344105
979	goal + no feedback	97	50	-0.014082053763441035
979	goal + no feedback	97	100	0.002604112903225634
979	goal + no feedback	97	150	0.018598779569892237
979	goal + no feedback	97	200	0.029682279569892184
979	goal + no feedback	97	250	0.035572112903225594
979	goal + no feedback	97	300	0.05416361290322561
979	goal + no feedback	97	350	0.05659194623655894
979	goal + no feedback	97	400	0.06311877956989236
979	goal + no feedback	97	450	0.08317244623655891
979	goal + no feedback	97	500	0.11309427956989222
979	goal + no feedback	97	550	0.11648944623655895
979	goal + no feedback	97	600	0.1360599462365589
979	goal + no feedback	97	650	0.002445112903225614
979	goal + no feedback	97	700	NA
979	goal + no feedback	97	750	NA
979	goal + no feedback	97	800	NA
979	goal + no feedback	97	850	NA
979	goal + no feedback	97	900	NA
979	goal + no feedback	97	950	NA
979	goal + no feedback	97	1e3	0.3373471129032255
979	goal + no feedback	97	1050	0.20301127956989226
979	goal + no feedback	97	1100	0.12951211290322565
979	goal + no feedback	97	1150	0.16038011290322562
979	goal + no feedback	98	-200	0.004301733333333502
979	goal + no feedback	98	-150	-5.943333333324752e-5
979	goal + no feedback	98	-100	-0.003467600000000015
979	goal + no feedback	98	-50	-0.00939393333333327
979	goal + no feedback	98	0	0.008619233333333328
979	goal + no feedback	98	50	0.0023365666666668172
979	goal + no feedback	98	100	0.020207566666666787
979	goal + no feedback	98	150	0.022332233333333413
979	goal + no feedback	98	200	0.04163190000000013
979	goal + no feedback	98	250	0.019864066666666663
979	goal + no feedback	98	300	0.03110373333333342
979	goal + no feedback	98	350	0.03417556666666677
979	goal + no feedback	98	400	0.03567606666666675
979	goal + no feedback	98	450	0.05234340000000004
979	goal + no feedback	98	500	0.053364566666666745
979	goal + no feedback	98	550	0.0508447333333335
979	goal + no feedback	98	600	0.03822123333333346
979	goal + no feedback	98	650	0.03144906666666677
979	goal + no feedback	98	700	-0.006217766666666587
979	goal + no feedback	98	750	-0.0339000999999998
979	goal + no feedback	98	800	-0.05300509999999995
979	goal + no feedback	98	850	-0.061533433333333276
979	goal + no feedback	98	900	-0.07053076666666665
979	goal + no feedback	98	950	-0.0732385047619047
979	goal + no feedback	98	1e3	-0.044309766666666604
979	goal + no feedback	98	1050	-0.06111426666666656
979	goal + no feedback	98	1100	-0.053823433333333316
979	goal + no feedback	98	1150	-0.041463099999999864
979	goal + no feedback	99	-200	-0.024966066666666748
979	goal + no feedback	99	-150	-0.011911566666666706
979	goal + no feedback	99	-100	0.008644600000000002
979	goal + no feedback	99	-50	0.007816766666666641
979	goal + no feedback	99	0	0.020416266666666665
979	goal + no feedback	99	50	0.029391266666666693
979	goal + no feedback	99	100	0.027493266666666738
979	goal + no feedback	99	150	0.04286293333333324
979	goal + no feedback	99	200	0.05209260000000001
979	goal + no feedback	99	250	0.04385509999999996
979	goal + no feedback	99	300	0.0539145047619047
979	goal + no feedback	99	350	0.05468973333333329
979	goal + no feedback	99	400	0.07019976666666665
979	goal + no feedback	99	450	0.07009943333333328
979	goal + no feedback	99	500	0.09836193333333336
979	goal + no feedback	99	550	0.09508026666666665
979	goal + no feedback	99	600	0.12459876666666658
979	goal + no feedback	99	650	0.12592050476190472
979	goal + no feedback	99	700	0.12169376666666665
979	goal + no feedback	99	750	0.09801393333333326
979	goal + no feedback	99	800	0.08427076666666651
979	goal + no feedback	99	850	0.05425759999999998
979	goal + no feedback	99	900	0.05096343333333323
979	goal + no feedback	99	950	0.05378059999999992
979	goal + no feedback	99	1e3	0.06215793333333338
979	goal + no feedback	99	1050	0.07680293333333332
979	goal + no feedback	99	1100	0.09548343333333327
979	goal + no feedback	99	1150	0.11770676666666668
979	goal + no feedback	100	-200	-0.002695500000000036
979	goal + no feedback	100	-150	0.004305000000000003
979	goal + no feedback	100	-100	0.001291714285714285
979	goal + no feedback	100	-50	8.633333333333641e-5
979	goal + no feedback	100	0	-0.003202833333333451
979	goal + no feedback	100	50	0.002583199999999941
979	goal + no feedback	100	100	0.012202333333333351
979	goal + no feedback	100	150	0.023680285714285647
979	goal + no feedback	100	200	0.029116199999999905
979	goal + no feedback	100	250	0.03070566666666667
979	goal + no feedback	100	300	0.04404057142857149
979	goal + no feedback	100	350	0.03416333333333318
979	goal + no feedback	100	400	0.03915649999999989
979	goal + no feedback	100	450	0.06018333333333333
979	goal + no feedback	100	500	0.07146766666666655
979	goal + no feedback	100	550	0.08075616666666659
979	goal + no feedback	100	600	0.09671099999999992
979	goal + no feedback	100	650	-0.06722699999999993
979	goal + no feedback	100	700	NA
979	goal + no feedback	100	750	NA
979	goal + no feedback	100	800	NA
979	goal + no feedback	100	850	NA
979	goal + no feedback	100	900	NA
979	goal + no feedback	100	950	NA
979	goal + no feedback	100	1e3	NA
979	goal + no feedback	100	1050	NA
979	goal + no feedback	100	1100	NA
979	goal + no feedback	100	1150	NA
979	goal + no feedback	101	-200	0.02171900460829468
979	goal + no feedback	101	-150	0.005864623655913818
979	goal + no feedback	101	-100	4.2712365591375995e-4
979	goal + no feedback	101	-50	0.0025946236559137117
979	goal + no feedback	101	0	-0.03422520967741952
979	goal + no feedback	101	50	-0.04536704301075297
979	goal + no feedback	101	100	-0.07661654301075282
979	goal + no feedback	101	150	-0.09753970967741954
979	goal + no feedback	101	200	-0.11877520967741957
979	goal + no feedback	101	250	-0.10602187634408633
979	goal + no feedback	101	300	-0.13042970967741963
979	goal + no feedback	101	350	-0.12233870967741955
979	goal + no feedback	101	400	-0.10951754301075282
979	goal + no feedback	101	450	-0.08530287634408618
979	goal + no feedback	101	500	-0.07246137634408623
979	goal + no feedback	101	550	-0.039594043010752866
979	goal + no feedback	101	600	-0.04022220967741955
979	goal + no feedback	101	650	-0.0528997096774196
979	goal + no feedback	101	700	-0.1262730430107529
979	goal + no feedback	101	750	-0.17131537634408622
979	goal + no feedback	101	800	-0.22971070967741958
979	goal + no feedback	101	850	-0.4206477096774197
979	goal + no feedback	101	900	-0.7418177096774197
979	goal + no feedback	101	950	NA
979	goal + no feedback	101	1e3	NA
979	goal + no feedback	101	1050	NA
979	goal + no feedback	101	1100	NA
979	goal + no feedback	101	1150	NA
979	goal + no feedback	102	-200	-0.007185483870967576
979	goal + no feedback	102	-150	-0.005585650537634379
979	goal + no feedback	102	-100	-0.005333983870967618
979	goal + no feedback	102	-50	0.006367849462365793
979	goal + no feedback	102	0	0.012934849462365857
979	goal + no feedback	102	50	0.02377951612903247
979	goal + no feedback	102	100	0.03417868279569899
979	goal + no feedback	102	150	0.04321501612903241
979	goal + no feedback	102	200	0.07859668279569905
979	goal + no feedback	102	250	0.08048318279569903
979	goal + no feedback	102	300	0.07377851612903245
979	goal + no feedback	102	350	0.0820905161290324
979	goal + no feedback	102	400	0.07070318279569905
979	goal + no feedback	102	450	0.07706701612903233
979	goal + no feedback	102	500	0.09711334946236572
979	goal + no feedback	102	550	0.12442484946236572
979	goal + no feedback	102	600	0.15254784946236577
979	goal + no feedback	102	650	0.16162901612903244
979	goal + no feedback	102	700	0.13182684946236564
979	goal + no feedback	102	750	0.16493901612903236
979	goal + no feedback	102	800	0.18677884946236575
979	goal + no feedback	102	850	-0.026814883870967598
979	goal + no feedback	102	900	-0.20816048387096764
979	goal + no feedback	102	950	NA
979	goal + no feedback	102	1e3	NA
979	goal + no feedback	102	1050	-0.2633691505376341
979	goal + no feedback	102	1100	0.06457551612903238
979	goal + no feedback	102	1150	0.24807701612903235
979	goal + no feedback	103	-200	-0.044671133333333314
979	goal + no feedback	103	-150	-0.01558446666666676
979	goal + no feedback	103	-100	0.003001866666666686
979	goal + no feedback	103	-50	0.026746866666666664
979	goal + no feedback	103	0	0.03050686666666665
979	goal + no feedback	103	50	0.04792336666666652
979	goal + no feedback	103	100	0.04708903333333336
979	goal + no feedback	103	150	0.019052366666666654
979	goal + no feedback	103	200	0.03220453333333325
979	goal + no feedback	103	250	0.010512700000000041
979	goal + no feedback	103	300	-0.017443299999999978
979	goal + no feedback	103	350	-0.013714133333333415
979	goal + no feedback	103	400	-0.027182300000000065
979	goal + no feedback	103	450	-0.030472466666666625
979	goal + no feedback	103	500	-0.025564466666666712
979	goal + no feedback	103	550	-0.00473863333333339
979	goal + no feedback	103	600	-0.2804343
979	goal + no feedback	103	650	0.15202523333333334
979	goal + no feedback	103	700	NA
979	goal + no feedback	103	750	NA
979	goal + no feedback	103	800	NA
979	goal + no feedback	103	850	NA
979	goal + no feedback	103	900	NA
979	goal + no feedback	103	950	NA
979	goal + no feedback	103	1e3	NA
979	goal + no feedback	103	1050	NA
979	goal + no feedback	103	1100	NA
979	goal + no feedback	103	1150	NA
979	goal + no feedback	104	-200	0.015274442396313275
979	goal + no feedback	104	-150	-0.009852795698924943
979	goal + no feedback	104	-100	0.010480204301075139
979	goal + no feedback	104	-50	-0.006874962365591486
979	goal + no feedback	104	0	-0.011572629032258197
979	goal + no feedback	104	50	-0.005014462365591592
979	goal + no feedback	104	100	-0.014230462365591556
979	goal + no feedback	104	150	-0.014666129032258205
979	goal + no feedback	104	200	-0.011247629032258141
979	goal + no feedback	104	250	-0.0018842956989248243
979	goal + no feedback	104	300	-0.015466795698924877
979	goal + no feedback	104	350	0.0038093709677417356
979	goal + no feedback	104	400	0.004718204301075095
979	goal + no feedback	104	450	0.005861037634408446
979	goal + no feedback	104	500	0.017155204301075127
979	goal + no feedback	104	550	0.021465037634408473
979	goal + no feedback	104	600	0.009049204301075179
979	goal + no feedback	104	650	-1.9629032258124585e-5
979	goal + no feedback	104	700	-0.06955829569892484
979	goal + no feedback	104	750	-0.10802046236559144
979	goal + no feedback	104	800	-0.13344479569892487
979	goal + no feedback	104	850	-0.16052479569892478
979	goal + no feedback	104	900	-0.16168612903225812
979	goal + no feedback	104	950	-0.1525469623655915
979	goal + no feedback	104	1e3	-0.1409782956989248
979	goal + no feedback	104	1050	-0.13457196236559152
979	goal + no feedback	104	1100	-0.10388079569892494
979	goal + no feedback	104	1150	-0.11722529569892488
979	goal + no feedback	105	-200	0.003114976958525314
979	goal + no feedback	105	-150	0.014758715053763286
979	goal + no feedback	105	-100	0.009121881720429936
979	goal + no feedback	105	-50	-0.009101618279570086
979	goal + no feedback	105	0	-0.01841311827957
979	goal + no feedback	105	50	-0.0032986182795700834
979	goal + no feedback	105	100	-0.01751845161290329
979	goal + no feedback	105	150	-0.007957451612903363
979	goal + no feedback	105	200	-0.02042111827957001
979	goal + no feedback	105	250	-9.809516129034208e-4
979	goal + no feedback	105	300	-0.005209284946236625
979	goal + no feedback	105	350	-0.011513784946236708
979	goal + no feedback	105	400	-0.0017594516129032882
979	goal + no feedback	105	450	0.01933938172043
979	goal + no feedback	105	500	-3.994516129033343e-4
979	goal + no feedback	105	550	-0.0013927849462367359
979	goal + no feedback	105	600	-0.03753311827957003
979	goal + no feedback	105	650	-0.07455678494623667
979	goal + no feedback	105	700	-0.09889445161290333
979	goal + no feedback	105	750	-0.11676611827957006
979	goal + no feedback	105	800	-0.12584011827956995
979	goal + no feedback	105	850	-0.11377511827957003
979	goal + no feedback	105	900	-0.11025978494623671
979	goal + no feedback	105	950	-0.11130561827956997
979	goal + no feedback	105	1e3	-0.09605211827956994
979	goal + no feedback	105	1050	-0.08234778494623662
979	goal + no feedback	105	1100	-0.08651828494623663
979	goal + no feedback	105	1150	-0.07823395161290336
979	goal + no feedback	106	-200	0.0025832580645159175
979	goal + no feedback	106	-150	0.005391091397849286
979	goal + no feedback	106	-100	-0.005941908602150677
979	goal + no feedback	106	-50	-0.0045669086021507726
979	goal + no feedback	106	0	0.0021039247311826306
979	goal + no feedback	106	50	0.004791258064515895
979	goal + no feedback	106	100	0.0034955913978492368
979	goal + no feedback	106	150	0.005732758064515897
979	goal + no feedback	106	200	-0.004678241935484051
979	goal + no feedback	106	250	-0.026503075268817417
979	goal + no feedback	106	300	-0.041633575268817426
979	goal + no feedback	106	350	-0.030897241935484043
979	goal + no feedback	106	400	-0.03203540860215074
979	goal + no feedback	106	450	-0.031896408602150705
979	goal + no feedback	106	500	-0.021069075268817333
979	goal + no feedback	106	550	0.02114359139784927
979	goal + no feedback	106	600	0.021387591397849254
979	goal + no feedback	106	650	0.022028591397849295
979	goal + no feedback	106	700	0.027348591397849287
979	goal + no feedback	106	750	0.03729025806451595
979	goal + no feedback	106	800	0.026693091397849367
979	goal + no feedback	106	850	0.029371924731182626
979	goal + no feedback	106	900	0.03125425806451602
979	goal + no feedback	106	950	0.049504758064515965
979	goal + no feedback	106	1e3	0.0649095913978494
979	goal + no feedback	106	1050	0.07876042473118254
979	goal + no feedback	106	1100	0.12448009139784921
979	goal + no feedback	106	1150	0.13954409139784918
979	goal + no feedback	107	-200	0.05823256666666676
979	goal + no feedback	107	-150	0.04213873333333348
979	goal + no feedback	107	-100	-0.0018064333333332645
979	goal + no feedback	107	-50	-0.03081693333333324
979	goal + no feedback	107	0	-0.06774793333333322
979	goal + no feedback	107	50	-0.08967793333333329
979	goal + no feedback	107	100	-0.12133326666666659
979	goal + no feedback	107	150	-0.13612026666666646
979	goal + no feedback	107	200	-0.16502676666666657
979	goal + no feedback	107	250	-0.16662359999999996
979	goal + no feedback	107	300	-0.18922259999999982
979	goal + no feedback	107	350	-0.18900293333333326
979	goal + no feedback	107	400	-0.19718059999999996
979	goal + no feedback	107	450	-0.19847909999999983
979	goal + no feedback	107	500	-0.18678059999999985
979	goal + no feedback	107	550	-0.17621976666666658
979	goal + no feedback	107	600	-0.14425993333333328
979	goal + no feedback	107	650	-0.1637154333333332
979	goal + no feedback	107	700	0.3602054000000001
979	goal + no feedback	107	750	NA
979	goal + no feedback	107	800	NA
979	goal + no feedback	107	850	NA
979	goal + no feedback	107	900	NA
979	goal + no feedback	107	950	NA
979	goal + no feedback	107	1e3	NA
979	goal + no feedback	107	1050	NA
979	goal + no feedback	107	1100	0.2948808999999999
979	goal + no feedback	107	1150	0.2843256142857144
979	goal + no feedback	108	-200	0.0433045207373273
979	goal + no feedback	108	-150	0.00644830645161291
979	goal + no feedback	108	-100	-0.0024213602150537916
979	goal + no feedback	108	-50	-0.01888036021505372
979	goal + no feedback	108	0	-0.03566852688172043
979	goal + no feedback	108	50	-0.030780026881720362
979	goal + no feedback	108	100	-0.033258026881720415
979	goal + no feedback	108	150	-0.03953819354838709
979	goal + no feedback	108	200	-0.026897693548387114
979	goal + no feedback	108	250	-0.00942902688172039
979	goal + no feedback	108	300	0.006913806451612843
979	goal + no feedback	108	350	0.046328139784946355
979	goal + no feedback	108	400	0.06868863978494621
979	goal + no feedback	108	450	0.09331313978494626
979	goal + no feedback	108	500	0.11966080645161299
979	goal + no feedback	108	550	0.15366963978494633
979	goal + no feedback	108	600	0.17758463978494632
979	goal + no feedback	108	650	-0.0447778602150537
979	goal + no feedback	108	700	0.6394268064516129
979	goal + no feedback	108	750	0.32938480645161317
979	goal + no feedback	108	800	NA
979	goal + no feedback	108	850	NA
979	goal + no feedback	108	900	NA
979	goal + no feedback	108	950	NA
979	goal + no feedback	108	1e3	NA
979	goal + no feedback	108	1050	0.3569188064516129
979	goal + no feedback	108	1100	0.367052806451613
979	goal + no feedback	108	1150	0.23112847311827966
979	goal + no feedback	109	-200	0.023779999999999912
979	goal + no feedback	109	-150	-0.007153000000000187
979	goal + no feedback	109	-100	0.010562999999999953
979	goal + no feedback	109	-50	-0.02184300000000013
979	goal + no feedback	109	0	-0.009310333333333384
979	goal + no feedback	109	50	-0.0034380000000002
979	goal + no feedback	109	100	8.39833333333336e-4
979	goal + no feedback	109	150	-0.00405150000000017
979	goal + no feedback	109	200	-0.008148833333333346
979	goal + no feedback	109	250	-0.008454333333333489
979	goal + no feedback	109	300	0.016892333333333214
979	goal + no feedback	109	350	0.011334999999999873
979	goal + no feedback	109	400	0.033766499999999956
979	goal + no feedback	109	450	-0.10857966666666681
979	goal + no feedback	109	500	NA
979	goal + no feedback	109	550	0.6985229999999998
979	goal + no feedback	109	600	0.5838306666666666
979	goal + no feedback	109	650	0.5580309999999999
979	goal + no feedback	109	700	NA
979	goal + no feedback	109	750	NA
979	goal + no feedback	109	800	NA
979	goal + no feedback	109	850	NA
979	goal + no feedback	109	900	NA
979	goal + no feedback	109	950	NA
979	goal + no feedback	109	1e3	NA
979	goal + no feedback	109	1050	NA
979	goal + no feedback	109	1100	NA
979	goal + no feedback	109	1150	NA
979	goal + no feedback	110	-200	-0.003632599078341046
979	goal + no feedback	110	-150	-0.00838324193548375
979	goal + no feedback	110	-100	-0.002482908602150502
979	goal + no feedback	110	-50	0.012008424731182835
979	goal + no feedback	110	0	0.0030957580645161187
979	goal + no feedback	110	50	0.005493091397849555
979	goal + no feedback	110	100	0.011182924731182839
979	goal + no feedback	110	150	0.02167725806451622
979	goal + no feedback	110	200	0.032596424731182884
979	goal + no feedback	110	250	0.027786091397849527
979	goal + no feedback	110	300	0.02491375806451616
979	goal + no feedback	110	350	0.05675592473118285
979	goal + no feedback	110	400	0.06724075806451617
979	goal + no feedback	110	450	0.04786042473118283
979	goal + no feedback	110	500	-0.02556840860215052
979	goal + no feedback	110	550	-0.10751894193548388
979	goal + no feedback	110	600	-0.1123603419354838
979	goal + no feedback	110	650	-0.09188040860215037
979	goal + no feedback	110	700	NA
979	goal + no feedback	110	750	NA
979	goal + no feedback	110	800	NA
979	goal + no feedback	110	850	NA
979	goal + no feedback	110	900	NA
979	goal + no feedback	110	950	NA
979	goal + no feedback	110	1e3	NA
979	goal + no feedback	110	1050	NA
979	goal + no feedback	110	1100	NA
979	goal + no feedback	110	1150	NA
979	goal + no feedback	111	-200	0.00958683410138228
979	goal + no feedback	111	-150	0.00790238172042986
979	goal + no feedback	111	-100	0.008731548387096518
979	goal + no feedback	111	-50	-0.0032499516129033492
979	goal + no feedback	111	0	-0.02456861827957006
979	goal + no feedback	111	50	-0.030825951612903395
979	goal + no feedback	111	100	-0.03942878494623677
979	goal + no feedback	111	150	-0.04503345161290347
979	goal + no feedback	111	200	-0.07171328494623681
979	goal + no feedback	111	250	-0.08398145161290331
979	goal + no feedback	111	300	-0.07688195161290341
979	goal + no feedback	111	350	-0.08695545161290341
979	goal + no feedback	111	400	-0.08876445161290336
979	goal + no feedback	111	450	-0.08698478494623685
979	goal + no feedback	111	500	-0.07010511827957007
979	goal + no feedback	111	550	-0.08481211827957018
979	goal + no feedback	111	600	-0.10286311827957013
979	goal + no feedback	111	650	-0.46964845161290336
979	goal + no feedback	111	700	0.8693065483870968
979	goal + no feedback	111	750	NA
979	goal + no feedback	111	800	NA
979	goal + no feedback	111	850	NA
979	goal + no feedback	111	900	NA
979	goal + no feedback	111	950	NA
979	goal + no feedback	111	1e3	NA
979	goal + no feedback	111	1050	NA
979	goal + no feedback	111	1100	NA
979	goal + no feedback	111	1150	NA
979	goal + no feedback	112	-200	-0.0025593666666667847
979	goal + no feedback	112	-150	-0.004578200000000088
979	goal + no feedback	112	-100	-0.0066105333333335015
979	goal + no feedback	112	-50	-0.003133700000000091
979	goal + no feedback	112	0	0.016881799999999874
979	goal + no feedback	112	50	0.008564799999999964
979	goal + no feedback	112	100	0.026297799999999965
979	goal + no feedback	112	150	0.04422013333333319
979	goal + no feedback	112	200	0.05617179999999992
979	goal + no feedback	112	250	0.06614446666666662
979	goal + no feedback	112	300	0.08447879999999985
979	goal + no feedback	112	350	0.10874796666666664
979	goal + no feedback	112	400	0.14209296666666651
979	goal + no feedback	112	450	0.15770496666666656
979	goal + no feedback	112	500	0.16625213333333325
979	goal + no feedback	112	550	0.1736084666666667
979	goal + no feedback	112	600	0.19426379999999996
979	goal + no feedback	112	650	0.1618871333333333
979	goal + no feedback	112	700	0.1358959666666666
979	goal + no feedback	112	750	-0.13793770000000005
979	goal + no feedback	112	800	0.39864829999999996
979	goal + no feedback	112	850	NA
979	goal + no feedback	112	900	NA
979	goal + no feedback	112	950	NA
979	goal + no feedback	112	1e3	NA
979	goal + no feedback	112	1050	NA
979	goal + no feedback	112	1100	NA
979	goal + no feedback	112	1150	1.7298972999999997
979	goal + no feedback	113	-200	-0.012240199999999849
979	goal + no feedback	113	-150	-0.006591033333333218
979	goal + no feedback	113	-100	-0.006287699999999896
979	goal + no feedback	113	-50	0.008008966666666728
979	goal + no feedback	113	0	0.017109966666666827
979	goal + no feedback	113	50	0.005937800000000104
979	goal + no feedback	113	100	-0.02473886666666651
979	goal + no feedback	113	150	-0.028574033333333155
979	goal + no feedback	113	200	-0.04070036666666654
979	goal + no feedback	113	250	-0.018344866666666498
979	goal + no feedback	113	300	-0.013786866666666583
979	goal + no feedback	113	350	-0.015261366666666554
979	goal + no feedback	113	400	-0.013205033333333116
979	goal + no feedback	113	450	0.005980800000000193
979	goal + no feedback	113	500	0.03605080000000016
979	goal + no feedback	113	550	0.05943813333333351
979	goal + no feedback	113	600	0.08512446666666684
979	goal + no feedback	113	650	0.09541613333333343
979	goal + no feedback	113	700	0.0206363000000002
979	goal + no feedback	113	750	0.13053096666666683
979	goal + no feedback	113	800	0.16558196666666677
979	goal + no feedback	113	850	0.17420196666666676
979	goal + no feedback	113	900	0.17487472857142874
979	goal + no feedback	113	950	0.20037763333333344
979	goal + no feedback	113	1e3	0.2068621000000001
979	goal + no feedback	113	1050	0.20690746666666682
979	goal + no feedback	113	1100	0.14390030000000012
979	goal + no feedback	113	1150	0.08180946666666689
979	goal + no feedback	114	-200	-0.01759188940092152
979	goal + no feedback	114	-150	-0.009353365591397766
979	goal + no feedback	114	-100	-0.002382032258064474
979	goal + no feedback	114	-50	0.010073967741935622
979	goal + no feedback	114	0	0.02218530107526891
979	goal + no feedback	114	50	0.0397296344086023
979	goal + no feedback	114	100	0.05998980107526893
979	goal + no feedback	114	150	0.07384580107526895
979	goal + no feedback	114	200	0.08436780107526894
979	goal + no feedback	114	250	0.09253663440860234
979	goal + no feedback	114	300	0.09902330107526895
979	goal + no feedback	114	350	0.10011096774193555
979	goal + no feedback	114	400	0.11890013440860232
979	goal + no feedback	114	450	0.13385846774193552
979	goal + no feedback	114	500	0.15212313440860226
979	goal + no feedback	114	550	0.17127063440860227
979	goal + no feedback	114	600	0.1893176344086022
979	goal + no feedback	114	650	0.20041296774193565
979	goal + no feedback	114	700	0.21509680107526905
979	goal + no feedback	114	750	0.21477580107526895
979	goal + no feedback	114	800	0.20847363440860237
979	goal + no feedback	114	850	0.19649663440860224
979	goal + no feedback	114	900	0.18284563440860224
979	goal + no feedback	114	950	0.16847830107526884
979	goal + no feedback	114	1e3	0.16066446774193563
979	goal + no feedback	114	1050	0.1579861344086022
979	goal + no feedback	114	1100	0.16475630107526884
979	goal + no feedback	114	1150	0.14761296774193564
979	goal + no feedback	115	-200	0.008492999999999862
979	goal + no feedback	115	-150	-0.0014060000000002404
979	goal + no feedback	115	-100	-0.007196500000000198
979	goal + no feedback	115	-50	-0.004430833333333532
979	goal + no feedback	115	0	0.004540333333333146
979	goal + no feedback	115	50	-0.009895500000000132
979	goal + no feedback	115	100	-0.004575000000000144
979	goal + no feedback	115	150	-0.006584833333333595
979	goal + no feedback	115	200	0.0035631666666664508
979	goal + no feedback	115	250	-0.0027601666666667857
979	goal + no feedback	115	300	-0.01010000000000022
979	goal + no feedback	115	350	-0.023872166666666954
979	goal + no feedback	115	400	-0.006337833333333561
979	goal + no feedback	115	450	-0.03841783333333352
979	goal + no feedback	115	500	-0.03193166666666684
979	goal + no feedback	115	550	-0.022325809523809755
979	goal + no feedback	115	600	-0.01330700000000018
979	goal + no feedback	115	650	-0.04582533333333353
979	goal + no feedback	115	700	-0.004781500000000216
979	goal + no feedback	115	750	-0.17004766666666687
979	goal + no feedback	115	800	-0.313709666666667
979	goal + no feedback	115	850	0.6850723333333333
979	goal + no feedback	115	900	0.018506333333333142
979	goal + no feedback	115	950	-0.26700733333333365
979	goal + no feedback	115	1e3	-0.16071066666666667
979	goal + no feedback	115	1050	-0.1450186666666668
979	goal + no feedback	115	1100	-0.03325750000000016
979	goal + no feedback	115	1150	0.04858699999999979
979	goal + no feedback	116	-200	-0.005331399999999912
979	goal + no feedback	116	-150	-0.009036566666666523
979	goal + no feedback	116	-100	0.003570933333333507
979	goal + no feedback	116	-50	0.006921600000000157
979	goal + no feedback	116	0	0.003875433333333437
979	goal + no feedback	116	50	-0.005878399999999839
979	goal + no feedback	116	100	0.012659933333333484
979	goal + no feedback	116	150	0.00800360000000011
979	goal + no feedback	116	200	0.01416914761904772
979	goal + no feedback	116	250	0.01458393333333352
979	goal + no feedback	116	300	0.00933443333333354
979	goal + no feedback	116	350	0.0025697666666667876
979	goal + no feedback	116	400	0.0035624333333335034
979	goal + no feedback	116	450	0.010870600000000138
979	goal + no feedback	116	500	0.028661433333333413
979	goal + no feedback	116	550	0.03454576666666679
979	goal + no feedback	116	600	0.030160600000000166
979	goal + no feedback	116	650	0.028370100000000214
979	goal + no feedback	116	700	0.0444909333333335
979	goal + no feedback	116	750	0.0035731000000001067
979	goal + no feedback	116	800	-0.030709233333333124
979	goal + no feedback	116	850	-0.03164606666666655
979	goal + no feedback	116	900	-0.036583899999999815
979	goal + no feedback	116	950	-0.03297923333333327
979	goal + no feedback	116	1e3	-0.03746156666666652
979	goal + no feedback	116	1050	-0.022766399999999704
979	goal + no feedback	116	1100	-0.012230899999999822
979	goal + no feedback	116	1150	0.0012606000000001671
979	goal + no feedback	117	-200	-0.014142792626728034
979	goal + no feedback	117	-150	0.009362397849462578
979	goal + no feedback	117	-100	0.009179231182795919
979	goal + no feedback	117	-50	0.0018278978494625786
979	goal + no feedback	117	0	-0.0038696021505374802
979	goal + no feedback	117	50	-0.005435768817204201
979	goal + no feedback	117	100	-0.0038022688172042094
979	goal + no feedback	117	150	3.8439784946257366e-4
979	goal + no feedback	117	200	0.0011770645161292375
979	goal + no feedback	117	250	-0.003036435483870855
979	goal + no feedback	117	300	0.005579564516129176
979	goal + no feedback	117	350	0.014545564516129206
979	goal + no feedback	117	400	0.045922731182795884
979	goal + no feedback	117	450	0.05638639784946253
979	goal + no feedback	117	500	0.06906739784946248
979	goal + no feedback	117	550	0.1201818978494625
979	goal + no feedback	117	600	0.12840906451612918
979	goal + no feedback	117	650	0.09341106451612917
979	goal + no feedback	117	700	0.08967456451612914
979	goal + no feedback	117	750	0.0863485645161292
979	goal + no feedback	117	800	0.07602389784946251
979	goal + no feedback	117	850	0.07376656451612917
979	goal + no feedback	117	900	0.07463223118279583
979	goal + no feedback	117	950	0.08116723118279578
979	goal + no feedback	117	1e3	0.09283156451612921
979	goal + no feedback	117	1050	0.09787456451612926
979	goal + no feedback	117	1100	0.09393106451612916
979	goal + no feedback	117	1150	0.0915448978494624
979	goal + no feedback	118	-200	0.022291569892472978
979	goal + no feedback	118	-150	0.004196331797234887
979	goal + no feedback	118	-100	-0.011437496774193612
979	goal + no feedback	118	-50	-0.009692525345622307
979	goal + no feedback	118	0	-0.006348096774193716
979	goal + no feedback	118	50	-0.023966096774193774
979	goal + no feedback	118	100	-0.004697596774193717
979	goal + no feedback	118	150	-0.011006930107527143
979	goal + no feedback	118	200	-0.02596593010752694
979	goal + no feedback	118	250	-0.01916893010752707
979	goal + no feedback	118	300	-0.03210743010752696
979	goal + no feedback	118	350	-0.026173930107526926
979	goal + no feedback	118	400	-0.031765430107527116
979	goal + no feedback	118	450	-0.02873093010752692
979	goal + no feedback	118	500	-0.0010552634408602657
979	goal + no feedback	118	550	0.03944640322580639
979	goal + no feedback	118	600	0.07238506989247306
979	goal + no feedback	118	650	0.11631440322580626
979	goal + no feedback	118	700	0.1437897365591397
979	goal + no feedback	118	750	0.13408323655913956
979	goal + no feedback	118	800	0.12372623655913968
979	goal + no feedback	118	850	0.1319319032258064
979	goal + no feedback	118	900	0.13260056989247296
979	goal + no feedback	118	950	0.133609569892473
979	goal + no feedback	118	1e3	0.14669423655913957
979	goal + no feedback	118	1050	0.144598569892473
979	goal + no feedback	118	1100	0.16242956989247292
979	goal + no feedback	118	1150	0.190387569892473
979	goal + no feedback	119	-200	0.01061000537634397
979	goal + no feedback	119	-150	0.005585172043010529
979	goal + no feedback	119	-100	-0.006566732718894043
979	goal + no feedback	119	-50	-0.006945561290322644
979	goal + no feedback	119	0	-0.0023537327188941476
979	goal + no feedback	119	50	-0.004701561290322687
979	goal + no feedback	119	100	-0.004014304147465619
979	goal + no feedback	119	150	-0.013169161290322714
979	goal + no feedback	119	200	-0.016860827956989288
979	goal + no feedback	119	250	-0.016253327956989343
979	goal + no feedback	119	300	-0.013870661290322698
979	goal + no feedback	119	350	-0.023268161290322647
979	goal + no feedback	119	400	-0.004117994623655956
979	goal + no feedback	119	450	0.020589838709677382
979	goal + no feedback	119	500	0.052355172043010656
979	goal + no feedback	119	550	0.0642071720430107
979	goal + no feedback	119	600	0.06059850537634396
979	goal + no feedback	119	650	0.06825767204301066
979	goal + no feedback	119	700	-0.18127391129032266
979	goal + no feedback	119	750	NA
979	goal + no feedback	119	800	0.7683133387096772
979	goal + no feedback	119	850	NA
979	goal + no feedback	119	900	NA
979	goal + no feedback	119	950	-0.11029266129032267
979	goal + no feedback	119	1e3	0.07810463870967732
979	goal + no feedback	119	1050	-0.013498875576036986
979	goal + no feedback	119	1100	0.09578983870967739
979	goal + no feedback	119	1150	0.10325550537634398
979	goal + no feedback	120	-200	0.004370824884792679
979	goal + no feedback	120	-150	0.002819801075268987
979	goal + no feedback	120	-100	0.00577296774193566
979	goal + no feedback	120	-50	-0.0033338655913977
979	goal + no feedback	120	0	-0.010358198924730999
979	goal + no feedback	120	50	0.002815301075269024
979	goal + no feedback	120	100	-0.012802532258064417
979	goal + no feedback	120	150	-0.006099532258064366
979	goal + no feedback	120	200	-0.014261365591397753
979	goal + no feedback	120	250	-0.012552698924731024
979	goal + no feedback	120	300	-0.003553698924731045
979	goal + no feedback	120	350	-0.004370198924731043
979	goal + no feedback	120	400	-3.523655913976557e-4
979	goal + no feedback	120	450	0.013310801075268866
979	goal + no feedback	120	500	0.01663330107526891
979	goal + no feedback	120	550	0.017607634408602246
979	goal + no feedback	120	600	0.02669130107526896
979	goal + no feedback	120	650	0.011318134408602335
979	goal + no feedback	120	700	0.008227801075268992
979	goal + no feedback	120	750	-0.17673169892473103
979	goal + no feedback	120	800	NA
979	goal + no feedback	120	850	NA
979	goal + no feedback	120	900	NA
979	goal + no feedback	120	950	NA
979	goal + no feedback	120	1e3	NA
979	goal + no feedback	120	1050	NA
979	goal + no feedback	120	1100	NA
979	goal + no feedback	120	1150	0.08251596774193559
979	goal + no feedback	121	-200	0.021239666666666768
979	goal + no feedback	121	-150	0.01125616666666677
979	goal + no feedback	121	-100	-0.0048366666666666
979	goal + no feedback	121	-50	-0.016893499999999895
979	goal + no feedback	121	0	-0.010765666666666451
979	goal + no feedback	121	50	-0.009579333333333384
979	goal + no feedback	121	100	-0.02934533333333326
979	goal + no feedback	121	150	-0.030391499999999832
979	goal + no feedback	121	200	-0.013635333333333296
979	goal + no feedback	121	250	2.0783333333337003e-4
979	goal + no feedback	121	300	0.012996666666666693
979	goal + no feedback	121	350	0.026932000000000105
979	goal + no feedback	121	400	0.06745666666666672
979	goal + no feedback	121	450	0.11410900000000009
979	goal + no feedback	121	500	0.14186200000000002
979	goal + no feedback	121	550	0.1719275000000001
979	goal + no feedback	121	600	0.19222950000000005
979	goal + no feedback	121	650	0.20521733333333345
979	goal + no feedback	121	700	0.18845850000000017
979	goal + no feedback	121	750	0.19856733333333346
979	goal + no feedback	121	800	0.19561533333333347
979	goal + no feedback	121	850	0.18309216666666672
979	goal + no feedback	121	900	0.17453283333333344
979	goal + no feedback	121	950	0.19557450000000012
979	goal + no feedback	121	1e3	0.21204750000000017
979	goal + no feedback	121	1050	0.22713016666666674
979	goal + no feedback	121	1100	0.2774525000000001
979	goal + no feedback	121	1150	0.2905940000000001
979	goal + no feedback	122	-200	-0.0010127634408601722
979	goal + no feedback	122	-150	-0.014766263440860072
979	goal + no feedback	122	-100	-7.687634408601133e-4
979	goal + no feedback	122	-50	-0.0016920967741932784
979	goal + no feedback	122	0	0.015634188940092195
979	goal + no feedback	122	50	-0.003975263440860151
979	goal + no feedback	122	100	-0.01657759677419346
979	goal + no feedback	122	150	0.004107736559139837
979	goal + no feedback	122	200	-0.0034344301075267905
979	goal + no feedback	122	250	-0.020803763440860212
979	goal + no feedback	122	300	-0.03265909677419341
979	goal + no feedback	122	350	-0.03070495391705062
979	goal + no feedback	122	400	-0.046890596774193494
979	goal + no feedback	122	450	-0.024287930107526723
979	goal + no feedback	122	500	-0.024123430107526822
979	goal + no feedback	122	550	-0.009540596774193425
979	goal + no feedback	122	600	0.00991473655913988
979	goal + no feedback	122	650	-0.07331926344086015
979	goal + no feedback	122	700	NA
979	goal + no feedback	122	750	0.4213099032258064
979	goal + no feedback	122	800	NA
979	goal + no feedback	122	850	0.7039309032258065
979	goal + no feedback	122	900	0.03705070322580646
979	goal + no feedback	122	950	-0.08698509677419348
979	goal + no feedback	122	1e3	-0.019270430107526753
979	goal + no feedback	122	1050	0.047701903225806586
979	goal + no feedback	122	1100	0.02446240322580658
979	goal + no feedback	122	1150	0.04484123655913996
979	goal + no feedback	123	-200	-0.0035052534562210547
979	goal + no feedback	123	-150	-0.015106567741935351
979	goal + no feedback	123	-100	-0.008758110599078226
979	goal + no feedback	123	-50	0.01080386559139801
979	goal + no feedback	123	0	0.01609219892473135
979	goal + no feedback	123	50	0.036528032258064634
979	goal + no feedback	123	100	0.03891036559139797
979	goal + no feedback	123	150	0.05319069892473135
979	goal + no feedback	123	200	0.08537853225806462
979	goal + no feedback	123	250	0.10607703225806457
979	goal + no feedback	123	300	0.12135219892473133
979	goal + no feedback	123	350	0.14521519892473136
979	goal + no feedback	123	400	0.15795869892473138
979	goal + no feedback	123	450	0.1923870322580646
979	goal + no feedback	123	500	0.22626869892473125
979	goal + no feedback	123	550	0.2283996989247313
979	goal + no feedback	123	600	0.26338353225806466
979	goal + no feedback	123	650	0.26812003225806474
979	goal + no feedback	123	700	0.274502365591398
979	goal + no feedback	123	750	0.19832969892473126
979	goal + no feedback	123	800	-0.02473996774193532
979	goal + no feedback	123	850	NA
979	goal + no feedback	123	900	NA
979	goal + no feedback	123	950	0.003230282258064654
979	goal + no feedback	123	1e3	0.12529836559139795
979	goal + no feedback	123	1050	0.17555553225806472
979	goal + no feedback	123	1100	0.23913769892473136
979	goal + no feedback	123	1150	0.25098736559139795
979	goal + no feedback	124	-200	-0.03371614746543778
979	goal + no feedback	124	-150	-0.015887790322580475
979	goal + no feedback	124	-100	0.0038493763440861084
979	goal + no feedback	124	-50	0.016226376344086118
979	goal + no feedback	124	0	0.03514754301075277
979	goal + no feedback	124	50	0.03729720967741942
979	goal + no feedback	124	100	0.04367670967741947
979	goal + no feedback	124	150	0.050796543010752794
979	goal + no feedback	124	200	0.040496043010752825
979	goal + no feedback	124	250	0.022448209677419523
979	goal + no feedback	124	300	0.02778954301075272
979	goal + no feedback	124	350	0.02248087634408617
979	goal + no feedback	124	400	0.04537337634408615
979	goal + no feedback	124	450	0.03530137634408622
979	goal + no feedback	124	500	0.04669920967741947
979	goal + no feedback	124	550	0.05111670967741936
979	goal + no feedback	124	600	0.0628070430107528
979	goal + no feedback	124	650	0.09103387634408618
979	goal + no feedback	124	700	0.07797587634408609
979	goal + no feedback	124	750	0.0602873763440861
979	goal + no feedback	124	800	0.0413057096774195
979	goal + no feedback	124	850	0.039981209677419395
979	goal + no feedback	124	900	0.038009709677419456
979	goal + no feedback	124	950	0.03623020967741949
979	goal + no feedback	124	1e3	0.048761543010752785
979	goal + no feedback	124	1050	0.05979270967741949
979	goal + no feedback	124	1100	0.05977987634408607
979	goal + no feedback	124	1150	0.0592553763440861
979	goal + no feedback	125	-200	0.01467900476190463
979	goal + no feedback	125	-150	-0.0014689000000001062
979	goal + no feedback	125	-100	-6.197333333333906e-4
979	goal + no feedback	125	-50	5.395999999998994e-4
979	goal + no feedback	125	0	-0.0186917666666667
979	goal + no feedback	125	50	-0.012914138095238226
979	goal + no feedback	125	100	-0.017342400000000053
979	goal + no feedback	125	150	-0.023008733333333458
979	goal + no feedback	125	200	-0.0296159000000001
979	goal + no feedback	125	250	-0.02311523333333354
979	goal + no feedback	125	300	-0.02800506666666684
979	goal + no feedback	125	350	-0.0120727333333334
979	goal + no feedback	125	400	-0.003078066666666842
979	goal + no feedback	125	450	-0.011577066666666802
979	goal + no feedback	125	500	0.029419599999999917
979	goal + no feedback	125	550	0.046800099999999865
979	goal + no feedback	125	600	0.06356409999999994
979	goal + no feedback	125	650	0.04758209999999985
979	goal + no feedback	125	700	-0.2243025666666667
979	goal + no feedback	125	750	0.7138711
979	goal + no feedback	125	800	NA
979	goal + no feedback	125	850	NA
979	goal + no feedback	125	900	NA
979	goal + no feedback	125	950	NA
979	goal + no feedback	125	1e3	NA
979	goal + no feedback	125	1050	NA
979	goal + no feedback	125	1100	NA
979	goal + no feedback	125	1150	NA
979	goal + no feedback	126	-200	0.005952317972350153
979	goal + no feedback	126	-150	-0.00506146774193561
979	goal + no feedback	126	-100	0.006342198924731053
979	goal + no feedback	126	-50	-0.005768301075268933
979	goal + no feedback	126	0	-0.002456801075268874
979	goal + no feedback	126	50	-0.0020768010752689747
979	goal + no feedback	126	100	0.010101698924731043
979	goal + no feedback	126	150	0.015043865591397884
979	goal + no feedback	126	200	0.003101365591397768
979	goal + no feedback	126	250	0.005532365591397766
979	goal + no feedback	126	300	-0.004137801075268917
979	goal + no feedback	126	350	-0.010891134408602307
979	goal + no feedback	126	400	0.0038766989247310444
979	goal + no feedback	126	450	0.010211865591397787
979	goal + no feedback	126	500	0.025840198924731144
979	goal + no feedback	126	550	0.043108865591397816
979	goal + no feedback	126	600	0.05381753225806444
979	goal + no feedback	126	650	0.06105603225806444
979	goal + no feedback	126	700	0.05877303225806448
979	goal + no feedback	126	750	0.05209586559139775
979	goal + no feedback	126	800	0.04476703225806437
979	goal + no feedback	126	850	0.044994532258064414
979	goal + no feedback	126	900	0.025032865591397686
979	goal + no feedback	126	950	0.015291365591397765
979	goal + no feedback	126	1e3	0.014176198924731024
979	goal + no feedback	126	1050	0.011549532258064469
979	goal + no feedback	126	1100	-0.00831663440860216
979	goal + no feedback	126	1150	-9.34677419356748e-5
979	goal + no feedback	127	-200	-2.2579723502306033e-4
979	goal + no feedback	127	-150	-0.0016930591397848656
979	goal + no feedback	127	-100	0.004178940860215086
979	goal + no feedback	127	-50	0.003594440860215172
979	goal + no feedback	127	0	-0.0058168924731182665
979	goal + no feedback	127	50	-0.012580225806451573
979	goal + no feedback	127	100	-0.0013102258064515333
979	goal + no feedback	127	150	-0.009717059139784823
979	goal + no feedback	127	200	-0.009147392473118243
979	goal + no feedback	127	250	-0.006893559139785029
979	goal + no feedback	127	300	-0.0027458924731181464
979	goal + no feedback	127	350	-0.0027680591397848766
979	goal + no feedback	127	400	0.006148107526881885
979	goal + no feedback	127	450	0.038666607526881856
979	goal + no feedback	127	500	0.07146644086021518
979	goal + no feedback	127	550	0.13055444086021514
979	goal + no feedback	127	600	0.16235877419354847
979	goal + no feedback	127	650	0.1831742741935484
979	goal + no feedback	127	700	0.1796851075268818
979	goal + no feedback	127	750	0.1793272741935484
979	goal + no feedback	127	800	0.16680777419354845
979	goal + no feedback	127	850	0.1667767741935485
979	goal + no feedback	127	900	0.17131927419354853
979	goal + no feedback	127	950	0.1921092741935484
979	goal + no feedback	127	1e3	0.19705810752688172
979	goal + no feedback	127	1050	0.19928960752688182
979	goal + no feedback	127	1100	0.2094466075268817
979	goal + no feedback	127	1150	0.20152294086021505
979	goal + no feedback	128	-200	-0.013219064516129133
979	goal + no feedback	128	-150	-0.005698564516129008
979	goal + no feedback	128	-100	0.0014746021505375555
979	goal + no feedback	128	-50	0.004162435483870963
979	goal + no feedback	128	0	0.015483768817204332
979	goal + no feedback	128	50	0.013490935483871036
979	goal + no feedback	128	100	0.02354543548387089
979	goal + no feedback	128	150	0.026209435483870964
979	goal + no feedback	128	200	0.023329935483870894
979	goal + no feedback	128	250	0.021662935483870955
979	goal + no feedback	128	300	0.042677935483870964
979	goal + no feedback	128	350	0.038072435483870924
979	goal + no feedback	128	400	0.027016435483870893
979	goal + no feedback	128	450	0.03954493548387098
979	goal + no feedback	128	500	0.054305768817204246
979	goal + no feedback	128	550	0.07388360215053764
979	goal + no feedback	128	600	0.09957210215053758
979	goal + no feedback	128	650	-0.042562064516129094
979	goal + no feedback	128	700	NA
979	goal + no feedback	128	750	0.5138411854838708
979	goal + no feedback	128	800	NA
979	goal + no feedback	128	850	NA
979	goal + no feedback	128	900	NA
979	goal + no feedback	128	950	NA
979	goal + no feedback	128	1e3	0.3126509354838709
979	goal + no feedback	128	1050	0.140245185483871
979	goal + no feedback	128	1100	0.12140360215053773
979	goal + no feedback	128	1150	0.11452276881720429
979	goal + no feedback	129	-200	-0.01190616666666681
979	goal + no feedback	129	-150	0.003946666666666543
979	goal + no feedback	129	-100	0.003570999999999843
979	goal + no feedback	129	-50	0.005803499999999924
979	goal + no feedback	129	0	-0.0014150000000001661
979	goal + no feedback	129	50	0.007655333333333199
979	goal + no feedback	129	100	-0.010554000000000174
979	goal + no feedback	129	150	-0.012016666666666861
979	goal + no feedback	129	200	-0.013455000000000142
979	goal + no feedback	129	250	-0.008190333333333522
979	goal + no feedback	129	300	-0.008438500000000237
979	goal + no feedback	129	350	-0.0030932142857144234
979	goal + no feedback	129	400	0.007945166666666633
979	goal + no feedback	129	450	0.004347666666666639
979	goal + no feedback	129	500	0.030315166666666487
979	goal + no feedback	129	550	0.03842769999999982
979	goal + no feedback	129	600	-0.020447666666666864
979	goal + no feedback	129	650	-0.3160795000000003
979	goal + no feedback	129	700	NA
979	goal + no feedback	129	750	NA
979	goal + no feedback	129	800	NA
979	goal + no feedback	129	850	NA
979	goal + no feedback	129	900	NA
979	goal + no feedback	129	950	0.1451546999999998
979	goal + no feedback	129	1e3	0.059927333333333145
979	goal + no feedback	129	1050	0.007276499999999834
979	goal + no feedback	129	1100	0.0592303333333332
979	goal + no feedback	129	1150	0.04541516666666653
979	goal + no feedback	130	-200	-0.004675548387097018
979	goal + no feedback	130	-150	-0.002998215053763668
979	goal + no feedback	130	-100	0.008744951612903082
979	goal + no feedback	130	-50	0.006323784946236384
979	goal + no feedback	130	0	-0.0066157150537637195
979	goal + no feedback	130	50	0.01336845161290312
979	goal + no feedback	130	100	0.00459911827956964
979	goal + no feedback	130	150	0.005734118279569748
979	goal + no feedback	130	200	-0.009920381720430305
979	goal + no feedback	130	250	0.007218118279569641
979	goal + no feedback	130	300	0.017882951612903097
979	goal + no feedback	130	350	0.029240951612903004
979	goal + no feedback	130	400	0.03854895161290295
979	goal + no feedback	130	450	0.04497095161290295
979	goal + no feedback	130	500	0.0589056182795696
979	goal + no feedback	130	550	0.08547745161290303
979	goal + no feedback	130	600	0.09437245161290297
979	goal + no feedback	130	650	0.0675279516129031
979	goal + no feedback	130	700	0.043061951612903014
979	goal + no feedback	130	750	0.03859061827956959
979	goal + no feedback	130	800	0.0366486182795697
979	goal + no feedback	130	850	0.027670951612903078
979	goal + no feedback	130	900	0.034428118279569674
979	goal + no feedback	130	950	0.020973284946236292
979	goal + no feedback	130	1e3	0.02802795161290302
979	goal + no feedback	130	1050	0.03008661827956975
979	goal + no feedback	130	1100	0.056201451612903096
979	goal + no feedback	130	1150	0.058122951612903075
979	goal + no feedback	131	-200	0.0030025345622122224
979	goal + no feedback	131	-150	0.008529510752688374
979	goal + no feedback	131	-100	0.009682010752688411
979	goal + no feedback	131	-50	-0.01621015591397823
979	goal + no feedback	131	0	-0.005504322580645038
979	goal + no feedback	131	50	-0.01661365591397823
979	goal + no feedback	131	100	-0.01547165591397818
979	goal + no feedback	131	150	-0.026770655913978203
979	goal + no feedback	131	200	-0.0359809892473116
979	goal + no feedback	131	250	-0.03248815591397817
979	goal + no feedback	131	300	-0.026691155913978266
979	goal + no feedback	131	350	-0.036976489247311596
979	goal + no feedback	131	400	-0.014887822580644952
979	goal + no feedback	131	450	-0.009772655913978282
979	goal + no feedback	131	500	0.001376510752688483
979	goal + no feedback	131	550	0.023664510752688345
979	goal + no feedback	131	600	0.03541084408602176
979	goal + no feedback	131	650	0.015106344086021814
979	goal + no feedback	131	700	-0.004981655913978367
979	goal + no feedback	131	750	-0.012610489247311488
979	goal + no feedback	131	800	-0.019168489247311554
979	goal + no feedback	131	850	-0.03588498924731165
979	goal + no feedback	131	900	-0.03345648924731156
979	goal + no feedback	131	950	-0.014228322580644845
979	goal + no feedback	131	1e3	-0.012263489247311613
979	goal + no feedback	131	1050	0.003348344086021804
979	goal + no feedback	131	1100	0.0068293440860217975
979	goal + no feedback	131	1150	0.027998177419355102
979	goal + no feedback	132	-200	0.001555951612903191
979	goal + no feedback	132	-150	-0.003967715053763439
979	goal + no feedback	132	-100	-0.0022840483870967265
979	goal + no feedback	132	-50	-0.0010690483870967975
979	goal + no feedback	132	0	0.004941308755760408
979	goal + no feedback	132	50	-0.022884715053763438
979	goal + no feedback	132	100	-0.010680748387096806
979	goal + no feedback	132	150	-0.0134208817204301
979	goal + no feedback	132	200	-0.002507119815668218
979	goal + no feedback	132	250	0.005795451612903202
979	goal + no feedback	132	300	0.023529618279569935
979	goal + no feedback	132	350	0.040974951612903175
979	goal + no feedback	132	400	0.05772995161290321
979	goal + no feedback	132	450	0.06846961827956981
979	goal + no feedback	132	500	0.10664995161290321
979	goal + no feedback	132	550	0.13150945161290317
979	goal + no feedback	132	600	0.14283511827956988
979	goal + no feedback	132	650	0.13770961827956993
979	goal + no feedback	132	700	0.13564145161290328
979	goal + no feedback	132	750	0.12875611827956987
979	goal + no feedback	132	800	0.14076761827956993
979	goal + no feedback	132	850	0.1343394516129032
979	goal + no feedback	132	900	0.15662759447004612
979	goal + no feedback	132	950	0.16155885161290318
979	goal + no feedback	132	1e3	0.18459811827956982
979	goal + no feedback	132	1050	0.20550228494623654
979	goal + no feedback	132	1100	0.24338473732718896
979	goal + no feedback	132	1150	0.2533406182795699
979	goal + no feedback	133	-200	-0.00834260829493072
979	goal + no feedback	133	-150	0.012413510752688373
979	goal + no feedback	133	-100	0.0058856774193551216
979	goal + no feedback	133	-50	-0.002430989247311629
979	goal + no feedback	133	0	-0.0061351559139783225
979	goal + no feedback	133	50	-0.008340155913978334
979	goal + no feedback	133	100	-0.0042476559139782806
979	goal + no feedback	133	150	-0.01473932258064492
979	goal + no feedback	133	200	-0.03358582258064491
979	goal + no feedback	133	250	-0.026546322580644894
979	goal + no feedback	133	300	-0.04632448924731166
979	goal + no feedback	133	350	-0.04297215591397833
979	goal + no feedback	133	400	-0.039170489247311625
979	goal + no feedback	133	450	-0.013012822580644881
979	goal + no feedback	133	500	-0.0016194892473115896
979	goal + no feedback	133	550	0.005595010752688312
979	goal + no feedback	133	600	0.019561844086021612
979	goal + no feedback	133	650	0.035470177419354876
979	goal + no feedback	133	700	-0.20168532258064492
979	goal + no feedback	133	750	NA
979	goal + no feedback	133	800	NA
979	goal + no feedback	133	850	NA
979	goal + no feedback	133	900	-0.38797232258064496
979	goal + no feedback	133	950	-0.22969752258064496
979	goal + no feedback	133	1e3	-0.11397548924731164
979	goal + no feedback	133	1050	-0.056640822580644956
979	goal + no feedback	133	1100	0.004645677419354992
979	goal + no feedback	133	1150	0.020075677419355047
979	goal + no feedback	134	-200	0.007924511520737238
979	goal + no feedback	134	-150	-0.002390607526881805
979	goal + no feedback	134	-100	7.337258064515536e-4
979	goal + no feedback	134	-50	-0.00115477419354848
979	goal + no feedback	134	0	-0.006433607526881824
979	goal + no feedback	134	50	0.0027360591397848446
979	goal + no feedback	134	100	-0.004747940860215127
979	goal + no feedback	134	150	-0.026616440860215047
979	goal + no feedback	134	200	-0.02921944086021518
979	goal + no feedback	134	250	-0.037341940860215216
979	goal + no feedback	134	300	-0.027646440860215133
979	goal + no feedback	134	350	-0.02463827419354862
979	goal + no feedback	134	400	-0.023134107526881758
979	goal + no feedback	134	450	0.0026047258064515097
979	goal + no feedback	134	500	0.029694059139784807
979	goal + no feedback	134	550	0.060577892473118254
979	goal + no feedback	134	600	0.10942705913978479
979	goal + no feedback	134	650	0.14425639247311817
979	goal + no feedback	134	700	0.14723789247311814
979	goal + no feedback	134	750	0.14843922580645152
979	goal + no feedback	134	800	0.10845239247311815
979	goal + no feedback	134	850	0.10539839247311811
979	goal + no feedback	134	900	0.083453059139785
979	goal + no feedback	134	950	0.09703755913978496
979	goal + no feedback	134	1e3	0.09060389247311813
979	goal + no feedback	134	1050	0.11225305913978494
979	goal + no feedback	134	1100	0.08987939247311812
979	goal + no feedback	134	1150	0.0973143924731182
979	goal + no feedback	135	-200	-0.009794778801843065
979	goal + no feedback	135	-150	0.0070961021505377975
979	goal + no feedback	135	-100	-0.007188397849462236
979	goal + no feedback	135	-50	0.008378268817204418
979	goal + no feedback	135	0	0.0031412688172045566
979	goal + no feedback	135	50	-0.003009231182795391
979	goal + no feedback	135	100	0.0032579354838710994
979	goal + no feedback	135	150	0.004396435483871253
979	goal + no feedback	135	200	0.02364710215053793
979	goal + no feedback	135	250	0.01900743548387111
979	goal + no feedback	135	300	0.03296426881720449
979	goal + no feedback	135	350	0.04583560215053787
979	goal + no feedback	135	400	0.04879410215053789
979	goal + no feedback	135	450	0.05951493548387118
979	goal + no feedback	135	500	0.10339693548387115
979	goal + no feedback	135	550	0.1220217688172045
979	goal + no feedback	135	600	0.05571876881720458
979	goal + no feedback	135	650	0.3443619354838712
979	goal + no feedback	135	700	0.0888839354838713
979	goal + no feedback	135	750	NA
979	goal + no feedback	135	800	NA
979	goal + no feedback	135	850	NA
979	goal + no feedback	135	900	NA
979	goal + no feedback	135	950	NA
979	goal + no feedback	135	1e3	NA
979	goal + no feedback	135	1050	NA
979	goal + no feedback	135	1100	NA
979	goal + no feedback	135	1150	NA
979	goal + no feedback	136	-200	-0.008545179723502359
979	goal + no feedback	136	-150	-0.002954322580645282
979	goal + no feedback	136	-100	0.011714510752688145
979	goal + no feedback	136	-50	0.0032610107526881795
979	goal + no feedback	136	0	-0.0020518225806451795
979	goal + no feedback	136	50	-0.008350322580645164
979	goal + no feedback	136	100	-0.004892655913978361
979	goal + no feedback	136	150	0.009540510752688173
979	goal + no feedback	136	200	-0.0028763225806451853
979	goal + no feedback	136	250	-3.198924731188472e-5
979	goal + no feedback	136	300	0.014594177419354834
979	goal + no feedback	136	350	0.01797901075268819
979	goal + no feedback	136	400	0.04502101075268827
979	goal + no feedback	136	450	0.0548438440860215
979	goal + no feedback	136	500	0.0901998440860216
979	goal + no feedback	136	550	0.12191817741935489
979	goal + no feedback	136	600	0.10173567741935481
979	goal + no feedback	136	650	0.005267177419354822
979	goal + no feedback	136	700	0.14437151075268825
979	goal + no feedback	136	750	0.07841734408602156
979	goal + no feedback	136	800	0.037860177419354914
979	goal + no feedback	136	850	0.03207301075268817
979	goal + no feedback	136	900	0.030649510752688142
979	goal + no feedback	136	950	0.035062177419354836
979	goal + no feedback	136	1e3	0.014932844086021543
979	goal + no feedback	136	1050	-6.141559139785832e-4
979	goal + no feedback	136	1100	0.0013023440860215156
979	goal + no feedback	136	1150	-0.004714322580645118
979	goal + no feedback	137	-200	-0.015014377880184084
979	goal + no feedback	137	-150	-0.01457747311827943
979	goal + no feedback	137	-100	-0.0017429731182794228
979	goal + no feedback	137	-50	0.006739193548387219
979	goal + no feedback	137	0	0.027098026881720545
979	goal + no feedback	137	50	0.026042026881720526
979	goal + no feedback	137	100	0.03769619354838719
979	goal + no feedback	137	150	0.046042360215053924
979	goal + no feedback	137	200	0.03474936021505385
979	goal + no feedback	137	250	0.04441836021505393
979	goal + no feedback	137	300	0.04862202688172057
979	goal + no feedback	137	350	0.049428026881720655
979	goal + no feedback	137	400	0.07684186021505394
979	goal + no feedback	137	450	0.08949569354838711
979	goal + no feedback	137	500	0.11617152688172057
979	goal + no feedback	137	550	0.11957302688172063
979	goal + no feedback	137	600	0.10422119354838721
979	goal + no feedback	137	650	0.07432586021505405
979	goal + no feedback	137	700	0.09858269354838727
979	goal + no feedback	137	750	0.02311602688172047
979	goal + no feedback	137	800	0.005765026881720647
979	goal + no feedback	137	850	0.05990236021505391
979	goal + no feedback	137	900	0.06759069354838727
979	goal + no feedback	137	950	0.07040686021505389
979	goal + no feedback	137	1e3	0.042496693548387254
979	goal + no feedback	137	1050	0.04347786021505392
979	goal + no feedback	137	1100	0.05591502688172064
979	goal + no feedback	137	1150	0.030647526881720566
979	goal + no feedback	138	-200	-0.0034901559139787577
979	goal + no feedback	138	-150	-0.008173822580645437
979	goal + no feedback	138	-100	-0.010314989247312
979	goal + no feedback	138	-50	0.007151010752687981
979	goal + no feedback	138	0	0.012709677419354661
979	goal + no feedback	138	50	0.019146477419354647
979	goal + no feedback	138	100	0.012031510752688046
979	goal + no feedback	138	150	0.03211753456221184
979	goal + no feedback	138	200	0.03335907741935475
979	goal + no feedback	138	250	0.041396677419354676
979	goal + no feedback	138	300	0.05030501075268804
979	goal + no feedback	138	350	0.06809267741935468
979	goal + no feedback	138	400	0.11953101075268797
979	goal + no feedback	138	450	0.1449548440860214
979	goal + no feedback	138	500	0.17178251075268794
979	goal + no feedback	138	550	0.21072384408602138
979	goal + no feedback	138	600	0.22402084408602133
979	goal + no feedback	138	650	0.3021273440860213
979	goal + no feedback	138	700	0.02719947741935469
979	goal + no feedback	138	750	NA
979	goal + no feedback	138	800	0.5658506774193546
979	goal + no feedback	138	850	0.33144867741935463
979	goal + no feedback	138	900	NA
979	goal + no feedback	138	950	0.4922626774193546
979	goal + no feedback	138	1e3	NA
979	goal + no feedback	138	1050	NA
979	goal + no feedback	138	1100	0.25681117741935466
979	goal + no feedback	138	1150	NA
979	goal + no feedback	139	-200	-0.025835951612903047
979	goal + no feedback	139	-150	-0.014429165898617313
979	goal + no feedback	139	-100	0.007532715053763628
979	goal + no feedback	139	-50	0.00992971505376361
979	goal + no feedback	139	0	0.025207548387096896
979	goal + no feedback	139	50	0.026752048387096956
979	goal + no feedback	139	100	0.03546571505376354
979	goal + no feedback	139	150	0.03342904838709707
979	goal + no feedback	139	200	0.04605971505376375
979	goal + no feedback	139	250	0.05785421505376368
979	goal + no feedback	139	300	0.06033304838709711
979	goal + no feedback	139	350	0.05643338172043041
979	goal + no feedback	139	400	0.06461521505376362
979	goal + no feedback	139	450	0.09319821505376365
979	goal + no feedback	139	500	0.11941621505376365
979	goal + no feedback	139	550	0.12579588172043032
979	goal + no feedback	139	600	0.12711771505376368
979	goal + no feedback	139	650	0.1173137150537636
979	goal + no feedback	139	700	0.08499804838709697
979	goal + no feedback	139	750	0.07417154838709705
979	goal + no feedback	139	800	0.054704881720430386
979	goal + no feedback	139	850	0.02792304838709699
979	goal + no feedback	139	900	0.029118048387096973
979	goal + no feedback	139	950	0.017941381720430288
979	goal + no feedback	139	1e3	0.016188881720430315
979	goal + no feedback	139	1050	0.012989715053763673
979	goal + no feedback	139	1100	0.0038825483870970068
979	goal + no feedback	139	1150	0.003021715053763622
979	goal + no feedback	140	-200	-0.006957737327188962
979	goal + no feedback	140	-150	0.002093048387096822
979	goal + no feedback	140	-100	5.415483870968204e-4
979	goal + no feedback	140	-50	-0.0026654516129032135
979	goal + no feedback	140	0	0.008148215053763508
979	goal + no feedback	140	50	0.004126548387096769
979	goal + no feedback	140	100	0.019109048387096816
979	goal + no feedback	140	150	0.02130204838709678
979	goal + no feedback	140	200	1.79215053763541e-4
979	goal + no feedback	140	250	0.008837048387096758
979	goal + no feedback	140	300	0.016691048387096785
979	goal + no feedback	140	350	0.022564048387096875
979	goal + no feedback	140	400	0.0351545483870969
979	goal + no feedback	140	450	0.05821754838709681
979	goal + no feedback	140	500	0.06185171505376349
979	goal + no feedback	140	550	0.08640421505376339
979	goal + no feedback	140	600	0.10319388172043009
979	goal + no feedback	140	650	0.12043588172043007
979	goal + no feedback	140	700	0.11233721505376344
979	goal + no feedback	140	750	0.12261154838709672
979	goal + no feedback	140	800	0.12265404838709688
979	goal + no feedback	140	850	0.12376238172043008
979	goal + no feedback	140	900	0.10322804838709672
979	goal + no feedback	140	950	0.11845188172043015
979	goal + no feedback	140	1e3	0.13394721505376336
979	goal + no feedback	140	1050	0.1069490483870968
979	goal + no feedback	140	1100	0.10329004838709688
979	goal + no feedback	140	1150	0.08006104838709678
