Subject	condition	TrialId	bin	pupil_change
1102	goal + feedback	1	-200	0.00790054377880191
1102	goal + feedback	1	-150	0.019833091397849428
1102	goal + feedback	1	-100	0.0050712580645161
1102	goal + feedback	1	-50	-0.0023937419354838805
1102	goal + feedback	1	0	-0.03172790860215047
1102	goal + feedback	1	50	-0.05718740860215058
1102	goal + feedback	1	100	-0.05673140860215057
1102	goal + feedback	1	150	-0.06960724193548384
1102	goal + feedback	1	200	-0.04903374193548382
1102	goal + feedback	1	250	-0.026700408602150578
1102	goal + feedback	1	300	-0.10791657526881722
1102	goal + feedback	1	350	NA
1102	goal + feedback	1	400	NA
1102	goal + feedback	1	450	-0.15400374193548375
1102	goal + feedback	1	500	-0.15359540860215048
1102	goal + feedback	1	550	-0.08698774193548386
1102	goal + feedback	1	600	-0.08783357526881723
1102	goal + feedback	1	650	-0.06866240860215041
1102	goal + feedback	1	700	-0.01775014193548392
1102	goal + feedback	1	750	-0.03634288479262678
1102	goal + feedback	1	800	0.02245109139784951
1102	goal + feedback	1	850	-0.002455741935483887
1102	goal + feedback	1	900	-0.02576307526881716
1102	goal + feedback	1	950	-0.050816741935483835
1102	goal + feedback	1	1e3	-0.09819090860215048
1102	goal + feedback	1	1050	-0.09204340860215059
1102	goal + feedback	1	1100	-0.1099160752688173
1102	goal + feedback	1	1150	-0.11263890860215058
1102	goal + feedback	2	-200	0.007719466666666452
1102	goal + feedback	2	-150	-0.0075710333333335695
1102	goal + feedback	2	-100	0.012650799999999776
1102	goal + feedback	2	-50	-7.023666666668612e-4
1102	goal + feedback	2	0	-0.012096866666666909
1102	goal + feedback	2	50	-0.003993200000000252
1102	goal + feedback	2	100	-0.007829033333333587
1102	goal + feedback	2	150	-0.010530533333333572
1102	goal + feedback	2	200	0.0175534666666665
1102	goal + feedback	2	250	0.04804779999999971
1102	goal + feedback	2	300	NA
1102	goal + feedback	2	350	0.02318629999999966
1102	goal + feedback	2	400	0.08798196666666651
1102	goal + feedback	2	450	0.046405133333333216
1102	goal + feedback	2	500	0.11470046666666645
1102	goal + feedback	2	550	0.11752279999999977
1102	goal + feedback	2	600	-0.014474200000000437
1102	goal + feedback	2	650	NA
1102	goal + feedback	2	700	0.12216104999999977
1102	goal + feedback	2	750	0.07206246666666649
1102	goal + feedback	2	800	0.039955799999999764
1102	goal + feedback	2	850	0.07174851428571406
1102	goal + feedback	2	900	0.04880346666666643
1102	goal + feedback	2	950	0.02964113333333307
1102	goal + feedback	2	1e3	0.03469029999999984
1102	goal + feedback	2	1050	0.11676829999999978
1102	goal + feedback	2	1100	0.10450596666666641
1102	goal + feedback	2	1150	0.11270913333333306
1102	goal + feedback	3	-200	0.02727985253456211
1102	goal + feedback	3	-150	0.025864209677419314
1102	goal + feedback	3	-100	0.019786043010752596
1102	goal + feedback	3	-50	-0.015531290322580826
1102	goal + feedback	3	0	-0.061945456989247395
1102	goal + feedback	3	50	-0.07193145698924745
1102	goal + feedback	3	100	-0.07545462365591409
1102	goal + feedback	3	150	-0.06523162365591413
1102	goal + feedback	3	200	-0.0984689569892474
1102	goal + feedback	3	250	-0.095180790322580755
1102	goal + feedback	3	300	-0.09923545698924736
1102	goal + feedback	3	350	-0.10888895698924757
1102	goal + feedback	3	400	-0.11380562365591411
1102	goal + feedback	3	450	-0.11247379032258076
1102	goal + feedback	3	500	-0.0767791236559141
1102	goal + feedback	3	550	-0.0417629569892474
1102	goal + feedback	3	600	0.006749209677419247
1102	goal + feedback	3	650	0.04915554301075257
1102	goal + feedback	3	700	0.09530470967741918
1102	goal + feedback	3	750	0.1643770430107526
1102	goal + feedback	3	800	0.16033987634408597
1102	goal + feedback	3	850	0.14899887634408585
1102	goal + feedback	3	900	0.16138520967741932
1102	goal + feedback	3	950	0.15612670967741926
1102	goal + feedback	3	1e3	0.1441113763440859
1102	goal + feedback	3	1050	NA
1102	goal + feedback	3	1100	NA
1102	goal + feedback	3	1150	-0.04886904032258066
1102	goal + feedback	4	-200	0.007842184331797064
1102	goal + feedback	4	-150	-0.005642553763441027
1102	goal + feedback	4	-100	-0.0016778870967744108
1102	goal + feedback	4	-50	0.01634677956989224
1102	goal + feedback	4	0	-0.018175553763441082
1102	goal + feedback	4	50	-0.007363553763441037
1102	goal + feedback	4	100	-0.0808293870967743
1102	goal + feedback	4	150	-0.10450088709677445
1102	goal + feedback	4	200	-0.11195555376344113
1102	goal + feedback	4	250	-0.11195655376344112
1102	goal + feedback	4	300	-0.09878272043010779
1102	goal + feedback	4	350	-0.1242110537634411
1102	goal + feedback	4	400	-0.08806105376344113
1102	goal + feedback	4	450	-0.07800822043010765
1102	goal + feedback	4	500	-0.08220805376344109
1102	goal + feedback	4	550	-0.0082350537634411
1102	goal + feedback	4	600	0.04633894623655902
1102	goal + feedback	4	650	0.05445161290322561
1102	goal + feedback	4	700	0.06735411290322564
1102	goal + feedback	4	750	0.03134811290322559
1102	goal + feedback	4	800	0.003919446236558895
1102	goal + feedback	4	850	0.03439494623655892
1102	goal + feedback	4	900	0.03169044623655889
1102	goal + feedback	4	950	0.036978612903225606
1102	goal + feedback	4	1e3	0.024179279569892298
1102	goal + feedback	4	1050	0.0070607795698922615
1102	goal + feedback	4	1100	0.03828694623655893
1102	goal + feedback	4	1150	0.0701337795698922
1102	goal + feedback	5	-200	-0.0021883666666667376
1102	goal + feedback	5	-150	-0.006116700000000049
1102	goal + feedback	5	-100	0.014037466666666646
1102	goal + feedback	5	-50	-0.014940533333333375
1102	goal + feedback	5	0	0.009208133333333368
1102	goal + feedback	5	50	0.01425863333333329
1102	goal + feedback	5	100	0.028246466666666636
1102	goal + feedback	5	150	-0.023560533333333373
1102	goal + feedback	5	200	9.782999999998765e-4
1102	goal + feedback	5	250	-0.023635200000000117
1102	goal + feedback	5	300	-0.050980699999999914
1102	goal + feedback	5	350	-0.0690758666666668
1102	goal + feedback	5	400	-0.0642323666666668
1102	goal + feedback	5	450	-0.06645020000000001
1102	goal + feedback	5	500	-0.042633033333333424
1102	goal + feedback	5	550	-0.028113366666666712
1102	goal + feedback	5	600	0.03194713333333343
1102	goal + feedback	5	650	0.03745213333333323
1102	goal + feedback	5	700	0.07417913333333326
1102	goal + feedback	5	750	0.07672929999999993
1102	goal + feedback	5	800	0.11236046666666666
1102	goal + feedback	5	850	0.10584096666666658
1102	goal + feedback	5	900	0.11274963333333325
1102	goal + feedback	5	950	0.08227646666666666
1102	goal + feedback	5	1e3	0.13946096666666663
1102	goal + feedback	5	1050	NA
1102	goal + feedback	5	1100	NA
1102	goal + feedback	5	1150	-0.5574420333333334
1102	goal + feedback	6	-200	-0.01661947926267298
1102	goal + feedback	6	-150	-0.0016261935483872225
1102	goal + feedback	6	-100	-0.0018045268817204658
1102	goal + feedback	6	-50	6.608064516128535e-4
1102	goal + feedback	6	0	0.022159306451612792
1102	goal + feedback	6	50	-0.03525519354838721
1102	goal + feedback	6	100	-0.04503069354838729
1102	goal + feedback	6	150	-0.016555026881720575
1102	goal + feedback	6	200	-0.031167693548387183
1102	goal + feedback	6	250	-0.043208360215053844
1102	goal + feedback	6	300	-0.031670526881720486
1102	goal + feedback	6	350	-0.019457360215053916
1102	goal + feedback	6	400	0.013905639784946041
1102	goal + feedback	6	450	0.023492639784946052
1102	goal + feedback	6	500	0.06894147311827943
1102	goal + feedback	6	550	0.10392347311827943
1102	goal + feedback	6	600	0.15923563978494623
1102	goal + feedback	6	650	0.20421413978494618
1102	goal + feedback	6	700	0.25644930645161274
1102	goal + feedback	6	750	0.21855013978494608
1102	goal + feedback	6	800	NA
1102	goal + feedback	6	850	NA
1102	goal + feedback	6	900	NA
1102	goal + feedback	6	950	NA
1102	goal + feedback	6	1e3	NA
1102	goal + feedback	6	1050	NA
1102	goal + feedback	6	1100	NA
1102	goal + feedback	6	1150	NA
1102	goal + feedback	7	-200	-0.0021534930875578085
1102	goal + feedback	7	-150	0.017340102150537495
1102	goal + feedback	7	-100	-0.004536064516129113
1102	goal + feedback	7	-50	0.00975993548387079
1102	goal + feedback	7	0	-0.02243423118279586
1102	goal + feedback	7	50	-0.03766789784946245
1102	goal + feedback	7	100	-0.02096789784946244
1102	goal + feedback	7	150	0.004979102150537429
1102	goal + feedback	7	200	-0.026221397849462463
1102	goal + feedback	7	250	-0.03179556451612912
1102	goal + feedback	7	300	0.021184435483870834
1102	goal + feedback	7	350	0.0022061021505374403
1102	goal + feedback	7	400	-0.01681706451612926
1102	goal + feedback	7	450	-0.010293397849462593
1102	goal + feedback	7	500	0.042990602150537516
1102	goal + feedback	7	550	0.0750607688172041
1102	goal + feedback	7	600	0.11746810215053742
1102	goal + feedback	7	650	0.10811310215053749
1102	goal + feedback	7	700	NA
1102	goal + feedback	7	750	NA
1102	goal + feedback	7	800	NA
1102	goal + feedback	7	850	NA
1102	goal + feedback	7	900	NA
1102	goal + feedback	7	950	NA
1102	goal + feedback	7	1e3	NA
1102	goal + feedback	7	1050	NA
1102	goal + feedback	7	1100	0.21175893548387092
1102	goal + feedback	7	1150	0.2528551354838708
1102	goal + feedback	8	-200	-0.019281633333333215
1102	goal + feedback	8	-150	0.00195520000000012
1102	goal + feedback	8	-100	-0.01918779999999994
1102	goal + feedback	8	-50	0.013845533333333456
1102	goal + feedback	8	0	0.02266870000000017
1102	goal + feedback	8	50	0.03479886666666676
1102	goal + feedback	8	100	0.044910366666666666
1102	goal + feedback	8	150	0.05382669999999997
1102	goal + feedback	8	200	0.08024970000000005
1102	goal + feedback	8	250	0.0874435333333335
1102	goal + feedback	8	300	0.10181136666666668
1102	goal + feedback	8	350	0.11098203333333334
1102	goal + feedback	8	400	0.0858170333333333
1102	goal + feedback	8	450	0.09136003333333347
1102	goal + feedback	8	500	0.13621420000000017
1102	goal + feedback	8	550	0.15046786666666678
1102	goal + feedback	8	600	0.15035753333333335
1102	goal + feedback	8	650	0.1436508666666668
1102	goal + feedback	8	700	0.12185853333333352
1102	goal + feedback	8	750	NA
1102	goal + feedback	8	800	NA
1102	goal + feedback	8	850	NA
1102	goal + feedback	8	900	NA
1102	goal + feedback	8	950	NA
1102	goal + feedback	8	1e3	NA
1102	goal + feedback	8	1050	0.03915653333333324
1102	goal + feedback	8	1100	-0.0024192999999999762
1102	goal + feedback	8	1150	0.05787333333333331
1102	goal + feedback	9	-200	-6.002165898619793e-4
1102	goal + feedback	9	-150	0.012730854838709504
1102	goal + feedback	9	-100	0.007166854838709454
1102	goal + feedback	9	-50	-5.461451612905529e-4
1102	goal + feedback	9	0	-0.018651311827957207
1102	goal + feedback	9	50	-0.02239431182795726
1102	goal + feedback	9	100	-0.032755645161290405
1102	goal + feedback	9	150	-0.028105645161290587
1102	goal + feedback	9	200	-0.028304311827957267
1102	goal + feedback	9	250	-0.014345311827957286
1102	goal + feedback	9	300	-0.02057681182795723
1102	goal + feedback	9	350	5.308548387095158e-4
1102	goal + feedback	9	400	0.02497368817204282
1102	goal + feedback	9	450	0.0077113548387094015
1102	goal + feedback	9	500	0.018205854838709474
1102	goal + feedback	9	550	0.026694188172042832
1102	goal + feedback	9	600	0.029647854838709426
1102	goal + feedback	9	650	0.025021854838709556
1102	goal + feedback	9	700	-0.004713145161290584
1102	goal + feedback	9	750	-0.11620997849462393
1102	goal + feedback	9	800	-0.30254064516129064
1102	goal + feedback	9	850	NA
1102	goal + feedback	9	900	NA
1102	goal + feedback	9	950	NA
1102	goal + feedback	9	1e3	-0.5186016451612905
1102	goal + feedback	9	1050	-0.34551664516129066
1102	goal + feedback	9	1100	-0.07664835944700478
1102	goal + feedback	9	1150	-0.008529478494623932
1102	goal + feedback	10	-200	-0.048113261904761874
1102	goal + feedback	10	-150	NA
1102	goal + feedback	10	-100	NA
1102	goal + feedback	10	-50	0.07200027142857132
1102	goal + feedback	10	0	-0.03594359523809524
1102	goal + feedback	10	50	-0.02773626190476201
1102	goal + feedback	10	100	-0.02407976190476191
1102	goal + feedback	10	150	-0.01382642857142861
1102	goal + feedback	10	200	-7.224285714286053e-4
1102	goal + feedback	10	250	0.011835904761904622
1102	goal + feedback	10	300	0.03146473809523805
1102	goal + feedback	10	350	0.007771404761904706
1102	goal + feedback	10	400	-0.020133428571428597
1102	goal + feedback	10	450	-0.03307309523809517
1102	goal + feedback	10	500	0.004201238095238091
1102	goal + feedback	10	550	0.013341571428571397
1102	goal + feedback	10	600	0.024806571428571456
1102	goal + feedback	10	650	0.061778571428571315
1102	goal + feedback	10	700	0.09118657142857141
1102	goal + feedback	10	750	0.12571640476190474
1102	goal + feedback	10	800	0.12201490476190464
1102	goal + feedback	10	850	0.11320740476190472
1102	goal + feedback	10	900	0.14226257142857146
1102	goal + feedback	10	950	0.1528449047619047
1102	goal + feedback	10	1e3	0.14805057142857136
1102	goal + feedback	10	1050	0.1365844047619047
1102	goal + feedback	10	1100	0.12358357142857142
1102	goal + feedback	10	1150	0.08100323809523813
1102	goal + feedback	11	-200	-0.040190499999999796
1102	goal + feedback	11	-150	-0.02950033333333324
1102	goal + feedback	11	-100	0.003686666666666764
1102	goal + feedback	11	-50	0.015677833333333464
1102	goal + feedback	11	0	0.050326333333333396
1102	goal + feedback	11	50	0.05710900000000022
1102	goal + feedback	11	100	0.08855833333333345
1102	goal + feedback	11	150	0.07032850000000017
1102	goal + feedback	11	200	0.06576833333333343
1102	goal + feedback	11	250	0.04816900000000013
1102	goal + feedback	11	300	0.024262500000000076
1102	goal + feedback	11	350	0.027955500000000095
1102	goal + feedback	11	400	0.012843666666666772
1102	goal + feedback	11	450	0.03530850000000011
1102	goal + feedback	11	500	0.07020050000000018
1102	goal + feedback	11	550	0.07061733333333346
1102	goal + feedback	11	600	0.09298516666666685
1102	goal + feedback	11	650	0.1162228333333335
1102	goal + feedback	11	700	0.12097883333333348
1102	goal + feedback	11	750	0.11729433333333354
1102	goal + feedback	11	800	0.09923366666666673
1102	goal + feedback	11	850	0.08574266666666674
1102	goal + feedback	11	900	0.054800666666666796
1102	goal + feedback	11	950	0.037645833333333524
1102	goal + feedback	11	1e3	-0.041757428571428425
1102	goal + feedback	11	1050	-0.024042833333333197
1102	goal + feedback	11	1100	0.006817500000000143
1102	goal + feedback	11	1150	-2.573333333331836e-4
1102	goal + feedback	12	-200	0.015527341013824929
1102	goal + feedback	12	-150	0.007296317204301239
1102	goal + feedback	12	-100	-8.850161290320605e-4
1102	goal + feedback	12	-50	0.03641881720430118
1102	goal + feedback	12	0	-0.06094534946236537
1102	goal + feedback	12	50	-0.08553168279569874
1102	goal + feedback	12	100	-0.07865651612903209
1102	goal + feedback	12	150	-0.08991451612903216
1102	goal + feedback	12	200	-0.061732016129032084
1102	goal + feedback	12	250	-0.07145451612903216
1102	goal + feedback	12	300	-0.06359401612903211
1102	goal + feedback	12	350	-0.04456851612903212
1102	goal + feedback	12	400	-0.05703201612903208
1102	goal + feedback	12	450	-0.06104484946236551
1102	goal + feedback	12	500	-0.042273016129032115
1102	goal + feedback	12	550	-0.02919601612903211
1102	goal + feedback	12	600	0.015205150537634568
1102	goal + feedback	12	650	0.02263415053763455
1102	goal + feedback	12	700	-0.05482484946236547
1102	goal + feedback	12	750	NA
1102	goal + feedback	12	800	NA
1102	goal + feedback	12	850	NA
1102	goal + feedback	12	900	NA
1102	goal + feedback	12	950	-0.4172235161290323
1102	goal + feedback	12	1e3	-0.3272272661290322
1102	goal + feedback	12	1050	-0.002305849462365561
1102	goal + feedback	12	1100	-0.010789682795698807
1102	goal + feedback	12	1150	0.011357817204301254
1102	goal + feedback	13	-200	-0.02449322580645173
1102	goal + feedback	13	-150	-0.00615322580645176
1102	goal + feedback	13	-100	0.0010256075268816704
1102	goal + feedback	13	-50	0.009754440860214967
1102	goal + feedback	13	0	0.02394860752688155
1102	goal + feedback	13	50	0.029113774193548176
1102	goal + feedback	13	100	0.04677344086021488
1102	goal + feedback	13	150	0.05612094086021487
1102	goal + feedback	13	200	0.07043044086021492
1102	goal + feedback	13	250	0.05859060752688161
1102	goal + feedback	13	300	0.06777610752688161
1102	goal + feedback	13	350	0.08218610752688149
1102	goal + feedback	13	400	0.06634994086021491
1102	goal + feedback	13	450	0.08522510752688166
1102	goal + feedback	13	500	0.09895477419354837
1102	goal + feedback	13	550	0.12410510752688153
1102	goal + feedback	13	600	0.15075027419354825
1102	goal + feedback	13	650	0.15829677419354823
1102	goal + feedback	13	700	0.03451337419354825
1102	goal + feedback	13	750	NA
1102	goal + feedback	13	800	NA
1102	goal + feedback	13	850	NA
1102	goal + feedback	13	900	NA
1102	goal + feedback	13	950	NA
1102	goal + feedback	13	1e3	NA
1102	goal + feedback	13	1050	NA
1102	goal + feedback	13	1100	NA
1102	goal + feedback	13	1150	NA
1102	goal + feedback	14	-200	0.04391926728110602
1102	goal + feedback	14	-150	0.021785338709677287
1102	goal + feedback	14	-100	-0.006496827956989248
1102	goal + feedback	14	-50	-0.031092827956989238
1102	goal + feedback	14	0	-0.03543482795698923
1102	goal + feedback	14	50	-0.01704449462365587
1102	goal + feedback	14	100	-0.005256494623655961
1102	goal + feedback	14	150	0.007405672043010754
1102	goal + feedback	14	200	0.03208750537634408
1102	goal + feedback	14	250	0.05047317204301064
1102	goal + feedback	14	300	0.05004633870967745
1102	goal + feedback	14	350	0.07045217204301084
1102	goal + feedback	14	400	0.0941361720430108
1102	goal + feedback	14	450	0.12974750537634402
1102	goal + feedback	14	500	0.16826433870967739
1102	goal + feedback	14	550	0.18394467204301082
1102	goal + feedback	14	600	0.22583567204301072
1102	goal + feedback	14	650	0.23854367204301083
1102	goal + feedback	14	700	0.24275367204301065
1102	goal + feedback	14	750	0.20790500537634413
1102	goal + feedback	14	800	0.16745400537634403
1102	goal + feedback	14	850	0.14856550537634408
1102	goal + feedback	14	900	0.11315533870967731
1102	goal + feedback	14	950	0.10418467204301078
1102	goal + feedback	14	1e3	0.07545900537634413
1102	goal + feedback	14	1050	0.06955367204301077
1102	goal + feedback	14	1100	0.054832172043010795
1102	goal + feedback	14	1150	0.05080233870967743
1102	goal + feedback	15	-200	-0.0021881520737326377
1102	goal + feedback	15	-150	-0.011591913978494425
1102	goal + feedback	15	-100	-0.0010920806451612346
1102	goal + feedback	15	-50	0.017266752688172165
1102	goal + feedback	15	0	-0.002029913978494576
1102	goal + feedback	15	50	0.019992752688172244
1102	goal + feedback	15	100	0.026998252688172093
1102	goal + feedback	15	150	0.04336991935483884
1102	goal + feedback	15	200	0.06165691935483878
1102	goal + feedback	15	250	0.08897375268817213
1102	goal + feedback	15	300	0.0995847526881722
1102	goal + feedback	15	350	0.1291062526881721
1102	goal + feedback	15	400	0.14702358602150553
1102	goal + feedback	15	450	0.1584760860215054
1102	goal + feedback	15	500	0.17723925268817217
1102	goal + feedback	15	550	0.21031708602150548
1102	goal + feedback	15	600	0.24692325268817217
1102	goal + feedback	15	650	0.2628145860215055
1102	goal + feedback	15	700	0.26145241935483887
1102	goal + feedback	15	750	0.2275404193548387
1102	goal + feedback	15	800	0.09158441935483896
1102	goal + feedback	15	850	NA
1102	goal + feedback	15	900	NA
1102	goal + feedback	15	950	NA
1102	goal + feedback	15	1e3	NA
1102	goal + feedback	15	1050	NA
1102	goal + feedback	15	1100	NA
1102	goal + feedback	15	1150	NA
1102	goal + feedback	16	-200	-0.025134009216589766
1102	goal + feedback	16	-150	-0.023427413978494533
1102	goal + feedback	16	-100	0.01688941935483886
1102	goal + feedback	16	-50	0.02632191935483874
1102	goal + feedback	16	0	0.009539086021505364
1102	goal + feedback	16	50	0.07978558602150547
1102	goal + feedback	16	100	0.07275125268817217
1102	goal + feedback	16	150	0.08007541935483882
1102	goal + feedback	16	200	0.1090232526881721
1102	goal + feedback	16	250	0.09360291935483873
1102	goal + feedback	16	300	0.0986470860215054
1102	goal + feedback	16	350	0.09350091935483884
1102	goal + feedback	16	400	0.10647358602150551
1102	goal + feedback	16	450	0.1118830860215055
1102	goal + feedback	16	500	0.15835325268817213
1102	goal + feedback	16	550	0.17607458602150547
1102	goal + feedback	16	600	0.21612691935483866
1102	goal + feedback	16	650	0.2535825860215055
1102	goal + feedback	16	700	0.28953675268817203
1102	goal + feedback	16	750	0.26303758602150545
1102	goal + feedback	16	800	0.28614975268817217
1102	goal + feedback	16	850	0.2748349193548388
1102	goal + feedback	16	900	0.267072752688172
1102	goal + feedback	16	950	0.24531058602150546
1102	goal + feedback	16	1e3	0.23531725268817208
1102	goal + feedback	16	1050	0.2708142526881721
1102	goal + feedback	16	1100	0.2608129193548388
1102	goal + feedback	16	1150	0.27442491935483876
1102	goal + feedback	17	-200	-0.00459131797235005
1102	goal + feedback	17	-150	0.0035416344086023344
1102	goal + feedback	17	-100	-0.01504069892473107
1102	goal + feedback	17	-50	0.010891801075268917
1102	goal + feedback	17	0	0.005963801075268875
1102	goal + feedback	17	50	0.06275046774193564
1102	goal + feedback	17	100	0.05672280107526902
1102	goal + feedback	17	150	0.04847830107526896
1102	goal + feedback	17	200	0.06792180107526906
1102	goal + feedback	17	250	0.03818646774193568
1102	goal + feedback	17	300	0.016005134408602295
1102	goal + feedback	17	350	-0.005906532258064405
1102	goal + feedback	17	400	-0.013179865591397647
1102	goal + feedback	17	450	-0.06674419892473098
1102	goal + feedback	17	500	-0.0631725322580643
1102	goal + feedback	17	550	-0.05557136559139771
1102	goal + feedback	17	600	-0.050011532258064394
1102	goal + feedback	17	650	-0.050980198924730935
1102	goal + feedback	17	700	-0.042711032258064385
1102	goal + feedback	17	750	-0.02702319892473093
1102	goal + feedback	17	800	-0.0668091989247311
1102	goal + feedback	17	850	-0.11001019892473107
1102	goal + feedback	17	900	-0.10714986559139768
1102	goal + feedback	17	950	-0.11098536559139764
1102	goal + feedback	17	1e3	-0.11771103225806434
1102	goal + feedback	17	1050	-0.11095536559139774
1102	goal + feedback	17	1100	-0.09035736559139769
1102	goal + feedback	17	1150	-0.07821703225806442
1102	goal + feedback	19	-200	0.019783025641025558
1102	goal + feedback	19	-150	-0.04747997435897452
1102	goal + feedback	19	-100	0.16618169230769242
1102	goal + feedback	19	-50	NA
1102	goal + feedback	19	0	NA
1102	goal + feedback	19	50	-0.09880364102564121
1102	goal + feedback	19	100	-0.06286650769230792
1102	goal + feedback	19	150	-0.08077697435897442
1102	goal + feedback	19	200	-0.09770530769230779
1102	goal + feedback	19	250	-0.07652247435897452
1102	goal + feedback	19	300	-0.08416297435897446
1102	goal + feedback	19	350	-0.08810114102564115
1102	goal + feedback	19	400	-0.09190497435897453
1102	goal + feedback	19	450	-0.10208447435897454
1102	goal + feedback	19	500	-0.08316714102564123
1102	goal + feedback	19	550	-0.09529014102564111
1102	goal + feedback	19	600	-0.07293014102564117
1102	goal + feedback	19	650	-0.058322474358974453
1102	goal + feedback	19	700	-0.022342307692307717
1102	goal + feedback	19	750	0.018264025641025583
1102	goal + feedback	19	800	0.034195692307692115
1102	goal + feedback	19	850	0.03299385897435888
1102	goal + feedback	19	900	0.07447019230769225
1102	goal + feedback	19	950	0.04628452564102559
1102	goal + feedback	19	1e3	0.006573192307692155
1102	goal + feedback	19	1050	-0.016176641025641054
1102	goal + feedback	19	1100	-0.03187097435897446
1102	goal + feedback	19	1150	-0.0338411410256411
1102	goal + feedback	20	-200	-0.020304336405530168
1102	goal + feedback	20	-150	-0.003296026881720593
1102	goal + feedback	20	-100	0.005440806451612638
1102	goal + feedback	20	-50	0.013659473118279383
1102	goal + feedback	20	0	0.00788413978494599
1102	goal + feedback	20	50	0.011836139784945946
1102	goal + feedback	20	100	0.018911806451612723
1102	goal + feedback	20	150	0.017554973118279287
1102	goal + feedback	20	200	0.02002813978494607
1102	goal + feedback	20	250	0.01762147311827948
1102	goal + feedback	20	300	0.020559473118279437
1102	goal + feedback	20	350	0.010593473118279295
1102	goal + feedback	20	400	0.013428639784946128
1102	goal + feedback	20	450	-0.0011283602150539511
1102	goal + feedback	20	500	0.023560806451612775
1102	goal + feedback	20	550	0.06592463978494593
1102	goal + feedback	20	600	0.06248013978494608
1102	goal + feedback	20	650	0.11757997311827932
1102	goal + feedback	20	700	0.10603780645161276
1102	goal + feedback	20	750	NA
1102	goal + feedback	20	800	NA
1102	goal + feedback	20	850	NA
1102	goal + feedback	20	900	NA
1102	goal + feedback	20	950	0.05004230645161267
1102	goal + feedback	20	1e3	0.002673973118279364
1102	goal + feedback	20	1050	0.06326380645161274
1102	goal + feedback	20	1100	0.065414139784946
1102	goal + feedback	20	1150	0.11030530645161263
1102	goal + feedback	21	-200	0.0014323333333332577
1102	goal + feedback	21	-150	0.0035889999999999165
1102	goal + feedback	21	-100	0.013525999999999852
1102	goal + feedback	21	-50	4.921666666664789e-4
1102	goal + feedback	21	0	-0.016319571428571576
1102	goal + feedback	21	50	-0.056009666666666735
1102	goal + feedback	21	100	-0.09203483333333347
1102	goal + feedback	21	150	-0.15290466666666677
1102	goal + feedback	21	200	-0.13743450000000004
1102	goal + feedback	21	250	-0.1731640000000001
1102	goal + feedback	21	300	-0.2019903333333335
1102	goal + feedback	21	350	-0.21948783333333344
1102	goal + feedback	21	400	-0.21408050000000012
1102	goal + feedback	21	450	-0.22555450000000002
1102	goal + feedback	21	500	-0.21315250000000008
1102	goal + feedback	21	550	-0.18952466666666679
1102	goal + feedback	21	600	-0.15399166666666675
1102	goal + feedback	21	650	-0.13013600000000003
1102	goal + feedback	21	700	-0.06957066666666674
1102	goal + feedback	21	750	-0.03137450000000001
1102	goal + feedback	21	800	-0.029784000000000182
1102	goal + feedback	21	850	-0.0447700000000002
1102	goal + feedback	21	900	-0.04360350000000013
1102	goal + feedback	21	950	-0.0018188333333335471
1102	goal + feedback	21	1e3	0.06164666666666663
1102	goal + feedback	21	1050	0.06249383333333328
1102	goal + feedback	21	1100	0.062335333333333263
1102	goal + feedback	21	1150	0.08590633333333327
1102	goal + feedback	22	-200	0.04619458064516139
1102	goal + feedback	22	-150	0.025735913978494656
1102	goal + feedback	22	-100	-3.399193548387173e-4
1102	goal + feedback	22	-50	-0.01435775268817204
1102	goal + feedback	22	0	-0.06493191935483862
1102	goal + feedback	22	50	-0.1133755860215054
1102	goal + feedback	22	100	-0.16381925268817196
1102	goal + feedback	22	150	-0.19290308602150544
1102	goal + feedback	22	200	-0.21389858602150533
1102	goal + feedback	22	250	-0.24829825268817207
1102	goal + feedback	22	300	-0.23388741935483867
1102	goal + feedback	22	350	-0.23488775268817186
1102	goal + feedback	22	400	-0.2309115860215054
1102	goal + feedback	22	450	-0.20956975268817213
1102	goal + feedback	22	500	-0.203162752688172
1102	goal + feedback	22	550	-0.15602041935483876
1102	goal + feedback	22	600	-0.12075508602150535
1102	goal + feedback	22	650	-0.06784291935483866
1102	goal + feedback	22	700	-0.04111541935483872
1102	goal + feedback	22	750	-0.014004752688171992
1102	goal + feedback	22	800	-0.008257752688172046
1102	goal + feedback	22	850	-0.016886086021505358
1102	goal + feedback	22	900	-0.022801752688171934
1102	goal + feedback	22	950	-0.03848441935483867
1102	goal + feedback	22	1e3	-0.02262558602150529
1102	goal + feedback	22	1050	0.008640413978494651
1102	goal + feedback	22	1100	0.0018464139784946099
1102	goal + feedback	22	1150	-0.0033252526881720388
1102	goal + feedback	23	-200	2.0300921659011095e-4
1102	goal + feedback	23	-150	-0.0043462526881718295
1102	goal + feedback	23	-100	0.014861747311828136
1102	goal + feedback	23	-50	-0.001209086021505194
1102	goal + feedback	23	0	-0.009543252688171874
1102	goal + feedback	23	50	-0.04753208602150516
1102	goal + feedback	23	100	-0.057649586021505085
1102	goal + feedback	23	150	-0.08727641935483854
1102	goal + feedback	23	200	-0.11222175268817185
1102	goal + feedback	23	250	-0.1180910860215052
1102	goal + feedback	23	300	-0.12459341935483852
1102	goal + feedback	23	350	-0.10380858602150522
1102	goal + feedback	23	400	-0.0919890860215052
1102	goal + feedback	23	450	-0.06725141935483843
1102	goal + feedback	23	500	-0.027199586021505146
1102	goal + feedback	23	550	0.009551580645161595
1102	goal + feedback	23	600	0.044988580645161536
1102	goal + feedback	23	650	0.09735074731182809
1102	goal + feedback	23	700	0.12383208064516153
1102	goal + feedback	23	750	0.13300508064516156
1102	goal + feedback	23	800	0.13060824731182827
1102	goal + feedback	23	850	0.13253908064516148
1102	goal + feedback	23	900	0.1301974139784948
1102	goal + feedback	23	950	0.1318169139784949
1102	goal + feedback	23	1e3	0.1308042473118282
1102	goal + feedback	23	1050	0.1514702473118282
1102	goal + feedback	23	1100	0.13049508064516155
1102	goal + feedback	23	1150	0.11119358064516145
1102	goal + feedback	24	-200	0.03272364516129026
1102	goal + feedback	24	-150	0.0031548118279570345
1102	goal + feedback	24	-100	-0.012358521505376382
1102	goal + feedback	24	-50	-0.006422188172042986
1102	goal + feedback	24	0	-0.022551688172042967
1102	goal + feedback	24	50	-0.013335521505376313
1102	goal + feedback	24	100	-0.02626685483870957
1102	goal + feedback	24	150	-0.044172521505376316
1102	goal + feedback	24	200	-0.03244218817204292
1102	goal + feedback	24	250	-0.023228521505376243
1102	goal + feedback	24	300	-0.027723854838709688
1102	goal + feedback	24	350	-0.026853021505376235
1102	goal + feedback	24	400	0.01666697849462369
1102	goal + feedback	24	450	0.020345145161290306
1102	goal + feedback	24	500	0.01740881182795695
1102	goal + feedback	24	550	0.033518478494623714
1102	goal + feedback	24	600	0.08254647849462371
1102	goal + feedback	24	650	0.12393197849462363
1102	goal + feedback	24	700	0.14649631182795697
1102	goal + feedback	24	750	0.14242214516129037
1102	goal + feedback	24	800	0.13797647849462372
1102	goal + feedback	24	850	0.14446747849462369
1102	goal + feedback	24	900	0.13069714516129038
1102	goal + feedback	24	950	0.12724797849462366
1102	goal + feedback	24	1e3	0.12341181182795709
1102	goal + feedback	24	1050	0.08789814516129035
1102	goal + feedback	24	1100	0.07355864516129033
1102	goal + feedback	24	1150	0.06631997849462372
1102	goal + feedback	25	-200	0.02159956221198137
1102	goal + feedback	25	-150	0.01713958602150519
1102	goal + feedback	25	-100	-0.01197741397849487
1102	goal + feedback	25	-50	-0.011008913978494869
1102	goal + feedback	25	0	-0.019352747311828084
1102	goal + feedback	25	50	-0.027349580645161502
1102	goal + feedback	25	100	-0.006410413978494771
1102	goal + feedback	25	150	0.0025217526881717856
1102	goal + feedback	25	200	-0.002329747311828075
1102	goal + feedback	25	250	0.008593252688171793
1102	goal + feedback	25	300	-0.0070047473118280594
1102	goal + feedback	25	350	0.023700419354838614
1102	goal + feedback	25	400	0.05185675268817184
1102	goal + feedback	25	450	0.08379591935483854
1102	goal + feedback	25	500	0.10798341935483842
1102	goal + feedback	25	550	0.12329441935483858
1102	goal + feedback	25	600	0.16847875268817183
1102	goal + feedback	25	650	0.08555916935483843
1102	goal + feedback	25	700	NA
1102	goal + feedback	25	750	NA
1102	goal + feedback	25	800	0.18589708602150523
1102	goal + feedback	25	850	-0.032185580645161416
1102	goal + feedback	25	900	NA
1102	goal + feedback	25	950	NA
1102	goal + feedback	25	1e3	0.1828510193548385
1102	goal + feedback	25	1050	0.1859392526881718
1102	goal + feedback	25	1100	0.17805725268817177
1102	goal + feedback	25	1150	0.12698225268817187
1102	goal + feedback	26	-200	-0.015861500000000046
1102	goal + feedback	26	-150	-0.007874333333333169
1102	goal + feedback	26	-100	-7.673333333333421e-4
1102	goal + feedback	26	-50	0.0070710000000000495
1102	goal + feedback	26	0	0.017432166666666804
1102	goal + feedback	26	50	0.02807433333333346
1102	goal + feedback	26	100	0.016356166666666727
1102	goal + feedback	26	150	0.028060000000000123
1102	goal + feedback	26	200	0.036880166666666714
1102	goal + feedback	26	250	0.042001333333333335
1102	goal + feedback	26	300	0.08406116666666685
1102	goal + feedback	26	350	0.07254450000000001
1102	goal + feedback	26	400	0.05423316666666674
1102	goal + feedback	26	450	0.02583750000000003
1102	goal + feedback	26	500	-0.014494999999999925
1102	goal + feedback	26	550	-0.024122833333333277
1102	goal + feedback	26	600	-0.0277986666666666
1102	goal + feedback	26	650	-0.009728833333333261
1102	goal + feedback	26	700	0.0011088333333334106
1102	goal + feedback	26	750	-0.010773333333333227
1102	goal + feedback	26	800	0.3929166666666668
1102	goal + feedback	26	850	NA
1102	goal + feedback	26	900	NA
1102	goal + feedback	26	950	0.27474466666666686
1102	goal + feedback	26	1e3	0.031677666666666715
1102	goal + feedback	26	1050	0.024171166666666632
1102	goal + feedback	26	1100	NA
1102	goal + feedback	26	1150	NA
1102	goal + feedback	27	-200	0.016922290322580684
1102	goal + feedback	27	-150	0.010067956989247303
1102	goal + feedback	27	-100	0.004368956989247182
1102	goal + feedback	27	-50	-0.014765543010752799
1102	goal + feedback	27	0	-0.019414043010752707
1102	goal + feedback	27	50	-0.06240370967741948
1102	goal + feedback	27	100	NA
1102	goal + feedback	27	150	NA
1102	goal + feedback	27	200	-0.023239043010752674
1102	goal + feedback	27	250	-0.012381543010752782
1102	goal + feedback	27	300	-0.030645376344086
1102	goal + feedback	27	350	-0.016688876344086
1102	goal + feedback	27	400	-0.007557876344085927
1102	goal + feedback	27	450	0.005663290322580616
1102	goal + feedback	27	500	0.02616879032258061
1102	goal + feedback	27	550	0.0341716236559139
1102	goal + feedback	27	600	0.05572629032258066
1102	goal + feedback	27	650	0.08541395698924714
1102	goal + feedback	27	700	0.07998845698924735
1102	goal + feedback	27	750	0.06550512365591395
1102	goal + feedback	27	800	0.07501895698924728
1102	goal + feedback	27	850	0.0912018903225805
1102	goal + feedback	27	900	NA
1102	goal + feedback	27	950	NA
1102	goal + feedback	27	1e3	0.22184229032258052
1102	goal + feedback	27	1050	0.21423995698924733
1102	goal + feedback	27	1100	0.2655632903225806
1102	goal + feedback	27	1150	0.3036272903225807
1102	goal + feedback	28	-200	-0.003379966666666586
1102	goal + feedback	28	-150	-0.017611299999999996
1102	goal + feedback	28	-100	0.01677520000000003
1102	goal + feedback	28	-50	0.010956533333333388
1102	goal + feedback	28	0	-0.006740466666666685
1102	goal + feedback	28	50	0.012499033333333317
1102	goal + feedback	28	100	0.02706536666666663
1102	goal + feedback	28	150	0.022869033333333382
1102	goal + feedback	28	200	0.034450199999999986
1102	goal + feedback	28	250	0.053651033333333396
1102	goal + feedback	28	300	0.06373736666666667
1102	goal + feedback	28	350	0.05077619999999997
1102	goal + feedback	28	400	0.06278136666666678
1102	goal + feedback	28	450	0.10003920000000004
1102	goal + feedback	28	500	0.11906003333333322
1102	goal + feedback	28	550	0.13776736666666678
1102	goal + feedback	28	600	0.16012703333333334
1102	goal + feedback	28	650	0.1845692000000001
1102	goal + feedback	28	700	0.22984803333333334
1102	goal + feedback	28	750	0.24904536666666677
1102	goal + feedback	28	800	0.13441786666666689
1102	goal + feedback	28	850	NA
1102	goal + feedback	28	900	0.22059286666666678
1102	goal + feedback	28	950	0.22265103333333328
1102	goal + feedback	28	1e3	0.20340036666666683
1102	goal + feedback	28	1050	NA
1102	goal + feedback	28	1100	NA
1102	goal + feedback	28	1150	0.1756038666666666
1102	goal + feedback	29	-200	-0.0033692580645162196
1102	goal + feedback	29	-150	0.005665075268817136
1102	goal + feedback	29	-100	0.010676908602150611
1102	goal + feedback	29	-50	0.005257908602150474
1102	goal + feedback	29	0	-0.01766909139784952
1102	goal + feedback	29	50	-0.01255392473118285
1102	goal + feedback	29	100	-0.01545709139784949
1102	goal + feedback	29	150	-0.018677258064516183
1102	goal + feedback	29	200	-0.0302757580645161
1102	goal + feedback	29	250	-0.023754058064516227
1102	goal + feedback	29	300	-0.03558768663594484
1102	goal + feedback	29	350	-0.03277675806451611
1102	goal + feedback	29	400	0.021129241935483822
1102	goal + feedback	29	450	0.0219460752688172
1102	goal + feedback	29	500	-5.809247311828377e-4
1102	goal + feedback	29	550	0.04380540860215043
1102	goal + feedback	29	600	0.07748924193548386
1102	goal + feedback	29	650	0.09358240860215046
1102	goal + feedback	29	700	0.09384657526881719
1102	goal + feedback	29	750	-0.015985258064516117
1102	goal + feedback	29	800	NA
1102	goal + feedback	29	850	NA
1102	goal + feedback	29	900	0.06035874193548381
1102	goal + feedback	29	950	0.04626657526881709
1102	goal + feedback	29	1e3	0.014864741935483853
1102	goal + feedback	29	1050	0.027582908602150475
1102	goal + feedback	29	1100	0.05255874193548382
1102	goal + feedback	29	1150	0.05704707526881717
1102	goal + feedback	30	-200	-0.03850227188940097
1102	goal + feedback	30	-150	-0.005116629032258106
1102	goal + feedback	30	-100	0.01834537096774184
1102	goal + feedback	30	-50	0.04366253763440849
1102	goal + feedback	30	0	-0.011971962365591468
1102	goal + feedback	30	50	-0.09793532903225817
1102	goal + feedback	30	100	2.1087096774188296e-4
1102	goal + feedback	30	150	-0.021353795698924777
1102	goal + feedback	30	200	-0.05275479569892486
1102	goal + feedback	30	250	NA
1102	goal + feedback	30	300	NA
1102	goal + feedback	30	350	-0.023918129032258168
1102	goal + feedback	30	400	-0.04163112903225811
1102	goal + feedback	30	450	-0.03778679569892485
1102	goal + feedback	30	500	-0.02845579569892472
1102	goal + feedback	30	550	-0.014142129032258163
1102	goal + feedback	30	600	-0.00298079569892488
1102	goal + feedback	30	650	0.031397870967741826
1102	goal + feedback	30	700	0.05970153763440855
1102	goal + feedback	30	750	0.1255453709677418
1102	goal + feedback	30	800	0.13817453763440857
1102	goal + feedback	30	850	0.16350220430107512
1102	goal + feedback	30	900	0.14918420430107515
1102	goal + feedback	30	950	0.13569120430107517
1102	goal + feedback	30	1e3	0.13576253763440857
1102	goal + feedback	30	1050	0.09917787096774178
1102	goal + feedback	30	1100	0.07596520430107508
1102	goal + feedback	30	1150	0.03362420430107527
1102	goal + feedback	31	-200	0.005937525345622229
1102	goal + feedback	31	-150	-0.0035180698924729046
1102	goal + feedback	31	-100	0.02404409677419365
1102	goal + feedback	31	-50	0.005931596774193674
1102	goal + feedback	31	0	-0.033384736559139684
1102	goal + feedback	31	50	-0.020203069892472964
1102	goal + feedback	31	100	-0.033528569892472916
1102	goal + feedback	31	150	-0.02863806989247301
1102	goal + feedback	31	200	-6.740698924730578e-4
1102	goal + feedback	31	250	0.004181930107527061
1102	goal + feedback	31	300	0.033826263440860295
1102	goal + feedback	31	350	0.004896930107527083
1102	goal + feedback	31	400	0.06371793010752695
1102	goal + feedback	31	450	0.09357009677419363
1102	goal + feedback	31	500	0.12802776344086034
1102	goal + feedback	31	550	0.09724293010752698
1102	goal + feedback	31	600	0.1351720967741937
1102	goal + feedback	31	650	0.1394515967741936
1102	goal + feedback	31	700	0.15527609677419366
1102	goal + feedback	31	750	0.149611430107527
1102	goal + feedback	31	800	-0.05979640322580637
1102	goal + feedback	31	850	NA
1102	goal + feedback	31	900	NA
1102	goal + feedback	31	950	NA
1102	goal + feedback	31	1e3	-0.07150770322580638
1102	goal + feedback	31	1050	NA
1102	goal + feedback	31	1100	NA
1102	goal + feedback	31	1150	0.0894645967741936
1102	goal + feedback	32	-200	-0.0024299354838711227
1102	goal + feedback	32	-150	-0.01027210215053794
1102	goal + feedback	32	-100	0.022721397849462182
1102	goal + feedback	32	-50	0.0056717311827955514
1102	goal + feedback	32	0	-0.013449506912442542
1102	goal + feedback	32	50	-0.01621613548387115
1102	goal + feedback	32	100	-0.058441364055299684
1102	goal + feedback	32	150	-0.12807276881720445
1102	goal + feedback	32	200	-0.13215760215053782
1102	goal + feedback	32	250	-0.18222210215053783
1102	goal + feedback	32	300	-0.18072560215053776
1102	goal + feedback	32	350	-0.19152526881720452
1102	goal + feedback	32	400	-0.18463526881720446
1102	goal + feedback	32	450	-0.17833743548387115
1102	goal + feedback	32	500	-0.15833626881720445
1102	goal + feedback	32	550	-0.14506776881720448
1102	goal + feedback	32	600	-0.10736176881720445
1102	goal + feedback	32	650	-0.06595943548387113
1102	goal + feedback	32	700	-0.05278143548387115
1102	goal + feedback	32	750	-0.09029813548387108
1102	goal + feedback	32	800	NA
1102	goal + feedback	32	850	NA
1102	goal + feedback	32	900	NA
1102	goal + feedback	32	950	NA
1102	goal + feedback	32	1e3	-0.16757393548387123
1102	goal + feedback	32	1050	-0.20593943548387106
1102	goal + feedback	32	1100	-0.01645779262672826
1102	goal + feedback	32	1150	-0.006512435483871111
1102	goal + feedback	33	-200	0.020836709677419574
1102	goal + feedback	33	-150	0.018490209677419545
1102	goal + feedback	33	-100	-0.01819512365591384
1102	goal + feedback	33	-50	-0.007311123655913798
1102	goal + feedback	33	0	-0.017293456989247186
1102	goal + feedback	33	50	-0.03465895698924711
1102	goal + feedback	33	100	-0.03732529032258047
1102	goal + feedback	33	150	-0.021393790322580486
1102	goal + feedback	33	200	-0.020179790322580438
1102	goal + feedback	33	250	-0.003289290322580518
1102	goal + feedback	33	300	0.042527209677419485
1102	goal + feedback	33	350	0.038703209677419435
1102	goal + feedback	33	400	0.053328709677419615
1102	goal + feedback	33	450	0.02613520967741952
1102	goal + feedback	33	500	0.045920043010752844
1102	goal + feedback	33	550	0.07125237634408614
1102	goal + feedback	33	600	0.1265078763440861
1102	goal + feedback	33	650	0.10633104301075276
1102	goal + feedback	33	700	0.11182837634408622
1102	goal + feedback	33	750	0.05641570967741938
1102	goal + feedback	33	800	0.03892854301075288
1102	goal + feedback	33	850	0.009157209677419509
1102	goal + feedback	33	900	-0.02735879032258041
1102	goal + feedback	33	950	-0.021953956989247143
1102	goal + feedback	33	1e3	-0.07834495698924722
1102	goal + feedback	33	1050	-0.08629879032258048
1102	goal + feedback	33	1100	-0.08335295698924712
1102	goal + feedback	33	1150	-0.0714174569892471
1102	goal + feedback	34	-200	NA
1102	goal + feedback	34	-150	NA
1102	goal + feedback	34	-100	NA
1102	goal + feedback	34	-50	0.02327978571428546
1102	goal + feedback	34	0	-0.009311914285714363
1102	goal + feedback	34	50	-0.05049071428571444
1102	goal + feedback	34	100	-0.057586380952381035
1102	goal + feedback	34	150	-0.07461604761904768
1102	goal + feedback	34	200	-0.09795771428571443
1102	goal + feedback	34	250	-0.1038968809523811
1102	goal + feedback	34	300	-0.09081188095238102
1102	goal + feedback	34	350	-0.11972254761904762
1102	goal + feedback	34	400	-0.13327871428571436
1102	goal + feedback	34	450	-0.08327811428571437
1102	goal + feedback	34	500	-0.06257700000000004
1102	goal + feedback	34	550	-0.09626354761904765
1102	goal + feedback	34	600	-0.04112654761904766
1102	goal + feedback	34	650	0.010159285714285593
1102	goal + feedback	34	700	-0.0223472142857144
1102	goal + feedback	34	750	NA
1102	goal + feedback	34	800	NA
1102	goal + feedback	34	850	0.12301128571428555
1102	goal + feedback	34	900	0.04935257142857135
1102	goal + feedback	34	950	0.011051785714285556
1102	goal + feedback	34	1e3	0.004515619047618991
1102	goal + feedback	34	1050	0.042902619047619016
1102	goal + feedback	34	1100	0.08289245238095222
1102	goal + feedback	34	1150	0.12384878571428559
1102	goal + feedback	35	-200	-0.026757502304147467
1102	goal + feedback	35	-150	-0.02006197849462373
1102	goal + feedback	35	-100	0.007216021505376258
1102	goal + feedback	35	-50	0.015025021505376287
1102	goal + feedback	35	0	0.02903802150537634
1102	goal + feedback	35	50	0.03223118817204296
1102	goal + feedback	35	100	0.038579021505376364
1102	goal + feedback	35	150	0.033825521505376356
1102	goal + feedback	35	200	0.047596854838709644
1102	goal + feedback	35	250	0.048265521505376295
1102	goal + feedback	35	300	0.06435185483870957
1102	goal + feedback	35	350	0.07164718817204292
1102	goal + feedback	35	400	0.07107352150537616
1102	goal + feedback	35	450	0.04600818817204296
1102	goal + feedback	35	500	0.03944268817204296
1102	goal + feedback	35	550	0.015105188172042908
1102	goal + feedback	35	600	0.020955854838709653
1102	goal + feedback	35	650	0.039320854838709694
1102	goal + feedback	35	700	0.04259935483870958
1102	goal + feedback	35	750	0.030352354838709534
1102	goal + feedback	35	800	0.04379102150537636
1102	goal + feedback	35	850	0.05303368817204287
1102	goal + feedback	35	900	0.01664368817204302
1102	goal + feedback	35	950	-0.004752145161290411
1102	goal + feedback	35	1e3	-0.031010145161290376
1102	goal + feedback	35	1050	-0.03695514516129047
1102	goal + feedback	35	1100	-0.060334811827957045
1102	goal + feedback	35	1150	-0.054630145161290423
1102	goal + feedback	36	-200	-0.07246626728110613
1102	goal + feedback	36	-150	0.008091327956989044
1102	goal + feedback	36	-100	0.019864327956989152
1102	goal + feedback	36	-50	0.030857327956989106
1102	goal + feedback	36	0	0.02573099462365569
1102	goal + feedback	36	50	0.012459327956989194
1102	goal + feedback	36	100	-0.018835672043010954
1102	goal + feedback	36	150	-0.06023950537634426
1102	goal + feedback	36	200	-0.11216667204301085
1102	goal + feedback	36	250	-0.08875050537634421
1102	goal + feedback	36	300	-0.09723683870967752
1102	goal + feedback	36	350	-0.08340467204301098
1102	goal + feedback	36	400	-0.06764783870967757
1102	goal + feedback	36	450	-0.03495700537634424
1102	goal + feedback	36	500	-0.01605683870967763
1102	goal + feedback	36	550	0.01657616129032243
1102	goal + feedback	36	600	0.03277932795698916
1102	goal + feedback	36	650	0.04737066129032241
1102	goal + feedback	36	700	0.08505082795698919
1102	goal + feedback	36	750	0.045193994623655774
1102	goal + feedback	36	800	0.06363666129032246
1102	goal + feedback	36	850	0.029420827956989044
1102	goal + feedback	36	900	0.0019779946236558508
1102	goal + feedback	36	950	-0.02749650537634422
1102	goal + feedback	36	1e3	-0.03796683870967751
1102	goal + feedback	36	1050	-0.0432841720430109
1102	goal + feedback	36	1100	-0.07365200537634409
1102	goal + feedback	36	1150	-0.06360550537634424
1102	goal + feedback	37	-200	-0.05042593333333323
1102	goal + feedback	37	-150	-0.02770293333333318
1102	goal + feedback	37	-100	0.009960566666666745
1102	goal + feedback	37	-50	0.00985690000000002
1102	goal + feedback	37	0	0.05831140000000009
1102	goal + feedback	37	50	0.05536173333333346
1102	goal + feedback	37	100	0.034978733333333345
1102	goal + feedback	37	150	0.047731066666666745
1102	goal + feedback	37	200	0.038858733333333374
1102	goal + feedback	37	250	0.032924042857142996
1102	goal + feedback	37	300	0.04098373333333338
1102	goal + feedback	37	350	0.05840310000000013
1102	goal + feedback	37	400	0.045104471428571546
1102	goal + feedback	37	450	0.06331940000000014
1102	goal + feedback	37	500	0.0685799000000001
1102	goal + feedback	37	550	0.08823623333333346
1102	goal + feedback	37	600	0.12195723333333341
1102	goal + feedback	37	650	0.16554723333333343
1102	goal + feedback	37	700	0.16075423333333347
1102	goal + feedback	37	750	0.17487940000000016
1102	goal + feedback	37	800	0.16017323333333336
1102	goal + feedback	37	850	0.12306406666666662
1102	goal + feedback	37	900	0.08911506666666676
1102	goal + feedback	37	950	0.07981390000000022
1102	goal + feedback	37	1e3	0.05701123333333339
1102	goal + feedback	37	1050	0.04647473333333352
1102	goal + feedback	37	1100	0.054526233333333396
1102	goal + feedback	37	1150	0.05962956666666678
1102	goal + feedback	38	-200	0.05144964055299533
1102	goal + feedback	38	-150	0.017547688172043108
1102	goal + feedback	38	-100	0.004258021505376464
1102	goal + feedback	38	-50	-0.035571478494623644
1102	goal + feedback	38	0	-0.046258811827956915
1102	goal + feedback	38	50	-0.04177914516129033
1102	goal + feedback	38	100	-0.050156145161290334
1102	goal + feedback	38	150	-0.04426364516129033
1102	goal + feedback	38	200	-0.04540631182795685
1102	goal + feedback	38	250	-0.04687781182795699
1102	goal + feedback	38	300	-0.01541147849462369
1102	goal + feedback	38	350	-0.008941978494623712
1102	goal + feedback	38	400	0.0034003548387096703
1102	goal + feedback	38	450	-0.011771478494623677
1102	goal + feedback	38	500	0.006898021505376366
1102	goal + feedback	38	550	0.044262688172043006
1102	goal + feedback	38	600	-0.05752564516129036
1102	goal + feedback	38	650	NA
1102	goal + feedback	38	700	NA
1102	goal + feedback	38	750	0.09494902150537632
1102	goal + feedback	38	800	0.07983252150537641
1102	goal + feedback	38	850	0.06548685483870968
1102	goal + feedback	38	900	0.051213521505376315
1102	goal + feedback	38	950	0.03607568817204306
1102	goal + feedback	38	1e3	0.029443021505376327
1102	goal + feedback	38	1050	0.035028688172042965
1102	goal + feedback	38	1100	0.02417152150537638
1102	goal + feedback	38	1150	-0.0015589784946237195
1102	goal + feedback	39	-200	0.050540333333333486
1102	goal + feedback	39	-150	0.0054195000000001325
1102	goal + feedback	39	-100	-0.011831666666666537
1102	goal + feedback	39	-50	-0.012335499999999758
1102	goal + feedback	39	0	-0.031792666666666504
1102	goal + feedback	39	50	-0.05693899999999985
1102	goal + feedback	39	100	-0.05639099999999978
1102	goal + feedback	39	150	-0.0661894999999999
1102	goal + feedback	39	200	-0.06928033333333324
1102	goal + feedback	39	250	-0.056836999999999804
1102	goal + feedback	39	300	-0.05302066666666646
1102	goal + feedback	39	350	-0.03623416666666642
1102	goal + feedback	39	400	-0.0492489999999998
1102	goal + feedback	39	450	-0.05262416666666655
1102	goal + feedback	39	500	-0.035495666666666446
1102	goal + feedback	39	550	-0.01613466666666641
1102	goal + feedback	39	600	0.005352166666666862
1102	goal + feedback	39	650	0.03776650000000018
1102	goal + feedback	39	700	0.07467783333333362
1102	goal + feedback	39	750	0.10655366666666681
1102	goal + feedback	39	800	0.016650500000000124
1102	goal + feedback	39	850	NA
1102	goal + feedback	39	900	NA
1102	goal + feedback	39	950	NA
1102	goal + feedback	39	1e3	NA
1102	goal + feedback	39	1050	0.0101530000000003
1102	goal + feedback	39	1100	NA
1102	goal + feedback	39	1150	NA
1102	goal + feedback	40	-200	-0.019566800000000068
1102	goal + feedback	40	-150	-0.005326633333333423
1102	goal + feedback	40	-100	0.010094699999999865
1102	goal + feedback	40	-50	-1.189666666669235e-4
1102	goal + feedback	40	0	0.014917699999999886
1102	goal + feedback	40	50	0.023810866666666614
1102	goal + feedback	40	100	0.049250366666666524
1102	goal + feedback	40	150	0.0830946999999999
1102	goal + feedback	40	200	0.06386919999999985
1102	goal + feedback	40	250	0.07262619999999982
1102	goal + feedback	40	300	0.07062736666666651
1102	goal + feedback	40	350	0.08373686666666653
1102	goal + feedback	40	400	0.0694793666666665
1102	goal + feedback	40	450	0.09661719999999985
1102	goal + feedback	40	500	0.10586803333333306
1102	goal + feedback	40	550	0.1018931999999999
1102	goal + feedback	40	600	0.13012736666666638
1102	goal + feedback	40	650	0.1740751999999998
1102	goal + feedback	40	700	0.16714603333333322
1102	goal + feedback	40	750	0.17979069999999986
1102	goal + feedback	40	800	0.1675239142857141
1102	goal + feedback	40	850	0.1335653999999998
1102	goal + feedback	40	900	0.08363491428571417
1102	goal + feedback	40	950	0.08071353333333324
1102	goal + feedback	40	1e3	0.029609366666666432
1102	goal + feedback	40	1050	0.023270866666666407
1102	goal + feedback	40	1100	0.016237199999999802
1102	goal + feedback	40	1150	0.007307366666666537
1102	goal + feedback	41	-200	-0.009651766666666672
1102	goal + feedback	41	-150	0.009732733333333318
1102	goal + feedback	41	-100	-4.989333333333956e-4
1102	goal + feedback	41	-50	6.732333333333192e-4
1102	goal + feedback	41	0	-2.5526666666671655e-4
1102	goal + feedback	41	50	2.583285714285693e-4
1102	goal + feedback	41	100	-0.014666600000000049
1102	goal + feedback	41	150	-0.044032266666666674
1102	goal + feedback	41	200	-0.050464766666666584
1102	goal + feedback	41	250	-0.04406193333333334
1102	goal + feedback	41	300	-0.0292931
1102	goal + feedback	41	350	-0.023465100000000055
1102	goal + feedback	41	400	-0.05674926666666661
1102	goal + feedback	41	450	-0.043298933333333345
1102	goal + feedback	41	500	-0.011787099999999976
1102	goal + feedback	41	550	0.02645406666666661
1102	goal + feedback	41	600	0.052191733333333344
1102	goal + feedback	41	650	0.01075923333333336
1102	goal + feedback	41	700	-0.12053009999999986
1102	goal + feedback	41	750	NA
1102	goal + feedback	41	800	0.018848399999999987
1102	goal + feedback	41	850	0.39799989999999985
1102	goal + feedback	41	900	NA
1102	goal + feedback	41	950	NA
1102	goal + feedback	41	1e3	0.13277504285714287
1102	goal + feedback	41	1050	1.156666666668471e-5
1102	goal + feedback	41	1100	-0.029779099999999926
1102	goal + feedback	41	1150	0.024165042857142906
1102	goal + feedback	42	-200	-0.014383400921659082
1102	goal + feedback	42	-150	0.005451541935483739
1102	goal + feedback	42	-100	0.014344170506912375
1102	goal + feedback	42	-50	0.003009908602150372
1102	goal + feedback	42	0	-0.007507091397849663
1102	goal + feedback	42	50	0.005008241935483697
1102	goal + feedback	42	100	-0.007246424731182977
1102	goal + feedback	42	150	-0.012384758064516221
1102	goal + feedback	42	200	5.762419354837048e-4
1102	goal + feedback	42	250	0.021947241935483735
1102	goal + feedback	42	300	-0.019659424731182984
1102	goal + feedback	42	350	-0.026247091397849642
1102	goal + feedback	42	400	-0.013441758064516382
1102	goal + feedback	42	450	-0.014149758064516313
1102	goal + feedback	42	500	-0.0030125913978497434
1102	goal + feedback	42	550	0.01928357526881704
1102	goal + feedback	42	600	0.05927574193548368
1102	goal + feedback	42	650	0.07971190860215042
1102	goal + feedback	42	700	0.08356924193548365
1102	goal + feedback	42	750	NA
1102	goal + feedback	42	800	NA
1102	goal + feedback	42	850	0.20313274193548359
1102	goal + feedback	42	900	0.09897931336405515
1102	goal + feedback	42	950	0.00994149193548377
1102	goal + feedback	42	1e3	0.06952899193548379
1102	goal + feedback	42	1050	0.10891374193548373
1102	goal + feedback	42	1100	0.11168957526881702
1102	goal + feedback	42	1150	0.10176724193548359
1102	goal + feedback	43	-200	-0.015024502304147409
1102	goal + feedback	43	-150	-6.929784946235381e-4
1102	goal + feedback	43	-100	5.056881720430321e-4
1102	goal + feedback	43	-50	9.865215053763698e-4
1102	goal + feedback	43	0	0.016729354838709742
1102	goal + feedback	43	50	0.020414688172043133
1102	goal + feedback	43	100	0.03858918817204319
1102	goal + feedback	43	150	0.05826902150537642
1102	goal + feedback	43	200	0.04838002150537646
1102	goal + feedback	43	250	0.03640718817204306
1102	goal + feedback	43	300	0.06397818817204308
1102	goal + feedback	43	350	0.046611521505376396
1102	goal + feedback	43	400	0.04434735483870981
1102	goal + feedback	43	450	0.04838752150537647
1102	goal + feedback	43	500	0.05613285483870981
1102	goal + feedback	43	550	0.07134352150537653
1102	goal + feedback	43	600	0.08586918817204318
1102	goal + feedback	43	650	0.09573768817204309
1102	goal + feedback	43	700	0.10130035483870976
1102	goal + feedback	43	750	0.08616985483870983
1102	goal + feedback	43	800	0.049317354838709804
1102	goal + feedback	43	850	0.04120035483870976
1102	goal + feedback	43	900	NA
1102	goal + feedback	43	950	NA
1102	goal + feedback	43	1e3	0.10171168817204308
1102	goal + feedback	43	1050	0.05409168817204316
1102	goal + feedback	43	1100	0.051175188172043175
1102	goal + feedback	43	1150	0.04579252150537642
1102	goal + feedback	44	-200	0.01625307834101391
1102	goal + feedback	44	-150	0.027022768817204446
1102	goal + feedback	44	-100	-0.0021470645161289306
1102	goal + feedback	44	-50	-0.011990231182795666
1102	goal + feedback	44	0	-0.03184739784946222
1102	goal + feedback	44	50	-0.04057139784946225
1102	goal + feedback	44	100	-0.05628239784946221
1102	goal + feedback	44	150	-0.0547952311827955
1102	goal + feedback	44	200	-0.07742623118279557
1102	goal + feedback	44	250	-0.06630656451612886
1102	goal + feedback	44	300	-0.0840620645161289
1102	goal + feedback	44	350	-0.0914165645161289
1102	goal + feedback	44	400	-0.08616889784946229
1102	goal + feedback	44	450	-0.0648647311827956
1102	goal + feedback	44	500	-0.06012723118279554
1102	goal + feedback	44	550	-0.03214956451612894
1102	goal + feedback	44	600	6.2476881720445e-4
1102	goal + feedback	44	650	0.001188602150537843
1102	goal + feedback	44	700	NA
1102	goal + feedback	44	750	0.18728493548387126
1102	goal + feedback	44	800	0.08489176881720455
1102	goal + feedback	44	850	NA
1102	goal + feedback	44	900	NA
1102	goal + feedback	44	950	NA
1102	goal + feedback	44	1e3	NA
1102	goal + feedback	44	1050	NA
1102	goal + feedback	44	1100	NA
1102	goal + feedback	44	1150	NA
1102	goal + feedback	45	-200	0.011467733333333138
1102	goal + feedback	45	-150	-0.001241766666666792
1102	goal + feedback	45	-100	0.00439806666666646
1102	goal + feedback	45	-50	-0.009629933333333543
1102	goal + feedback	45	0	-0.00499410000000015
1102	goal + feedback	45	50	-0.021350100000000188
1102	goal + feedback	45	100	-0.03717576666666685
1102	goal + feedback	45	150	-0.03909726666666683
1102	goal + feedback	45	200	-0.06286576666666677
1102	goal + feedback	45	250	-0.08223910000000016
1102	goal + feedback	45	300	-0.0666004333333335
1102	goal + feedback	45	350	-0.07040393333333343
1102	goal + feedback	45	400	-0.06443843333333343
1102	goal + feedback	45	450	-0.06578043333333346
1102	goal + feedback	45	500	-0.06061193333333348
1102	goal + feedback	45	550	-0.053049600000000176
1102	goal + feedback	45	600	-4.7266666666804603e-5
1102	goal + feedback	45	650	0.03673889999999987
1102	goal + feedback	45	700	0.11432606666666656
1102	goal + feedback	45	750	0.18680206666666646
1102	goal + feedback	45	800	0.18582473333333316
1102	goal + feedback	45	850	0.18167039999999987
1102	goal + feedback	45	900	0.1813790666666665
1102	goal + feedback	45	950	0.20564823333333324
1102	goal + feedback	45	1e3	0.1855222333333332
1102	goal + feedback	45	1050	0.16254059047619027
1102	goal + feedback	45	1100	0.14216039999999985
1102	goal + feedback	45	1150	0.13234239999999975
1102	goal + feedback	46	-200	0.004413746543778859
1102	goal + feedback	46	-150	-0.0036718010752687658
1102	goal + feedback	46	-100	0.001494365591398002
1102	goal + feedback	46	-50	0.00474386559139776
1102	goal + feedback	46	0	-0.007715801075268776
1102	goal + feedback	46	50	0.006277865591397906
1102	goal + feedback	46	100	0.004804198924731162
1102	goal + feedback	46	150	0.013375865591397881
1102	goal + feedback	46	200	0.02658619892473128
1102	goal + feedback	46	250	0.0034850322580644764
1102	goal + feedback	46	300	0.003892865591397824
1102	goal + feedback	46	350	-0.0014979677419354094
1102	goal + feedback	46	400	0.01149253225806457
1102	goal + feedback	46	450	0.002531532258064647
1102	goal + feedback	46	500	0.01926003225806457
1102	goal + feedback	46	550	0.017127865591397857
1102	goal + feedback	46	600	0.040486532258064534
1102	goal + feedback	46	650	0.0857223655913979
1102	goal + feedback	46	700	0.11572436559139791
1102	goal + feedback	46	750	0.14151769892473123
1102	goal + feedback	46	800	0.14063086559139792
1102	goal + feedback	46	850	0.1296281989247313
1102	goal + feedback	46	900	0.11316136559139789
1102	goal + feedback	46	950	0.1062793655913979
1102	goal + feedback	46	1e3	0.05770483225806462
1102	goal + feedback	46	1050	NA
1102	goal + feedback	46	1100	NA
1102	goal + feedback	46	1150	NA
1102	goal + feedback	47	-200	0.00364426666666657
1102	goal + feedback	47	-150	-0.003914233333333443
1102	goal + feedback	47	-100	-0.010386733333333398
1102	goal + feedback	47	-50	0.00850746666666664
1102	goal + feedback	47	0	0.0029597666666666043
1102	goal + feedback	47	50	0.01255126666666658
1102	goal + feedback	47	100	-7.332333333334162e-4
1102	goal + feedback	47	150	0.024957433333333185
1102	goal + feedback	47	200	0.006274466666666712
1102	goal + feedback	47	250	0.008082766666666593
1102	goal + feedback	47	300	-0.023844900000000058
1102	goal + feedback	47	350	-0.020335566666666693
1102	goal + feedback	47	400	-0.014522233333333467
1102	goal + feedback	47	450	0.01802226666666658
1102	goal + feedback	47	500	-0.023146733333333353
1102	goal + feedback	47	550	0.030144266666666548
1102	goal + feedback	47	600	0.047203766666666556
1102	goal + feedback	47	650	0.06920026666666654
1102	goal + feedback	47	700	0.13820826666666663
1102	goal + feedback	47	750	0.1099770999999999
1102	goal + feedback	47	800	0.09940946666666654
1102	goal + feedback	47	850	NA
1102	goal + feedback	47	900	NA
1102	goal + feedback	47	950	0.08535893333333311
1102	goal + feedback	47	1e3	0.09170126666666656
1102	goal + feedback	47	1050	0.11710383809523796
1102	goal + feedback	47	1100	0.12701059999999983
1102	goal + feedback	47	1150	0.10943993333333328
1102	goal + feedback	48	-200	-0.003307433333333165
1102	goal + feedback	48	-150	-0.005686766666666528
1102	goal + feedback	48	-100	-0.005430266666666572
1102	goal + feedback	48	-50	-0.003991599999999836
1102	goal + feedback	48	0	0.01841606666666684
1102	goal + feedback	48	50	0.03175356666666692
1102	goal + feedback	48	100	0.047034233333333564
1102	goal + feedback	48	150	0.08161673333333345
1102	goal + feedback	48	200	0.06571473333333351
1102	goal + feedback	48	250	0.07293390000000029
1102	goal + feedback	48	300	0.04071373333333347
1102	goal + feedback	48	350	0.04357440000000016
1102	goal + feedback	48	400	0.05630390000000007
1102	goal + feedback	48	450	0.06470756666666684
1102	goal + feedback	48	500	0.07640540000000007
1102	goal + feedback	48	550	0.0830449000000002
1102	goal + feedback	48	600	0.1022130666666669
1102	goal + feedback	48	650	0.14543373333333354
1102	goal + feedback	48	700	0.1800320666666669
1102	goal + feedback	48	750	0.19828506666666676
1102	goal + feedback	48	800	0.20719906666666685
1102	goal + feedback	48	850	0.21668773333333338
1102	goal + feedback	48	900	0.16366523333333358
1102	goal + feedback	48	950	0.043006661904762086
1102	goal + feedback	48	1e3	0.05592040000000013
1102	goal + feedback	48	1050	0.07072373333333348
1102	goal + feedback	48	1100	0.12191240000000018
1102	goal + feedback	48	1150	0.14236623333333345
1102	goal + feedback	49	-200	-0.00729197695852538
1102	goal + feedback	49	-150	-0.005189048387096884
1102	goal + feedback	49	-100	0.0012652849462365297
1102	goal + feedback	49	-50	0.011783451612903173
1102	goal + feedback	49	0	6.476182795699023e-4
1102	goal + feedback	49	50	0.007751951612903134
1102	goal + feedback	49	100	-0.00199038172043009
1102	goal + feedback	49	150	-0.011458715053763576
1102	goal + feedback	49	200	-0.008166215053763507
1102	goal + feedback	49	250	-0.0017442150537634316
1102	goal + feedback	49	300	0.001979618279569791
1102	goal + feedback	49	350	0.005409951612903289
1102	goal + feedback	49	400	0.024756784946236527
1102	goal + feedback	49	450	0.033598451612903237
1102	goal + feedback	49	500	0.05222511827956988
1102	goal + feedback	49	550	0.09108511827956978
1102	goal + feedback	49	600	0.10340211827956984
1102	goal + feedback	49	650	0.1296496182795698
1102	goal + feedback	49	700	0.1217122849462365
1102	goal + feedback	49	750	0.13717028494623654
1102	goal + feedback	49	800	0.13231128494623637
1102	goal + feedback	49	850	0.13232711827956986
1102	goal + feedback	49	900	0.12822828494623648
1102	goal + feedback	49	950	0.1134496182795699
1102	goal + feedback	49	1e3	0.10449345161290324
1102	goal + feedback	49	1050	0.09216578494623658
1102	goal + feedback	49	1100	0.08400961827956976
1102	goal + feedback	49	1150	0.08292478494623652
1102	goal + feedback	50	-200	-0.003159466666666555
1102	goal + feedback	50	-150	0.0022005333333334023
1102	goal + feedback	50	-100	-0.0033661333333332433
1102	goal + feedback	50	-50	-0.00403496666666651
1102	goal + feedback	50	0	0.008360033333333572
1102	goal + feedback	50	50	0.021816700000000022
1102	goal + feedback	50	100	0.024201700000000104
1102	goal + feedback	50	150	0.0245847000000002
1102	goal + feedback	50	200	0.038226533333333514
1102	goal + feedback	50	250	0.05895553333333351
1102	goal + feedback	50	300	0.04199903333333347
1102	goal + feedback	50	350	0.049963366666666786
1102	goal + feedback	50	400	0.05252753333333349
1102	goal + feedback	50	450	0.05020103333333351
1102	goal + feedback	50	500	0.03829003333333344
1102	goal + feedback	50	550	0.06609403333333352
1102	goal + feedback	50	600	0.09499170000000016
1102	goal + feedback	50	650	0.13301286666666687
1102	goal + feedback	50	700	0.08475203333333343
1102	goal + feedback	50	750	0.03382470000000019
1102	goal + feedback	50	800	NA
1102	goal + feedback	50	850	NA
1102	goal + feedback	50	900	NA
1102	goal + feedback	50	950	0.19091003333333356
1102	goal + feedback	50	1e3	-0.027268466666666713
1102	goal + feedback	50	1050	NA
1102	goal + feedback	50	1100	NA
1102	goal + feedback	50	1150	0.08911486666666694
1102	goal + feedback	51	-200	0.003433866666666748
1102	goal + feedback	51	-150	-0.0020059666666665996
1102	goal + feedback	51	-100	-2.8279999999991645e-4
1102	goal + feedback	51	-50	7.640333333334137e-4
1102	goal + feedback	51	0	-0.0019091333333332017
1102	goal + feedback	51	50	0.035660366666666755
1102	goal + feedback	51	100	0.0280133666666668
1102	goal + feedback	51	150	-0.09358338333333327
1102	goal + feedback	51	200	NA
1102	goal + feedback	51	250	NA
1102	goal + feedback	51	300	-0.00456996666666661
1102	goal + feedback	51	350	-0.025164561904761826
1102	goal + feedback	51	400	0.00972836666666684
1102	goal + feedback	51	450	0.024649700000000108
1102	goal + feedback	51	500	0.03322670000000009
1102	goal + feedback	51	550	0.03977486666666685
1102	goal + feedback	51	600	0.06672203333333344
1102	goal + feedback	51	650	0.07734186666666669
1102	goal + feedback	51	700	0.05915720000000017
1102	goal + feedback	51	750	0.04116903333333329
1102	goal + feedback	51	800	0.018982533333333478
1102	goal + feedback	51	850	0.025090533333333404
1102	goal + feedback	51	900	0.022007700000000074
1102	goal + feedback	51	950	-0.003428133333333324
1102	goal + feedback	51	1e3	-0.04037396666666656
1102	goal + feedback	51	1050	-0.019753799999999933
1102	goal + feedback	51	1100	-0.015339633333333177
1102	goal + feedback	51	1150	-0.01788429999999989
1102	goal + feedback	52	-200	-0.018015666666666725
1102	goal + feedback	52	-150	0.016926166666666614
1102	goal + feedback	52	-100	-0.010793833333333355
1102	goal + feedback	52	-50	8.757142857141861e-4
1102	goal + feedback	52	0	0.010861666666666622
1102	goal + feedback	52	50	0.001022999999999848
1102	goal + feedback	52	100	0.011167333333333232
1102	goal + feedback	52	150	0.02101866666666652
1102	goal + feedback	52	200	0.02737300000000002
1102	goal + feedback	52	250	0.03870716666666659
1102	goal + feedback	52	300	0.023681499999999984
1102	goal + feedback	52	350	0.061769166666666576
1102	goal + feedback	52	400	0.09733349999999989
1102	goal + feedback	52	450	0.09739249999999984
1102	goal + feedback	52	500	0.14325266666666647
1102	goal + feedback	52	550	0.1780734999999999
1102	goal + feedback	52	600	0.18625949999999988
1102	goal + feedback	52	650	0.19212333333333328
1102	goal + feedback	52	700	0.21061366666666656
1102	goal + feedback	52	750	0.21907316666666662
1102	goal + feedback	52	800	0.21733816666666658
1102	goal + feedback	52	850	0.2053638333333332
1102	goal + feedback	52	900	0.18540799999999988
1102	goal + feedback	52	950	0.18942599999999996
1102	goal + feedback	52	1e3	0.1547913333333332
1102	goal + feedback	52	1050	0.15980333333333321
1102	goal + feedback	52	1100	0.1688098333333333
1102	goal + feedback	52	1150	0.17925466666666665
1102	goal + feedback	53	-200	0.00560682488479244
1102	goal + feedback	53	-150	0.00671680107526873
1102	goal + feedback	53	-100	0.007907134408601987
1102	goal + feedback	53	-50	-0.010599032258064689
1102	goal + feedback	53	0	-0.010566198924731355
1102	goal + feedback	53	50	-0.035036365591398035
1102	goal + feedback	53	100	-0.017435865591398054
1102	goal + feedback	53	150	-0.01680819892473136
1102	goal + feedback	53	200	-0.02616336559139798
1102	goal + feedback	53	250	-0.00926586559139797
1102	goal + feedback	53	300	-0.012777698924731315
1102	goal + feedback	53	350	0.025701134408602
1102	goal + feedback	53	400	0.03326646774193535
1102	goal + feedback	53	450	0.026333967741935343
1102	goal + feedback	53	500	0.06361963440860197
1102	goal + feedback	53	550	0.09936930107526869
1102	goal + feedback	53	600	0.15906663440860203
1102	goal + feedback	53	650	0.1665369677419354
1102	goal + feedback	53	700	0.14468613440860204
1102	goal + feedback	53	750	0.126673634408602
1102	goal + feedback	53	800	0.08071196774193545
1102	goal + feedback	53	850	0.06497813440860208
1102	goal + feedback	53	900	0.050538134408602074
1102	goal + feedback	53	950	0.018498967741935306
1102	goal + feedback	53	1e3	0.022625467741935374
1102	goal + feedback	53	1050	0.011938967741935405
1102	goal + feedback	53	1100	1.2746774193539423e-4
1102	goal + feedback	53	1150	-0.0310875322580646
1102	goal + feedback	54	-200	0.005508838709677618
1102	goal + feedback	54	-150	0.016154338709677567
1102	goal + feedback	54	-100	0.006382338709677526
1102	goal + feedback	54	-50	-0.019276994623655803
1102	goal + feedback	54	0	-0.009686661290322363
1102	goal + feedback	54	50	-0.03464232795698911
1102	goal + feedback	54	100	-0.022500661290322466
1102	goal + feedback	54	150	-0.0768538279569891
1102	goal + feedback	54	200	-0.05900699462365585
1102	goal + feedback	54	250	-0.06828966129032239
1102	goal + feedback	54	300	-0.05981649462365576
1102	goal + feedback	54	350	-0.057681827956988986
1102	goal + feedback	54	400	-0.06699699462365587
1102	goal + feedback	54	450	-0.05669582795698913
1102	goal + feedback	54	500	-0.035718827956989184
1102	goal + feedback	54	550	-0.04474082795698905
1102	goal + feedback	54	600	-0.048409994623655805
1102	goal + feedback	54	650	-0.012643661290322386
1102	goal + feedback	54	700	0.01456700537634418
1102	goal + feedback	54	750	0.05183533870967757
1102	goal + feedback	54	800	0.01593083870967756
1102	goal + feedback	54	850	-0.0025658279569891196
1102	goal + feedback	54	900	-0.0202113279569891
1102	goal + feedback	54	950	-0.023979327956989094
1102	goal + feedback	54	1e3	-0.01932382795698917
1102	goal + feedback	54	1050	-0.05806099462365588
1102	goal + feedback	54	1100	-0.06005432795698917
1102	goal + feedback	54	1150	-0.053998494623655725
1102	goal + feedback	55	-200	-0.012265976958525382
1102	goal + feedback	55	-150	0.01637795161290308
1102	goal + feedback	55	-100	0.005956618279569836
1102	goal + feedback	55	-50	0.0076074516129032155
1102	goal + feedback	55	0	-0.015631715053763484
1102	goal + feedback	55	50	-0.013359881720430122
1102	goal + feedback	55	100	-0.02231604838709685
1102	goal + feedback	55	150	-0.011609215053763444
1102	goal + feedback	55	200	-0.0014807150537634595
1102	goal + feedback	55	250	0.014437451612903182
1102	goal + feedback	55	300	0.02980828494623659
1102	goal + feedback	55	350	0.05517445161290321
1102	goal + feedback	55	400	0.08557411827956989
1102	goal + feedback	55	450	0.10748895161290317
1102	goal + feedback	55	500	0.09106161827956989
1102	goal + feedback	55	550	0.09713478494623651
1102	goal + feedback	55	600	-0.013738048387096802
1102	goal + feedback	55	650	NA
1102	goal + feedback	55	700	NA
1102	goal + feedback	55	750	NA
1102	goal + feedback	55	800	NA
1102	goal + feedback	55	850	NA
1102	goal + feedback	55	900	0.07844411827956972
1102	goal + feedback	55	950	0.010432784946236525
1102	goal + feedback	55	1e3	0.01829311827956988
1102	goal + feedback	55	1050	0.04282095161290308
1102	goal + feedback	55	1100	0.041008451612903084
1102	goal + feedback	55	1150	0.020965951612903117
1102	goal + feedback	56	-200	-0.02552907834101394
1102	goal + feedback	56	-150	-3.9410215053773773e-4
1102	goal + feedback	56	-100	-2.0693548387111052e-4
1102	goal + feedback	56	-50	0.007332897849462301
1102	goal + feedback	56	0	0.023052064516128883
1102	goal + feedback	56	50	0.01994273118279562
1102	goal + feedback	56	100	0.05007573118279559
1102	goal + feedback	56	150	0.061746564516128956
1102	goal + feedback	56	200	0.06706756451612901
1102	goal + feedback	56	250	0.07611039784946223
1102	goal + feedback	56	300	0.05230556451612892
1102	goal + feedback	56	350	0.1062853978494623
1102	goal + feedback	56	400	0.11079956451612875
1102	goal + feedback	56	450	0.12304956451612892
1102	goal + feedback	56	500	0.14015473118279562
1102	goal + feedback	56	550	0.16092389784946218
1102	goal + feedback	56	600	0.16548023118279565
1102	goal + feedback	56	650	0.20291356451612894
1102	goal + feedback	56	700	0.21143389784946218
1102	goal + feedback	56	750	0.2283708978494622
1102	goal + feedback	56	800	0.18769023118279557
1102	goal + feedback	56	850	0.15881256451612882
1102	goal + feedback	56	900	0.15199406451612885
1102	goal + feedback	56	950	0.15611489784946228
1102	goal + feedback	56	1e3	0.12467923118279556
1102	goal + feedback	56	1050	0.10840556451612889
1102	goal + feedback	56	1100	0.0802565645161289
1102	goal + feedback	56	1150	0.06566106451612892
1102	goal + feedback	57	-200	0.04577359907834116
1102	goal + feedback	57	-150	0.024070241935484054
1102	goal + feedback	57	-100	0.009596575268817334
1102	goal + feedback	57	-50	-0.0024172580645159445
1102	goal + feedback	57	0	-0.08465209139784931
1102	goal + feedback	57	50	-0.09981992473118262
1102	goal + feedback	57	100	-0.09306742473118268
1102	goal + feedback	57	150	-0.08126542473118266
1102	goal + feedback	57	200	-0.07958675806451598
1102	goal + feedback	57	250	-0.08315325806451594
1102	goal + feedback	57	300	-0.04259825806451597
1102	goal + feedback	57	350	-0.02207759139784926
1102	goal + feedback	57	400	-0.013266424731182669
1102	goal + feedback	57	450	0.015463575268817328
1102	goal + feedback	57	500	0.019592741935484142
1102	goal + feedback	57	550	0.02963990860215075
1102	goal + feedback	57	600	0.039938408602150664
1102	goal + feedback	57	650	0.013526741935484088
1102	goal + feedback	57	700	0.08527140860215073
1102	goal + feedback	57	750	0.10388890860215061
1102	goal + feedback	57	800	0.07862724193548394
1102	goal + feedback	57	850	0.007885408602150775
1102	goal + feedback	57	900	-0.006123924731182617
1102	goal + feedback	57	950	-0.0424897580645159
1102	goal + feedback	57	1e3	-0.07639342473118267
1102	goal + feedback	57	1050	-0.15563592473118262
1102	goal + feedback	57	1100	NA
1102	goal + feedback	57	1150	NA
1102	goal + feedback	58	-200	NA
1102	goal + feedback	58	-150	-0.023354486956521914
1102	goal + feedback	58	-100	-0.015285920289855204
1102	goal + feedback	58	-50	0.018854746376811466
1102	goal + feedback	58	0	0.015893246376811405
1102	goal + feedback	58	50	0.021570413043478176
1102	goal + feedback	58	100	0.03625574637681147
1102	goal + feedback	58	150	0.03368207971014477
1102	goal + feedback	58	200	0.013946246376811485
1102	goal + feedback	58	250	0.018184579710144755
1102	goal + feedback	58	300	-0.030308586956521832
1102	goal + feedback	58	350	-0.02467325362318847
1102	goal + feedback	58	400	-0.03841508695652185
1102	goal + feedback	58	450	-0.044192586956521916
1102	goal + feedback	58	500	-0.030538920289855238
1102	goal + feedback	58	550	-0.010343253623188517
1102	goal + feedback	58	600	0.024666746376811394
1102	goal + feedback	58	650	0.049098913043478166
1102	goal + feedback	58	700	0.08851791304347804
1102	goal + feedback	58	750	0.10388724637681146
1102	goal + feedback	58	800	0.10600857971014481
1102	goal + feedback	58	850	0.09086641304347813
1102	goal + feedback	58	900	0.06302757971014479
1102	goal + feedback	58	950	0.03428574637681144
1102	goal + feedback	58	1e3	0.0024085797101448168
1102	goal + feedback	58	1050	-0.00227458695652194
1102	goal + feedback	58	1100	-0.021479086956521936
1102	goal + feedback	58	1150	-0.046180586956521864
1102	goal + feedback	59	-200	-0.017699695852534485
1102	goal + feedback	59	-150	-0.011565672043010547
1102	goal + feedback	59	-100	-0.01086817204301053
1102	goal + feedback	59	-50	0.010426494623656154
1102	goal + feedback	59	0	0.03265699462365612
1102	goal + feedback	59	50	0.05556282795698945
1102	goal + feedback	59	100	0.08708049462365608
1102	goal + feedback	59	150	0.0978401612903228
1102	goal + feedback	59	200	0.13747016129032277
1102	goal + feedback	59	250	0.1352073279569895
1102	goal + feedback	59	300	0.16893082795698944
1102	goal + feedback	59	350	0.15339766129032273
1102	goal + feedback	59	400	0.12884832795698942
1102	goal + feedback	59	450	0.10255149462365609
1102	goal + feedback	59	500	0.08947149462365604
1102	goal + feedback	59	550	0.11288299462365618
1102	goal + feedback	59	600	0.13370349462365602
1102	goal + feedback	59	650	0.1409399946236561
1102	goal + feedback	59	700	0.13782782795698947
1102	goal + feedback	59	750	0.1634009946236561
1102	goal + feedback	59	800	0.1727021612903228
1102	goal + feedback	59	850	0.1822469946236561
1102	goal + feedback	59	900	0.09179216129032283
1102	goal + feedback	59	950	NA
1102	goal + feedback	59	1e3	NA
1102	goal + feedback	59	1050	0.2550186612903227
1102	goal + feedback	59	1100	0.1220594946236561
1102	goal + feedback	59	1150	0.11931899462365607
1102	goal + feedback	60	-200	NA
1102	goal + feedback	60	-150	0.017700130434782756
1102	goal + feedback	60	-100	-0.024035702898550726
1102	goal + feedback	60	-50	-0.002369369565217383
1102	goal + feedback	60	0	0.011654963768115959
1102	goal + feedback	60	50	0.03042263043478277
1102	goal + feedback	60	100	0.06357463043478262
1102	goal + feedback	60	150	0.07636113043478265
1102	goal + feedback	60	200	0.0932571304347826
1102	goal + feedback	60	250	-0.021936869565217343
1102	goal + feedback	60	300	NA
1102	goal + feedback	60	350	NA
1102	goal + feedback	60	400	NA
1102	goal + feedback	60	450	-0.02465429813664593
1102	goal + feedback	60	500	-0.06889136956521728
1102	goal + feedback	60	550	-0.06217970289855076
1102	goal + feedback	60	600	-0.04361870289855071
1102	goal + feedback	60	650	0.0015059637681159959
1102	goal + feedback	60	700	0.048250797101449194
1102	goal + feedback	60	750	0.090429463768116
1102	goal + feedback	60	800	0.096152463768116
1102	goal + feedback	60	850	0.11368713043478262
1102	goal + feedback	60	900	0.066327963768116
1102	goal + feedback	60	950	0.08972746376811595
1102	goal + feedback	60	1e3	0.07580779710144925
1102	goal + feedback	60	1050	0.059460297101449365
1102	goal + feedback	60	1100	0.03935746376811592
1102	goal + feedback	60	1150	0.005534797101449292
1102	goal + feedback	61	-200	-0.021736064516129146
1102	goal + feedback	61	-150	-0.02476689784946255
1102	goal + feedback	61	-100	0.005347102150537501
1102	goal + feedback	61	-50	0.024266602150537553
1102	goal + feedback	61	0	0.02051193548387083
1102	goal + feedback	61	50	0.023648602150537473
1102	goal + feedback	61	100	0.015946268817204217
1102	goal + feedback	61	150	0.008230768817204156
1102	goal + feedback	61	200	0.04092360215053755
1102	goal + feedback	61	250	0.10571876881720425
1102	goal + feedback	61	300	0.07534593548387081
1102	goal + feedback	61	350	0.10132126881720412
1102	goal + feedback	61	400	0.12790753548387085
1102	goal + feedback	61	450	0.13433722119815647
1102	goal + feedback	61	500	0.14306126881720407
1102	goal + feedback	61	550	0.1786021021505375
1102	goal + feedback	61	600	0.19847410215053748
1102	goal + feedback	61	650	0.17873360215053746
1102	goal + feedback	61	700	0.1300036021505376
1102	goal + feedback	61	750	0.0861262688172042
1102	goal + feedback	61	800	0.052142602150537565
1102	goal + feedback	61	850	0.02530143548387091
1102	goal + feedback	61	900	0.007128435483870765
1102	goal + feedback	61	950	-0.02868823118279577
1102	goal + feedback	61	1e3	-0.06453856451612909
1102	goal + feedback	61	1050	-0.08160823118279585
1102	goal + feedback	61	1100	-0.11834756451612916
1102	goal + feedback	61	1150	-0.2599105645161292
1102	goal + feedback	62	-200	-0.01707382027649754
1102	goal + feedback	62	-150	-0.012961844086021227
1102	goal + feedback	62	-100	9.259892473119832e-4
1102	goal + feedback	62	-50	0.024326822580645373
1102	goal + feedback	62	0	0.007628489247311965
1102	goal + feedback	62	50	-0.12435301075268794
1102	goal + feedback	62	100	NA
1102	goal + feedback	62	150	NA
1102	goal + feedback	62	200	-0.02223734408602122
1102	goal + feedback	62	250	-0.07273017741935466
1102	goal + feedback	62	300	-0.08038884408602127
1102	goal + feedback	62	350	-0.06776917741935458
1102	goal + feedback	62	400	-0.11160951075268799
1102	goal + feedback	62	450	-0.12142684408602127
1102	goal + feedback	62	500	-0.08699717741935468
1102	goal + feedback	62	550	-0.09091117741935457
1102	goal + feedback	62	600	-0.10773601075268784
1102	goal + feedback	62	650	-0.0998216774193547
1102	goal + feedback	62	700	-0.10732967741935462
1102	goal + feedback	62	750	-0.10068867741935465
1102	goal + feedback	62	800	-0.039500844086021315
1102	goal + feedback	62	850	-0.013514677419354637
1102	goal + feedback	62	900	0.011567155913978722
1102	goal + feedback	62	950	0.0326306559139787
1102	goal + feedback	62	1e3	0.026544655913978737
1102	goal + feedback	62	1050	0.018755489247312
1102	goal + feedback	62	1100	-0.0096411774193547
1102	goal + feedback	62	1150	-0.04710617741935471
1102	goal + feedback	63	-200	-0.034843115207373314
1102	goal + feedback	63	-150	-0.007813258064516196
1102	goal + feedback	63	-100	-0.012083758064516262
1102	goal + feedback	63	-50	0.0261277419354838
1102	goal + feedback	63	0	0.034419575268817226
1102	goal + feedback	63	50	0.024570741935483847
1102	goal + feedback	63	100	0.041997741935483855
1102	goal + feedback	63	150	0.044878575268817146
1102	goal + feedback	63	200	0.04469157526881714
1102	goal + feedback	63	250	0.05124957526881713
1102	goal + feedback	63	300	0.054749075268817116
1102	goal + feedback	63	350	0.04494957526881708
1102	goal + feedback	63	400	0.039018408602150556
1102	goal + feedback	63	450	0.051610908602150486
1102	goal + feedback	63	500	0.044487908602150496
1102	goal + feedback	63	550	0.06532857526881708
1102	goal + feedback	63	600	0.05371207526881724
1102	goal + feedback	63	650	0.11092090860215047
1102	goal + feedback	63	700	0.11396807526881718
1102	goal + feedback	63	750	0.09697140860215048
1102	goal + feedback	63	800	0.06773190860215032
1102	goal + feedback	63	850	0.026670741935483838
1102	goal + feedback	63	900	-0.008859091397849536
1102	goal + feedback	63	950	-0.050050758064516275
1102	goal + feedback	63	1e3	-0.08338542473118293
1102	goal + feedback	63	1050	-0.09557925806451621
1102	goal + feedback	63	1100	-0.10561209139784955
1102	goal + feedback	63	1150	-0.12168442473118295
1102	goal + feedback	64	-200	0.006771041474654397
1102	goal + feedback	64	-150	-0.004210553763440779
1102	goal + feedback	64	-100	-0.010967720430107372
1102	goal + feedback	64	-50	-0.0036352204301074074
1102	goal + feedback	64	0	0.010913946236559205
1102	goal + feedback	64	50	0.0273207795698925
1102	goal + feedback	64	100	0.0010806129032258454
1102	goal + feedback	64	150	-0.01360022043010741
1102	goal + feedback	64	200	-0.03816772043010741
1102	goal + feedback	64	250	-0.050977387096774095
1102	goal + feedback	64	300	-0.0676770537634408
1102	goal + feedback	64	350	-0.06639088709677406
1102	goal + feedback	64	400	-0.06580655376344084
1102	goal + feedback	64	450	-0.053149887096774075
1102	goal + feedback	64	500	-0.026440887096774206
1102	goal + feedback	64	550	-0.0034102204301075614
1102	goal + feedback	64	600	0.00687644623655929
1102	goal + feedback	64	650	-0.02591805376344077
1102	goal + feedback	64	700	-0.012268887096774058
1102	goal + feedback	64	750	-0.015201053763440756
1102	goal + feedback	64	800	-0.020066720430107488
1102	goal + feedback	64	850	-0.03365605376344064
1102	goal + feedback	64	900	-0.01632038709677408
1102	goal + feedback	64	950	-0.04506372043010735
1102	goal + feedback	64	1e3	-0.045438220430107513
1102	goal + feedback	64	1050	-0.03944388709677408
1102	goal + feedback	64	1100	-0.016001387096773973
1102	goal + feedback	64	1150	-0.025477553763440852
1102	goal + feedback	65	-200	0.012234700460829513
1102	goal + feedback	65	-150	-0.0011218709677419298
1102	goal + feedback	65	-100	-0.008884204301075357
1102	goal + feedback	65	-50	0.004214129032258078
1102	goal + feedback	65	0	-0.008481870967742037
1102	goal + feedback	65	50	-0.014055370967741935
1102	goal + feedback	65	100	0.00857896236559134
1102	goal + feedback	65	150	0.02248529569892462
1102	goal + feedback	65	200	0.022667962365591432
1102	goal + feedback	65	250	0.009522962365591322
1102	goal + feedback	65	300	0.04236729569892472
1102	goal + feedback	65	350	0.037605629032258024
1102	goal + feedback	65	400	0.06411112903225802
1102	goal + feedback	65	450	0.07229346236559138
1102	goal + feedback	65	500	0.10507229569892473
1102	goal + feedback	65	550	0.12461779569892466
1102	goal + feedback	65	600	0.1428746290322581
1102	goal + feedback	65	650	0.2137146290322581
1102	goal + feedback	65	700	0.2262979623655914
1102	goal + feedback	65	750	0.21358746236559126
1102	goal + feedback	65	800	0.17901712903225797
1102	goal + feedback	65	850	0.195022629032258
1102	goal + feedback	65	900	0.1986857956989246
1102	goal + feedback	65	950	0.1622732956989247
1102	goal + feedback	65	1e3	0.15716196236559132
1102	goal + feedback	65	1050	0.16704829569892476
1102	goal + feedback	65	1100	0.176807629032258
1102	goal + feedback	65	1150	0.19380812903225797
1102	goal + feedback	66	-200	-0.04138070506912449
1102	goal + feedback	66	-150	-4.641935483891876e-5
1102	goal + feedback	66	-100	0.03381458064516122
1102	goal + feedback	66	-50	0.0036357473118278825
1102	goal + feedback	66	0	0.010873580645161196
1102	goal + feedback	66	50	-0.00497775268817217
1102	goal + feedback	66	100	-0.02041841935483883
1102	goal + feedback	66	150	-0.01177391935483881
1102	goal + feedback	66	200	-0.005279752688172046
1102	goal + feedback	66	250	-0.004482586021505419
1102	goal + feedback	66	300	-7.415860215054249e-4
1102	goal + feedback	66	350	-0.004258086021505421
1102	goal + feedback	66	400	0.024321913978494553
1102	goal + feedback	66	450	0.030144247311827854
1102	goal + feedback	66	500	0.059070580645161165
1102	goal + feedback	66	550	0.08148308064516119
1102	goal + feedback	66	600	0.11320624731182775
1102	goal + feedback	66	650	0.11193424731182788
1102	goal + feedback	66	700	0.17518991397849448
1102	goal + feedback	66	750	0.15027658064516122
1102	goal + feedback	66	800	0.20047558064516133
1102	goal + feedback	66	850	0.15899208064516124
1102	goal + feedback	66	900	0.1499649139784945
1102	goal + feedback	66	950	0.11628074731182776
1102	goal + feedback	66	1e3	0.0915357473118279
1102	goal + feedback	66	1050	0.09506508064516117
1102	goal + feedback	66	1100	0.10166741397849455
1102	goal + feedback	66	1150	0.1460244139784946
1102	goal + feedback	67	-200	0.0036644792626726436
1102	goal + feedback	67	-150	0.00522686021505366
1102	goal + feedback	67	-100	0.0015966935483869478
1102	goal + feedback	67	-50	0.013260193548386923
1102	goal + feedback	67	0	-0.024358973118279836
1102	goal + feedback	67	50	-0.023101473118279776
1102	goal + feedback	67	100	-0.08122597311827977
1102	goal + feedback	67	150	-0.1159244731182798
1102	goal + feedback	67	200	-0.1601814731182798
1102	goal + feedback	67	250	-0.1923676397849464
1102	goal + feedback	67	300	-0.20161997311827973
1102	goal + feedback	67	350	-0.2062471397849465
1102	goal + feedback	67	400	-0.1978231397849465
1102	goal + feedback	67	450	-0.1588466397849464
1102	goal + feedback	67	500	-0.13758180645161308
1102	goal + feedback	67	550	-0.08714097311827973
1102	goal + feedback	67	600	-0.08089963978494641
1102	goal + feedback	67	650	-0.06475830645161314
1102	goal + feedback	67	700	-0.041239806451612994
1102	goal + feedback	67	750	-0.07388830645161308
1102	goal + feedback	67	800	-0.08731363978494648
1102	goal + feedback	67	850	-0.1048551397849465
1102	goal + feedback	67	900	-0.12261230645161307
1102	goal + feedback	67	950	-0.12383580645161303
1102	goal + feedback	67	1e3	-0.12192230645161313
1102	goal + feedback	67	1050	-0.11275663978494636
1102	goal + feedback	67	1100	-0.11576297311827981
1102	goal + feedback	67	1150	-0.08453080645161304
1102	goal + feedback	68	-200	-0.04016726728110585
1102	goal + feedback	68	-150	-0.03482500537634392
1102	goal + feedback	68	-100	-0.007092338709677144
1102	goal + feedback	68	-50	0.026215161290322753
1102	goal + feedback	68	0	0.06256399462365603
1102	goal + feedback	68	50	0.13148549462365602
1102	goal + feedback	68	100	0.15122599462365605
1102	goal + feedback	68	150	0.1602609946236561
1102	goal + feedback	68	200	0.14406899462365605
1102	goal + feedback	68	250	0.17440749462365615
1102	goal + feedback	68	300	0.12518482795698938
1102	goal + feedback	68	350	0.09231582795698949
1102	goal + feedback	68	400	0.08706449462365606
1102	goal + feedback	68	450	0.07290416129032273
1102	goal + feedback	68	500	0.06919666129032283
1102	goal + feedback	68	550	0.055861994623655965
1102	goal + feedback	68	600	0.025848161290322746
1102	goal + feedback	68	650	0.04681349462365595
1102	goal + feedback	68	700	0.05468849462365603
1102	goal + feedback	68	750	0.05780782795698943
1102	goal + feedback	68	800	0.017095494623656116
1102	goal + feedback	68	850	0.016965494623656003
1102	goal + feedback	68	900	-0.024260838709677286
1102	goal + feedback	68	950	-0.018117672043010586
1102	goal + feedback	68	1e3	-0.0604453387096772
1102	goal + feedback	68	1050	-0.07146500537634386
1102	goal + feedback	68	1100	-0.09295033870967728
1102	goal + feedback	68	1150	-0.09079900537634389
1102	goal + feedback	69	-200	-0.06411793333333342
1102	goal + feedback	69	-150	-0.046961100000000165
1102	goal + feedback	69	-100	0.01044389999999984
1102	goal + feedback	69	-50	0.014398566666666538
1102	goal + feedback	69	0	0.08623656666666653
1102	goal + feedback	69	50	0.0622178999999999
1102	goal + feedback	69	100	0.04751723333333313
1102	goal + feedback	69	150	0.052133566666666464
1102	goal + feedback	69	200	0.025838566666666656
1102	goal + feedback	69	250	0.02353839999999992
1102	goal + feedback	69	300	0.007180423809523566
1102	goal + feedback	69	350	0.001889399999999967
1102	goal + feedback	69	400	-0.009752266666666731
1102	goal + feedback	69	450	-0.0019392666666668095
1102	goal + feedback	69	500	0.033974899999999884
1102	goal + feedback	69	550	0.04972273333333321
1102	goal + feedback	69	600	0.08980056666666651
1102	goal + feedback	69	650	0.1293143999999998
1102	goal + feedback	69	700	0.1368028999999998
1102	goal + feedback	69	750	0.11270123333333326
1102	goal + feedback	69	800	0.1553058999999998
1102	goal + feedback	69	850	0.0839131666666666
1102	goal + feedback	69	900	NA
1102	goal + feedback	69	950	NA
1102	goal + feedback	69	1e3	0.025390566666666725
1102	goal + feedback	69	1050	0.058475280952380845
1102	goal + feedback	69	1100	0.16791656666666643
1102	goal + feedback	69	1150	NA
1102	goal + feedback	70	-200	0.043560299539170434
1102	goal + feedback	70	-150	0.012954870967741913
1102	goal + feedback	70	-100	-0.0021941290322580187
1102	goal + feedback	70	-50	-0.02203429569892479
1102	goal + feedback	70	0	-0.03954679569892491
1102	goal + feedback	70	50	-0.05956796236559151
1102	goal + feedback	70	100	-0.060498795698924766
1102	goal + feedback	70	150	-0.05698146236559154
1102	goal + feedback	70	200	-0.08266312903225814
1102	goal + feedback	70	250	-0.06442712903225815
1102	goal + feedback	70	300	-0.06955896236559152
1102	goal + feedback	70	350	-0.04118146236559136
1102	goal + feedback	70	400	-0.04468696236559152
1102	goal + feedback	70	450	-0.024321295698924716
1102	goal + feedback	70	500	0.004762204301075175
1102	goal + feedback	70	550	0.03600470430107509
1102	goal + feedback	70	600	0.06967853763440861
1102	goal + feedback	70	650	0.08445870430107523
1102	goal + feedback	70	700	0.10692120430107514
1102	goal + feedback	70	750	0.07552303763440855
1102	goal + feedback	70	800	0.09540487096774182
1102	goal + feedback	70	850	0.06851220430107514
1102	goal + feedback	70	900	0.06174253763440851
1102	goal + feedback	70	950	0.028345704301075303
1102	goal + feedback	70	1e3	0.036216704301075264
1102	goal + feedback	70	1050	0.03462370430107523
1102	goal + feedback	70	1100	0.01699537096774173
1102	goal + feedback	70	1150	0.030013870967741923
1102	goal + feedback	71	-200	-0.047681290322580824
1102	goal + feedback	71	-150	-0.014203956989247443
1102	goal + feedback	71	-100	0.013209376344085774
1102	goal + feedback	71	-50	0.0160125430107525
1102	goal + feedback	71	0	0.040610209677419094
1102	goal + feedback	71	50	0.10764870967741917
1102	goal + feedback	71	100	0.11335437634408585
1102	goal + feedback	71	150	0.12951654301075255
1102	goal + feedback	71	200	0.12662070967741923
1102	goal + feedback	71	250	0.09444754301075253
1102	goal + feedback	71	300	0.13093120967741925
1102	goal + feedback	71	350	0.1271457096774192
1102	goal + feedback	71	400	0.11275287634408586
1102	goal + feedback	71	450	0.08489620967741913
1102	goal + feedback	71	500	0.0724940430107525
1102	goal + feedback	71	550	0.0833533763440859
1102	goal + feedback	71	600	0.08347537634408586
1102	goal + feedback	71	650	0.04055854301075246
1102	goal + feedback	71	700	-0.021525456989247422
1102	goal + feedback	71	750	-0.07747729032258088
1102	goal + feedback	71	800	-0.2706792903225807
1102	goal + feedback	71	850	NA
1102	goal + feedback	71	900	NA
1102	goal + feedback	71	950	-0.40829879032258076
1102	goal + feedback	71	1e3	-0.4111217903225808
1102	goal + feedback	71	1050	-0.4063182903225808
1102	goal + feedback	71	1100	-0.38054995698924743
1102	goal + feedback	71	1150	-0.37854362365591426
1102	goal + feedback	72	-200	-0.02395282027649762
1102	goal + feedback	72	-150	-0.011412677419354736
1102	goal + feedback	72	-100	-0.00947117741935477
1102	goal + feedback	72	-50	0.024615822580645357
1102	goal + feedback	72	0	0.024212989247311894
1102	goal + feedback	72	50	0.042802989247312
1102	goal + feedback	72	100	0.060635822580645295
1102	goal + feedback	72	150	0.04776065591397849
1102	goal + feedback	72	200	0.059057989247311836
1102	goal + feedback	72	250	0.04848148924731199
1102	goal + feedback	72	300	0.04792315591397863
1102	goal + feedback	72	350	0.041667322580645205
1102	goal + feedback	72	400	0.025637655913978596
1102	goal + feedback	72	450	0.0027358225806453085
1102	goal + feedback	72	500	0.04114832258064527
1102	goal + feedback	72	550	0.064382489247312
1102	goal + feedback	72	600	0.07235715591397855
1102	goal + feedback	72	650	0.0775368225806452
1102	goal + feedback	72	700	0.044348989247311975
1102	goal + feedback	72	750	0.04049415591397857
1102	goal + feedback	72	800	0.01332315591397859
1102	goal + feedback	72	850	-0.02530967741935471
1102	goal + feedback	72	900	-0.03428517741935474
1102	goal + feedback	72	950	-0.04399634408602138
1102	goal + feedback	72	1e3	-0.05949601075268799
1102	goal + feedback	72	1050	-0.0609095107526881
1102	goal + feedback	72	1100	-0.05247717741935457
1102	goal + feedback	72	1150	-0.03984817741935465
1102	goal + feedback	73	-200	-0.00602835944700456
1102	goal + feedback	73	-150	0.016423688172043056
1102	goal + feedback	73	-100	-0.011841978494623687
1102	goal + feedback	73	-50	0.001689188172042962
1102	goal + feedback	73	0	7.62188172043062e-4
1102	goal + feedback	73	50	2.1435483870968497e-4
1102	goal + feedback	73	100	0.0057136881720429855
1102	goal + feedback	73	150	0.04087435483870975
1102	goal + feedback	73	200	0.026469021505376295
1102	goal + feedback	73	250	8.951881720430007e-4
1102	goal + feedback	73	300	0.004060354838709627
1102	goal + feedback	73	350	0.006914688172042919
1102	goal + feedback	73	400	0.009095688172043056
1102	goal + feedback	73	450	0.003145854838709772
1102	goal + feedback	73	500	0.033430521505376364
1102	goal + feedback	73	550	0.059400354838709646
1102	goal + feedback	73	600	0.08816418817204304
1102	goal + feedback	73	650	0.08446085483870965
1102	goal + feedback	73	700	0.09522702150537625
1102	goal + feedback	73	750	0.10026685483870963
1102	goal + feedback	73	800	0.09474935483870965
1102	goal + feedback	73	850	0.08531285483870972
1102	goal + feedback	73	900	0.07130185483870972
1102	goal + feedback	73	950	0.05574168817204302
1102	goal + feedback	73	1e3	-0.1251986451612903
1102	goal + feedback	73	1050	NA
1102	goal + feedback	73	1100	0.07083368817204298
1102	goal + feedback	73	1150	0.0866893548387097
1102	goal + feedback	74	-200	0.009201483870967817
1102	goal + feedback	74	-150	0.020364983870967857
1102	goal + feedback	74	-100	0.007083650537634452
1102	goal + feedback	74	-50	-0.014983682795698913
1102	goal + feedback	74	0	-0.02320001612903222
1102	goal + feedback	74	50	-0.018996516129032193
1102	goal + feedback	74	100	0.009629483870967848
1102	goal + feedback	74	150	0.005187650537634407
1102	goal + feedback	74	200	0.017625150537634433
1102	goal + feedback	74	250	0.03200331720430105
1102	goal + feedback	74	300	0.006298150537634495
1102	goal + feedback	74	350	0.006187983870967824
1102	goal + feedback	74	400	0.011103817204301128
1102	goal + feedback	74	450	0.014953983870967727
1102	goal + feedback	74	500	0.007465817204301099
1102	goal + feedback	74	550	0.027059483870967904
1102	goal + feedback	74	600	0.05960131720430114
1102	goal + feedback	74	650	0.07025981720430112
1102	goal + feedback	74	700	0.08862448387096777
1102	goal + feedback	74	750	0.09856381720430114
1102	goal + feedback	74	800	0.0909621505376345
1102	goal + feedback	74	850	0.04628168387096778
1102	goal + feedback	74	900	NA
1102	goal + feedback	74	950	NA
1102	goal + feedback	74	1e3	0.039232483870967894
1102	goal + feedback	74	1050	-0.0217323494623655
1102	goal + feedback	74	1100	0.007219317204301061
1102	goal + feedback	74	1150	0.013929150537634438
1102	goal + feedback	75	-200	-0.003052267281105842
1102	goal + feedback	75	-150	0.0045164946236560715
1102	goal + feedback	75	-100	-8.868387096772808e-4
1102	goal + feedback	75	-50	-3.020053763439871e-4
1102	goal + feedback	75	0	2.3332795698941902e-4
1102	goal + feedback	75	50	-0.0029070387096773232
1102	goal + feedback	75	100	-0.07940383870967738
1102	goal + feedback	75	150	NA
1102	goal + feedback	75	200	-0.01594033870967726
1102	goal + feedback	75	250	-0.0671338387096773
1102	goal + feedback	75	300	-0.016023672043010546
1102	goal + feedback	75	350	-0.02584667204301061
1102	goal + feedback	75	400	-0.004969672043010724
1102	goal + feedback	75	450	0.011495827956989446
1102	goal + feedback	75	500	0.039078494623656056
1102	goal + feedback	75	550	0.06112399462365592
1102	goal + feedback	75	600	0.08644299462365601
1102	goal + feedback	75	650	0.09491699462365603
1102	goal + feedback	75	700	0.10134932795698932
1102	goal + feedback	75	750	0.049700161290322585
1102	goal + feedback	75	800	0.025631161290322686
1102	goal + feedback	75	850	0.009907827956989449
1102	goal + feedback	75	900	-0.0070935053763439004
1102	goal + feedback	75	950	-0.025970338709677243
1102	goal + feedback	75	1e3	-0.03346850537634394
1102	goal + feedback	75	1050	-0.03244900537634391
1102	goal + feedback	75	1100	-0.038836505376344053
1102	goal + feedback	75	1150	-0.035924838709677255
1102	goal + feedback	76	-200	0.011631175115207362
1102	goal + feedback	76	-150	-2.1430107526887454e-4
1102	goal + feedback	76	-100	0.0048873655913976854
1102	goal + feedback	76	-50	0.0012658655913977412
1102	goal + feedback	76	0	-0.019508634408602177
1102	goal + feedback	76	50	-0.008072134408602253
1102	goal + feedback	76	100	-0.009768634408602317
1102	goal + feedback	76	150	-0.013755801075268895
1102	goal + feedback	76	200	-0.01682580107526895
1102	goal + feedback	76	250	-0.024662801075268897
1102	goal + feedback	76	300	-0.0472729677419356
1102	goal + feedback	76	350	-0.029750134408602264
1102	goal + feedback	76	400	-0.04275563440860227
1102	goal + feedback	76	450	-0.03397963440860222
1102	goal + feedback	76	500	-0.035933801075268924
1102	goal + feedback	76	550	-0.01123446774193552
1102	goal + feedback	76	600	0.010223532258064457
1102	goal + feedback	76	650	0.036413698924731085
1102	goal + feedback	76	700	0.03009919892473108
1102	goal + feedback	76	750	0.02130569892473111
1102	goal + feedback	76	800	0.005899532258064462
1102	goal + feedback	76	850	0.03997903225806435
1102	goal + feedback	76	900	0.04490736559139763
1102	goal + feedback	76	950	0.05733753225806441
1102	goal + feedback	76	1e3	0.03492086559139773
1102	goal + feedback	76	1050	0.052005365591397755
1102	goal + feedback	76	1100	0.05652103225806441
1102	goal + feedback	76	1150	0.08057886559139764
1102	goal + feedback	77	-200	-0.005084165898617662
1102	goal + feedback	77	-150	-0.006497618279569961
1102	goal + feedback	77	-100	0.011674881720430038
1102	goal + feedback	77	-50	0.009138548387096712
1102	goal + feedback	77	0	-0.008384284946236628
1102	goal + feedback	77	50	-0.05057261827957005
1102	goal + feedback	77	100	-0.050852118279570035
1102	goal + feedback	77	150	-0.07305128494623674
1102	goal + feedback	77	200	-0.09955611827957005
1102	goal + feedback	77	250	-0.1243972849462367
1102	goal + feedback	77	300	-0.12726711827956985
1102	goal + feedback	77	350	-0.10526278494623671
1102	goal + feedback	77	400	-0.11387028494623667
1102	goal + feedback	77	450	-0.1049427849462367
1102	goal + feedback	77	500	-0.09965711827956995
1102	goal + feedback	77	550	-0.08075628494623673
1102	goal + feedback	77	600	-0.037752951612903374
1102	goal + feedback	77	650	0.005321048387096683
1102	goal + feedback	77	700	0.03758914838709666
1102	goal + feedback	77	750	NA
1102	goal + feedback	77	800	NA
1102	goal + feedback	77	850	NA
1102	goal + feedback	77	900	0.007024881720429921
1102	goal + feedback	77	950	-0.09064178494623672
1102	goal + feedback	77	1e3	-0.0015167849462367489
1102	goal + feedback	77	1050	-0.03168995161290337
1102	goal + feedback	77	1100	-0.03074945161290336
1102	goal + feedback	77	1150	-0.04084845161290329
1102	goal + feedback	78	-200	-0.02042518894009206
1102	goal + feedback	78	-150	-0.015362903225806246
1102	goal + feedback	78	-100	0.001637430107527038
1102	goal + feedback	78	-50	0.013370930107527101
1102	goal + feedback	78	0	0.024183930107527063
1102	goal + feedback	78	50	0.021618763440860445
1102	goal + feedback	78	100	-0.010141736559139636
1102	goal + feedback	78	150	-0.0025174032258063286
1102	goal + feedback	78	200	0.0057569301075269435
1102	goal + feedback	78	250	0.005998596774193714
1102	goal + feedback	78	300	-0.05690323655913968
1102	goal + feedback	78	350	NA
1102	goal + feedback	78	400	NA
1102	goal + feedback	78	450	0.01826789677419365
1102	goal + feedback	78	500	0.003237596774193774
1102	goal + feedback	78	550	0.02450809677419367
1102	goal + feedback	78	600	0.06406376344086044
1102	goal + feedback	78	650	0.1317434301075271
1102	goal + feedback	78	700	0.13797876344086038
1102	goal + feedback	78	750	0.09710809677419352
1102	goal + feedback	78	800	NA
1102	goal + feedback	78	850	0.16552409677419372
1102	goal + feedback	78	900	0.11757593010752705
1102	goal + feedback	78	950	0.08741926344086037
1102	goal + feedback	78	1e3	0.05795726344086042
1102	goal + feedback	78	1050	0.02041726344086044
1102	goal + feedback	78	1100	0.0235617634408604
1102	goal + feedback	78	1150	0.019266096774193702
1102	goal + feedback	79	-200	6.990691244240312e-4
1102	goal + feedback	79	-150	-0.019313311827956925
1102	goal + feedback	79	-100	0.006279521505376362
1102	goal + feedback	79	-50	0.00537835483870978
1102	goal + feedback	79	0	0.00683985483870971
1102	goal + feedback	79	50	0.02467685483870974
1102	goal + feedback	79	100	0.0423141881720431
1102	goal + feedback	79	150	0.030708021505376326
1102	goal + feedback	79	200	0.046160354838709804
1102	goal + feedback	79	250	0.031929521505376236
1102	goal + feedback	79	300	0.0680038548387097
1102	goal + feedback	79	350	0.062080688172042965
1102	goal + feedback	79	400	0.07974502150537639
1102	goal + feedback	79	450	0.10455185483870966
1102	goal + feedback	79	500	0.11291035483870974
1102	goal + feedback	79	550	0.14080818817204302
1102	goal + feedback	79	600	0.1512943548387097
1102	goal + feedback	79	650	0.15612335483870976
1102	goal + feedback	79	700	0.14802585483870975
1102	goal + feedback	79	750	0.13758535483870973
1102	goal + feedback	79	800	0.09553118817204302
1102	goal + feedback	79	850	0.06313885483870973
1102	goal + feedback	79	900	0.040459021505376315
1102	goal + feedback	79	950	0.0028123548387096373
1102	goal + feedback	79	1e3	-0.0207406451612903
1102	goal + feedback	79	1050	-0.02189364516129033
1102	goal + feedback	79	1100	-0.049466978494623635
1102	goal + feedback	79	1150	-0.030967478494623595
1102	goal + feedback	80	-200	-0.021154875576036996
1102	goal + feedback	80	-150	-0.01803516129032275
1102	goal + feedback	80	-100	0.0035721720430107093
1102	goal + feedback	80	-50	0.00940017204301058
1102	goal + feedback	80	0	0.029743505376343887
1102	goal + feedback	80	50	0.0432033387096773
1102	goal + feedback	80	100	0.04718650537634406
1102	goal + feedback	80	150	0.07798717204301053
1102	goal + feedback	80	200	0.08558267204301069
1102	goal + feedback	80	250	0.08040167204301067
1102	goal + feedback	80	300	0.05505917204301077
1102	goal + feedback	80	350	0.04124383870967733
1102	goal + feedback	80	400	0.023201838709677364
1102	goal + feedback	80	450	0.014224172043010666
1102	goal + feedback	80	500	-0.007946161290322737
1102	goal + feedback	80	550	0.036366005376343935
1102	goal + feedback	80	600	0.049049005376343935
1102	goal + feedback	80	650	0.06793400537634404
1102	goal + feedback	80	700	0.08121900537634404
1102	goal + feedback	80	750	0.051684338709677334
1102	goal + feedback	80	800	0.025031172043010603
1102	goal + feedback	80	850	0.014113005376343931
1102	goal + feedback	80	900	0.012566172043010656
1102	goal + feedback	80	950	-0.005284994623656021
1102	goal + feedback	80	1e3	-0.0021828279569893194
1102	goal + feedback	80	1050	-0.012667994623656012
1102	goal + feedback	80	1100	0.019972838709677365
1102	goal + feedback	80	1150	0.026235172043010662
1102	goal + feedback	81	-200	-0.016772709677419253
1102	goal + feedback	81	-150	-0.015434543010752607
1102	goal + feedback	81	-100	-0.006070876344085985
1102	goal + feedback	81	-50	0.016661623655913987
1102	goal + feedback	81	0	0.024411956989247363
1102	goal + feedback	81	50	0.03173112365591405
1102	goal + feedback	81	100	0.03555162365591406
1102	goal + feedback	81	150	0.03662379032258064
1102	goal + feedback	81	200	0.031884790322580736
1102	goal + feedback	81	250	0.02088745698924736
1102	goal + feedback	81	300	0.034563123655914074
1102	goal + feedback	81	350	0.02329212365591397
1102	goal + feedback	81	400	0.029502123655914092
1102	goal + feedback	81	450	0.04409712365591408
1102	goal + feedback	81	500	0.06265145698924741
1102	goal + feedback	81	550	0.07189945698924742
1102	goal + feedback	81	600	0.12507845698924736
1102	goal + feedback	81	650	0.14810329032258082
1102	goal + feedback	81	700	0.1635974569892474
1102	goal + feedback	81	750	0.1376311236559141
1102	goal + feedback	81	800	0.07973729032258074
1102	goal + feedback	81	850	0.06994112365591398
1102	goal + feedback	81	900	0.04945679032258066
1102	goal + feedback	81	950	0.02364695698924731
1102	goal + feedback	81	1e3	0.0030681236559140235
1102	goal + feedback	81	1050	-0.02557637634408601
1102	goal + feedback	81	1100	-0.02367920967741921
1102	goal + feedback	81	1150	-0.04250904301075257
1102	goal + feedback	82	-200	0.014146778801843165
1102	goal + feedback	82	-150	0.013304731182795551
1102	goal + feedback	82	-100	0.0014003978494621834
1102	goal + feedback	82	-50	-0.014149768817204608
1102	goal + feedback	82	0	-0.01705993548387119
1102	goal + feedback	82	50	-0.014962935483871176
1102	goal + feedback	82	100	-0.024133768817204377
1102	goal + feedback	82	150	-0.014148102150537856
1102	goal + feedback	82	200	-0.010150768817204522
1102	goal + feedback	82	250	-0.007747268817204518
1102	goal + feedback	82	300	0.014266231182795464
1102	goal + feedback	82	350	0.014320231182795462
1102	goal + feedback	82	400	0.04037823118279545
1102	goal + feedback	82	450	0.05905089784946216
1102	goal + feedback	82	500	0.0648687311827955
1102	goal + feedback	82	550	0.09410606451612898
1102	goal + feedback	82	600	0.11419556451612885
1102	goal + feedback	82	650	0.13974339784946213
1102	goal + feedback	82	700	0.15134456451612888
1102	goal + feedback	82	750	0.13538139784946224
1102	goal + feedback	82	800	0.11013773118279542
1102	goal + feedback	82	850	0.09152939784946224
1102	goal + feedback	82	900	0.07489656451612887
1102	goal + feedback	82	950	0.06423556451612893
1102	goal + feedback	82	1e3	0.0535478978494622
1102	goal + feedback	82	1050	0.03434789784946216
1102	goal + feedback	82	1100	0.039030564516128775
1102	goal + feedback	82	1150	-0.003886935483871312
1102	goal + feedback	83	-200	-0.012717847926267099
1102	goal + feedback	83	-150	0.0021877473118281365
1102	goal + feedback	83	-100	-0.008804752688171824
1102	goal + feedback	83	-50	0.005266247311828269
1102	goal + feedback	83	0	0.01618824731182807
1102	goal + feedback	83	50	0.044157080645161516
1102	goal + feedback	83	100	0.06074374731182811
1102	goal + feedback	83	150	0.01874374731182815
1102	goal + feedback	83	200	0.007781247311828092
1102	goal + feedback	83	250	-0.019269919354838533
1102	goal + feedback	83	300	-0.02900641935483857
1102	goal + feedback	83	350	-0.0172567526881718
1102	goal + feedback	83	400	-0.03328675268817179
1102	goal + feedback	83	450	-0.03518475268817175
1102	goal + feedback	83	500	0.021393180645161537
1102	goal + feedback	83	550	NA
1102	goal + feedback	83	600	NA
1102	goal + feedback	83	650	0.040918580645161295
1102	goal + feedback	83	700	0.050478580645161454
1102	goal + feedback	83	750	0.0916470806451614
1102	goal + feedback	83	800	0.05056174731182813
1102	goal + feedback	83	850	0.061875247311828106
1102	goal + feedback	83	900	0.07989908064516145
1102	goal + feedback	83	950	0.0879665806451615
1102	goal + feedback	83	1e3	0.11892674731182822
1102	goal + feedback	83	1050	0.1120427473118281
1102	goal + feedback	83	1100	0.0941992473118282
1102	goal + feedback	83	1150	0.09643691397849478
1102	goal + feedback	84	-200	0.03678156682027663
1102	goal + feedback	84	-150	0.027673709677419556
1102	goal + feedback	84	-100	-0.004912290322580522
1102	goal + feedback	84	-50	-0.02272129032258056
1102	goal + feedback	84	0	-0.04295195698924714
1102	goal + feedback	84	50	-0.07010179032258046
1102	goal + feedback	84	100	-0.07533779032258048
1102	goal + feedback	84	150	-0.08423812365591392
1102	goal + feedback	84	200	-0.07079345698924715
1102	goal + feedback	84	250	-0.09954229032258044
1102	goal + feedback	84	300	-0.08896279032258055
1102	goal + feedback	84	350	-0.08513629032258045
1102	goal + feedback	84	400	-0.08280945698924717
1102	goal + feedback	84	450	-0.0695411236559138
1102	goal + feedback	84	500	-0.047933456989247114
1102	goal + feedback	84	550	-0.011882123655913901
1102	goal + feedback	84	600	-0.014304623655913895
1102	goal + feedback	84	650	-0.0339975403225804
1102	goal + feedback	84	700	NA
1102	goal + feedback	84	750	NA
1102	goal + feedback	84	800	NA
1102	goal + feedback	84	850	NA
1102	goal + feedback	84	900	NA
1102	goal + feedback	84	950	NA
1102	goal + feedback	84	1e3	NA
1102	goal + feedback	84	1050	NA
1102	goal + feedback	84	1100	0.09019570967741952
1102	goal + feedback	84	1150	0.08491210967741943
1102	goal + feedback	85	-200	-0.03930406451612889
1102	goal + feedback	85	-150	-0.014806564516128976
1102	goal + feedback	85	-100	0.019613768817204374
1102	goal + feedback	85	-50	0.015427768817204424
1102	goal + feedback	85	0	0.025619768817204402
1102	goal + feedback	85	50	0.04794993548387105
1102	goal + feedback	85	100	0.04160393548387109
1102	goal + feedback	85	150	0.06405176881720442
1102	goal + feedback	85	200	0.07378943548387107
1102	goal + feedback	85	250	0.08409460215053777
1102	goal + feedback	85	300	0.06770343548387103
1102	goal + feedback	85	350	0.07979776881720439
1102	goal + feedback	85	400	0.08355860215053774
1102	goal + feedback	85	450	0.10307793548387105
1102	goal + feedback	85	500	0.13520176881720447
1102	goal + feedback	85	550	0.14793476881720435
1102	goal + feedback	85	600	0.1814581021505378
1102	goal + feedback	85	650	0.17596760215053772
1102	goal + feedback	85	700	0.16786376881720444
1102	goal + feedback	85	750	0.1571751021505378
1102	goal + feedback	85	800	0.1450446021505377
1102	goal + feedback	85	850	0.1406149354838712
1102	goal + feedback	85	900	0.1068832688172044
1102	goal + feedback	85	950	0.09699010215053779
1102	goal + feedback	85	1e3	0.08165060215053765
1102	goal + feedback	85	1050	0.10504510215053779
1102	goal + feedback	85	1100	0.08536160215053774
1102	goal + feedback	85	1150	0.09073110215053777
1102	goal + feedback	86	-200	0.0938147916666668
1102	goal + feedback	86	-150	NA
1102	goal + feedback	86	-100	0.13300912500000006
1102	goal + feedback	86	-50	-0.020660541666666754
1102	goal + feedback	86	0	-0.048415041666666735
1102	goal + feedback	86	50	-0.03634237499999996
1102	goal + feedback	86	100	-0.031517375000000035
1102	goal + feedback	86	150	-0.04912487500000003
1102	goal + feedback	86	200	-0.05505804166666661
1102	goal + feedback	86	250	-0.06838020833333329
1102	goal + feedback	86	300	-0.060069041666666635
1102	goal + feedback	86	350	-0.07648337500000002
1102	goal + feedback	86	400	-0.0992147083333333
1102	goal + feedback	86	450	-0.12007616071428576
1102	goal + feedback	86	500	-0.08513454166666667
1102	goal + feedback	86	550	-0.08482620833333339
1102	goal + feedback	86	600	-0.06428354166666672
1102	goal + feedback	86	650	-0.03876454166666665
1102	goal + feedback	86	700	-0.02006037499999998
1102	goal + feedback	86	750	-0.0038138750000000035
1102	goal + feedback	86	800	-0.020518708333333285
1102	goal + feedback	86	850	-0.016264541666666615
1102	goal + feedback	86	900	-0.013439208333333305
1102	goal + feedback	86	950	-0.012266374999999977
1102	goal + feedback	86	1e3	0.015025291666666588
1102	goal + feedback	86	1050	-1.7004166666671297e-4
1102	goal + feedback	86	1100	-0.00238970833333337
1102	goal + feedback	86	1150	-0.009181541666666663
1102	goal + feedback	87	-200	1.3151612903218788e-4
1102	goal + feedback	87	-150	-0.005122150537634577
1102	goal + feedback	87	-100	-0.0023606505376344935
1102	goal + feedback	87	-50	-0.00415598387096779
1102	goal + feedback	87	0	0.011485349462365532
1102	goal + feedback	87	50	0.009828016129032205
1102	goal + feedback	87	100	0.045144016129032107
1102	goal + feedback	87	150	-0.011090483870967782
1102	goal + feedback	87	200	-0.010234150537634509
1102	goal + feedback	87	250	-0.013926150537634538
1102	goal + feedback	87	300	0.005504682795698823
1102	goal + feedback	87	350	0.002101849462365468
1102	goal + feedback	87	400	-0.021754150537634482
1102	goal + feedback	87	450	-0.007013317204301132
1102	goal + feedback	87	500	0.002614849462365454
1102	goal + feedback	87	550	0.004810849462365467
1102	goal + feedback	87	600	0.06486734946236543
1102	goal + feedback	87	650	0.0794253494623655
1102	goal + feedback	87	700	0.10550534946236552
1102	goal + feedback	87	750	0.09079018279569888
1102	goal + feedback	87	800	0.06786368279569888
1102	goal + feedback	87	850	0.04158118279569889
1102	goal + feedback	87	900	0.05678401612903228
1102	goal + feedback	87	950	0.045526182795698755
1102	goal + feedback	87	1e3	0.053063182795698806
1102	goal + feedback	87	1050	0.019697016129032185
1102	goal + feedback	87	1100	-0.04016548387096782
1102	goal + feedback	87	1150	-0.045078650537634456
1102	goal + feedback	88	-200	0.012220990783409975
1102	goal + feedback	88	-150	0.016357586021505277
1102	goal + feedback	88	-100	0.02120475268817194
1102	goal + feedback	88	-50	-0.010203580645161544
1102	goal + feedback	88	0	-0.04161658064516138
1102	goal + feedback	88	50	-0.07029541397849481
1102	goal + feedback	88	100	-0.07531274731182802
1102	goal + feedback	88	150	-0.11191908064516147
1102	goal + feedback	88	200	-0.12461924731182816
1102	goal + feedback	88	250	-0.1249862473118281
1102	goal + feedback	88	300	-0.15379824731182815
1102	goal + feedback	88	350	-0.1418834139784948
1102	goal + feedback	88	400	-0.1299429139784948
1102	goal + feedback	88	450	-0.1058357473118281
1102	goal + feedback	88	500	-0.10858408064516138
1102	goal + feedback	88	550	-0.07595458064516143
1102	goal + feedback	88	600	-0.030125080645161395
1102	goal + feedback	88	650	-0.002089747311828131
1102	goal + feedback	88	700	0.041511252688171796
1102	goal + feedback	88	750	0.05059058602150516
1102	goal + feedback	88	800	0.056278252688171916
1102	goal + feedback	88	850	0.04074141935483855
1102	goal + feedback	88	900	0.004542252688171988
1102	goal + feedback	88	950	0.020762086021505272
1102	goal + feedback	88	1e3	-0.06926691397849478
1102	goal + feedback	88	1050	-0.1177759139784947
1102	goal + feedback	88	1100	-0.1179284139784947
1102	goal + feedback	88	1150	-0.12718133064516157
1102	goal + feedback	89	-200	-0.0017689815668201017
1102	goal + feedback	89	-150	-0.0025036720430106443
1102	goal + feedback	89	-100	0.01402016129032265
1102	goal + feedback	89	-50	-0.006850172043010527
1102	goal + feedback	89	0	-0.0026025053763440256
1102	goal + feedback	89	50	-0.010134172043010667
1102	goal + feedback	89	100	-0.015306505376344001
1102	goal + feedback	89	150	-0.027924505376343944
1102	goal + feedback	89	200	-0.029827505376343932
1102	goal + feedback	89	250	-0.033238672043010675
1102	goal + feedback	89	300	-0.01586867204301064
1102	goal + feedback	89	350	-0.022040672043010634
1102	goal + feedback	89	400	-0.028666172043010658
1102	goal + feedback	89	450	-0.010444838709677237
1102	goal + feedback	89	500	0.007830994623656107
1102	goal + feedback	89	550	0.005086994623656027
1102	goal + feedback	89	600	0.008032994623656068
1102	goal + feedback	89	650	0.02687866129032268
1102	goal + feedback	89	700	0.009915661290322694
1102	goal + feedback	89	750	-0.13408333870967715
1102	goal + feedback	89	800	NA
1102	goal + feedback	89	850	-0.05095283870967737
1102	goal + feedback	89	900	0.007605761290322732
1102	goal + feedback	89	950	-0.07793798156682012
1102	goal + feedback	89	1e3	-0.0799076720430106
1102	goal + feedback	89	1050	-0.06590083870967718
1102	goal + feedback	89	1100	-0.08520950537634397
1102	goal + feedback	89	1150	-0.025452005376343994
1102	goal + feedback	90	-200	0.011120700460829611
1102	goal + feedback	90	-150	0.010402795698924919
1102	goal + feedback	90	-100	0.00166929569892497
1102	goal + feedback	90	-50	-0.00711337096774171
1102	goal + feedback	90	0	-0.017932870967741765
1102	goal + feedback	90	50	-0.012244704301075085
1102	goal + feedback	90	100	-0.021854370967741676
1102	goal + feedback	90	150	-0.03352237096774169
1102	goal + feedback	90	200	-0.039650704301075056
1102	goal + feedback	90	250	-0.04960537096774168
1102	goal + feedback	90	300	-0.05291620430107521
1102	goal + feedback	90	350	-0.06566987096774168
1102	goal + feedback	90	400	-0.08759903763440839
1102	goal + feedback	90	450	-0.09362570430107509
1102	goal + feedback	90	500	-0.050477870967741735
1102	goal + feedback	90	550	-0.055345037634408456
1102	goal + feedback	90	600	-0.07156187096774176
1102	goal + feedback	90	650	-0.06745987096774164
1102	goal + feedback	90	700	-0.030026037634408365
1102	goal + feedback	90	750	-0.007975704301075082
1102	goal + feedback	90	800	-0.02735253763440837
1102	goal + feedback	90	850	-0.05124787096774175
1102	goal + feedback	90	900	-0.06618087096774168
1102	goal + feedback	90	950	-0.05217637096774171
1102	goal + feedback	90	1e3	-0.047325704301075154
1102	goal + feedback	90	1050	-0.0456727043010751
1102	goal + feedback	90	1100	-0.04757270430107504
1102	goal + feedback	90	1150	NA
1102	goal + feedback	91	-200	-0.014078236559139793
1102	goal + feedback	91	-150	-5.240460829494253e-4
1102	goal + feedback	91	-100	0.0022507634408601707
1102	goal + feedback	91	-50	0.008500430107526732
1102	goal + feedback	91	0	0.003938430107526776
1102	goal + feedback	91	50	0.035995763440860085
1102	goal + feedback	91	100	0.008016596774193419
1102	goal + feedback	91	150	0.004229430107526744
1102	goal + feedback	91	200	-0.006339236559140001
1102	goal + feedback	91	250	7.814301075267002e-4
1102	goal + feedback	91	300	-0.010720403225806585
1102	goal + feedback	91	350	-0.015401403225806742
1102	goal + feedback	91	400	NA
1102	goal + feedback	91	450	NA
1102	goal + feedback	91	500	0.0845223824884792
1102	goal + feedback	91	550	0.09102743010752683
1102	goal + feedback	91	600	0.13727659677419343
1102	goal + feedback	91	650	0.2039652634408601
1102	goal + feedback	91	700	0.2394629301075267
1102	goal + feedback	91	750	0.26546776344086015
1102	goal + feedback	91	800	0.28179143010752683
1102	goal + feedback	91	850	0.27927943010752676
1102	goal + feedback	91	900	0.27206409677419335
1102	goal + feedback	91	950	0.22666876344086018
1102	goal + feedback	91	1e3	0.20120959677419345
1102	goal + feedback	91	1050	0.13729626344086018
1102	goal + feedback	91	1100	0.08663909677419339
1102	goal + feedback	91	1150	0.06039443010752669
1102	goal + feedback	92	-200	0.05099306666666662
1102	goal + feedback	92	-150	0.043192900000000124
1102	goal + feedback	92	-100	-0.008119838095238054
1102	goal + feedback	92	-50	-0.05444146666666656
1102	goal + feedback	92	0	-0.03934493333333333
1102	goal + feedback	92	50	-0.06337043333333336
1102	goal + feedback	92	100	-0.07251776666666654
1102	goal + feedback	92	150	-0.07763443333333327
1102	goal + feedback	92	200	-0.07717026666666664
1102	goal + feedback	92	250	-0.061617266666666705
1102	goal + feedback	92	300	-0.07200376666666664
1102	goal + feedback	92	350	-0.04542510000000003
1102	goal + feedback	92	400	-0.019406766666666558
1102	goal + feedback	92	450	0.02231973333333337
1102	goal + feedback	92	500	0.03344456666666673
1102	goal + feedback	92	550	0.06997773333333342
1102	goal + feedback	92	600	0.10253039999999995
1102	goal + feedback	92	650	0.12471090000000003
1102	goal + feedback	92	700	0.1026914000000001
1102	goal + feedback	92	750	0.07971656666666675
1102	goal + feedback	92	800	0.06875156666666664
1102	goal + feedback	92	850	0.0742865666666667
1102	goal + feedback	92	900	0.04168356666666676
1102	goal + feedback	92	950	0.035304566666666704
1102	goal + feedback	92	1e3	0.034849900000000066
1102	goal + feedback	92	1050	0.038468066666666655
1102	goal + feedback	92	1100	0.06459623333333342
1102	goal + feedback	92	1150	NA
1102	goal + feedback	93	-200	0.0296306912442398
1102	goal + feedback	93	-150	-0.002575284946236304
1102	goal + feedback	93	-100	-0.025627118279569688
1102	goal + feedback	93	-50	-0.010786118279569731
1102	goal + feedback	93	0	0.004419381720430253
1102	goal + feedback	93	50	0.012678881720430265
1102	goal + feedback	93	100	0.02542221505376367
1102	goal + feedback	93	150	0.0318355483870969
1102	goal + feedback	93	200	0.055088548387096946
1102	goal + feedback	93	250	0.05550104838709694
1102	goal + feedback	93	300	0.04181888172043028
1102	goal + feedback	93	350	0.05049471505376365
1102	goal + feedback	93	400	0.06392038172043028
1102	goal + feedback	93	450	0.08840221505376356
1102	goal + feedback	93	500	0.13914054838709697
1102	goal + feedback	93	550	0.16891538172043022
1102	goal + feedback	93	600	0.19635938172043024
1102	goal + feedback	93	650	0.215906548387097
1102	goal + feedback	93	700	0.20289654838709695
1102	goal + feedback	93	750	0.18059971505376363
1102	goal + feedback	93	800	0.14263988172043027
1102	goal + feedback	93	850	0.13479821505376366
1102	goal + feedback	93	900	0.1303352150537637
1102	goal + feedback	93	950	0.10939104838709694
1102	goal + feedback	93	1e3	0.10670854838709687
1102	goal + feedback	93	1050	0.12624254838709695
1102	goal + feedback	93	1100	0.11484221505376357
1102	goal + feedback	93	1150	0.1265625483870969
1102	goal + feedback	94	-200	-0.020952156682027847
1102	goal + feedback	94	-150	-0.006319037634408812
1102	goal + feedback	94	-100	-2.480376344088005e-4
1102	goal + feedback	94	-50	0.006653795698924547
1102	goal + feedback	94	0	0.024357462365591182
1102	goal + feedback	94	50	0.03487062903225787
1102	goal + feedback	94	100	0.04995379569892459
1102	goal + feedback	94	150	0.06555446236559119
1102	goal + feedback	94	200	0.053935129032257834
1102	goal + feedback	94	250	0.03369162903225783
1102	goal + feedback	94	300	0.04051062903225788
1102	goal + feedback	94	350	0.03913079569892456
1102	goal + feedback	94	400	0.03669712903225782
1102	goal + feedback	94	450	0.060600629032257824
1102	goal + feedback	94	500	0.0789107956989245
1102	goal + feedback	94	550	0.10225512903225782
1102	goal + feedback	94	600	0.12325962903225769
1102	goal + feedback	94	650	0.15964162903225784
1102	goal + feedback	94	700	0.17955779569892458
1102	goal + feedback	94	750	0.18278962903225784
1102	goal + feedback	94	800	0.04348612903225768
1102	goal + feedback	94	850	NA
1102	goal + feedback	94	900	NA
1102	goal + feedback	94	950	0.2189416290322579
1102	goal + feedback	94	1e3	0.20924946236559125
1102	goal + feedback	94	1050	0.22469896236559114
1102	goal + feedback	94	1100	0.19818012903225787
1102	goal + feedback	94	1150	0.22901146236559108
1102	goal + feedback	95	-200	-0.007186133333333474
1102	goal + feedback	95	-150	0.009442366666666535
1102	goal + feedback	95	-100	-0.01000596666666683
1102	goal + feedback	95	-50	0.004828699999999871
1102	goal + feedback	95	0	0.0029210333333332303
1102	goal + feedback	95	50	0.005609699999999866
1102	goal + feedback	95	100	0.013524033333333296
1102	goal + feedback	95	150	0.012127366666666584
1102	goal + feedback	95	200	0.020804533333333246
1102	goal + feedback	95	250	-0.013910466666666732
1102	goal + feedback	95	300	-0.013197442857142925
1102	goal + feedback	95	350	-0.03204590000000005
1102	goal + feedback	95	400	-0.014406442857142971
1102	goal + feedback	95	450	0.0015948666666665279
1102	goal + feedback	95	500	0.027177699999999926
1102	goal + feedback	95	550	0.06473141428571427
1102	goal + feedback	95	600	0.11019186666666658
1102	goal + feedback	95	650	0.09877294999999975
1102	goal + feedback	95	700	NA
1102	goal + feedback	95	750	NA
1102	goal + feedback	95	800	NA
1102	goal + feedback	95	850	0.24109819999999993
1102	goal + feedback	95	900	0.2205953
1102	goal + feedback	95	950	NA
1102	goal + feedback	95	1e3	NA
1102	goal + feedback	95	1050	0.3686063666666666
1102	goal + feedback	95	1100	0.3694172714285712
1102	goal + feedback	95	1150	0.3758255333333332
1102	goal + feedback	96	-200	0.00941016666666683
1102	goal + feedback	96	-150	-0.007722499999999781
1102	goal + feedback	96	-100	0.004906833333333527
1102	goal + feedback	96	-50	0.003058166666666843
1102	goal + feedback	96	0	-0.009652666666666457
1102	goal + feedback	96	50	-0.014742333333333043
1102	goal + feedback	96	100	-0.024536999999999736
1102	goal + feedback	96	150	0.0028725000000001297
1102	goal + feedback	96	200	-0.012496499999999836
1102	goal + feedback	96	250	0.010772500000000221
1102	goal + feedback	96	300	0.01282716666666676
1102	goal + feedback	96	350	0.006379166666666898
1102	goal + feedback	96	400	0.021909333333333485
1102	goal + feedback	96	450	0.009046166666666874
1102	goal + feedback	96	500	0.022242500000000238
1102	goal + feedback	96	550	0.04238533333333357
1102	goal + feedback	96	600	0.1046861666666669
1102	goal + feedback	96	650	0.1337173333333336
1102	goal + feedback	96	700	0.16473650000000015
1102	goal + feedback	96	750	0.20634183333333356
1102	goal + feedback	96	800	0.2094231666666669
1102	goal + feedback	96	850	0.2217065000000001
1102	goal + feedback	96	900	0.1933263333333335
1102	goal + feedback	96	950	0.18309683333333351
1102	goal + feedback	96	1e3	0.1716521666666669
1102	goal + feedback	96	1050	0.16006766666666686
1102	goal + feedback	96	1100	0.14475260000000026
1102	goal + feedback	96	1150	NA
1102	goal + feedback	97	-200	-0.03522810000000017
1102	goal + feedback	97	-150	-0.012699933333333599
1102	goal + feedback	97	-100	0.016325899999999855
1102	goal + feedback	97	-50	0.011127899999999821
1102	goal + feedback	97	0	0.02047423333333313
1102	goal + feedback	97	50	0.041260399999999864
1102	goal + feedback	97	100	0.043745066666666554
1102	goal + feedback	97	150	0.007292733333333172
1102	goal + feedback	97	200	0.006071899999999797
1102	goal + feedback	97	250	0.02199423333333317
1102	goal + feedback	97	300	-0.003016266666666952
1102	goal + feedback	97	350	-0.005940100000000263
1102	goal + feedback	97	400	-0.00415010000000023
1102	goal + feedback	97	450	0.017752066666666472
1102	goal + feedback	97	500	0.04596606666666644
1102	goal + feedback	97	550	0.06541156666666637
1102	goal + feedback	97	600	0.09710589999999979
1102	goal + feedback	97	650	0.10627873333333311
1102	goal + feedback	97	700	0.07284839999999974
1102	goal + feedback	97	750	-0.01196160000000035
1102	goal + feedback	97	800	NA
1102	goal + feedback	97	850	NA
1102	goal + feedback	97	900	NA
1102	goal + feedback	97	950	NA
1102	goal + feedback	97	1e3	NA
1102	goal + feedback	97	1050	NA
1102	goal + feedback	97	1100	0.026999899999999855
1102	goal + feedback	97	1150	-0.08116370000000028
1102	goal + feedback	98	-200	0.014738276497695895
1102	goal + feedback	98	-150	0.001468419354838731
1102	goal + feedback	98	-100	-0.004623247311827876
1102	goal + feedback	98	-50	-0.010074913978494507
1102	goal + feedback	98	0	-0.003964913978494596
1102	goal + feedback	98	50	0.003511586021505364
1102	goal + feedback	98	100	0.022134252688172113
1102	goal + feedback	98	150	0.008973586021505442
1102	goal + feedback	98	200	0.058434619354838714
1102	goal + feedback	98	250	0.0023344193548387538
1102	goal + feedback	98	300	0.011117919354838746
1102	goal + feedback	98	350	0.024307252688172094
1102	goal + feedback	98	400	0.05621941935483873
1102	goal + feedback	98	450	0.058739086021505495
1102	goal + feedback	98	500	0.06187508602150538
1102	goal + feedback	98	550	0.10393875268817217
1102	goal + feedback	98	600	0.1323092526881721
1102	goal + feedback	98	650	0.1519685860215055
1102	goal + feedback	98	700	0.19829058602150532
1102	goal + feedback	98	750	0.1927840860215054
1102	goal + feedback	98	800	0.20845841935483875
1102	goal + feedback	98	850	0.19272208602150545
1102	goal + feedback	98	900	0.18859891935483866
1102	goal + feedback	98	950	0.15709691935483874
1102	goal + feedback	98	1e3	0.1452074193548388
1102	goal + feedback	98	1050	0.12711675268817202
1102	goal + feedback	98	1100	0.11128858602150545
1102	goal + feedback	98	1150	0.07822475268817208
1102	goal + feedback	99	-200	0.04078426267281105
1102	goal + feedback	99	-150	0.010937048387096823
1102	goal + feedback	99	-100	-0.006927951612903198
1102	goal + feedback	99	-50	-0.035888618279569906
1102	goal + feedback	99	0	-0.015702118279569948
1102	goal + feedback	99	50	-0.02006078494623657
1102	goal + feedback	99	100	-0.026101284946236536
1102	goal + feedback	99	150	-0.03597295161290326
1102	goal + feedback	99	200	-0.02587278494623657
1102	goal + feedback	99	250	-0.02572028494623657
1102	goal + feedback	99	300	-0.03106345161290321
1102	goal + feedback	99	350	-0.020933618279569927
1102	goal + feedback	99	400	-0.0029257849462365946
1102	goal + feedback	99	450	0.009899381720430108
1102	goal + feedback	99	500	0.0032508817204301246
1102	goal + feedback	99	550	0.011757381720430097
1102	goal + feedback	99	600	0.022293881720430193
1102	goal + feedback	99	650	1.758817204300378e-4
1102	goal + feedback	99	700	-0.04479728494623666
1102	goal + feedback	99	750	-0.1019577849462366
1102	goal + feedback	99	800	-0.13896095161290326
1102	goal + feedback	99	850	-0.18364261827956976
1102	goal + feedback	99	900	-0.22072928494623656
1102	goal + feedback	99	950	-0.25823245161290315
1102	goal + feedback	99	1e3	-0.2622439516129033
1102	goal + feedback	99	1050	-0.27533895161290317
1102	goal + feedback	99	1100	-0.28832395161290325
1102	goal + feedback	99	1150	-0.26911778494623667
1102	goal + feedback	100	-200	0.0014853523809525346
1102	goal + feedback	100	-150	0.016950900000000102
1102	goal + feedback	100	-100	-0.0028527666666665987
1102	goal + feedback	100	-50	-0.01836553333333324
1102	goal + feedback	100	0	-5.264333333331687e-4
1102	goal + feedback	100	50	0.014214566666666725
1102	goal + feedback	100	100	-0.018243933333333295
1102	goal + feedback	100	150	-0.003691099999999947
1102	goal + feedback	100	200	-0.021852099999999892
1102	goal + feedback	100	250	-0.024156766666666513
1102	goal + feedback	100	300	-0.04676026666666666
1102	goal + feedback	100	350	-0.06062759999999989
1102	goal + feedback	100	400	-0.062392266666666606
1102	goal + feedback	100	450	-0.08868643333333326
1102	goal + feedback	100	500	-0.08207609999999987
1102	goal + feedback	100	550	-0.07855993333333333
1102	goal + feedback	100	600	-0.05254026666666656
1102	goal + feedback	100	650	-0.004158766666666554
1102	goal + feedback	100	700	0.0011917333333334816
1102	goal + feedback	100	750	0.004431066666666854
1102	goal + feedback	100	800	0.03368273333333346
1102	goal + feedback	100	850	0.04373423333333341
1102	goal + feedback	100	900	0.051933566666666854
1102	goal + feedback	100	950	0.03154826666666679
1102	goal + feedback	100	1e3	NA
1102	goal + feedback	100	1050	NA
1102	goal + feedback	100	1100	NA
1102	goal + feedback	100	1150	-0.06254993333333303
1102	goal + feedback	101	-200	0.014134766666666687
1102	goal + feedback	101	-150	0.024598266666666646
1102	goal + feedback	101	-100	0.011411100000000044
1102	goal + feedback	101	-50	-0.019188733333333374
1102	goal + feedback	101	0	-0.030955400000000077
1102	goal + feedback	101	50	-0.04562173333333338
1102	goal + feedback	101	100	-0.05883873333333326
1102	goal + feedback	101	150	-0.10263806666666671
1102	goal + feedback	101	200	-0.13360106666666663
1102	goal + feedback	101	250	-0.15709490000000007
1102	goal + feedback	101	300	-0.16601790000000002
1102	goal + feedback	101	350	-0.15997340000000002
1102	goal + feedback	101	400	-0.16983723333333334
1102	goal + feedback	101	450	-0.16452540000000004
1102	goal + feedback	101	500	-0.14298156666666673
1102	goal + feedback	101	550	-0.10317923333333338
1102	goal + feedback	101	600	-0.08688006666666663
1102	goal + feedback	101	650	-0.04378873333333333
1102	goal + feedback	101	700	-0.019287400000000066
1102	goal + feedback	101	750	-0.009650066666666643
1102	goal + feedback	101	800	-0.0665507333333335
1102	goal + feedback	101	850	NA
1102	goal + feedback	101	900	NA
1102	goal + feedback	101	950	0.07229976666666671
1102	goal + feedback	101	1e3	-0.0018042333333333123
1102	goal + feedback	101	1050	0.015184933333333298
1102	goal + feedback	101	1100	0.017244766666666664
1102	goal + feedback	101	1150	0.03919726666666675
1102	goal + feedback	102	-200	0.004446000000000172
1102	goal + feedback	102	-150	-0.013428666666666533
1102	goal + feedback	102	-100	0.003729833333333321
1102	goal + feedback	102	-50	0.007184666666666765
1102	goal + feedback	102	0	-0.0026728333333332355
1102	goal + feedback	102	50	0.00850033333333348
1102	goal + feedback	102	100	0.022050333333333432
1102	goal + feedback	102	150	0.02740250000000007
1102	goal + feedback	102	200	0.006154833333333369
1102	goal + feedback	102	250	-0.004023666666666574
1102	goal + feedback	102	300	0.025760166666666768
1102	goal + feedback	102	350	0.03411650000000003
1102	goal + feedback	102	400	0.027410333333333387
1102	goal + feedback	102	450	0.04646866666666686
1102	goal + feedback	102	500	0.0860610000000001
1102	goal + feedback	102	550	0.1176536666666667
1102	goal + feedback	102	600	0.14208100000000004
1102	goal + feedback	102	650	0.13491933333333347
1102	goal + feedback	102	700	0.1496198333333334
1102	goal + feedback	102	750	0.1627991666666667
1102	goal + feedback	102	800	0.09887333333333337
1102	goal + feedback	102	850	0.05518666666666672
1102	goal + feedback	102	900	0.035524500000000105
1102	goal + feedback	102	950	-0.016847833333333284
1102	goal + feedback	102	1e3	-0.034494000000000025
1102	goal + feedback	102	1050	-0.044535166666666536
1102	goal + feedback	102	1100	-0.045078666666666566
1102	goal + feedback	102	1150	-0.038713833333333225
1102	goal + feedback	103	-200	-0.006016285714285807
1102	goal + feedback	103	-150	0.012656333333333306
1102	goal + feedback	103	-100	0.0030365000000000344
1102	goal + feedback	103	-50	-0.013010750000000071
1102	goal + feedback	103	0	NA
1102	goal + feedback	103	50	NA
1102	goal + feedback	103	100	NA
1102	goal + feedback	103	150	-0.035029999999999895
1102	goal + feedback	103	200	0.014479333333333289
1102	goal + feedback	103	250	-0.011069333333333375
1102	goal + feedback	103	300	-0.011599333333333442
1102	goal + feedback	103	350	0.017906666666666515
1102	goal + feedback	103	400	0.08285500000000005
1102	goal + feedback	103	450	0.09980949999999995
1102	goal + feedback	103	500	0.12734299999999985
1102	goal + feedback	103	550	0.12559849999999995
1102	goal + feedback	103	600	0.10477233333333325
1102	goal + feedback	103	650	0.1433796666666666
1102	goal + feedback	103	700	0.1565916666666666
1102	goal + feedback	103	750	-0.08061400000000019
1102	goal + feedback	103	800	NA
1102	goal + feedback	103	850	0.2628186666666667
1102	goal + feedback	103	900	0.33893866666666655
1102	goal + feedback	103	950	0.3560859999999999
1102	goal + feedback	103	1e3	0.2827171666666666
1102	goal + feedback	103	1050	0.26094233333333333
1102	goal + feedback	103	1100	0.2659033333333332
1102	goal + feedback	103	1150	0.2671038333333333
1102	goal + feedback	104	-200	0.0034982333333333226
1102	goal + feedback	104	-150	-0.007168266666666663
1102	goal + feedback	104	-100	0.0034918999999999922
1102	goal + feedback	104	-50	-0.006330599999999927
1102	goal + feedback	104	0	0.00650873333333335
1102	goal + feedback	104	50	-0.0017954333333333554
1102	goal + feedback	104	100	0.013621899999999965
1102	goal + feedback	104	150	0.04649506666666666
1102	goal + feedback	104	200	0.046539399999999974
1102	goal + feedback	104	250	0.046056899999999956
1102	goal + feedback	104	300	0.04216623333333339
1102	goal + feedback	104	350	0.029743399999999864
1102	goal + feedback	104	400	0.02800656666666675
1102	goal + feedback	104	450	0.03274190000000007
1102	goal + feedback	104	500	0.037609614285714264
1102	goal + feedback	104	550	0.06850710000000007
1102	goal + feedback	104	600	0.09134647142857144
1102	goal + feedback	104	650	0.10514950000000009
1102	goal + feedback	104	700	0.11637056666666672
1102	goal + feedback	104	750	0.12855204285714286
1102	goal + feedback	104	800	0.11819456666666668
1102	goal + feedback	104	850	0.09652323333333339
1102	goal + feedback	104	900	0.08182240000000007
1102	goal + feedback	104	950	0.08215639999999998
1102	goal + feedback	104	1e3	0.07133806666666669
1102	goal + feedback	104	1050	0.07778956666666674
1102	goal + feedback	104	1100	0.10514256666666662
1102	goal + feedback	104	1150	0.12330190000000003
1102	goal + feedback	105	-200	0.027970202764976953
1102	goal + feedback	105	-150	0.02667177419354842
1102	goal + feedback	105	-100	-0.008106892473118318
1102	goal + feedback	105	-50	-0.018171559139785003
1102	goal + feedback	105	0	-0.033025225806451695
1102	goal + feedback	105	50	-0.040119725806451546
1102	goal + feedback	105	100	-0.02566105913978493
1102	goal + feedback	105	150	-0.01480655913978494
1102	goal + feedback	105	200	-0.018970225806451618
1102	goal + feedback	105	250	0.014928274193548438
1102	goal + feedback	105	300	0.006648607526881678
1102	goal + feedback	105	350	0.009218274193548334
1102	goal + feedback	105	400	0.005870274193548279
1102	goal + feedback	105	450	-0.004149892473118255
1102	goal + feedback	105	500	0.011443940860215015
1102	goal + feedback	105	550	0.03246044086021508
1102	goal + feedback	105	600	0.0885402741935483
1102	goal + feedback	105	650	0.09809227419354845
1102	goal + feedback	105	700	0.09834044086021503
1102	goal + feedback	105	750	0.0938671075268817
1102	goal + feedback	105	800	0.07724527419354839
1102	goal + feedback	105	850	0.059570774193548504
1102	goal + feedback	105	900	0.05485160752688175
1102	goal + feedback	105	950	0.028386940860215093
1102	goal + feedback	105	1e3	0.025343274193548426
1102	goal + feedback	105	1050	0.03411110752688177
1102	goal + feedback	105	1100	0.04118544086021503
1102	goal + feedback	105	1150	0.04112077419354835
1102	goal + feedback	106	-200	0.0011412764976958454
1102	goal + feedback	106	-150	-0.018123580645161175
1102	goal + feedback	106	-100	0.014213419354838738
1102	goal + feedback	106	-50	-1.350806451612859e-4
1102	goal + feedback	106	0	0.0027137526881720517
1102	goal + feedback	106	50	0.011640252688172037
1102	goal + feedback	106	100	0.010333752688172085
1102	goal + feedback	106	150	-0.020164580645161207
1102	goal + feedback	106	200	-0.0056619139784945816
1102	goal + feedback	106	250	0.042675086021505416
1102	goal + feedback	106	300	0.040984252688172
1102	goal + feedback	106	350	0.03914025268817204
1102	goal + feedback	106	400	0.037242919354838776
1102	goal + feedback	106	450	0.05763408602150544
1102	goal + feedback	106	500	0.07045875268817207
1102	goal + feedback	106	550	0.0872197526881721
1102	goal + feedback	106	600	0.08585375268817204
1102	goal + feedback	106	650	0.13629208602150542
1102	goal + feedback	106	700	0.17086508602150544
1102	goal + feedback	106	750	0.16806491935483878
1102	goal + feedback	106	800	0.104165752688172
1102	goal + feedback	106	850	NA
1102	goal + feedback	106	900	NA
1102	goal + feedback	106	950	0.12211241935483885
1102	goal + feedback	106	1e3	0.18372891935483873
1102	goal + feedback	106	1050	0.2085224193548388
1102	goal + feedback	106	1100	0.30942575268817213
1102	goal + feedback	106	1150	0.2071135860215055
1102	goal + feedback	107	-200	-0.02844106666666672
1102	goal + feedback	107	-150	-0.04359490000000007
1102	goal + feedback	107	-100	-3.968999999999963e-4
1102	goal + feedback	107	-50	0.03741193333333337
1102	goal + feedback	107	0	0.03502093333333326
1102	goal + feedback	107	50	0.003075933333333373
1102	goal + feedback	107	100	-0.006539233333333246
1102	goal + feedback	107	150	-0.016277066666666656
1102	goal + feedback	107	200	-0.006487399999999995
1102	goal + feedback	107	250	0.014535933333333398
1102	goal + feedback	107	300	0.022026600000000007
1102	goal + feedback	107	350	0.01821560000000007
1102	goal + feedback	107	400	0.03268276666666662
1102	goal + feedback	107	450	0.05752659999999995
1102	goal + feedback	107	500	0.05018293333333331
1102	goal + feedback	107	550	0.0372046
1102	goal + feedback	107	600	0.046571266666666666
1102	goal + feedback	107	650	0.07036143333333333
1102	goal + feedback	107	700	0.01852659999999995
1102	goal + feedback	107	750	0.02525193333333327
1102	goal + feedback	107	800	0.020222433333333328
1102	goal + feedback	107	850	0.05321643333333322
1102	goal + feedback	107	900	0.024360933333333296
1102	goal + feedback	107	950	-0.007002399999999964
1102	goal + feedback	107	1e3	-0.04394356666666669
1102	goal + feedback	107	1050	-0.08807028095238094
1102	goal + feedback	107	1100	-0.10214456666666671
1102	goal + feedback	107	1150	-0.1250688999999999
1102	goal + feedback	108	-200	-0.013925304147465274
1102	goal + feedback	108	-150	0.01815400537634419
1102	goal + feedback	108	-100	0.01756700537634422
1102	goal + feedback	108	-50	-0.002937494623655853
1102	goal + feedback	108	0	-0.016537327956989218
1102	goal + feedback	108	50	-0.016045661290322588
1102	goal + feedback	108	100	-0.02876632795698919
1102	goal + feedback	108	150	-0.06701116129032252
1102	goal + feedback	108	200	-0.1117163279569892
1102	goal + feedback	108	250	-0.11738416129032252
1102	goal + feedback	108	300	-0.13527699462365583
1102	goal + feedback	108	350	-0.15265049462365585
1102	goal + feedback	108	400	-0.16378732795698916
1102	goal + feedback	108	450	-0.15847582795698925
1102	goal + feedback	108	500	-0.13757882795698917
1102	goal + feedback	108	550	-0.11033982795698909
1102	goal + feedback	108	600	-0.06103432795698908
1102	goal + feedback	108	650	-0.039250161290322515
1102	goal + feedback	108	700	-0.017275327956989123
1102	goal + feedback	108	750	-0.13929982795698903
1102	goal + feedback	108	800	NA
1102	goal + feedback	108	850	NA
1102	goal + feedback	108	900	-0.0340941612903225
1102	goal + feedback	108	950	-0.07459749462365584
1102	goal + feedback	108	1e3	-0.05220316129032251
1102	goal + feedback	108	1050	-0.0315013279569892
1102	goal + feedback	108	1100	-0.02092882795698925
1102	goal + feedback	108	1150	-0.0512766612903226
1102	goal + feedback	109	-200	0.04377542396313367
1102	goal + feedback	109	-150	0.03991050967741936
1102	goal + feedback	109	-100	0.01267370967741924
1102	goal + feedback	109	-50	-0.03750845698924743
1102	goal + feedback	109	0	-0.061607623655914066
1102	goal + feedback	109	50	-0.09882529032258074
1102	goal + feedback	109	100	-0.11296779032258075
1102	goal + feedback	109	150	-0.11749262365591395
1102	goal + feedback	109	200	-0.11482595698924736
1102	goal + feedback	109	250	-0.15445395698924735
1102	goal + feedback	109	300	-0.17959845698924734
1102	goal + feedback	109	350	-0.16667412365591408
1102	goal + feedback	109	400	-0.1547892903225807
1102	goal + feedback	109	450	-0.1407244569892474
1102	goal + feedback	109	500	-0.12910512365591406
1102	goal + feedback	109	550	-0.11071079032258073
1102	goal + feedback	109	600	-0.07869712365591404
1102	goal + feedback	109	650	-0.02758679032258075
1102	goal + feedback	109	700	-0.006957290322580745
1102	goal + feedback	109	750	-0.018819790322580632
1102	goal + feedback	109	800	-0.1037362903225807
1102	goal + feedback	109	850	NA
1102	goal + feedback	109	900	NA
1102	goal + feedback	109	950	NA
1102	goal + feedback	109	1e3	0.10624770967741926
1102	goal + feedback	109	1050	0.009448709677419398
1102	goal + feedback	109	1100	NA
1102	goal + feedback	109	1150	NA
1102	goal + feedback	110	-200	0.014891699999999805
1102	goal + feedback	110	-150	0.008863866666666572
1102	goal + feedback	110	-100	0.011173366666666537
1102	goal + feedback	110	-50	-0.013045966666666834
1102	goal + feedback	110	0	-0.02188296666666682
1102	goal + feedback	110	50	5.183666666665291e-4
1102	goal + feedback	110	100	-0.034129300000000175
1102	goal + feedback	110	150	-0.03249863333333347
1102	goal + feedback	110	200	-0.037336466666666825
1102	goal + feedback	110	250	-0.09987846666666678
1102	goal + feedback	110	300	-0.07446630000000017
1102	goal + feedback	110	350	-0.08149196666666685
1102	goal + feedback	110	400	-0.0695103000000002
1102	goal + feedback	110	450	-0.04210913333333344
1102	goal + feedback	110	500	-0.043910466666666835
1102	goal + feedback	110	550	-0.0072624666666668185
1102	goal + feedback	110	600	0.01588403333333314
1102	goal + feedback	110	650	0.037137866666666484
1102	goal + feedback	110	700	0.07891769999999987
1102	goal + feedback	110	750	0.0861810333333332
1102	goal + feedback	110	800	0.08914019999999982
1102	goal + feedback	110	850	0.11656069999999989
1102	goal + feedback	110	900	0.1154120333333332
1102	goal + feedback	110	950	0.09514729523809505
1102	goal + feedback	110	1e3	0.07111169999999982
1102	goal + feedback	110	1050	0.08111403333333311
1102	goal + feedback	110	1100	0.06794136666666646
1102	goal + feedback	110	1150	0.04574019999999986
1102	goal + feedback	111	-200	-0.02097007373271869
1102	goal + feedback	111	-150	-0.0024109784946234245
1102	goal + feedback	111	-100	0.013363688172043142
1102	goal + feedback	111	-50	0.009676021505376534
1102	goal + feedback	111	0	0.003836354838709847
1102	goal + feedback	111	50	0.010596521505376488
1102	goal + feedback	111	100	-0.042807478494623595
1102	goal + feedback	111	150	-0.10161247849462345
1102	goal + feedback	111	200	-0.10651731182795683
1102	goal + feedback	111	250	-0.14774414516129028
1102	goal + feedback	111	300	-0.16147147849462348
1102	goal + feedback	111	350	-0.14954497849462353
1102	goal + feedback	111	400	-0.16675497849462353
1102	goal + feedback	111	450	-0.16283397849462355
1102	goal + feedback	111	500	-0.13450247849462346
1102	goal + feedback	111	550	-0.10778981182795677
1102	goal + feedback	111	600	-0.07332931182795677
1102	goal + feedback	111	650	-0.05421881182795681
1102	goal + feedback	111	700	-0.017285145161290167
1102	goal + feedback	111	750	-0.017117645161290218
1102	goal + feedback	111	800	-0.007127978494623433
1102	goal + feedback	111	850	0.005134021505376489
1102	goal + feedback	111	900	0.013906188172043107
1102	goal + feedback	111	950	0.027794021505376465
1102	goal + feedback	111	1e3	0.014271521505376583
1102	goal + feedback	111	1050	0.013733521505376508
1102	goal + feedback	111	1100	0.033297188172043114
1102	goal + feedback	111	1150	0.024313021505376547
1102	goal + feedback	112	-200	-0.017273262672811245
1102	goal + feedback	112	-150	-0.006964381720430272
1102	goal + feedback	112	-100	-0.0039037150537636713
1102	goal + feedback	112	-50	0.015029284946236418
1102	goal + feedback	112	0	0.01599095161290302
1102	goal + feedback	112	50	0.00481328494623634
1102	goal + feedback	112	100	-0.006711381720430287
1102	goal + feedback	112	150	-0.002070881720430314
1102	goal + feedback	112	200	0.027092284946236278
1102	goal + feedback	112	250	0.030254451612903004
1102	goal + feedback	112	300	0.0290371182795696
1102	goal + feedback	112	350	0.03533945161290301
1102	goal + feedback	112	400	0.06689411827956963
1102	goal + feedback	112	450	0.046611951612902956
1102	goal + feedback	112	500	0.05167545161290299
1102	goal + feedback	112	550	0.07090328494623632
1102	goal + feedback	112	600	0.1327136182795697
1102	goal + feedback	112	650	0.14957578494623638
1102	goal + feedback	112	700	0.181448451612903
1102	goal + feedback	112	750	0.1640567849462363
1102	goal + feedback	112	800	0.13422561827956966
1102	goal + feedback	112	850	0.0827722849462363
1102	goal + feedback	112	900	-0.009906548387097036
1102	goal + feedback	112	950	NA
1102	goal + feedback	112	1e3	NA
1102	goal + feedback	112	1050	NA
1102	goal + feedback	112	1100	0.05660045161290291
1102	goal + feedback	112	1150	-0.04026071505376357
1102	goal + feedback	113	-200	-0.0013786543778803967
1102	goal + feedback	113	-150	0.002542940860214893
1102	goal + feedback	113	-100	-0.015418725806451835
1102	goal + feedback	113	-50	1.577741935481954e-4
1102	goal + feedback	113	0	0.014326440860214914
1102	goal + feedback	113	50	0.02227960752688148
1102	goal + feedback	113	100	0.025319940860214867
1102	goal + feedback	113	150	0.07138777419354818
1102	goal + feedback	113	200	0.06302760752688157
1102	goal + feedback	113	250	0.05465644086021482
1102	goal + feedback	113	300	0.06637444086021493
1102	goal + feedback	113	350	0.0680401075268815
1102	goal + feedback	113	400	0.08542644086021485
1102	goal + feedback	113	450	0.0974619408602148
1102	goal + feedback	113	500	0.1417062741935482
1102	goal + feedback	113	550	0.16725777419354815
1102	goal + feedback	113	600	0.19369677419354817
1102	goal + feedback	113	650	0.21921177419354812
1102	goal + feedback	113	700	0.21422994086021485
1102	goal + feedback	113	750	0.19166160752688147
1102	goal + feedback	113	800	0.17445660752688155
1102	goal + feedback	113	850	0.14679710752688147
1102	goal + feedback	113	900	0.0976006075268816
1102	goal + feedback	113	950	NA
1102	goal + feedback	113	1e3	NA
1102	goal + feedback	113	1050	0.08865644086021485
1102	goal + feedback	113	1100	0.11026052419354826
1102	goal + feedback	113	1150	NA
1102	goal + feedback	114	-200	-0.018659142857142604
1102	goal + feedback	114	-150	-0.020594666666666466
1102	goal + feedback	114	-100	0.017146833333333555
1102	goal + feedback	114	-50	0.010484833333333535
1102	goal + feedback	114	0	0.01473200000000019
1102	goal + feedback	114	50	0.0046375000000002204
1102	goal + feedback	114	100	-0.0068054999999998715
1102	goal + feedback	114	150	-0.01619916666666647
1102	goal + feedback	114	200	-0.011165333333333102
1102	goal + feedback	114	250	-0.03857383333333312
1102	goal + feedback	114	300	-0.015267333333333077
1102	goal + feedback	114	350	-0.006237499999999748
1102	goal + feedback	114	400	0.012767500000000117
1102	goal + feedback	114	450	0.02694466666666684
1102	goal + feedback	114	500	0.04677566666666685
1102	goal + feedback	114	550	0.06632750000000016
1102	goal + feedback	114	600	0.06719850000000016
1102	goal + feedback	114	650	0.06983616666666685
1102	goal + feedback	114	700	0.13407766666666698
1102	goal + feedback	114	750	0.14967666666666682
1102	goal + feedback	114	800	0.15583833333333352
1102	goal + feedback	114	850	0.15416733333333363
1102	goal + feedback	114	900	0.09946916666666687
1102	goal + feedback	114	950	0.10828866666666692
1102	goal + feedback	114	1e3	0.05314283333333362
1102	goal + feedback	114	1050	0.0036740000000002513
1102	goal + feedback	114	1100	0.00717966666666688
1102	goal + feedback	114	1150	-0.027105999999999762
1102	goal + feedback	116	-200	-0.009866898617511666
1102	goal + feedback	116	-150	-0.027402612903225803
1102	goal + feedback	116	-100	-5.786129032259909e-4
1102	goal + feedback	116	-50	0.008027887096774192
1102	goal + feedback	116	0	0.03146472043010751
1102	goal + feedback	116	50	0.04845622043010748
1102	goal + feedback	116	100	0.049976720430107514
1102	goal + feedback	116	150	0.07245122043010747
1102	goal + feedback	116	200	0.035176887096774134
1102	goal + feedback	116	250	-0.04169044623655919
1102	goal + feedback	116	300	0.017628887096774237
1102	goal + feedback	116	350	-0.07227961290322586
1102	goal + feedback	116	400	-0.09674161290322592
1102	goal + feedback	116	450	-0.06986277956989266
1102	goal + feedback	116	500	-0.06392011290322593
1102	goal + feedback	116	550	-0.048587612903225885
1102	goal + feedback	116	600	-0.10446641290322586
1102	goal + feedback	116	650	NA
1102	goal + feedback	116	700	NA
1102	goal + feedback	116	750	NA
1102	goal + feedback	116	800	0.0950881370967741
1102	goal + feedback	116	850	-0.019535446236559267
1102	goal + feedback	116	900	0.0023040537634407463
1102	goal + feedback	116	950	-0.0017749462365591977
1102	goal + feedback	116	1e3	-0.012045279569892578
1102	goal + feedback	116	1050	-0.004873946236559161
1102	goal + feedback	116	1100	0.05913038709677417
1102	goal + feedback	116	1150	0.054918053763440756
1102	goal + feedback	117	-200	-0.0866009769585251
1102	goal + feedback	117	-150	-0.03417938172042989
1102	goal + feedback	117	-100	-0.05073088172042994
1102	goal + feedback	117	-50	0.09894428494623675
1102	goal + feedback	117	0	0.087000451612903415
1102	goal + feedback	117	50	0.0837724516129034
1102	goal + feedback	117	100	0.06356578494623677
1102	goal + feedback	117	150	0.06998678494623671
1102	goal + feedback	117	200	0.03492095161290335
1102	goal + feedback	117	250	0.06307278494623676
1102	goal + feedback	117	300	0.046634951612903354
1102	goal + feedback	117	350	-0.02776638172042989
1102	goal + feedback	117	400	-0.09509754838709654
1102	goal + feedback	117	450	-0.1166795483870966
1102	goal + feedback	117	500	-0.05782154838709652
1102	goal + feedback	117	550	-0.045856048387096594
1102	goal + feedback	117	600	-0.07735171505376319
1102	goal + feedback	117	650	-0.06695354838709659
1102	goal + feedback	117	700	-0.04120304838709665
1102	goal + feedback	117	750	-0.10433071505376319
1102	goal + feedback	117	800	-0.0046880483870965035
1102	goal + feedback	117	850	-0.02981771505376322
1102	goal + feedback	117	900	0.02645628494623679
1102	goal + feedback	117	950	0.04609561827957006
1102	goal + feedback	117	1e3	-0.08972871505376334
1102	goal + feedback	117	1050	-0.04471104838709664
1102	goal + feedback	117	1100	-0.03433288172042981
1102	goal + feedback	117	1150	-0.03383671505376329
1102	goal + feedback	118	-200	0.004011516129032293
1102	goal + feedback	118	-150	0.0370185161290324
1102	goal + feedback	118	-100	0.014032682795698989
1102	goal + feedback	118	-50	-0.021303983870967658
1102	goal + feedback	118	0	-0.03442731720430096
1102	goal + feedback	118	50	-0.10777115053763435
1102	goal + feedback	118	100	-0.09591848387096769
1102	goal + feedback	118	150	-0.10071048387096766
1102	goal + feedback	118	200	-0.12256931720430105
1102	goal + feedback	118	250	-0.1348001505376343
1102	goal + feedback	118	300	-0.1421539838709677
1102	goal + feedback	118	350	-0.14214615053763438
1102	goal + feedback	118	400	-0.14064148387096762
1102	goal + feedback	118	450	-0.11719481720430092
1102	goal + feedback	118	500	-0.10679165053763429
1102	goal + feedback	118	550	-0.08810698387096767
1102	goal + feedback	118	600	-0.036486817204300914
1102	goal + feedback	118	650	-0.026381483870967653
1102	goal + feedback	118	700	-0.04866998387096766
1102	goal + feedback	118	750	NA
1102	goal + feedback	118	800	NA
1102	goal + feedback	118	850	NA
1102	goal + feedback	118	900	0.04560851612903227
1102	goal + feedback	118	950	-0.024136483870967673
1102	goal + feedback	118	1e3	NA
1102	goal + feedback	118	1050	NA
1102	goal + feedback	118	1100	-0.6912779838709676
1102	goal + feedback	118	1150	0.15186134946236565
1102	goal + feedback	119	-200	-0.06171023333333318
1102	goal + feedback	119	-150	-0.025469399999999826
1102	goal + feedback	119	-100	0.016255266666666806
1102	goal + feedback	119	-50	0.027410433333333446
1102	goal + feedback	119	0	0.0435139333333335
1102	goal + feedback	119	50	0.06211243333333346
1102	goal + feedback	119	100	0.08910726666666687
1102	goal + feedback	119	150	0.0910446000000001
1102	goal + feedback	119	200	0.09297793333333344
1102	goal + feedback	119	250	0.1214956000000001
1102	goal + feedback	119	300	0.12131543333333343
1102	goal + feedback	119	350	0.1048914333333335
1102	goal + feedback	119	400	0.11812760000000007
1102	goal + feedback	119	450	0.10954626666666682
1102	goal + feedback	119	500	0.12947160000000016
1102	goal + feedback	119	550	0.13778776666666678
1102	goal + feedback	119	600	0.1704357666666668
1102	goal + feedback	119	650	0.1719569333333335
1102	goal + feedback	119	700	0.19741243333333344
1102	goal + feedback	119	750	0.14658693333333347
1102	goal + feedback	119	800	0.1581022666666668
1102	goal + feedback	119	850	0.08947193333333352
1102	goal + feedback	119	900	0.03971326666666686
1102	goal + feedback	119	950	NA
1102	goal + feedback	119	1e3	NA
1102	goal + feedback	119	1050	NA
1102	goal + feedback	119	1100	NA
1102	goal + feedback	119	1150	NA
1102	goal + feedback	120	-200	-0.04531743333333349
1102	goal + feedback	120	-150	-0.024462433333333422
1102	goal + feedback	120	-100	0.006683899999999854
1102	goal + feedback	120	-50	0.025922400000000012
1102	goal + feedback	120	0	0.037173566666666526
1102	goal + feedback	120	50	0.03101189999999998
1102	goal + feedback	120	100	-0.013590933333333352
1102	goal + feedback	120	150	-0.015199100000000168
1102	goal + feedback	120	200	-0.02611209999999997
1102	goal + feedback	120	250	-0.005606600000000054
1102	goal + feedback	120	300	-0.016714100000000103
1102	goal + feedback	120	350	-0.005528433333333342
1102	goal + feedback	120	400	-0.006503933333333434
1102	goal + feedback	120	450	0.02892089999999999
1102	goal + feedback	120	500	0.05486006666666662
1102	goal + feedback	120	550	0.06880839999999992
1102	goal + feedback	120	600	0.09442939999999989
1102	goal + feedback	120	650	0.0975377333333333
1102	goal + feedback	120	700	0.1032612333333333
1102	goal + feedback	120	750	0.14885123333333325
1102	goal + feedback	120	800	0.16515306666666665
1102	goal + feedback	120	850	0.2067250666666666
1102	goal + feedback	120	900	0.24364023333333318
1102	goal + feedback	120	950	0.2086843999999998
1102	goal + feedback	120	1e3	0.21822273333333322
1102	goal + feedback	120	1050	0.15271523333333326
1102	goal + feedback	120	1100	0.1287897333333333
1102	goal + feedback	120	1150	0.10579640000000001
1102	goal + feedback	121	-200	0.024574566666666724
1102	goal + feedback	121	-150	9.308999999999568e-4
1102	goal + feedback	121	-100	-0.006058100000000029
1102	goal + feedback	121	-50	-0.005239600000000048
1102	goal + feedback	121	0	-0.014207766666666677
1102	goal + feedback	121	50	-0.019129266666666773
1102	goal + feedback	121	100	-6.526000000000772e-4
1102	goal + feedback	121	150	0.054443733333333265
1102	goal + feedback	121	200	0.07957056666666669
1102	goal + feedback	121	250	0.06759490000000001
1102	goal + feedback	121	300	0.08736389999999994
1102	goal + feedback	121	350	0.09289623333333326
1102	goal + feedback	121	400	0.060778899999999934
1102	goal + feedback	121	450	0.05852589999999994
1102	goal + feedback	121	500	0.04685189999999998
1102	goal + feedback	121	550	0.047213566666666575
1102	goal + feedback	121	600	0.06609006666666661
1102	goal + feedback	121	650	0.0645654
1102	goal + feedback	121	700	0.08820523333333334
1102	goal + feedback	121	750	0.04489623333333329
1102	goal + feedback	121	800	0.024716233333333344
1102	goal + feedback	121	850	0.02591123333333334
1102	goal + feedback	121	900	-0.14827676666666667
1102	goal + feedback	121	950	NA
1102	goal + feedback	121	1e3	0.0158582333333334
1102	goal + feedback	121	1050	0.03142266190476185
1102	goal + feedback	121	1100	0.016893733333333365
1102	goal + feedback	121	1150	0.03327673333333333
1102	goal + feedback	122	-200	0.011517466666666495
1102	goal + feedback	122	-150	0.018015966666666532
1102	goal + feedback	122	-100	0.01058063333333322
1102	goal + feedback	122	-50	-0.002890033333333412
1102	goal + feedback	122	0	-0.037224033333333496
1102	goal + feedback	122	50	NA
1102	goal + feedback	122	100	NA
1102	goal + feedback	122	150	0.095046466666666607
1102	goal + feedback	122	200	-0.025061533333333646
1102	goal + feedback	122	250	-0.003091033333333456
1102	goal + feedback	122	300	-0.0025522000000002265
1102	goal + feedback	122	350	0.005796133333333249
1102	goal + feedback	122	400	-0.011790533333333464
1102	goal + feedback	122	450	NA
1102	goal + feedback	122	500	NA
1102	goal + feedback	122	550	0.14473921666666645
1102	goal + feedback	122	600	0.10815446666666644
1102	goal + feedback	122	650	0.10371979999999976
1102	goal + feedback	122	700	0.12453510952380935
1102	goal + feedback	122	750	0.20318836666666656
1102	goal + feedback	122	800	NA
1102	goal + feedback	122	850	NA
1102	goal + feedback	122	900	0.25437976666666656
1102	goal + feedback	122	950	0.23099979999999984
1102	goal + feedback	122	1e3	0.24763110952380943
1102	goal + feedback	122	1050	0.21128529999999981
1102	goal + feedback	122	1100	0.2128049666666664
1102	goal + feedback	122	1150	0.20993663333333323
1102	goal + feedback	123	-200	-0.02260848387096789
1102	goal + feedback	123	-150	-0.008161983870967893
1102	goal + feedback	123	-100	-0.009917150537634608
1102	goal + feedback	123	-50	0.012868016129032064
1102	goal + feedback	123	0	0.031587682795698756
1102	goal + feedback	123	50	0.04802734946236531
1102	goal + feedback	123	100	0.059627182795698674
1102	goal + feedback	123	150	0.04827734946236539
1102	goal + feedback	123	200	0.054500349462365406
1102	goal + feedback	123	250	0.04240618279569867
1102	goal + feedback	123	300	0.03867284946236538
1102	goal + feedback	123	350	0.03251301612903205
1102	goal + feedback	123	400	0.029020682795698766
1102	goal + feedback	123	450	0.030799182795698748
1102	goal + feedback	123	500	0.042364349462365336
1102	goal + feedback	123	550	0.04946651612903197
1102	goal + feedback	123	600	0.09282351612903206
1102	goal + feedback	123	650	0.12288184946236543
1102	goal + feedback	123	700	0.153322516129032
1102	goal + feedback	123	750	0.1757171827956987
1102	goal + feedback	123	800	0.1147935161290321
1102	goal + feedback	123	850	NA
1102	goal + feedback	123	900	NA
1102	goal + feedback	123	950	0.19874551612903213
1102	goal + feedback	123	1e3	-0.9042138838709679
1102	goal + feedback	123	1050	-1.1713808172043012
1102	goal + feedback	123	1100	NA
1102	goal + feedback	123	1150	NA
1102	goal + feedback	124	-200	0.002471096774193628
1102	goal + feedback	124	-150	0.01512409677419376
1102	goal + feedback	124	-100	0.0091147634408603
1102	goal + feedback	124	-50	-0.006878736559139694
1102	goal + feedback	124	0	-0.02024306989247308
1102	goal + feedback	124	50	-0.029625903225806383
1102	goal + feedback	124	100	-0.01719123655913979
1102	goal + feedback	124	150	-0.02840406989247309
1102	goal + feedback	124	200	-0.02815773655913974
1102	goal + feedback	124	250	-0.02242390322580638
1102	goal + feedback	124	300	-0.01602256989247297
1102	goal + feedback	124	350	0.004609263440860249
1102	goal + feedback	124	400	0.01947993010752695
1102	goal + feedback	124	450	0.03341826344086026
1102	goal + feedback	124	500	0.07782743010752709
1102	goal + feedback	124	550	0.13508843010752694
1102	goal + feedback	124	600	0.14793076344086034
1102	goal + feedback	124	650	0.16382743010752696
1102	goal + feedback	124	700	0.17994976344086036
1102	goal + feedback	124	750	0.15802659677419362
1102	goal + feedback	124	800	0.05435689677419351
1102	goal + feedback	124	850	NA
1102	goal + feedback	124	900	NA
1102	goal + feedback	124	950	NA
1102	goal + feedback	124	1e3	NA
1102	goal + feedback	124	1050	NA
1102	goal + feedback	124	1100	NA
1102	goal + feedback	124	1150	NA
1102	goal + feedback	125	-200	0.01645291244239631
1102	goal + feedback	125	-150	0.0060444838709676025
1102	goal + feedback	125	-100	0.012997317204301048
1102	goal + feedback	125	-50	-0.023215849462365695
1102	goal + feedback	125	0	-0.015021016129032283
1102	goal + feedback	125	50	-0.025769016129032336
1102	goal + feedback	125	100	-0.025801349462365602
1102	goal + feedback	125	150	-0.05859418279569898
1102	goal + feedback	125	200	-0.0746485161290323
1102	goal + feedback	125	250	-0.0825965161290323
1102	goal + feedback	125	300	-0.07127501612903231
1102	goal + feedback	125	350	-0.092577182795699
1102	goal + feedback	125	400	-0.10244218279569894
1102	goal + feedback	125	450	-0.10659834946236561
1102	goal + feedback	125	500	-0.0993423494623656
1102	goal + feedback	125	550	-0.08280951612903231
1102	goal + feedback	125	600	-0.0336908494623657
1102	goal + feedback	125	650	-0.027324516129032306
1102	goal + feedback	125	700	-0.019609849462365547
1102	goal + feedback	125	750	-0.0324311827956989
1102	goal + feedback	125	800	-0.06905668279569888
1102	goal + feedback	125	850	-0.06849034946236565
1102	goal + feedback	125	900	-0.086872682795699
1102	goal + feedback	125	950	-0.10501251612903229
1102	goal + feedback	125	1e3	-0.10519284946236558
1102	goal + feedback	125	1050	-0.07183284946236561
1102	goal + feedback	125	1100	-0.07635668279569903
1102	goal + feedback	125	1150	-0.05782384946236566
1102	goal + feedback	126	-200	-0.012296200000000054
1102	goal + feedback	126	-150	-0.008431866666666584
1102	goal + feedback	126	-100	-0.013122200000000047
1102	goal + feedback	126	-50	0.006686466666666539
1102	goal + feedback	126	0	0.027163799999999922
1102	goal + feedback	126	50	0.016221466666666684
1102	goal + feedback	126	100	0.019904800000000018
1102	goal + feedback	126	150	0.032565966666666744
1102	goal + feedback	126	200	0.0037348000000000012
1102	goal + feedback	126	250	-0.021653700000000036
1102	goal + feedback	126	300	-0.021350200000000024
1102	goal + feedback	126	350	-0.011199366666666691
1102	goal + feedback	126	400	-5.753666666667249e-4
1102	goal + feedback	126	450	0.013380133333333285
1102	goal + feedback	126	500	0.033757799999999984
1102	goal + feedback	126	550	0.032805133333333236
1102	goal + feedback	126	600	0.043742466666666514
1102	goal + feedback	126	650	0.07371296666666664
1102	goal + feedback	126	700	0.07760229999999997
1102	goal + feedback	126	750	0.07519963333333335
1102	goal + feedback	126	800	0.06143029999999997
1102	goal + feedback	126	850	0.026128466666666572
1102	goal + feedback	126	900	7.909666666667073e-4
1102	goal + feedback	126	950	-0.023908866666666695
1102	goal + feedback	126	1e3	-0.10133153333333356
1102	goal + feedback	126	1050	NA
1102	goal + feedback	126	1100	NA
1102	goal + feedback	126	1150	NA
1102	goal + feedback	127	-200	0.009414032258064697
1102	goal + feedback	127	-150	0.012959365591398061
1102	goal + feedback	127	-100	-0.014134467741935275
1102	goal + feedback	127	-50	-0.006515967741935302
1102	goal + feedback	127	0	-0.003291967741935261
1102	goal + feedback	127	50	-0.008337634408601987
1102	goal + feedback	127	100	-0.04642880107526862
1102	goal + feedback	127	150	-0.029598467741935197
1102	goal + feedback	127	200	-0.03152413440860191
1102	goal + feedback	127	250	-0.025580301075268725
1102	goal + feedback	127	300	-0.003969967741935365
1102	goal + feedback	127	350	0.01817136559139798
1102	goal + feedback	127	400	0.02594603225806476
1102	goal + feedback	127	450	0.056538865591398015
1102	goal + feedback	127	500	0.06669903225806466
1102	goal + feedback	127	550	0.06944586559139802
1102	goal + feedback	127	600	0.08575503225806476
1102	goal + feedback	127	650	0.08929803225806476
1102	goal + feedback	127	700	0.11811803225806468
1102	goal + feedback	127	750	0.13907136559139807
1102	goal + feedback	127	800	0.1562981989247314
1102	goal + feedback	127	850	0.1391670322580647
1102	goal + feedback	127	900	0.09416986559139799
1102	goal + feedback	127	950	0.05631536559139816
1102	goal + feedback	127	1e3	0.045858532258064764
1102	goal + feedback	127	1050	0.03318836559139804
1102	goal + feedback	127	1100	0.015215865591397945
1102	goal + feedback	127	1150	-0.0045973010752686045
1102	goal + feedback	128	-200	0.030261700460829526
1102	goal + feedback	128	-150	0.02497946236559138
1102	goal + feedback	128	-100	0.013332962365591413
1102	goal + feedback	128	-50	-0.020457204301075338
1102	goal + feedback	128	0	-0.05316053763440857
1102	goal + feedback	128	50	-0.06390653763440857
1102	goal + feedback	128	100	-0.08067737096774197
1102	goal + feedback	128	150	-0.07292503763440861
1102	goal + feedback	128	200	-0.0594813709677419
1102	goal + feedback	128	250	-0.06648020430107533
1102	goal + feedback	128	300	-0.08027003763440861
1102	goal + feedback	128	350	-0.11126253763440859
1102	goal + feedback	128	400	-0.11794670430107534
1102	goal + feedback	128	450	-0.12346153763440859
1102	goal + feedback	128	500	-0.1539475376344087
1102	goal + feedback	128	550	-0.1554635376344086
1102	goal + feedback	128	600	-0.14594337096774188
1102	goal + feedback	128	650	-0.1612145376344086
1102	goal + feedback	128	700	-0.10545903763440867
1102	goal + feedback	128	750	-0.12472270430107531
1102	goal + feedback	128	800	-0.13653887096774175
1102	goal + feedback	128	850	NA
1102	goal + feedback	128	900	NA
1102	goal + feedback	128	950	-0.14925220430107533
1102	goal + feedback	128	1e3	-0.19970670430107532
1102	goal + feedback	128	1050	NA
1102	goal + feedback	128	1100	NA
1102	goal + feedback	128	1150	NA
1102	goal + feedback	129	-200	-0.01949820737327203
1102	goal + feedback	129	-150	-0.010203397849462448
1102	goal + feedback	129	-100	-0.0016047311827958044
1102	goal + feedback	129	-50	-0.009866731182795721
1102	goal + feedback	129	0	0.04442276881720416
1102	goal + feedback	129	50	0.003988435483870845
1102	goal + feedback	129	100	0.0068237688172041455
1102	goal + feedback	129	150	0.022373268817204178
1102	goal + feedback	129	200	0.06149293548387084
1102	goal + feedback	129	250	0.028250268817204088
1102	goal + feedback	129	300	0.03221526881720416
1102	goal + feedback	129	350	0.03706743548387078
1102	goal + feedback	129	400	0.06394210215053746
1102	goal + feedback	129	450	0.0852841021505375
1102	goal + feedback	129	500	0.11081543548387085
1102	goal + feedback	129	550	0.13620310215053752
1102	goal + feedback	129	600	0.15975626881720428
1102	goal + feedback	129	650	0.16410626881720414
1102	goal + feedback	129	700	0.20036043548387084
1102	goal + feedback	129	750	0.19189576881720413
1102	goal + feedback	129	800	0.19775026881720414
1102	goal + feedback	129	850	0.1949897688172042
1102	goal + feedback	129	900	0.20307143548387083
1102	goal + feedback	129	950	0.1683984354838708
1102	goal + feedback	129	1e3	0.1784066021505375
1102	goal + feedback	129	1050	0.12683660215053746
1102	goal + feedback	129	1100	0.12048926881720419
1102	goal + feedback	129	1150	0.10812443548387078
1102	goal + feedback	130	-200	0.00603264055299535
1102	goal + feedback	130	-150	0.010203854838709633
1102	goal + feedback	130	-100	-0.0020798118279570232
1102	goal + feedback	130	-50	0.006229854838709636
1102	goal + feedback	130	0	-0.02139197849462371
1102	goal + feedback	130	50	-0.049427145161290355
1102	goal + feedback	130	100	-0.053061811827957106
1102	goal + feedback	130	150	-0.07371031182795702
1102	goal + feedback	130	200	-0.10807314516129034
1102	goal + feedback	130	250	-0.10173147849462365
1102	goal + feedback	130	300	-0.10697497849462374
1102	goal + feedback	130	350	-0.09764331182795709
1102	goal + feedback	130	400	-0.08379731182795691
1102	goal + feedback	130	450	-0.06390897849462378
1102	goal + feedback	130	500	-0.03800147849462373
1102	goal + feedback	130	550	0.008746854838709664
1102	goal + feedback	130	600	0.0617623548387097
1102	goal + feedback	130	650	0.08857502150537637
1102	goal + feedback	130	700	0.076365188172043
1102	goal + feedback	130	750	0.08433835483870977
1102	goal + feedback	130	800	NA
1102	goal + feedback	130	850	0.059521354838709684
1102	goal + feedback	130	900	0.09804352150537632
1102	goal + feedback	130	950	NA
1102	goal + feedback	130	1e3	NA
1102	goal + feedback	130	1050	0.1418363548387096
1102	goal + feedback	130	1100	0.09147452150537634
1102	goal + feedback	130	1150	0.11596135483870958
1102	goal + feedback	131	-200	0.00668066820276479
1102	goal + feedback	131	-150	0.014116096774193343
1102	goal + feedback	131	-100	-0.0025932365591400477
1102	goal + feedback	131	-50	-0.005131236559139977
1102	goal + feedback	131	0	-0.014185736559140016
1102	goal + feedback	131	50	-0.0166585698924732
1102	goal + feedback	131	100	-0.019791569892473326
1102	goal + feedback	131	150	-0.02077656989247334
1102	goal + feedback	131	200	-0.039976569892473224
1102	goal + feedback	131	250	-0.060345569892473305
1102	goal + feedback	131	300	-0.07590440322580672
1102	goal + feedback	131	350	-0.11300623655914
1102	goal + feedback	131	400	-0.13797140322580667
1102	goal + feedback	131	450	-0.12731390322580668
1102	goal + feedback	131	500	-0.1339645698924734
1102	goal + feedback	131	550	-0.14280823655914002
1102	goal + feedback	131	600	-0.11753756989247328
1102	goal + feedback	131	650	-0.07414473655913996
1102	goal + feedback	131	700	-0.04284040322580666
1102	goal + feedback	131	750	-0.040463069892473356
1102	goal + feedback	131	800	-0.06994623655913997
1102	goal + feedback	131	850	-0.05042490322580669
1102	goal + feedback	131	900	-0.03804190322580666
1102	goal + feedback	131	950	-0.054633069892473296
1102	goal + feedback	131	1e3	-0.09153923655914002
1102	goal + feedback	131	1050	-0.10010190322580666
1102	goal + feedback	131	1100	-0.08683190322580663
1102	goal + feedback	131	1150	-0.10637706989247331
1102	goal + feedback	132	-200	0.004165843317972635
1102	goal + feedback	132	-150	-0.010214704301075036
1102	goal + feedback	132	-100	-0.0035348709677417802
1102	goal + feedback	132	-50	-0.009355037634408406
1102	goal + feedback	132	0	0.01824446236559159
1102	goal + feedback	132	50	-0.006820537634408375
1102	goal + feedback	132	100	-0.03494437096774172
1102	goal + feedback	132	150	-0.09409903763440834
1102	goal + feedback	132	200	-0.10939337096774171
1102	goal + feedback	132	250	-0.13192053763440836
1102	goal + feedback	132	300	-0.15111920430107503
1102	goal + feedback	132	350	-0.15689153763440844
1102	goal + feedback	132	400	-0.14148203763440845
1102	goal + feedback	132	450	-0.13920237096774168
1102	goal + feedback	132	500	-0.13094970430107508
1102	goal + feedback	132	550	-0.09508103763440845
1102	goal + feedback	132	600	-0.07633203763440839
1102	goal + feedback	132	650	-0.0264785376344084
1102	goal + feedback	132	700	-0.009446370967741776
1102	goal + feedback	132	750	-7.883709677417213e-4
1102	goal + feedback	132	800	0.009161629032258404
1102	goal + feedback	132	850	0.012905795698924916
1102	goal + feedback	132	900	0.018003795698924963
1102	goal + feedback	132	950	-0.02135987096774176
1102	goal + feedback	132	1e3	-0.015434037634408426
1102	goal + feedback	132	1050	-0.044957870967741696
1102	goal + feedback	132	1100	-0.06451170430107515
1102	goal + feedback	132	1150	-0.05314120430107505
1102	goal + feedback	133	-200	-0.025151399999999935
1102	goal + feedback	133	-150	-0.02407289999999988
1102	goal + feedback	133	-100	0.001493266666666641
1102	goal + feedback	133	-50	0.02260960000000008
1102	goal + feedback	133	0	0.02512143333333346
1102	goal + feedback	133	50	0.05366893333333341
1102	goal + feedback	133	100	0.038510100000000026
1102	goal + feedback	133	150	0.0497932666666668
1102	goal + feedback	133	200	0.03296260000000014
1102	goal + feedback	133	250	0.020299100000000053
1102	goal + feedback	133	300	0.04400060000000009
1102	goal + feedback	133	350	0.04169926666666668
1102	goal + feedback	133	400	0.06978183809523816
1102	goal + feedback	133	450	0.10784946666666669
1102	goal + feedback	133	500	0.10109226666666678
1102	goal + feedback	133	550	0.14234776666666674
1102	goal + feedback	133	600	0.18193143333333336
1102	goal + feedback	133	650	0.22641110000000006
1102	goal + feedback	133	700	0.2486327666666667
1102	goal + feedback	133	750	0.25838240952380964
1102	goal + feedback	133	800	0.24070446666666676
1102	goal + feedback	133	850	0.24553243333333338
1102	goal + feedback	133	900	-0.03184606666666667
1102	goal + feedback	133	950	NA
1102	goal + feedback	133	1e3	NA
1102	goal + feedback	133	1050	0.1414666666666668
1102	goal + feedback	133	1100	0.10523383809523823
1102	goal + feedback	133	1150	0.09166860000000006
1102	goal + feedback	134	-200	-0.017218050691244016
1102	goal + feedback	134	-150	0.00745080645161315
1102	goal + feedback	134	-100	-0.005801026881720202
1102	goal + feedback	134	-50	0.0022926397849463895
1102	goal + feedback	134	0	0.016145306451613124
1102	goal + feedback	134	50	0.0022056397849464413
1102	goal + feedback	134	100	0.008308806451613101
1102	goal + feedback	134	150	0.016116473118279906
1102	goal + feedback	134	200	0.03591363978494644
1102	goal + feedback	134	250	0.02775497311827979
1102	goal + feedback	134	300	0.017788473118279875
1102	goal + feedback	134	350	0.02107780645161313
1102	goal + feedback	134	400	0.013486806451613079
1102	goal + feedback	134	450	0.03042713978494634
1102	goal + feedback	134	500	0.06833297311827986
1102	goal + feedback	134	550	0.0862899731182798
1102	goal + feedback	134	600	0.11384930645161313
1102	goal + feedback	134	650	0.17182330645161312
1102	goal + feedback	134	700	0.14816530645161308
1102	goal + feedback	134	750	0.15457380645161325
1102	goal + feedback	134	800	0.19050663978494642
1102	goal + feedback	134	850	0.18077730645161316
1102	goal + feedback	134	900	0.1570516397849465
1102	goal + feedback	134	950	0.15032813978494652
1102	goal + feedback	134	1e3	0.16598497311827987
1102	goal + feedback	134	1050	0.13782630645161306
1102	goal + feedback	134	1100	0.16534980645161315
1102	goal + feedback	134	1150	0.17243097311827982
1102	goal + feedback	135	-200	-0.008833400000000028
1102	goal + feedback	135	-150	0.022755100000000066
1102	goal + feedback	135	-100	-0.0026507333333332106
1102	goal + feedback	135	-50	0.002187766666666683
1102	goal + feedback	135	0	-0.013458733333333361
1102	goal + feedback	135	50	-0.016307947619047587
1102	goal + feedback	135	100	-0.06831143333333331
1102	goal + feedback	135	150	-0.12158551904761897
1102	goal + feedback	135	200	-0.16601673333333325
1102	goal + feedback	135	250	-0.19640756666666662
1102	goal + feedback	135	300	-0.23994556666666664
1102	goal + feedback	135	350	-0.2550240666666667
1102	goal + feedback	135	400	-0.2805815666666666
1102	goal + feedback	135	450	-0.27028156666666664
1102	goal + feedback	135	500	-0.2787775666666667
1102	goal + feedback	135	550	-0.2518942333333332
1102	goal + feedback	135	600	-0.30104073333333337
1102	goal + feedback	135	650	NA
1102	goal + feedback	135	700	NA
1102	goal + feedback	135	750	-0.14271823333333322
1102	goal + feedback	135	800	-0.15271643333333335
1102	goal + feedback	135	850	-0.13035163333333327
1102	goal + feedback	135	900	-0.10530289999999994
1102	goal + feedback	135	950	-0.11814673333333332
1102	goal + feedback	135	1e3	-0.1411289
1102	goal + feedback	135	1050	-0.11535623333333327
1102	goal + feedback	135	1100	-0.13877323333333327
1102	goal + feedback	135	1150	-0.15918873333333328
1102	goal + feedback	136	-200	0.018742391705069115
1102	goal + feedback	136	-150	-0.006242655913978472
1102	goal + feedback	136	-100	0.005022177419354845
1102	goal + feedback	136	-50	-0.011193655913978473
1102	goal + feedback	136	0	-0.009451989247311868
1102	goal + feedback	136	50	0.0040921774193548215
1102	goal + feedback	136	100	-0.010056489247311692
1102	goal + feedback	136	150	0.003976677419354813
1102	goal + feedback	136	200	-0.004191322580645214
1102	goal + feedback	136	250	-0.0052474892473117025
1102	goal + feedback	136	300	-4.298225806450932e-4
1102	goal + feedback	136	350	-0.03076092258064502
1102	goal + feedback	136	400	-0.05157832258064511
1102	goal + feedback	136	450	-0.05217582258064516
1102	goal + feedback	136	500	-0.022405322580645138
1102	goal + feedback	136	550	-0.008837894009216576
1102	goal + feedback	136	600	0.01923967741935484
1102	goal + feedback	136	650	0.043698510752688234
1102	goal + feedback	136	700	0.08880984408602144
1102	goal + feedback	136	750	0.11651551075268814
1102	goal + feedback	136	800	0.1412460107526882
1102	goal + feedback	136	850	0.15111301075268813
1102	goal + feedback	136	900	0.1609075107526882
1102	goal + feedback	136	950	0.13591934408602158
1102	goal + feedback	136	1e3	0.11718567741935486
1102	goal + feedback	136	1050	0.1234611774193548
1102	goal + feedback	136	1100	0.13237951075268825
1102	goal + feedback	136	1150	0.11075601075268815
1102	goal + feedback	137	-200	0.046997539170506704
1102	goal + feedback	137	-150	0.016412967741935274
1102	goal + feedback	137	-100	-0.04164786559139796
1102	goal + feedback	137	-50	-0.025509365591397975
1102	goal + feedback	137	0	-0.004086198924731462
1102	goal + feedback	137	50	-0.0046248655913980015
1102	goal + feedback	137	100	0.011413967741935297
1102	goal + feedback	137	150	0.02246663440860197
1102	goal + feedback	137	200	-0.005178532258064712
1102	goal + feedback	137	250	-0.03325553225806469
1102	goal + feedback	137	300	-0.08470836559139798
1102	goal + feedback	137	350	-0.1195006989247313
1102	goal + feedback	137	400	-0.09599753225806477
1102	goal + feedback	137	450	-0.09682019892473133
1102	goal + feedback	137	500	-0.1141861989247314
1102	goal + feedback	137	550	-0.11837953225806475
1102	goal + feedback	137	600	-0.09811086559139803
1102	goal + feedback	137	650	-0.09402969892473127
1102	goal + feedback	137	700	-0.05906469892473135
1102	goal + feedback	137	750	-0.051006532258064695
1102	goal + feedback	137	800	-0.0737446989247313
1102	goal + feedback	137	850	-0.08479019892473127
1102	goal + feedback	137	900	-0.10417219892473135
1102	goal + feedback	137	950	-0.12617536559139805
1102	goal + feedback	137	1e3	-0.14438703225806462
1102	goal + feedback	137	1050	-0.14771236559139803
1102	goal + feedback	137	1100	-0.11151286559139795
1102	goal + feedback	137	1150	-0.10891703225806466
1102	goal + feedback	138	-200	0.008563133333333287
1102	goal + feedback	138	-150	0.008729300000000087
1102	goal + feedback	138	-100	-3.2953333333337237e-4
1102	goal + feedback	138	-50	-0.015434700000000134
1102	goal + feedback	138	0	-0.0015282000000000167
1102	goal + feedback	138	50	0.00409096666666664
1102	goal + feedback	138	100	0.034885442857142825
1102	goal + feedback	138	150	0.07721063333333326
1102	goal + feedback	138	200	0.07224829999999989
1102	goal + feedback	138	250	0.09519746666666677
1102	goal + feedback	138	300	0.10748063333333328
1102	goal + feedback	138	350	0.10608829999999998
1102	goal + feedback	138	400	0.12073496666666668
1102	goal + feedback	138	450	0.1305219666666666
1102	goal + feedback	138	500	0.17224050000000002
1102	goal + feedback	138	550	0.16970529999999995
1102	goal + feedback	138	600	0.18280163333333324
1102	goal + feedback	138	650	0.17360263333333337
1102	goal + feedback	138	700	0.16308696666666664
1102	goal + feedback	138	750	0.16472496666666672
1102	goal + feedback	138	800	0.1254514666666667
1102	goal + feedback	138	850	0.08947296666666656
1102	goal + feedback	138	900	0.07324413333333335
1102	goal + feedback	138	950	0.07159363333333335
1102	goal + feedback	138	1e3	0.06395230000000003
1102	goal + feedback	138	1050	0.0592379666666667
1102	goal + feedback	138	1100	0.0523056333333333
1102	goal + feedback	138	1150	0.06447229999999997
1102	goal + feedback	139	-200	0.012208026881720402
1102	goal + feedback	139	-150	-0.020005973118279563
1102	goal + feedback	139	-100	0.03754452688172042
1102	goal + feedback	139	-50	0.001326479262672756
1102	goal + feedback	139	0	-0.03129413978494622
1102	goal + feedback	139	50	-0.03200405645161286
1102	goal + feedback	139	100	-0.016923473118279464
1102	goal + feedback	139	150	0.04436269354838718
1102	goal + feedback	139	200	0.04699247926267284
1102	goal + feedback	139	250	0.03976019354838719
1102	goal + feedback	139	300	-0.020770556451612965
1102	goal + feedback	139	350	0.06995752688172045
1102	goal + feedback	139	400	0.027641593548387088
1102	goal + feedback	139	450	0.04034869354838707
1102	goal + feedback	139	500	0.06635199354838717
1102	goal + feedback	139	550	0.07113419354838706
1102	goal + feedback	139	600	0.17537736021505382
1102	goal + feedback	139	650	0.23057519354838707
1102	goal + feedback	139	700	0.251989693548387
1102	goal + feedback	139	750	0.1148525935483871
1102	goal + feedback	139	800	-0.007018806451613013
1102	goal + feedback	139	850	NA
1102	goal + feedback	139	900	-0.08869380645161273
1102	goal + feedback	139	950	-0.09878009216589863
1102	goal + feedback	139	1e3	-0.08494830645161289
1102	goal + feedback	139	1050	NA
1102	goal + feedback	139	1100	-0.002026806451612906
1102	goal + feedback	139	1150	-0.037624139784946165
1102	goal + feedback	140	-200	0.004265321428571278
1102	goal + feedback	140	-150	0.006964154761904595
1102	goal + feedback	140	-100	0.0018890214285712582
1102	goal + feedback	140	-50	0.013376654761904602
1102	goal + feedback	140	0	-0.03141637857142863
1102	goal + feedback	140	50	0.01650102142857124
1102	goal + feedback	140	100	0.016717488095238025
1102	goal + feedback	140	150	-0.018063511904762148
1102	goal + feedback	140	200	-0.004587345238095342
1102	goal + feedback	140	250	-0.04166067857142871
1102	goal + feedback	140	300	-0.027354345238095323
1102	goal + feedback	140	350	-0.06423784523809539
1102	goal + feedback	140	400	0.0015216547619045784
1102	goal + feedback	140	450	-0.018274511904762036
1102	goal + feedback	140	500	0.06861915476190468
1102	goal + feedback	140	550	0.10138298809523794
1102	goal + feedback	140	600	0.05335548809523797
1102	goal + feedback	140	650	0.08965615476190465
1102	goal + feedback	140	700	0.12527665476190464
1102	goal + feedback	140	750	0.09318757142857126
1102	goal + feedback	140	800	NA
1102	goal + feedback	140	850	NA
1102	goal + feedback	140	900	0.011317488095238026
1102	goal + feedback	140	950	-0.004851578571428661
1102	goal + feedback	140	1e3	0.01238398809523796
1102	goal + feedback	140	1050	0.018268321428571266
1102	goal + feedback	140	1100	0.04838748809523796
1102	goal + feedback	140	1150	0.05418507142857132
