Subject	condition	TrialId	bin	pupil_change
1109	goal + feedback	1	-200	0.035091119815668356
1109	goal + feedback	1	-150	0.0071943817204302984
1109	goal + feedback	1	-100	0.003038715053763482
1109	goal + feedback	1	-50	-0.030300951612903065
1109	goal + feedback	1	0	-0.020871784946236465
1109	goal + feedback	1	50	-0.059720284946236456
1109	goal + feedback	1	100	-0.04299061827956985
1109	goal + feedback	1	150	-0.014085618279569667
1109	goal + feedback	1	200	-0.015036284946236433
1109	goal + feedback	1	250	0.004232881720430163
1109	goal + feedback	1	300	0.030740048387096913
1109	goal + feedback	1	350	0.09354621505376359
1109	goal + feedback	1	400	0.15292871505376357
1109	goal + feedback	1	450	0.19618488172043028
1109	goal + feedback	1	500	0.23940538172043016
1109	goal + feedback	1	550	0.3188345483870969
1109	goal + feedback	1	600	0.2678623817204302
1109	goal + feedback	1	650	0.21762204838709698
1109	goal + feedback	1	700	0.14585204838709695
1109	goal + feedback	1	750	0.08670014838709683
1109	goal + feedback	1	800	NA
1109	goal + feedback	1	850	NA
1109	goal + feedback	1	900	NA
1109	goal + feedback	1	950	-0.2691154516129033
1109	goal + feedback	1	1e3	0.0635053817204303
1109	goal + feedback	1	1050	0.19180421505376355
1109	goal + feedback	1	1100	0.20394471505376352
1109	goal + feedback	1	1150	0.2341885483870969
1109	goal + feedback	2	-200	0.036455733333333594
1109	goal + feedback	2	-150	0.008715566666666804
1109	goal + feedback	2	-100	-0.010104099999999802
1109	goal + feedback	2	-50	0.0011914000000002496
1109	goal + feedback	2	0	-0.036258599999999884
1109	goal + feedback	2	50	-0.03697943333333309
1109	goal + feedback	2	100	-0.04656659999999987
1109	goal + feedback	2	150	-0.06055526666666644
1109	goal + feedback	2	200	-0.04676509999999986
1109	goal + feedback	2	250	-0.04791126666666642
1109	goal + feedback	2	300	-0.03881843333333309
1109	goal + feedback	2	350	-0.056263099999999865
1109	goal + feedback	2	400	-0.057391599999999876
1109	goal + feedback	2	450	-0.018980433333333064
1109	goal + feedback	2	500	0.02965390000000016
1109	goal + feedback	2	550	0.09776940000000016
1109	goal + feedback	2	600	0.1529279000000002
1109	goal + feedback	2	650	0.18442473333333353
1109	goal + feedback	2	700	0.22224056666666678
1109	goal + feedback	2	750	0.25382990000000016
1109	goal + feedback	2	800	NA
1109	goal + feedback	2	850	NA
1109	goal + feedback	2	900	NA
1109	goal + feedback	2	950	NA
1109	goal + feedback	2	1e3	NA
1109	goal + feedback	2	1050	NA
1109	goal + feedback	2	1100	0.36915773333333357
1109	goal + feedback	2	1150	0.44799090000000014
1109	goal + feedback	3	-200	-0.04235821658986172
1109	goal + feedback	3	-150	-0.021979811827956903
1109	goal + feedback	3	-100	0.014437688172043014
1109	goal + feedback	3	-50	0.03741552150537634
1109	goal + feedback	3	0	0.01954452150537637
1109	goal + feedback	3	50	0.019664521505376415
1109	goal + feedback	3	100	0.014907521505376367
1109	goal + feedback	3	150	0.018588021505376345
1109	goal + feedback	3	200	0.030255021505376362
1109	goal + feedback	3	250	0.04182335483870969
1109	goal + feedback	3	300	-0.012245978494623685
1109	goal + feedback	3	350	-0.008404978494623627
1109	goal + feedback	3	400	-0.03251347849462349
1109	goal + feedback	3	450	-0.015031645161290333
1109	goal + feedback	3	500	0.050484688172043025
1109	goal + feedback	3	550	0.09667268817204307
1109	goal + feedback	3	600	0.14849918817204308
1109	goal + feedback	3	650	NA
1109	goal + feedback	3	700	NA
1109	goal + feedback	3	750	NA
1109	goal + feedback	3	800	NA
1109	goal + feedback	3	850	NA
1109	goal + feedback	3	900	NA
1109	goal + feedback	3	950	NA
1109	goal + feedback	3	1e3	NA
1109	goal + feedback	3	1050	0.18262835483870976
1109	goal + feedback	3	1100	0.3839769548387097
1109	goal + feedback	3	1150	0.5105063548387098
1109	goal + feedback	4	-200	-0.02570578431372546
1109	goal + feedback	4	-150	-0.004942450980392217
1109	goal + feedback	4	-100	0.036777882352941126
1109	goal + feedback	4	-50	NA
1109	goal + feedback	4	0	NA
1109	goal + feedback	4	50	NA
1109	goal + feedback	4	100	0.21415188235294114
1109	goal + feedback	4	150	0.0868211323529412
1109	goal + feedback	4	200	0.09712921568627449
1109	goal + feedback	4	250	0.11035721568627459
1109	goal + feedback	4	300	-0.061627317647058796
1109	goal + feedback	4	350	-0.11706361764705882
1109	goal + feedback	4	400	-0.0886794509803921
1109	goal + feedback	4	450	-0.10921061764705879
1109	goal + feedback	4	500	-0.08540495098039218
1109	goal + feedback	4	550	-0.0850797843137255
1109	goal + feedback	4	600	-0.08069711764705878
1109	goal + feedback	4	650	-0.06373928431372551
1109	goal + feedback	4	700	-0.06358595098039214
1109	goal + feedback	4	750	-0.04388378431372549
1109	goal + feedback	4	800	-0.03521411764705862
1109	goal + feedback	4	850	NA
1109	goal + feedback	4	900	NA
1109	goal + feedback	4	950	NA
1109	goal + feedback	4	1e3	NA
1109	goal + feedback	4	1050	-0.08781411764705904
1109	goal + feedback	4	1100	0.07890554901960785
1109	goal + feedback	4	1150	0.1926118823529411
1109	goal + feedback	5	-200	-0.00507651612903207
1109	goal + feedback	5	-150	-0.007719016129032068
1109	goal + feedback	5	-100	-5.500161290320863e-4
1109	goal + feedback	5	-50	0.00772465053763464
1109	goal + feedback	5	0	0.006466983870967817
1109	goal + feedback	5	50	-0.011379916129032174
1109	goal + feedback	5	100	-0.009148682795698804
1109	goal + feedback	5	150	-0.012240230414746391
1109	goal + feedback	5	200	-0.009513349462365372
1109	goal + feedback	5	250	-0.03881618279569876
1109	goal + feedback	5	300	-0.04455234946236534
1109	goal + feedback	5	350	-0.047427182795698686
1109	goal + feedback	5	400	-0.02972001612903215
1109	goal + feedback	5	450	-0.006395516129032108
1109	goal + feedback	5	500	0.029795650537634517
1109	goal + feedback	5	550	0.08977831720430118
1109	goal + feedback	5	600	0.1330903172043012
1109	goal + feedback	5	650	0.18755448387096796
1109	goal + feedback	5	700	0.20523115053763466
1109	goal + feedback	5	750	0.2665401505376345
1109	goal + feedback	5	800	NA
1109	goal + feedback	5	850	NA
1109	goal + feedback	5	900	NA
1109	goal + feedback	5	950	NA
1109	goal + feedback	5	1e3	NA
1109	goal + feedback	5	1050	0.11312748387096772
1109	goal + feedback	5	1100	0.24052198387096801
1109	goal + feedback	5	1150	0.3325921505376345
1109	goal + feedback	6	-200	0.032149903225806194
1109	goal + feedback	6	-150	0.007297069892472881
1109	goal + feedback	6	-100	-0.0026592634408604265
1109	goal + feedback	6	-50	-0.019133430107527067
1109	goal + feedback	6	0	-0.023012596774193577
1109	goal + feedback	6	50	-0.03998043010752713
1109	goal + feedback	6	100	-0.04355993010752712
1109	goal + feedback	6	150	-0.030041096774193754
1109	goal + feedback	6	200	-0.04010326344086046
1109	goal + feedback	6	250	-0.03982826344086036
1109	goal + feedback	6	300	-0.03038326344086036
1109	goal + feedback	6	350	-0.007046763440860415
1109	goal + feedback	6	400	0.019075403225806403
1109	goal + feedback	6	450	0.0388059032258062
1109	goal + feedback	6	500	0.1047495698924729
1109	goal + feedback	6	550	0.15995690322580622
1109	goal + feedback	6	600	0.2112037365591397
1109	goal + feedback	6	650	0.2423794032258062
1109	goal + feedback	6	700	0.2480215698924729
1109	goal + feedback	6	750	0.2266909032258063
1109	goal + feedback	6	800	0.18673990322580622
1109	goal + feedback	6	850	0.18163856989247296
1109	goal + feedback	6	900	0.16442806989247294
1109	goal + feedback	6	950	0.2576992365591397
1109	goal + feedback	6	1e3	NA
1109	goal + feedback	6	1050	NA
1109	goal + feedback	6	1100	NA
1109	goal + feedback	6	1150	NA
1109	goal + feedback	7	-200	0.02847868663594458
1109	goal + feedback	7	-150	0.02877375806451606
1109	goal + feedback	7	-100	0.0017025913978493772
1109	goal + feedback	7	-50	-0.014237408602150689
1109	goal + feedback	7	0	-0.04946407526881728
1109	goal + feedback	7	50	-0.05843224193548391
1109	goal + feedback	7	100	-0.07143157526881734
1109	goal + feedback	7	150	-0.06489340860215065
1109	goal + feedback	7	200	-0.05768757526881729
1109	goal + feedback	7	250	-0.02732540860215053
1109	goal + feedback	7	300	0.0043915913978493926
1109	goal + feedback	7	350	0.03748292473118268
1109	goal + feedback	7	400	0.09006709139784941
1109	goal + feedback	7	450	0.13452659139784937
1109	goal + feedback	7	500	0.16854392473118276
1109	goal + feedback	7	550	0.21684492473118278
1109	goal + feedback	7	600	0.2322102580645161
1109	goal + feedback	7	650	0.2408902580645161
1109	goal + feedback	7	700	0.2143682580645161
1109	goal + feedback	7	750	0.1810180913978494
1109	goal + feedback	7	800	0.14429342473118267
1109	goal + feedback	7	850	0.12136392473118278
1109	goal + feedback	7	900	0.1081955913978494
1109	goal + feedback	7	950	0.09826692473118263
1109	goal + feedback	7	1e3	0.09670375806451618
1109	goal + feedback	7	1050	0.0983607580645159
1109	goal + feedback	7	1100	0.09244625806451601
1109	goal + feedback	7	1150	0.10874809139784936
1109	goal + feedback	8	-200	-0.02455560829493088
1109	goal + feedback	8	-150	-0.01970398924731187
1109	goal + feedback	8	-100	0.0012015107526882247
1109	goal + feedback	8	-50	0.012832344086021482
1109	goal + feedback	8	0	0.03431834408602145
1109	goal + feedback	8	50	0.03723967741935478
1109	goal + feedback	8	100	0.037090510752688134
1109	goal + feedback	8	150	0.050692844086021406
1109	goal + feedback	8	200	0.06736301075268813
1109	goal + feedback	8	250	0.09947667741935488
1109	goal + feedback	8	300	0.09460834408602148
1109	goal + feedback	8	350	0.12322051075268818
1109	goal + feedback	8	400	0.13246484408602144
1109	goal + feedback	8	450	0.15177151075268824
1109	goal + feedback	8	500	0.18307667741935477
1109	goal + feedback	8	550	0.1970826774193549
1109	goal + feedback	8	600	0.21935634408602156
1109	goal + feedback	8	650	0.2013516774193548
1109	goal + feedback	8	700	0.16755717741935486
1109	goal + feedback	8	750	0.16668267741935475
1109	goal + feedback	8	800	0.16217951075268822
1109	goal + feedback	8	850	0.14642867741935484
1109	goal + feedback	8	900	0.16734051075268827
1109	goal + feedback	8	950	0.16253267741935487
1109	goal + feedback	8	1e3	0.16235051075268822
1109	goal + feedback	8	1050	0.15493017741935478
1109	goal + feedback	8	1100	0.1549040107526881
1109	goal + feedback	8	1150	0.15414817741935494
1109	goal + feedback	9	-200	-0.05663461290322561
1109	goal + feedback	9	-150	-0.0237329462365589
1109	goal + feedback	9	-100	0.023235553763440997
1109	goal + feedback	9	-50	0.03510805376344117
1109	goal + feedback	9	0	0.03146305376344105
1109	goal + feedback	9	50	0.06994138709677444
1109	goal + feedback	9	100	0.047437887096774434
1109	goal + feedback	9	150	0.032068220430107784
1109	goal + feedback	9	200	0.04355188709677438
1109	goal + feedback	9	250	0.03893638709677435
1109	goal + feedback	9	300	0.05191505376344111
1109	goal + feedback	9	350	0.04897322043010773
1109	goal + feedback	9	400	0.05575255376344105
1109	goal + feedback	9	450	0.08317038709677445
1109	goal + feedback	9	500	0.11931705376344108
1109	goal + feedback	9	550	0.15427338709677452
1109	goal + feedback	9	600	0.20441105376344115
1109	goal + feedback	9	650	0.24188705376344108
1109	goal + feedback	9	700	0.21861772043010777
1109	goal + feedback	9	750	0.2149503870967744
1109	goal + feedback	9	800	0.1861365537634411
1109	goal + feedback	9	850	0.1323450537634412
1109	goal + feedback	9	900	0.11057088709677439
1109	goal + feedback	9	950	0.10017205376344111
1109	goal + feedback	9	1e3	0.11348238709677438
1109	goal + feedback	9	1050	NA
1109	goal + feedback	9	1100	NA
1109	goal + feedback	9	1150	NA
1109	goal + feedback	10	-200	-0.05735817050691226
1109	goal + feedback	10	-150	-0.020527241935483682
1109	goal + feedback	10	-100	0.0037009247311829974
1109	goal + feedback	10	-50	0.032590924731182934
1109	goal + feedback	10	0	0.051153258064516205
1109	goal + feedback	10	50	0.058239924731183036
1109	goal + feedback	10	100	0.04570609139784968
1109	goal + feedback	10	150	0.0254707580645163
1109	goal + feedback	10	200	-0.0030409086021503384
1109	goal + feedback	10	250	-0.041123241935483744
1109	goal + feedback	10	300	-0.08951524193548366
1109	goal + feedback	10	350	-0.09932357526881701
1109	goal + feedback	10	400	-0.1146967419354837
1109	goal + feedback	10	450	-0.1203477419354837
1109	goal + feedback	10	500	-0.055005741935483764
1109	goal + feedback	10	550	-0.03506690860215037
1109	goal + feedback	10	600	0.014762424731182907
1109	goal + feedback	10	650	0.055282424731182944
1109	goal + feedback	10	700	NA
1109	goal + feedback	10	750	NA
1109	goal + feedback	10	800	NA
1109	goal + feedback	10	850	NA
1109	goal + feedback	10	900	-0.0447137419354835
1109	goal + feedback	10	950	0.08356550806451613
1109	goal + feedback	10	1e3	0.11939792473118294
1109	goal + feedback	10	1050	0.21039959139784958
1109	goal + feedback	10	1100	0.24569309139784967
1109	goal + feedback	10	1150	0.31499725806451623
1109	goal + feedback	11	-200	0.007874268817204433
1109	goal + feedback	11	-150	-0.003335350230414567
1109	goal + feedback	11	-100	0.005719935483871212
1109	goal + feedback	11	-50	-0.008811064516128786
1109	goal + feedback	11	0	-8.918978494621607e-4
1109	goal + feedback	11	50	0.02229526881720445
1109	goal + feedback	11	100	NA
1109	goal + feedback	11	150	NA
1109	goal + feedback	11	200	NA
1109	goal + feedback	11	250	-0.1162640645161288
1109	goal + feedback	11	300	0.10403326881720447
1109	goal + feedback	11	350	0.14888776881720447
1109	goal + feedback	11	400	0.12881976881720444
1109	goal + feedback	11	450	0.1817217688172045
1109	goal + feedback	11	500	0.22951343548387118
1109	goal + feedback	11	550	0.22476193548387116
1109	goal + feedback	11	600	0.19376343548387123
1109	goal + feedback	11	650	0.14831060215053782
1109	goal + feedback	11	700	0.14239876881720445
1109	goal + feedback	11	750	0.10289126881720449
1109	goal + feedback	11	800	0.10854676881720444
1109	goal + feedback	11	850	0.037470935483871225
1109	goal + feedback	11	900	0.037728102150537866
1109	goal + feedback	11	950	0.005066435483871275
1109	goal + feedback	11	1e3	-0.021203231182795507
1109	goal + feedback	11	1050	-0.02178289784946223
1109	goal + feedback	11	1100	-0.035550064516128854
1109	goal + feedback	11	1150	0.005203102150537727
1109	goal + feedback	12	-200	-0.015926981566820216
1109	goal + feedback	12	-150	-0.024146338709677344
1109	goal + feedback	12	-100	-0.009957005376343956
1109	goal + feedback	12	-50	0.013781161290322697
1109	goal + feedback	12	0	0.03890366129032263
1109	goal + feedback	12	50	0.06439299462365604
1109	goal + feedback	12	100	0.07368532795698927
1109	goal + feedback	12	150	0.0744924946236561
1109	goal + feedback	12	200	0.08825766129032268
1109	goal + feedback	12	250	0.09996216129032276
1109	goal + feedback	12	300	0.13959249462365605
1109	goal + feedback	12	350	0.15911382795698933
1109	goal + feedback	12	400	0.18512382795698942
1109	goal + feedback	12	450	0.24207766129032268
1109	goal + feedback	12	500	0.2790479946236561
1109	goal + feedback	12	550	0.30998116129032266
1109	goal + feedback	12	600	0.32523999462365594
1109	goal + feedback	12	650	0.34674532795698926
1109	goal + feedback	12	700	0.32882699462365594
1109	goal + feedback	12	750	0.3033006612903227
1109	goal + feedback	12	800	0.2933026612903226
1109	goal + feedback	12	850	0.2594136612903227
1109	goal + feedback	12	900	0.25096832795698937
1109	goal + feedback	12	950	0.3651036612903227
1109	goal + feedback	12	1e3	NA
1109	goal + feedback	12	1050	NA
1109	goal + feedback	12	1100	NA
1109	goal + feedback	12	1150	0.23292016129032259
1109	goal + feedback	13	-200	0.0278022995391703
1109	goal + feedback	13	-150	0.02199137096774173
1109	goal + feedback	13	-100	-0.011806795698924955
1109	goal + feedback	13	-50	-0.021243795698924945
1109	goal + feedback	13	0	-0.02137679569892496
1109	goal + feedback	13	50	-0.03614496236559169
1109	goal + feedback	13	100	-0.05802546236559166
1109	goal + feedback	13	150	-0.044338129032258276
1109	goal + feedback	13	200	-0.03548596236559165
1109	goal + feedback	13	250	-0.03146596236559159
1109	goal + feedback	13	300	-0.007074295698924852
1109	goal + feedback	13	350	0.00429753763440847
1109	goal + feedback	13	400	0.048388870967741804
1109	goal + feedback	13	450	0.10622603763440834
1109	goal + feedback	13	500	0.13059070430107514
1109	goal + feedback	13	550	0.19305453763440847
1109	goal + feedback	13	600	0.21855703763440845
1109	goal + feedback	13	650	0.236442204301075
1109	goal + feedback	13	700	0.22850720430107496
1109	goal + feedback	13	750	0.21511053763440832
1109	goal + feedback	13	800	0.19988170430107507
1109	goal + feedback	13	850	0.18240737096774176
1109	goal + feedback	13	900	0.17309987096774168
1109	goal + feedback	13	950	0.166677204301075
1109	goal + feedback	13	1e3	0.16209537096774182
1109	goal + feedback	13	1050	0.16769253763440836
1109	goal + feedback	13	1100	0.17311603763440844
1109	goal + feedback	13	1150	0.19115637096774166
1109	goal + feedback	14	-200	-0.03344218433179729
1109	goal + feedback	14	-150	-0.02159677956989266
1109	goal + feedback	14	-100	0.011175553763440668
1109	goal + feedback	14	-50	0.025895887096773967
1109	goal + feedback	14	0	0.023541220430107312
1109	goal + feedback	14	50	0.023342387096774015
1109	goal + feedback	14	100	0.007783720430107295
1109	goal + feedback	14	150	-0.02606561290322588
1109	goal + feedback	14	200	-0.02403644623655928
1109	goal + feedback	14	250	-0.026614279569892707
1109	goal + feedback	14	300	-0.03967261290322588
1109	goal + feedback	14	350	-0.02845494623655931
1109	goal + feedback	14	400	-0.03420977956989272
1109	goal + feedback	14	450	-0.023281446236559367
1109	goal + feedback	14	500	0.0031780537634407136
1109	goal + feedback	14	550	0.05066638709677399
1109	goal + feedback	14	600	0.18956105376344068
1109	goal + feedback	14	650	NA
1109	goal + feedback	14	700	NA
1109	goal + feedback	14	750	NA
1109	goal + feedback	14	800	-0.21888861290322614
1109	goal + feedback	14	850	0.12847658709677398
1109	goal + feedback	14	900	0.23076272043010734
1109	goal + feedback	14	950	0.2822950537634407
1109	goal + feedback	14	1e3	0.26862022043010736
1109	goal + feedback	14	1050	0.3142165537634407
1109	goal + feedback	14	1100	0.33191072043010733
1109	goal + feedback	14	1150	0.32351905376344076
1109	goal + feedback	15	-200	-0.03956798617511538
1109	goal + feedback	15	-150	-0.009260629032258327
1109	goal + feedback	15	-100	0.012083204301075087
1109	goal + feedback	15	-50	0.015324037634408446
1109	goal + feedback	15	0	0.02801603763440837
1109	goal + feedback	15	50	0.026650204301074936
1109	goal + feedback	15	100	0.04524020430107504
1109	goal + feedback	15	150	0.03395320430107499
1109	goal + feedback	15	200	0.014352870967741701
1109	goal + feedback	15	250	-0.005238295698925051
1109	goal + feedback	15	300	-0.05569946236559161
1109	goal + feedback	15	350	-0.07737129569892491
1109	goal + feedback	15	400	-0.08936246236559169
1109	goal + feedback	15	450	-0.0783541290322584
1109	goal + feedback	15	500	-0.04972829569892497
1109	goal + feedback	15	550	0.011668370967741723
1109	goal + feedback	15	600	0.055749704301075065
1109	goal + feedback	15	650	0.11839753763440826
1109	goal + feedback	15	700	0.1183677043010749
1109	goal + feedback	15	750	0.11050420430107503
1109	goal + feedback	15	800	0.09095153763440833
1109	goal + feedback	15	850	0.08260203763440825
1109	goal + feedback	15	900	0.06221903763440828
1109	goal + feedback	15	950	0.05323603763440824
1109	goal + feedback	15	1e3	0.05582187096774168
1109	goal + feedback	15	1050	0.0675098709677416
1109	goal + feedback	15	1100	0.09514453763440837
1109	goal + feedback	15	1150	0.09097470430107497
1109	goal + feedback	16	-200	NA
1109	goal + feedback	16	-150	-0.034348906666666824
1109	goal + feedback	16	-100	0.08289875999999984
1109	goal + feedback	16	-50	-0.029829240000000274
1109	goal + feedback	16	0	-0.03253707333333359
1109	goal + feedback	16	50	0.014830093333333258
1109	goal + feedback	16	100	0.030910093333333128
1109	goal + feedback	16	150	-4.904066666669612e-4
1109	goal + feedback	16	200	-0.032815240000000134
1109	goal + feedback	16	250	-0.06800557333333357
1109	goal + feedback	16	300	-0.09201307333333346
1109	goal + feedback	16	350	-0.09375824000000017
1109	goal + feedback	16	400	-0.1255874066666669
1109	goal + feedback	16	450	-0.12679557333333355
1109	goal + feedback	16	500	-0.12607640666666686
1109	goal + feedback	16	550	-0.10432590666666686
1109	goal + feedback	16	600	-0.08107290666666682
1109	goal + feedback	16	650	-0.04919907333333362
1109	goal + feedback	16	700	-0.026918240000000242
1109	goal + feedback	16	750	-0.026102073333333475
1109	goal + feedback	16	800	-0.04027957333333343
1109	goal + feedback	16	850	-0.02320990666666689
1109	goal + feedback	16	900	-0.0010599066666668506
1109	goal + feedback	16	950	0.02177025999999982
1109	goal + feedback	16	1e3	0.046951093333333103
1109	goal + feedback	16	1050	0.07528442666666642
1109	goal + feedback	16	1100	0.09833159333333308
1109	goal + feedback	16	1150	0.17435575999999986
1109	goal + feedback	17	-200	0.03595600000000002
1109	goal + feedback	17	-150	0.021121500000000015
1109	goal + feedback	17	-100	0.0010479999999999379
1109	goal + feedback	17	-50	-0.015155500000000025
1109	goal + feedback	17	0	-0.04297000000000003
1109	goal + feedback	17	50	-0.06551416666666669
1109	goal + feedback	17	100	-0.06870416666666672
1109	goal + feedback	17	150	-0.0960015
1109	goal + feedback	17	200	-0.09070133333333337
1109	goal + feedback	17	250	-0.08906083333333337
1109	goal + feedback	17	300	-0.09814616666666669
1109	goal + feedback	17	350	-0.07619650000000007
1109	goal + feedback	17	400	-0.04213199999999998
1109	goal + feedback	17	450	-0.0010091666666667276
1109	goal + feedback	17	500	0.055883499999999975
1109	goal + feedback	17	550	0.09669666666666665
1109	goal + feedback	17	600	0.142686
1109	goal + feedback	17	650	0.19065116666666668
1109	goal + feedback	17	700	0.19272499999999995
1109	goal + feedback	17	750	0.15053149999999996
1109	goal + feedback	17	800	0.1235319285714286
1109	goal + feedback	17	850	0.08841066666666664
1109	goal + feedback	17	900	0.08286600000000004
1109	goal + feedback	17	950	0.07051716666666663
1109	goal + feedback	17	1e3	0.08820950000000005
1109	goal + feedback	17	1050	NA
1109	goal + feedback	17	1100	NA
1109	goal + feedback	17	1150	0.04925066666666663
1109	goal + feedback	18	-200	0.0018190368663593454
1109	goal + feedback	18	-150	0.007826322580645195
1109	goal + feedback	18	-100	-0.008393677419354853
1109	goal + feedback	18	-50	0.0023789892473117615
1109	goal + feedback	18	0	-0.003933844086021561
1109	goal + feedback	18	50	0.012648322580645152
1109	goal + feedback	18	100	0.028629989247311787
1109	goal + feedback	18	150	0.010904989247311722
1109	goal + feedback	18	200	0.01130465591397852
1109	goal + feedback	18	250	0.005727822580645044
1109	goal + feedback	18	300	0.032433322580645164
1109	goal + feedback	18	350	0.07447098924731173
1109	goal + feedback	18	400	0.09044615591397842
1109	goal + feedback	18	450	0.16628698924731178
1109	goal + feedback	18	500	0.20852265591397842
1109	goal + feedback	18	550	0.23506582258064515
1109	goal + feedback	18	600	0.2696486559139785
1109	goal + feedback	18	650	0.23054815591397845
1109	goal + feedback	18	700	0.2215729892473118
1109	goal + feedback	18	750	0.19329648924731183
1109	goal + feedback	18	800	0.19386082258064516
1109	goal + feedback	18	850	0.18218482258064514
1109	goal + feedback	18	900	0.14826632258064532
1109	goal + feedback	18	950	NA
1109	goal + feedback	18	1e3	NA
1109	goal + feedback	18	1050	NA
1109	goal + feedback	18	1100	0.19487732258064505
1109	goal + feedback	18	1150	0.33331332258064506
1109	goal + feedback	19	-200	-0.04733103846153863
1109	goal + feedback	19	-150	8.89615384613851e-5
1109	goal + feedback	19	-100	NA
1109	goal + feedback	19	-50	NA
1109	goal + feedback	19	0	0.05676166153846145
1109	goal + feedback	19	50	0.2534054615384614
1109	goal + feedback	19	100	0.23575729487179475
1109	goal + feedback	19	150	0.2320496282051281
1109	goal + feedback	19	200	0.29427579487179484
1109	goal + feedback	19	250	0.3239821282051281
1109	goal + feedback	19	300	0.33349646153846146
1109	goal + feedback	19	350	0.30462546153846143
1109	goal + feedback	19	400	0.22540479487179477
1109	goal + feedback	19	450	0.20672479487179465
1109	goal + feedback	19	500	0.1892337948717948
1109	goal + feedback	19	550	0.19155262820512817
1109	goal + feedback	19	600	0.18370546153846137
1109	goal + feedback	19	650	0.19927229487179474
1109	goal + feedback	19	700	0.214459628205128
1109	goal + feedback	19	750	0.223451128205128
1109	goal + feedback	19	800	0.2219567948717948
1109	goal + feedback	19	850	0.2059827948717948
1109	goal + feedback	19	900	0.17988312820512808
1109	goal + feedback	19	950	0.1553234615384614
1109	goal + feedback	19	1e3	0.14615996153846145
1109	goal + feedback	19	1050	0.1333736282051281
1109	goal + feedback	19	1100	0.11117912820512806
1109	goal + feedback	19	1150	0.1141272948717947
1109	goal + feedback	20	-200	-0.006355666666666648
1109	goal + feedback	20	-150	-0.008693833333333364
1109	goal + feedback	20	-100	0.0022134999999999425
1109	goal + feedback	20	-50	0.018279166666666697
1109	goal + feedback	20	0	-0.005443166666666703
1109	goal + feedback	20	50	0.02275583333333331
1109	goal + feedback	20	100	0.032953833333333384
1109	goal + feedback	20	150	0.029487166666666658
1109	goal + feedback	20	200	0.034855166666666625
1109	goal + feedback	20	250	0.0408933333333333
1109	goal + feedback	20	300	0.057795666666666655
1109	goal + feedback	20	350	0.06927766666666664
1109	goal + feedback	20	400	0.1328663333333333
1109	goal + feedback	20	450	0.13729666666666662
1109	goal + feedback	20	500	0.16448683333333344
1109	goal + feedback	20	550	0.19242050000000002
1109	goal + feedback	20	600	0.24510816666666665
1109	goal + feedback	20	650	0.27037050000000007
1109	goal + feedback	20	700	0.2657395
1109	goal + feedback	20	750	0.25114733333333333
1109	goal + feedback	20	800	0.1855165
1109	goal + feedback	20	850	0.16048783333333327
1109	goal + feedback	20	900	0.1472726666666666
1109	goal + feedback	20	950	0.15146316666666668
1109	goal + feedback	20	1e3	0.13905766666666666
1109	goal + feedback	20	1050	0.12286516666666669
1109	goal + feedback	20	1100	0.15015666666666663
1109	goal + feedback	20	1150	0.35402683333333335
1109	goal + feedback	21	-200	-0.023897576036866614
1109	goal + feedback	21	-150	0.003846876344085907
1109	goal + feedback	21	-100	-0.010245956989247462
1109	goal + feedback	21	-50	0.0011318763440858841
1109	goal + feedback	21	0	0.03314770967741909
1109	goal + feedback	21	50	0.03279937634408584
1109	goal + feedback	21	100	0.019443376344085772
1109	goal + feedback	21	150	0.021754543010752487
1109	goal + feedback	21	200	-0.033964956989247584
1109	goal + feedback	21	250	-0.02805345698924744
1109	goal + feedback	21	300	-0.027893623655914117
1109	goal + feedback	21	350	-0.002182790322580915
1109	goal + feedback	21	400	-0.02673545698924758
1109	goal + feedback	21	450	-0.0012262903225807402
1109	goal + feedback	21	500	0.01549370967741918
1109	goal + feedback	21	550	0.03180404301075246
1109	goal + feedback	21	600	0.05689454301075244
1109	goal + feedback	21	650	0.09235820967741908
1109	goal + feedback	21	700	0.021447876344085737
1109	goal + feedback	21	750	-0.05083379032258084
1109	goal + feedback	21	800	-0.08706045698924754
1109	goal + feedback	21	850	-0.11403279032258085
1109	goal + feedback	21	900	-0.1072932903225808
1109	goal + feedback	21	950	-0.15707645698924763
1109	goal + feedback	21	1e3	-0.14623079032258088
1109	goal + feedback	21	1050	-0.1517816236559142
1109	goal + feedback	21	1100	-0.10198629032258077
1109	goal + feedback	21	1150	NA
1109	goal + feedback	22	-200	-0.010017483870967934
1109	goal + feedback	22	-150	-0.01826931720430121
1109	goal + feedback	22	-100	-7.634838709678812e-4
1109	goal + feedback	22	-50	0.015529849462365464
1109	goal + feedback	22	0	0.015190016129032072
1109	goal + feedback	22	50	0.02646184946236548
1109	goal + feedback	22	100	0.06021151612903205
1109	goal + feedback	22	150	0.06519001612903204
1109	goal + feedback	22	200	0.0747640161290321
1109	goal + feedback	22	250	0.09560001612903209
1109	goal + feedback	22	300	0.09978268279569875
1109	goal + feedback	22	350	0.12988334946236538
1109	goal + feedback	22	400	0.09995368279569883
1109	goal + feedback	22	450	0.08287901612903203
1109	goal + feedback	22	500	0.028567682795698806
1109	goal + feedback	22	550	0.003003682795698811
1109	goal + feedback	22	600	0.012740182795698848
1109	goal + feedback	22	650	0.004068516129032214
1109	goal + feedback	22	700	9.018494623654524e-4
1109	goal + feedback	22	750	-0.022543817204301247
1109	goal + feedback	22	800	-0.05966181720430123
1109	goal + feedback	22	850	-0.09743131720430125
1109	goal + feedback	22	900	-0.11625315053763459
1109	goal + feedback	22	950	-0.1171248172043012
1109	goal + feedback	22	1e3	-0.05870598387096804
1109	goal + feedback	22	1050	NA
1109	goal + feedback	22	1100	NA
1109	goal + feedback	22	1150	NA
1109	goal + feedback	23	-200	-0.011853499999999814
1109	goal + feedback	23	-150	-0.006018333333333237
1109	goal + feedback	23	-100	0.032880666666666857
1109	goal + feedback	23	-50	-0.003633499999999771
1109	goal + feedback	23	0	-0.011375333333333218
1109	goal + feedback	23	50	-0.03215999999999982
1109	goal + feedback	23	100	0.015667333333333477
1109	goal + feedback	23	150	0.008513500000000063
1109	goal + feedback	23	200	0.007688500000000135
1109	goal + feedback	23	250	0.023716000000000143
1109	goal + feedback	23	300	0.03351183333333352
1109	goal + feedback	23	350	0.05196783333333347
1109	goal + feedback	23	400	0.10829083333333345
1109	goal + feedback	23	450	0.07942350000000016
1109	goal + feedback	23	500	0.08421633333333345
1109	goal + feedback	23	550	0.11627166666666684
1109	goal + feedback	23	600	0.05365183333333342
1109	goal + feedback	23	650	0.03239333333333342
1109	goal + feedback	23	700	-0.02663016666666655
1109	goal + feedback	23	750	-0.0702808333333332
1109	goal + feedback	23	800	-0.08872133333333321
1109	goal + feedback	23	850	-0.12030249999999991
1109	goal + feedback	23	900	-0.13660649999999985
1109	goal + feedback	23	950	-0.09478216666666646
1109	goal + feedback	23	1e3	-0.06402866666666673
1109	goal + feedback	23	1050	NA
1109	goal + feedback	23	1100	NA
1109	goal + feedback	23	1150	NA
1109	goal + feedback	24	-200	-0.008161230414746574
1109	goal + feedback	24	-150	-8.925161290322947e-4
1109	goal + feedback	24	-100	0.0039993172043009855
1109	goal + feedback	24	-50	0.019903626728110524
1109	goal + feedback	24	0	-0.016955016129032312
1109	goal + feedback	24	50	-0.030811116129032357
1109	goal + feedback	24	100	-0.0379127161290322
1109	goal + feedback	24	150	NA
1109	goal + feedback	24	200	NA
1109	goal + feedback	24	250	-0.19761201612903223
1109	goal + feedback	24	300	-0.07569408755760383
1109	goal + feedback	24	350	0.14200198387096763
1109	goal + feedback	24	400	0.09534031720430103
1109	goal + feedback	24	450	0.09097128387096767
1109	goal + feedback	24	500	0.16113548387096774
1109	goal + feedback	24	550	0.1722636505376344
1109	goal + feedback	24	600	0.23621748387096764
1109	goal + feedback	24	650	0.2869979838709676
1109	goal + feedback	24	700	0.28310698387096767
1109	goal + feedback	24	750	0.15977698387096773
1109	goal + feedback	24	800	0.10767731720430107
1109	goal + feedback	24	850	NA
1109	goal + feedback	24	900	NA
1109	goal + feedback	24	950	NA
1109	goal + feedback	24	1e3	NA
1109	goal + feedback	24	1050	NA
1109	goal + feedback	24	1100	NA
1109	goal + feedback	24	1150	0.10106598387096777
1109	goal + feedback	25	-200	0.12319183333333313
1109	goal + feedback	25	-150	0.04423661904761892
1109	goal + feedback	25	-100	-0.01338306666666691
1109	goal + feedback	25	-50	-0.07186616666666683
1109	goal + feedback	25	0	-0.0917825000000001
1109	goal + feedback	25	50	-0.11492833333333352
1109	goal + feedback	25	100	-0.12932516666666674
1109	goal + feedback	25	150	-0.1967368333333334
1109	goal + feedback	25	200	-0.20704750000000013
1109	goal + feedback	25	250	-0.21036100000000016
1109	goal + feedback	25	300	-0.21339116666666672
1109	goal + feedback	25	350	-0.23532666666666677
1109	goal + feedback	25	400	-0.2222836666666669
1109	goal + feedback	25	450	-0.2216601666666668
1109	goal + feedback	25	500	-0.21782750000000015
1109	goal + feedback	25	550	-0.1874526666666668
1109	goal + feedback	25	600	-0.14485833333333353
1109	goal + feedback	25	650	-0.09786900000000005
1109	goal + feedback	25	700	-0.11756700000000013
1109	goal + feedback	25	750	-0.1307375000000001
1109	goal + feedback	25	800	-0.14029950000000016
1109	goal + feedback	25	850	-0.1804300000000001
1109	goal + feedback	25	900	-0.15357816666666677
1109	goal + feedback	25	950	-0.17542450000000018
1109	goal + feedback	25	1e3	-0.16637950000000012
1109	goal + feedback	25	1050	-0.13989433333333348
1109	goal + feedback	25	1100	-0.10911350000000015
1109	goal + feedback	25	1150	-0.09988816666666674
1109	goal + feedback	26	-200	-0.01954440092165902
1109	goal + feedback	26	-150	-0.011329924731182883
1109	goal + feedback	26	-100	0.008255741935483915
1109	goal + feedback	26	-50	8.550752688170812e-4
1109	goal + feedback	26	0	0.025020908602150598
1109	goal + feedback	26	50	0.034284908602150464
1109	goal + feedback	26	100	0.03484374193548375
1109	goal + feedback	26	150	0.050549741935483894
1109	goal + feedback	26	200	0.020911575268817078
1109	goal + feedback	26	250	0.011892741935483805
1109	goal + feedback	26	300	6.11408602150402e-4
1109	goal + feedback	26	350	-0.0373920913978496
1109	goal + feedback	26	400	-0.05383042473118279
1109	goal + feedback	26	450	-0.07011675806451627
1109	goal + feedback	26	500	-0.09753442473118283
1109	goal + feedback	26	550	-0.09069775806451623
1109	goal + feedback	26	600	-0.07243292473118286
1109	goal + feedback	26	650	-0.06469525806451622
1109	goal + feedback	26	700	-0.09149392473118279
1109	goal + feedback	26	750	-0.08958305806451623
1109	goal + feedback	26	800	-0.08770225806451615
1109	goal + feedback	26	850	-0.08722145806451617
1109	goal + feedback	26	900	-0.06983109139784949
1109	goal + feedback	26	950	-0.06127192473118289
1109	goal + feedback	26	1e3	-0.011434258064516145
1109	goal + feedback	26	1050	0.05224374193548383
1109	goal + feedback	26	1100	NA
1109	goal + feedback	26	1150	NA
1109	goal + feedback	27	-200	-0.07911786666666654
1109	goal + feedback	27	-150	NA
1109	goal + feedback	27	-100	NA
1109	goal + feedback	27	-50	-0.05073703333333324
1109	goal + feedback	27	0	0.0902959666666668
1109	goal + feedback	27	50	0.05549813333333353
1109	goal + feedback	27	100	0.06937280000000008
1109	goal + feedback	27	150	0.11038730000000012
1109	goal + feedback	27	200	0.1151144666666668
1109	goal + feedback	27	250	0.11189696666666686
1109	goal + feedback	27	300	0.0714461333333336
1109	goal + feedback	27	350	-0.01947169999999983
1109	goal + feedback	27	400	-0.02041386666666652
1109	goal + feedback	27	450	-0.029012699999999707
1109	goal + feedback	27	500	-0.031992033333333225
1109	goal + feedback	27	550	0.01256380000000005
1109	goal + feedback	27	600	0.0510899666666668
1109	goal + feedback	27	650	0.04140446666666686
1109	goal + feedback	27	700	0.029076966666666815
1109	goal + feedback	27	750	0.031087133333333572
1109	goal + feedback	27	800	-0.012107699999999758
1109	goal + feedback	27	850	-0.03176603333333309
1109	goal + feedback	27	900	-0.04136203333333318
1109	goal + feedback	27	950	-0.044254866666666594
1109	goal + feedback	27	1e3	-0.04119936666666657
1109	goal + feedback	27	1050	-0.030699366666666467
1109	goal + feedback	27	1100	-0.013518366666666578
1109	goal + feedback	27	1150	0.020949633333333512
1109	goal + feedback	28	-200	-0.051334202764976834
1109	goal + feedback	28	-150	-0.012969607526881624
1109	goal + feedback	28	-100	0.012796725806451784
1109	goal + feedback	28	-50	0.028171725806451702
1109	goal + feedback	28	0	0.031891059139785106
1109	goal + feedback	28	50	0.028698225806451722
1109	goal + feedback	28	100	0.007555059139785121
1109	goal + feedback	28	150	-0.01399160752688163
1109	goal + feedback	28	200	-0.032199107526881564
1109	goal + feedback	28	250	-0.043622440860214974
1109	goal + feedback	28	300	-0.06394377419354824
1109	goal + feedback	28	350	-0.07098277419354826
1109	goal + feedback	28	400	-0.053418274193548276
1109	goal + feedback	28	450	-0.05168027419354826
1109	goal + feedback	28	500	-0.0386422741935483
1109	goal + feedback	28	550	-0.00537727419354835
1109	goal + feedback	28	600	0.023805059139785145
1109	goal + feedback	28	650	0.09145572580645174
1109	goal + feedback	28	700	0.12526522580645172
1109	goal + feedback	28	750	0.16149772580645175
1109	goal + feedback	28	800	0.20354589247311838
1109	goal + feedback	28	850	0.2192763924731184
1109	goal + feedback	28	900	0.19472072580645183
1109	goal + feedback	28	950	0.19017822580645172
1109	goal + feedback	28	1e3	0.1589755591397851
1109	goal + feedback	28	1050	0.15953339247311837
1109	goal + feedback	28	1100	0.16307855913978506
1109	goal + feedback	28	1150	0.16316605913978507
1109	goal + feedback	29	-200	-0.032281488479262724
1109	goal + feedback	29	-150	-0.00723144086021521
1109	goal + feedback	29	-100	-0.0057552741935484875
1109	goal + feedback	29	-50	0.019775559139784793
1109	goal + feedback	29	0	0.030872892473118158
1109	goal + feedback	29	50	0.057314892473118086
1109	goal + feedback	29	100	0.08273455913978478
1109	goal + feedback	29	150	0.10097989247311816
1109	goal + feedback	29	200	0.07886172580645145
1109	goal + feedback	29	250	0.07536855913978487
1109	goal + feedback	29	300	0.0536418924731182
1109	goal + feedback	29	350	0.05015539247311818
1109	goal + feedback	29	400	0.04623405913978488
1109	goal + feedback	29	450	0.0845798924731181
1109	goal + feedback	29	500	0.12025639247311815
1109	goal + feedback	29	550	0.16131772580645146
1109	goal + feedback	29	600	0.19206722580645152
1109	goal + feedback	29	650	0.22844789247311822
1109	goal + feedback	29	700	0.22814172580645145
1109	goal + feedback	29	750	0.22179689247311818
1109	goal + feedback	29	800	0.22879255913978488
1109	goal + feedback	29	850	0.23301922580645149
1109	goal + feedback	29	900	0.23285705913978486
1109	goal + feedback	29	950	0.22191705913978477
1109	goal + feedback	29	1e3	0.24332922580645144
1109	goal + feedback	29	1050	0.2947618924731182
1109	goal + feedback	29	1100	NA
1109	goal + feedback	29	1150	NA
1109	goal + feedback	30	-200	0.05277409677419355
1109	goal + feedback	30	-150	0.02666976344086029
1109	goal + feedback	30	-100	-0.0035339032258063043
1109	goal + feedback	30	-50	-0.041573903225806376
1109	goal + feedback	30	0	-0.04313173655913979
1109	goal + feedback	30	50	-0.05613823655913978
1109	goal + feedback	30	100	-0.06467173655913983
1109	goal + feedback	30	150	-0.050881069892473096
1109	goal + feedback	30	200	-0.025725403225806298
1109	goal + feedback	30	250	-0.023672236559139675
1109	goal + feedback	30	300	-6.805698924730041e-4
1109	goal + feedback	30	350	0.02824726344086022
1109	goal + feedback	30	400	0.050976263440860294
1109	goal + feedback	30	450	0.10263943010752692
1109	goal + feedback	30	500	0.16480459677419357
1109	goal + feedback	30	550	0.21974276344086033
1109	goal + feedback	30	600	0.2508977634408603
1109	goal + feedback	30	650	0.24414776344086012
1109	goal + feedback	30	700	0.21087393010752695
1109	goal + feedback	30	750	0.21415576344086032
1109	goal + feedback	30	800	0.1780584301075269
1109	goal + feedback	30	850	0.17915109677419352
1109	goal + feedback	30	900	0.17725326344086034
1109	goal + feedback	30	950	0.19740076344086033
1109	goal + feedback	30	1e3	0.20721443010752694
1109	goal + feedback	30	1050	0.23613843010752697
1109	goal + feedback	30	1100	0.25801109677419376
1109	goal + feedback	30	1150	NA
1109	goal + feedback	31	-200	0.0051835000000000075
1109	goal + feedback	31	-150	0.002223166666666702
1109	goal + feedback	31	-100	0.015367166666666673
1109	goal + feedback	31	-50	-0.003802499999999931
1109	goal + feedback	31	0	-0.018971333333333302
1109	goal + feedback	31	50	-0.02919100000000004
1109	goal + feedback	31	100	-0.045304666666666625
1109	goal + feedback	31	150	-0.06014716666666672
1109	goal + feedback	31	200	-0.05385716666666666
1109	goal + feedback	31	250	-0.06958216666666665
1109	goal + feedback	31	300	-0.04669283333333326
1109	goal + feedback	31	350	-0.053524166666666595
1109	goal + feedback	31	400	-0.051174333333333356
1109	goal + feedback	31	450	-0.010896166666666707
1109	goal + feedback	31	500	0.03748716666666674
1109	goal + feedback	31	550	0.076843
1109	goal + feedback	31	600	0.09717566666666677
1109	goal + feedback	31	650	0.14714800000000014
1109	goal + feedback	31	700	0.13540666666666676
1109	goal + feedback	31	750	0.12244083333333333
1109	goal + feedback	31	800	0.08948866666666662
1109	goal + feedback	31	850	0.1049701666666667
1109	goal + feedback	31	900	0.14667666666666657
1109	goal + feedback	31	950	NA
1109	goal + feedback	31	1e3	NA
1109	goal + feedback	31	1050	NA
1109	goal + feedback	31	1100	0.03592966666666664
1109	goal + feedback	31	1150	0.2531829166666667
1109	goal + feedback	32	-200	0.08821648847926251
1109	goal + feedback	32	-150	0.03605694086021486
1109	goal + feedback	32	-100	-0.010728725806451752
1109	goal + feedback	32	-50	-0.051517392473118484
1109	goal + feedback	32	0	-0.0767300591397851
1109	goal + feedback	32	50	-0.09182505913978518
1109	goal + feedback	32	100	-0.08036372580645179
1109	goal + feedback	32	150	-0.05779755913978509
1109	goal + feedback	32	200	-0.014753559139785008
1109	goal + feedback	32	250	-0.008416059139785048
1109	goal + feedback	32	300	0.013007274193548227
1109	goal + feedback	32	350	-0.012646559139785149
1109	goal + feedback	32	400	-0.023742059139785072
1109	goal + feedback	32	450	-0.027829059139785173
1109	goal + feedback	32	500	-0.007940559139785123
1109	goal + feedback	32	550	0.005759607526881612
1109	goal + feedback	32	600	-0.005013559139785073
1109	goal + feedback	32	650	-0.013214892473118356
1109	goal + feedback	32	700	-0.02468855913978496
1109	goal + feedback	32	750	-0.044162625806451763
1109	goal + feedback	32	800	NA
1109	goal + feedback	32	850	NA
1109	goal + feedback	32	900	NA
1109	goal + feedback	32	950	NA
1109	goal + feedback	32	1e3	NA
1109	goal + feedback	32	1050	NA
1109	goal + feedback	32	1100	-0.023453225806451854
1109	goal + feedback	32	1150	0.09580594086021499
1109	goal + feedback	33	-200	0.10451156666666679
1109	goal + feedback	33	-150	0.09990840000000012
1109	goal + feedback	33	-100	-0.02080459999999995
1109	goal + feedback	33	-50	-0.06546159999999997
1109	goal + feedback	33	0	-0.11815376666666662
1109	goal + feedback	33	50	-0.18462959999999992
1109	goal + feedback	33	100	-0.24128876666666654
1109	goal + feedback	33	150	-0.27380010000000005
1109	goal + feedback	33	200	-0.2854744333333332
1109	goal + feedback	33	250	-0.2692380999999999
1109	goal + feedback	33	300	-0.29524876666666655
1109	goal + feedback	33	350	-0.3086367666666666
1109	goal + feedback	33	400	-0.2999775999999999
1109	goal + feedback	33	450	-0.27557693333333316
1109	goal + feedback	33	500	-0.23821562380952382
1109	goal + feedback	33	550	-0.1864800999999999
1109	goal + feedback	33	600	-0.15167026666666664
1109	goal + feedback	33	650	-0.15750526666666662
1109	goal + feedback	33	700	-0.15474843333333324
1109	goal + feedback	33	750	-0.1751052666666666
1109	goal + feedback	33	800	-0.1792122666666666
1109	goal + feedback	33	850	-0.17810743333333323
1109	goal + feedback	33	900	-0.17635626666666657
1109	goal + feedback	33	950	-0.14858526666666663
1109	goal + feedback	33	1e3	-0.14196076666666668
1109	goal + feedback	33	1050	-0.12625519523809517
1109	goal + feedback	33	1100	-0.10426193333333322
1109	goal + feedback	33	1150	-0.09487276666666666
1109	goal + feedback	34	-200	-0.014558175115207295
1109	goal + feedback	34	-150	0.012403467741935717
1109	goal + feedback	34	-100	0.0011786344086022194
1109	goal + feedback	34	-50	0.020377967741935638
1109	goal + feedback	34	0	-0.0169755322580644
1109	goal + feedback	34	50	-0.052879032258064416
1109	goal + feedback	34	100	-0.027962865591397712
1109	goal + feedback	34	150	0.018749634408602295
1109	goal + feedback	34	200	NA
1109	goal + feedback	34	250	NA
1109	goal + feedback	34	300	-0.02885203225806441
1109	goal + feedback	34	350	0.10237763440860233
1109	goal + feedback	34	400	0.19111413440860234
1109	goal + feedback	34	450	0.2048666344086023
1109	goal + feedback	34	500	0.1868149677419356
1109	goal + feedback	34	550	0.24851046774193564
1109	goal + feedback	34	600	0.2331386344086023
1109	goal + feedback	34	650	0.1522791677419355
1109	goal + feedback	34	700	0.07183111059907844
1109	goal + feedback	34	750	-0.014565865591397756
1109	goal + feedback	34	800	-0.07283383225806439
1109	goal + feedback	34	850	-0.09433731797235012
1109	goal + feedback	34	900	-0.13224519892473108
1109	goal + feedback	34	950	-0.1471258655913977
1109	goal + feedback	34	1e3	-0.15145186559139767
1109	goal + feedback	34	1050	-0.1599968655913977
1109	goal + feedback	34	1100	-0.14886369892473109
1109	goal + feedback	34	1150	-0.14844236559139778
1109	goal + feedback	35	-200	0.06832686666666647
1109	goal + feedback	35	-150	0.001424009523809325
1109	goal + feedback	35	-100	-0.006115533333333545
1109	goal + feedback	35	-50	-0.018656466666666798
1109	goal + feedback	35	0	-0.04623546666666689
1109	goal + feedback	35	50	-0.09844663333333352
1109	goal + feedback	35	100	-0.09559280000000021
1109	goal + feedback	35	150	-0.1347946333333335
1109	goal + feedback	35	200	-0.15527746666666684
1109	goal + feedback	35	250	-0.1686901333333335
1109	goal + feedback	35	300	-0.19678746666666683
1109	goal + feedback	35	350	-0.21982680000000018
1109	goal + feedback	35	400	-0.23135580000000014
1109	goal + feedback	35	450	-0.20975730000000023
1109	goal + feedback	35	500	-0.18361830000000015
1109	goal + feedback	35	550	-0.16358730000000019
1109	goal + feedback	35	600	-0.1036156333333335
1109	goal + feedback	35	650	-0.09271946666666686
1109	goal + feedback	35	700	-0.06676146666666687
1109	goal + feedback	35	750	-0.0681303000000002
1109	goal + feedback	35	800	-0.0762436333333334
1109	goal + feedback	35	850	-0.06380863333333349
1109	goal + feedback	35	900	-0.06930080000000009
1109	goal + feedback	35	950	-0.058633466666666946
1109	goal + feedback	35	1e3	-0.03450146666666676
1109	goal + feedback	35	1050	-0.009025300000000161
1109	goal + feedback	35	1100	0.02394369999999979
1109	goal + feedback	35	1150	0.0815905333333331
1109	goal + feedback	36	-200	-0.00470603333333323
1109	goal + feedback	36	-150	0.007292419047619157
1109	goal + feedback	36	-100	5.607333333333741e-4
1109	goal + feedback	36	-50	2.1613333333333115e-4
1109	goal + feedback	36	0	-0.004485199999999893
1109	goal + feedback	36	50	-0.046255033333333286
1109	goal + feedback	36	100	-0.03519869999999988
1109	goal + feedback	36	150	-0.052692699999999926
1109	goal + feedback	36	200	-0.03292670000000005
1109	goal + feedback	36	250	-0.04187136666666665
1109	goal + feedback	36	300	-0.02061686666666655
1109	goal + feedback	36	350	-0.02536069999999994
1109	goal + feedback	36	400	-0.03339243809523808
1109	goal + feedback	36	450	-0.02757946666666653
1109	goal + feedback	36	500	-0.01613729523809512
1109	goal + feedback	36	550	0.028268966666666746
1109	goal + feedback	36	600	0.02529353333333333
1109	goal + feedback	36	650	0.05466384761904765
1109	goal + feedback	36	700	0.07191613333333335
1109	goal + feedback	36	750	0.05385680000000007
1109	goal + feedback	36	800	0.03612046666666672
1109	goal + feedback	36	850	0.021606733333333315
1109	goal + feedback	36	900	0.0013014666666667136
1109	goal + feedback	36	950	0.005205704761904771
1109	goal + feedback	36	1e3	0.10865013333333318
1109	goal + feedback	36	1050	NA
1109	goal + feedback	36	1100	NA
1109	goal + feedback	36	1150	NA
1109	goal + feedback	37	-200	-0.014088166666666643
1109	goal + feedback	37	-150	-0.014841833333333332
1109	goal + feedback	37	-100	0.0013750000000001261
1109	goal + feedback	37	-50	0.012582666666666778
1109	goal + feedback	37	0	0.014972333333333365
1109	goal + feedback	37	50	0.018876166666666732
1109	goal + feedback	37	100	0.051960166666666696
1109	goal + feedback	37	150	0.04820211904761911
1109	goal + feedback	37	200	0.0930248333333334
1109	goal + feedback	37	250	0.06101269047619055
1109	goal + feedback	37	300	0.08014083333333337
1109	goal + feedback	37	350	0.086621261904762
1109	goal + feedback	37	400	0.08589263333333355
1109	goal + feedback	37	450	0.10653026190476204
1109	goal + feedback	37	500	0.14043743333333342
1109	goal + feedback	37	550	0.1644268333333334
1109	goal + feedback	37	600	0.1928819761904763
1109	goal + feedback	37	650	0.19629743333333344
1109	goal + feedback	37	700	0.18632326190476198
1109	goal + feedback	37	750	0.17923383333333334
1109	goal + feedback	37	800	0.1534836666666667
1109	goal + feedback	37	850	0.1708130000000001
1109	goal + feedback	37	900	0.16585800000000006
1109	goal + feedback	37	950	0.16820133333333342
1109	goal + feedback	37	1e3	0.1758466666666667
1109	goal + feedback	37	1050	0.22754833333333335
1109	goal + feedback	37	1100	NA
1109	goal + feedback	37	1150	NA
1109	goal + feedback	38	-200	-4.6383333333355203e-4
1109	goal + feedback	38	-150	0.003161666666666507
1109	goal + feedback	38	-100	-2.865000000002264e-4
1109	goal + feedback	38	-50	-7.790000000001592e-4
1109	goal + feedback	38	0	-0.0016323333333334578
1109	goal + feedback	38	50	0.004135166666666394
1109	goal + feedback	38	100	0.011526166666666468
1109	goal + feedback	38	150	0.0025561666666664706
1109	goal + feedback	38	200	-0.012106666666666785
1109	goal + feedback	38	250	-0.010856000000000124
1109	goal + feedback	38	300	-0.0012458333333335385
1109	goal + feedback	38	350	0.004738999999999753
1109	goal + feedback	38	400	0.014008333333333178
1109	goal + feedback	38	450	0.05617409523809507
1109	goal + feedback	38	500	0.11338733333333313
1109	goal + feedback	38	550	0.1633718666666665
1109	goal + feedback	38	600	0.20740666666666652
1109	goal + feedback	38	650	0.2445786666666665
1109	goal + feedback	38	700	NA
1109	goal + feedback	38	750	NA
1109	goal + feedback	38	800	NA
1109	goal + feedback	38	850	NA
1109	goal + feedback	38	900	0.2370441666666665
1109	goal + feedback	38	950	0.3758799523809521
1109	goal + feedback	38	1e3	0.2767164999999998
1109	goal + feedback	38	1050	0.30794599999999983
1109	goal + feedback	38	1100	0.3601441666666665
1109	goal + feedback	38	1150	0.37864433333333314
1109	goal + feedback	39	-200	-0.0072969170506912585
1109	goal + feedback	39	-150	-0.008160940860215163
1109	goal + feedback	39	-100	0.0018963924731182729
1109	goal + feedback	39	-50	0.001911892473118219
1109	goal + feedback	39	0	0.012865725806451659
1109	goal + feedback	39	50	-0.0030254408602151304
1109	goal + feedback	39	100	-0.02297444086021505
1109	goal + feedback	39	150	-0.024169940860215105
1109	goal + feedback	39	200	-0.01695710752688166
1109	goal + feedback	39	250	-0.02774110752688171
1109	goal + feedback	39	300	-0.03771210752688181
1109	goal + feedback	39	350	-0.02794660752688179
1109	goal + feedback	39	400	-0.00249710752688174
1109	goal + feedback	39	450	0.014700725806451542
1109	goal + feedback	39	500	0.06342689247311835
1109	goal + feedback	39	550	0.08443855913978486
1109	goal + feedback	39	600	0.09733522580645164
1109	goal + feedback	39	650	0.08131089247311814
1109	goal + feedback	39	700	0.06581247580645155
1109	goal + feedback	39	750	NA
1109	goal + feedback	39	800	NA
1109	goal + feedback	39	850	NA
1109	goal + feedback	39	900	NA
1109	goal + feedback	39	950	NA
1109	goal + feedback	39	1e3	0.26313122580645154
1109	goal + feedback	39	1050	0.22971255913978497
1109	goal + feedback	39	1100	0.21932622580645159
1109	goal + feedback	39	1150	0.24432655913978496
1109	goal + feedback	40	-200	0.03525534562211969
1109	goal + feedback	40	-150	0.026029607526881476
1109	goal + feedback	40	-100	-0.004152725806451836
1109	goal + feedback	40	-50	-0.027865392473118478
1109	goal + feedback	40	0	-0.03514272580645176
1109	goal + feedback	40	50	-0.05007772580645183
1109	goal + feedback	40	100	-0.07659339247311851
1109	goal + feedback	40	150	-0.09809439247311842
1109	goal + feedback	40	200	-0.10827405913978512
1109	goal + feedback	40	250	-0.09977605913978509
1109	goal + feedback	40	300	-0.10100755913978514
1109	goal + feedback	40	350	-0.08772339247311851
1109	goal + feedback	40	400	-0.0813650591397852
1109	goal + feedback	40	450	-0.06555005913978514
1109	goal + feedback	40	500	-0.013718225806451878
1109	goal + feedback	40	550	-0.005331559139785114
1109	goal + feedback	40	600	0.02259594086021477
1109	goal + feedback	40	650	0.006722107526881516
1109	goal + feedback	40	700	-0.014780059139785159
1109	goal + feedback	40	750	-0.03327905913978513
1109	goal + feedback	40	800	-0.04199405913978523
1109	goal + feedback	40	850	-0.022458225806451848
1109	goal + feedback	40	900	NA
1109	goal + feedback	40	950	NA
1109	goal + feedback	40	1e3	NA
1109	goal + feedback	40	1050	NA
1109	goal + feedback	40	1100	0.06489302419354814
1109	goal + feedback	40	1150	0.14776310752688163
1109	goal + feedback	41	-200	0.014726792626728016
1109	goal + feedback	41	-150	0.003439102150537702
1109	goal + feedback	41	-100	-0.014111064516129016
1109	goal + feedback	41	-50	-0.004876231182795676
1109	goal + feedback	41	0	-0.0016330645161291013
1109	goal + feedback	41	50	0.005891602150537523
1109	goal + feedback	41	100	-0.0018638978494624296
1109	goal + feedback	41	150	0.023705768817204282
1109	goal + feedback	41	200	0.04584210215053767
1109	goal + feedback	41	250	0.06704510215053767
1109	goal + feedback	41	300	0.11099443548387085
1109	goal + feedback	41	350	0.1510106021505376
1109	goal + feedback	41	400	0.2058562688172044
1109	goal + feedback	41	450	0.2659642688172042
1109	goal + feedback	41	500	0.3101081021505376
1109	goal + feedback	41	550	0.35535810215053765
1109	goal + feedback	41	600	0.35961026881720426
1109	goal + feedback	41	650	0.3054302688172042
1109	goal + feedback	41	700	0.26269093548387107
1109	goal + feedback	41	750	0.23985976881720425
1109	goal + feedback	41	800	0.366768935483871
1109	goal + feedback	41	850	NA
1109	goal + feedback	41	900	NA
1109	goal + feedback	41	950	NA
1109	goal + feedback	41	1e3	NA
1109	goal + feedback	41	1050	NA
1109	goal + feedback	41	1100	0.41269593548387107
1109	goal + feedback	41	1150	0.4779476021505375
1109	goal + feedback	42	-200	-0.007394633333333234
1109	goal + feedback	42	-150	0.0010813666666667683
1109	goal + feedback	42	-100	1.3853333333339415e-4
1109	goal + feedback	42	-50	-0.003447299999999931
1109	goal + feedback	42	0	0.009622033333333299
1109	goal + feedback	42	50	0.03131070000000006
1109	goal + feedback	42	100	0.03651603333333334
1109	goal + feedback	42	150	0.07034003333333334
1109	goal + feedback	42	200	0.09416336666666673
1109	goal + feedback	42	250	0.10677870000000007
1109	goal + feedback	42	300	0.13154386666666676
1109	goal + feedback	42	350	0.14931386666666668
1109	goal + feedback	42	400	0.15048303333333335
1109	goal + feedback	42	450	0.1837083666666667
1109	goal + feedback	42	500	0.2009697
1109	goal + feedback	42	550	0.23250770000000007
1109	goal + feedback	42	600	0.2915802
1109	goal + feedback	42	650	0.26337419999999995
1109	goal + feedback	42	700	0.2340838666666666
1109	goal + feedback	42	750	0.25605883333333346
1109	goal + feedback	42	800	NA
1109	goal + feedback	42	850	NA
1109	goal + feedback	42	900	NA
1109	goal + feedback	42	950	NA
1109	goal + feedback	42	1e3	NA
1109	goal + feedback	42	1050	0.23851728333333322
1109	goal + feedback	42	1100	0.3857622000000001
1109	goal + feedback	42	1150	0.47079920000000003
1109	goal + feedback	43	-200	-0.0348667043010753
1109	goal + feedback	43	-150	0.003926629032258007
1109	goal + feedback	43	-100	0.007691795698924568
1109	goal + feedback	43	-50	0.015620129032257957
1109	goal + feedback	43	0	0.0065384147465437715
1109	goal + feedback	43	50	-0.004166070967742019
1109	goal + feedback	43	100	-0.009203537634408695
1109	goal + feedback	43	150	-0.025813370967742017
1109	goal + feedback	43	200	-0.024638370967741945
1109	goal + feedback	43	250	0.011428129032258058
1109	goal + feedback	43	300	0.01712279569892461
1109	goal + feedback	43	350	0.022141962365591256
1109	goal + feedback	43	400	0.0541912956989247
1109	goal + feedback	43	450	0.10207746236559141
1109	goal + feedback	43	500	0.14838896236559132
1109	goal + feedback	43	550	0.18842512903225805
1109	goal + feedback	43	600	0.23442512903225804
1109	goal + feedback	43	650	0.261607129032258
1109	goal + feedback	43	700	0.22520562903225794
1109	goal + feedback	43	750	0.17140212903225796
1109	goal + feedback	43	800	0.1383024623655913
1109	goal + feedback	43	850	0.11740662903225811
1109	goal + feedback	43	900	0.10918196236559126
1109	goal + feedback	43	950	0.1018134623655913
1109	goal + feedback	43	1e3	0.09174696236559132
1109	goal + feedback	43	1050	0.11908146236559136
1109	goal + feedback	43	1100	NA
1109	goal + feedback	43	1150	NA
1109	goal + feedback	44	-200	-0.03643366820276502
1109	goal + feedback	44	-150	-0.014505596774193608
1109	goal + feedback	44	-100	-0.009121296774193599
1109	goal + feedback	44	-50	0.025980617511520636
1109	goal + feedback	44	0	0.03430190322580643
1109	goal + feedback	44	50	0.040575403225806404
1109	goal + feedback	44	100	0.057388569892472985
1109	goal + feedback	44	150	0.07178856989247302
1109	goal + feedback	44	200	0.10794756989247307
1109	goal + feedback	44	250	0.1318374032258065
1109	goal + feedback	44	300	0.13182523655913977
1109	goal + feedback	44	350	0.17605273655913978
1109	goal + feedback	44	400	0.19284590322580644
1109	goal + feedback	44	450	0.24681606989247315
1109	goal + feedback	44	500	0.24636140322580635
1109	goal + feedback	44	550	0.25046990322580637
1109	goal + feedback	44	600	0.2649684032258064
1109	goal + feedback	44	650	0.24012773655913974
1109	goal + feedback	44	700	0.2113767365591397
1109	goal + feedback	44	750	0.15245873655913975
1109	goal + feedback	44	800	0.12271273655913968
1109	goal + feedback	44	850	0.0610332365591398
1109	goal + feedback	44	900	0.06068156989247305
1109	goal + feedback	44	950	0.03734573655913964
1109	goal + feedback	44	1e3	0.04497206989247301
1109	goal + feedback	44	1050	0.04778640322580648
1109	goal + feedback	44	1100	-0.007172096774193726
1109	goal + feedback	44	1150	NA
1109	goal + feedback	45	-200	3.8264976958516224e-4
1109	goal + feedback	45	-150	0.009716268817204258
1109	goal + feedback	45	-100	-0.01058639784946247
1109	goal + feedback	45	-50	0.006502435483870898
1109	goal + feedback	45	0	-0.00607873118279582
1109	goal + feedback	45	50	0.015317768817204222
1109	goal + feedback	45	100	0.023158268817204213
1109	goal + feedback	45	150	0.0357506021505376
1109	goal + feedback	45	200	0.044118768817204224
1109	goal + feedback	45	250	0.041129435483870935
1109	goal + feedback	45	300	0.05142243548387097
1109	goal + feedback	45	350	0.06892926881720429
1109	goal + feedback	45	400	0.06489026881720424
1109	goal + feedback	45	450	0.08888893548387089
1109	goal + feedback	45	500	0.10241310215053752
1109	goal + feedback	45	550	0.15913776881720434
1109	goal + feedback	45	600	0.16911726881720424
1109	goal + feedback	45	650	0.18367310215053756
1109	goal + feedback	45	700	0.18223310215053753
1109	goal + feedback	45	750	0.16527476881720427
1109	goal + feedback	45	800	0.1357462688172042
1109	goal + feedback	45	850	0.11090260215053756
1109	goal + feedback	45	900	0.10729810215053755
1109	goal + feedback	45	950	0.09197976881720431
1109	goal + feedback	45	1e3	0.07509843548387092
1109	goal + feedback	45	1050	0.06932826881720426
1109	goal + feedback	45	1100	0.06603310215053752
1109	goal + feedback	45	1150	0.09490276881720416
1109	goal + feedback	46	-200	0.004296899999999863
1109	goal + feedback	46	-150	0.0036632333333332934
1109	goal + feedback	46	-100	-0.007441600000000159
1109	goal + feedback	46	-50	-0.005086766666666816
1109	goal + feedback	46	0	0.004568233333333153
1109	goal + feedback	46	50	0.03291039999999986
1109	goal + feedback	46	100	0.006358066666666495
1109	goal + feedback	46	150	0.004535066666666439
1109	goal + feedback	46	200	-0.0064927666666667605
1109	goal + feedback	46	250	0.0028872333333332576
1109	goal + feedback	46	300	-0.004355766666666853
1109	goal + feedback	46	350	-0.0025789333333334774
1109	goal + feedback	46	400	0.00998289999999987
1109	goal + feedback	46	450	0.03729156666666652
1109	goal + feedback	46	500	0.07424106666666656
1109	goal + feedback	46	550	0.10676923333333321
1109	goal + feedback	46	600	0.09278973333333318
1109	goal + feedback	46	650	0.049260733333333175
1109	goal + feedback	46	700	0.02394373333333329
1109	goal + feedback	46	750	0.005480899999999715
1109	goal + feedback	46	800	0.028384633333333208
1109	goal + feedback	46	850	NA
1109	goal + feedback	46	900	NA
1109	goal + feedback	46	950	NA
1109	goal + feedback	46	1e3	NA
1109	goal + feedback	46	1050	0.24804023333333314
1109	goal + feedback	46	1100	0.26493039999999984
1109	goal + feedback	46	1150	0.2562112333333331
1109	goal + feedback	47	-200	-0.03191323333333355
1109	goal + feedback	47	-150	-0.024730733333333532
1109	goal + feedback	47	-100	-0.003973400000000164
1109	goal + feedback	47	-50	0.013032266666666384
1109	goal + feedback	47	0	0.047585099999999825
1109	goal + feedback	47	50	0.05740476666666653
1109	goal + feedback	47	100	0.08705976666666644
1109	goal + feedback	47	150	0.09949143333333306
1109	goal + feedback	47	200	0.10000909999999978
1109	goal + feedback	47	250	0.09328776666666642
1109	goal + feedback	47	300	0.07721459999999973
1109	goal + feedback	47	350	0.06997726666666641
1109	goal + feedback	47	400	0.05329009999999982
1109	goal + feedback	47	450	0.08576709999999976
1109	goal + feedback	47	500	0.09791176666666646
1109	goal + feedback	47	550	0.11817076666666648
1109	goal + feedback	47	600	0.176053433333333
1109	goal + feedback	47	650	0.1559320999999998
1109	goal + feedback	47	700	0.18959209999999982
1109	goal + feedback	47	750	0.2344655999999999
1109	goal + feedback	47	800	NA
1109	goal + feedback	47	850	NA
1109	goal + feedback	47	900	NA
1109	goal + feedback	47	950	NA
1109	goal + feedback	47	1e3	0.11411526666666649
1109	goal + feedback	47	1050	0.16142699999999985
1109	goal + feedback	47	1100	0.21641876666666646
1109	goal + feedback	47	1150	0.25117931428571394
1109	goal + feedback	48	-200	0.04418267281105986
1109	goal + feedback	48	-150	-0.002114279569892741
1109	goal + feedback	48	-100	-0.0073774462365593
1109	goal + feedback	48	-50	-0.007476446236559371
1109	goal + feedback	48	0	-0.03457827956989264
1109	goal + feedback	48	50	-0.08067327956989263
1109	goal + feedback	48	100	-0.09163127956989266
1109	goal + feedback	48	150	-0.12672177956989272
1109	goal + feedback	48	200	-0.1176859462365593
1109	goal + feedback	48	250	-0.09967544623655929
1109	goal + feedback	48	300	-0.08591527956989276
1109	goal + feedback	48	350	-0.07248577956989262
1109	goal + feedback	48	400	-0.05329311290322599
1109	goal + feedback	48	450	-0.030068612903226006
1109	goal + feedback	48	500	-0.03802711290322591
1109	goal + feedback	48	550	-0.044509612903225935
1109	goal + feedback	48	600	-0.05467127956989263
1109	goal + feedback	48	650	-0.06600794623655933
1109	goal + feedback	48	700	-0.04916627956989269
1109	goal + feedback	48	750	-0.07829844623655931
1109	goal + feedback	48	800	-0.07988527956989262
1109	goal + feedback	48	850	-0.07690844623655939
1109	goal + feedback	48	900	-0.0691604462365593
1109	goal + feedback	48	950	-0.08767977956989263
1109	goal + feedback	48	1e3	-0.0970227795698928
1109	goal + feedback	48	1050	-0.12221794623655935
1109	goal + feedback	48	1100	-0.14980461290322591
1109	goal + feedback	48	1150	-0.14444961290322592
1109	goal + feedback	49	-200	-0.02212311520737309
1109	goal + feedback	49	-150	-0.014467258064515912
1109	goal + feedback	49	-100	-0.005982091397849221
1109	goal + feedback	49	-50	0.016867075268817366
1109	goal + feedback	49	0	0.029392575268817406
1109	goal + feedback	49	50	0.0456889086021508
1109	goal + feedback	49	100	0.0704205752688174
1109	goal + feedback	49	150	0.0747972419354841
1109	goal + feedback	49	200	0.09749407526881744
1109	goal + feedback	49	250	0.12284440860215073
1109	goal + feedback	49	300	0.13207390860215074
1109	goal + feedback	49	350	0.16309190860215073
1109	goal + feedback	49	400	0.16065090860215067
1109	goal + feedback	49	450	0.17415924193548413
1109	goal + feedback	49	500	0.20421440860215068
1109	goal + feedback	49	550	0.2471334086021507
1109	goal + feedback	49	600	0.23967040860215075
1109	goal + feedback	49	650	0.2407799086021508
1109	goal + feedback	49	700	0.19475724193548408
1109	goal + feedback	49	750	0.1802424086021508
1109	goal + feedback	49	800	0.15251507526881736
1109	goal + feedback	49	850	0.20195474193548413
1109	goal + feedback	49	900	NA
1109	goal + feedback	49	950	NA
1109	goal + feedback	49	1e3	NA
1109	goal + feedback	49	1050	NA
1109	goal + feedback	49	1100	NA
1109	goal + feedback	49	1150	-0.06069425806451578
1109	goal + feedback	50	-200	0.016089533333333295
1109	goal + feedback	50	-150	0.006135866666666582
1109	goal + feedback	50	-100	-0.007821300000000031
1109	goal + feedback	50	-50	-0.0027046333333333727
1109	goal + feedback	50	0	-0.011699466666666769
1109	goal + feedback	50	50	-0.009943633333333516
1109	goal + feedback	50	100	0.027677533333333317
1109	goal + feedback	50	150	NA
1109	goal + feedback	50	200	NA
1109	goal + feedback	50	250	-0.15654346666666674
1109	goal + feedback	50	300	0.11137736666666657
1109	goal + feedback	50	350	0.14651253333333333
1109	goal + feedback	50	400	0.19971819999999996
1109	goal + feedback	50	450	0.18820269999999995
1109	goal + feedback	50	500	0.25598553333333324
1109	goal + feedback	50	550	0.2628361999999999
1109	goal + feedback	50	600	0.24009253333333333
1109	goal + feedback	50	650	0.1806115333333332
1109	goal + feedback	50	700	0.12736919999999988
1109	goal + feedback	50	750	0.06947719999999998
1109	goal + feedback	50	800	0.0022278666666666336
1109	goal + feedback	50	850	-0.026811300000000093
1109	goal + feedback	50	900	-0.06294179999999994
1109	goal + feedback	50	950	-0.07301563333333339
1109	goal + feedback	50	1e3	-0.06734280000000004
1109	goal + feedback	50	1050	-0.08463163333333353
1109	goal + feedback	50	1100	-0.07065346666666672
1109	goal + feedback	50	1150	-0.03568813333333343
1109	goal + feedback	51	-200	-0.011790387096774031
1109	goal + feedback	51	-150	-0.008856220430107328
1109	goal + feedback	51	-100	-0.001464553763440642
1109	goal + feedback	51	-50	0.0019629462365593486
1109	goal + feedback	51	0	0.02211327956989269
1109	goal + feedback	51	50	0.05484094623655933
1109	goal + feedback	51	100	0.07945294623655941
1109	goal + feedback	51	150	0.09176177956989269
1109	goal + feedback	51	200	0.11821994623655933
1109	goal + feedback	51	250	0.12723194623655942
1109	goal + feedback	51	300	0.14737827956989266
1109	goal + feedback	51	350	0.1364834462365594
1109	goal + feedback	51	400	0.13322544623655933
1109	goal + feedback	51	450	0.14364361290322605
1109	goal + feedback	51	500	0.1230896129032261
1109	goal + feedback	51	550	0.1524479462365594
1109	goal + feedback	51	600	0.14222611290322598
1109	goal + feedback	51	650	0.14050277956989254
1109	goal + feedback	51	700	0.1345844462365593
1109	goal + feedback	51	750	0.11007777956989277
1109	goal + feedback	51	800	0.09540511290322606
1109	goal + feedback	51	850	0.06513211290322614
1109	goal + feedback	51	900	0.06271811290322608
1109	goal + feedback	51	950	0.060674112903225996
1109	goal + feedback	51	1e3	0.054436946236559335
1109	goal + feedback	51	1050	0.04410877956989275
1109	goal + feedback	51	1100	0.044034279569892774
1109	goal + feedback	51	1150	0.051033612903226055
1109	goal + feedback	52	-200	0.0491461333333334
1109	goal + feedback	52	-150	0.015796466666666637
1109	goal + feedback	52	-100	0.005040966666666646
1109	goal + feedback	52	-50	-0.027839533333333295
1109	goal + feedback	52	0	-0.04214403333333331
1109	goal + feedback	52	50	-0.055142533333333375
1109	goal + feedback	52	100	-0.05941453333333335
1109	goal + feedback	52	150	-0.054258033333333344
1109	goal + feedback	52	200	-0.0489672000000001
1109	goal + feedback	52	250	-0.026552866666666713
1109	goal + feedback	52	300	-0.01220603333333344
1109	goal + feedback	52	350	8.053000000000458e-4
1109	goal + feedback	52	400	0.018546133333333287
1109	goal + feedback	52	450	0.030326299999999955
1109	goal + feedback	52	500	0.054174133333333284
1109	goal + feedback	52	550	0.08421196666666668
1109	goal + feedback	52	600	0.11131396666666671
1109	goal + feedback	52	650	0.10023713333333333
1109	goal + feedback	52	700	0.09959163333333332
1109	goal + feedback	52	750	0.06626130000000001
1109	goal + feedback	52	800	0.08233229999999996
1109	goal + feedback	52	850	0.06505446666666666
1109	goal + feedback	52	900	0.036883466666666566
1109	goal + feedback	52	950	0.03706196666666665
1109	goal + feedback	52	1e3	0.030359466666666668
1109	goal + feedback	52	1050	0.029348966666666792
1109	goal + feedback	52	1100	0.04104880000000014
1109	goal + feedback	52	1150	0.09565729999999999
1109	goal + feedback	53	-200	0.006920714285714232
1109	goal + feedback	53	-150	0.003923333333333427
1109	goal + feedback	53	-100	0.009859833333333365
1109	goal + feedback	53	-50	-0.009868000000000062
1109	goal + feedback	53	0	-0.011989333333333333
1109	goal + feedback	53	50	-0.020605666666666595
1109	goal + feedback	53	100	-0.011772666666666654
1109	goal + feedback	53	150	0.016417666666666664
1109	goal + feedback	53	200	0.03594316666666667
1109	goal + feedback	53	250	0.054481
1109	goal + feedback	53	300	0.05863883333333334
1109	goal + feedback	53	350	0.07489899999999998
1109	goal + feedback	53	400	0.1098763333333334
1109	goal + feedback	53	450	0.07810699999999993
1109	goal + feedback	53	500	0.09917833333333322
1109	goal + feedback	53	550	0.07676899999999993
1109	goal + feedback	53	600	0.09119850000000003
1109	goal + feedback	53	650	0.08191766666666671
1109	goal + feedback	53	700	0.0263246666666667
1109	goal + feedback	53	750	-0.030891166666666765
1109	goal + feedback	53	800	-0.04785433333333337
1109	goal + feedback	53	850	-0.09813116666666666
1109	goal + feedback	53	900	-0.10250700000000006
1109	goal + feedback	53	950	-0.1263886666666667
1109	goal + feedback	53	1e3	-0.06905400000000003
1109	goal + feedback	53	1050	NA
1109	goal + feedback	53	1100	NA
1109	goal + feedback	53	1150	NA
1109	goal + feedback	54	-200	-0.008499366666666766
1109	goal + feedback	54	-150	-0.0016812000000001603
1109	goal + feedback	54	-100	0.003926466666666591
1109	goal + feedback	54	-50	0.004854966666666479
1109	goal + feedback	54	0	0.0013991333333332652
1109	goal + feedback	54	50	-0.0063877000000000335
1109	goal + feedback	54	100	-0.016625033333333317
1109	goal + feedback	54	150	-0.02539920000000014
1109	goal + feedback	54	200	-0.041015200000000064
1109	goal + feedback	54	250	-0.029849866666666818
1109	goal + feedback	54	300	-0.038536366666666856
1109	goal + feedback	54	350	-0.0353602000000001
1109	goal + feedback	54	400	-0.006018700000000117
1109	goal + feedback	54	450	0.028830299999999864
1109	goal + feedback	54	500	0.08250779999999984
1109	goal + feedback	54	550	0.14423463333333322
1109	goal + feedback	54	600	0.20756096666666654
1109	goal + feedback	54	650	0.22776246666666658
1109	goal + feedback	54	700	0.21460313333333322
1109	goal + feedback	54	750	0.2179894666666665
1109	goal + feedback	54	800	0.18643379999999996
1109	goal + feedback	54	850	0.18546396666666656
1109	goal + feedback	54	900	0.21936679999999975
1109	goal + feedback	54	950	NA
1109	goal + feedback	54	1e3	NA
1109	goal + feedback	54	1050	NA
1109	goal + feedback	54	1100	-0.08303470000000024
1109	goal + feedback	54	1150	0.19404296666666646
1109	goal + feedback	55	-200	0.034699870967741964
1109	goal + feedback	55	-150	0.016794537634408673
1109	goal + feedback	55	-100	-0.0033205576036865153
1109	goal + feedback	55	-50	-0.018328462365591342
1109	goal + feedback	55	0	-0.029291962365591246
1109	goal + feedback	55	50	-0.023797795698924668
1109	goal + feedback	55	100	-0.025423295698924653
1109	goal + feedback	55	150	-0.046121962365591296
1109	goal + feedback	55	200	-0.04840262903225804
1109	goal + feedback	55	250	-0.07317012903225802
1109	goal + feedback	55	300	-0.10132446236559134
1109	goal + feedback	55	350	-0.11527029569892473
1109	goal + feedback	55	400	-0.1155882956989247
1109	goal + feedback	55	450	-0.11750012903225793
1109	goal + feedback	55	500	-0.07934546236559137
1109	goal + feedback	55	550	-0.04055796236559125
1109	goal + feedback	55	600	0.011959704301075291
1109	goal + feedback	55	650	0.06319537096774204
1109	goal + feedback	55	700	0.07320787096774195
1109	goal + feedback	55	750	NA
1109	goal + feedback	55	800	NA
1109	goal + feedback	55	850	NA
1109	goal + feedback	55	900	NA
1109	goal + feedback	55	950	0.13777112096774202
1109	goal + feedback	55	1e3	0.1938837043010754
1109	goal + feedback	55	1050	0.15673153763440864
1109	goal + feedback	55	1100	0.20091970430107545
1109	goal + feedback	55	1150	0.23649003763440865
1109	goal + feedback	56	-200	-0.007539672811059843
1109	goal + feedback	56	-150	-0.007046387096774002
1109	goal + feedback	56	-100	-0.0025952204301074033
1109	goal + feedback	56	-50	0.012463112903225992
1109	goal + feedback	56	0	0.005974779569892637
1109	goal + feedback	56	50	0.006875779569892604
1109	goal + feedback	56	100	-0.00498355376344084
1109	goal + feedback	56	150	-0.010380053763440719
1109	goal + feedback	56	200	0.004723279569892602
1109	goal + feedback	56	250	-0.005827387096773995
1109	goal + feedback	56	300	-0.017029887096774072
1109	goal + feedback	56	350	0.010457112903225966
1109	goal + feedback	56	400	0.015366446236559325
1109	goal + feedback	56	450	0.061675112903225804
1109	goal + feedback	56	500	0.08996944623655923
1109	goal + feedback	56	550	0.14235077956989262
1109	goal + feedback	56	600	0.1799194462365592
1109	goal + feedback	56	650	0.1804201129032259
1109	goal + feedback	56	700	0.14798827956989258
1109	goal + feedback	56	750	0.0863476129032259
1109	goal + feedback	56	800	0.017510779569892703
1109	goal + feedback	56	850	-0.0015735537634407788
1109	goal + feedback	56	900	0.02999411290322603
1109	goal + feedback	56	950	NA
1109	goal + feedback	56	1e3	NA
1109	goal + feedback	56	1050	NA
1109	goal + feedback	56	1100	-0.07690638709677411
1109	goal + feedback	56	1150	0.09887094623655934
1109	goal + feedback	57	-200	NA
1109	goal + feedback	57	-150	NA
1109	goal + feedback	57	-100	NA
1109	goal + feedback	57	-50	NA
1109	goal + feedback	57	0	0
1109	goal + feedback	57	50	0.14802100000000018
1109	goal + feedback	57	100	0.14818950000000006
1109	goal + feedback	57	150	0.1733085000000001
1109	goal + feedback	57	200	0.18847750000000016
1109	goal + feedback	57	250	0.1506023333333335
1109	goal + feedback	57	300	0.07496016666666676
1109	goal + feedback	57	350	-0.024156333333333224
1109	goal + feedback	57	400	-0.0962158333333331
1109	goal + feedback	57	450	-0.12732416666666654
1109	goal + feedback	57	500	-0.17942716666666647
1109	goal + feedback	57	550	-0.20630983333333316
1109	goal + feedback	57	600	-0.2286576666666665
1109	goal + feedback	57	650	-0.2512653333333332
1109	goal + feedback	57	700	-0.2936126666666666
1109	goal + feedback	57	750	-0.32475516666666654
1109	goal + feedback	57	800	-0.3410728333333332
1109	goal + feedback	57	850	-0.3480364999999999
1109	goal + feedback	57	900	-0.3528559999999999
1109	goal + feedback	57	950	-0.3777424999999999
1109	goal + feedback	57	1e3	-0.3721503333333332
1109	goal + feedback	57	1050	-0.36013199999999995
1109	goal + feedback	57	1100	-0.33191016666666645
1109	goal + feedback	57	1150	-0.35334349999999987
1109	goal + feedback	58	-200	0.02777290322580634
1109	goal + feedback	58	-150	0.010843736559139764
1109	goal + feedback	58	-100	-0.0070250967741936066
1109	goal + feedback	58	-50	-0.017550930107526952
1109	goal + feedback	58	0	-0.018669430107526974
1109	goal + feedback	58	50	-0.03064726344086033
1109	goal + feedback	58	100	-0.035838263440860274
1109	goal + feedback	58	150	-0.0425104301075269
1109	goal + feedback	58	200	-0.05200576344086031
1109	goal + feedback	58	250	-0.05214159677419369
1109	goal + feedback	58	300	-0.04432443010752696
1109	goal + feedback	58	350	-0.025838430107526955
1109	goal + feedback	58	400	0.013574403225806497
1109	goal + feedback	58	450	0.04672690322580634
1109	goal + feedback	58	500	0.10035690322580641
1109	goal + feedback	58	550	0.1507489032258064
1109	goal + feedback	58	600	0.18941490322580634
1109	goal + feedback	58	650	NA
1109	goal + feedback	58	700	NA
1109	goal + feedback	58	750	NA
1109	goal + feedback	58	800	NA
1109	goal + feedback	58	850	NA
1109	goal + feedback	58	900	0.2959169032258063
1109	goal + feedback	58	950	0.30442056989247307
1109	goal + feedback	58	1e3	0.32479323655913966
1109	goal + feedback	58	1050	0.348168069892473
1109	goal + feedback	58	1100	0.40051806989247307
1109	goal + feedback	58	1150	0.3561429032258064
1109	goal + feedback	59	-200	-0.012039663594470174
1109	goal + feedback	59	-150	-0.00598497311827965
1109	goal + feedback	59	-100	0.0016076935483870052
1109	goal + feedback	59	-50	0.004904193548386966
1109	goal + feedback	59	0	0.013519360215053622
1109	goal + feedback	59	50	0.023875193548387037
1109	goal + feedback	59	100	0.031038693548386915
1109	goal + feedback	59	150	0.03736686021505379
1109	goal + feedback	59	200	0.04656886021505372
1109	goal + feedback	59	250	0.044018860215053746
1109	goal + feedback	59	300	0.06795869354838698
1109	goal + feedback	59	350	0.0914895268817204
1109	goal + feedback	59	400	0.12146269354838697
1109	goal + feedback	59	450	0.15971586021505355
1109	goal + feedback	59	500	0.22410419354838704
1109	goal + feedback	59	550	0.24750552688172034
1109	goal + feedback	59	600	0.3052070268817204
1109	goal + feedback	59	650	0.34288819354838695
1109	goal + feedback	59	700	NA
1109	goal + feedback	59	750	NA
1109	goal + feedback	59	800	NA
1109	goal + feedback	59	850	NA
1109	goal + feedback	59	900	NA
1109	goal + feedback	59	950	0.21744069354838702
1109	goal + feedback	59	1e3	0.24462039354838713
1109	goal + feedback	59	1050	0.27167336021505367
1109	goal + feedback	59	1100	0.3488583602150537
1109	goal + feedback	59	1150	0.3805205268817204
1109	goal + feedback	60	-200	0.067093
1109	goal + feedback	60	-150	NA
1109	goal + feedback	60	-100	NA
1109	goal + feedback	60	-50	NA
1109	goal + feedback	60	0	-0.10063949999999999
1109	goal + feedback	60	50	0.13708316666666676
1109	goal + feedback	60	100	0.1806238333333333
1109	goal + feedback	60	150	0.19847333333333336
1109	goal + feedback	60	200	0.17326933333333336
1109	goal + feedback	60	250	0.16988283333333346
1109	goal + feedback	60	300	0.19234000000000004
1109	goal + feedback	60	350	0.17170949999999996
1109	goal + feedback	60	400	0.13667533333333334
1109	goal + feedback	60	450	0.0931733333333334
1109	goal + feedback	60	500	0.11020766666666663
1109	goal + feedback	60	550	0.11709516666666664
1109	goal + feedback	60	600	0.12561083333333337
1109	goal + feedback	60	650	0.13645033333333334
1109	goal + feedback	60	700	0.13222433333333336
1109	goal + feedback	60	750	0.1094648333333333
1109	goal + feedback	60	800	0.07023283333333337
1109	goal + feedback	60	850	0.03881399999999998
1109	goal + feedback	60	900	0.02372116666666672
1109	goal + feedback	60	950	0.009306857142857108
1109	goal + feedback	60	1e3	0.004597333333333416
1109	goal + feedback	60	1050	0.019220000000000015
1109	goal + feedback	60	1100	0.03131080000000006
1109	goal + feedback	60	1150	0.03490600000000007
1109	goal + feedback	61	-200	0.007443976958525246
1109	goal + feedback	61	-150	0.012703881720429985
1109	goal + feedback	61	-100	0.0069622150537633765
1109	goal + feedback	61	-50	-0.003996951612903403
1109	goal + feedback	61	0	-0.024353784946236672
1109	goal + feedback	61	50	-0.03869128494623671
1109	goal + feedback	61	100	-0.0376149516129034
1109	goal + feedback	61	150	-0.06176778494623673
1109	goal + feedback	61	200	-0.06677545161290332
1109	goal + feedback	61	250	-0.06746561827957002
1109	goal + feedback	61	300	-0.06602561827957006
1109	goal + feedback	61	350	-0.06569995161290332
1109	goal + feedback	61	400	-0.04226028494623679
1109	goal + feedback	61	450	-0.01340161827957013
1109	goal + feedback	61	500	0.021322548387096612
1109	goal + feedback	61	550	0.05775904838709659
1109	goal + feedback	61	600	0.10474354838709665
1109	goal + feedback	61	650	0.13818388172042986
1109	goal + feedback	61	700	0.1528915483870965
1109	goal + feedback	61	750	NA
1109	goal + feedback	61	800	NA
1109	goal + feedback	61	850	NA
1109	goal + feedback	61	900	NA
1109	goal + feedback	61	950	NA
1109	goal + feedback	61	1e3	0.16331654838709664
1109	goal + feedback	61	1050	0.3123815483870966
1109	goal + feedback	61	1100	0.31501571505376336
1109	goal + feedback	61	1150	0.33007204838709664
1109	goal + feedback	62	-200	-0.01048818433179699
1109	goal + feedback	62	-150	-0.011636946236558865
1109	goal + feedback	62	-100	0.007618720430107695
1109	goal + feedback	62	-50	0.003281887096774424
1109	goal + feedback	62	0	0.012972553763441011
1109	goal + feedback	62	50	0.035662220430107805
1109	goal + feedback	62	100	0.0593192204301077
1109	goal + feedback	62	150	0.09456755376344102
1109	goal + feedback	62	200	0.1091790537634411
1109	goal + feedback	62	250	0.11038705376344105
1109	goal + feedback	62	300	0.09442555376344101
1109	goal + feedback	62	350	0.06800772043010779
1109	goal + feedback	62	400	0.06399955376344102
1109	goal + feedback	62	450	0.07927572043010771
1109	goal + feedback	62	500	0.08844988709677441
1109	goal + feedback	62	550	0.12046238709677433
1109	goal + feedback	62	600	0.16651905376344103
1109	goal + feedback	62	650	0.20334605376344106
1109	goal + feedback	62	700	0.20950555376344107
1109	goal + feedback	62	750	0.178514053763441
1109	goal + feedback	62	800	0.22622963709677435
1109	goal + feedback	62	850	NA
1109	goal + feedback	62	900	NA
1109	goal + feedback	62	950	NA
1109	goal + feedback	62	1e3	NA
1109	goal + feedback	62	1050	NA
1109	goal + feedback	62	1100	NA
1109	goal + feedback	62	1150	0.34808838709677437
1109	goal + feedback	63	-200	-0.017227199999999998
1109	goal + feedback	63	-150	0.026861799999999898
1109	goal + feedback	63	-100	0.04544813333333334
1109	goal + feedback	63	-50	0.02773229999999997
1109	goal + feedback	63	0	-0.08281503333333344
1109	goal + feedback	63	50	-0.19620770000000007
1109	goal + feedback	63	100	-0.30671653333333343
1109	goal + feedback	63	150	-0.419247342857143
1109	goal + feedback	63	200	-0.4790687
1109	goal + feedback	63	250	-0.5070242000000001
1109	goal + feedback	63	300	-0.5125522000000001
1109	goal + feedback	63	350	-0.5250648666666667
1109	goal + feedback	63	400	-0.5330875333333335
1109	goal + feedback	63	450	-0.5271582000000002
1109	goal + feedback	63	500	-0.4915280333333334
1109	goal + feedback	63	550	-0.4593010333333334
1109	goal + feedback	63	600	-0.4044120333333335
1109	goal + feedback	63	650	-0.3698452000000001
1109	goal + feedback	63	700	-0.36143220000000004
1109	goal + feedback	63	750	-0.36718436666666676
1109	goal + feedback	63	800	-0.38349303333333346
1109	goal + feedback	63	850	-0.37408236666666683
1109	goal + feedback	63	900	-0.37254536666666677
1109	goal + feedback	63	950	-0.31629653333333346
1109	goal + feedback	63	1e3	-0.5417692000000001
1109	goal + feedback	63	1050	NA
1109	goal + feedback	63	1100	NA
1109	goal + feedback	63	1150	NA
1109	goal + feedback	64	-200	-0.01573953456221184
1109	goal + feedback	64	-150	-0.013044010752688054
1109	goal + feedback	64	-100	-0.006217177419354754
1109	goal + feedback	64	-50	0.01808232258064531
1109	goal + feedback	64	0	0.019541655913978568
1109	goal + feedback	64	50	0.046408822580645305
1109	goal + feedback	64	100	0.0914273225806453
1109	goal + feedback	64	150	0.11198065591397866
1109	goal + feedback	64	200	0.1336823225806453
1109	goal + feedback	64	250	0.08697515591397864
1109	goal + feedback	64	300	0.07381915591397863
1109	goal + feedback	64	350	0.058240989247311914
1109	goal + feedback	64	400	0.032415655913978624
1109	goal + feedback	64	450	0.05786048924731202
1109	goal + feedback	64	500	0.059539322580645315
1109	goal + feedback	64	550	0.07203382258064517
1109	goal + feedback	64	600	0.10201182258064523
1109	goal + feedback	64	650	0.10434165591397863
1109	goal + feedback	64	700	0.08672665591397861
1109	goal + feedback	64	750	0.04358982258064533
1109	goal + feedback	64	800	0.01743415591397864
1109	goal + feedback	64	850	-0.010877844086021327
1109	goal + feedback	64	900	NA
1109	goal + feedback	64	950	NA
1109	goal + feedback	64	1e3	NA
1109	goal + feedback	64	1050	NA
1109	goal + feedback	64	1100	-0.03530517741935468
1109	goal + feedback	64	1150	0.15270632258064532
1109	goal + feedback	65	-200	-0.03181853333333318
1109	goal + feedback	65	-150	-0.021803699999999832
1109	goal + feedback	65	-100	0.006211633333333522
1109	goal + feedback	65	-50	0.008097466666666886
1109	goal + feedback	65	0	0.03931313333333349
1109	goal + feedback	65	50	0.060158466666666875
1109	goal + feedback	65	100	0.0513311333333335
1109	goal + feedback	65	150	0.015347466666666865
1109	goal + feedback	65	200	-0.004809699999999806
1109	goal + feedback	65	250	-0.035931199999999754
1109	goal + feedback	65	300	-0.05605969999999975
1109	goal + feedback	65	350	-0.0781385333333331
1109	goal + feedback	65	400	-0.07862569999999984
1109	goal + feedback	65	450	-0.050608699999999805
1109	goal + feedback	65	500	-0.030346033333333116
1109	goal + feedback	65	550	0.01662780000000012
1109	goal + feedback	65	600	0.07630380000000019
1109	goal + feedback	65	650	NA
1109	goal + feedback	65	700	NA
1109	goal + feedback	65	750	NA
1109	goal + feedback	65	800	NA
1109	goal + feedback	65	850	0.025026966666666928
1109	goal + feedback	65	900	0.13914003809523828
1109	goal + feedback	65	950	0.16907080000000022
1109	goal + feedback	65	1e3	0.1925399666666668
1109	goal + feedback	65	1050	0.23017863333333347
1109	goal + feedback	65	1100	0.3114493000000002
1109	goal + feedback	65	1150	0.3149099666666669
1109	goal + feedback	66	-200	0.026511933333333165
1109	goal + feedback	66	-150	0.010762099999999922
1109	goal + feedback	66	-100	-0.00934156666666682
1109	goal + feedback	66	-50	-0.022056400000000087
1109	goal + feedback	66	0	-0.005876066666666772
1109	goal + feedback	66	50	-0.01870156666666678
1109	goal + feedback	66	100	-0.01698956666666677
1109	goal + feedback	66	150	-0.03797356666666681
1109	goal + feedback	66	200	-0.04060256666666673
1109	goal + feedback	66	250	-0.03312540000000008
1109	goal + feedback	66	300	-0.03827290000000009
1109	goal + feedback	66	350	-0.01650006666666674
1109	goal + feedback	66	400	-0.01793906666666678
1109	goal + feedback	66	450	0.03228326666666651
1109	goal + feedback	66	500	0.057215933333333226
1109	goal + feedback	66	550	0.10384143333333322
1109	goal + feedback	66	600	0.15390076666666666
1109	goal + feedback	66	650	0.17234809999999987
1109	goal + feedback	66	700	0.17620976666666666
1109	goal + feedback	66	750	0.13545843333333316
1109	goal + feedback	66	800	0.07747643333333325
1109	goal + feedback	66	850	0.1266676333333332
1109	goal + feedback	66	900	NA
1109	goal + feedback	66	950	NA
1109	goal + feedback	66	1e3	NA
1109	goal + feedback	66	1050	NA
1109	goal + feedback	66	1100	NA
1109	goal + feedback	66	1150	NA
1109	goal + feedback	67	-200	0.06927888940092153
1109	goal + feedback	67	-150	0.021593198924731178
1109	goal + feedback	67	-100	-0.014418134408602215
1109	goal + feedback	67	-50	-0.037914467741935555
1109	goal + feedback	67	0	-0.05008596774193563
1109	goal + feedback	67	50	-0.06475946774193549
1109	goal + feedback	67	100	-0.09529080107526888
1109	goal + feedback	67	150	-0.11344930107526885
1109	goal + feedback	67	200	-0.12247480107526891
1109	goal + feedback	67	250	-0.1208616344086022
1109	goal + feedback	67	300	-0.13873646774193552
1109	goal + feedback	67	350	-0.11824596774193563
1109	goal + feedback	67	400	-0.1080519677419356
1109	goal + feedback	67	450	-0.0873166344086022
1109	goal + feedback	67	500	-0.03060180107526896
1109	goal + feedback	67	550	0.024562032258064415
1109	goal + feedback	67	600	0.0749108655913977
1109	goal + feedback	67	650	0.12268869892473111
1109	goal + feedback	67	700	0.15086536559139785
1109	goal + feedback	67	750	0.16793686559139775
1109	goal + feedback	67	800	0.1504348655913977
1109	goal + feedback	67	850	0.16253769892473122
1109	goal + feedback	67	900	NA
1109	goal + feedback	67	950	NA
1109	goal + feedback	67	1e3	NA
1109	goal + feedback	67	1050	NA
1109	goal + feedback	67	1100	NA
1109	goal + feedback	67	1150	0.37551703225806454
1109	goal + feedback	68	-200	0.004780930875576279
1109	goal + feedback	68	-150	0.0013746451612905257
1109	goal + feedback	68	-100	0.003392311827957147
1109	goal + feedback	68	-50	-0.0056856881720428465
1109	goal + feedback	68	0	-0.004659021505376189
1109	goal + feedback	68	50	-0.007062521505376118
1109	goal + feedback	68	100	-0.023300854838709546
1109	goal + feedback	68	150	-0.0284223548387094
1109	goal + feedback	68	200	-0.026983354838709506
1109	goal + feedback	68	250	-0.01901692626728099
1109	goal + feedback	68	300	-0.019194688172042767
1109	goal + feedback	68	350	-0.007053521505376119
1109	goal + feedback	68	400	0.007752311827957141
1109	goal + feedback	68	450	0.025742978494623925
1109	goal + feedback	68	500	0.07218664516129054
1109	goal + feedback	68	550	0.1009918118279572
1109	goal + feedback	68	600	0.12198614516129047
1109	goal + feedback	68	650	0.14457014516129055
1109	goal + feedback	68	700	0.13670397849462393
1109	goal + feedback	68	750	0.1247178118279572
1109	goal + feedback	68	800	0.09387081182795713
1109	goal + feedback	68	850	0.10543464516129042
1109	goal + feedback	68	900	NA
1109	goal + feedback	68	950	NA
1109	goal + feedback	68	1e3	NA
1109	goal + feedback	68	1050	NA
1109	goal + feedback	68	1100	NA
1109	goal + feedback	68	1150	NA
1109	goal + feedback	69	-200	0.011883410138248911
1109	goal + feedback	69	-150	-0.0106108279569892
1109	goal + feedback	69	-100	-0.007685761290322457
1109	goal + feedback	69	-50	0.0017689815668203554
1109	goal + feedback	69	0	0.0010878387096774726
1109	goal + feedback	69	50	0.009069838709677406
1109	goal + feedback	69	100	9.435053763440967e-4
1109	goal + feedback	69	150	0.01480903870967749
1109	goal + feedback	69	200	0.02586083870967761
1109	goal + feedback	69	250	-0.016614661290322557
1109	goal + feedback	69	300	-0.010310994623655775
1109	goal + feedback	69	350	-0.03139316129032251
1109	goal + feedback	69	400	-0.0030941612903224503
1109	goal + feedback	69	450	0.006634005376344139
1109	goal + feedback	69	500	0.04547212442396325
1109	goal + feedback	69	550	0.10644383870967748
1109	goal + feedback	69	600	0.1629731720430109
1109	goal + feedback	69	650	0.1493236720430109
1109	goal + feedback	69	700	0.13964067204301087
1109	goal + feedback	69	750	0.11769900537634419
1109	goal + feedback	69	800	0.1123960053763442
1109	goal + feedback	69	850	0.15039758870967745
1109	goal + feedback	69	900	NA
1109	goal + feedback	69	950	NA
1109	goal + feedback	69	1e3	NA
1109	goal + feedback	69	1050	0.13815850537634425
1109	goal + feedback	69	1100	0.27688383870967753
1109	goal + feedback	69	1150	0.21354833870967757
1109	goal + feedback	70	-200	7.310333333331679e-4
1109	goal + feedback	70	-150	-0.01598730000000022
1109	goal + feedback	70	-100	0.004418199999999779
1109	goal + feedback	70	-50	0.0029165333333332675
1109	goal + feedback	70	0	0.007921533333333045
1109	goal + feedback	70	50	-0.0025108000000002573
1109	goal + feedback	70	100	-0.020269966666666955
1109	goal + feedback	70	150	-0.054403300000000154
1109	goal + feedback	70	200	-0.062193633333333644
1109	goal + feedback	70	250	-0.08507763333333362
1109	goal + feedback	70	300	-0.10651680000000023
1109	goal + feedback	70	350	-0.09844613333333352
1109	goal + feedback	70	400	-0.09015863333333358
1109	goal + feedback	70	450	-0.08413650000000024
1109	goal + feedback	70	500	-0.03662546666666685
1109	goal + feedback	70	550	-3.490142857144488e-4
1109	goal + feedback	70	600	0.00724953333333304
1109	goal + feedback	70	650	-0.016454800000000214
1109	goal + feedback	70	700	-0.0131633000000001
1109	goal + feedback	70	750	NA
1109	goal + feedback	70	800	NA
1109	goal + feedback	70	850	NA
1109	goal + feedback	70	900	-0.2109213000000003
1109	goal + feedback	70	950	0.048345199999999866
1109	goal + feedback	70	1e3	0.058685533333333074
1109	goal + feedback	70	1050	0.048176499999999754
1109	goal + feedback	70	1100	0.10382012857142835
1109	goal + feedback	70	1150	0.09102803333333316
1109	goal + feedback	71	-200	-0.04191718894009203
1109	goal + feedback	71	-150	-0.01093706989247297
1109	goal + feedback	71	-100	-0.009617903225806282
1109	goal + feedback	71	-50	0.01807259677419378
1109	goal + feedback	71	0	0.05138576344086047
1109	goal + feedback	71	50	0.03894309677419372
1109	goal + feedback	71	100	0.06524909677419373
1109	goal + feedback	71	150	0.04720676344086039
1109	goal + feedback	71	200	0.07170743010752696
1109	goal + feedback	71	250	0.07290709677419376
1109	goal + feedback	71	300	0.0974635967741937
1109	goal + feedback	71	350	0.09895993010752702
1109	goal + feedback	71	400	0.12388293010752705
1109	goal + feedback	71	450	0.15437093010752712
1109	goal + feedback	71	500	0.16330643010752702
1109	goal + feedback	71	550	0.18969509677419372
1109	goal + feedback	71	600	0.2122475967741937
1109	goal + feedback	71	650	0.17055926344086045
1109	goal + feedback	71	700	0.14403493010752708
1109	goal + feedback	71	750	0.12444376344086039
1109	goal + feedback	71	800	0.09919126344086042
1109	goal + feedback	71	850	0.10074109677419367
1109	goal + feedback	71	900	0.09378709677419383
1109	goal + feedback	71	950	NA
1109	goal + feedback	71	1e3	NA
1109	goal + feedback	71	1050	NA
1109	goal + feedback	71	1100	NA
1109	goal + feedback	71	1150	NA
1109	goal + feedback	72	-200	0.01927618894009215
1109	goal + feedback	72	-150	-0.0029527634408602252
1109	goal + feedback	72	-100	-0.0011009301075268023
1109	goal + feedback	72	-50	-0.006252930107526995
1109	goal + feedback	72	0	-0.012182263440860153
1109	goal + feedback	72	50	-0.013761596774193455
1109	goal + feedback	72	100	-0.03227709677419358
1109	goal + feedback	72	150	-0.0378455967741936
1109	goal + feedback	72	200	-0.023227596774193577
1109	goal + feedback	72	250	-0.037611930107526836
1109	goal + feedback	72	300	-0.02691359677419351
1109	goal + feedback	72	350	-0.012394263440860179
1109	goal + feedback	72	400	0.014297903225806449
1109	goal + feedback	72	450	0.07973990322580637
1109	goal + feedback	72	500	0.0940124032258065
1109	goal + feedback	72	550	0.1614840698924731
1109	goal + feedback	72	600	0.2015355698924731
1109	goal + feedback	72	650	0.20953973655913974
1109	goal + feedback	72	700	0.17723940322580636
1109	goal + feedback	72	750	0.13725390322580652
1109	goal + feedback	72	800	0.1456772365591398
1109	goal + feedback	72	850	0.13118310322580634
1109	goal + feedback	72	900	NA
1109	goal + feedback	72	950	NA
1109	goal + feedback	72	1e3	NA
1109	goal + feedback	72	1050	NA
1109	goal + feedback	72	1100	NA
1109	goal + feedback	72	1150	NA
1109	goal + feedback	73	-200	-0.014801147465437672
1109	goal + feedback	73	-150	-0.012826790322580495
1109	goal + feedback	73	-100	-0.010720123655913794
1109	goal + feedback	73	-50	0.01183420967741955
1109	goal + feedback	73	0	0.02898070967741943
1109	goal + feedback	73	50	0.04045070967741952
1109	goal + feedback	73	100	0.07596620967741956
1109	goal + feedback	73	150	0.0897655430107529
1109	goal + feedback	73	200	0.10137910967741944
1109	goal + feedback	73	250	0.10230142396313381
1109	goal + feedback	73	300	0.11785537634408623
1109	goal + feedback	73	350	0.12176537634408617
1109	goal + feedback	73	400	0.12732670967741946
1109	goal + feedback	73	450	0.16674387634408613
1109	goal + feedback	73	500	0.19918304301075276
1109	goal + feedback	73	550	0.22412620967741947
1109	goal + feedback	73	600	0.26593220967741954
1109	goal + feedback	73	650	0.3003090430107529
1109	goal + feedback	73	700	0.3217758763440861
1109	goal + feedback	73	750	0.2994958763440862
1109	goal + feedback	73	800	0.2634000430107528
1109	goal + feedback	73	850	0.23706854301075272
1109	goal + feedback	73	900	0.2617972096774195
1109	goal + feedback	73	950	NA
1109	goal + feedback	73	1e3	NA
1109	goal + feedback	73	1050	NA
1109	goal + feedback	73	1100	NA
1109	goal + feedback	73	1150	NA
1109	goal + feedback	74	-200	0.026751096774193645
1109	goal + feedback	74	-150	0.006538430107526934
1109	goal + feedback	74	-100	5.012634408602482e-4
1109	goal + feedback	74	-50	0.005398596774193558
1109	goal + feedback	74	0	-0.04364790322580636
1109	goal + feedback	74	50	-0.07866873655913986
1109	goal + feedback	74	100	-0.07544523655913989
1109	goal + feedback	74	150	-0.07974740322580647
1109	goal + feedback	74	200	-0.08871073655913982
1109	goal + feedback	74	250	-0.08961556989247321
1109	goal + feedback	74	300	-0.09402173655913981
1109	goal + feedback	74	350	-0.06669240322580643
1109	goal + feedback	74	400	-0.05878823655913982
1109	goal + feedback	74	450	-0.02172190322580647
1109	goal + feedback	74	500	0.014673763440860169
1109	goal + feedback	74	550	0.033588096774193575
1109	goal + feedback	74	600	0.049933430107526856
1109	goal + feedback	74	650	0.09689609677419357
1109	goal + feedback	74	700	NA
1109	goal + feedback	74	750	NA
1109	goal + feedback	74	800	NA
1109	goal + feedback	74	850	NA
1109	goal + feedback	74	900	NA
1109	goal + feedback	74	950	NA
1109	goal + feedback	74	1e3	NA
1109	goal + feedback	74	1050	NA
1109	goal + feedback	74	1100	0.06535776344086013
1109	goal + feedback	74	1150	0.18255159677419353
1109	goal + feedback	75	-200	0.038967366666666635
1109	goal + feedback	75	-150	0.03407336666666668
1109	goal + feedback	75	-100	-0.008818800000000016
1109	goal + feedback	75	-50	-0.02548896666666674
1109	goal + feedback	75	0	-0.0387329666666667
1109	goal + feedback	75	50	-0.04652129999999999
1109	goal + feedback	75	100	-0.04786646666666683
1109	goal + feedback	75	150	-0.057156966666666774
1109	goal + feedback	75	200	-0.047158633333333366
1109	goal + feedback	75	250	-0.03698880000000012
1109	goal + feedback	75	300	-0.016880300000000032
1109	goal + feedback	75	350	-0.017186800000000096
1109	goal + feedback	75	400	-0.023091300000000148
1109	goal + feedback	75	450	-0.0188363000000001
1109	goal + feedback	75	500	-0.006038633333333395
1109	goal + feedback	75	550	0.01883619999999997
1109	goal + feedback	75	600	0.05563986666666657
1109	goal + feedback	75	650	0.09251586666666656
1109	goal + feedback	75	700	0.12179886666666673
1109	goal + feedback	75	750	0.12676869999999996
1109	goal + feedback	75	800	0.12306136666666667
1109	goal + feedback	75	850	0.12343469999999986
1109	goal + feedback	75	900	0.1461018666666666
1109	goal + feedback	75	950	0.23684819999999984
1109	goal + feedback	75	1e3	NA
1109	goal + feedback	75	1050	NA
1109	goal + feedback	75	1100	NA
1109	goal + feedback	75	1150	NA
1109	goal + feedback	76	-200	0.011518783410138487
1109	goal + feedback	76	-150	0.026667854838709888
1109	goal + feedback	76	-100	-4.4347849462352446e-4
1109	goal + feedback	76	-50	-0.004442811827956916
1109	goal + feedback	76	0	-0.03522014516129013
1109	goal + feedback	76	50	-0.05893897849462356
1109	goal + feedback	76	100	-0.08973681182795683
1109	goal + feedback	76	150	-0.09447714516129024
1109	goal + feedback	76	200	-0.11185181182795685
1109	goal + feedback	76	250	-0.11328644516129013
1109	goal + feedback	76	300	-0.11996007373271869
1109	goal + feedback	76	350	-0.1333674451612903
1109	goal + feedback	76	400	-0.11679593087557587
1109	goal + feedback	76	450	-0.09742464516129005
1109	goal + feedback	76	500	-0.0383811451612901
1109	goal + feedback	76	550	-0.015139811827956798
1109	goal + feedback	76	600	0.024444954838709787
1109	goal + feedback	76	650	0.03258335483870984
1109	goal + feedback	76	700	-0.007606645161290082
1109	goal + feedback	76	750	-0.0421554784946235
1109	goal + feedback	76	800	0.005710354838709852
1109	goal + feedback	76	850	NA
1109	goal + feedback	76	900	NA
1109	goal + feedback	76	950	NA
1109	goal + feedback	76	1e3	-0.07340931182795678
1109	goal + feedback	76	1050	0.10542035483870982
1109	goal + feedback	76	1100	0.10471935483870991
1109	goal + feedback	76	1150	0.07538618817204323
1109	goal + feedback	77	-200	0.001322066666666677
1109	goal + feedback	77	-150	-0.001253600000000003
1109	goal + feedback	77	-100	0.0027079000000000963
1109	goal + feedback	77	-50	6.249000000000393e-4
1109	goal + feedback	77	0	-0.0034012666666666616
1109	goal + feedback	77	50	-0.0024742666666665394
1109	goal + feedback	77	100	0.001085900000000084
1109	goal + feedback	77	150	0.015585066666666666
1109	goal + feedback	77	200	0.03042906666666667
1109	goal + feedback	77	250	0.03192906666666673
1109	goal + feedback	77	300	0.044825066666666684
1109	goal + feedback	77	350	0.052974066666666784
1109	goal + feedback	77	400	0.08089190000000006
1109	goal + feedback	77	450	0.0973089000000001
1109	goal + feedback	77	500	0.14442940000000015
1109	goal + feedback	77	550	0.18799123333333334
1109	goal + feedback	77	600	0.22112306666666667
1109	goal + feedback	77	650	0.23213323333333338
1109	goal + feedback	77	700	0.18807340000000008
1109	goal + feedback	77	750	0.14728773333333342
1109	goal + feedback	77	800	0.11429423333333351
1109	goal + feedback	77	850	0.09831256666666659
1109	goal + feedback	77	900	0.11328006666666672
1109	goal + feedback	77	950	NA
1109	goal + feedback	77	1e3	NA
1109	goal + feedback	77	1050	NA
1109	goal + feedback	77	1100	-0.04603793333333339
1109	goal + feedback	77	1150	0.1177602095238095
1109	goal + feedback	78	-200	-0.006785898617511269
1109	goal + feedback	78	-150	-0.002973279569892314
1109	goal + feedback	78	-100	0.0011682204301077803
1109	goal + feedback	78	-50	0.012209887096774322
1109	goal + feedback	78	0	-0.0024879462365588654
1109	goal + feedback	78	50	0.0019238870967744532
1109	goal + feedback	78	100	0.0024539870967744903
1109	goal + feedback	78	150	-0.018919470046082663
1109	goal + feedback	78	200	-0.02290094623655888
1109	goal + feedback	78	250	-0.0010046129032255842
1109	goal + feedback	78	300	-0.017455779569892343
1109	goal + feedback	78	350	-4.454462365589921e-4
1109	goal + feedback	78	400	0.022382720430107767
1109	goal + feedback	78	450	0.02223888709677439
1109	goal + feedback	78	500	0.053043387096774364
1109	goal + feedback	78	550	0.08066705376344115
1109	goal + feedback	78	600	0.07562088709677435
1109	goal + feedback	78	650	0.04984355376344111
1109	goal + feedback	78	700	0.017696387096774496
1109	goal + feedback	78	750	-0.002033279569892373
1109	goal + feedback	78	800	-0.048957112903225575
1109	goal + feedback	78	850	-0.07516661290322564
1109	goal + feedback	78	900	-0.07646294623655892
1109	goal + feedback	78	950	-0.05553544623655893
1109	goal + feedback	78	1e3	-0.0498762795698923
1109	goal + feedback	78	1050	-0.043849112903225684
1109	goal + feedback	78	1100	-0.014352779569892263
1109	goal + feedback	78	1150	0.37762838709677427
1109	goal + feedback	79	-200	0.03699590000000019
1109	goal + feedback	79	-150	0.003918733333333553
1109	goal + feedback	79	-100	-0.01635559999999973
1109	goal + feedback	79	-50	-0.01351509999999978
1109	goal + feedback	79	0	-0.0110439333333332
1109	goal + feedback	79	50	-0.013074433333333172
1109	goal + feedback	79	100	0.010397733333333603
1109	goal + feedback	79	150	0.028366400000000274
1109	goal + feedback	79	200	0.06948123333333352
1109	goal + feedback	79	250	0.10891523333333357
1109	goal + feedback	79	300	0.12606773333333363
1109	goal + feedback	79	350	0.15236590000000025
1109	goal + feedback	79	400	0.14201040000000012
1109	goal + feedback	79	450	0.13998156666666683
1109	goal + feedback	79	500	0.1426639000000002
1109	goal + feedback	79	550	0.1639862333333336
1109	goal + feedback	79	600	0.12621356666666683
1109	goal + feedback	79	650	0.13664840000000025
1109	goal + feedback	79	700	0.1387800666666669
1109	goal + feedback	79	750	0.14649244761904776
1109	goal + feedback	79	800	0.1367544000000002
1109	goal + feedback	79	850	0.11822956666666684
1109	goal + feedback	79	900	0.09476856666666696
1109	goal + feedback	79	950	NA
1109	goal + feedback	79	1e3	NA
1109	goal + feedback	79	1050	NA
1109	goal + feedback	79	1100	-0.012756766666666586
1109	goal + feedback	79	1150	0.21853223333333363
1109	goal + feedback	80	-200	-0.018302373271889345
1109	goal + feedback	80	-150	-0.010525016129032227
1109	goal + feedback	80	-100	-0.0066226827956989975
1109	goal + feedback	80	-50	0.008833817204301061
1109	goal + feedback	80	0	0.02966665053763447
1109	goal + feedback	80	50	0.082063483870967735
1109	goal + feedback	80	100	0.12299865053763444
1109	goal + feedback	80	150	0.1542351505376344
1109	goal + feedback	80	200	0.17889981720430112
1109	goal + feedback	80	250	0.20940265053763452
1109	goal + feedback	80	300	0.2365743172043011
1109	goal + feedback	80	350	0.2759133172043012
1109	goal + feedback	80	400	0.2877634838709679
1109	goal + feedback	80	450	0.2810449838709677
1109	goal + feedback	80	500	0.2923278172043011
1109	goal + feedback	80	550	0.2769013172043011
1109	goal + feedback	80	600	0.2568746505376345
1109	goal + feedback	80	650	0.23578031720430107
1109	goal + feedback	80	700	0.2325919838709678
1109	goal + feedback	80	750	0.18224431720430112
1109	goal + feedback	80	800	0.17530181720430119
1109	goal + feedback	80	850	0.17854781720430113
1109	goal + feedback	80	900	0.17384448387096776
1109	goal + feedback	80	950	0.2171299838709678
1109	goal + feedback	80	1e3	NA
1109	goal + feedback	80	1050	NA
1109	goal + feedback	80	1100	NA
1109	goal + feedback	80	1150	NA
1109	goal + feedback	81	-200	-0.025066511520737262
1109	goal + feedback	81	-150	0.004179440860215156
1109	goal + feedback	81	-100	0.011570940860215151
1109	goal + feedback	81	-50	0.00503960752688178
1109	goal + feedback	81	0	0.00845427419354842
1109	goal + feedback	81	50	-0.02023472580645147
1109	goal + feedback	81	100	-0.04308022580645162
1109	goal + feedback	81	150	-0.05335039247311831
1109	goal + feedback	81	200	-0.09058439247311822
1109	goal + feedback	81	250	-0.11285405913978479
1109	goal + feedback	81	300	-0.12094689247311823
1109	goal + feedback	81	350	-0.12518639247311825
1109	goal + feedback	81	400	-0.12436872580645157
1109	goal + feedback	81	450	-0.12568239247311816
1109	goal + feedback	81	500	-0.10510642580645149
1109	goal + feedback	81	550	-0.0683152258064516
1109	goal + feedback	81	600	-0.024560225806451525
1109	goal + feedback	81	650	-0.012241892473118318
1109	goal + feedback	81	700	-0.03668705913978476
1109	goal + feedback	81	750	-0.040710225806451415
1109	goal + feedback	81	800	NA
1109	goal + feedback	81	850	NA
1109	goal + feedback	81	900	NA
1109	goal + feedback	81	950	NA
1109	goal + feedback	81	1e3	NA
1109	goal + feedback	81	1050	NA
1109	goal + feedback	81	1100	NA
1109	goal + feedback	81	1150	0.0914533741935486
1109	goal + feedback	82	-200	NA
1109	goal + feedback	82	-150	NA
1109	goal + feedback	82	-100	NA
1109	goal + feedback	82	-50	-0.06701966666666677
1109	goal + feedback	82	0	0.033509833333333315
1109	goal + feedback	82	50	0.07669633333333332
1109	goal + feedback	82	100	0.08411033333333329
1109	goal + feedback	82	150	0.1230746666666666
1109	goal + feedback	82	200	0.09153149999999995
1109	goal + feedback	82	250	0.04000133333333341
1109	goal + feedback	82	300	-0.02772633333333337
1109	goal + feedback	82	350	-0.10141800000000001
1109	goal + feedback	82	400	-0.2076245000000001
1109	goal + feedback	82	450	-0.2236108333333334
1109	goal + feedback	82	500	-0.2289556666666667
1109	goal + feedback	82	550	-0.21666050000000006
1109	goal + feedback	82	600	-0.21236450000000007
1109	goal + feedback	82	650	-0.21291950000000015
1109	goal + feedback	82	700	-0.21798566666666672
1109	goal + feedback	82	750	-0.23939466666666673
1109	goal + feedback	82	800	-0.28474383333333336
1109	goal + feedback	82	850	-0.30749116666666665
1109	goal + feedback	82	900	-0.32261766666666675
1109	goal + feedback	82	950	-0.3199681666666667
1109	goal + feedback	82	1e3	-0.32986650000000006
1109	goal + feedback	82	1050	-0.30605400000000005
1109	goal + feedback	82	1100	-0.2808185
1109	goal + feedback	82	1150	-0.26561433333333334
1109	goal + feedback	83	-200	0.012421262672811231
1109	goal + feedback	83	-150	0.010652881720430255
1109	goal + feedback	83	-100	0.0071393817204303085
1109	goal + feedback	83	-50	-0.007970451612903032
1109	goal + feedback	83	0	-0.02431328494623634
1109	goal + feedback	83	50	-0.03176478494623628
1109	goal + feedback	83	100	-0.031214451612903076
1109	goal + feedback	83	150	-0.020267451612903036
1109	goal + feedback	83	200	-0.006894951612903026
1109	goal + feedback	83	250	0.019199215053763652
1109	goal + feedback	83	300	0.02224804838709697
1109	goal + feedback	83	350	0.047179548387096926
1109	goal + feedback	83	400	0.09092938172043026
1109	goal + feedback	83	450	0.1082390483870969
1109	goal + feedback	83	500	0.16666771505376365
1109	goal + feedback	83	550	0.1877697150537636
1109	goal + feedback	83	600	0.1969120483870969
1109	goal + feedback	83	650	0.17029304838709688
1109	goal + feedback	83	700	0.1489517150537635
1109	goal + feedback	83	750	0.0880002150537637
1109	goal + feedback	83	800	0.07442921505376361
1109	goal + feedback	83	850	0.055804715053763575
1109	goal + feedback	83	900	0.07396821505376357
1109	goal + feedback	83	950	0.07251688172043025
1109	goal + feedback	83	1e3	0.1067113817204303
1109	goal + feedback	83	1050	0.13152854838709693
1109	goal + feedback	83	1100	NA
1109	goal + feedback	83	1150	NA
1109	goal + feedback	84	-200	0
1109	goal + feedback	84	-150	NA
1109	goal + feedback	84	-100	NA
1109	goal + feedback	84	-50	NA
1109	goal + feedback	84	0	NA
1109	goal + feedback	84	50	0.042530600000000085
1109	goal + feedback	84	100	0.08879819999999991
1109	goal + feedback	84	150	0.14628031428571436
1109	goal + feedback	84	200	0.17588759999999998
1109	goal + feedback	84	250	0.17272474285714287
1109	goal + feedback	84	300	0.1836604333333333
1109	goal + feedback	84	350	0.1586951
1109	goal + feedback	84	400	0.11095826666666671
1109	goal + feedback	84	450	0.07772760000000008
1109	goal + feedback	84	500	0.04565243333333332
1109	goal + feedback	84	550	0.05462060000000002
1109	goal + feedback	84	600	0.07712343333333327
1109	goal + feedback	84	650	0.08150010000000003
1109	goal + feedback	84	700	0.06698009999999995
1109	goal + feedback	84	750	0.07494643333333324
1109	goal + feedback	84	800	0.037015599999999926
1109	goal + feedback	84	850	0.023261266666666724
1109	goal + feedback	84	900	0.021830933333333302
1109	goal + feedback	84	950	0.012070266666666626
1109	goal + feedback	84	1e3	0.03450693333333336
1109	goal + feedback	84	1050	0.026086266666666653
1109	goal + feedback	84	1100	0.03702260000000009
1109	goal + feedback	84	1150	0.03379659999999999
1109	goal + feedback	85	-200	NA
1109	goal + feedback	85	-150	-0.19836055555555587
1109	goal + feedback	85	-100	0.037586944444444326
1109	goal + feedback	85	-50	0.0327576111111109
1109	goal + feedback	85	0	-0.021218984126984277
1109	goal + feedback	85	50	0.034500111111110954
1109	goal + feedback	85	100	0.09542127777777758
1109	goal + feedback	85	150	0.14320027777777758
1109	goal + feedback	85	200	0.1627424444444443
1109	goal + feedback	85	250	0.13548644444444422
1109	goal + feedback	85	300	0.12890627777777755
1109	goal + feedback	85	350	0.14220794444444426
1109	goal + feedback	85	400	0.1616477777777776
1109	goal + feedback	85	450	0.17868144444444423
1109	goal + feedback	85	500	0.21458927777777773
1109	goal + feedback	85	550	0.2484384444444443
1109	goal + feedback	85	600	0.24765094444444427
1109	goal + feedback	85	650	0.24607277777777758
1109	goal + feedback	85	700	0.18919661111111089
1109	goal + feedback	85	750	0.18401744444444432
1109	goal + feedback	85	800	0.15983961111111097
1109	goal + feedback	85	850	0.12572644444444422
1109	goal + feedback	85	900	0.1316379444444442
1109	goal + feedback	85	950	0.12436177777777761
1109	goal + feedback	85	1e3	0.1359976111111109
1109	goal + feedback	85	1050	0.1438599444444443
1109	goal + feedback	85	1100	0.1765944444444442
1109	goal + feedback	85	1150	0.1640887777777776
1109	goal + feedback	86	-200	0.04773162672811049
1109	goal + feedback	86	-150	0.03158848387096769
1109	goal + feedback	86	-100	-0.0035256827956989443
1109	goal + feedback	86	-50	-0.03445318279569901
1109	goal + feedback	86	0	-0.04929651612903233
1109	goal + feedback	86	50	-0.07744218279569903
1109	goal + feedback	86	100	-0.07941084946236569
1109	goal + feedback	86	150	-0.07183101612903238
1109	goal + feedback	86	200	-0.06742468279569902
1109	goal + feedback	86	250	-0.07725801612903238
1109	goal + feedback	86	300	-0.07260201612903239
1109	goal + feedback	86	350	-0.071491682795699
1109	goal + feedback	86	400	-0.07320668279569897
1109	goal + feedback	86	450	-0.07134984946236567
1109	goal + feedback	86	500	-0.052339349462365625
1109	goal + feedback	86	550	-0.020387516129032335
1109	goal + feedback	86	600	-0.033440349462365626
1109	goal + feedback	86	650	-0.023959349462365703
1109	goal + feedback	86	700	-0.028464516129032374
1109	goal + feedback	86	750	-0.0677381827956991
1109	goal + feedback	86	800	-0.050548516129032293
1109	goal + feedback	86	850	-0.07610701612903233
1109	goal + feedback	86	900	-0.07986068279569906
1109	goal + feedback	86	950	-0.08275551612903231
1109	goal + feedback	86	1e3	-0.07196818279569905
1109	goal + feedback	86	1050	-0.05813484946236561
1109	goal + feedback	86	1100	-0.06950551612903233
1109	goal + feedback	86	1150	-0.06961151612903234
1109	goal + feedback	87	-200	-0.0222931428571429
1109	goal + feedback	87	-150	-0.01856933333333329
1109	goal + feedback	87	-100	0.03509683333333339
1109	goal + feedback	87	-50	0.05688700000000013
1109	goal + feedback	87	0	NA
1109	goal + feedback	87	50	NA
1109	goal + feedback	87	100	-0.10168633333333332
1109	goal + feedback	87	150	-0.017564333333333293
1109	goal + feedback	87	200	0.09703599999999997
1109	goal + feedback	87	250	0.08755250000000007
1109	goal + feedback	87	300	0.07052683333333332
1109	goal + feedback	87	350	0.11004366666666665
1109	goal + feedback	87	400	0.1045306666666667
1109	goal + feedback	87	450	0.09734979999999993
1109	goal + feedback	87	500	0.006086571428571449
1109	goal + feedback	87	550	0.008795833333333336
1109	goal + feedback	87	600	-0.024633833333333206
1109	goal + feedback	87	650	-0.04264783333333333
1109	goal + feedback	87	700	-0.07953616666666667
1109	goal + feedback	87	750	-0.10990950000000003
1109	goal + feedback	87	800	-0.16822900000000005
1109	goal + feedback	87	850	-0.1952135
1109	goal + feedback	87	900	-0.2245188333333333
1109	goal + feedback	87	950	-0.24455283333333333
1109	goal + feedback	87	1e3	-0.2540278333333333
1109	goal + feedback	87	1050	-0.25520000000000004
1109	goal + feedback	87	1100	-0.25998816666666674
1109	goal + feedback	87	1150	-0.23853649999999993
1109	goal + feedback	88	-200	-0.04534515207373272
1109	goal + feedback	88	-150	-0.021766413978494697
1109	goal + feedback	88	-100	-7.437473118279877e-4
1109	goal + feedback	88	-50	0.022898752688172024
1109	goal + feedback	88	0	0.05251408602150535
1109	goal + feedback	88	50	0.09921908602150535
1109	goal + feedback	88	100	0.1302879193548386
1109	goal + feedback	88	150	0.165858752688172
1109	goal + feedback	88	200	0.133513752688172
1109	goal + feedback	88	250	0.12831841935483865
1109	goal + feedback	88	300	0.11478791935483867
1109	goal + feedback	88	350	0.10216591935483861
1109	goal + feedback	88	400	0.05474625268817205
1109	goal + feedback	88	450	0.07305775268817201
1109	goal + feedback	88	500	0.10271825268817196
1109	goal + feedback	88	550	0.12346341935483866
1109	goal + feedback	88	600	0.13580191935483868
1109	goal + feedback	88	650	0.16998141935483863
1109	goal + feedback	88	700	NA
1109	goal + feedback	88	750	NA
1109	goal + feedback	88	800	NA
1109	goal + feedback	88	850	-0.19534608064516146
1109	goal + feedback	88	900	0.0876028193548386
1109	goal + feedback	88	950	0.15889941935483876
1109	goal + feedback	88	1e3	0.16363958602150533
1109	goal + feedback	88	1050	0.1733277526881721
1109	goal + feedback	88	1100	0.264128252688172
1109	goal + feedback	88	1150	0.31742591935483877
1109	goal + feedback	89	-200	0.010875833333333492
1109	goal + feedback	89	-150	-0.008117999999999848
1109	goal + feedback	89	-100	0.001063666666666722
1109	goal + feedback	89	-50	5.131666666668977e-4
1109	goal + feedback	89	0	-0.004334666666666524
1109	goal + feedback	89	50	1.983333333333744e-4
1109	goal + feedback	89	100	-0.0011773333333332896
1109	goal + feedback	89	150	0.012530000000000078
1109	goal + feedback	89	200	-0.0028294999999998924
1109	goal + feedback	89	250	0.011134333333333432
1109	goal + feedback	89	300	0.0062698333333333816
1109	goal + feedback	89	350	0.01031999999999996
1109	goal + feedback	89	400	0.016469833333333444
1109	goal + feedback	89	450	0.04031000000000007
1109	goal + feedback	89	500	0.07751966666666672
1109	goal + feedback	89	550	0.13857416666666675
1109	goal + feedback	89	600	0.15457140476190492
1109	goal + feedback	89	650	0.1445912333333335
1109	goal + feedback	89	700	0.10404250000000004
1109	goal + feedback	89	750	0.06662111904761923
1109	goal + feedback	89	800	0.04491443333333347
1109	goal + feedback	89	850	0.02915226190476204
1109	goal + feedback	89	900	0.03139583333333347
1109	goal + feedback	89	950	0.4188738333333335
1109	goal + feedback	89	1e3	NA
1109	goal + feedback	89	1050	NA
1109	goal + feedback	89	1100	-0.06871516666666677
1109	goal + feedback	89	1150	0.1568436904761906
1109	goal + feedback	90	-200	-0.0029070666666664766
1109	goal + feedback	90	-150	-0.01118289999999981
1109	goal + feedback	90	-100	-0.002889399999999783
1109	goal + feedback	90	-50	0.0071076000000001765
1109	goal + feedback	90	0	0.009871766666666781
1109	goal + feedback	90	50	0.014664766666666829
1109	goal + feedback	90	100	0.01561826666666688
1109	goal + feedback	90	150	0.005612433333333462
1109	goal + feedback	90	200	0.0060452666666668264
1109	goal + feedback	90	250	0.003472933333333502
1109	goal + feedback	90	300	0.01866010000000018
1109	goal + feedback	90	350	0.02220876666666675
1109	goal + feedback	90	400	0.041197933333333436
1109	goal + feedback	90	450	0.08740993333333351
1109	goal + feedback	90	500	0.1394961000000002
1109	goal + feedback	90	550	0.18448610000000012
1109	goal + feedback	90	600	0.23436676666666675
1109	goal + feedback	90	650	0.2423236000000001
1109	goal + feedback	90	700	0.2733459333333335
1109	goal + feedback	90	750	0.24371776666666678
1109	goal + feedback	90	800	0.2143989333333335
1109	goal + feedback	90	850	0.2981346000000002
1109	goal + feedback	90	900	NA
1109	goal + feedback	90	950	NA
1109	goal + feedback	90	1e3	NA
1109	goal + feedback	90	1050	0.18843560000000004
1109	goal + feedback	90	1100	0.3747860000000001
1109	goal + feedback	90	1150	0.4180861000000002
1109	goal + feedback	91	-200	-0.026438368663594312
1109	goal + feedback	91	-150	-0.015120892473118245
1109	goal + feedback	91	-100	-1.8739247311823823e-4
1109	goal + feedback	91	-50	0.01634794086021511
1109	goal + feedback	91	0	0.029805107526881775
1109	goal + feedback	91	50	0.05877527419354848
1109	goal + feedback	91	100	0.0750734408602151
1109	goal + feedback	91	150	0.0902289408602152
1109	goal + feedback	91	200	0.1088971075268818
1109	goal + feedback	91	250	0.1041352741935484
1109	goal + feedback	91	300	0.1013192741935484
1109	goal + feedback	91	350	0.09625460752688175
1109	goal + feedback	91	400	0.09703394086021515
1109	goal + feedback	91	450	0.1350954408602151
1109	goal + feedback	91	500	0.1728371075268819
1109	goal + feedback	91	550	0.2068587741935485
1109	goal + feedback	91	600	0.23542910752688173
1109	goal + feedback	91	650	0.3065322741935485
1109	goal + feedback	91	700	0.2994707741935485
1109	goal + feedback	91	750	0.2893292741935484
1109	goal + feedback	91	800	0.27227377419354853
1109	goal + feedback	91	850	0.2545082741935483
1109	goal + feedback	91	900	0.24253044086021514
1109	goal + feedback	91	950	0.23956260752688183
1109	goal + feedback	91	1e3	0.23064227419354846
1109	goal + feedback	91	1050	0.25046197419354854
1109	goal + feedback	91	1100	0.26079191705069127
1109	goal + feedback	91	1150	0.30251177419354836
1109	goal + feedback	92	-200	-0.03445553333333318
1109	goal + feedback	92	-150	-0.02259869999999986
1109	goal + feedback	92	-100	-0.012632699999999794
1109	goal + feedback	92	-50	0.013268300000000158
1109	goal + feedback	92	0	0.05641863333333356
1109	goal + feedback	92	50	0.07459130000000025
1109	goal + feedback	92	100	0.07242363333333339
1109	goal + feedback	92	150	0.062119300000000134
1109	goal + feedback	92	200	0.0826736333333334
1109	goal + feedback	92	250	0.10521330000000025
1109	goal + feedback	92	300	0.13396930000000018
1109	goal + feedback	92	350	0.11899996666666679
1109	goal + feedback	92	400	0.11022380000000005
1109	goal + feedback	92	450	0.1614051333333335
1109	goal + feedback	92	500	0.17261463333333346
1109	goal + feedback	92	550	0.2039329666666668
1109	goal + feedback	92	600	0.19953446666666683
1109	goal + feedback	92	650	0.2005026333333335
1109	goal + feedback	92	700	0.10712546666666678
1109	goal + feedback	92	750	0.048881133333333514
1109	goal + feedback	92	800	0.0325931333333335
1109	goal + feedback	92	850	-0.023973866666666527
1109	goal + feedback	92	900	-0.05688653333333327
1109	goal + feedback	92	950	-0.06953553333333318
1109	goal + feedback	92	1e3	-0.05238169999999983
1109	goal + feedback	92	1050	0.01758213333333347
1109	goal + feedback	92	1100	NA
1109	goal + feedback	92	1150	NA
1109	goal + feedback	93	-200	-0.05275267281105985
1109	goal + feedback	93	-150	-0.006644220430107521
1109	goal + feedback	93	-100	0.004524612903225848
1109	goal + feedback	93	-50	0.030369946236559198
1109	goal + feedback	93	0	0.033294446236559194
1109	goal + feedback	93	50	0.05402911290322584
1109	goal + feedback	93	100	0.03357627956989254
1109	goal + feedback	93	150	0.034958112903225924
1109	goal + feedback	93	200	0.03836981290322585
1109	goal + feedback	93	250	0.07329504147465452
1109	goal + feedback	93	300	0.07050861290322581
1109	goal + feedback	93	350	0.11497127956989257
1109	goal + feedback	93	400	0.18284911290322592
1109	goal + feedback	93	450	0.19373961290322592
1109	goal + feedback	93	500	0.21052644623655925
1109	goal + feedback	93	550	0.27430761290322586
1109	goal + feedback	93	600	0.28655344623655926
1109	goal + feedback	93	650	0.17911727956989262
1109	goal + feedback	93	700	0.11681311290322594
1109	goal + feedback	93	750	0.0599564462365593
1109	goal + feedback	93	800	0.02321127956989259
1109	goal + feedback	93	850	-0.01047305376344069
1109	goal + feedback	93	900	-0.0625553870967741
1109	goal + feedback	93	950	-0.06679505376344075
1109	goal + feedback	93	1e3	-0.07097655376344081
1109	goal + feedback	93	1050	-0.06832013709677409
1109	goal + feedback	93	1100	NA
1109	goal + feedback	93	1150	NA
1109	goal + feedback	94	-200	-0.020243373271889378
1109	goal + feedback	94	-150	-0.024498682795698928
1109	goal + feedback	94	-100	-0.01373284946236549
1109	goal + feedback	94	-50	0.026800150537634442
1109	goal + feedback	94	0	0.03504865053763454
1109	goal + feedback	94	50	0.03925865053763444
1109	goal + feedback	94	100	0.04502781720430119
1109	goal + feedback	94	150	0.05412498387096779
1109	goal + feedback	94	200	0.03507331720430118
1109	goal + feedback	94	250	0.03710898387096787
1109	goal + feedback	94	300	0.017839317204301135
1109	goal + feedback	94	350	0.03122898387096784
1109	goal + feedback	94	400	0.03273531720430108
1109	goal + feedback	94	450	0.06393731720430111
1109	goal + feedback	94	500	0.08504665053763445
1109	goal + feedback	94	550	0.10918265053763439
1109	goal + feedback	94	600	0.11116631720430108
1109	goal + feedback	94	650	0.0650733172043012
1109	goal + feedback	94	700	0.021266983870967815
1109	goal + feedback	94	750	-0.015571182795698876
1109	goal + feedback	94	800	-0.018908682795698944
1109	goal + feedback	94	850	-0.1003645161290323
1109	goal + feedback	94	900	NA
1109	goal + feedback	94	950	NA
1109	goal + feedback	94	1e3	NA
1109	goal + feedback	94	1050	NA
1109	goal + feedback	94	1100	-0.17135051612903207
1109	goal + feedback	94	1150	0.0323768838709678
1109	goal + feedback	95	-200	-0.02599706912442404
1109	goal + feedback	95	-150	-3.185483870971062e-5
1109	goal + feedback	95	-100	0.001792811827957097
1109	goal + feedback	95	-50	0.015003811827957033
1109	goal + feedback	95	0	0.01356514516129037
1109	goal + feedback	95	50	0.01965014516129034
1109	goal + feedback	95	100	0.018972311827956927
1109	goal + feedback	95	150	0.05233997849462376
1109	goal + feedback	95	200	0.040260645161290354
1109	goal + feedback	95	250	0.03534314516129037
1109	goal + feedback	95	300	0.03494031182795706
1109	goal + feedback	95	350	0.028609311827957045
1109	goal + feedback	95	400	0.03743847849462371
1109	goal + feedback	95	450	0.049648311827956926
1109	goal + feedback	95	500	0.07774331182795706
1109	goal + feedback	95	550	0.12532847849462367
1109	goal + feedback	95	600	0.1288821451612904
1109	goal + feedback	95	650	0.14416031182795708
1109	goal + feedback	95	700	0.118229811827957
1109	goal + feedback	95	750	0.075359978494623725
1109	goal + feedback	95	800	0.028664978494623645
1109	goal + feedback	95	850	0.007156145161290262
1109	goal + feedback	95	900	0.017050478494623638
1109	goal + feedback	95	950	0.00398814516129035
1109	goal + feedback	95	1e3	0.017948978494623624
1109	goal + feedback	95	1050	0.030016978494623592
1109	goal + feedback	95	1100	0.06427047849462368
1109	goal + feedback	95	1150	0.09655664516129032
1109	goal + feedback	96	-200	-0.014575281105990648
1109	goal + feedback	96	-150	-0.013016376344085959
1109	goal + feedback	96	-100	0.004933956989247479
1109	goal + feedback	96	-50	0.005918456989247349
1109	goal + feedback	96	0	0.019168456989247407
1109	goal + feedback	96	50	0.04117012365591403
1109	goal + feedback	96	100	0.05292695698924743
1109	goal + feedback	96	150	0.08472295698924737
1109	goal + feedback	96	200	0.084453123655914
1109	goal + feedback	96	250	0.09591695698924745
1109	goal + feedback	96	300	0.07318612365591393
1109	goal + feedback	96	350	0.07908579032258078
1109	goal + feedback	96	400	0.10323629032258068
1109	goal + feedback	96	450	0.10497312365591416
1109	goal + feedback	96	500	0.1008382903225807
1109	goal + feedback	96	550	0.12887279032258067
1109	goal + feedback	96	600	0.14798062365591402
1109	goal + feedback	96	650	0.11084029032258069
1109	goal + feedback	96	700	0.11618495698924731
1109	goal + feedback	96	750	0.09323912365591402
1109	goal + feedback	96	800	0.0659637903225807
1109	goal + feedback	96	850	0.05392362365591404
1109	goal + feedback	96	900	0.029819290322580756
1109	goal + feedback	96	950	0.04335695698924735
1109	goal + feedback	96	1e3	0.013647290322580755
1109	goal + feedback	96	1050	0.03423012365591401
1109	goal + feedback	96	1100	0.034099456989247434
1109	goal + feedback	96	1150	0.026428790322580758
1109	goal + feedback	97	-200	-0.050689239631336376
1109	goal + feedback	97	-150	-0.0048490967741935025
1109	goal + feedback	97	-100	0.008452236559139884
1109	goal + feedback	97	-50	0.01866823655913974
1109	goal + feedback	97	0	0.03686606989247313
1109	goal + feedback	97	50	0.01764073655913993
1109	goal + feedback	97	100	0.005744403225806494
1109	goal + feedback	97	150	0.009337236559139836
1109	goal + feedback	97	200	-0.01887043010752687
1109	goal + feedback	97	250	-0.023463763440860246
1109	goal + feedback	97	300	-0.02454826344086018
1109	goal + feedback	97	350	-0.02388843010752691
1109	goal + feedback	97	400	-0.015529096774193526
1109	goal + feedback	97	450	-0.00586059677419352
1109	goal + feedback	97	500	0.02147406989247321
1109	goal + feedback	97	550	0.07854273655913979
1109	goal + feedback	97	600	0.13243673655913976
1109	goal + feedback	97	650	0.1696732365591398
1109	goal + feedback	97	700	0.14717540322580658
1109	goal + feedback	97	750	0.12313890322580641
1109	goal + feedback	97	800	0.0832845698924732
1109	goal + feedback	97	850	0.05499723655913987
1109	goal + feedback	97	900	0.045971236559139816
1109	goal + feedback	97	950	0.028573736559139862
1109	goal + feedback	97	1e3	0.030522569892473223
1109	goal + feedback	97	1050	0.048858403225806514
1109	goal + feedback	97	1100	0.06736940322580653
1109	goal + feedback	97	1150	0.09156223655913982
1109	goal + feedback	98	-200	-0.012321327188940094
1109	goal + feedback	98	-150	-0.00310994623655921
1109	goal + feedback	98	-100	-0.0056326129032258825
1109	goal + feedback	98	-50	0.008446387096774144
1109	goal + feedback	98	0	0.014671053763440764
1109	goal + feedback	98	50	0.030840887096774166
1109	goal + feedback	98	100	0.03082888709677419
1109	goal + feedback	98	150	0.06759905376344093
1109	goal + feedback	98	200	0.0685203870967741
1109	goal + feedback	98	250	0.10216488709677418
1109	goal + feedback	98	300	0.11764472043010743
1109	goal + feedback	98	350	0.12163005376344087
1109	goal + feedback	98	400	0.16878438709677424
1109	goal + feedback	98	450	0.18026205376344082
1109	goal + feedback	98	500	0.19462138709677426
1109	goal + feedback	98	550	0.21298505376344087
1109	goal + feedback	98	600	0.20416638709677418
1109	goal + feedback	98	650	0.2116108870967742
1109	goal + feedback	98	700	0.1946773870967741
1109	goal + feedback	98	750	0.17100172043010753
1109	goal + feedback	98	800	0.12162455376344083
1109	goal + feedback	98	850	0.12208722043010749
1109	goal + feedback	98	900	0.15427918709677418
1109	goal + feedback	98	950	NA
1109	goal + feedback	98	1e3	NA
1109	goal + feedback	98	1050	NA
1109	goal + feedback	98	1100	NA
1109	goal + feedback	98	1150	0.13295638709677426
1109	goal + feedback	99	-200	-0.009837966666666512
1109	goal + feedback	99	-150	0.004048033333333405
1109	goal + feedback	99	-100	0.01852470000000017
1109	goal + feedback	99	-50	-0.0011147999999999343
1109	goal + feedback	99	0	-0.011619966666666537
1109	goal + feedback	99	50	-0.011290466666666443
1109	goal + feedback	99	100	0.009425200000000208
1109	goal + feedback	99	150	-0.0351789666666665
1109	goal + feedback	99	200	-0.04555713333333311
1109	goal + feedback	99	250	-0.05074179999999987
1109	goal + feedback	99	300	-0.06931146666666647
1109	goal + feedback	99	350	-0.0756407999999998
1109	goal + feedback	99	400	-0.09496413333333309
1109	goal + feedback	99	450	-0.09288529999999984
1109	goal + feedback	99	500	-0.0668876333333331
1109	goal + feedback	99	550	-0.07448729999999985
1109	goal + feedback	99	600	-0.05733479999999987
1109	goal + feedback	99	650	-0.0515852999999998
1109	goal + feedback	99	700	-0.10099263333333323
1109	goal + feedback	99	750	-0.1376929666666665
1109	goal + feedback	99	800	-0.1711927999999999
1109	goal + feedback	99	850	-0.1933227999999998
1109	goal + feedback	99	900	-0.20074279999999992
1109	goal + feedback	99	950	-0.18176396666666655
1109	goal + feedback	99	1e3	NA
1109	goal + feedback	99	1050	NA
1109	goal + feedback	99	1100	NA
1109	goal + feedback	99	1150	-0.2514649666666666
1109	goal + feedback	100	-200	0.0306921
1109	goal + feedback	100	-150	0.01067852857142856
1109	goal + feedback	100	-100	0.0020784999999999164
1109	goal + feedback	100	-50	-0.016561400000000132
1109	goal + feedback	100	0	-0.028321066666666745
1109	goal + feedback	100	50	-0.03724106666666679
1109	goal + feedback	100	100	-0.06801973333333329
1109	goal + feedback	100	150	-0.05907790000000005
1109	goal + feedback	100	200	-0.06972418571428582
1109	goal + feedback	100	250	-0.07662790000000008
1109	goal + feedback	100	300	-0.07234606666666672
1109	goal + feedback	100	350	-0.08769106666666666
1109	goal + feedback	100	400	-0.07856490000000001
1109	goal + feedback	100	450	-0.05704889999999999
1109	goal + feedback	100	500	-0.03566040000000011
1109	goal + feedback	100	550	0.020931814285714192
1109	goal + feedback	100	600	0.05262789999999997
1109	goal + feedback	100	650	0.0669029333333333
1109	goal + feedback	100	700	0.06316076666666655
1109	goal + feedback	100	750	0.044373766666666516
1109	goal + feedback	100	800	0.010326433333333274
1109	goal + feedback	100	850	0.030370433333333224
1109	goal + feedback	100	900	0.0445380999999998
1109	goal + feedback	100	950	NA
1109	goal + feedback	100	1e3	NA
1109	goal + feedback	100	1050	NA
1109	goal + feedback	100	1100	NA
1109	goal + feedback	100	1150	8.262999999999465e-4
1109	goal + feedback	101	-200	0.04306246666666665
1109	goal + feedback	101	-150	0.012003466666666776
1109	goal + feedback	101	-100	-0.002169080952380918
1109	goal + feedback	101	-50	-0.014621566666666651
1109	goal + feedback	101	0	-0.04035070000000007
1109	goal + feedback	101	50	-0.03212303333333325
1109	goal + feedback	101	100	-0.05065286666666665
1109	goal + feedback	101	150	-0.05158669999999995
1109	goal + feedback	101	200	-0.04397036666666657
1109	goal + feedback	101	250	-0.036570866666666646
1109	goal + feedback	101	300	-0.01864253333333325
1109	goal + feedback	101	350	-0.010354533333333324
1109	goal + feedback	101	400	0.021299633333333363
1109	goal + feedback	101	450	0.07617713333333342
1109	goal + feedback	101	500	0.10772530000000002
1109	goal + feedback	101	550	0.15502130000000003
1109	goal + feedback	101	600	0.19511946666666669
1109	goal + feedback	101	650	0.19684063333333338
1109	goal + feedback	101	700	0.18165813333333336
1109	goal + feedback	101	750	0.13832680000000006
1109	goal + feedback	101	800	0.13902246666666676
1109	goal + feedback	101	850	0.14225730000000003
1109	goal + feedback	101	900	0.15289646666666665
1109	goal + feedback	101	950	0.17746603333333333
1109	goal + feedback	101	1e3	1.0094416333333336
1109	goal + feedback	101	1050	NA
1109	goal + feedback	101	1100	NA
1109	goal + feedback	101	1150	NA
1109	goal + feedback	102	-200	NA
1109	goal + feedback	102	-150	0.009175522727272956
1109	goal + feedback	102	-100	0.008553606060606178
1109	goal + feedback	102	-50	0.0038911060606062384
1109	goal + feedback	102	0	-0.018561727272727053
1109	goal + feedback	102	50	-0.04070456060606046
1109	goal + feedback	102	100	-0.07190072727272707
1109	goal + feedback	102	150	-0.1511975606060605
1109	goal + feedback	102	200	-0.1708410606060605
1109	goal + feedback	102	250	-0.21856156060606047
1109	goal + feedback	102	300	-0.24912372727272705
1109	goal + feedback	102	350	-0.2528958939393937
1109	goal + feedback	102	400	-0.2508777272727271
1109	goal + feedback	102	450	-0.23286206060606043
1109	goal + feedback	102	500	-0.17407322727272714
1109	goal + feedback	102	550	-0.15427056060606045
1109	goal + feedback	102	600	-0.10556572727272706
1109	goal + feedback	102	650	-0.06959522727272709
1109	goal + feedback	102	700	-0.09208906060606041
1109	goal + feedback	102	750	-0.13182672727272715
1109	goal + feedback	102	800	-0.14442389393939367
1109	goal + feedback	102	850	-0.1509653939393938
1109	goal + feedback	102	900	-0.13765972727272713
1109	goal + feedback	102	950	-0.13289439393939376
1109	goal + feedback	102	1e3	-0.14120989393939384
1109	goal + feedback	102	1050	-0.09944989393939367
1109	goal + feedback	102	1100	-0.12049256060606044
1109	goal + feedback	102	1150	-0.11672206060606032
1109	goal + feedback	103	-200	-0.061292502304147255
1109	goal + feedback	103	-150	-0.008334978494623465
1109	goal + feedback	103	-100	0.03846035483870983
1109	goal + feedback	103	-50	0.030336354838709816
1109	goal + feedback	103	0	0.011046188172043095
1109	goal + feedback	103	50	0.01824418817204328
1109	goal + feedback	103	100	-0.01872181182795692
1109	goal + feedback	103	150	-0.04942514516129023
1109	goal + feedback	103	200	-0.04589664516129018
1109	goal + feedback	103	250	-0.07135964516129012
1109	goal + feedback	103	300	-0.06853814516129009
1109	goal + feedback	103	350	-0.05146147849462346
1109	goal + feedback	103	400	-0.05555081182795685
1109	goal + feedback	103	450	-0.05399231182795675
1109	goal + feedback	103	500	-0.04546164516129014
1109	goal + feedback	103	550	-0.07600881182795687
1109	goal + feedback	103	600	-0.03266081182795685
1109	goal + feedback	103	650	-0.07587797849462345
1109	goal + feedback	103	700	-0.12477664516129017
1109	goal + feedback	103	750	-0.14764014516129018
1109	goal + feedback	103	800	-0.18309197849462358
1109	goal + feedback	103	850	-0.20618864516129012
1109	goal + feedback	103	900	-0.22189831182795686
1109	goal + feedback	103	950	-0.2419246451612902
1109	goal + feedback	103	1e3	-0.24679314516129022
1109	goal + feedback	103	1050	-0.25080597849462355
1109	goal + feedback	103	1100	-0.2487276451612901
1109	goal + feedback	103	1150	-0.2658644784946236
1109	goal + feedback	104	-200	-0.012506066666666538
1109	goal + feedback	104	-150	0.011908766666666773
1109	goal + feedback	104	-100	0.0034837666666667952
1109	goal + feedback	104	-50	-7.533999999998672e-4
1109	goal + feedback	104	0	-0.002133066666666498
1109	goal + feedback	104	50	0.006152266666666832
1109	goal + feedback	104	100	0.005780100000000103
1109	goal + feedback	104	150	-0.007446399999999779
1109	goal + feedback	104	200	-0.010748399999999917
1109	goal + feedback	104	250	-0.016903066666666522
1109	goal + feedback	104	300	-0.03203239999999985
1109	goal + feedback	104	350	-0.01832273333333319
1109	goal + feedback	104	400	0.007367266666666872
1109	goal + feedback	104	450	-0.0029622333333332307
1109	goal + feedback	104	500	-0.005683066666666514
1109	goal + feedback	104	550	0.005478600000000296
1109	goal + feedback	104	600	0.005226600000000081
1109	goal + feedback	104	650	-0.040913899999999837
1109	goal + feedback	104	700	-0.0733963999999998
1109	goal + feedback	104	750	-0.0951817333333332
1109	goal + feedback	104	800	-0.11183656666666653
1109	goal + feedback	104	850	-0.12368273333333317
1109	goal + feedback	104	900	-0.06314056666666656
1109	goal + feedback	104	950	NA
1109	goal + feedback	104	1e3	NA
1109	goal + feedback	104	1050	NA
1109	goal + feedback	104	1100	NA
1109	goal + feedback	104	1150	NA
1109	goal + feedback	105	-200	-0.03767274654377882
1109	goal + feedback	105	-150	-0.02102586559139774
1109	goal + feedback	105	-100	-0.008762865591397754
1109	goal + feedback	105	-50	0.027340967741935545
1109	goal + feedback	105	0	0.04639930107526887
1109	goal + feedback	105	50	0.06378846774193551
1109	goal + feedback	105	100	0.09812930107526885
1109	goal + feedback	105	150	0.11942463440860214
1109	goal + feedback	105	200	0.1322074677419355
1109	goal + feedback	105	250	0.1304431344086021
1109	goal + feedback	105	300	0.12827380107526887
1109	goal + feedback	105	350	0.13025830107526884
1109	goal + feedback	105	400	0.13142580107526883
1109	goal + feedback	105	450	0.1231321344086022
1109	goal + feedback	105	500	0.1349479677419354
1109	goal + feedback	105	550	0.1539253010752689
1109	goal + feedback	105	600	0.17055763440860225
1109	goal + feedback	105	650	0.1692171344086022
1109	goal + feedback	105	700	0.16062196774193546
1109	goal + feedback	105	750	0.13958180107526896
1109	goal + feedback	105	800	0.15411430107526894
1109	goal + feedback	105	850	0.14065330107526877
1109	goal + feedback	105	900	0.15261113440860216
1109	goal + feedback	105	950	0.14366613440860218
1109	goal + feedback	105	1e3	0.15391696774193556
1109	goal + feedback	105	1050	0.18221263440860222
1109	goal + feedback	105	1100	0.18145163440860226
1109	goal + feedback	105	1150	0.1991473010752689
1109	goal + feedback	106	-200	-0.01049325806451635
1109	goal + feedback	106	-150	-0.015972591397849827
1109	goal + feedback	106	-100	-0.00708975806451632
1109	goal + feedback	106	-50	0.008559241935483778
1109	goal + feedback	106	0	0.026745241935483666
1109	goal + feedback	106	50	0.03699457526881692
1109	goal + feedback	106	100	0.03172107526881692
1109	goal + feedback	106	150	0.05516474193548363
1109	goal + feedback	106	200	0.05415790860215027
1109	goal + feedback	106	250	0.051637075268817036
1109	goal + feedback	106	300	0.051490741935483676
1109	goal + feedback	106	350	0.03856807526881697
1109	goal + feedback	106	400	0.04129974193548378
1109	goal + feedback	106	450	0.0373094086021503
1109	goal + feedback	106	500	0.045661075268816985
1109	goal + feedback	106	550	0.06639390860215018
1109	goal + feedback	106	600	0.09332174193548363
1109	goal + feedback	106	650	0.08547974193548365
1109	goal + feedback	106	700	0.06152974193548366
1109	goal + feedback	106	750	0.06189440860215031
1109	goal + feedback	106	800	0.03273040860215034
1109	goal + feedback	106	850	0.06984074193548366
1109	goal + feedback	106	900	NA
1109	goal + feedback	106	950	NA
1109	goal + feedback	106	1e3	NA
1109	goal + feedback	106	1050	NA
1109	goal + feedback	106	1100	NA
1109	goal + feedback	106	1150	-0.032798758064516376
1109	goal + feedback	107	-200	-0.0020131705069122824
1109	goal + feedback	107	-150	0.0021760913978496146
1109	goal + feedback	107	-100	0.00811592473118298
1109	goal + feedback	107	-50	0.0031280913978495306
1109	goal + feedback	107	0	-0.01107140860215039
1109	goal + feedback	107	50	-0.010071908602150495
1109	goal + feedback	107	100	0.005274591397849582
1109	goal + feedback	107	150	0.01330309139784965
1109	goal + feedback	107	200	0.024919924731182874
1109	goal + feedback	107	250	0.03397175806451632
1109	goal + feedback	107	300	0.04346775806451627
1109	goal + feedback	107	350	0.056394424731182946
1109	goal + feedback	107	400	0.07104392473118293
1109	goal + feedback	107	450	0.08522359139784963
1109	goal + feedback	107	500	0.11322259139784958
1109	goal + feedback	107	550	0.16159659139784965
1109	goal + feedback	107	600	0.18742125806451634
1109	goal + feedback	107	650	0.20472492473118295
1109	goal + feedback	107	700	0.2111229247311829
1109	goal + feedback	107	750	0.19087909139784962
1109	goal + feedback	107	800	0.2596445080645162
1109	goal + feedback	107	850	NA
1109	goal + feedback	107	900	NA
1109	goal + feedback	107	950	NA
1109	goal + feedback	107	1e3	NA
1109	goal + feedback	107	1050	0.11838275806451626
1109	goal + feedback	107	1100	0.2562499247311829
1109	goal + feedback	107	1150	0.32961659139784955
1109	goal + feedback	108	-200	NA
1109	goal + feedback	108	-150	NA
1109	goal + feedback	108	-100	-0.0791896111111113
1109	goal + feedback	108	-50	0.05623305555555539
1109	goal + feedback	108	0	0.022956555555555463
1109	goal + feedback	108	50	0.06810755555555541
1109	goal + feedback	108	100	0.0639810555555554
1109	goal + feedback	108	150	0.05489838888888876
1109	goal + feedback	108	200	0.029095888888888737
1109	goal + feedback	108	250	-0.003529444444444548
1109	goal + feedback	108	300	-0.02712744444444463
1109	goal + feedback	108	350	-0.06794777777777794
1109	goal + feedback	108	400	-0.06282711111111132
1109	goal + feedback	108	450	-0.05098977777777806
1109	goal + feedback	108	500	-0.04051011111111125
1109	goal + feedback	108	550	-0.023492944444444646
1109	goal + feedback	108	600	-0.007770777777777867
1109	goal + feedback	108	650	0.016545388888888606
1109	goal + feedback	108	700	0.0013992222222220334
1109	goal + feedback	108	750	-0.038888611111111304
1109	goal + feedback	108	800	-0.06806927777777805
1109	goal + feedback	108	850	-0.07999294444444456
1109	goal + feedback	108	900	-0.07896494444444462
1109	goal + feedback	108	950	-0.09856611111111128
1109	goal + feedback	108	1e3	-0.13590627777777797
1109	goal + feedback	108	1050	-0.1444711111111113
1109	goal + feedback	108	1100	-0.13688477777777805
1109	goal + feedback	108	1150	-0.13310094444444456
1109	goal + feedback	109	-200	-0.01393839170506934
1109	goal + feedback	109	-150	-0.00680917741935505
1109	goal + feedback	109	-100	5.061559139783641e-4
1109	goal + feedback	109	-50	0.00993865591397832
1109	goal + feedback	109	0	0.012625822580644966
1109	goal + feedback	109	50	0.021107655913978302
1109	goal + feedback	109	100	0.02785432258064498
1109	goal + feedback	109	150	0.012571989247311658
1109	goal + feedback	109	200	0.01934398924731166
1109	goal + feedback	109	250	0.023483822580645002
1109	goal + feedback	109	300	0.013570989247311557
1109	goal + feedback	109	350	0.029602322580644918
1109	goal + feedback	109	400	0.03717998924731162
1109	goal + feedback	109	450	0.06372415591397829
1109	goal + feedback	109	500	0.10650615591397831
1109	goal + feedback	109	550	0.12436815591397828
1109	goal + feedback	109	600	0.1447074892473117
1109	goal + feedback	109	650	0.1494818225806449
1109	goal + feedback	109	700	0.11089815591397834
1109	goal + feedback	109	750	0.08490548924731163
1109	goal + feedback	109	800	0.08008252258064488
1109	goal + feedback	109	850	NA
1109	goal + feedback	109	900	NA
1109	goal + feedback	109	950	NA
1109	goal + feedback	109	1e3	0.028864322580645013
1109	goal + feedback	109	1050	0.18035632258064496
1109	goal + feedback	109	1100	0.13847215591397832
1109	goal + feedback	109	1150	0.14054248924731164
1109	goal + feedback	110	-200	-1.955944700462453e-4
1109	goal + feedback	110	-150	0.0031520483870965212
1109	goal + feedback	110	-100	0.0026877150537633434
1109	goal + feedback	110	-50	-0.003479284946236838
1109	goal + feedback	110	0	-0.002132284946236629
1109	goal + feedback	110	50	-0.023128284946236793
1109	goal + feedback	110	100	-0.044520951612903335
1109	goal + feedback	110	150	-0.08594828494623667
1109	goal + feedback	110	200	-0.08944661827957005
1109	goal + feedback	110	250	-0.12342195161290337
1109	goal + feedback	110	300	-0.14959678494623682
1109	goal + feedback	110	350	-0.1672781182795701
1109	goal + feedback	110	400	-0.16468995161290345
1109	goal + feedback	110	450	-0.15076078494623668
1109	goal + feedback	110	500	-0.12031078494623675
1109	goal + feedback	110	550	-0.07450761827957009
1109	goal + feedback	110	600	-0.04177445161290342
1109	goal + feedback	110	650	0.01162371505376325
1109	goal + feedback	110	700	-0.010379118279570054
1109	goal + feedback	110	750	-0.022798284946236702
1109	goal + feedback	110	800	-0.048808451612903404
1109	goal + feedback	110	850	-0.07495161827957013
1109	goal + feedback	110	900	-0.07271611827957007
1109	goal + feedback	110	950	-0.060202284946236695
1109	goal + feedback	110	1e3	-0.026738951612903444
1109	goal + feedback	110	1050	-0.008945784946236804
1109	goal + feedback	110	1100	0.03977904838709664
1109	goal + feedback	110	1150	0.0898777150537633
1109	goal + feedback	111	-200	-0.008024782051281987
1109	goal + feedback	111	-150	-0.03161978205128194
1109	goal + feedback	111	-100	0.02686588461538467
1109	goal + feedback	111	-50	0.0346186846153846
1109	goal + feedback	111	0	-0.06164361538461538
1109	goal + feedback	111	50	NA
1109	goal + feedback	111	100	NA
1109	goal + feedback	111	150	NA
1109	goal + feedback	111	200	NA
1109	goal + feedback	111	250	-0.002842615384615388
1109	goal + feedback	111	300	0.16136271794871804
1109	goal + feedback	111	350	0.19552238461538463
1109	goal + feedback	111	400	0.20863921794871798
1109	goal + feedback	111	450	0.25749388461538464
1109	goal + feedback	111	500	0.2617788846153846
1109	goal + feedback	111	550	0.22114921794871792
1109	goal + feedback	111	600	0.11286421794871804
1109	goal + feedback	111	650	0.09354755128205132
1109	goal + feedback	111	700	0.05041938461538472
1109	goal + feedback	111	750	0.008415051282051333
1109	goal + feedback	111	800	-0.03908228205128202
1109	goal + feedback	111	850	-0.04445361538461534
1109	goal + feedback	111	900	-0.043857115384615376
1109	goal + feedback	111	950	-0.056513282051282
1109	goal + feedback	111	1e3	-0.06699361538461535
1109	goal + feedback	111	1050	-0.0683244487179487
1109	goal + feedback	111	1100	-0.04380911538461533
1109	goal + feedback	111	1150	-0.01800694871794876
1109	goal + feedback	112	-200	-0.014529666666666774
1109	goal + feedback	112	-150	-0.013072333333333427
1109	goal + feedback	112	-100	-0.007738166666666786
1109	goal + feedback	112	-50	0.01399099999999994
1109	goal + feedback	112	0	0.021349166666666603
1109	goal + feedback	112	50	0.04561383333333321
1109	goal + feedback	112	100	0.07373166666666653
1109	goal + feedback	112	150	0.09855083333333321
1109	goal + feedback	112	200	0.05400566666666662
1109	goal + feedback	112	250	0.04795949999999993
1109	goal + feedback	112	300	0.041077166666666574
1109	goal + feedback	112	350	0.020468499999999928
1109	goal + feedback	112	400	0.04976683333333328
1109	goal + feedback	112	450	0.06526316666666661
1109	goal + feedback	112	500	0.05841416666666651
1109	goal + feedback	112	550	0.1072709999999999
1109	goal + feedback	112	600	0.09749033333333323
1109	goal + feedback	112	650	0.05791933333333329
1109	goal + feedback	112	700	0.0823086904761904
1109	goal + feedback	112	750	0.010688833333333184
1109	goal + feedback	112	800	-0.060591833333333366
1109	goal + feedback	112	850	-0.08838733333333344
1109	goal + feedback	112	900	-0.11217316666666677
1109	goal + feedback	112	950	-0.10393033333333346
1109	goal + feedback	112	1e3	-0.09230900000000013
1109	goal + feedback	112	1050	-0.10505183333333346
1109	goal + feedback	112	1100	-0.09608233333333338
1109	goal + feedback	112	1150	-0.12391233333333333
1109	goal + feedback	113	-200	0.01949636866359456
1109	goal + feedback	113	-150	-0.017172940860215036
1109	goal + feedback	113	-100	-0.006172107526881687
1109	goal + feedback	113	-50	0.002175892473118409
1109	goal + feedback	113	0	-0.0015766075268816386
1109	goal + feedback	113	50	-0.0010821075268817222
1109	goal + feedback	113	100	0.008820059139785045
1109	goal + feedback	113	150	0.024965059139784973
1109	goal + feedback	113	200	0.04211439247311836
1109	goal + feedback	113	250	0.032063559139785015
1109	goal + feedback	113	300	0.04923455913978499
1109	goal + feedback	113	350	0.052212225806451684
1109	goal + feedback	113	400	0.06825505913978502
1109	goal + feedback	113	450	0.06044155913978503
1109	goal + feedback	113	500	0.07505972580645166
1109	goal + feedback	113	550	0.04032539247311832
1109	goal + feedback	113	600	0.0016568924731182506
1109	goal + feedback	113	650	-0.02901210752688166
1109	goal + feedback	113	700	-0.0560882741935483
1109	goal + feedback	113	750	-0.04835844086021498
1109	goal + feedback	113	800	-0.06312477419354812
1109	goal + feedback	113	850	NA
1109	goal + feedback	113	900	NA
1109	goal + feedback	113	950	NA
1109	goal + feedback	113	1e3	NA
1109	goal + feedback	113	1050	-0.05588257419354834
1109	goal + feedback	113	1100	0.052441425806451655
1109	goal + feedback	113	1150	0.01750565437788021
1109	goal + feedback	114	-200	-0.0618608205128206
1109	goal + feedback	114	-150	-0.0683613205128204
1109	goal + feedback	114	-100	NA
1109	goal + feedback	114	-50	NA
1109	goal + feedback	114	0	0.781332846153846
1109	goal + feedback	114	50	0.01847684615384611
1109	goal + feedback	114	100	0.059407179487179475
1109	goal + feedback	114	150	-0.04790565384615383
1109	goal + feedback	114	200	-0.0649424871794871
1109	goal + feedback	114	250	-0.05202982051282046
1109	goal + feedback	114	300	-0.0417633205128205
1109	goal + feedback	114	350	-0.047442820512820484
1109	goal + feedback	114	400	-0.09285129670329662
1109	goal + feedback	114	450	-0.12386932051282044
1109	goal + feedback	114	500	-0.11671815384615376
1109	goal + feedback	114	550	-0.09850215384615384
1109	goal + feedback	114	600	-0.05032582051282053
1109	goal + feedback	114	650	-0.008286487179487137
1109	goal + feedback	114	700	0.0035661794871795216
1109	goal + feedback	114	750	-0.001849487179487112
1109	goal + feedback	114	800	-0.03523632051282055
1109	goal + feedback	114	850	-0.04347532051282051
1109	goal + feedback	114	900	-0.0834478205128204
1109	goal + feedback	114	950	-0.08329165384615374
1109	goal + feedback	114	1e3	-0.06634482051282047
1109	goal + feedback	114	1050	-0.04458482051282046
1109	goal + feedback	114	1100	-0.031177487179487134
1109	goal + feedback	114	1150	-0.029819153846153783
1109	goal + feedback	115	-200	0.019554617511520687
1109	goal + feedback	115	-150	0.04265290322580643
1109	goal + feedback	115	-100	0.012734736559139703
1109	goal + feedback	115	-50	-0.02162676344086038
1109	goal + feedback	115	0	-0.056574596774193596
1109	goal + feedback	115	50	-0.07981826344086018
1109	goal + feedback	115	100	-0.09791959677419355
1109	goal + feedback	115	150	-0.12294359677419357
1109	goal + feedback	115	200	-0.1362412634408602
1109	goal + feedback	115	250	-0.14548343010752696
1109	goal + feedback	115	300	-0.13761726344086034
1109	goal + feedback	115	350	-0.14628209677419357
1109	goal + feedback	115	400	-0.1098340967741936
1109	goal + feedback	115	450	-0.09054259677419367
1109	goal + feedback	115	500	-0.039277430107526934
1109	goal + feedback	115	550	-0.015251596774193521
1109	goal + feedback	115	600	0.022712736559139746
1109	goal + feedback	115	650	0.043573569892473074
1109	goal + feedback	115	700	0.009564403225806428
1109	goal + feedback	115	750	-0.0016874301075269216
1109	goal + feedback	115	800	-0.00939259677419361
1109	goal + feedback	115	850	-0.02497293010752692
1109	goal + feedback	115	900	0.0028737365591397315
1109	goal + feedback	115	950	-0.04748209677419357
1109	goal + feedback	115	1e3	NA
1109	goal + feedback	115	1050	NA
1109	goal + feedback	115	1100	NA
1109	goal + feedback	115	1150	0.11008490322580622
1109	goal + feedback	116	-200	0.022988442396313463
1109	goal + feedback	116	-150	8.783709677419408e-4
1109	goal + feedback	116	-100	-0.005311295698924597
1109	goal + feedback	116	-50	-0.00106896236559136
1109	goal + feedback	116	0	-0.02131796236559132
1109	goal + feedback	116	50	-0.017525962365591303
1109	goal + feedback	116	100	-0.03603396236559142
1109	goal + feedback	116	150	-0.0477809623655913
1109	goal + feedback	116	200	-0.053401795698924705
1109	goal + feedback	116	250	-0.04935696236559132
1109	goal + feedback	116	300	-0.07092362903225798
1109	goal + feedback	116	350	-0.08854312903225803
1109	goal + feedback	116	400	-0.08272146236559126
1109	goal + feedback	116	450	-0.06016696236559138
1109	goal + feedback	116	500	-0.04944412903225796
1109	goal + feedback	116	550	-0.0038076290322580273
1109	goal + feedback	116	600	0.04098537096774191
1109	goal + feedback	116	650	0.051793204301075445
1109	goal + feedback	116	700	0.05321237096774197
1109	goal + feedback	116	750	0.03678403763440855
1109	goal + feedback	116	800	0.04227370430107532
1109	goal + feedback	116	850	0.018557204301075325
1109	goal + feedback	116	900	0.07539120430107538
1109	goal + feedback	116	950	NA
1109	goal + feedback	116	1e3	NA
1109	goal + feedback	116	1050	NA
1109	goal + feedback	116	1100	0.7894848709677422
1109	goal + feedback	116	1150	NA
1109	goal + feedback	117	-200	0.024485451612903324
1109	goal + feedback	117	-150	0.02739195161290331
1109	goal + feedback	117	-100	-0.004348381720430024
1109	goal + feedback	117	-50	-0.018838881720429985
1109	goal + feedback	117	0	-0.0327710483870968
1109	goal + feedback	117	50	-0.06488154838709674
1109	goal + feedback	117	100	-0.08201588172043002
1109	goal + feedback	117	150	-0.12833388172043003
1109	goal + feedback	117	200	-0.12699804838709663
1109	goal + feedback	117	250	-0.14290521505376322
1109	goal + feedback	117	300	-0.13949654838709669
1109	goal + feedback	117	350	-0.13300021505376333
1109	goal + feedback	117	400	-0.13344438172043005
1109	goal + feedback	117	450	-0.1256940483870966
1109	goal + feedback	117	500	-0.10375804838709672
1109	goal + feedback	117	550	-0.10017004838709664
1109	goal + feedback	117	600	-0.04555271505376335
1109	goal + feedback	117	650	-0.01080288172042998
1109	goal + feedback	117	700	-0.023897381720429916
1109	goal + feedback	117	750	-0.05034204838709666
1109	goal + feedback	117	800	-0.0883320483870967
1109	goal + feedback	117	850	-0.11923004838709672
1109	goal + feedback	117	900	NA
1109	goal + feedback	117	950	NA
1109	goal + feedback	117	1e3	NA
1109	goal + feedback	117	1050	NA
1109	goal + feedback	117	1100	-0.02264454838709673
1109	goal + feedback	117	1150	0.0162037016129033
1109	goal + feedback	118	-200	-0.019930447004608314
1109	goal + feedback	118	-150	-0.012149161290322619
1109	goal + feedback	118	-100	4.778387096773991e-4
1109	goal + feedback	118	-50	0.014409005376344153
1109	goal + feedback	118	0	0.020514505376344028
1109	goal + feedback	118	50	0.03544017204301079
1109	goal + feedback	118	100	0.07302767204301075
1109	goal + feedback	118	150	0.07569733870967747
1109	goal + feedback	118	200	0.09272717204301073
1109	goal + feedback	118	250	0.1113263387096773
1109	goal + feedback	118	300	0.11779717204301073
1109	goal + feedback	118	350	0.13555733870967734
1109	goal + feedback	118	400	0.15328550537634414
1109	goal + feedback	118	450	0.13998467204301077
1109	goal + feedback	118	500	0.17297400537634408
1109	goal + feedback	118	550	0.20796300537634402
1109	goal + feedback	118	600	0.2339491720430107
1109	goal + feedback	118	650	0.19630117204301079
1109	goal + feedback	118	700	0.16829383870967737
1109	goal + feedback	118	750	0.1669871720430108
1109	goal + feedback	118	800	0.152487005376344
1109	goal + feedback	118	850	0.12977800537634407
1109	goal + feedback	118	900	0.11245533870967739
1109	goal + feedback	118	950	0.11282900537634404
1109	goal + feedback	118	1e3	0.1172438387096774
1109	goal + feedback	118	1050	0.13365583870967743
1109	goal + feedback	118	1100	0.14480250537634407
1109	goal + feedback	118	1150	0.1430491720430108
1109	goal + feedback	119	-200	0.006168539170506827
1109	goal + feedback	119	-150	0.025923301075268784
1109	goal + feedback	119	-100	-0.015267198924731199
1109	goal + feedback	119	-50	0.006646134408602178
1109	goal + feedback	119	0	-0.024498865591397873
1109	goal + feedback	119	50	-0.0451960322580646
1109	goal + feedback	119	100	-0.0591298655913978
1109	goal + feedback	119	150	-0.08045153225806463
1109	goal + feedback	119	200	-0.07716303225806453
1109	goal + feedback	119	250	-0.09704886559139791
1109	goal + feedback	119	300	-0.08883153225806446
1109	goal + feedback	119	350	-0.07545619892473117
1109	goal + feedback	119	400	-0.07492519892473111
1109	goal + feedback	119	450	-0.03850986559139787
1109	goal + feedback	119	500	-0.03925219892473134
1109	goal + feedback	119	550	-0.010061198924731155
1109	goal + feedback	119	600	0.015532134408602127
1109	goal + feedback	119	650	0.05221296774193548
1109	goal + feedback	119	700	0.0810869677419354
1109	goal + feedback	119	750	0.06629513440860209
1109	goal + feedback	119	800	0.029863134408602148
1109	goal + feedback	119	850	-0.019343032258064552
1109	goal + feedback	119	900	-0.07013936559139793
1109	goal + feedback	119	950	-0.1066503655913978
1109	goal + feedback	119	1e3	-0.10613969892473119
1109	goal + feedback	119	1050	-0.12548486559139782
1109	goal + feedback	119	1100	-0.08708728225806461
1109	goal + feedback	119	1150	NA
1109	goal + feedback	120	-200	-0.029567525345622236
1109	goal + feedback	120	-150	-0.003844596774193724
1109	goal + feedback	120	-100	0.010542403225806426
1109	goal + feedback	120	-50	0.01966423655913981
1109	goal + feedback	120	0	0.008133403225806394
1109	goal + feedback	120	50	-0.015669430107526933
1109	goal + feedback	120	100	-0.03082276344086036
1109	goal + feedback	120	150	-0.02323009677419356
1109	goal + feedback	120	200	-0.02690893010752693
1109	goal + feedback	120	250	-0.02492926344086029
1109	goal + feedback	120	300	-0.009553763440860305
1109	goal + feedback	120	350	-0.005806596774193669
1109	goal + feedback	120	400	0.03684206989247304
1109	goal + feedback	120	450	0.01661273655913975
1109	goal + feedback	120	500	0.053868403225806404
1109	goal + feedback	120	550	0.04866340322580635
1109	goal + feedback	120	600	0.06777756989247312
1109	goal + feedback	120	650	0.09839590322580638
1109	goal + feedback	120	700	0.07643023655913976
1109	goal + feedback	120	750	0.059449736559139765
1109	goal + feedback	120	800	0.04318856989247314
1109	goal + feedback	120	850	NA
1109	goal + feedback	120	900	NA
1109	goal + feedback	120	950	NA
1109	goal + feedback	120	1e3	NA
1109	goal + feedback	120	1050	NA
1109	goal + feedback	120	1100	NA
1109	goal + feedback	120	1150	0.017249569892473133
1109	goal + feedback	121	-200	0.011951055299539184
1109	goal + feedback	121	-150	-7.306827956989892e-4
1109	goal + feedback	121	-100	-0.007336182795698883
1109	goal + feedback	121	-50	-0.007713016129032339
1109	goal + feedback	121	0	0.0018369838709676827
1109	goal + feedback	121	50	0.016472150537634473
1109	goal + feedback	121	100	0.03169465053763439
1109	goal + feedback	121	150	0.058893817204301126
1109	goal + feedback	121	200	0.07977448387096775
1109	goal + feedback	121	250	0.10214781720430104
1109	goal + feedback	121	300	0.14493481720430101
1109	goal + feedback	121	350	0.13057331720430118
1109	goal + feedback	121	400	0.12898765053763447
1109	goal + feedback	121	450	0.16595215053763437
1109	goal + feedback	121	500	0.20831065053763442
1109	goal + feedback	121	550	0.2127781505376344
1109	goal + feedback	121	600	0.2716694838709679
1109	goal + feedback	121	650	0.31735215053763444
1109	goal + feedback	121	700	0.2836186505376345
1109	goal + feedback	121	750	0.2819604838709678
1109	goal + feedback	121	800	NA
1109	goal + feedback	121	850	NA
1109	goal + feedback	121	900	NA
1109	goal + feedback	121	950	NA
1109	goal + feedback	121	1e3	NA
1109	goal + feedback	121	1050	0.18893598387096777
1109	goal + feedback	121	1100	0.31777165053763445
1109	goal + feedback	121	1150	0.3329759838709678
1109	goal + feedback	122	-200	0.019651262672811205
1109	goal + feedback	122	-150	0.01580171505376356
1109	goal + feedback	122	-100	0.011252548387096883
1109	goal + feedback	122	-50	-0.01662328494623644
1109	goal + feedback	122	0	-0.033357451612903155
1109	goal + feedback	122	50	-0.05449711827956986
1109	goal + feedback	122	100	-0.05469628494623646
1109	goal + feedback	122	150	-0.06794261827956978
1109	goal + feedback	122	200	-0.05768961827956972
1109	goal + feedback	122	250	-0.07184195161290319
1109	goal + feedback	122	300	-0.07086828494623638
1109	goal + feedback	122	350	-0.05446761827956973
1109	goal + feedback	122	400	-0.03586995161290307
1109	goal + feedback	122	450	-0.037623784946236416
1109	goal + feedback	122	500	0.004242381720430233
1109	goal + feedback	122	550	0.04230121505376361
1109	goal + feedback	122	600	0.08532088172043029
1109	goal + feedback	122	650	0.1519533483870969
1109	goal + feedback	122	700	NA
1109	goal + feedback	122	750	NA
1109	goal + feedback	122	800	NA
1109	goal + feedback	122	850	-0.14863545161290315
1109	goal + feedback	122	900	0.10067854838709689
1109	goal + feedback	122	950	0.24611804838709683
1109	goal + feedback	122	1e3	0.24433654838709687
1109	goal + feedback	122	1050	0.2606865483870968
1109	goal + feedback	122	1100	0.2903437150537636
1109	goal + feedback	122	1150	0.3103853817204301
1109	goal + feedback	123	-200	-0.01296995852534577
1109	goal + feedback	123	-150	-0.007912553763441096
1109	goal + feedback	123	-100	0.006021446236559018
1109	goal + feedback	123	-50	0.00978577956989235
1109	goal + feedback	123	0	0.0072369462365589055
1109	goal + feedback	123	50	0.010870946236558968
1109	goal + feedback	123	100	0.016012112903225573
1109	goal + feedback	123	150	0.014240946236558916
1109	goal + feedback	123	200	0.026575112903225673
1109	goal + feedback	123	250	0.046157112903225585
1109	goal + feedback	123	300	0.06285211290322557
1109	goal + feedback	123	350	0.07726511290322557
1109	goal + feedback	123	400	0.08648661290322557
1109	goal + feedback	123	450	0.11554561290322551
1109	goal + feedback	123	500	0.15670027956989233
1109	goal + feedback	123	550	0.1558072795698923
1109	goal + feedback	123	600	0.16291844623655885
1109	goal + feedback	123	650	0.1034734462365589
1109	goal + feedback	123	700	0.042251612903225544
1109	goal + feedback	123	750	0.008148612903225624
1109	goal + feedback	123	800	-0.0025555537634410395
1109	goal + feedback	123	850	NA
1109	goal + feedback	123	900	NA
1109	goal + feedback	123	950	NA
1109	goal + feedback	123	1e3	NA
1109	goal + feedback	123	1050	NA
1109	goal + feedback	123	1100	0.09127861290322563
1109	goal + feedback	123	1150	0.15431344623655896
1109	goal + feedback	124	-200	0.01205695852534548
1109	goal + feedback	124	-150	-0.007170946236559302
1109	goal + feedback	124	-100	-0.007503612903225987
1109	goal + feedback	124	-50	-0.004324112903225948
1109	goal + feedback	124	0	0.004932220430107363
1109	goal + feedback	124	50	0.04445305376344074
1109	goal + feedback	124	100	0.051109053763440736
1109	goal + feedback	124	150	0.07031755376344069
1109	goal + feedback	124	200	0.09270605376344077
1109	goal + feedback	124	250	0.10686638709677403
1109	goal + feedback	124	300	0.12472088709677405
1109	goal + feedback	124	350	0.14540238709677408
1109	goal + feedback	124	400	0.16538955376344067
1109	goal + feedback	124	450	0.18318305376344068
1109	goal + feedback	124	500	0.20970755376344066
1109	goal + feedback	124	550	0.25022638709677403
1109	goal + feedback	124	600	0.28837422043010735
1109	goal + feedback	124	650	0.3399132204301074
1109	goal + feedback	124	700	0.34977855376344075
1109	goal + feedback	124	750	0.335391387096774
1109	goal + feedback	124	800	0.2944990537634407
1109	goal + feedback	124	850	0.27823455376344075
1109	goal + feedback	124	900	0.2606892204301073
1109	goal + feedback	124	950	0.27836498709677393
1109	goal + feedback	124	1e3	NA
1109	goal + feedback	124	1050	NA
1109	goal + feedback	124	1100	NA
1109	goal + feedback	124	1150	0.215149387096774
1109	goal + feedback	125	-200	-0.01935467741935502
1109	goal + feedback	125	-150	-0.008347510752688395
1109	goal + feedback	125	-100	0.011173822580644957
1109	goal + feedback	125	-50	0.014879489247311714
1109	goal + feedback	125	0	0.004874655913978214
1109	goal + feedback	125	50	0.016141322580644896
1109	goal + feedback	125	100	0.0018568225806450123
1109	goal + feedback	125	150	0.012943489247311627
1109	goal + feedback	125	200	0.01238632258064487
1109	goal + feedback	125	250	0.037553489247311576
1109	goal + feedback	125	300	0.08938798924731166
1109	goal + feedback	125	350	0.106264322580645
1109	goal + feedback	125	400	0.10160198924731167
1109	goal + feedback	125	450	0.16438565591397833
1109	goal + feedback	125	500	0.16091265591397833
1109	goal + feedback	125	550	0.2195566559139782
1109	goal + feedback	125	600	0.222887322580645
1109	goal + feedback	125	650	0.18760682258064496
1109	goal + feedback	125	700	0.14852765591397823
1109	goal + feedback	125	750	0.10216365591397832
1109	goal + feedback	125	800	0.04171782258064494
1109	goal + feedback	125	850	0.009737322580644924
1109	goal + feedback	125	900	NA
1109	goal + feedback	125	950	NA
1109	goal + feedback	125	1e3	NA
1109	goal + feedback	125	1050	NA
1109	goal + feedback	125	1100	NA
1109	goal + feedback	125	1150	0.056879322580644986
1109	goal + feedback	126	-200	-0.009683165898617523
1109	goal + feedback	126	-150	-0.0062626182795698275
1109	goal + feedback	126	-100	0.009783048387096946
1109	goal + feedback	126	-50	0.0021195483870967515
1109	goal + feedback	126	0	0.005657048387096797
1109	goal + feedback	126	50	0.007851715053763511
1109	goal + feedback	126	100	0.02557421505376345
1109	goal + feedback	126	150	0.03528604838709678
1109	goal + feedback	126	200	0.03398221505376342
1109	goal + feedback	126	250	0.03805521505376349
1109	goal + feedback	126	300	0.04676004838709683
1109	goal + feedback	126	350	0.057652548387096804
1109	goal + feedback	126	400	0.07632654838709681
1109	goal + feedback	126	450	0.0957277150537635
1109	goal + feedback	126	500	0.17532004838709683
1109	goal + feedback	126	550	0.19140638172043012
1109	goal + feedback	126	600	0.20090204838709677
1109	goal + feedback	126	650	0.20182038172043018
1109	goal + feedback	126	700	0.1370048817204302
1109	goal + feedback	126	750	0.10711488172043016
1109	goal + feedback	126	800	0.08533204838709689
1109	goal + feedback	126	850	0.06769054838709672
1109	goal + feedback	126	900	0.05015704838709678
1109	goal + feedback	126	950	0.09026521505376343
1109	goal + feedback	126	1e3	0.11068671505376337
1109	goal + feedback	126	1050	0.1268805483870968
1109	goal + feedback	126	1100	0.14351754838709688
1109	goal + feedback	126	1150	0.19544388172043003
1109	goal + feedback	127	-200	-0.02551396774193534
1109	goal + feedback	127	-150	-0.015464634408601944
1109	goal + feedback	127	-100	-0.013185634408602024
1109	goal + feedback	127	-50	0.009070198924731265
1109	goal + feedback	127	0	0.04934636559139801
1109	goal + feedback	127	50	0.06591819892473143
1109	goal + feedback	127	100	0.09270953225806482
1109	goal + feedback	127	150	0.12702569892473145
1109	goal + feedback	127	200	0.17212536559139804
1109	goal + feedback	127	250	0.20046536559139802
1109	goal + feedback	127	300	0.20746669892473135
1109	goal + feedback	127	350	0.22246569892473142
1109	goal + feedback	127	400	0.24881536559139814
1109	goal + feedback	127	450	0.31647136559139805
1109	goal + feedback	127	500	0.22982753225806474
1109	goal + feedback	127	550	0.23963969892473144
1109	goal + feedback	127	600	0.18639219892473138
1109	goal + feedback	127	650	0.20517819892473144
1109	goal + feedback	127	700	0.14478736559139804
1109	goal + feedback	127	750	0.1327070322580647
1109	goal + feedback	127	800	0.08537719892473132
1109	goal + feedback	127	850	0.10304053225806468
1109	goal + feedback	127	900	0.08804386559139814
1109	goal + feedback	127	950	0.05583603225806474
1109	goal + feedback	127	1e3	0.038222365591397946
1109	goal + feedback	127	1050	0.02625069892473131
1109	goal + feedback	127	1100	0.017887865591398027
1109	goal + feedback	127	1150	0.0875463655913981
1109	goal + feedback	129	-200	0.04131090322580645
1109	goal + feedback	129	-150	0.029696903225806388
1109	goal + feedback	129	-100	-0.007094763440860241
1109	goal + feedback	129	-50	-0.03236926344086025
1109	goal + feedback	129	0	-0.038428930107526904
1109	goal + feedback	129	50	-0.054359263440860284
1109	goal + feedback	129	100	-0.05413059677419363
1109	goal + feedback	129	150	-0.05954893010752701
1109	goal + feedback	129	200	-0.04115693010752697
1109	goal + feedback	129	250	-0.05017843010752691
1109	goal + feedback	129	300	-0.0416310967741936
1109	goal + feedback	129	350	-0.042026763440860204
1109	goal + feedback	129	400	-0.04810693010752698
1109	goal + feedback	129	450	-0.036150930107526826
1109	goal + feedback	129	500	-0.03449376344086027
1109	goal + feedback	129	550	-0.03149893010752695
1109	goal + feedback	129	600	-0.017010596774193514
1109	goal + feedback	129	650	0.015372569892473079
1109	goal + feedback	129	700	-0.018245930107526915
1109	goal + feedback	129	750	-0.052451763440860256
1109	goal + feedback	129	800	-0.07072509677419363
1109	goal + feedback	129	850	-0.10284343010752701
1109	goal + feedback	129	900	-0.11144676344086024
1109	goal + feedback	129	950	-0.09383693010752696
1109	goal + feedback	129	1e3	-0.08123393010752696
1109	goal + feedback	129	1050	-0.053168096774193506
1109	goal + feedback	129	1100	-0.03228609677419373
1109	goal + feedback	129	1150	-0.23716609677419376
1109	goal + feedback	130	-200	-0.008356366666666762
1109	goal + feedback	130	-150	0.0010792999999999313
1109	goal + feedback	130	-100	-0.002042200000000068
1109	goal + feedback	130	-50	0.0074966333333332065
1109	goal + feedback	130	0	0.0018226333333332494
1109	goal + feedback	130	50	0.026712299999999873
1109	goal + feedback	130	100	0.03754896666666663
1109	goal + feedback	130	150	0.06612179999999983
1109	goal + feedback	130	200	0.10871196666666649
1109	goal + feedback	130	250	0.15053129999999992
1109	goal + feedback	130	300	0.17621879999999993
1109	goal + feedback	130	350	0.21335263333333324
1109	goal + feedback	130	400	0.22268779999999988
1109	goal + feedback	130	450	0.26287213333333326
1109	goal + feedback	130	500	0.25442896666666653
1109	goal + feedback	130	550	0.2834739666666666
1109	goal + feedback	130	600	0.2814196333333332
1109	goal + feedback	130	650	0.21003329999999987
1109	goal + feedback	130	700	0.15240429999999985
1109	goal + feedback	130	750	0.11619113333333313
1109	goal + feedback	130	800	0.10814963333333323
1109	goal + feedback	130	850	0.09202646666666651
1109	goal + feedback	130	900	NA
1109	goal + feedback	130	950	NA
1109	goal + feedback	130	1e3	NA
1109	goal + feedback	130	1050	NA
1109	goal + feedback	130	1100	NA
1109	goal + feedback	130	1150	0.25367380000000006
1109	goal + feedback	131	-200	0.024924933333333454
1109	goal + feedback	131	-150	0.03010410000000004
1109	goal + feedback	131	-100	0.010197766666666755
1109	goal + feedback	131	-50	-0.01694373333333325
1109	goal + feedback	131	0	-0.04828306666666656
1109	goal + feedback	131	50	-0.06541206666666659
1109	goal + feedback	131	100	-0.06402789999999985
1109	goal + feedback	131	150	-0.04520423333333327
1109	goal + feedback	131	200	-0.0611932333333333
1109	goal + feedback	131	250	-0.04365639999999985
1109	goal + feedback	131	300	-0.04467973333333323
1109	goal + feedback	131	350	-0.06094806666666649
1109	goal + feedback	131	400	-0.0593444
1109	goal + feedback	131	450	-0.04037356666666662
1109	goal + feedback	131	500	-0.04235189999999989
1109	goal + feedback	131	550	-0.051643566666666585
1109	goal + feedback	131	600	-0.04218723333333322
1109	goal + feedback	131	650	-0.03802773333333335
1109	goal + feedback	131	700	-0.04715589999999992
1109	goal + feedback	131	750	-0.05227956666666652
1109	goal + feedback	131	800	-0.04063623333333329
1109	goal + feedback	131	850	-0.05619490000000001
1109	goal + feedback	131	900	-0.0674447333333333
1109	goal + feedback	131	950	-0.039470399999999906
1109	goal + feedback	131	1e3	-0.05977206666666657
1109	goal + feedback	131	1050	-0.0253730666666665
1109	goal + feedback	131	1100	NA
1109	goal + feedback	131	1150	NA
1109	goal + feedback	132	-200	7.171981566819673e-4
1109	goal + feedback	132	-150	-0.002311182795698974
1109	goal + feedback	132	-100	-0.008825682795698953
1109	goal + feedback	132	-50	-0.001459016129032283
1109	goal + feedback	132	0	0.011759150537634358
1109	goal + feedback	132	50	-0.001707516129032231
1109	goal + feedback	132	100	-0.00894901612903228
1109	goal + feedback	132	150	-0.011699182795698926
1109	goal + feedback	132	200	-0.004778016129032281
1109	goal + feedback	132	250	-0.002945682795698993
1109	goal + feedback	132	300	0.008694483870967792
1109	goal + feedback	132	350	-0.007946016129032266
1109	goal + feedback	132	400	0.032818317204300985
1109	goal + feedback	132	450	0.03646815053763445
1109	goal + feedback	132	500	0.07434165053763442
1109	goal + feedback	132	550	0.0954671505376344
1109	goal + feedback	132	600	0.09811731720430106
1109	goal + feedback	132	650	0.13163448387096777
1109	goal + feedback	132	700	NA
1109	goal + feedback	132	750	NA
1109	goal + feedback	132	800	NA
1109	goal + feedback	132	850	-0.08988018279569883
1109	goal + feedback	132	900	0.0892743172043009
1109	goal + feedback	132	950	0.13224881720430096
1109	goal + feedback	132	1e3	0.11216465053763436
1109	goal + feedback	132	1050	0.09869715053763439
1109	goal + feedback	132	1100	0.11456881720430112
1109	goal + feedback	132	1150	0.14221248387096766
1109	goal + feedback	133	-200	0.024429110599078246
1109	goal + feedback	133	-150	0.009076467741935415
1109	goal + feedback	133	-100	-0.005178032258064717
1109	goal + feedback	133	-50	-0.019110865591397925
1109	goal + feedback	133	0	-0.013288198924731246
1109	goal + feedback	133	50	-0.024813365591397945
1109	goal + feedback	133	100	-0.01127653225806465
1109	goal + feedback	133	150	-0.057081698924731285
1109	goal + feedback	133	200	-0.05508019892473137
1109	goal + feedback	133	250	-0.07876336559139803
1109	goal + feedback	133	300	-0.07507919892473125
1109	goal + feedback	133	350	-0.054281365591397845
1109	goal + feedback	133	400	-0.04396636559139807
1109	goal + feedback	133	450	-0.02703869892473132
1109	goal + feedback	133	500	0.01933346774193545
1109	goal + feedback	133	550	0.05720596774193535
1109	goal + feedback	133	600	0.06872230107526867
1109	goal + feedback	133	650	0.054393134408602016
1109	goal + feedback	133	700	0.0022723010752686936
1109	goal + feedback	133	750	-0.05268586559139806
1109	goal + feedback	133	800	-0.07979569892473133
1109	goal + feedback	133	850	-0.10864236559139795
1109	goal + feedback	133	900	-0.1104670322580646
1109	goal + feedback	133	950	-0.12100786559139805
1109	goal + feedback	133	1e3	-0.10605886559139795
1109	goal + feedback	133	1050	-0.10215036559139794
1109	goal + feedback	133	1100	-0.060197698924731334
1109	goal + feedback	133	1150	NA
1109	goal + feedback	134	-200	0.04988631797235036
1109	goal + feedback	134	-150	0.03100769892473143
1109	goal + feedback	134	-100	-0.006205134408602042
1109	goal + feedback	134	-50	-0.032990467741935335
1109	goal + feedback	134	0	-0.050012801075268655
1109	goal + feedback	134	50	-0.051819134408602086
1109	goal + feedback	134	100	-0.06121946774193532
1109	goal + feedback	134	150	-0.06873196774193528
1109	goal + feedback	134	200	-0.07600463440860199
1109	goal + feedback	134	250	-0.09308896774193531
1109	goal + feedback	134	300	-0.089448634408602
1109	goal + feedback	134	350	-0.09476063440860205
1109	goal + feedback	134	400	-0.08614430107526871
1109	goal + feedback	134	450	-0.05918096774193534
1109	goal + feedback	134	500	-0.030746801075268653
1109	goal + feedback	134	550	-0.015028634408601915
1109	goal + feedback	134	600	0.015204532258064654
1109	goal + feedback	134	650	0.025133198924731426
1109	goal + feedback	134	700	0.019288365591398016
1109	goal + feedback	134	750	-0.01393980107526871
1109	goal + feedback	134	800	0.014523698924731487
1109	goal + feedback	134	850	NA
1109	goal + feedback	134	900	NA
1109	goal + feedback	134	950	NA
1109	goal + feedback	134	1e3	NA
1109	goal + feedback	134	1050	NA
1109	goal + feedback	134	1100	NA
1109	goal + feedback	134	1150	NA
1109	goal + feedback	135	-200	0.03137423333333341
1109	goal + feedback	135	-150	0.003452900000000018
1109	goal + feedback	135	-100	-0.0013876000000000073
1109	goal + feedback	135	-50	-0.014162599999999914
1109	goal + feedback	135	0	-0.01927693333333343
1109	goal + feedback	135	50	-0.028993266666666722
1109	goal + feedback	135	100	-0.04198960000000004
1109	goal + feedback	135	150	-0.023567600000000022
1109	goal + feedback	135	200	-0.04384410000000013
1109	goal + feedback	135	250	-0.021595766666666627
1109	goal + feedback	135	300	-0.015446433333333362
1109	goal + feedback	135	350	-0.005452100000000071
1109	goal + feedback	135	400	0.013576066666666664
1109	goal + feedback	135	450	0.03998390000000004
1109	goal + feedback	135	500	0.06466623333333328
1109	goal + feedback	135	550	0.10571894761904765
1109	goal + feedback	135	600	0.14469123333333328
1109	goal + feedback	135	650	0.15057223333333333
1109	goal + feedback	135	700	0.1683260666666666
1109	goal + feedback	135	750	0.14572240000000006
1109	goal + feedback	135	800	0.12407906666666668
1109	goal + feedback	135	850	0.13176623333333337
1109	goal + feedback	135	900	NA
1109	goal + feedback	135	950	NA
1109	goal + feedback	135	1e3	NA
1109	goal + feedback	135	1050	NA
1109	goal + feedback	135	1100	0.1449394833333334
1109	goal + feedback	135	1150	0.2676409
1109	goal + feedback	136	-200	0.02706406912442397
1109	goal + feedback	136	-150	0.012547021505376307
1109	goal + feedback	136	-100	-0.003177145161290381
1109	goal + feedback	136	-50	-0.01665897849462361
1109	goal + feedback	136	0	-0.024285645161290354
1109	goal + feedback	136	50	-0.03010981182795695
1109	goal + feedback	136	100	-0.021657478494623666
1109	goal + feedback	136	150	-0.025761311827957007
1109	goal + feedback	136	200	-0.00742797849462377
1109	goal + feedback	136	250	-0.014363478494623605
1109	goal + feedback	136	300	-0.00626747849462365
1109	goal + feedback	136	350	-0.004107145161290256
1109	goal + feedback	136	400	-0.005718811827956971
1109	goal + feedback	136	450	-0.0016673118279570225
1109	goal + feedback	136	500	0.026702354838709603
1109	goal + feedback	136	550	0.06292835483870977
1109	goal + feedback	136	600	0.08098868817204297
1109	goal + feedback	136	650	0.08322602150537639
1109	goal + feedback	136	700	0.09652218817204299
1109	goal + feedback	136	750	0.08438985483870957
1109	goal + feedback	136	800	0.07570002150537632
1109	goal + feedback	136	850	0.058273188172043
1109	goal + feedback	136	900	0.05747052150537635
1109	goal + feedback	136	950	0.060941354838709584
1109	goal + feedback	136	1e3	0.06618202150537633
1109	goal + feedback	136	1050	0.07477252150537635
1109	goal + feedback	136	1100	0.11344135483870987
1109	goal + feedback	136	1150	NA
1109	goal + feedback	137	-200	-0.05762792626728107
1109	goal + feedback	137	-150	-0.020675854838709595
1109	goal + feedback	137	-100	0.003547978494623664
1109	goal + feedback	137	-50	0.03448064516129031
1109	goal + feedback	137	0	0.04987981182795709
1109	goal + feedback	137	50	0.087346811827957
1109	goal + feedback	137	100	0.08014547849462368
1109	goal + feedback	137	150	0.07107697849462362
1109	goal + feedback	137	200	0.045359478494623705
1109	goal + feedback	137	250	0.03653997849462357
1109	goal + feedback	137	300	0.02863114516129032
1109	goal + feedback	137	350	0.03653914516129042
1109	goal + feedback	137	400	-0.019344188172043014
1109	goal + feedback	137	450	-0.01817468817204304
1109	goal + feedback	137	500	-0.04850035483870966
1109	goal + feedback	137	550	-0.029462854838709623
1109	goal + feedback	137	600	0.010408811827957054
1109	goal + feedback	137	650	0.010412978494623637
1109	goal + feedback	137	700	0.020937311827956922
1109	goal + feedback	137	750	0.0468849784946237
1109	goal + feedback	137	800	0.06262047849462367
1109	goal + feedback	137	850	0.004320895161290417
1109	goal + feedback	137	900	NA
1109	goal + feedback	137	950	NA
1109	goal + feedback	137	1e3	NA
1109	goal + feedback	137	1050	-0.1609363548387095
1109	goal + feedback	137	1100	0.07773524516129031
1109	goal + feedback	137	1150	0.11235197849462371
1109	goal + feedback	138	-200	0.002014733333333426
1109	goal + feedback	138	-150	-0.007389933333333228
1109	goal + feedback	138	-100	-0.0015549333333333415
1109	goal + feedback	138	-50	0.0028192333333333743
1109	goal + feedback	138	0	0.004110899999999991
1109	goal + feedback	138	50	0.020592233333333338
1109	goal + feedback	138	100	0.02842940000000005
1109	goal + feedback	138	150	0.052178066666666835
1109	goal + feedback	138	200	0.05249423333333336
1109	goal + feedback	138	250	0.08236623333333341
1109	goal + feedback	138	300	0.10020823333333333
1109	goal + feedback	138	350	0.1103239000000001
1109	goal + feedback	138	400	0.1318475666666666
1109	goal + feedback	138	450	0.1309840666666667
1109	goal + feedback	138	500	0.14180873333333333
1109	goal + feedback	138	550	0.16356606666666673
1109	goal + feedback	138	600	0.14307223333333333
1109	goal + feedback	138	650	0.15656656666666677
1109	goal + feedback	138	700	0.12487740000000014
1109	goal + feedback	138	750	0.10008073333333341
1109	goal + feedback	138	800	0.0911959000000001
1109	goal + feedback	138	850	0.07668540000000006
1109	goal + feedback	138	900	0.053437733333333425
1109	goal + feedback	138	950	0.0345884
1109	goal + feedback	138	1e3	0.05464756666666674
1109	goal + feedback	138	1050	0.07102073333333332
1109	goal + feedback	138	1100	0.05814656666666673
1109	goal + feedback	138	1150	0.07231039999999996
1109	goal + feedback	139	-200	-0.011446299539170328
1109	goal + feedback	139	-150	0.016444129032258264
1109	goal + feedback	139	-100	-3.5520430107497763e-4
1109	goal + feedback	139	-50	-0.00425537096774183
1109	goal + feedback	139	0	0.0015204623655916312
1109	goal + feedback	139	50	0.004542795698925017
1109	goal + feedback	139	100	0.005636795698924946
1109	goal + feedback	139	150	0.004130462365591632
1109	goal + feedback	139	200	-0.00525737096774163
1109	goal + feedback	139	250	-0.01578737096774178
1109	goal + feedback	139	300	-0.036545537634408376
1109	goal + feedback	139	350	-0.02677520430107509
1109	goal + feedback	139	400	-0.04081437096774169
1109	goal + feedback	139	450	-0.03263603763440844
1109	goal + feedback	139	500	9.17629032258338e-4
1109	goal + feedback	139	550	0.0019064623655915547
1109	goal + feedback	139	600	0.029970129032258264
1109	goal + feedback	139	650	0.08065487903225821
1109	goal + feedback	139	700	NA
1109	goal + feedback	139	750	NA
1109	goal + feedback	139	800	NA
1109	goal + feedback	139	850	-0.2385273709677418
1109	goal + feedback	139	900	-0.004580870967741846
1109	goal + feedback	139	950	0.04236796236559156
1109	goal + feedback	139	1e3	0.061051129032258254
1109	goal + feedback	139	1050	0.06533912903225825
1109	goal + feedback	139	1100	0.0746794623655916
1109	goal + feedback	139	1150	0.04512529569892498
1109	goal + feedback	140	-200	-0.02739003225806456
1109	goal + feedback	140	-150	0.023189634408602
1109	goal + feedback	140	-100	0.02924563440860199
1109	goal + feedback	140	-50	0.02368663440860212
1109	goal + feedback	140	0	-0.044166865591397896
1109	goal + feedback	140	50	-0.10900436559139799
1109	goal + feedback	140	100	-0.16924803225806465
1109	goal + feedback	140	150	-0.19202903225806467
1109	goal + feedback	140	200	-0.2031666989247313
1109	goal + feedback	140	250	-0.1979321989247312
1109	goal + feedback	140	300	-0.17106319892473132
1109	goal + feedback	140	350	-0.188213365591398
1109	goal + feedback	140	400	-0.16524919892473133
1109	goal + feedback	140	450	-0.15552619892473132
1109	goal + feedback	140	500	-0.14550436559139798
1109	goal + feedback	140	550	-0.13042886559139802
1109	goal + feedback	140	600	-0.11881369892473133
1109	goal + feedback	140	650	-0.09658386559139798
1109	goal + feedback	140	700	-0.089216365591398
1109	goal + feedback	140	750	-0.11119136559139801
1109	goal + feedback	140	800	-0.1375715322580647
1109	goal + feedback	140	850	-0.15762486559139796
1109	goal + feedback	140	900	-0.16608486559139793
1109	goal + feedback	140	950	-0.19627419892473133
1109	goal + feedback	140	1e3	-0.20240953225806466
1109	goal + feedback	140	1050	-0.22068269892473133
1109	goal + feedback	140	1100	-0.20616786559139796
1109	goal + feedback	140	1150	-0.2163728655913979
