Subject	condition	TrialId	bin	pupil_change
972	goal + feedback	1	-200	-0.051640451612903364
972	goal + feedback	1	-150	0.015896381720429915
972	goal + feedback	1	-100	0.02763921505376336
972	goal + feedback	1	-50	-0.006699118279569927
972	goal + feedback	1	0	0.02341071505376339
972	goal + feedback	1	50	0.034306381720429956
972	goal + feedback	1	100	0.03521271505376333
972	goal + feedback	1	150	0.016258048387096657
972	goal + feedback	1	200	0.038023715053763306
972	goal + feedback	1	250	0.07147671505376325
972	goal + feedback	1	300	0.06703588172042989
972	goal + feedback	1	350	0.11952471505376334
972	goal + feedback	1	400	0.04838954838709664
972	goal + feedback	1	450	0.07734321505376333
972	goal + feedback	1	500	0.1765707150537633
972	goal + feedback	1	550	0.21001321505376333
972	goal + feedback	1	600	NA
972	goal + feedback	1	650	NA
972	goal + feedback	1	700	NA
972	goal + feedback	1	750	NA
972	goal + feedback	1	800	NA
972	goal + feedback	1	850	NA
972	goal + feedback	1	900	0.08313888172042994
972	goal + feedback	1	950	0.12483238172042999
972	goal + feedback	1	1e3	0.39350704838709666
972	goal + feedback	1	1050	0.40756188172043
972	goal + feedback	1	1100	0.48463254838709663
972	goal + feedback	1	1150	0.48755938172043
972	goal + feedback	2	-200	0.02330176666666676
972	goal + feedback	2	-150	0.006388600000000115
972	goal + feedback	2	-100	-0.0026362333333332564
972	goal + feedback	2	-50	-0.019877066666666554
972	goal + feedback	2	0	-0.0071770666666666205
972	goal + feedback	2	50	0.005411433333333271
972	goal + feedback	2	100	0.015483766666666732
972	goal + feedback	2	150	0.02188210000000009
972	goal + feedback	2	200	0.010017433333333381
972	goal + feedback	2	250	0.04164259999999994
972	goal + feedback	2	300	0.003492433333333341
972	goal + feedback	2	350	-0.03979739999999987
972	goal + feedback	2	400	0.03126010000000005
972	goal + feedback	2	450	0.0156424333333333
972	goal + feedback	2	500	0.04138443333333338
972	goal + feedback	2	550	0.011856516666666761
972	goal + feedback	2	600	NA
972	goal + feedback	2	650	NA
972	goal + feedback	2	700	0.057905766666666914
972	goal + feedback	2	750	0.16582776666666668
972	goal + feedback	2	800	0.1534396000000001
972	goal + feedback	2	850	0.11756910000000002
972	goal + feedback	2	900	0.13847460000000003
972	goal + feedback	2	950	0.1401636238095239
972	goal + feedback	2	1e3	0.1701674333333334
972	goal + feedback	2	1050	0.10747943333333339
972	goal + feedback	2	1100	0.010308600000000038
972	goal + feedback	2	1150	-0.053863400000000006
972	goal + feedback	3	-200	0.04044829999999985
972	goal + feedback	3	-150	0.021640299999999835
972	goal + feedback	3	-100	-0.006308533333333551
972	goal + feedback	3	-50	-0.017918200000000144
972	goal + feedback	3	0	-0.0378618666666668
972	goal + feedback	3	50	-0.05932720000000017
972	goal + feedback	3	100	-0.055623533333333475
972	goal + feedback	3	150	-0.06823403333333355
972	goal + feedback	3	200	-0.0689342000000001
972	goal + feedback	3	250	-0.06659153333333356
972	goal + feedback	3	300	-0.05934236666666681
972	goal + feedback	3	350	-0.05481486666666672
972	goal + feedback	3	400	-0.06412553333333348
972	goal + feedback	3	450	-0.03189805714285735
972	goal + feedback	3	500	0.005597466666666495
972	goal + feedback	3	550	0.020107799999999898
972	goal + feedback	3	600	-0.006675200000000103
972	goal + feedback	3	650	NA
972	goal + feedback	3	700	NA
972	goal + feedback	3	750	NA
972	goal + feedback	3	800	NA
972	goal + feedback	3	850	NA
972	goal + feedback	3	900	NA
972	goal + feedback	3	950	NA
972	goal + feedback	3	1e3	NA
972	goal + feedback	3	1050	NA
972	goal + feedback	3	1100	0.24008279999999985
972	goal + feedback	3	1150	0.3576820857142855
972	goal + feedback	4	-200	0.0025682672811059453
972	goal + feedback	4	-150	0.009190172043010683
972	goal + feedback	4	-100	-0.0021776612903225967
972	goal + feedback	4	-50	-0.0017553279569892204
972	goal + feedback	4	0	-0.008253494623655952
972	goal + feedback	4	50	-0.02927182795698931
972	goal + feedback	4	100	-0.03963049462365601
972	goal + feedback	4	150	-0.04255566129032262
972	goal + feedback	4	200	-0.050743161290322636
972	goal + feedback	4	250	-0.059276494623655994
972	goal + feedback	4	300	-0.04240899462365603
972	goal + feedback	4	350	-0.027155327956989234
972	goal + feedback	4	400	-0.027553661290322662
972	goal + feedback	4	450	0.02435083870967743
972	goal + feedback	4	500	0.044760005376344024
972	goal + feedback	4	550	0.06685433870967732
972	goal + feedback	4	600	NA
972	goal + feedback	4	650	NA
972	goal + feedback	4	700	NA
972	goal + feedback	4	750	NA
972	goal + feedback	4	800	NA
972	goal + feedback	4	850	NA
972	goal + feedback	4	900	NA
972	goal + feedback	4	950	NA
972	goal + feedback	4	1e3	NA
972	goal + feedback	4	1050	-0.22473949462365583
972	goal + feedback	4	1100	-0.09622966129032262
972	goal + feedback	4	1150	0.02059533870967741
972	goal + feedback	5	-200	0.017764400921659096
972	goal + feedback	5	-150	0.030121424731182955
972	goal + feedback	5	-100	-0.010555075268816974
972	goal + feedback	5	-50	0.003810091397849528
972	goal + feedback	5	0	-0.04410157526881705
972	goal + feedback	5	50	-0.04436657526881708
972	goal + feedback	5	100	-0.02762357526881698
972	goal + feedback	5	150	-0.12765774193548363
972	goal + feedback	5	200	-0.06889924193548376
972	goal + feedback	5	250	-0.04962124193548364
972	goal + feedback	5	300	-0.03796207526881701
972	goal + feedback	5	350	NA
972	goal + feedback	5	400	NA
972	goal + feedback	5	450	-0.15101107526881696
972	goal + feedback	5	500	0.08197942473118291
972	goal + feedback	5	550	0.10309259139784976
972	goal + feedback	5	600	0.15833759139784967
972	goal + feedback	5	650	0.19874059139784972
972	goal + feedback	5	700	0.20569425806451624
972	goal + feedback	5	750	NA
972	goal + feedback	5	800	NA
972	goal + feedback	5	850	NA
972	goal + feedback	5	900	NA
972	goal + feedback	5	950	NA
972	goal + feedback	5	1e3	NA
972	goal + feedback	5	1050	NA
972	goal + feedback	5	1100	NA
972	goal + feedback	5	1150	NA
972	goal + feedback	6	-200	-0.057982709677419156
972	goal + feedback	6	-150	-0.029789376344085888
972	goal + feedback	6	-100	-0.002015043010752541
972	goal + feedback	6	-50	0.026332456989247504
972	goal + feedback	6	0	0.0731184569892475
972	goal + feedback	6	50	0.10858395698924757
972	goal + feedback	6	100	0.11023412365591397
972	goal + feedback	6	150	0.1351066236559141
972	goal + feedback	6	200	0.1359429569892474
972	goal + feedback	6	250	0.12271512365591415
972	goal + feedback	6	300	0.10146112365591413
972	goal + feedback	6	350	0.11653562365591423
972	goal + feedback	6	400	0.14489979032258074
972	goal + feedback	6	450	0.16193045698924755
972	goal + feedback	6	500	0.19693909032258078
972	goal + feedback	6	550	0.17308212365591405
972	goal + feedback	6	600	NA
972	goal + feedback	6	650	NA
972	goal + feedback	6	700	NA
972	goal + feedback	6	750	NA
972	goal + feedback	6	800	NA
972	goal + feedback	6	850	NA
972	goal + feedback	6	900	-0.02485870967741921
972	goal + feedback	6	950	0.11141545698924744
972	goal + feedback	6	1e3	0.37514229032258073
972	goal + feedback	6	1050	0.43187062365591405
972	goal + feedback	6	1100	0.47493679032258074
972	goal + feedback	6	1150	0.5056242903225808
972	goal + feedback	7	-200	-0.002482497695852689
972	goal + feedback	7	-150	0.01301431182795687
972	goal + feedback	7	-100	-0.019217521505376627
972	goal + feedback	7	-50	0.0058649784946234185
972	goal + feedback	7	0	0.0032344784946234384
972	goal + feedback	7	50	0.0026539784946234914
972	goal + feedback	7	100	-0.005255188172043142
972	goal + feedback	7	150	0.01501164516129013
972	goal + feedback	7	200	0.02828097849462341
972	goal + feedback	7	250	0.06699581182795684
972	goal + feedback	7	300	0.07695897849462341
972	goal + feedback	7	350	0.06998481182795684
972	goal + feedback	7	400	0.0708511451612901
972	goal + feedback	7	450	0.10256181182795669
972	goal + feedback	7	500	0.08236514516129019
972	goal + feedback	7	550	0.0953260451612901
972	goal + feedback	7	600	NA
972	goal + feedback	7	650	NA
972	goal + feedback	7	700	NA
972	goal + feedback	7	750	-0.4279638548387099
972	goal + feedback	7	800	0.11373539516129016
972	goal + feedback	7	850	0.06578764516129006
972	goal + feedback	7	900	0.07695364516129015
972	goal + feedback	7	950	0.08412131182795675
972	goal + feedback	7	1e3	0.13276314516129006
972	goal + feedback	7	1050	0.1650474784946235
972	goal + feedback	7	1100	0.17621981182795676
972	goal + feedback	7	1150	0.15958331182795682
972	goal + feedback	8	-200	-0.025966884792626654
972	goal + feedback	8	-150	0.005665424731182848
972	goal + feedback	8	-100	-1.932419354838307e-4
972	goal + feedback	8	-50	0.04447409139784956
972	goal + feedback	8	0	-0.019651575268817112
972	goal + feedback	8	50	-0.009532408602150507
972	goal + feedback	8	100	-0.0109525752688171
972	goal + feedback	8	150	-0.013666575268817205
972	goal + feedback	8	200	0.0074105913978494975
972	goal + feedback	8	250	0.01683992473118286
972	goal + feedback	8	300	-0.040820575268817105
972	goal + feedback	8	350	0.010383258064516232
972	goal + feedback	8	400	0.02584975806451621
972	goal + feedback	8	450	0.09062075806451612
972	goal + feedback	8	500	0.11668025806451617
972	goal + feedback	8	550	0.12808825806451618
972	goal + feedback	8	600	0.09315125806451618
972	goal + feedback	8	650	NA
972	goal + feedback	8	700	NA
972	goal + feedback	8	750	NA
972	goal + feedback	8	800	NA
972	goal + feedback	8	850	NA
972	goal + feedback	8	900	NA
972	goal + feedback	8	950	NA
972	goal + feedback	8	1e3	-0.22342124193548396
972	goal + feedback	8	1050	-0.0778192419354838
972	goal + feedback	8	1100	0.08695792473118276
972	goal + feedback	8	1150	0.12907409139784956
972	goal + feedback	9	-200	-0.0360618479262671
972	goal + feedback	9	-150	-0.024570919354838534
972	goal + feedback	9	-100	6.537473118281382e-4
972	goal + feedback	9	-50	0.03633608064516151
972	goal + feedback	9	0	0.02965324731182813
972	goal + feedback	9	50	0.03246841397849476
972	goal + feedback	9	100	0.059154247311828057
972	goal + feedback	9	150	0.09961441397849476
972	goal + feedback	9	200	0.12947424731182808
972	goal + feedback	9	250	0.10048591397849482
972	goal + feedback	9	300	0.08790141397849467
972	goal + feedback	9	350	0.03280974731182814
972	goal + feedback	9	400	0.015097913978494729
972	goal + feedback	9	450	0.009706747311828115
972	goal + feedback	9	500	0.014932413978494688
972	goal + feedback	9	550	-0.006576752688171854
972	goal + feedback	9	600	NA
972	goal + feedback	9	650	NA
972	goal + feedback	9	700	NA
972	goal + feedback	9	750	NA
972	goal + feedback	9	800	NA
972	goal + feedback	9	850	NA
972	goal + feedback	9	900	-0.17692461935483852
972	goal + feedback	9	950	-0.1948884193548385
972	goal + feedback	9	1e3	0.11410238064516154
972	goal + feedback	9	1050	0.16849424731182813
972	goal + feedback	9	1100	0.2315174139784948
972	goal + feedback	9	1150	0.23822691397849463
972	goal + feedback	10	-200	-0.03791248847926264
972	goal + feedback	10	-150	-0.014869774193548254
972	goal + feedback	10	-100	-0.0043302741935483295
972	goal + feedback	10	-50	0.02146105913978495
972	goal + feedback	10	0	0.041970225806451676
972	goal + feedback	10	50	0.05074239247311829
972	goal + feedback	10	100	0.06058539247311834
972	goal + feedback	10	150	0.04952689247311833
972	goal + feedback	10	200	0.06804455913978491
972	goal + feedback	10	250	0.07683755913978503
972	goal + feedback	10	300	0.09203655913978492
972	goal + feedback	10	350	0.08277205913978498
972	goal + feedback	10	400	0.13556072580645165
972	goal + feedback	10	450	0.13865739247311826
972	goal + feedback	10	500	0.15096789247311823
972	goal + feedback	10	550	0.162125559139785
972	goal + feedback	10	600	0.19115422580645167
972	goal + feedback	10	650	0.20015922580645165
972	goal + feedback	10	700	0.22475722580645155
972	goal + feedback	10	750	0.1351982258064517
972	goal + feedback	10	800	NA
972	goal + feedback	10	850	NA
972	goal + feedback	10	900	0.2799685591397851
972	goal + feedback	10	950	0.1915013924731183
972	goal + feedback	10	1e3	0.17023239247311817
972	goal + feedback	10	1050	0.19320355913978501
972	goal + feedback	10	1100	0.2394783924731183
972	goal + feedback	10	1150	0.23225905913978498
972	goal + feedback	12	-200	-0.04198572811059912
972	goal + feedback	12	-150	-0.023823704301075388
972	goal + feedback	12	-100	-0.017686037634408642
972	goal + feedback	12	-50	0.034711629032257996
972	goal + feedback	12	0	0.05578146236559123
972	goal + feedback	12	50	0.06275612903225795
972	goal + feedback	12	100	0.06444829569892467
972	goal + feedback	12	150	0.07196612903225803
972	goal + feedback	12	200	0.057791629032257985
972	goal + feedback	12	250	0.06755379569892465
972	goal + feedback	12	300	0.07674796236559134
972	goal + feedback	12	350	0.06971279569892468
972	goal + feedback	12	400	0.08429812903225797
972	goal + feedback	12	450	0.08906396236559133
972	goal + feedback	12	500	0.13476979569892458
972	goal + feedback	12	550	0.18941479569892464
972	goal + feedback	12	600	0.16800429569892458
972	goal + feedback	12	650	0.14213029569892469
972	goal + feedback	12	700	NA
972	goal + feedback	12	750	NA
972	goal + feedback	12	800	NA
972	goal + feedback	12	850	NA
972	goal + feedback	12	900	-0.035772370967741995
972	goal + feedback	12	950	-0.09445147096774206
972	goal + feedback	12	1e3	-0.07254437096774195
972	goal + feedback	12	1050	-0.08406353763440862
972	goal + feedback	12	1100	0.06619612903225804
972	goal + feedback	12	1150	0.2715067956989246
972	goal + feedback	13	-200	0.0540554838709677
972	goal + feedback	13	-150	0.008384483870967685
972	goal + feedback	13	-100	0.017114650537634352
972	goal + feedback	13	-50	-0.039601016129032184
972	goal + feedback	13	0	-0.048962849462365586
972	goal + feedback	13	50	-0.09262718279569904
972	goal + feedback	13	100	-0.11028518279569899
972	goal + feedback	13	150	-0.16374151612903232
972	goal + feedback	13	200	-0.19045801612903226
972	goal + feedback	13	250	-0.22468901612903225
972	goal + feedback	13	300	-0.2749583494623656
972	goal + feedback	13	350	-0.3085835161290323
972	goal + feedback	13	400	NA
972	goal + feedback	13	450	-0.8375565161290321
972	goal + feedback	13	500	-0.2972186827956989
972	goal + feedback	13	550	-0.2553598494623655
972	goal + feedback	13	600	-0.21880084946236567
972	goal + feedback	13	650	-0.16728951612903234
972	goal + feedback	13	700	-0.14984218279569905
972	goal + feedback	13	750	NA
972	goal + feedback	13	800	NA
972	goal + feedback	13	850	NA
972	goal + feedback	13	900	NA
972	goal + feedback	13	950	NA
972	goal + feedback	13	1e3	NA
972	goal + feedback	13	1050	NA
972	goal + feedback	13	1100	NA
972	goal + feedback	13	1150	-0.1271905161290321
972	goal + feedback	14	-200	-0.1069316086956521
972	goal + feedback	14	-150	-0.276779608695652
972	goal + feedback	14	-100	0.04813572463768123
972	goal + feedback	14	-50	0.015222557971014647
972	goal + feedback	14	0	0.05405939130434797
972	goal + feedback	14	50	0.08731872463768127
972	goal + feedback	14	100	0.0629678913043481
972	goal + feedback	14	150	NA
972	goal + feedback	14	200	-0.14361560869565215
972	goal + feedback	14	250	0.026664891304347977
972	goal + feedback	14	300	-0.05492444202898539
972	goal + feedback	14	350	-0.09415194202898543
972	goal + feedback	14	400	-0.11905794202898538
972	goal + feedback	14	450	-0.14452110869565207
972	goal + feedback	14	500	-0.14694610869565197
972	goal + feedback	14	550	-0.1383842753623187
972	goal + feedback	14	600	-0.09621177536231877
972	goal + feedback	14	650	-0.07334744202898531
972	goal + feedback	14	700	-0.03155810869565201
972	goal + feedback	14	750	-0.06962360869565201
972	goal + feedback	14	800	NA
972	goal + feedback	14	850	NA
972	goal + feedback	14	900	NA
972	goal + feedback	14	950	NA
972	goal + feedback	14	1e3	-0.16697110869565202
972	goal + feedback	14	1050	0.023473724637681343
972	goal + feedback	14	1100	-0.016318275362318706
972	goal + feedback	14	1150	0.012376391304347978
972	goal + feedback	15	-200	-0.009257082949308668
972	goal + feedback	15	-150	-0.005484059139784965
972	goal + feedback	15	-100	-0.004659725806451576
972	goal + feedback	15	-50	-0.007147059139784935
972	goal + feedback	15	0	0.02809077419354833
972	goal + feedback	15	50	0.005268107526881671
972	goal + feedback	15	100	0.006010774193548378
972	goal + feedback	15	150	0.007370274193548483
972	goal + feedback	15	200	0.01957010752688178
972	goal + feedback	15	250	-0.01138472580645152
972	goal + feedback	15	300	0.010951274193548391
972	goal + feedback	15	350	0.01449644086021514
972	goal + feedback	15	400	0.03788844086021507
972	goal + feedback	15	450	0.047549107526881684
972	goal + feedback	15	500	0.08166577419354833
972	goal + feedback	15	550	0.10584894086021508
972	goal + feedback	15	600	0.15207077419354853
972	goal + feedback	15	650	NA
972	goal + feedback	15	700	NA
972	goal + feedback	15	750	NA
972	goal + feedback	15	800	NA
972	goal + feedback	15	850	NA
972	goal + feedback	15	900	NA
972	goal + feedback	15	950	NA
972	goal + feedback	15	1e3	NA
972	goal + feedback	15	1050	0.3170297741935486
972	goal + feedback	15	1100	0.27426002419354845
972	goal + feedback	15	1150	0.22701294086021506
972	goal + feedback	16	-200	-0.014181566666666479
972	goal + feedback	16	-150	-0.0017555666666665044
972	goal + feedback	16	-100	0.0042177666666667335
972	goal + feedback	16	-50	0.005303600000000112
972	goal + feedback	16	0	0.006415766666666804
972	goal + feedback	16	50	0.01102193333333353
972	goal + feedback	16	100	0.009518266666666811
972	goal + feedback	16	150	0.011312100000000122
972	goal + feedback	16	200	-0.00583373333333322
972	goal + feedback	16	250	-0.00497906666666655
972	goal + feedback	16	300	-0.04437989999999995
972	goal + feedback	16	350	NA
972	goal + feedback	16	400	NA
972	goal + feedback	16	450	NA
972	goal + feedback	16	500	NA
972	goal + feedback	16	550	-0.026443400000000006
972	goal + feedback	16	600	-0.09961018571428555
972	goal + feedback	16	650	0.05358670000000014
972	goal + feedback	16	700	0.16511510000000018
972	goal + feedback	16	750	0.18142060000000013
972	goal + feedback	16	800	0.2354444333333335
972	goal + feedback	16	850	0.18009110000000014
972	goal + feedback	16	900	0.20387160000000026
972	goal + feedback	16	950	NA
972	goal + feedback	16	1e3	NA
972	goal + feedback	16	1050	NA
972	goal + feedback	16	1100	NA
972	goal + feedback	16	1150	-0.14392629999999987
972	goal + feedback	17	-200	0.0033963548387097348
972	goal + feedback	17	-150	-0.0073813118279570196
972	goal + feedback	17	-100	0.007479521505376378
972	goal + feedback	17	-50	-0.004148978494623738
972	goal + feedback	17	0	8.835483870954046e-5
972	goal + feedback	17	50	-0.030026978494623657
972	goal + feedback	17	100	-0.013498478494623711
972	goal + feedback	17	150	-0.00826381182795699
972	goal + feedback	17	200	-0.031053978494623696
972	goal + feedback	17	250	-0.033247145161290424
972	goal + feedback	17	300	-0.039533311827956975
972	goal + feedback	17	350	-0.00579731182795699
972	goal + feedback	17	400	0.004726521505376373
972	goal + feedback	17	450	0.02627852150537624
972	goal + feedback	17	500	0.02980885483870958
972	goal + feedback	17	550	0.08637352150537625
972	goal + feedback	17	600	0.10468735483870957
972	goal + feedback	17	650	0.05380060483870963
972	goal + feedback	17	700	NA
972	goal + feedback	17	750	NA
972	goal + feedback	17	800	NA
972	goal + feedback	17	850	NA
972	goal + feedback	17	900	NA
972	goal + feedback	17	950	NA
972	goal + feedback	17	1e3	NA
972	goal + feedback	17	1050	NA
972	goal + feedback	17	1100	NA
972	goal + feedback	17	1150	NA
972	goal + feedback	18	-200	0.022783405529953806
972	goal + feedback	18	-150	0.013877381720429996
972	goal + feedback	18	-100	-0.021281784946236632
972	goal + feedback	18	-50	-0.002963784946236799
972	goal + feedback	18	0	-0.01621245161290334
972	goal + feedback	18	50	-0.026003118279569987
972	goal + feedback	18	100	-0.03460978494623671
972	goal + feedback	18	150	-0.020493618279570008
972	goal + feedback	18	200	0.0066195483870967005
972	goal + feedback	18	250	0.04042488172043002
972	goal + feedback	18	300	0.08443021505376332
972	goal + feedback	18	350	0.05409754838709668
972	goal + feedback	18	400	0.05521188172042998
972	goal + feedback	18	450	0.06399171505376344
972	goal + feedback	18	500	0.01860054838709672
972	goal + feedback	18	550	0.04267654838709669
972	goal + feedback	18	600	0.09188071505376343
972	goal + feedback	18	650	NA
972	goal + feedback	18	700	NA
972	goal + feedback	18	750	NA
972	goal + feedback	18	800	NA
972	goal + feedback	18	850	NA
972	goal + feedback	18	900	NA
972	goal + feedback	18	950	-0.19838495161290337
972	goal + feedback	18	1e3	-0.1918172849462366
972	goal + feedback	18	1050	0.13123529838709658
972	goal + feedback	18	1100	0.11508038172043007
972	goal + feedback	18	1150	0.10239288172043004
972	goal + feedback	19	-200	0.018948066666666596
972	goal + feedback	19	-150	2.242333333332495e-4
972	goal + feedback	19	-100	-0.009201266666666763
972	goal + feedback	19	-50	-0.0017867666666668836
972	goal + feedback	19	0	-0.008184266666666865
972	goal + feedback	19	50	0.03221656666666665
972	goal + feedback	19	100	-0.0029929333333333177
972	goal + feedback	19	150	0.014067566666666531
972	goal + feedback	19	200	0.03459423333333326
972	goal + feedback	19	250	0.05417339999999996
972	goal + feedback	19	300	0.0660488999999999
972	goal + feedback	19	350	0.0714028999999999
972	goal + feedback	19	400	0.09945323333333327
972	goal + feedback	19	450	0.13524423333333316
972	goal + feedback	19	500	0.17145239999999995
972	goal + feedback	19	550	0.20842389999999988
972	goal + feedback	19	600	0.10790806666666652
972	goal + feedback	19	650	NA
972	goal + feedback	19	700	NA
972	goal + feedback	19	750	NA
972	goal + feedback	19	800	NA
972	goal + feedback	19	850	NA
972	goal + feedback	19	900	0.18486606666666638
972	goal + feedback	19	950	-0.11312313333333339
972	goal + feedback	19	1e3	0.04869486666666658
972	goal + feedback	19	1050	0.1714512333333332
972	goal + feedback	19	1100	0.20622120952380943
972	goal + feedback	19	1150	0.2584722333333333
972	goal + feedback	20	-200	0.015283700000000197
972	goal + feedback	20	-150	0.009240866666666866
972	goal + feedback	20	-100	0.014469366666666724
972	goal + feedback	20	-50	-0.009057466666666588
972	goal + feedback	20	0	-0.029936466666666457
972	goal + feedback	20	50	-0.0395172999999999
972	goal + feedback	20	100	-0.047961133333333184
972	goal + feedback	20	150	-0.049541299999999934
972	goal + feedback	20	200	-0.07489313333333314
972	goal + feedback	20	250	-0.06193046666666661
972	goal + feedback	20	300	-0.036419633333333236
972	goal + feedback	20	350	-0.0025204666666666467
972	goal + feedback	20	400	0.018381533333333405
972	goal + feedback	20	450	0.021202914285714414
972	goal + feedback	20	500	0.04806286666666678
972	goal + feedback	20	550	0.07270520000000014
972	goal + feedback	20	600	0.07057819999999992
972	goal + feedback	20	650	NA
972	goal + feedback	20	700	NA
972	goal + feedback	20	750	NA
972	goal + feedback	20	800	0.08626820000000013
972	goal + feedback	20	850	-0.2607551999999999
972	goal + feedback	20	900	-0.26873759999999985
972	goal + feedback	20	950	-0.154818657142857
972	goal + feedback	20	1e3	0.006790366666666807
972	goal + feedback	20	1050	-0.009404966666666533
972	goal + feedback	20	1100	-8.024666666664645e-4
972	goal + feedback	20	1150	-0.0060227999999998465
972	goal + feedback	21	-200	0.0010316912442396614
972	goal + feedback	21	-150	-0.014277284946236554
972	goal + feedback	21	-100	0.008095548387096732
972	goal + feedback	21	-50	0.0010968817204301355
972	goal + feedback	21	0	0.003881215053763487
972	goal + feedback	21	50	0.025221881720430012
972	goal + feedback	21	100	0.0488973817204302
972	goal + feedback	21	150	0.07497754838709669
972	goal + feedback	21	200	0.08968471505376334
972	goal + feedback	21	250	0.09275254838709672
972	goal + feedback	21	300	0.09419438172043011
972	goal + feedback	21	350	0.09510038172043012
972	goal + feedback	21	400	0.11162104838709681
972	goal + feedback	21	450	0.1233397150537634
972	goal + feedback	21	500	0.15789654838709688
972	goal + feedback	21	550	0.18755238172043018
972	goal + feedback	21	600	0.22866138172043002
972	goal + feedback	21	650	0.24387338172043008
972	goal + feedback	21	700	0.2680845483870967
972	goal + feedback	21	750	NA
972	goal + feedback	21	800	NA
972	goal + feedback	21	850	NA
972	goal + feedback	21	900	0.019237548387096747
972	goal + feedback	21	950	0.01434138172043009
972	goal + feedback	21	1e3	0.13232471505376342
972	goal + feedback	21	1050	0.22936138172043016
972	goal + feedback	21	1100	0.27399038172043017
972	goal + feedback	21	1150	0.3078685483870968
972	goal + feedback	22	-200	-0.01510489999999994
972	goal + feedback	22	-150	-0.02102773333333337
972	goal + feedback	22	-100	0.0030944333333332206
972	goal + feedback	22	-50	0.010055266666666673
972	goal + feedback	22	0	0.02298293333333327
972	goal + feedback	22	50	0.06251576666666663
972	goal + feedback	22	100	-3.3840000000003495e-4
972	goal + feedback	22	150	0.06099259999999992
972	goal + feedback	22	200	0.013423766666666706
972	goal + feedback	22	250	0.03166759999999994
972	goal + feedback	22	300	0.021251099999999967
972	goal + feedback	22	350	-0.033567233333333446
972	goal + feedback	22	400	0.009687266666666675
972	goal + feedback	22	450	0.0016437666666666573
972	goal + feedback	22	500	0.02725509999999994
972	goal + feedback	22	550	0.025650766666666696
972	goal + feedback	22	600	0.047713599999999946
972	goal + feedback	22	650	0.12308443333333319
972	goal + feedback	22	700	NA
972	goal + feedback	22	750	NA
972	goal + feedback	22	800	NA
972	goal + feedback	22	850	NA
972	goal + feedback	22	900	NA
972	goal + feedback	22	950	NA
972	goal + feedback	22	1e3	NA
972	goal + feedback	22	1050	-0.03153423333333327
972	goal + feedback	22	1100	0.26433026666666665
972	goal + feedback	22	1150	0.4161723666666666
972	goal + feedback	23	-200	-0.028892304147465544
972	goal + feedback	23	-150	-0.022629161290322813
972	goal + feedback	23	-100	0.00467050537634391
972	goal + feedback	23	-50	0.025122505376343824
972	goal + feedback	23	0	0.0265438387096771
972	goal + feedback	23	50	-0.003993994623656165
972	goal + feedback	23	100	0.031929172043010524
972	goal + feedback	23	150	0.012877838709677144
972	goal + feedback	23	200	-0.0017033279569893534
972	goal + feedback	23	250	-0.025447327956989414
972	goal + feedback	23	300	0.005841172043010563
972	goal + feedback	23	350	-0.0218231612903228
972	goal + feedback	23	400	-0.0020504946236562147
972	goal + feedback	23	450	-0.022198661290322812
972	goal + feedback	23	500	-0.0204699946236561
972	goal + feedback	23	550	0.0057133387096772
972	goal + feedback	23	600	0.0748316720430106
972	goal + feedback	23	650	0.24361283870967743
972	goal + feedback	23	700	NA
972	goal + feedback	23	750	NA
972	goal + feedback	23	800	-0.18178382795698958
972	goal + feedback	23	850	-0.24190766129032282
972	goal + feedback	23	900	-0.19322999462365606
972	goal + feedback	23	950	-0.03574941129032283
972	goal + feedback	23	1e3	-0.019607494623656112
972	goal + feedback	23	1050	0.017598838709677194
972	goal + feedback	23	1100	0.05678067204301048
972	goal + feedback	23	1150	0.04341033870967729
972	goal + feedback	24	-200	0.017090894009216484
972	goal + feedback	24	-150	0.005651822580645153
972	goal + feedback	24	-100	2.086559139783765e-4
972	goal + feedback	24	-50	0.023357322580645084
972	goal + feedback	24	0	-0.049157177419355026
972	goal + feedback	24	50	-0.04180517741935493
972	goal + feedback	24	100	0.0021071559139784757
972	goal + feedback	24	150	0.06678465591397835
972	goal + feedback	24	200	0.07767998924731183
972	goal + feedback	24	250	0.10100465591397849
972	goal + feedback	24	300	0.07180082258064517
972	goal + feedback	24	350	0.058076822580645095
972	goal + feedback	24	400	0.03202982258064502
972	goal + feedback	24	450	0.011806322580645068
972	goal + feedback	24	500	0.0060087225806451094
972	goal + feedback	24	550	NA
972	goal + feedback	24	600	NA
972	goal + feedback	24	650	NA
972	goal + feedback	24	700	NA
972	goal + feedback	24	750	-0.21316117741935492
972	goal + feedback	24	800	-0.2727465345622121
972	goal + feedback	24	850	-0.12362734408602168
972	goal + feedback	24	900	-0.07507767741935505
972	goal + feedback	24	950	-0.06283684408602157
972	goal + feedback	24	1e3	-0.0627065107526883
972	goal + feedback	24	1050	-0.09100434408602161
972	goal + feedback	24	1100	-0.09510734408602158
972	goal + feedback	24	1150	-0.15700651075268826
972	goal + feedback	25	-200	-0.00965805990783394
972	goal + feedback	25	-150	0.0030528924731184257
972	goal + feedback	25	-100	0.0013847258064518808
972	goal + feedback	25	-50	-0.0035961075268816276
972	goal + feedback	25	0	0.010426225806451805
972	goal + feedback	25	50	-0.00818660752688157
972	goal + feedback	25	100	-0.007445440860214925
972	goal + feedback	25	150	-0.0020562741935482207
972	goal + feedback	25	200	-0.009863440860214956
972	goal + feedback	25	250	-0.012790774193548238
972	goal + feedback	25	300	0.013670725806451825
972	goal + feedback	25	350	0.010662392473118251
972	goal + feedback	25	400	0.019972059139785097
972	goal + feedback	25	450	0.04852822580645174
972	goal + feedback	25	500	0.07183755913978507
972	goal + feedback	25	550	0.1139757258064517
972	goal + feedback	25	600	0.1442843924731184
972	goal + feedback	25	650	0.19102589247311844
972	goal + feedback	25	700	0.23568155913978509
972	goal + feedback	25	750	0.20072647580645175
972	goal + feedback	25	800	NA
972	goal + feedback	25	850	NA
972	goal + feedback	25	900	NA
972	goal + feedback	25	950	NA
972	goal + feedback	25	1e3	NA
972	goal + feedback	25	1050	NA
972	goal + feedback	25	1100	NA
972	goal + feedback	25	1150	NA
972	goal + feedback	26	-200	-0.027893619047619174
972	goal + feedback	26	-150	-0.05845299999999994
972	goal + feedback	26	-100	NA
972	goal + feedback	26	-50	0.04727646666666674
972	goal + feedback	26	0	0.02237200000000006
972	goal + feedback	26	50	0.015994333333333294
972	goal + feedback	26	100	0.05873900000000002
972	goal + feedback	26	150	0.1228486666666666
972	goal + feedback	26	200	NA
972	goal + feedback	26	250	0.14502666666666664
972	goal + feedback	26	300	-0.045738333333333436
972	goal + feedback	26	350	-2.6166666666697463e-5
972	goal + feedback	26	400	-4.936666666665405e-4
972	goal + feedback	26	450	-0.005359833333333415
972	goal + feedback	26	500	-0.0038368333333333262
972	goal + feedback	26	550	0.026192333333333224
972	goal + feedback	26	600	0.031825666666666606
972	goal + feedback	26	650	0.07873366666666648
972	goal + feedback	26	700	NA
972	goal + feedback	26	750	NA
972	goal + feedback	26	800	NA
972	goal + feedback	26	850	NA
972	goal + feedback	26	900	NA
972	goal + feedback	26	950	NA
972	goal + feedback	26	1e3	NA
972	goal + feedback	26	1050	NA
972	goal + feedback	26	1100	NA
972	goal + feedback	26	1150	NA
972	goal + feedback	27	-200	-0.010006783410138085
972	goal + feedback	27	-150	0.005461811827957168
972	goal + feedback	27	-100	-9.363548387094264e-4
972	goal + feedback	27	-50	0.011352645161290567
972	goal + feedback	27	0	-0.0042035215053760995
972	goal + feedback	27	50	-0.0053790215053760955
972	goal + feedback	27	100	-0.014295521505376088
972	goal + feedback	27	150	-0.02171102150537611
972	goal + feedback	27	200	-0.036646354838709407
972	goal + feedback	27	250	-0.05573668817204277
972	goal + feedback	27	300	-0.03638452150537611
972	goal + feedback	27	350	-0.023226521505376112
972	goal + feedback	27	400	0.007676145161290633
972	goal + feedback	27	450	0.04817647849462392
972	goal + feedback	27	500	0.11799797849462397
972	goal + feedback	27	550	0.1647818118279573
972	goal + feedback	27	600	0.19834031182795728
972	goal + feedback	27	650	0.25491189516129065
972	goal + feedback	27	700	NA
972	goal + feedback	27	750	NA
972	goal + feedback	27	800	NA
972	goal + feedback	27	850	NA
972	goal + feedback	27	900	NA
972	goal + feedback	27	950	-0.20794535483870957
972	goal + feedback	27	1e3	-0.011873188172042711
972	goal + feedback	27	1050	0.009506045161290633
972	goal + feedback	27	1100	0.18961831182795721
972	goal + feedback	27	1150	0.22845647849462392
972	goal + feedback	28	-200	-0.029419161290322484
972	goal + feedback	28	-150	-0.007545327956989108
972	goal + feedback	28	-100	0.015089672043010779
972	goal + feedback	28	-50	0.03382633870967755
972	goal + feedback	28	0	-0.007048327956989138
972	goal + feedback	28	50	0.0078555053763442
972	goal + feedback	28	100	-0.013638494623655776
972	goal + feedback	28	150	0.00971367204301088
972	goal + feedback	28	200	-4.4099462365580305e-4
972	goal + feedback	28	250	0.02046650537634413
972	goal + feedback	28	300	0.008729172043010935
972	goal + feedback	28	350	0.025826338709677543
972	goal + feedback	28	400	0.025545172043010878
972	goal + feedback	28	450	0.03416700537634417
972	goal + feedback	28	500	0.03890133870967749
972	goal + feedback	28	550	0.05486100537634416
972	goal + feedback	28	600	0.09241817204301077
972	goal + feedback	28	650	0.11467567204301081
972	goal + feedback	28	700	0.15549133870967757
972	goal + feedback	28	750	NA
972	goal + feedback	28	800	NA
972	goal + feedback	28	850	NA
972	goal + feedback	28	900	NA
972	goal + feedback	28	950	NA
972	goal + feedback	28	1e3	NA
972	goal + feedback	28	1050	NA
972	goal + feedback	28	1100	NA
972	goal + feedback	28	1150	0.16254683870967757
972	goal + feedback	29	-200	-0.021110576036866262
972	goal + feedback	29	-150	0.004941376344086128
972	goal + feedback	29	-100	0.007026209677419404
972	goal + feedback	29	-50	0.0033613763440860644
972	goal + feedback	29	0	0.009300043010752749
972	goal + feedback	29	50	-0.02004729032258064
972	goal + feedback	29	100	-0.017047790322580525
972	goal + feedback	29	150	-0.005776790322580568
972	goal + feedback	29	200	0.015515876344086132
972	goal + feedback	29	250	0.02180487634408605
972	goal + feedback	29	300	0.06703270967741941
972	goal + feedback	29	350	0.12463020967741938
972	goal + feedback	29	400	0.1341520430107528
972	goal + feedback	29	450	0.21331570967741942
972	goal + feedback	29	500	0.2045350430107528
972	goal + feedback	29	550	0.25566720967741935
972	goal + feedback	29	600	0.3280613763440861
972	goal + feedback	29	650	0.3392718763440861
972	goal + feedback	29	700	0.2702864596774194
972	goal + feedback	29	750	NA
972	goal + feedback	29	800	NA
972	goal + feedback	29	850	NA
972	goal + feedback	29	900	NA
972	goal + feedback	29	950	-0.0312672903225808
972	goal + feedback	29	1e3	-0.028320790322580502
972	goal + feedback	29	1050	0.055808709677419355
972	goal + feedback	29	1100	0.1304833763440861
972	goal + feedback	29	1150	0.16275270967741942
972	goal + feedback	30	-200	0.06831327142857146
972	goal + feedback	30	-150	0.019020299999999945
972	goal + feedback	30	-100	-0.0013569666666666258
972	goal + feedback	30	-50	-0.04299863333333335
972	goal + feedback	30	0	-0.05119346666666676
972	goal + feedback	30	50	-0.06012563333333332
972	goal + feedback	30	100	-0.08575829999999995
972	goal + feedback	30	150	-0.0997321571428572
972	goal + feedback	30	200	-0.07887749999999993
972	goal + feedback	30	250	-0.1048056333333333
972	goal + feedback	30	300	-0.0725972999999999
972	goal + feedback	30	350	-0.06661413333333344
972	goal + feedback	30	400	-0.044592800000000064
972	goal + feedback	30	450	-0.03923263333333327
972	goal + feedback	30	500	-0.0055884428571428835
972	goal + feedback	30	550	0.04395169999999995
972	goal + feedback	30	600	NA
972	goal + feedback	30	650	NA
972	goal + feedback	30	700	NA
972	goal + feedback	30	750	NA
972	goal + feedback	30	800	NA
972	goal + feedback	30	850	0.028401200000000015
972	goal + feedback	30	900	0.04580870000000007
972	goal + feedback	30	950	0.06419419999999998
972	goal + feedback	30	1e3	0.2595990333333333
972	goal + feedback	30	1050	0.3035907
972	goal + feedback	30	1100	0.3487305333333333
972	goal + feedback	30	1150	0.32861969999999996
972	goal + feedback	31	-200	-0.008117175115207218
972	goal + feedback	31	-150	-0.005858365591397741
972	goal + feedback	31	-100	0.017830467741935568
972	goal + feedback	31	-50	-0.006483032258064532
972	goal + feedback	31	0	0.0039809677419355705
972	goal + feedback	31	50	0.027895967741935628
972	goal + feedback	31	100	0.03467796774193562
972	goal + feedback	31	150	0.013419634408602313
972	goal + feedback	31	200	-0.0032356989247310786
972	goal + feedback	31	250	-0.005276865591397728
972	goal + feedback	31	300	-0.004890865591397731
972	goal + feedback	31	350	-0.003180865591397778
972	goal + feedback	31	400	0.029946301075268817
972	goal + feedback	31	450	0.05016080107526899
972	goal + feedback	31	500	0.08610446774193559
972	goal + feedback	31	550	0.0758557677419355
972	goal + feedback	31	600	NA
972	goal + feedback	31	650	NA
972	goal + feedback	31	700	NA
972	goal + feedback	31	750	NA
972	goal + feedback	31	800	-0.06349903225806441
972	goal + feedback	31	850	-0.28387903225806443
972	goal + feedback	31	900	-0.2921503655913978
972	goal + feedback	31	950	-0.2549150322580643
972	goal + feedback	31	1e3	-0.07386936559139778
972	goal + feedback	31	1050	-0.050904198924731116
972	goal + feedback	31	1100	-0.03732469892473104
972	goal + feedback	31	1150	-0.09312253225806444
972	goal + feedback	32	-200	-0.03168304608294914
972	goal + feedback	32	-150	-0.028563236559139654
972	goal + feedback	32	-100	0.007500430107527138
972	goal + feedback	32	-50	0.025069930107527078
972	goal + feedback	32	0	0.03295643010752706
972	goal + feedback	32	50	0.05642809677419377
972	goal + feedback	32	100	0.07603426344086055
972	goal + feedback	32	150	0.05205409677419374
972	goal + feedback	32	200	0.06215793010752709
972	goal + feedback	32	250	0.10129193010752702
972	goal + feedback	32	300	0.10266709677419361
972	goal + feedback	32	350	0.1037740967741938
972	goal + feedback	32	400	0.10317993010752706
972	goal + feedback	32	450	0.1260294301075271
972	goal + feedback	32	500	0.11129459677419377
972	goal + feedback	32	550	0.11365676344086036
972	goal + feedback	32	600	0.1307825967741937
972	goal + feedback	32	650	0.12703309677419372
972	goal + feedback	32	700	0.10172626344086051
972	goal + feedback	32	750	0.02798976344086035
972	goal + feedback	32	800	-0.04901456989247288
972	goal + feedback	32	850	NA
972	goal + feedback	32	900	NA
972	goal + feedback	32	950	NA
972	goal + feedback	32	1e3	NA
972	goal + feedback	32	1050	NA
972	goal + feedback	32	1100	NA
972	goal + feedback	32	1150	NA
972	goal + feedback	33	-200	0.021283889400921612
972	goal + feedback	33	-150	0.016088532258064465
972	goal + feedback	33	-100	-0.012533301075268843
972	goal + feedback	33	-50	-0.005776301075268868
972	goal + feedback	33	0	-0.022610134408602267
972	goal + feedback	33	50	-0.03237213440860224
972	goal + feedback	33	100	-0.028800467741935416
972	goal + feedback	33	150	-0.022413801075268802
972	goal + feedback	33	200	-0.028691967741935498
972	goal + feedback	33	250	-0.03758530107526892
972	goal + feedback	33	300	-0.019706301075268867
972	goal + feedback	33	350	-0.005796301075268777
972	goal + feedback	33	400	0.03033069892473117
972	goal + feedback	33	450	0.03762836559139782
972	goal + feedback	33	500	0.08457086559139777
972	goal + feedback	33	550	0.12020086559139782
972	goal + feedback	33	600	0.12807503225806446
972	goal + feedback	33	650	NA
972	goal + feedback	33	700	NA
972	goal + feedback	33	750	NA
972	goal + feedback	33	800	NA
972	goal + feedback	33	850	-0.06525046774193544
972	goal + feedback	33	900	-0.16340796774193556
972	goal + feedback	33	950	-0.08406525345622125
972	goal + feedback	33	1e3	0.08624436559139781
972	goal + feedback	33	1050	0.13070853225806447
972	goal + feedback	33	1100	0.15944369892473106
972	goal + feedback	33	1150	0.1729810322580644
972	goal + feedback	34	-200	-0.024352048387096998
972	goal + feedback	34	-150	-0.007112048387096929
972	goal + feedback	34	-100	-0.0034923817204303522
972	goal + feedback	34	-50	0.0057089516129028945
972	goal + feedback	34	0	0.0250693087557603
972	goal + feedback	34	50	0.02546825161290318
972	goal + feedback	34	100	0.04035028494623649
972	goal + feedback	34	150	0.06672178494623648
972	goal + feedback	34	200	0.07952173732718874
972	goal + feedback	34	250	0.065542451612903
972	goal + feedback	34	300	0.051513951612903064
972	goal + feedback	34	350	0.05036195161290302
972	goal + feedback	34	400	0.030195784946236353
972	goal + feedback	34	450	0.044730618279569846
972	goal + feedback	34	500	0.060786618279569694
972	goal + feedback	34	550	0.06649995161290308
972	goal + feedback	34	600	0.10839695161290301
972	goal + feedback	34	650	0.1089086182795697
972	goal + feedback	34	700	0.12416245161290296
972	goal + feedback	34	750	NA
972	goal + feedback	34	800	NA
972	goal + feedback	34	850	NA
972	goal + feedback	34	900	NA
972	goal + feedback	34	950	NA
972	goal + feedback	34	1e3	NA
972	goal + feedback	34	1050	-0.2941325483870969
972	goal + feedback	34	1100	-0.03067154838709696
972	goal + feedback	34	1150	-0.1998323817204303
972	goal + feedback	35	-200	-0.05712087557603703
972	goal + feedback	35	-150	-0.02484432795698943
972	goal + feedback	35	-100	-0.020970994623656036
972	goal + feedback	35	-50	0.03636933870967729
972	goal + feedback	35	0	0.07608700537634398
972	goal + feedback	35	50	0.06492567204301063
972	goal + feedback	35	100	0.0874263387096772
972	goal + feedback	35	150	0.1325978387096772
972	goal + feedback	35	200	0.09770583870967726
972	goal + feedback	35	250	0.09518917204301047
972	goal + feedback	35	300	0.09285150537634383
972	goal + feedback	35	350	0.16023383870967725
972	goal + feedback	35	400	0.10376917204301057
972	goal + feedback	35	450	0.11716767204301066
972	goal + feedback	35	500	0.17157550537634383
972	goal + feedback	35	550	0.15112850537634395
972	goal + feedback	35	600	0.19533617204301068
972	goal + feedback	35	650	0.16460483870967732
972	goal + feedback	35	700	0.1933291720430105
972	goal + feedback	35	750	0.16309500537634394
972	goal + feedback	35	800	0.16210983870967732
972	goal + feedback	35	850	NA
972	goal + feedback	35	900	NA
972	goal + feedback	35	950	NA
972	goal + feedback	35	1e3	NA
972	goal + feedback	35	1050	-0.09031482795698927
972	goal + feedback	35	1100	-0.1777151612903228
972	goal + feedback	35	1150	0.23390850537634397
972	goal + feedback	36	-200	-0.017013691244239824
972	goal + feedback	36	-150	-0.012191215053763674
972	goal + feedback	36	-100	0.004041618279569652
972	goal + feedback	36	-50	0.010127284946236456
972	goal + feedback	36	0	0.01787161827956966
972	goal + feedback	36	50	0.02336461827956963
972	goal + feedback	36	100	0.016058284946236363
972	goal + feedback	36	150	0.028970118279569634
972	goal + feedback	36	200	0.00599078494623632
972	goal + feedback	36	250	0.022850118279569658
972	goal + feedback	36	300	0.016485118279569628
972	goal + feedback	36	350	5.657849462363806e-4
972	goal + feedback	36	400	0.004267284946236405
972	goal + feedback	36	450	0.020132284946236423
972	goal + feedback	36	500	0.04754311827956966
972	goal + feedback	36	550	0.07487311827956973
972	goal + feedback	36	600	0.08682711827956961
972	goal + feedback	36	650	0.06598445161290296
972	goal + feedback	36	700	0.06542645161290306
972	goal + feedback	36	750	0.09705745161290295
972	goal + feedback	36	800	0.17995245161290319
972	goal + feedback	36	850	NA
972	goal + feedback	36	900	NA
972	goal + feedback	36	950	NA
972	goal + feedback	36	1e3	NA
972	goal + feedback	36	1050	NA
972	goal + feedback	36	1100	-0.092673048387097
972	goal + feedback	36	1150	-0.16861704838709693
972	goal + feedback	37	-200	-0.022383466666666758
972	goal + feedback	37	-150	7.981999999998232e-4
972	goal + feedback	37	-100	0.006892533333333173
972	goal + feedback	37	-50	0.014459366666666437
972	goal + feedback	37	0	2.333666666665124e-4
972	goal + feedback	37	50	0.006548033333333277
972	goal + feedback	37	100	0.0016057476190474468
972	goal + feedback	37	150	0.008180033333333192
972	goal + feedback	37	200	0.0027301761904760446
972	goal + feedback	37	250	0.0031225333333331218
972	goal + feedback	37	300	0.034221699999999876
972	goal + feedback	37	350	0.04224719999999982
972	goal + feedback	37	400	0.04816469999999984
972	goal + feedback	37	450	0.06060603333333314
972	goal + feedback	37	500	0.09188353333333321
972	goal + feedback	37	550	0.13568869999999986
972	goal + feedback	37	600	0.17095403333333312
972	goal + feedback	37	650	0.1430946999999998
972	goal + feedback	37	700	NA
972	goal + feedback	37	750	NA
972	goal + feedback	37	800	NA
972	goal + feedback	37	850	NA
972	goal + feedback	37	900	NA
972	goal + feedback	37	950	NA
972	goal + feedback	37	1e3	NA
972	goal + feedback	37	1050	-0.05439296666666682
972	goal + feedback	37	1100	-0.012550800000000159
972	goal + feedback	37	1150	0.1875460333333332
972	goal + feedback	38	-200	-0.02755972811059929
972	goal + feedback	38	-150	-0.015833537634408684
972	goal + feedback	38	-100	-0.0032865376344088184
972	goal + feedback	38	-50	0.01624729569892458
972	goal + feedback	38	0	0.035025795698924535
972	goal + feedback	38	50	0.04559729569892457
972	goal + feedback	38	100	0.04350912903225779
972	goal + feedback	38	150	0.029144462365591355
972	goal + feedback	38	200	0.00116529569892454
972	goal + feedback	38	250	-0.013743870967742064
972	goal + feedback	38	300	-0.025162870967742057
972	goal + feedback	38	350	-0.018893370967742202
972	goal + feedback	38	400	1.2146236559118506e-4
972	goal + feedback	38	450	0.031704129032257944
972	goal + feedback	38	500	0.07551179569892456
972	goal + feedback	38	550	0.07479846236559114
972	goal + feedback	38	600	0.11779379569892456
972	goal + feedback	38	650	0.1627567956989245
972	goal + feedback	38	700	0.13712896236559127
972	goal + feedback	38	750	NA
972	goal + feedback	38	800	NA
972	goal + feedback	38	850	NA
972	goal + feedback	38	900	NA
972	goal + feedback	38	950	-0.0038268709677420354
972	goal + feedback	38	1e3	0.07113912903225794
972	goal + feedback	38	1050	0.09723896236559122
972	goal + feedback	38	1100	0.14394662903225783
972	goal + feedback	38	1150	0.15948662903225785
972	goal + feedback	39	-200	0.03051618894009232
972	goal + feedback	39	-150	0.019897903225806646
972	goal + feedback	39	-100	-0.009197930107526675
972	goal + feedback	39	-50	-0.03246826344086003
972	goal + feedback	39	0	-0.013833930107526685
972	goal + feedback	39	50	-0.048801430107526654
972	goal + feedback	39	100	-0.0621689301075267
972	goal + feedback	39	150	-0.04077976344086006
972	goal + feedback	39	200	-0.041916430107526624
972	goal + feedback	39	250	-0.04343593010752674
972	goal + feedback	39	300	-0.08092443010752663
972	goal + feedback	39	350	-0.07869293010752683
972	goal + feedback	39	400	-0.08388559677419338
972	goal + feedback	39	450	-0.05029626344085999
972	goal + feedback	39	500	-0.007095430107526705
972	goal + feedback	39	550	0.005506903225806529
972	goal + feedback	39	600	0.05149340322580668
972	goal + feedback	39	650	0.03177773655914007
972	goal + feedback	39	700	0.05512906989247335
972	goal + feedback	39	750	0.01603306989247333
972	goal + feedback	39	800	0.06560723655914003
972	goal + feedback	39	850	0.11511290322580647
972	goal + feedback	39	900	NA
972	goal + feedback	39	950	NA
972	goal + feedback	39	1e3	NA
972	goal + feedback	39	1050	NA
972	goal + feedback	39	1100	NA
972	goal + feedback	39	1150	NA
972	goal + feedback	40	-200	0.045829327188940026
972	goal + feedback	40	-150	0.025057112903225764
972	goal + feedback	40	-100	-0.01701838709677424
972	goal + feedback	40	-50	-0.029491053763440894
972	goal + feedback	40	0	-0.03201522043010748
972	goal + feedback	40	50	-0.023410553763440884
972	goal + feedback	40	100	-0.030320887096774163
972	goal + feedback	40	150	-0.01512905376344098
972	goal + feedback	40	200	-1.6872043010751625e-4
972	goal + feedback	40	250	0.00968011290322579
972	goal + feedback	40	300	0.0219517795698924
972	goal + feedback	40	350	0.03148327956989242
972	goal + feedback	40	400	0.05598377956989246
972	goal + feedback	40	450	0.06364044623655918
972	goal + feedback	40	500	0.09035161290322587
972	goal + feedback	40	550	0.1255679462365591
972	goal + feedback	40	600	0.16463644623655913
972	goal + feedback	40	650	0.20409811290322577
972	goal + feedback	40	700	0.23600711290322596
972	goal + feedback	40	750	NA
972	goal + feedback	40	800	NA
972	goal + feedback	40	850	NA
972	goal + feedback	40	900	NA
972	goal + feedback	40	950	-0.06409438709677429
972	goal + feedback	40	1e3	-0.020544387096774086
972	goal + feedback	40	1050	-0.017308887096774212
972	goal + feedback	40	1100	0.11217327956989243
972	goal + feedback	40	1150	0.2522286129032258
972	goal + feedback	41	-200	0.016990405529953838
972	goal + feedback	41	-150	0.007335548387096639
972	goal + feedback	41	-100	-0.006725284946236624
972	goal + feedback	41	-50	-0.009549618279570016
972	goal + feedback	41	0	-0.01088278494623666
972	goal + feedback	41	50	0.002335381720429982
972	goal + feedback	41	100	-0.002436951612903323
972	goal + feedback	41	150	0.01608504838709675
972	goal + feedback	41	200	0.027152715053763377
972	goal + feedback	41	250	0.03226754838709667
972	goal + feedback	41	300	0.04538504838709664
972	goal + feedback	41	350	0.06085838172043001
972	goal + feedback	41	400	0.10475638172043007
972	goal + feedback	41	450	0.12666004838709669
972	goal + feedback	41	500	0.18870254838709669
972	goal + feedback	41	550	0.2569608817204301
972	goal + feedback	41	600	0.29239388172042996
972	goal + feedback	41	650	0.30582388172042996
972	goal + feedback	41	700	0.29682088172043003
972	goal + feedback	41	750	NA
972	goal + feedback	41	800	NA
972	goal + feedback	41	850	NA
972	goal + feedback	41	900	NA
972	goal + feedback	41	950	0.04459329838709669
972	goal + feedback	41	1e3	0.18129483410138234
972	goal + feedback	41	1050	0.2487830483870966
972	goal + feedback	41	1100	0.2883002150537633
972	goal + feedback	41	1150	0.27826438172043
972	goal + feedback	43	-200	-0.006421543010752521
972	goal + feedback	43	-150	-0.007636376344085871
972	goal + feedback	43	-100	-0.00267654301075256
972	goal + feedback	43	-50	4.0271889400938273e-4
972	goal + feedback	43	0	0.016264623655914152
972	goal + feedback	43	50	0.021288290322580766
972	goal + feedback	43	100	0.04761529032258083
972	goal + feedback	43	150	0.04695745698924747
972	goal + feedback	43	200	0.04325445698924746
972	goal + feedback	43	250	0.030027456989247508
972	goal + feedback	43	300	-0.004265543010752548
972	goal + feedback	43	350	-0.025723209677419145
972	goal + feedback	43	400	-0.021297543010752557
972	goal + feedback	43	450	-0.014424209677419197
972	goal + feedback	43	500	0.011984456989247402
972	goal + feedback	43	550	0.043822623655914196
972	goal + feedback	43	600	0.08072545698924742
972	goal + feedback	43	650	0.12633762365591425
972	goal + feedback	43	700	0.10232029032258075
972	goal + feedback	43	750	NA
972	goal + feedback	43	800	NA
972	goal + feedback	43	850	NA
972	goal + feedback	43	900	NA
972	goal + feedback	43	950	NA
972	goal + feedback	43	1e3	NA
972	goal + feedback	43	1050	NA
972	goal + feedback	43	1100	-0.12921004301075248
972	goal + feedback	43	1150	-0.07453304301075248
972	goal + feedback	44	-200	0.0894928
972	goal + feedback	44	-150	-0.026029866666666734
972	goal + feedback	44	-100	-0.007487366666666754
972	goal + feedback	44	-50	-0.017557700000000082
972	goal + feedback	44	0	-0.038417866666666724
972	goal + feedback	44	50	-0.03223736666666673
972	goal + feedback	44	100	-0.008462866666666772
972	goal + feedback	44	150	0.01143529999999989
972	goal + feedback	44	200	0.03686796666666655
972	goal + feedback	44	250	0.006593966666666488
972	goal + feedback	44	300	0.0798859666666667
972	goal + feedback	44	350	0.09482913333333332
972	goal + feedback	44	400	0.09949913333333327
972	goal + feedback	44	450	0.11250329999999982
972	goal + feedback	44	500	0.1188172999999999
972	goal + feedback	44	550	0.17727729999999994
972	goal + feedback	44	600	0.18368613333333336
972	goal + feedback	44	650	0.16376727619047607
972	goal + feedback	44	700	0.20903213333333337
972	goal + feedback	44	750	NA
972	goal + feedback	44	800	NA
972	goal + feedback	44	850	NA
972	goal + feedback	44	900	NA
972	goal + feedback	44	950	NA
972	goal + feedback	44	1e3	NA
972	goal + feedback	44	1050	-0.20515886666666683
972	goal + feedback	44	1100	-0.18096386666666686
972	goal + feedback	44	1150	-0.12355236666666676
972	goal + feedback	45	-200	0.05824112903225798
972	goal + feedback	45	-150	0.03872112903225792
972	goal + feedback	45	-100	-0.004080870967742012
972	goal + feedback	45	-50	-0.03848620430107541
972	goal + feedback	45	0	-0.06410203763440873
972	goal + feedback	45	50	-0.0479052043010754
972	goal + feedback	45	100	-0.0776325376344087
972	goal + feedback	45	150	-0.07239270430107532
972	goal + feedback	45	200	-0.07289137096774205
972	goal + feedback	45	250	-0.056002037634408586
972	goal + feedback	45	300	-0.06641487096774197
972	goal + feedback	45	350	-0.06460470430107534
972	goal + feedback	45	400	-0.0500650376344088
972	goal + feedback	45	450	-0.016278537634408785
972	goal + feedback	45	500	0.02297979569892461
972	goal + feedback	45	550	0.038578629032257984
972	goal + feedback	45	600	0.06878762903225806
972	goal + feedback	45	650	0.18530212903225785
972	goal + feedback	45	700	NA
972	goal + feedback	45	750	NA
972	goal + feedback	45	800	-0.24341487096774217
972	goal + feedback	45	850	-0.005317704301075403
972	goal + feedback	45	900	-0.004327870967742046
972	goal + feedback	45	950	0.03402812903225808
972	goal + feedback	45	1e3	0.07786162903225809
972	goal + feedback	45	1050	0.09542812903225799
972	goal + feedback	45	1100	0.1267582956989246
972	goal + feedback	45	1150	0.1390294623655913
972	goal + feedback	46	-200	-0.013176949308755808
972	goal + feedback	46	-150	-0.0051534731182797016
972	goal + feedback	46	-100	-0.006048139784946264
972	goal + feedback	46	-50	0.024542026881720247
972	goal + feedback	46	0	0.002032693548387051
972	goal + feedback	46	50	-0.004530639784946351
972	goal + feedback	46	100	6.346935483871144e-4
972	goal + feedback	46	150	-0.02402397311827964
972	goal + feedback	46	200	-0.04452263978494623
972	goal + feedback	46	250	-0.054606406451613056
972	goal + feedback	46	300	NA
972	goal + feedback	46	350	NA
972	goal + feedback	46	400	NA
972	goal + feedback	46	450	-0.051507306451612944
972	goal + feedback	46	500	-4.5113978494626394e-4
972	goal + feedback	46	550	0.07089502688172027
972	goal + feedback	46	600	0.12387869354838695
972	goal + feedback	46	650	0.15091336021505364
972	goal + feedback	46	700	0.14985352688172027
972	goal + feedback	46	750	0.08565436021505368
972	goal + feedback	46	800	-0.03721113978494639
972	goal + feedback	46	850	-0.06355430645161286
972	goal + feedback	46	900	NA
972	goal + feedback	46	950	NA
972	goal + feedback	46	1e3	NA
972	goal + feedback	46	1050	-0.26532280645161305
972	goal + feedback	46	1100	-0.3510506397849464
972	goal + feedback	46	1150	-0.1958506397849463
972	goal + feedback	47	-200	0.047642930875576105
972	goal + feedback	47	-150	0.03542347849462376
972	goal + feedback	47	-100	0.003369645161290421
972	goal + feedback	47	-50	-0.020046188172042918
972	goal + feedback	47	0	-0.0743303548387096
972	goal + feedback	47	50	-0.10550968817204291
972	goal + feedback	47	100	-0.1682355215053762
972	goal + feedback	47	150	-0.21886602150537615
972	goal + feedback	47	200	-0.24394518817204291
972	goal + feedback	47	250	-0.2681763548387095
972	goal + feedback	47	300	-0.29027102150537626
972	goal + feedback	47	350	-0.2827660215053762
972	goal + feedback	47	400	-0.27015418817204284
972	goal + feedback	47	450	-0.23487468817204285
972	goal + feedback	47	500	-0.18896852150537624
972	goal + feedback	47	550	-0.13982602150537624
972	goal + feedback	47	600	-0.08672435483870955
972	goal + feedback	47	650	-0.07331702150537622
972	goal + feedback	47	700	-0.08229018817204288
972	goal + feedback	47	750	-0.12753702150537607
972	goal + feedback	47	800	NA
972	goal + feedback	47	850	NA
972	goal + feedback	47	900	NA
972	goal + feedback	47	950	-0.2949388548387095
972	goal + feedback	47	1e3	-0.27951602150537624
972	goal + feedback	47	1050	-0.0977076881720429
972	goal + feedback	47	1100	-0.08228918817204289
972	goal + feedback	47	1150	-0.035466854838709594
972	goal + feedback	48	-200	0.03172441474654392
972	goal + feedback	48	-150	0.013474795698924883
972	goal + feedback	48	-100	-0.013509704301075157
972	goal + feedback	48	-50	-0.02826787096774175
972	goal + feedback	48	0	-0.008709037634408409
972	goal + feedback	48	50	-0.015455370967741707
972	goal + feedback	48	100	-0.005256037634408406
972	goal + feedback	48	150	-0.004386537634408401
972	goal + feedback	48	200	0.032506462365591515
972	goal + feedback	48	250	0.046028462365591626
972	goal + feedback	48	300	0.07118196236559153
972	goal + feedback	48	350	0.09658612903225827
972	goal + feedback	48	400	0.12933962903225824
972	goal + feedback	48	450	0.15721429569892487
972	goal + feedback	48	500	0.17055662903225807
972	goal + feedback	48	550	0.20997429569892492
972	goal + feedback	48	600	0.21298662903225818
972	goal + feedback	48	650	NA
972	goal + feedback	48	700	NA
972	goal + feedback	48	750	NA
972	goal + feedback	48	800	NA
972	goal + feedback	48	850	NA
972	goal + feedback	48	900	-0.10396647096774184
972	goal + feedback	48	950	-0.14276820430107517
972	goal + feedback	48	1e3	0.03943712903225823
972	goal + feedback	48	1050	0.16124446236559153
972	goal + feedback	48	1100	0.2430661290322581
972	goal + feedback	48	1150	NA
972	goal + feedback	49	-200	-2.758894009217932e-4
972	goal + feedback	49	-150	3.2613440860200055e-4
972	goal + feedback	49	-100	-5.891989247313045e-4
972	goal + feedback	49	-50	0.004401801075268663
972	goal + feedback	49	0	-0.0038168655913980074
972	goal + feedback	49	50	-0.019345365591397917
972	goal + feedback	49	100	-0.032358865591398
972	goal + feedback	49	150	-0.020899198924731282
972	goal + feedback	49	200	-0.019046032258064633
972	goal + feedback	49	250	-0.012376198924731296
972	goal + feedback	49	300	-0.012816032258064602
972	goal + feedback	49	350	-0.019990698924731303
972	goal + feedback	49	400	0.00642296774193533
972	goal + feedback	49	450	0.025947967741935418
972	goal + feedback	49	500	0.027759634408602112
972	goal + feedback	49	550	0.08009096774193547
972	goal + feedback	49	600	0.09102163440860205
972	goal + feedback	49	650	0.11756830107526861
972	goal + feedback	49	700	0.17641416774193538
972	goal + feedback	49	750	NA
972	goal + feedback	49	800	NA
972	goal + feedback	49	850	NA
972	goal + feedback	49	900	0.10645296774193547
972	goal + feedback	49	950	-0.09730183225806473
972	goal + feedback	49	1e3	-0.12770919892473134
972	goal + feedback	49	1050	0.0920919677419354
972	goal + feedback	49	1100	NA
972	goal + feedback	49	1150	NA
972	goal + feedback	50	-200	-0.028488064516128984
972	goal + feedback	50	-150	-0.01599256451612896
972	goal + feedback	50	-100	0.0016776021505375827
972	goal + feedback	50	-50	0.020678435483871088
972	goal + feedback	50	0	0.026872602150537734
972	goal + feedback	50	50	0.04759826881720438
972	goal + feedback	50	100	0.06303943548387103
972	goal + feedback	50	150	0.022873102150537727
972	goal + feedback	50	200	0.008496935483870946
972	goal + feedback	50	250	0.0031929354838711177
972	goal + feedback	50	300	-0.016028231182795654
972	goal + feedback	50	350	-0.013624397849462344
972	goal + feedback	50	400	0.007686435483870972
972	goal + feedback	50	450	-0.006288564516128877
972	goal + feedback	50	500	0.0406091021505377
972	goal + feedback	50	550	0.06905960215053764
972	goal + feedback	50	600	0.1063417688172043
972	goal + feedback	50	650	0.09745026881720446
972	goal + feedback	50	700	0.10075143548387107
972	goal + feedback	50	750	0.042999768817204354
972	goal + feedback	50	800	0.025220535483871043
972	goal + feedback	50	850	NA
972	goal + feedback	50	900	NA
972	goal + feedback	50	950	NA
972	goal + feedback	50	1e3	NA
972	goal + feedback	50	1050	-0.2804410645161289
972	goal + feedback	50	1100	-0.23190373118279561
972	goal + feedback	50	1150	-0.008854231182795639
972	goal + feedback	51	-200	0.021610133333333392
972	goal + feedback	51	-150	0.013685133333333285
972	goal + feedback	51	-100	-0.0014055333333333013
972	goal + feedback	51	-50	-0.009306866666666544
972	goal + feedback	51	0	-0.02458286666666661
972	goal + feedback	51	50	-0.024322366666666612
972	goal + feedback	51	100	-0.01859853333333339
972	goal + feedback	51	150	0.013766514285714404
972	goal + feedback	51	200	0.04205946666666671
972	goal + feedback	51	250	0.08312380000000001
972	goal + feedback	51	300	0.10404380000000009
972	goal + feedback	51	350	0.1344396333333334
972	goal + feedback	51	400	0.20457880000000003
972	goal + feedback	51	450	0.2640378
972	goal + feedback	51	500	0.2973198000000001
972	goal + feedback	51	550	0.32561996666666665
972	goal + feedback	51	600	0.3573876333333333
972	goal + feedback	51	650	0.4068408000000001
972	goal + feedback	51	700	NA
972	goal + feedback	51	750	NA
972	goal + feedback	51	800	NA
972	goal + feedback	51	850	-0.09604469999999998
972	goal + feedback	51	900	-0.1631635333333333
972	goal + feedback	51	950	0.04711730000000003
972	goal + feedback	51	1e3	0.01822879999999998
972	goal + feedback	51	1050	NA
972	goal + feedback	51	1100	NA
972	goal + feedback	51	1150	NA
972	goal + feedback	52	-200	-0.016199027649769437
972	goal + feedback	52	-150	0.004592758064516274
972	goal + feedback	52	-100	0.015140924731182967
972	goal + feedback	52	-50	0.009339424731182952
972	goal + feedback	52	0	-0.0101742419354837
972	goal + feedback	52	50	-0.02500024193548378
972	goal + feedback	52	100	-0.045236908602150384
972	goal + feedback	52	150	-0.06846224193548382
972	goal + feedback	52	200	-0.07905974193548371
972	goal + feedback	52	250	-0.10441057526881707
972	goal + feedback	52	300	-0.09911874193548369
972	goal + feedback	52	350	-0.11055524193548368
972	goal + feedback	52	400	-0.0894109086021504
972	goal + feedback	52	450	-0.08144657526881709
972	goal + feedback	52	500	-0.05197374193548369
972	goal + feedback	52	550	-0.04533290860215041
972	goal + feedback	52	600	-0.0078345752688171455
972	goal + feedback	52	650	0.012248591397849617
972	goal + feedback	52	700	0.013421924731183013
972	goal + feedback	52	750	NA
972	goal + feedback	52	800	NA
972	goal + feedback	52	850	NA
972	goal + feedback	52	900	-0.13079357526881705
972	goal + feedback	52	950	-0.021828241935483716
972	goal + feedback	52	1e3	0.004861424731182969
972	goal + feedback	52	1050	-0.009717908602150382
972	goal + feedback	52	1100	0.014502591397849521
972	goal + feedback	52	1150	0.0308265913978496
972	goal + feedback	53	-200	-0.010429327188939868
972	goal + feedback	53	-150	-0.008594112903225648
972	goal + feedback	53	-100	-0.00854861290322558
972	goal + feedback	53	-50	0.011075887096774428
972	goal + feedback	53	0	0.018234387096774347
972	goal + feedback	53	50	0.04148038709677445
972	goal + feedback	53	100	0.05995188709677435
972	goal + feedback	53	150	0.09011772043010773
972	goal + feedback	53	200	0.107298553763441
972	goal + feedback	53	250	0.1150727204301077
972	goal + feedback	53	300	0.11232988709677438
972	goal + feedback	53	350	0.12220072043010773
972	goal + feedback	53	400	0.13691722043010768
972	goal + feedback	53	450	0.1398302204301077
972	goal + feedback	53	500	0.18623322043010773
972	goal + feedback	53	550	0.17931188709677434
972	goal + feedback	53	600	0.2496803870967744
972	goal + feedback	53	650	0.24545988709677435
972	goal + feedback	53	700	0.23708188709677436
972	goal + feedback	53	750	0.20609972043010774
972	goal + feedback	53	800	0.1783357204301077
972	goal + feedback	53	850	0.1444202204301078
972	goal + feedback	53	900	NA
972	goal + feedback	53	950	NA
972	goal + feedback	53	1e3	NA
972	goal + feedback	53	1050	0.14479238709677433
972	goal + feedback	53	1100	0.00982598709677438
972	goal + feedback	53	1150	0.02168010138248874
972	goal + feedback	54	-200	-0.0330876728110601
972	goal + feedback	54	-150	-0.010750053763441144
972	goal + feedback	54	-100	0.010375279569892296
972	goal + feedback	54	-50	0.020040446236559022
972	goal + feedback	54	0	0.01893661290322557
972	goal + feedback	54	50	0.024051446236558933
972	goal + feedback	54	100	0.029530279569892254
972	goal + feedback	54	150	0.04174977956989231
972	goal + feedback	54	200	0.032686946236559024
972	goal + feedback	54	250	0.04480711290322562
972	goal + feedback	54	300	0.04723044623655892
972	goal + feedback	54	350	0.03800511290322558
972	goal + feedback	54	400	0.03979827956989227
972	goal + feedback	54	450	0.05228394623655904
972	goal + feedback	54	500	0.06977061290322555
972	goal + feedback	54	550	0.11336061290322548
972	goal + feedback	54	600	NA
972	goal + feedback	54	650	NA
972	goal + feedback	54	700	NA
972	goal + feedback	54	750	NA
972	goal + feedback	54	800	0.051747612903225715
972	goal + feedback	54	850	0.04922877956989232
972	goal + feedback	54	900	0.051888946236558896
972	goal + feedback	54	950	0.060355279569892284
972	goal + feedback	54	1e3	0.06388294623655895
972	goal + feedback	54	1050	0.013883946236558975
972	goal + feedback	54	1100	-0.020029220430107724
972	goal + feedback	54	1150	-0.03442372043010766
972	goal + feedback	55	-200	0.01693165898617512
972	goal + feedback	55	-150	0.006763182795699023
972	goal + feedback	55	-100	0.006888349462365569
972	goal + feedback	55	-50	-2.0548387096760065e-4
972	goal + feedback	55	0	-0.033199650537634406
972	goal + feedback	55	50	-0.044935483870967685
972	goal + feedback	55	100	-0.03811115053763429
972	goal + feedback	55	150	-0.04534198387096781
972	goal + feedback	55	200	-0.04559948387096768
972	goal + feedback	55	250	-0.030821983870967722
972	goal + feedback	55	300	-0.017150983870967657
972	goal + feedback	55	350	-0.03588215053763433
972	goal + feedback	55	400	-0.02397165053763432
972	goal + feedback	55	450	-0.012537650537634374
972	goal + feedback	55	500	0.021178182795699014
972	goal + feedback	55	550	0.05541418279569902
972	goal + feedback	55	600	0.07169034946236574
972	goal + feedback	55	650	0.05361171612903233
972	goal + feedback	55	700	NA
972	goal + feedback	55	750	NA
972	goal + feedback	55	800	NA
972	goal + feedback	55	850	NA
972	goal + feedback	55	900	NA
972	goal + feedback	55	950	-0.18437073387096758
972	goal + feedback	55	1e3	-0.2601721505376344
972	goal + feedback	55	1050	-0.22472281720430098
972	goal + feedback	55	1100	-0.01788465053763444
972	goal + feedback	55	1150	0.04724918279569897
972	goal + feedback	56	-200	-0.020804751152073604
972	goal + feedback	56	-150	-0.0011158225806449835
972	goal + feedback	56	-100	0.0015351774193549013
972	goal + feedback	56	-50	0.007896177419354888
972	goal + feedback	56	0	0.015956677419354914
972	goal + feedback	56	50	0.018918177419354976
972	goal + feedback	56	100	0.0067243440860216275
972	goal + feedback	56	150	7.523440860216132e-4
972	goal + feedback	56	200	-0.002913655913978482
972	goal + feedback	56	250	-0.02265182258064513
972	goal + feedback	56	300	-0.024138655913978384
972	goal + feedback	56	350	-0.003121822580645084
972	goal + feedback	56	400	0.016023844086021494
972	goal + feedback	56	450	0.018506344086021587
972	goal + feedback	56	500	0.0842425107526883
972	goal + feedback	56	550	0.1065968440860215
972	goal + feedback	56	600	0.12314767741935488
972	goal + feedback	56	650	0.15692301075268822
972	goal + feedback	56	700	0.16794267741935495
972	goal + feedback	56	750	0.15205567741935488
972	goal + feedback	56	800	0.13681967741935494
972	goal + feedback	56	850	0.09790901075268832
972	goal + feedback	56	900	0.0967188440860216
972	goal + feedback	56	950	0.10377367741935495
972	goal + feedback	56	1e3	0.07616442741935481
972	goal + feedback	56	1050	NA
972	goal + feedback	56	1100	NA
972	goal + feedback	56	1150	NA
972	goal + feedback	57	-200	0.013888202764977185
972	goal + feedback	57	-150	0.013456774193548515
972	goal + feedback	57	-100	-0.022929725806451435
972	goal + feedback	57	-50	-0.009267392473118141
972	goal + feedback	57	0	0.0025374408602152343
972	goal + feedback	57	50	0.020508107526881814
972	goal + feedback	57	100	-0.007118725806451565
972	goal + feedback	57	150	-0.0275840591397849
972	goal + feedback	57	200	0.006801274193548516
972	goal + feedback	57	250	0.06489360752688185
972	goal + feedback	57	300	0.07303027419354853
972	goal + feedback	57	350	0.08301594086021513
972	goal + feedback	57	400	0.08520327419354852
972	goal + feedback	57	450	0.12676410752688186
972	goal + feedback	57	500	0.09433444086021521
972	goal + feedback	57	550	0.13282610752688187
972	goal + feedback	57	600	0.18575844086021523
972	goal + feedback	57	650	0.1731092741935485
972	goal + feedback	57	700	0.10085127419354856
972	goal + feedback	57	750	0.024945107526881838
972	goal + feedback	57	800	NA
972	goal + feedback	57	850	NA
972	goal + feedback	57	900	NA
972	goal + feedback	57	950	-0.3254325591397847
972	goal + feedback	57	1e3	-0.39820122580645156
972	goal + feedback	57	1050	-0.1763372258064514
972	goal + feedback	57	1100	-0.12683022580645145
972	goal + feedback	57	1150	-0.10765155913978479
972	goal + feedback	59	-200	0.02031701382488465
972	goal + feedback	59	-150	9.980376344085329e-4
972	goal + feedback	59	-100	0.009941870967741831
972	goal + feedback	59	-50	-0.013282129032258302
972	goal + feedback	59	0	-0.021360962365591485
972	goal + feedback	59	50	-0.013291129032258228
972	goal + feedback	59	100	-0.037351295698924813
972	goal + feedback	59	150	-0.048630795698924846
972	goal + feedback	59	200	-0.05593629569892489
972	goal + feedback	59	250	-0.10396062903225826
972	goal + feedback	59	300	-0.0987669623655915
972	goal + feedback	59	350	-0.10699479569892485
972	goal + feedback	59	400	-0.11522162903225823
972	goal + feedback	59	450	-0.07422362903225821
972	goal + feedback	59	500	-0.03633712903225813
972	goal + feedback	59	550	-0.021121295698924698
972	goal + feedback	59	600	0.020304704301075265
972	goal + feedback	59	650	0.037419370967741804
972	goal + feedback	59	700	-0.0396471290322582
972	goal + feedback	59	750	NA
972	goal + feedback	59	800	NA
972	goal + feedback	59	850	NA
972	goal + feedback	59	900	NA
972	goal + feedback	59	950	NA
972	goal + feedback	59	1e3	-0.3818511290322584
972	goal + feedback	59	1050	-0.20149962903225815
972	goal + feedback	59	1100	-0.3151147290322583
972	goal + feedback	59	1150	0.01185147096774175
972	goal + feedback	60	-200	-0.015035366666666864
972	goal + feedback	60	-150	0.013835799999999843
972	goal + feedback	60	-100	0.015780299999999785
972	goal + feedback	60	-50	-0.004640366666666784
972	goal + feedback	60	0	-0.009940366666666867
972	goal + feedback	60	50	-0.023955366666666828
972	goal + feedback	60	100	-0.032420033333333466
972	goal + feedback	60	150	-0.029258200000000196
972	goal + feedback	60	200	-0.03629903333333343
972	goal + feedback	60	250	-0.03893103333333355
972	goal + feedback	60	300	-0.03133503333333346
972	goal + feedback	60	350	-0.04440353333333354
972	goal + feedback	60	400	-0.03662936666666675
972	goal + feedback	60	450	-0.017881533333333605
972	goal + feedback	60	500	0.005102466666666435
972	goal + feedback	60	550	-0.010545533333333523
972	goal + feedback	60	600	NA
972	goal + feedback	60	650	NA
972	goal + feedback	60	700	NA
972	goal + feedback	60	750	-0.07190570000000014
972	goal + feedback	60	800	-0.2341958666666668
972	goal + feedback	60	850	-0.0354843666666668
972	goal + feedback	60	900	-0.032978200000000145
972	goal + feedback	60	950	-0.021601700000000095
972	goal + feedback	60	1e3	-0.001918700000000199
972	goal + feedback	60	1050	-0.056813366666666955
972	goal + feedback	60	1100	-0.08965470000000024
972	goal + feedback	60	1150	-0.12244570000000017
972	goal + feedback	61	-200	0.018866041474654364
972	goal + feedback	61	-150	-0.012848553763440925
972	goal + feedback	61	-100	4.2861290322582235e-4
972	goal + feedback	61	-50	-9.920537634409883e-4
972	goal + feedback	61	0	-0.008598387096774148
972	goal + feedback	61	50	0.008671446236559058
972	goal + feedback	61	100	0.021459112903225774
972	goal + feedback	61	150	0.054524612903225744
972	goal + feedback	61	200	0.04790661290322573
972	goal + feedback	61	250	0.058812779569892504
972	goal + feedback	61	300	0.03747977956989238
972	goal + feedback	61	350	0.042073446236559064
972	goal + feedback	61	400	0.05223694623655913
972	goal + feedback	61	450	0.0724219462365591
972	goal + feedback	61	500	0.12611777956989254
972	goal + feedback	61	550	0.15210727956989248
972	goal + feedback	61	600	0.1924526129032258
972	goal + feedback	61	650	0.2086352795698924
972	goal + feedback	61	700	0.20041294623655914
972	goal + feedback	61	750	0.081997446236559135
972	goal + feedback	61	800	NA
972	goal + feedback	61	850	NA
972	goal + feedback	61	900	NA
972	goal + feedback	61	950	NA
972	goal + feedback	61	1e3	NA
972	goal + feedback	61	1050	NA
972	goal + feedback	61	1100	NA
972	goal + feedback	61	1150	-0.00966138709677411
972	goal + feedback	62	-200	0.004131672811059924
972	goal + feedback	62	-150	-0.0017476129032257444
972	goal + feedback	62	-100	-0.010351779569892491
972	goal + feedback	62	-50	-0.0012849462365592441
972	goal + feedback	62	0	0.008564053763440826
972	goal + feedback	62	50	0.017338053763440886
972	goal + feedback	62	100	0.012357053763440836
972	goal + feedback	62	150	0.029780220430107567
972	goal + feedback	62	200	0.04259155376344078
972	goal + feedback	62	250	0.05390405376344084
972	goal + feedback	62	300	0.06411605376344087
972	goal + feedback	62	350	0.07794605376344081
972	goal + feedback	62	400	0.08445172043010755
972	goal + feedback	62	450	0.11288305376344081
972	goal + feedback	62	500	0.1748788870967742
972	goal + feedback	62	550	0.21704655376344073
972	goal + feedback	62	600	0.29240938709677416
972	goal + feedback	62	650	0.34064488709677415
972	goal + feedback	62	700	0.3414328870967742
972	goal + feedback	62	750	0.35602988709677413
972	goal + feedback	62	800	0.3730287204301075
972	goal + feedback	62	850	0.3992353870967742
972	goal + feedback	62	900	NA
972	goal + feedback	62	950	NA
972	goal + feedback	62	1e3	NA
972	goal + feedback	62	1050	NA
972	goal + feedback	62	1100	NA
972	goal + feedback	62	1150	NA
972	goal + feedback	63	-200	0.026935626728110357
972	goal + feedback	63	-150	0.017465983870967577
972	goal + feedback	63	-100	-4.573494623657896e-4
972	goal + feedback	63	-50	-0.020298682795699168
972	goal + feedback	63	0	-0.028134849462365812
972	goal + feedback	63	50	-0.04468768279569916
972	goal + feedback	63	100	-0.04198618279569918
972	goal + feedback	63	150	-0.028489682795699228
972	goal + feedback	63	200	-0.021960349462365764
972	goal + feedback	63	250	-0.001071182795699066
972	goal + feedback	63	300	0.049126317204300905
972	goal + feedback	63	350	0.057163650537634204
972	goal + feedback	63	400	0.06354731720430085
972	goal + feedback	63	450	0.09696298387096758
972	goal + feedback	63	500	0.11749931720430078
972	goal + feedback	63	550	0.19000131720430077
972	goal + feedback	63	600	0.26757831720430075
972	goal + feedback	63	650	0.2860813172043008
972	goal + feedback	63	700	0.21789348387096755
972	goal + feedback	63	750	0.2115706505376341
972	goal + feedback	63	800	0.1597698172043008
972	goal + feedback	63	850	0.12060015053763433
972	goal + feedback	63	900	0.0808908172043008
972	goal + feedback	63	950	0.07169765053763417
972	goal + feedback	63	1e3	0.05584273387096739
972	goal + feedback	63	1050	NA
972	goal + feedback	63	1100	NA
972	goal + feedback	63	1150	NA
972	goal + feedback	64	-200	-0.0023605253456222236
972	goal + feedback	64	-150	0.015037736559139795
972	goal + feedback	64	-100	-0.013698763440860295
972	goal + feedback	64	-50	0.01699673655913969
972	goal + feedback	64	0	-0.015581763440860449
972	goal + feedback	64	50	-0.029131930107526943
972	goal + feedback	64	100	-0.02062776344086026
972	goal + feedback	64	150	-0.02871876344086033
972	goal + feedback	64	200	-0.01946709677419367
972	goal + feedback	64	250	-0.004866096774193511
972	goal + feedback	64	300	0.01649840322580635
972	goal + feedback	64	350	0.023617403225806372
972	goal + feedback	64	400	0.05393940322580626
972	goal + feedback	64	450	0.07472706989247298
972	goal + feedback	64	500	0.11359990322580645
972	goal + feedback	64	550	0.14233673655913961
972	goal + feedback	64	600	0.16987540322580644
972	goal + feedback	64	650	0.20503040322580643
972	goal + feedback	64	700	0.17960273655913972
972	goal + feedback	64	750	0.17341206989247304
972	goal + feedback	64	800	0.14297090322580633
972	goal + feedback	64	850	0.11301973655913973
972	goal + feedback	64	900	0.06559856989247304
972	goal + feedback	64	950	0.08688010322580642
972	goal + feedback	64	1e3	0.04249490322580618
972	goal + feedback	64	1050	NA
972	goal + feedback	64	1100	NA
972	goal + feedback	64	1150	NA
972	goal + feedback	65	-200	4.3982027649766157e-4
972	goal + feedback	65	-150	0.009293844086021519
972	goal + feedback	65	-100	3.043440860214612e-4
972	goal + feedback	65	-50	-0.009698322580645144
972	goal + feedback	65	0	-4.129892473117754e-4
972	goal + feedback	65	50	-0.014873989247311833
972	goal + feedback	65	100	0.003467510752688178
972	goal + feedback	65	150	0.0025066774193548045
972	goal + feedback	65	200	-0.0038479892473118524
972	goal + feedback	65	250	-0.02421782258064516
972	goal + feedback	65	300	-0.054573822580645213
972	goal + feedback	65	350	-0.05309615591397857
972	goal + feedback	65	400	-0.030800489247311786
972	goal + feedback	65	450	-0.022836155913978546
972	goal + feedback	65	500	0.02567401075268827
972	goal + feedback	65	550	0.08232617741935488
972	goal + feedback	65	600	0.10148934408602146
972	goal + feedback	65	650	0.16414451075268813
972	goal + feedback	65	700	0.1260076774193548
972	goal + feedback	65	750	NA
972	goal + feedback	65	800	NA
972	goal + feedback	65	850	NA
972	goal + feedback	65	900	0.21614467741935472
972	goal + feedback	65	950	NA
972	goal + feedback	65	1e3	NA
972	goal + feedback	65	1050	NA
972	goal + feedback	65	1100	-0.007754322580645123
972	goal + feedback	65	1150	0.04244634408602151
972	goal + feedback	66	-200	0.008497266666666429
972	goal + feedback	66	-150	0.010096766666666554
972	goal + feedback	66	-100	-0.01139573333333351
972	goal + feedback	66	-50	-0.004153066666666779
972	goal + feedback	66	0	-0.003045233333333508
972	goal + feedback	66	50	-0.04478923333333359
972	goal + feedback	66	100	NA
972	goal + feedback	66	150	NA
972	goal + feedback	66	200	-0.13295623333333362
972	goal + feedback	66	250	-0.028292733333333524
972	goal + feedback	66	300	-0.01277173333333348
972	goal + feedback	66	350	-0.0079099000000001
972	goal + feedback	66	400	0.00861443333333319
972	goal + feedback	66	450	0.026320266666666425
972	goal + feedback	66	500	-0.038143900000000196
972	goal + feedback	66	550	-0.07596890000000019
972	goal + feedback	66	600	-0.13558590000000023
972	goal + feedback	66	650	-0.17322206666666676
972	goal + feedback	66	700	-0.1461224000000001
972	goal + feedback	66	750	-0.18169290000000013
972	goal + feedback	66	800	-0.16808773333333357
972	goal + feedback	66	850	-0.13275073333333354
972	goal + feedback	66	900	-0.10518356666666688
972	goal + feedback	66	950	-0.08549040000000015
972	goal + feedback	66	1e3	-0.04410306666666671
972	goal + feedback	66	1050	-0.043930376190476385
972	goal + feedback	66	1100	-0.043380433333333454
972	goal + feedback	66	1150	-0.09910023333333351
972	goal + feedback	67	-200	-0.016804607142857173
972	goal + feedback	67	-150	-7.529404761905667e-4
972	goal + feedback	67	-100	0.008232892857142756
972	goal + feedback	67	-50	0.016481392857142712
972	goal + feedback	67	0	-0.008711940476190616
972	goal + feedback	67	50	NA
972	goal + feedback	67	100	NA
972	goal + feedback	67	150	NA
972	goal + feedback	67	200	0.08252839285714282
972	goal + feedback	67	250	0.07255405952380951
972	goal + feedback	67	300	0.08874872619047602
972	goal + feedback	67	350	0.10333455952380947
972	goal + feedback	67	400	0.13973789285714275
972	goal + feedback	67	450	0.1444043928571428
972	goal + feedback	67	500	0.11438039285714274
972	goal + feedback	67	550	0.0787293928571428
972	goal + feedback	67	600	0.05906855952380933
972	goal + feedback	67	650	0.049033226190476085
972	goal + feedback	67	700	0.054428059523809504
972	goal + feedback	67	750	0.07410322619047616
972	goal + feedback	67	800	0.0943705595238095
972	goal + feedback	67	850	0.08613039285714279
972	goal + feedback	67	900	0.08365072619047613
972	goal + feedback	67	950	0.09718272619047615
972	goal + feedback	67	1e3	0.07475222619047606
972	goal + feedback	67	1050	0.07959239285714277
972	goal + feedback	67	1100	0.07830672619047611
972	goal + feedback	67	1150	0.10297314285714265
972	goal + feedback	68	-200	-0.01800782027649785
972	goal + feedback	68	-150	-0.017817844086021717
972	goal + feedback	68	-100	-0.009160344086021732
972	goal + feedback	68	-50	0.022855322580645005
972	goal + feedback	68	0	0.025131989247311564
972	goal + feedback	68	50	0.011174989247311565
972	goal + feedback	68	100	0.024627322580644966
972	goal + feedback	68	150	0.035168822580644875
972	goal + feedback	68	200	0.031731989247311576
972	goal + feedback	68	250	0.029351322580644917
972	goal + feedback	68	300	0.008373822580644896
972	goal + feedback	68	350	0.005225155913978208
972	goal + feedback	68	400	-0.015563010752688363
972	goal + feedback	68	450	-0.0017278440860217792
972	goal + feedback	68	500	0.019246655913978266
972	goal + feedback	68	550	0.01593398924731167
972	goal + feedback	68	600	0.06739098924731161
972	goal + feedback	68	650	0.133118822580645
972	goal + feedback	68	700	0.14995065591397827
972	goal + feedback	68	750	NA
972	goal + feedback	68	800	NA
972	goal + feedback	68	850	NA
972	goal + feedback	68	900	NA
972	goal + feedback	68	950	NA
972	goal + feedback	68	1e3	NA
972	goal + feedback	68	1050	-0.22962667741935508
972	goal + feedback	68	1100	0.10655748924731163
972	goal + feedback	68	1150	0.17614932258064497
972	goal + feedback	69	-200	-0.018816990783410276
972	goal + feedback	69	-150	-0.003112586021505622
972	goal + feedback	69	-100	0.007094080645161001
972	goal + feedback	69	-50	0.001609747311827725
972	goal + feedback	69	0	0.016361913978494513
972	goal + feedback	69	50	0.022378080645161003
972	goal + feedback	69	100	0.05339491397849453
972	goal + feedback	69	150	0.0400652473118277
972	goal + feedback	69	200	0.02882858064516114
972	goal + feedback	69	250	0.06277658064516108
972	goal + feedback	69	300	0.04896774731182781
972	goal + feedback	69	350	0.013532080645161168
972	goal + feedback	69	400	0.039788413978494454
972	goal + feedback	69	450	0.04907541397849443
972	goal + feedback	69	500	0.0819160806451611
972	goal + feedback	69	550	0.15313958064516106
972	goal + feedback	69	600	0.17582558064516104
972	goal + feedback	69	650	0.16406724731182773
972	goal + feedback	69	700	0.22746141397849437
972	goal + feedback	69	750	0.16587258064516108
972	goal + feedback	69	800	0.188898580645161
972	goal + feedback	69	850	NA
972	goal + feedback	69	900	NA
972	goal + feedback	69	950	NA
972	goal + feedback	69	1e3	NA
972	goal + feedback	69	1050	NA
972	goal + feedback	69	1100	NA
972	goal + feedback	69	1150	NA
972	goal + feedback	70	-200	0.05011933333333318
972	goal + feedback	70	-150	0.015752999999999833
972	goal + feedback	70	-100	-0.007297000000000183
972	goal + feedback	70	-50	-0.026540500000000227
972	goal + feedback	70	0	-0.03203483333333349
972	goal + feedback	70	50	-0.04176116666666685
972	goal + feedback	70	100	-0.04212916666666677
972	goal + feedback	70	150	-0.039829333333333494
972	goal + feedback	70	200	-0.027589500000000156
972	goal + feedback	70	250	-0.01628200000000013
972	goal + feedback	70	300	0.006843666666666544
972	goal + feedback	70	350	0.036702999999999784
972	goal + feedback	70	400	0.06055949999999988
972	goal + feedback	70	450	0.08183957142857119
972	goal + feedback	70	500	0.1250883333333331
972	goal + feedback	70	550	0.16665679999999972
972	goal + feedback	70	600	0.19542771428571415
972	goal + feedback	70	650	0.23357833333333314
972	goal + feedback	70	700	0.18135824999999983
972	goal + feedback	70	750	NA
972	goal + feedback	70	800	NA
972	goal + feedback	70	850	NA
972	goal + feedback	70	900	NA
972	goal + feedback	70	950	NA
972	goal + feedback	70	1e3	0.13251349999999995
972	goal + feedback	70	1050	-0.04414833333333368
972	goal + feedback	70	1100	0.1252435714285712
972	goal + feedback	70	1150	0.18188316666666648
972	goal + feedback	71	-200	5.980476190474704e-4
972	goal + feedback	71	-150	0.0028610476190475223
972	goal + feedback	71	-100	-0.010377285714285867
972	goal + feedback	71	-50	NA
972	goal + feedback	71	0	NA
972	goal + feedback	71	50	0.051028714285714205
972	goal + feedback	71	100	-0.007110119047619194
972	goal + feedback	71	150	0.0013980476190475304
972	goal + feedback	71	200	0.02067038095238094
972	goal + feedback	71	250	0.07354471428571419
972	goal + feedback	71	300	0.09711088095238085
972	goal + feedback	71	350	0.08625854761904754
972	goal + feedback	71	400	0.04614021428571413
972	goal + feedback	71	450	0.008808380952380901
972	goal + feedback	71	500	0.001347714285714267
972	goal + feedback	71	550	-0.023225952380952524
972	goal + feedback	71	600	0.00045838095238082133
972	goal + feedback	71	650	0.06811988095238086
972	goal + feedback	71	700	0.08424504761904757
972	goal + feedback	71	750	0.1517667142857142
972	goal + feedback	71	800	NA
972	goal + feedback	71	850	NA
972	goal + feedback	71	900	NA
972	goal + feedback	71	950	NA
972	goal + feedback	71	1e3	NA
972	goal + feedback	71	1050	NA
972	goal + feedback	71	1100	NA
972	goal + feedback	71	1150	NA
972	goal + feedback	72	-200	-0.033782557603686696
972	goal + feedback	72	-150	0.005994537634408455
972	goal + feedback	72	-100	0.012656370967741859
972	goal + feedback	72	-50	0.0012423709677418977
972	goal + feedback	72	0	0.01951970430107523
972	goal + feedback	72	50	0.057562370967741826
972	goal + feedback	72	100	0.05465353763440861
972	goal + feedback	72	150	0.07366103763440861
972	goal + feedback	72	200	0.08510537096774184
972	goal + feedback	72	250	0.06907170430107519
972	goal + feedback	72	300	0.057478704301075156
972	goal + feedback	72	350	0.03439487096774182
972	goal + feedback	72	400	0.021227037634408436
972	goal + feedback	72	450	0.060193870967741946
972	goal + feedback	72	500	0.10491103763440852
972	goal + feedback	72	550	0.14822270430107518
972	goal + feedback	72	600	0.19753153763440853
972	goal + feedback	72	650	0.23901720430107512
972	goal + feedback	72	700	0.25871070430107523
972	goal + feedback	72	750	0.20000120430107518
972	goal + feedback	72	800	NA
972	goal + feedback	72	850	NA
972	goal + feedback	72	900	NA
972	goal + feedback	72	950	NA
972	goal + feedback	72	1e3	0.11278987096774173
972	goal + feedback	72	1050	-0.15133532903225816
972	goal + feedback	72	1100	-0.1017839623655914
972	goal + feedback	72	1150	0.15712720430107527
972	goal + feedback	73	-200	NA
972	goal + feedback	73	-150	NA
972	goal + feedback	73	-100	NA
972	goal + feedback	73	-50	-0.09055081818181836
972	goal + feedback	73	0	0.10866098181818167
972	goal + feedback	73	50	0.10923084848484839
972	goal + feedback	73	100	0.10318301515151503
972	goal + feedback	73	150	0.0639823484848483
972	goal + feedback	73	200	0.006894515151515031
972	goal + feedback	73	250	-0.04343565151515172
972	goal + feedback	73	300	-0.10888631818181833
972	goal + feedback	73	350	-0.14550681818181835
972	goal + feedback	73	400	-0.17202881818181828
972	goal + feedback	73	450	-0.1827176515151517
972	goal + feedback	73	500	-0.1669691515151516
972	goal + feedback	73	550	-0.12824748484848492
972	goal + feedback	73	600	-0.062096151515151764
972	goal + feedback	73	650	-0.02452915151515171
972	goal + feedback	73	700	-0.02038215151515173
972	goal + feedback	73	750	-0.02517265151515165
972	goal + feedback	73	800	-0.063746484848485
972	goal + feedback	73	850	-0.011499818181818444
972	goal + feedback	73	900	NA
972	goal + feedback	73	950	NA
972	goal + feedback	73	1e3	NA
972	goal + feedback	73	1050	NA
972	goal + feedback	73	1100	NA
972	goal + feedback	73	1150	-0.20419281818181823
972	goal + feedback	74	-200	0.020683400000000168
972	goal + feedback	74	-150	-0.007547099999999807
972	goal + feedback	74	-100	0.0017037333333335496
972	goal + feedback	74	-50	-0.010630933333333129
972	goal + feedback	74	0	-0.004209099999999817
972	goal + feedback	74	50	-0.004726766666666382
972	goal + feedback	74	100	0.03866156666666698
972	goal + feedback	74	150	0.0355950666666669
972	goal + feedback	74	200	0.08078090000000022
972	goal + feedback	74	250	0.08565706666666688
972	goal + feedback	74	300	0.10526628095238115
972	goal + feedback	74	350	0.13953256666666677
972	goal + feedback	74	400	0.15736140000000018
972	goal + feedback	74	450	0.2027627333333335
972	goal + feedback	74	500	0.22804696666666685
972	goal + feedback	74	550	0.2523534000000001
972	goal + feedback	74	600	0.3420687333333335
972	goal + feedback	74	650	NA
972	goal + feedback	74	700	NA
972	goal + feedback	74	750	NA
972	goal + feedback	74	800	NA
972	goal + feedback	74	850	NA
972	goal + feedback	74	900	NA
972	goal + feedback	74	950	NA
972	goal + feedback	74	1e3	NA
972	goal + feedback	74	1050	NA
972	goal + feedback	74	1100	NA
972	goal + feedback	74	1150	NA
972	goal + feedback	75	-200	-0.03307256666666647
972	goal + feedback	75	-150	0.0034421000000000776
972	goal + feedback	75	-100	-0.004592066666666635
972	goal + feedback	75	-50	0.0071554333333333124
972	goal + feedback	75	0	0.02706710000000016
972	goal + feedback	75	50	0.04454960000000008
972	goal + feedback	75	100	0.05124610000000004
972	goal + feedback	75	150	0.06826376666666678
972	goal + feedback	75	200	0.10037860000000005
972	goal + feedback	75	250	0.15728443333333333
972	goal + feedback	75	300	0.17765210000000006
972	goal + feedback	75	350	0.19259326666666668
972	goal + feedback	75	400	0.2372832666666668
972	goal + feedback	75	450	0.25121393333333336
972	goal + feedback	75	500	0.25368643333333346
972	goal + feedback	75	550	0.26462710000000006
972	goal + feedback	75	600	0.2547612666666667
972	goal + feedback	75	650	0.24145143333333344
972	goal + feedback	75	700	0.2668324333333334
972	goal + feedback	75	750	0.25328160000000016
972	goal + feedback	75	800	0.2075399333333335
972	goal + feedback	75	850	0.21229968333333338
972	goal + feedback	75	900	NA
972	goal + feedback	75	950	NA
972	goal + feedback	75	1e3	NA
972	goal + feedback	75	1050	NA
972	goal + feedback	75	1100	NA
972	goal + feedback	75	1150	NA
972	goal + feedback	76	-200	0.02164504608294937
972	goal + feedback	76	-150	0.00817523655913995
972	goal + feedback	76	-100	-0.005438263440860143
972	goal + feedback	76	-50	-0.009020430107526808
972	goal + feedback	76	0	-0.01896909677419349
972	goal + feedback	76	50	-0.043851096774193486
972	goal + feedback	76	100	0.033816569892473204
972	goal + feedback	76	150	0.024237069892473206
972	goal + feedback	76	200	0.05157806989247319
972	goal + feedback	76	250	0.06394840322580657
972	goal + feedback	76	300	0.0862094032258065
972	goal + feedback	76	350	0.1049552365591399
972	goal + feedback	76	400	0.12693923655913988
972	goal + feedback	76	450	0.1335325698924731
972	goal + feedback	76	500	0.07362906989247316
972	goal + feedback	76	550	0.07766306989247325
972	goal + feedback	76	600	0.055305069892473226
972	goal + feedback	76	650	0.04863490322580658
972	goal + feedback	76	700	0.03289306989247328
972	goal + feedback	76	750	-0.020554346774193544
972	goal + feedback	76	800	NA
972	goal + feedback	76	850	NA
972	goal + feedback	76	900	NA
972	goal + feedback	76	950	NA
972	goal + feedback	76	1e3	NA
972	goal + feedback	76	1050	NA
972	goal + feedback	76	1100	NA
972	goal + feedback	76	1150	NA
972	goal + feedback	77	-200	-0.015204308755760287
972	goal + feedback	77	-150	-0.013874951612903011
972	goal + feedback	77	-100	0.014740215053763514
972	goal + feedback	77	-50	0.024050048387096973
972	goal + feedback	77	0	-0.007176951612903141
972	goal + feedback	77	50	0.01207738172043027
972	goal + feedback	77	100	0.009119548387096868
972	goal + feedback	77	150	0.002974548387096876
972	goal + feedback	77	200	0.009427548387096918
972	goal + feedback	77	250	0.025487715053763644
972	goal + feedback	77	300	0.02084921505376358
972	goal + feedback	77	350	0.015337881720430158
972	goal + feedback	77	400	0.018377715053763472
972	goal + feedback	77	450	0.06418571505376362
972	goal + feedback	77	500	0.10293021505376358
972	goal + feedback	77	550	0.17281521505376354
972	goal + feedback	77	600	0.19621854838709693
972	goal + feedback	77	650	0.23439938172043018
972	goal + feedback	77	700	0.24370014838709678
972	goal + feedback	77	750	NA
972	goal + feedback	77	800	NA
972	goal + feedback	77	850	NA
972	goal + feedback	77	900	NA
972	goal + feedback	77	950	NA
972	goal + feedback	77	1e3	NA
972	goal + feedback	77	1050	NA
972	goal + feedback	77	1100	NA
972	goal + feedback	77	1150	NA
972	goal + feedback	78	-200	0.0029751198156680353
972	goal + feedback	78	-150	-0.009752451612903501
972	goal + feedback	78	-100	-0.002979618279570051
972	goal + feedback	78	-50	-0.007730618279570149
972	goal + feedback	78	0	0.016991715053763217
972	goal + feedback	78	50	0.014418215053763209
972	goal + feedback	78	100	0.014446881720429886
972	goal + feedback	78	150	0.024805215053763208
972	goal + feedback	78	200	0.009704881720429936
972	goal + feedback	78	250	0.008724215053763048
972	goal + feedback	78	300	-0.00515211827957011
972	goal + feedback	78	350	0.04246104838709649
972	goal + feedback	78	400	0.020636715053763188
972	goal + feedback	78	450	0.04562788172042994
972	goal + feedback	78	500	0.11943604838709643
972	goal + feedback	78	550	0.12867604838709648
972	goal + feedback	78	600	0.13303621505376317
972	goal + feedback	78	650	0.1937345483870967
972	goal + feedback	78	700	NA
972	goal + feedback	78	750	NA
972	goal + feedback	78	800	NA
972	goal + feedback	78	850	0.053911048387096594
972	goal + feedback	78	900	-0.2067472016129035
972	goal + feedback	78	950	-0.07123102304147493
972	goal + feedback	78	1e3	0.05994421505376309
972	goal + feedback	78	1050	0.0874848817204299
972	goal + feedback	78	1100	0.1346907150537632
972	goal + feedback	78	1150	0.1263433817204299
972	goal + feedback	79	-200	-3.422027649768416e-4
972	goal + feedback	79	-150	0.0030723924731183385
972	goal + feedback	79	-100	0.005559225806451777
972	goal + feedback	79	-50	0.0020083924731183847
972	goal + feedback	79	0	-0.010240774193548333
972	goal + feedback	79	50	-0.014819607526881606
972	goal + feedback	79	100	-0.008331607526881632
972	goal + feedback	79	150	0.007424059139785093
972	goal + feedback	79	200	0.01794105913978498
972	goal + feedback	79	250	0.017311392473118453
972	goal + feedback	79	300	0.019867559139784996
972	goal + feedback	79	350	0.030610559139785016
972	goal + feedback	79	400	0.05794989247311847
972	goal + feedback	79	450	0.10442289247311838
972	goal + feedback	79	500	0.147128059139785
972	goal + feedback	79	550	0.18161355913978508
972	goal + feedback	79	600	0.20090405913978512
972	goal + feedback	79	650	0.2791122258064516
972	goal + feedback	79	700	NA
972	goal + feedback	79	750	NA
972	goal + feedback	79	800	NA
972	goal + feedback	79	850	NA
972	goal + feedback	79	900	NA
972	goal + feedback	79	950	NA
972	goal + feedback	79	1e3	-0.12157927419354819
972	goal + feedback	79	1050	0.12384942580645175
972	goal + feedback	79	1100	-0.023401774193548237
972	goal + feedback	79	1150	0.3476450258064518
972	goal + feedback	80	-200	0.010928801843317666
972	goal + feedback	80	-150	0.04014468279569875
972	goal + feedback	80	-100	0.021316682795698687
972	goal + feedback	80	-50	-0.026094817204301252
972	goal + feedback	80	0	-0.04811681720430124
972	goal + feedback	80	50	-0.05680398387096804
972	goal + feedback	80	100	-0.06878831720430127
972	goal + feedback	80	150	-0.10006515053763465
972	goal + feedback	80	200	-0.0945983172043013
972	goal + feedback	80	250	-0.11110031720430132
972	goal + feedback	80	300	-0.13270515053763457
972	goal + feedback	80	350	-0.148888483870968
972	goal + feedback	80	400	-0.12423798387096796
972	goal + feedback	80	450	-0.14221298387096795
972	goal + feedback	80	500	-0.08343715053763472
972	goal + feedback	80	550	-0.04922548387096796
972	goal + feedback	80	600	-0.018736983870967967
972	goal + feedback	80	650	0.022473849462365303
972	goal + feedback	80	700	-0.18095548387096816
972	goal + feedback	80	750	NA
972	goal + feedback	80	800	NA
972	goal + feedback	80	850	NA
972	goal + feedback	80	900	NA
972	goal + feedback	80	950	NA
972	goal + feedback	80	1e3	NA
972	goal + feedback	80	1050	NA
972	goal + feedback	80	1100	0.07913651612903183
972	goal + feedback	80	1150	-0.151010983870968
972	goal + feedback	81	-200	4.2695852534560937e-4
972	goal + feedback	81	-150	0.006902720430107312
972	goal + feedback	81	-100	-0.006851112903225968
972	goal + feedback	81	-50	-0.001401612903225861
972	goal + feedback	81	0	8.518870967741213e-4
972	goal + feedback	81	50	-0.004913779569892585
972	goal + feedback	81	100	-0.01884644623655925
972	goal + feedback	81	150	-0.012980446236559251
972	goal + feedback	81	200	-0.029854779569892614
972	goal + feedback	81	250	-0.01711761290322585
972	goal + feedback	81	300	-0.05394161290322582
972	goal + feedback	81	350	-0.05120577956989266
972	goal + feedback	81	400	-0.04492494623655929
972	goal + feedback	81	450	-0.045492946236559195
972	goal + feedback	81	500	-0.02948644623655931
972	goal + feedback	81	550	-0.005540946236559281
972	goal + feedback	81	600	0.01677905376344076
972	goal + feedback	81	650	0.02054388709677409
972	goal + feedback	81	700	0.032240720430107395
972	goal + feedback	81	750	NA
972	goal + feedback	81	800	NA
972	goal + feedback	81	850	NA
972	goal + feedback	81	900	NA
972	goal + feedback	81	950	NA
972	goal + feedback	81	1e3	NA
972	goal + feedback	81	1050	NA
972	goal + feedback	81	1100	NA
972	goal + feedback	81	1150	NA
972	goal + feedback	82	-200	-0.019089488479262822
972	goal + feedback	82	-150	-0.01415160752688179
972	goal + feedback	82	-100	-0.006171940860215219
972	goal + feedback	82	-50	0.0037692258064514483
972	goal + feedback	82	0	0.03882539247311826
972	goal + feedback	82	50	0.016124725806451485
972	goal + feedback	82	100	0.017742559139784914
972	goal + feedback	82	150	0.011706892473118069
972	goal + feedback	82	200	0.006095225806451572
972	goal + feedback	82	250	0.02353255913978473
972	goal + feedback	82	300	0.010385725806451548
972	goal + feedback	82	350	0.060741725806451465
972	goal + feedback	82	400	0.05620122580645156
972	goal + feedback	82	450	0.06870972580645152
972	goal + feedback	82	500	0.08844139247311815
972	goal + feedback	82	550	0.13301672580645155
972	goal + feedback	82	600	0.16291505913978477
972	goal + feedback	82	650	0.16605505913978477
972	goal + feedback	82	700	0.12095772580645152
972	goal + feedback	82	750	0.09371772580645144
972	goal + feedback	82	800	NA
972	goal + feedback	82	850	NA
972	goal + feedback	82	900	NA
972	goal + feedback	82	950	NA
972	goal + feedback	82	1e3	NA
972	goal + feedback	82	1050	NA
972	goal + feedback	82	1100	-0.12169127419354842
972	goal + feedback	82	1150	0.08287905913978484
972	goal + feedback	83	-200	-0.001457682027649668
972	goal + feedback	83	-150	0.011413532258064555
972	goal + feedback	83	-100	0.0029716989247312586
972	goal + feedback	83	-50	-0.005924967741935368
972	goal + feedback	83	0	-0.0067596344086020554
972	goal + feedback	83	50	-0.04320130107526876
972	goal + feedback	83	100	-0.06783263440860206
972	goal + feedback	83	150	-0.08206613440860207
972	goal + feedback	83	200	-0.10257996774193538
972	goal + feedback	83	250	-0.12004063440860202
972	goal + feedback	83	300	-0.1325418010752688
972	goal + feedback	83	350	-0.12066246774193545
972	goal + feedback	83	400	-0.08834330107526878
972	goal + feedback	83	450	-0.08716913440860208
972	goal + feedback	83	500	-0.10322746774193536
972	goal + feedback	83	550	-0.059999967741935466
972	goal + feedback	83	600	-0.05065996774193541
972	goal + feedback	83	650	-0.0502296344086021
972	goal + feedback	83	700	-0.01706163440860209
972	goal + feedback	83	750	NA
972	goal + feedback	83	800	NA
972	goal + feedback	83	850	NA
972	goal + feedback	83	900	NA
972	goal + feedback	83	950	NA
972	goal + feedback	83	1e3	NA
972	goal + feedback	83	1050	NA
972	goal + feedback	83	1100	NA
972	goal + feedback	83	1150	-0.5390539677419355
972	goal + feedback	84	-200	0.012975133640552932
972	goal + feedback	84	-150	0.028393086021505216
972	goal + feedback	84	-100	-0.006744747311827985
972	goal + feedback	84	-50	-0.01908041397849473
972	goal + feedback	84	0	-0.017705580645161294
972	goal + feedback	84	50	-0.07735391397849474
972	goal + feedback	84	100	-0.09973674731182802
972	goal + feedback	84	150	-0.09750091397849474
972	goal + feedback	84	200	-0.11399291397849469
972	goal + feedback	84	250	-0.11631024731182797
972	goal + feedback	84	300	-0.10457074731182803
972	goal + feedback	84	350	-0.13790041397849473
972	goal + feedback	84	400	-0.1444760806451614
972	goal + feedback	84	450	-0.14691058064516146
972	goal + feedback	84	500	-0.12487424731182799
972	goal + feedback	84	550	-0.06805024731182807
972	goal + feedback	84	600	-0.037462747311827936
972	goal + feedback	84	650	-5.175806451613122e-4
972	goal + feedback	84	700	NA
972	goal + feedback	84	750	NA
972	goal + feedback	84	800	NA
972	goal + feedback	84	850	NA
972	goal + feedback	84	900	NA
972	goal + feedback	84	950	-0.1618890806451614
972	goal + feedback	84	1e3	-0.365623247311828
972	goal + feedback	84	1050	-0.38042974731182794
972	goal + feedback	84	1100	-0.06453358064516124
972	goal + feedback	84	1150	NA
972	goal + feedback	85	-200	0.05874488479262663
972	goal + feedback	85	-150	0.06664690860215046
972	goal + feedback	85	-100	0.03497424193548385
972	goal + feedback	85	-50	-0.0368862580645161
972	goal + feedback	85	0	-0.13327059139784958
972	goal + feedback	85	50	-0.22123992473118284
972	goal + feedback	85	100	-0.26520975806451624
972	goal + feedback	85	150	-0.33834125806451615
972	goal + feedback	85	200	-0.3691197580645162
972	goal + feedback	85	250	-0.38343875806451627
972	goal + feedback	85	300	-0.38252025806451617
972	goal + feedback	85	350	-0.38306759139784957
972	goal + feedback	85	400	-0.36917442473118284
972	goal + feedback	85	450	-0.33909459139784953
972	goal + feedback	85	500	-0.2784257580645162
972	goal + feedback	85	550	-0.2192532580645162
972	goal + feedback	85	600	-0.1835800913978495
972	goal + feedback	85	650	-0.11910792473118288
972	goal + feedback	85	700	-0.09105342473118279
972	goal + feedback	85	750	-0.10381592473118288
972	goal + feedback	85	800	NA
972	goal + feedback	85	850	NA
972	goal + feedback	85	900	NA
972	goal + feedback	85	950	NA
972	goal + feedback	85	1e3	-0.3664342580645161
972	goal + feedback	85	1050	-0.4237666580645162
972	goal + feedback	85	1100	-0.38600875806451623
972	goal + feedback	85	1150	-0.35377342473118295
972	goal + feedback	86	-200	-6.762488479261007e-4
972	goal + feedback	86	-150	-0.004861677419354764
972	goal + feedback	86	-100	0.006147489247311973
972	goal + feedback	86	-50	0.00739332258064529
972	goal + feedback	86	0	-0.007890177419354641
972	goal + feedback	86	50	-0.006140010752688108
972	goal + feedback	86	100	-0.012760010752687956
972	goal + feedback	86	150	-0.030879844086021402
972	goal + feedback	86	200	-0.025311510752688005
972	goal + feedback	86	250	-0.036096177419354745
972	goal + feedback	86	300	-0.02884034408602128
972	goal + feedback	86	350	-0.044002010752688024
972	goal + feedback	86	400	-0.03885267741935464
972	goal + feedback	86	450	-0.03907451075268805
972	goal + feedback	86	500	-0.021921010752688003
972	goal + feedback	86	550	0.006953155913978604
972	goal + feedback	86	600	0.03274132258064529
972	goal + feedback	86	650	-0.005108177419354654
972	goal + feedback	86	700	NA
972	goal + feedback	86	750	NA
972	goal + feedback	86	800	NA
972	goal + feedback	86	850	NA
972	goal + feedback	86	900	NA
972	goal + feedback	86	950	-0.19408247741935467
972	goal + feedback	86	1e3	-0.2981208440860213
972	goal + feedback	86	1050	-0.005504077419354658
972	goal + feedback	86	1100	0.0353516559139786
972	goal + feedback	86	1150	0.09237298924731197
972	goal + feedback	87	-200	-0.0012844055299538074
972	goal + feedback	87	-150	-0.008961715053763234
972	goal + feedback	87	-100	-0.008221048387096733
972	goal + feedback	87	-50	-0.0014483817204299736
972	goal + feedback	87	0	0.020129618279569977
972	goal + feedback	87	50	0.01526845161290328
972	goal + feedback	87	100	0.04225111827957003
972	goal + feedback	87	150	0.05194145161290331
972	goal + feedback	87	200	0.059240951612903325
972	goal + feedback	87	250	0.07125878494623672
972	goal + feedback	87	300	0.06316711827956989
972	goal + feedback	87	350	0.06116645161290327
972	goal + feedback	87	400	0.08112245161290337
972	goal + feedback	87	450	0.12152861827957
972	goal + feedback	87	500	0.14898295161290323
972	goal + feedback	87	550	0.1902337849462367
972	goal + feedback	87	600	0.24122495161290325
972	goal + feedback	87	650	0.25298245161290334
972	goal + feedback	87	700	0.2628904516129033
972	goal + feedback	87	750	NA
972	goal + feedback	87	800	NA
972	goal + feedback	87	850	NA
972	goal + feedback	87	900	NA
972	goal + feedback	87	950	NA
972	goal + feedback	87	1e3	NA
972	goal + feedback	87	1050	NA
972	goal + feedback	87	1100	NA
972	goal + feedback	87	1150	NA
972	goal + feedback	88	-200	-0.029263907834101616
972	goal + feedback	88	-150	0.027957139784946
972	goal + feedback	88	-100	0.027285806451612753
972	goal + feedback	88	-50	0.004879473118279372
972	goal + feedback	88	0	-0.02598119354838735
972	goal + feedback	88	50	-0.008866026881720742
972	goal + feedback	88	100	-0.05099302688172069
972	goal + feedback	88	150	-0.07145769354838734
972	goal + feedback	88	200	-0.05263436021505408
972	goal + feedback	88	250	-0.03602469354838737
972	goal + feedback	88	300	-0.04159619354838743
972	goal + feedback	88	350	-0.06016919354838731
972	goal + feedback	88	400	-0.023018193548387373
972	goal + feedback	88	450	0.01657330645161263
972	goal + feedback	88	500	0.038959973118279256
972	goal + feedback	88	550	-0.0107995268817207
972	goal + feedback	88	600	0.011038473118279324
972	goal + feedback	88	650	0.04212580645161257
972	goal + feedback	88	700	0.09599563978494603
972	goal + feedback	88	750	0.15815163978494598
972	goal + feedback	88	800	0.20213213978494596
972	goal + feedback	88	850	0.23829880645161264
972	goal + feedback	88	900	0.13285480645161263
972	goal + feedback	88	950	NA
972	goal + feedback	88	1e3	NA
972	goal + feedback	88	1050	NA
972	goal + feedback	88	1100	NA
972	goal + feedback	88	1150	NA
972	goal + feedback	89	-200	-0.021801266666666635
972	goal + feedback	89	-150	-0.005201266666666611
972	goal + feedback	89	-100	0.011982066666666716
972	goal + feedback	89	-50	0.00997906666666674
972	goal + feedback	89	0	0.005041400000000011
972	goal + feedback	89	50	0.004574233333333326
972	goal + feedback	89	100	0.007281733333333336
972	goal + feedback	89	150	7.850666666667413e-4
972	goal + feedback	89	200	0.02041901904761913
972	goal + feedback	89	250	0.02961523333333334
972	goal + feedback	89	300	0.03860739999999999
972	goal + feedback	89	350	0.0743880666666666
972	goal + feedback	89	400	0.07987106666666673
972	goal + feedback	89	450	0.07402756666666661
972	goal + feedback	89	500	0.10560606666666672
972	goal + feedback	89	550	0.11276156666666674
972	goal + feedback	89	600	0.14894440000000006
972	goal + feedback	89	650	0.024341733333333337
972	goal + feedback	89	700	NA
972	goal + feedback	89	750	NA
972	goal + feedback	89	800	NA
972	goal + feedback	89	850	NA
972	goal + feedback	89	900	NA
972	goal + feedback	89	950	NA
972	goal + feedback	89	1e3	NA
972	goal + feedback	89	1050	NA
972	goal + feedback	89	1100	NA
972	goal + feedback	89	1150	NA
972	goal + feedback	90	-200	-0.010461055299539128
972	goal + feedback	90	-150	-0.01952565053763437
972	goal + feedback	90	-100	-0.008020650537634344
972	goal + feedback	90	-50	0.02391584946236554
972	goal + feedback	90	0	0.015835016129032226
972	goal + feedback	90	50	0.015736182795698994
972	goal + feedback	90	100	0.025773682795698843
972	goal + feedback	90	150	0.01349884946236557
972	goal + feedback	90	200	0.013074349462365594
972	goal + feedback	90	250	0.0019496827956989222
972	goal + feedback	90	300	-0.02596865053763442
972	goal + feedback	90	350	-0.05741465053763443
972	goal + feedback	90	400	-0.07887698387096768
972	goal + feedback	90	450	-0.07599015053763443
972	goal + feedback	90	500	-0.06645465053763429
972	goal + feedback	90	550	-0.036592650537634386
972	goal + feedback	90	600	-0.029742983870967743
972	goal + feedback	90	650	0.006325349462365552
972	goal + feedback	90	700	0.052932849462365685
972	goal + feedback	90	750	NA
972	goal + feedback	90	800	NA
972	goal + feedback	90	850	NA
972	goal + feedback	90	900	NA
972	goal + feedback	90	950	NA
972	goal + feedback	90	1e3	NA
972	goal + feedback	90	1050	NA
972	goal + feedback	90	1100	NA
972	goal + feedback	90	1150	NA
972	goal + feedback	91	-200	0.022462364055299666
972	goal + feedback	91	-150	0.004722268817204463
972	goal + feedback	91	-100	0.018123602150537838
972	goal + feedback	91	-50	-0.018352397849462188
972	goal + feedback	91	0	-0.030699564516128836
972	goal + feedback	91	50	-0.0368297311827955
972	goal + feedback	91	100	-0.03750639784946216
972	goal + feedback	91	150	-0.0314797311827956
972	goal + feedback	91	200	-0.026253231182795506
972	goal + feedback	91	250	-0.02822473118279552
972	goal + feedback	91	300	-0.021672231182795487
972	goal + feedback	91	350	-0.021833397849462182
972	goal + feedback	91	400	-0.024572231182795612
972	goal + feedback	91	450	-8.533978494621822e-4
972	goal + feedback	91	500	0.030918768817204494
972	goal + feedback	91	550	0.08868060215053782
972	goal + feedback	91	600	0.12397643548387105
972	goal + feedback	91	650	0.043822435483871214
972	goal + feedback	91	700	NA
972	goal + feedback	91	750	NA
972	goal + feedback	91	800	-0.4601500645161288
972	goal + feedback	91	850	-0.1740462311827955
972	goal + feedback	91	900	-0.22828581451612873
972	goal + feedback	91	950	-0.00531656451612883
972	goal + feedback	91	1e3	-0.006286897849462199
972	goal + feedback	91	1050	0.04639326881720448
972	goal + feedback	91	1100	0.06111376881720454
972	goal + feedback	91	1150	0.03327610215053781
972	goal + feedback	92	-200	-0.017496668202765076
972	goal + feedback	92	-150	-0.015618763440860217
972	goal + feedback	92	-100	-0.010520096774193632
972	goal + feedback	92	-50	0.011924403225806346
972	goal + feedback	92	0	0.03462723655913965
972	goal + feedback	92	50	0.04045473655913967
972	goal + feedback	92	100	0.055512569892472996
972	goal + feedback	92	150	0.06443323655913973
972	goal + feedback	92	200	0.07186473655913968
972	goal + feedback	92	250	0.07717290322580646
972	goal + feedback	92	300	0.10100040322580643
972	goal + feedback	92	350	0.11973390322580639
972	goal + feedback	92	400	0.13535756989247302
972	goal + feedback	92	450	0.17224156989247294
972	goal + feedback	92	500	0.20231606989247308
972	goal + feedback	92	550	0.24434273655913974
972	goal + feedback	92	600	0.2659725698924731
972	goal + feedback	92	650	0.26252506989247304
972	goal + feedback	92	700	0.2119057365591396
972	goal + feedback	92	750	0.15926590322580628
972	goal + feedback	92	800	NA
972	goal + feedback	92	850	NA
972	goal + feedback	92	900	NA
972	goal + feedback	92	950	-0.08473909677419367
972	goal + feedback	92	1e3	-0.010571763440860268
972	goal + feedback	92	1050	-0.04906326344086039
972	goal + feedback	92	1100	0.16319206989247306
972	goal + feedback	92	1150	0.2205640698924729
972	goal + feedback	93	-200	0.046733460829493305
972	goal + feedback	93	-150	0.048143032258064565
972	goal + feedback	93	-100	-1.2296774193528334e-4
972	goal + feedback	93	-50	-0.03726146774193525
972	goal + feedback	93	0	-0.06528096774193533
972	goal + feedback	93	50	-0.09864046774193531
972	goal + feedback	93	100	-0.10664730107526865
972	goal + feedback	93	150	-0.11851946774193538
972	goal + feedback	93	200	-0.11829230107526863
972	goal + feedback	93	250	-0.121064634408602
972	goal + feedback	93	300	-0.08480630107526865
972	goal + feedback	93	350	-0.08091513440860203
972	goal + feedback	93	400	-0.06869780107526857
972	goal + feedback	93	450	-0.046277301075268694
972	goal + feedback	93	500	-0.031650967741935286
972	goal + feedback	93	550	-0.022217134408601884
972	goal + feedback	93	600	-0.007969967741935443
972	goal + feedback	93	650	0.025209365591398008
972	goal + feedback	93	700	0.007616698924731343
972	goal + feedback	93	750	0.003956365591397966
972	goal + feedback	93	800	-0.029481467741935274
972	goal + feedback	93	850	NA
972	goal + feedback	93	900	NA
972	goal + feedback	93	950	NA
972	goal + feedback	93	1e3	-0.2460989677419354
972	goal + feedback	93	1050	-0.23665563440860207
972	goal + feedback	93	1100	-0.16525446774193542
972	goal + feedback	93	1150	-0.016258134408601983
972	goal + feedback	94	-200	-0.024915566820276576
972	goal + feedback	94	-150	-0.016693876344086107
972	goal + feedback	94	-100	-0.005504209677419454
972	goal + feedback	94	-50	0.01797879032258054
972	goal + feedback	94	0	0.03328745698924718
972	goal + feedback	94	50	0.05477362365591384
972	goal + feedback	94	100	0.07645112365591385
972	goal + feedback	94	150	0.08241279032258064
972	goal + feedback	94	200	0.08141195698924715
972	goal + feedback	94	250	0.11600912365591376
972	goal + feedback	94	300	0.1294569569892472
972	goal + feedback	94	350	0.13644729032258054
972	goal + feedback	94	400	0.14771912365591397
972	goal + feedback	94	450	0.1748232903225805
972	goal + feedback	94	500	0.22425595698924727
972	goal + feedback	94	550	0.2409042903225805
972	goal + feedback	94	600	0.2649766903225806
972	goal + feedback	94	650	NA
972	goal + feedback	94	700	NA
972	goal + feedback	94	750	NA
972	goal + feedback	94	800	NA
972	goal + feedback	94	850	NA
972	goal + feedback	94	900	-0.028098209677419606
972	goal + feedback	94	950	0.13058729032258048
972	goal + feedback	94	1e3	0.19687279032258057
972	goal + feedback	94	1050	0.22967479032258042
972	goal + feedback	94	1100	0.29820795698924724
972	goal + feedback	94	1150	NA
972	goal + feedback	95	-200	0.022994833333333187
972	goal + feedback	95	-150	0.013168499999999842
972	goal + feedback	95	-100	-1.791666666667672e-4
972	goal + feedback	95	-50	-0.012418000000000115
972	goal + feedback	95	0	-0.023566166666666593
972	goal + feedback	95	50	-0.014614500000000122
972	goal + feedback	95	100	-0.008451333333333514
972	goal + feedback	95	150	-0.02779633333333346
972	goal + feedback	95	200	-0.02507566666666679
972	goal + feedback	95	250	-0.04924033333333341
972	goal + feedback	95	300	-0.043364666666666794
972	goal + feedback	95	350	-0.043090833333333446
972	goal + feedback	95	400	-0.05376216666666678
972	goal + feedback	95	450	-0.02879333333333345
972	goal + feedback	95	500	-0.010093666666666815
972	goal + feedback	95	550	0.032634166666666596
972	goal + feedback	95	600	0.07430399999999986
972	goal + feedback	95	650	0.12070366666666654
972	goal + feedback	95	700	0.09774346666666656
972	goal + feedback	95	750	NA
972	goal + feedback	95	800	NA
972	goal + feedback	95	850	NA
972	goal + feedback	95	900	NA
972	goal + feedback	95	950	NA
972	goal + feedback	95	1e3	NA
972	goal + feedback	95	1050	NA
972	goal + feedback	95	1100	-0.09216833333333341
972	goal + feedback	95	1150	-0.28494147619047633
972	goal + feedback	96	-200	-0.011719972350230241
972	goal + feedback	96	-150	-0.003758424731182671
972	goal + feedback	96	-100	0.007765575268817419
972	goal + feedback	96	-50	0.00829090860215076
972	goal + feedback	96	0	0.001375241935484069
972	goal + feedback	96	50	-0.006223424731182536
972	goal + feedback	96	100	-0.01756725806451594
972	goal + feedback	96	150	-0.017254924731182546
972	goal + feedback	96	200	-0.021763591397849263
972	goal + feedback	96	250	-0.013912091397849288
972	goal + feedback	96	300	-0.022591924731182544
972	goal + feedback	96	350	-0.013966091397849212
972	goal + feedback	96	400	-0.010168924731182619
972	goal + feedback	96	450	0.0287385752688174
972	goal + feedback	96	500	0.06087924193548407
972	goal + feedback	96	550	0.093330741935484
972	goal + feedback	96	600	0.12075057526881731
972	goal + feedback	96	650	0.12966624193548415
972	goal + feedback	96	700	0.16365224193548422
972	goal + feedback	96	750	NA
972	goal + feedback	96	800	NA
972	goal + feedback	96	850	NA
972	goal + feedback	96	900	NA
972	goal + feedback	96	950	NA
972	goal + feedback	96	1e3	NA
972	goal + feedback	96	1050	NA
972	goal + feedback	96	1100	-0.2299969247311826
972	goal + feedback	96	1150	-0.18710642473118252
972	goal + feedback	97	-200	-0.06818002304147466
972	goal + feedback	97	-150	-0.02908178494623659
972	goal + feedback	97	-100	0.010241715053763478
972	goal + feedback	97	-50	0.04513988172043019
972	goal + feedback	97	0	0.05324354838709685
972	goal + feedback	97	50	0.0817247150537636
972	goal + feedback	97	100	0.09085521505376352
972	goal + feedback	97	150	0.08777454838709686
972	goal + feedback	97	200	0.11086371505376362
972	goal + feedback	97	250	0.12752138172043023
972	goal + feedback	97	300	0.12215888172043014
972	goal + feedback	97	350	0.10273088172043021
972	goal + feedback	97	400	0.10871588172043019
972	goal + feedback	97	450	0.1367207150537635
972	goal + feedback	97	500	0.17122404838709696
972	goal + feedback	97	550	0.20343104838709683
972	goal + feedback	97	600	0.24636354838709673
972	goal + feedback	97	650	NA
972	goal + feedback	97	700	NA
972	goal + feedback	97	750	NA
972	goal + feedback	97	800	-0.6379964516129033
972	goal + feedback	97	850	-0.11051470161290311
972	goal + feedback	97	900	-0.1777716182795698
972	goal + feedback	97	950	0.002139548387096809
972	goal + feedback	97	1e3	-0.00564745161290318
972	goal + feedback	97	1050	-0.06315545161290315
972	goal + feedback	97	1100	NA
972	goal + feedback	97	1150	NA
972	goal + feedback	98	-200	-0.027752930875576176
972	goal + feedback	98	-150	-0.0065423118279572074
972	goal + feedback	98	-100	0.0018620215053761029
972	goal + feedback	98	-50	0.016003021505376136
972	goal + feedback	98	0	0.021055688172042803
972	goal + feedback	98	50	0.026083521505376146
972	goal + feedback	98	100	0.006033021505376102
972	goal + feedback	98	150	0.00974518817204273
972	goal + feedback	98	200	-0.0032594784946238984
972	goal + feedback	98	250	-0.007209145161290491
972	goal + feedback	98	300	-0.015878978494623757
972	goal + feedback	98	350	-0.03501347849462381
972	goal + feedback	98	400	-0.02053831182795718
972	goal + feedback	98	450	0.015833854838709433
972	goal + feedback	98	500	0.017538688172042887
972	goal + feedback	98	550	0.0636876881720428
972	goal + feedback	98	600	0.08278268817204282
972	goal + feedback	98	650	0.055747688172042675
972	goal + feedback	98	700	NA
972	goal + feedback	98	750	NA
972	goal + feedback	98	800	NA
972	goal + feedback	98	850	NA
972	goal + feedback	98	900	NA
972	goal + feedback	98	950	NA
972	goal + feedback	98	1e3	NA
972	goal + feedback	98	1050	-0.25335914516129066
972	goal + feedback	98	1100	-0.2515357880184333
972	goal + feedback	98	1150	-0.10649231182795726
972	goal + feedback	99	-200	0.0034356451612903094
972	goal + feedback	99	-150	1.3781182795691294e-4
972	goal + feedback	99	-100	0.002900811827956984
972	goal + feedback	99	-50	0.006176311827956971
972	goal + feedback	99	0	-0.013223188172042969
972	goal + feedback	99	50	0.006681145161290332
972	goal + feedback	99	100	0.025086145161290336
972	goal + feedback	99	150	0.011448811827956984
972	goal + feedback	99	200	0.06374514516129033
972	goal + feedback	99	250	0.09260664516129036
972	goal + feedback	99	300	0.11588114516129029
972	goal + feedback	99	350	0.09035897849462364
972	goal + feedback	99	400	0.06562431182795699
972	goal + feedback	99	450	0.07551731182795707
972	goal + feedback	99	500	0.07463697849462377
972	goal + feedback	99	550	0.11086997849462366
972	goal + feedback	99	600	0.12659014516129038
972	goal + feedback	99	650	0.20943531182795697
972	goal + feedback	99	700	NA
972	goal + feedback	99	750	NA
972	goal + feedback	99	800	NA
972	goal + feedback	99	850	NA
972	goal + feedback	99	900	NA
972	goal + feedback	99	950	NA
972	goal + feedback	99	1e3	-0.09620535483870969
972	goal + feedback	99	1050	-0.17958418817204302
972	goal + feedback	99	1100	-0.14944052150537623
972	goal + feedback	99	1150	0.156117311827957
972	goal + feedback	100	-200	NA
972	goal + feedback	100	-150	NA
972	goal + feedback	100	-100	NA
972	goal + feedback	100	-50	0
972	goal + feedback	100	0	NA
972	goal + feedback	100	50	NA
972	goal + feedback	100	100	NA
972	goal + feedback	100	150	NA
972	goal + feedback	100	200	NA
972	goal + feedback	100	250	NA
972	goal + feedback	100	300	NA
972	goal + feedback	100	350	NA
972	goal + feedback	100	400	NA
972	goal + feedback	100	450	NA
972	goal + feedback	100	500	NA
972	goal + feedback	100	550	NA
972	goal + feedback	100	600	NA
972	goal + feedback	100	650	NA
972	goal + feedback	100	700	NA
972	goal + feedback	100	750	NA
972	goal + feedback	100	800	NA
972	goal + feedback	100	850	NA
972	goal + feedback	100	900	NA
972	goal + feedback	100	950	NA
972	goal + feedback	100	1e3	NA
972	goal + feedback	100	1050	-0.4118579999999999
972	goal + feedback	100	1100	-0.4640945999999998
972	goal + feedback	100	1150	-0.4372858571428569
972	goal + feedback	101	-200	-0.03323264516129022
972	goal + feedback	101	-150	-0.007511311827956983
972	goal + feedback	101	-100	0.0027340215053763828
972	goal + feedback	101	-50	0.02188785483870966
972	goal + feedback	101	0	0.021660854838709758
972	goal + feedback	101	50	0.022860354838709702
972	goal + feedback	101	100	0.020914521505376465
972	goal + feedback	101	150	0.02733385483870972
972	goal + feedback	101	200	0.036295188172043025
972	goal + feedback	101	250	0.04119052150537635
972	goal + feedback	101	300	0.048803188172043134
972	goal + feedback	101	350	0.0709738548387097
972	goal + feedback	101	400	0.08886102150537638
972	goal + feedback	101	450	0.10783435483870966
972	goal + feedback	101	500	0.15857502150537636
972	goal + feedback	101	550	0.21206335483870972
972	goal + feedback	101	600	0.2567836881720431
972	goal + feedback	101	650	0.2657580215053765
972	goal + feedback	101	700	0.27996835483870974
972	goal + feedback	101	750	NA
972	goal + feedback	101	800	NA
972	goal + feedback	101	850	NA
972	goal + feedback	101	900	NA
972	goal + feedback	101	950	NA
972	goal + feedback	101	1e3	NA
972	goal + feedback	101	1050	NA
972	goal + feedback	101	1100	-0.0740328951612903
972	goal + feedback	101	1150	0.026831854838709646
972	goal + feedback	102	-200	-0.009214640552995463
972	goal + feedback	102	-150	-0.0032868548387097185
972	goal + feedback	102	-100	-0.006389854838709648
972	goal + feedback	102	-50	0.005579145161290396
972	goal + feedback	102	0	0.014847978494623751
972	goal + feedback	102	50	0.02971264516129028
972	goal + feedback	102	100	0.06438681182795698
972	goal + feedback	102	150	0.07233081182795702
972	goal + feedback	102	200	0.09914731182795711
972	goal + feedback	102	250	0.1222829784946237
972	goal + feedback	102	300	0.1508009784946236
972	goal + feedback	102	350	0.16664297849462364
972	goal + feedback	102	400	0.17205897849462373
972	goal + feedback	102	450	0.1738489784946237
972	goal + feedback	102	500	0.20305397849462378
972	goal + feedback	102	550	0.24232964516129032
972	goal + feedback	102	600	0.26372381182795696
972	goal + feedback	102	650	0.24802281182795705
972	goal + feedback	102	700	0.19947997849462365
972	goal + feedback	102	750	0.0944521451612903
972	goal + feedback	102	800	NA
972	goal + feedback	102	850	NA
972	goal + feedback	102	900	NA
972	goal + feedback	102	950	NA
972	goal + feedback	102	1e3	NA
972	goal + feedback	102	1050	NA
972	goal + feedback	102	1100	NA
972	goal + feedback	102	1150	NA
972	goal + feedback	103	-200	-0.01469594930875592
972	goal + feedback	103	-150	0.007914860215053684
972	goal + feedback	103	-100	-0.0015039731182796927
972	goal + feedback	103	-50	0.012741860215053672
972	goal + feedback	103	0	-0.0020074731182797567
972	goal + feedback	103	50	-0.015685139784946383
972	goal + feedback	103	100	-0.03716797311827976
972	goal + feedback	103	150	-0.01245213978494634
972	goal + feedback	103	200	-0.018758639784946334
972	goal + feedback	103	250	-0.005803473118279741
972	goal + feedback	103	300	-0.0050028064516129955
972	goal + feedback	103	350	-0.024623973118279796
972	goal + feedback	103	400	-0.008794806451613013
972	goal + feedback	103	450	0.026869860215053738
972	goal + feedback	103	500	0.04487419354838703
972	goal + feedback	103	550	0.07534952688172021
972	goal + feedback	103	600	0.12410502688172025
972	goal + feedback	103	650	0.14976919354838691
972	goal + feedback	103	700	0.09518602688172033
972	goal + feedback	103	750	0.11161869354838701
972	goal + feedback	103	800	0.0960866935483869
972	goal + feedback	103	850	0.04347519354838688
972	goal + feedback	103	900	NA
972	goal + feedback	103	950	NA
972	goal + feedback	103	1e3	NA
972	goal + feedback	103	1050	NA
972	goal + feedback	103	1100	NA
972	goal + feedback	103	1150	-0.33372380645161304
972	goal + feedback	104	-200	-0.02634378341013826
972	goal + feedback	104	-150	-0.0031716881720430154
972	goal + feedback	104	-100	0.012480645161290363
972	goal + feedback	104	-50	0.007787311827957
972	goal + feedback	104	0	0.013638145161290286
972	goal + feedback	104	50	0.01824414516129032
972	goal + feedback	104	100	0.04270914516129035
972	goal + feedback	104	150	0.055964478494623604
972	goal + feedback	104	200	0.06622064516129027
972	goal + feedback	104	250	0.08133314516129042
972	goal + feedback	104	300	0.08763181182795703
972	goal + feedback	104	350	0.10408097849462365
972	goal + feedback	104	400	0.12901714516129034
972	goal + feedback	104	450	0.1530679784946236
972	goal + feedback	104	500	0.18086664516129028
972	goal + feedback	104	550	0.20802781182795696
972	goal + feedback	104	600	0.240779311827957
972	goal + feedback	104	650	0.27035147849462365
972	goal + feedback	104	700	0.2760156451612903
972	goal + feedback	104	750	0.24224497849462368
972	goal + feedback	104	800	0.1948031451612903
972	goal + feedback	104	850	0.15374597849462365
972	goal + feedback	104	900	0.1448463118279569
972	goal + feedback	104	950	NA
972	goal + feedback	104	1e3	NA
972	goal + feedback	104	1050	NA
972	goal + feedback	104	1100	0.14271331182795702
972	goal + feedback	104	1150	0.19850597849462379
972	goal + feedback	105	-200	-0.0010461889400921822
972	goal + feedback	105	-150	0.008388096774193535
972	goal + feedback	105	-100	0.019521263440860286
972	goal + feedback	105	-50	-7.802365591397612e-4
972	goal + feedback	105	0	-0.025908569892473032
972	goal + feedback	105	50	-0.04962173655913974
972	goal + feedback	105	100	-0.0488874032258065
972	goal + feedback	105	150	-0.06800523655913986
972	goal + feedback	105	200	-0.08460140322580645
972	goal + feedback	105	250	-0.06859623655913986
972	goal + feedback	105	300	-0.06302140322580645
972	goal + feedback	105	350	-0.03631873655913975
972	goal + feedback	105	400	-0.05085056989247313
972	goal + feedback	105	450	-0.041691569892473135
972	goal + feedback	105	500	0.012005430107526896
972	goal + feedback	105	550	0.02902826344086022
972	goal + feedback	105	600	0.0871592634408603
972	goal + feedback	105	650	0.10213976344086029
972	goal + feedback	105	700	0.009749263440860245
972	goal + feedback	105	750	NA
972	goal + feedback	105	800	NA
972	goal + feedback	105	850	NA
972	goal + feedback	105	900	NA
972	goal + feedback	105	950	NA
972	goal + feedback	105	1e3	NA
972	goal + feedback	105	1050	-0.06367390322580624
972	goal + feedback	105	1100	-0.26409730322580655
972	goal + feedback	105	1150	-0.24942490322580646
972	goal + feedback	106	-200	-0.08425324423963129
972	goal + feedback	106	-150	-0.048617387096774246
972	goal + feedback	106	-100	0.017246946236559202
972	goal + feedback	106	-50	0.06349911290322585
972	goal + feedback	106	0	0.06616677956989243
972	goal + feedback	106	50	0.0397146129032259
972	goal + feedback	106	100	-0.004034220430107445
972	goal + feedback	106	150	-0.06423705376344091
972	goal + feedback	106	200	-0.10509355376344083
972	goal + feedback	106	250	-0.12584988709677414
972	goal + feedback	106	300	-0.15462255376344083
972	goal + feedback	106	350	-0.1754977204301075
972	goal + feedback	106	400	-0.16365138709677418
972	goal + feedback	106	450	-0.17786005376344086
972	goal + feedback	106	500	-0.13447072043010744
972	goal + feedback	106	550	-0.09214372043010759
972	goal + feedback	106	600	-0.07441905376344082
972	goal + feedback	106	650	-0.04542655376344085
972	goal + feedback	106	700	-0.08104622043010752
972	goal + feedback	106	750	NA
972	goal + feedback	106	800	NA
972	goal + feedback	106	850	NA
972	goal + feedback	106	900	NA
972	goal + feedback	106	950	NA
972	goal + feedback	106	1e3	NA
972	goal + feedback	106	1050	-0.33276463709677406
972	goal + feedback	106	1100	-0.27978405376344084
972	goal + feedback	106	1150	-0.07281622043010749
972	goal + feedback	107	-200	-0.006037046082949209
972	goal + feedback	107	-150	0.0030999301075270345
972	goal + feedback	107	-100	-0.018519736559139705
972	goal + feedback	107	-50	0.017801930107526953
972	goal + feedback	107	0	0.0046610967741936475
972	goal + feedback	107	50	-0.003132903225806505
972	goal + feedback	107	100	NA
972	goal + feedback	107	150	NA
972	goal + feedback	107	200	NA
972	goal + feedback	107	250	0.038838596774193546
972	goal + feedback	107	300	0.04522329677419359
972	goal + feedback	107	350	0.032966430107527055
972	goal + feedback	107	400	0.020756263440860307
972	goal + feedback	107	450	0.040559596774193706
972	goal + feedback	107	500	0.04826926344086021
972	goal + feedback	107	550	0.02624093010752704
972	goal + feedback	107	600	0.007647263440860345
972	goal + feedback	107	650	-0.019606736559139692
972	goal + feedback	107	700	-0.011315069892473106
972	goal + feedback	107	750	-0.006832903225806393
972	goal + feedback	107	800	0.013517263440860239
972	goal + feedback	107	850	0.010439930107526937
972	goal + feedback	107	900	-0.005511069892473038
972	goal + feedback	107	950	-0.015513736559139643
972	goal + feedback	107	1e3	-0.02020340322580642
972	goal + feedback	107	1050	0.17627609677419365
972	goal + feedback	107	1100	NA
972	goal + feedback	107	1150	NA
972	goal + feedback	108	-200	-0.018668999999999974
972	goal + feedback	108	-150	0.018668999999999974
972	goal + feedback	108	-100	NA
972	goal + feedback	108	-50	NA
972	goal + feedback	108	0	NA
972	goal + feedback	108	50	NA
972	goal + feedback	108	100	-0.26112183333333316
972	goal + feedback	108	150	-0.0535318333333333
972	goal + feedback	108	200	-0.04480483333333337
972	goal + feedback	108	250	-0.08751266666666664
972	goal + feedback	108	300	-0.034764833333333245
972	goal + feedback	108	350	-0.04734816666666671
972	goal + feedback	108	400	-0.12124733333333342
972	goal + feedback	108	450	-0.1406563333333334
972	goal + feedback	108	500	-0.16820116666666673
972	goal + feedback	108	550	-0.1710750000000001
972	goal + feedback	108	600	-0.14416199999999998
972	goal + feedback	108	650	-0.12978349999999997
972	goal + feedback	108	700	-0.15992433333333334
972	goal + feedback	108	750	-0.17651799999999987
972	goal + feedback	108	800	-0.21759033333333325
972	goal + feedback	108	850	-0.257049
972	goal + feedback	108	900	-0.28277983333333334
972	goal + feedback	108	950	-0.2712596666666667
972	goal + feedback	108	1e3	-0.2533168333333333
972	goal + feedback	108	1050	-0.2250323333333332
972	goal + feedback	108	1100	-0.19241166666666656
972	goal + feedback	108	1150	-0.17987699999999998
972	goal + feedback	109	-200	0.010704815668202678
972	goal + feedback	109	-150	0.031942720430107485
972	goal + feedback	109	-100	0.0020952204301074584
972	goal + feedback	109	-50	-0.013916279569892609
972	goal + feedback	109	0	-0.0326106129032259
972	goal + feedback	109	50	-0.02987961290322594
972	goal + feedback	109	100	-0.036057612903225955
972	goal + feedback	109	150	-0.06317377956989263
972	goal + feedback	109	200	-0.047447279569892586
972	goal + feedback	109	250	-0.025560612903225904
972	goal + feedback	109	300	-0.031786779569892586
972	goal + feedback	109	350	-0.005635779569892622
972	goal + feedback	109	400	0.0083798870967741
972	goal + feedback	109	450	0.03890455376344071
972	goal + feedback	109	500	0.030403220430107458
972	goal + feedback	109	550	0.08879588709677415
972	goal + feedback	109	600	0.11944538709677406
972	goal + feedback	109	650	0.14376955376344078
972	goal + feedback	109	700	0.15542538709677403
972	goal + feedback	109	750	0.037886387096774055
972	goal + feedback	109	800	NA
972	goal + feedback	109	850	NA
972	goal + feedback	109	900	NA
972	goal + feedback	109	950	NA
972	goal + feedback	109	1e3	NA
972	goal + feedback	109	1050	NA
972	goal + feedback	109	1100	-0.20987061290322595
972	goal + feedback	109	1150	0.029073387096773984
972	goal + feedback	110	-200	0.022031829493087685
972	goal + feedback	110	-150	0.01632159139784961
972	goal + feedback	110	-100	-0.003466241935483764
972	goal + feedback	110	-50	-0.01723474193548376
972	goal + feedback	110	0	-0.021324408602150385
972	goal + feedback	110	50	-0.020077741935483766
972	goal + feedback	110	100	-0.024231408602150523
972	goal + feedback	110	150	-0.02752107526881716
972	goal + feedback	110	200	-0.026647075268817117
972	goal + feedback	110	250	-0.015038408602150518
972	goal + feedback	110	300	0.004851258064516213
972	goal + feedback	110	350	0.012627091397849602
972	goal + feedback	110	400	0.03541925806451629
972	goal + feedback	110	450	0.07776042473118279
972	goal + feedback	110	500	0.11179325806451608
972	goal + feedback	110	550	0.11823875806451627
972	goal + feedback	110	600	0.15386625806451618
972	goal + feedback	110	650	0.1282495913978495
972	goal + feedback	110	700	0.09883925806451617
972	goal + feedback	110	750	NA
972	goal + feedback	110	800	NA
972	goal + feedback	110	850	NA
972	goal + feedback	110	900	NA
972	goal + feedback	110	950	NA
972	goal + feedback	110	1e3	NA
972	goal + feedback	110	1050	NA
972	goal + feedback	110	1100	NA
972	goal + feedback	110	1150	NA
972	goal + feedback	111	-200	-0.019700266666666428
972	goal + feedback	111	-150	-0.03045143333333315
972	goal + feedback	111	-100	-0.013427433333333147
972	goal + feedback	111	-50	0.009524233333333557
972	goal + feedback	111	0	0.054054900000000204
972	goal + feedback	111	50	0.07039773333333343
972	goal + feedback	111	100	0.05877356666666681
972	goal + feedback	111	150	0.07133756666666684
972	goal + feedback	111	200	0.07612623333333361
972	goal + feedback	111	250	0.06655190000000026
972	goal + feedback	111	300	0.06679240000000027
972	goal + feedback	111	350	0.03279590000000021
972	goal + feedback	111	400	0.03286806666666683
972	goal + feedback	111	450	0.03632623333333355
972	goal + feedback	111	500	0.05337473333333357
972	goal + feedback	111	550	0.09872740000000024
972	goal + feedback	111	600	0.12930740000000016
972	goal + feedback	111	650	0.1490532333333335
972	goal + feedback	111	700	0.21174656666666683
972	goal + feedback	111	750	0.2009499000000002
972	goal + feedback	111	800	0.1330439000000001
972	goal + feedback	111	850	0.06840256666666693
972	goal + feedback	111	900	NA
972	goal + feedback	111	950	NA
972	goal + feedback	111	1e3	NA
972	goal + feedback	111	1050	NA
972	goal + feedback	111	1100	NA
972	goal + feedback	111	1150	-0.2618285999999998
972	goal + feedback	112	-200	-0.029359580645161136
972	goal + feedback	112	-150	0.012679752688172119
972	goal + feedback	112	-100	0.017480419354838794
972	goal + feedback	112	-50	-1.741397849445529e-5
972	goal + feedback	112	0	0.004110086021505532
972	goal + feedback	112	50	-0.0048542473118278195
972	goal + feedback	112	100	-0.014701080645161216
972	goal + feedback	112	150	-0.022123413978494415
972	goal + feedback	112	200	-0.021323747311827807
972	goal + feedback	112	250	-0.07158974731182781
972	goal + feedback	112	300	-0.08547608064516117
972	goal + feedback	112	350	-0.09418074731182784
972	goal + feedback	112	400	-0.11518674731182783
972	goal + feedback	112	450	-0.09826424731182774
972	goal + feedback	112	500	-0.09907308064516118
972	goal + feedback	112	550	-0.07875008064516116
972	goal + feedback	112	600	-0.02884224731182779
972	goal + feedback	112	650	-0.019740413978494537
972	goal + feedback	112	700	-0.1333280806451611
972	goal + feedback	112	750	NA
972	goal + feedback	112	800	NA
972	goal + feedback	112	850	NA
972	goal + feedback	112	900	-0.2726145806451612
972	goal + feedback	112	950	-0.17273058064516117
972	goal + feedback	112	1e3	-0.1757295806451611
972	goal + feedback	112	1050	NA
972	goal + feedback	112	1100	NA
972	goal + feedback	112	1150	NA
972	goal + feedback	113	-200	-0.049850633333333505
972	goal + feedback	113	-150	-0.03172246666666682
972	goal + feedback	113	-100	0.013369199999999859
972	goal + feedback	113	-50	0.013589366666666583
972	goal + feedback	113	0	0.05461453333333307
972	goal + feedback	113	50	0.0394476999999999
972	goal + feedback	113	100	0.06828253333333316
972	goal + feedback	113	150	0.0713273666666665
972	goal + feedback	113	200	0.09370103333333324
972	goal + feedback	113	250	0.10351919999999981
972	goal + feedback	113	300	0.12690403333333325
972	goal + feedback	113	350	0.1343731999999999
972	goal + feedback	113	400	0.15382203333333325
972	goal + feedback	113	450	0.1679985809523808
972	goal + feedback	113	500	0.19278336666666643
972	goal + feedback	113	550	0.1933948666666665
972	goal + feedback	113	600	0.2113334666666665
972	goal + feedback	113	650	0.19815372380952365
972	goal + feedback	113	700	0.15436236666666658
972	goal + feedback	113	750	NA
972	goal + feedback	113	800	NA
972	goal + feedback	113	850	NA
972	goal + feedback	113	900	NA
972	goal + feedback	113	950	-0.5149688000000001
972	goal + feedback	113	1e3	-0.19928741904761926
972	goal + feedback	113	1050	-0.06018180000000021
972	goal + feedback	113	1100	-0.018771300000000195
972	goal + feedback	113	1150	0.010080366666666452
972	goal + feedback	114	-200	-0.027304963133640392
972	goal + feedback	114	-150	-0.0036163440860214426
972	goal + feedback	114	-100	0.007879489247311966
972	goal + feedback	114	-50	0.02691365591397858
972	goal + feedback	114	0	6.789892473118749e-4
972	goal + feedback	114	50	0.021296822580645285
972	goal + feedback	114	100	-0.013784677419354704
972	goal + feedback	114	150	0.002309155913978659
972	goal + feedback	114	200	-0.018128510752687992
972	goal + feedback	114	250	-0.028889677419354703
972	goal + feedback	114	300	-0.024461177419354756
972	goal + feedback	114	350	0.0035626559139785297
972	goal + feedback	114	400	0.009390989247312001
972	goal + feedback	114	450	-0.021027844086021357
972	goal + feedback	114	500	-0.010800677419354754
972	goal + feedback	114	550	0.009354822580645239
972	goal + feedback	114	600	0.03313515591397861
972	goal + feedback	114	650	0.08241732258064534
972	goal + feedback	114	700	0.1132328225806453
972	goal + feedback	114	750	0.1596974892473119
972	goal + feedback	114	800	0.1520443225806453
972	goal + feedback	114	850	0.17129492258064535
972	goal + feedback	114	900	NA
972	goal + feedback	114	950	NA
972	goal + feedback	114	1e3	NA
972	goal + feedback	114	1050	NA
972	goal + feedback	114	1100	NA
972	goal + feedback	114	1150	NA
972	goal + feedback	115	-200	-0.0356979333333333
972	goal + feedback	115	-150	-0.011512433333333258
972	goal + feedback	115	-100	0.0170769000000001
972	goal + feedback	115	-50	0.019925900000000125
972	goal + feedback	115	0	0.010207566666666631
972	goal + feedback	115	50	0.051069066666666586
972	goal + feedback	115	100	0.06569423333333331
972	goal + feedback	115	150	0.09557990000000001
972	goal + feedback	115	200	0.10056223333333336
972	goal + feedback	115	250	0.0952850666666667
972	goal + feedback	115	300	0.06741123333333336
972	goal + feedback	115	350	0.028339066666666596
972	goal + feedback	115	400	-0.0020102666666666678
972	goal + feedback	115	450	-0.010176266666666637
972	goal + feedback	115	500	-0.007662766666666728
972	goal + feedback	115	550	0.019412733333333227
972	goal + feedback	115	600	0.009158066666666556
972	goal + feedback	115	650	0.021385066666666692
972	goal + feedback	115	700	-0.04996026666666653
972	goal + feedback	115	750	NA
972	goal + feedback	115	800	NA
972	goal + feedback	115	850	-0.4655946000000002
972	goal + feedback	115	900	-0.23875193333333336
972	goal + feedback	115	950	-0.11346826666666658
972	goal + feedback	115	1e3	-0.03828939999999994
972	goal + feedback	115	1050	0.023343971428571413
972	goal + feedback	115	1100	0.06815906666666671
972	goal + feedback	115	1150	0.12544473333333336
972	goal + feedback	116	-200	-0.009957373271889456
972	goal + feedback	116	-150	-0.011111849462365505
972	goal + feedback	116	-100	0.0052921505376344324
972	goal + feedback	116	-50	0.010491483870967766
972	goal + feedback	116	0	0.006945150537634337
972	goal + feedback	116	50	0.04060081720430109
972	goal + feedback	116	100	0.03429648387096762
972	goal + feedback	116	150	0.026541817204301044
972	goal + feedback	116	200	0.009396817204301078
972	goal + feedback	116	250	0.008821150537634326
972	goal + feedback	116	300	0.010320983870967767
972	goal + feedback	116	350	0.002710483870967654
972	goal + feedback	116	400	0.030291650537634423
972	goal + feedback	116	450	0.062492483870967806
972	goal + feedback	116	500	0.085377817204301
972	goal + feedback	116	550	0.14480681720430102
972	goal + feedback	116	600	0.2018179838709678
972	goal + feedback	116	650	0.18158731720430107
972	goal + feedback	116	700	NA
972	goal + feedback	116	750	NA
972	goal + feedback	116	800	NA
972	goal + feedback	116	850	NA
972	goal + feedback	116	900	NA
972	goal + feedback	116	950	NA
972	goal + feedback	116	1e3	NA
972	goal + feedback	116	1050	NA
972	goal + feedback	116	1100	NA
972	goal + feedback	116	1150	-0.18679084946236557
972	goal + feedback	117	-200	-0.001095966666666855
972	goal + feedback	117	-150	-0.0057084666666669115
972	goal + feedback	117	-100	-0.0068011333333334685
972	goal + feedback	117	-50	0.0013393666666665638
972	goal + feedback	117	0	0.012266199999999708
972	goal + feedback	117	50	0.007360699999999924
972	goal + feedback	117	100	0.015646366666666484
972	goal + feedback	117	150	0.04282686666666646
972	goal + feedback	117	200	0.0457665333333331
972	goal + feedback	117	250	0.021008033333333048
972	goal + feedback	117	300	0.047271699999999806
972	goal + feedback	117	350	0.04008903333333317
972	goal + feedback	117	400	0.06497403333333322
972	goal + feedback	117	450	0.08430436666666637
972	goal + feedback	117	500	0.11441419999999984
972	goal + feedback	117	550	0.14053369999999984
972	goal + feedback	117	600	NA
972	goal + feedback	117	650	NA
972	goal + feedback	117	700	NA
972	goal + feedback	117	750	-0.060210833333333456
972	goal + feedback	117	800	-0.14815443333333356
972	goal + feedback	117	850	-0.056398919047619255
972	goal + feedback	117	900	0.049437966666666444
972	goal + feedback	117	950	0.0668335333333332
972	goal + feedback	117	1e3	0.09691603333333314
972	goal + feedback	117	1050	0.10889119999999981
972	goal + feedback	117	1100	0.09733519999999969
972	goal + feedback	117	1150	0.06816919999999982
972	goal + feedback	118	-200	0.038980723502303985
972	goal + feedback	118	-150	0.0071200806451610825
972	goal + feedback	118	-100	-0.0068174193548388535
972	goal + feedback	118	-50	-0.009673419354838897
972	goal + feedback	118	0	-0.036106752688172206
972	goal + feedback	118	50	-0.07800741935483879
972	goal + feedback	118	100	-0.10550825268817225
972	goal + feedback	118	150	-0.13612841935483888
972	goal + feedback	118	200	-0.10853375268817222
972	goal + feedback	118	250	-0.13370141935483884
972	goal + feedback	118	300	-0.11738858602150552
972	goal + feedback	118	350	-0.12623875268817222
972	goal + feedback	118	400	-0.11925375268817229
972	goal + feedback	118	450	-0.108210419354839
972	goal + feedback	118	500	-0.06560941935483888
972	goal + feedback	118	550	-0.0865244193548389
972	goal + feedback	118	600	-0.045751086021505495
972	goal + feedback	118	650	0.031029747311827727
972	goal + feedback	118	700	-0.008391086021505512
972	goal + feedback	118	750	-0.043787419354838875
972	goal + feedback	118	800	NA
972	goal + feedback	118	850	NA
972	goal + feedback	118	900	NA
972	goal + feedback	118	950	NA
972	goal + feedback	118	1e3	NA
972	goal + feedback	118	1050	-0.26191921935483886
972	goal + feedback	118	1100	-0.352191619354839
972	goal + feedback	118	1150	-0.18909441935483898
972	goal + feedback	119	-200	-0.038607824884792495
972	goal + feedback	119	-150	-0.024630967741935333
972	goal + feedback	119	-100	0.009392865591398033
972	goal + feedback	119	-50	0.045995698924731286
972	goal + feedback	119	0	0.014284865591398003
972	goal + feedback	119	50	0.002886198924731298
972	goal + feedback	119	100	-0.02046013440860195
972	goal + feedback	119	150	-0.03464830107526873
972	goal + feedback	119	200	-0.027585967741935374
972	goal + feedback	119	250	-0.004742467741935356
972	goal + feedback	119	300	-0.010357134408601976
972	goal + feedback	119	350	-0.03648030107526864
972	goal + feedback	119	400	-0.006288634408601945
972	goal + feedback	119	450	0.04149386559139797
972	goal + feedback	119	500	0.05586653225806463
972	goal + feedback	119	550	0.10019119892473127
972	goal + feedback	119	600	0.14393303225806475
972	goal + feedback	119	650	0.15902419892473127
972	goal + feedback	119	700	0.14093103225806458
972	goal + feedback	119	750	0.08159436559139799
972	goal + feedback	119	800	0.021260198924731338
972	goal + feedback	119	850	-0.01335413440860204
972	goal + feedback	119	900	-0.018946467741935386
972	goal + feedback	119	950	-0.05094496774193543
972	goal + feedback	119	1e3	-0.09491096774193553
972	goal + feedback	119	1050	NA
972	goal + feedback	119	1100	NA
972	goal + feedback	119	1150	NA
972	goal + feedback	120	-200	0.025213387096773992
972	goal + feedback	120	-150	0.012856887096773942
972	goal + feedback	120	-100	-0.0013607795698927412
972	goal + feedback	120	-50	-0.022947612903226
972	goal + feedback	120	0	-0.01796411290322597
972	goal + feedback	120	50	-0.031197946236559398
972	goal + feedback	120	100	-0.023680279569892715
972	goal + feedback	120	150	-0.014752612903226048
972	goal + feedback	120	200	0.007852387096773864
972	goal + feedback	120	250	0.018542720430107334
972	goal + feedback	120	300	0.024332553763440606
972	goal + feedback	120	350	0.03479355376344073
972	goal + feedback	120	400	0.07181172043010726
972	goal + feedback	120	450	0.08232155376344068
972	goal + feedback	120	500	0.1220408870967739
972	goal + feedback	120	550	0.15977705376344065
972	goal + feedback	120	600	0.201380387096774
972	goal + feedback	120	650	0.21177922043010722
972	goal + feedback	120	700	0.194257387096774
972	goal + feedback	120	750	0.13370538709677393
972	goal + feedback	120	800	0.08478788709677398
972	goal + feedback	120	850	0.05252413709677395
972	goal + feedback	120	900	NA
972	goal + feedback	120	950	NA
972	goal + feedback	120	1e3	NA
972	goal + feedback	120	1050	NA
972	goal + feedback	120	1100	-0.22197127956989263
972	goal + feedback	120	1150	-0.1807187795698927
972	goal + feedback	121	-200	0.03282117511520725
972	goal + feedback	121	-150	0.025940198924730984
972	goal + feedback	121	-100	-0.01218380107526884
972	goal + feedback	121	-50	-0.012626801075268887
972	goal + feedback	121	0	-0.03942096774193563
972	goal + feedback	121	50	-0.08585913440860223
972	goal + feedback	121	100	-0.07438863440860222
972	goal + feedback	121	150	-0.06971946774193556
972	goal + feedback	121	200	-0.058708301075268844
972	goal + feedback	121	250	-0.03146913440860222
972	goal + feedback	121	300	-0.03822446774193559
972	goal + feedback	121	350	-0.025606801075268953
972	goal + feedback	121	400	-0.027735134408602164
972	goal + feedback	121	450	-0.03871080107526881
972	goal + feedback	121	500	-0.06940813440860223
972	goal + feedback	121	550	0.018165698924731116
972	goal + feedback	121	600	NA
972	goal + feedback	121	650	NA
972	goal + feedback	121	700	NA
972	goal + feedback	121	750	NA
972	goal + feedback	121	800	NA
972	goal + feedback	121	850	-0.1989027177419357
972	goal + feedback	121	900	-0.4039994677419356
972	goal + feedback	121	950	-0.08351863440860223
972	goal + feedback	121	1e3	-0.07438913440860222
972	goal + feedback	121	1050	-0.050044634408602295
972	goal + feedback	121	1100	NA
972	goal + feedback	121	1150	NA
972	goal + feedback	122	-200	0.03969193087557622
972	goal + feedback	122	-150	0.035422645161290456
972	goal + feedback	122	-100	0.0036271451612904424
972	goal + feedback	122	-50	-0.031000854838709586
972	goal + feedback	122	0	-0.05435618817204291
972	goal + feedback	122	50	-0.07003235483870955
972	goal + feedback	122	100	-0.08224102150537616
972	goal + feedback	122	150	-0.06202118817204294
972	goal + feedback	122	200	-0.040968354838709496
972	goal + feedback	122	250	-0.030562021505376274
972	goal + feedback	122	300	0.014486145161290468
972	goal + feedback	122	350	0.042132478494623836
972	goal + feedback	122	400	0.09624964516129042
972	goal + feedback	122	450	0.1505984784946238
972	goal + feedback	122	500	0.18575514516129044
972	goal + feedback	122	550	0.2145763118279571
972	goal + feedback	122	600	0.22919664516129043
972	goal + feedback	122	650	0.10741789516129041
972	goal + feedback	122	700	NA
972	goal + feedback	122	750	NA
972	goal + feedback	122	800	NA
972	goal + feedback	122	850	NA
972	goal + feedback	122	900	NA
972	goal + feedback	122	950	NA
972	goal + feedback	122	1e3	NA
972	goal + feedback	122	1050	NA
972	goal + feedback	122	1100	-0.34149535483870963
972	goal + feedback	122	1150	-0.3497963548387096
972	goal + feedback	124	-200	0.010307935483870814
972	goal + feedback	124	-150	-0.004214231182795884
972	goal + feedback	124	-100	0.001260102150537475
972	goal + feedback	124	-50	0.009619268817204096
972	goal + feedback	124	0	-0.018691064516129192
972	goal + feedback	124	50	1.9226881720424416e-4
972	goal + feedback	124	100	0.01234410215053742
972	goal + feedback	124	150	0.01665843548387073
972	goal + feedback	124	200	0.03042260215053738
972	goal + feedback	124	250	0.07820360215053745
972	goal + feedback	124	300	0.07662843548387081
972	goal + feedback	124	350	0.09141343548387078
972	goal + feedback	124	400	0.0627021021505374
972	goal + feedback	124	450	0.09704176881720405
972	goal + feedback	124	500	0.09037626881720413
972	goal + feedback	124	550	0.14071210215053745
972	goal + feedback	124	600	0.1593752688172041
972	goal + feedback	124	650	0.13175160215053747
972	goal + feedback	124	700	0.10159226881720418
972	goal + feedback	124	750	0.08927176881720415
972	goal + feedback	124	800	0.06698726881720403
972	goal + feedback	124	850	NA
972	goal + feedback	124	900	NA
972	goal + feedback	124	950	NA
972	goal + feedback	124	1e3	NA
972	goal + feedback	124	1050	NA
972	goal + feedback	124	1100	-0.22638026451612916
972	goal + feedback	124	1150	-0.1806663978494627
972	goal + feedback	125	-200	-0.04137181105990763
972	goal + feedback	125	-150	-0.04647909677419334
972	goal + feedback	125	-100	0.013754236559139951
972	goal + feedback	125	-50	0.03022623655913999
972	goal + feedback	125	0	0.05076573655913993
972	goal + feedback	125	50	0.036052403225806495
972	goal + feedback	125	100	-0.019728596774193363
972	goal + feedback	125	150	-0.16293259677419333
972	goal + feedback	125	200	-0.2078869301075267
972	goal + feedback	125	250	-0.26658326344086003
972	goal + feedback	125	300	-0.3425584301075267
972	goal + feedback	125	350	-0.36587409677419336
972	goal + feedback	125	400	-0.38563643010752674
972	goal + feedback	125	450	-0.4166990967741934
972	goal + feedback	125	500	-0.4034062634408601
972	goal + feedback	125	550	-0.35289076344086007
972	goal + feedback	125	600	-0.35021093010752663
972	goal + feedback	125	650	-0.26902159677419335
972	goal + feedback	125	700	-0.22790543010752673
972	goal + feedback	125	750	-0.19745109677419345
972	goal + feedback	125	800	NA
972	goal + feedback	125	850	NA
972	goal + feedback	125	900	NA
972	goal + feedback	125	950	NA
972	goal + feedback	125	1e3	-0.20330449677419332
972	goal + feedback	125	1050	-0.19220576344086004
972	goal + feedback	125	1100	-0.1262849301075267
972	goal + feedback	125	1150	-0.09157809677419342
972	goal + feedback	126	-200	NA
972	goal + feedback	126	-150	NA
972	goal + feedback	126	-100	NA
972	goal + feedback	126	-50	NA
972	goal + feedback	126	0	NA
972	goal + feedback	126	50	NA
972	goal + feedback	126	100	NA
972	goal + feedback	126	150	NA
972	goal + feedback	126	200	NA
972	goal + feedback	126	250	NA
972	goal + feedback	126	300	NA
972	goal + feedback	126	350	NA
972	goal + feedback	126	400	NA
972	goal + feedback	126	450	NA
972	goal + feedback	126	500	NA
972	goal + feedback	126	550	NA
972	goal + feedback	126	600	NA
972	goal + feedback	126	650	NA
972	goal + feedback	126	700	NA
972	goal + feedback	126	750	NA
972	goal + feedback	126	800	NA
972	goal + feedback	126	850	NA
972	goal + feedback	126	900	NA
972	goal + feedback	126	950	NA
972	goal + feedback	126	1e3	NA
972	goal + feedback	126	1050	NA
972	goal + feedback	126	1100	NA
972	goal + feedback	126	1150	NA
972	goal + feedback	127	-200	0.012637435483870973
972	goal + feedback	127	-150	0.006443078341013907
972	goal + feedback	127	-100	-0.016048731182795633
972	goal + feedback	127	-50	-0.01055826451612898
972	goal + feedback	127	0	0.004022506912442404
972	goal + feedback	127	50	0.01644776881720437
972	goal + feedback	127	100	0.001164602150537671
972	goal + feedback	127	150	-0.007749897849462413
972	goal + feedback	127	200	0.01931176881720435
972	goal + feedback	127	250	0.009304102150537638
972	goal + feedback	127	300	0.022389335483870988
972	goal + feedback	127	350	0.03280293548387097
972	goal + feedback	127	400	0.04545710215053774
972	goal + feedback	127	450	0.08949976881720434
972	goal + feedback	127	500	0.08639743548387102
972	goal + feedback	127	550	0.12936460215053777
972	goal + feedback	127	600	0.1467557688172043
972	goal + feedback	127	650	0.11127493548387105
972	goal + feedback	127	700	0.07830879262672814
972	goal + feedback	127	750	0.064630935483871
972	goal + feedback	127	800	NA
972	goal + feedback	127	850	NA
972	goal + feedback	127	900	NA
972	goal + feedback	127	950	NA
972	goal + feedback	127	1e3	0.061195435483871075
972	goal + feedback	127	1050	-0.020196778801843212
972	goal + feedback	127	1100	-0.07500023118279575
972	goal + feedback	127	1150	-0.040979897849462356
972	goal + feedback	128	-200	0.00854816666666669
972	goal + feedback	128	-150	-0.0014967619047618896
972	goal + feedback	128	-100	1.3450000000000037e-4
972	goal + feedback	128	-50	0.0028298333333332724
972	goal + feedback	128	0	-0.011719533333333221
972	goal + feedback	128	50	-0.015101333333333411
972	goal + feedback	128	100	-0.006348761904761905
972	goal + feedback	128	150	-0.018344499999999986
972	goal + feedback	128	200	-0.036124000000000045
972	goal + feedback	128	250	-0.014684166666666684
972	goal + feedback	128	300	-0.02811566666666665
972	goal + feedback	128	350	-0.01093766666666666
972	goal + feedback	128	400	-0.0013788333333333291
972	goal + feedback	128	450	0.01434983333333332
972	goal + feedback	128	500	0.05343641666666665
972	goal + feedback	128	550	NA
972	goal + feedback	128	600	NA
972	goal + feedback	128	650	NA
972	goal + feedback	128	700	NA
972	goal + feedback	128	750	NA
972	goal + feedback	128	800	0.09610766666666655
972	goal + feedback	128	850	0.09798566666666662
972	goal + feedback	128	900	-0.27349033333333317
972	goal + feedback	128	950	NA
972	goal + feedback	128	1e3	NA
972	goal + feedback	128	1050	-0.0798928333333333
972	goal + feedback	128	1100	0.13981280952380956
972	goal + feedback	128	1150	-0.04078283333333325
972	goal + feedback	129	-200	0.009678633333333483
972	goal + feedback	129	-150	0.001819300000000042
972	goal + feedback	129	-100	-0.004504033333333268
972	goal + feedback	129	-50	-0.00836786666666652
972	goal + feedback	129	0	0.0013739666666667816
972	goal + feedback	129	50	0.006208633333333398
972	goal + feedback	129	100	0.013685633333333428
972	goal + feedback	129	150	0.03565146666666674
972	goal + feedback	129	200	0.03611296666666671
972	goal + feedback	129	250	0.04745063333333347
972	goal + feedback	129	300	0.04916346666666671
972	goal + feedback	129	350	0.05224830000000017
972	goal + feedback	129	400	0.055023633333333453
972	goal + feedback	129	450	0.07696263333333346
972	goal + feedback	129	500	0.07914380000000006
972	goal + feedback	129	550	0.09518463333333334
972	goal + feedback	129	600	0.1319688000000001
972	goal + feedback	129	650	0.10930246666666672
972	goal + feedback	129	700	0.13197488333333351
972	goal + feedback	129	750	NA
972	goal + feedback	129	800	NA
972	goal + feedback	129	850	NA
972	goal + feedback	129	900	-0.03705336666666659
972	goal + feedback	129	950	NA
972	goal + feedback	129	1e3	NA
972	goal + feedback	129	1050	0.1910893000000001
972	goal + feedback	129	1100	0.18576513333333336
972	goal + feedback	129	1150	0.11276296666666674
972	goal + feedback	130	-200	NA
972	goal + feedback	130	-150	NA
972	goal + feedback	130	-100	NA
972	goal + feedback	130	-50	NA
972	goal + feedback	130	0	NA
972	goal + feedback	130	50	NA
972	goal + feedback	130	100	NA
972	goal + feedback	130	150	NA
972	goal + feedback	130	200	NA
972	goal + feedback	130	250	NA
972	goal + feedback	130	300	NA
972	goal + feedback	130	350	NA
972	goal + feedback	130	400	NA
972	goal + feedback	130	450	NA
972	goal + feedback	130	500	NA
972	goal + feedback	130	550	NA
972	goal + feedback	130	600	NA
972	goal + feedback	130	650	NA
972	goal + feedback	130	700	NA
972	goal + feedback	130	750	NA
972	goal + feedback	130	800	NA
972	goal + feedback	130	850	NA
972	goal + feedback	130	900	NA
972	goal + feedback	130	950	NA
972	goal + feedback	130	1e3	NA
972	goal + feedback	130	1050	NA
972	goal + feedback	130	1100	NA
972	goal + feedback	130	1150	NA
972	goal + feedback	131	-200	NA
972	goal + feedback	131	-150	NA
972	goal + feedback	131	-100	NA
972	goal + feedback	131	-50	NA
972	goal + feedback	131	0	NA
972	goal + feedback	131	50	NA
972	goal + feedback	131	100	NA
972	goal + feedback	131	150	NA
972	goal + feedback	131	200	NA
972	goal + feedback	131	250	NA
972	goal + feedback	131	300	NA
972	goal + feedback	131	350	NA
972	goal + feedback	131	400	NA
972	goal + feedback	131	450	NA
972	goal + feedback	131	500	NA
972	goal + feedback	131	550	NA
972	goal + feedback	131	600	NA
972	goal + feedback	131	650	NA
972	goal + feedback	131	700	NA
972	goal + feedback	131	750	NA
972	goal + feedback	131	800	NA
972	goal + feedback	131	850	NA
972	goal + feedback	131	900	NA
972	goal + feedback	131	950	NA
972	goal + feedback	131	1e3	NA
972	goal + feedback	131	1050	NA
972	goal + feedback	131	1100	NA
972	goal + feedback	131	1150	NA
972	goal + feedback	132	-200	-0.005081200000000156
972	goal + feedback	132	-150	0.00994329999999984
972	goal + feedback	132	-100	0.015551133333333208
972	goal + feedback	132	-50	-0.007856033333333587
972	goal + feedback	132	0	-0.012557200000000046
972	goal + feedback	132	50	-0.0097680333333335
972	goal + feedback	132	100	-0.007078866666666794
972	goal + feedback	132	150	-0.03288936666666675
972	goal + feedback	132	200	-0.031778866666666815
972	goal + feedback	132	250	-0.019204700000000186
972	goal + feedback	132	300	0.008144633333333188
972	goal + feedback	132	350	0.012735300000000041
972	goal + feedback	132	400	0.03716729999999998
972	goal + feedback	132	450	0.03948013333333322
972	goal + feedback	132	500	0.05228679999999993
972	goal + feedback	132	550	0.10570946666666654
972	goal + feedback	132	600	0.08584279999999984
972	goal + feedback	132	650	0.05261663333333311
972	goal + feedback	132	700	NA
972	goal + feedback	132	750	NA
972	goal + feedback	132	800	-0.3501108666666668
972	goal + feedback	132	850	-0.49633703333333345
972	goal + feedback	132	900	-0.40628100952380963
972	goal + feedback	132	950	-0.08897266666666681
972	goal + feedback	132	1e3	-0.280536866666667
972	goal + feedback	132	1050	NA
972	goal + feedback	132	1100	NA
972	goal + feedback	132	1150	-0.46039586666666676
972	goal + feedback	133	-200	0.019710080645161554
972	goal + feedback	133	-150	0.04844991397849493
972	goal + feedback	133	-100	0.028931866359447205
972	goal + feedback	133	-50	-0.005237586021505185
972	goal + feedback	133	0	-0.09667625268817193
972	goal + feedback	133	50	-0.1446337526881718
972	goal + feedback	133	100	-0.14887991935483855
972	goal + feedback	133	150	-0.023974419354838645
972	goal + feedback	133	200	-0.08381941935483857
972	goal + feedback	133	250	0.04026958064516147
972	goal + feedback	133	300	NA
972	goal + feedback	133	350	-0.028489919354838467
972	goal + feedback	133	400	NA
972	goal + feedback	133	450	NA
972	goal + feedback	133	500	NA
972	goal + feedback	133	550	NA
972	goal + feedback	133	600	0.09788008064516163
972	goal + feedback	133	650	0.1166455806451614
972	goal + feedback	133	700	0.004193080645161551
972	goal + feedback	133	750	NA
972	goal + feedback	133	800	NA
972	goal + feedback	133	850	NA
972	goal + feedback	133	900	-0.05187841935483872
972	goal + feedback	133	950	0.03617438064516154
972	goal + feedback	133	1e3	-0.15876708602150522
972	goal + feedback	133	1050	0.07415174731182812
972	goal + feedback	133	1100	0.1365719139784948
972	goal + feedback	133	1150	0.1569499139784948
972	goal + feedback	134	-200	-0.018502866666666524
972	goal + feedback	134	-150	-0.010102866666666563
972	goal + feedback	134	-100	0.005409966666666784
972	goal + feedback	134	-50	0.012191300000000238
972	goal + feedback	134	0	0.011004466666666804
972	goal + feedback	134	50	0.006029133333333547
972	goal + feedback	134	100	0.04696280000000027
972	goal + feedback	134	150	0.06926280000000018
972	goal + feedback	134	200	0.057868466666666896
972	goal + feedback	134	250	0.04709563333333359
972	goal + feedback	134	300	0.06217813333333355
972	goal + feedback	134	350	0.07880530000000026
972	goal + feedback	134	400	0.0881746333333336
972	goal + feedback	134	450	0.1031224666666668
972	goal + feedback	134	500	0.13779046666666686
972	goal + feedback	134	550	0.1546301333333335
972	goal + feedback	134	600	0.21309413333333352
972	goal + feedback	134	650	0.2221116333333335
972	goal + feedback	134	700	0.19105113333333348
972	goal + feedback	134	750	0.1418424666666668
972	goal + feedback	134	800	0.11004080000000016
972	goal + feedback	134	850	NA
972	goal + feedback	134	900	NA
972	goal + feedback	134	950	NA
972	goal + feedback	134	1e3	NA
972	goal + feedback	134	1050	NA
972	goal + feedback	134	1100	-0.019832866666666504
972	goal + feedback	134	1150	-0.016432699999999818
972	goal + feedback	135	-200	0.03544659447004607
972	goal + feedback	135	-150	0.02169695161290323
972	goal + feedback	135	-100	0.010665451612903146
972	goal + feedback	135	-50	-0.025657215053763355
972	goal + feedback	135	0	-0.04805954838709677
972	goal + feedback	135	50	-0.06527038172043009
972	goal + feedback	135	100	-0.08153388172043008
972	goal + feedback	135	150	-0.08619504838709673
972	goal + feedback	135	200	-0.0729978817204302
972	goal + feedback	135	250	-0.06592888172043006
972	goal + feedback	135	300	-0.051322215053763554
972	goal + feedback	135	350	-0.06282604838709675
972	goal + feedback	135	400	-0.03740271505376339
972	goal + feedback	135	450	-0.014463048387096814
972	goal + feedback	135	500	0.01747178494623654
972	goal + feedback	135	550	0.04944611827956994
972	goal + feedback	135	600	0.08910461827956999
972	goal + feedback	135	650	0.09932045161290315
972	goal + feedback	135	700	NA
972	goal + feedback	135	750	NA
972	goal + feedback	135	800	NA
972	goal + feedback	135	850	-0.09505154838709684
972	goal + feedback	135	900	-0.2195598817204302
972	goal + feedback	135	950	-0.2538252150537635
972	goal + feedback	135	1e3	0.04960978494623647
972	goal + feedback	135	1050	0.08644728494623662
972	goal + feedback	135	1100	0.12282628494623656
972	goal + feedback	135	1150	0.1343489516129032
972	goal + feedback	136	-200	0.004237806451612869
972	goal + feedback	136	-150	0.013784139784946378
972	goal + feedback	136	-100	0.012605139784946337
972	goal + feedback	136	-50	-0.0013230268817203683
972	goal + feedback	136	0	-0.030010360215053804
972	goal + feedback	136	50	-0.06137302688172038
972	goal + feedback	136	100	-0.10126736021505378
972	goal + feedback	136	150	-0.10969769354838695
972	goal + feedback	136	200	-0.1297823602150537
972	goal + feedback	136	250	-0.14986569354838708
972	goal + feedback	136	300	-0.15443086021505378
972	goal + feedback	136	350	-0.14737402688172038
972	goal + feedback	136	400	-0.12751786021505374
972	goal + feedback	136	450	-0.10983719354838699
972	goal + feedback	136	500	-0.0791858602150537
972	goal + feedback	136	550	-0.04191486021505364
972	goal + feedback	136	600	0.00904880645161299
972	goal + feedback	136	650	0.012170473118279679
972	goal + feedback	136	700	0.013328973118279666
972	goal + feedback	136	750	-0.014997193548387022
972	goal + feedback	136	800	-0.03892819354838709
972	goal + feedback	136	850	-0.0779500268817203
972	goal + feedback	136	900	-0.17141219354838722
972	goal + feedback	136	950	NA
972	goal + feedback	136	1e3	NA
972	goal + feedback	136	1050	NA
972	goal + feedback	136	1100	-0.04627786021505376
972	goal + feedback	136	1150	-0.017580336405529935
972	goal + feedback	137	-200	-0.041484909090909294
972	goal + feedback	137	-150	NA
972	goal + feedback	137	-100	NA
972	goal + feedback	137	-50	0.00667409090909062
972	goal + feedback	137	0	0.010491257575757418
972	goal + feedback	137	50	0.011568257575757487
972	goal + feedback	137	100	0.037774090909090674
972	goal + feedback	137	150	0.06560375757575738
972	goal + feedback	137	200	0.05404242424242393
972	goal + feedback	137	250	0.044429924242424056
972	goal + feedback	137	300	0.014636757575757406
972	goal + feedback	137	350	0.0017282575757573415
972	goal + feedback	137	400	-0.038303242424242656
972	goal + feedback	137	450	-0.038665075757576016
972	goal + feedback	137	500	-0.04054274242424268
972	goal + feedback	137	550	-0.008496575757575972
972	goal + feedback	137	600	-0.009766242424242622
972	goal + feedback	137	650	0.019583924242423983
972	goal + feedback	137	700	0.0023592575757573155
972	goal + feedback	137	750	-0.013559575757576011
972	goal + feedback	137	800	-0.013716075757575977
972	goal + feedback	137	850	-0.03320815909090924
972	goal + feedback	137	900	NA
972	goal + feedback	137	950	NA
972	goal + feedback	137	1e3	NA
972	goal + feedback	137	1050	-0.09534410909090933
972	goal + feedback	137	1100	-0.1332992424242426
972	goal + feedback	137	1150	0.04407384090909083
972	goal + feedback	138	-200	0.014401433333333324
972	goal + feedback	138	-150	0.009655433333333407
972	goal + feedback	138	-100	-0.0062095666666666105
972	goal + feedback	138	-50	-0.023187400000000007
972	goal + feedback	138	0	0.005340100000000107
972	goal + feedback	138	50	0.018089433333333387
972	goal + feedback	138	100	0.023643933333333367
972	goal + feedback	138	150	0.04273009999999999
972	goal + feedback	138	200	0.0430756000000001
972	goal + feedback	138	250	0.1053266
972	goal + feedback	138	300	0.07056876666666671
972	goal + feedback	138	350	0.08798093333333346
972	goal + feedback	138	400	0.10770143333333342
972	goal + feedback	138	450	0.09067210000000014
972	goal + feedback	138	500	0.12207643333333351
972	goal + feedback	138	550	0.1752217666666668
972	goal + feedback	138	600	0.24666926666666664
972	goal + feedback	138	650	0.17892343333333338
972	goal + feedback	138	700	NA
972	goal + feedback	138	750	NA
972	goal + feedback	138	800	NA
972	goal + feedback	138	850	0.023611433333333376
972	goal + feedback	138	900	-0.02169706666666656
972	goal + feedback	138	950	-0.03884323333333336
972	goal + feedback	138	1e3	-0.02881823333333326
972	goal + feedback	138	1050	-0.04703089999999999
972	goal + feedback	138	1100	-0.07581389999999999
972	goal + feedback	138	1150	NA
972	goal + feedback	139	-200	NA
972	goal + feedback	139	-150	NA
972	goal + feedback	139	-100	NA
972	goal + feedback	139	-50	NA
972	goal + feedback	139	0	NA
972	goal + feedback	139	50	NA
972	goal + feedback	139	100	NA
972	goal + feedback	139	150	NA
972	goal + feedback	139	200	NA
972	goal + feedback	139	250	NA
972	goal + feedback	139	300	NA
972	goal + feedback	139	350	NA
972	goal + feedback	139	400	NA
972	goal + feedback	139	450	NA
972	goal + feedback	139	500	NA
972	goal + feedback	139	550	NA
972	goal + feedback	139	600	NA
972	goal + feedback	139	650	NA
972	goal + feedback	139	700	NA
972	goal + feedback	139	750	NA
972	goal + feedback	139	800	NA
972	goal + feedback	139	850	NA
972	goal + feedback	139	900	NA
972	goal + feedback	139	950	NA
972	goal + feedback	139	1e3	NA
972	goal + feedback	139	1050	NA
972	goal + feedback	139	1100	NA
972	goal + feedback	139	1150	NA
972	goal + feedback	140	-200	-0.027598533333333435
972	goal + feedback	140	-150	0.00823530000000002
972	goal + feedback	140	-100	-0.012420366666666757
972	goal + feedback	140	-50	0.010823633333333285
972	goal + feedback	140	0	0.020959966666666514
972	goal + feedback	140	50	0.02572129999999991
972	goal + feedback	140	100	0.0014719666666666391
972	goal + feedback	140	150	0.011642966666666643
972	goal + feedback	140	200	-0.008031699999999939
972	goal + feedback	140	250	-0.005890033333333378
972	goal + feedback	140	300	-0.014563699999999994
972	goal + feedback	140	350	-0.04110236666666678
972	goal + feedback	140	400	-0.00986786666666665
972	goal + feedback	140	450	-0.006853866666666726
972	goal + feedback	140	500	0.004074800000000008
972	goal + feedback	140	550	0.03254879999999997
972	goal + feedback	140	600	0.03775646666666669
972	goal + feedback	140	650	0.04734963333333327
972	goal + feedback	140	700	NA
972	goal + feedback	140	750	NA
972	goal + feedback	140	800	NA
972	goal + feedback	140	850	NA
972	goal + feedback	140	900	0.051916800000000096
972	goal + feedback	140	950	-0.05422262857142858
972	goal + feedback	140	1e3	-0.10663170000000004
972	goal + feedback	140	1050	-0.08532636666666667
972	goal + feedback	140	1100	-0.043268533333333435
972	goal + feedback	140	1150	-0.0015238666666666696
