Subject	condition	TrialId	bin	pupil_change
1080	goal + feedback	1	-200	0.04455067281105972
1080	goal + feedback	1	-150	0.020684220430107352
1080	goal + feedback	1	-100	0.003863720430107298
1080	goal + feedback	1	-50	-0.027453112903225902
1080	goal + feedback	1	0	-0.049070612903225896
1080	goal + feedback	1	50	-0.05190761290322595
1080	goal + feedback	1	100	-0.0664784462365593
1080	goal + feedback	1	150	-0.05938777956989264
1080	goal + feedback	1	200	-0.07751061290322599
1080	goal + feedback	1	250	-0.06952927956989252
1080	goal + feedback	1	300	-0.0881814462365594
1080	goal + feedback	1	350	-0.0758042795698927
1080	goal + feedback	1	400	-0.0633536129032261
1080	goal + feedback	1	450	-0.0575902795698926
1080	goal + feedback	1	500	-0.01985894623655926
1080	goal + feedback	1	550	0.020212053763440707
1080	goal + feedback	1	600	0.07211955376344077
1080	goal + feedback	1	650	0.13843655376344075
1080	goal + feedback	1	700	0.17707255376344064
1080	goal + feedback	1	750	0.2005987204301074
1080	goal + feedback	1	800	0.19478422043010735
1080	goal + feedback	1	850	0.163634137096774
1080	goal + feedback	1	900	NA
1080	goal + feedback	1	950	0.19287038709677407
1080	goal + feedback	1	1e3	0.2379135537634407
1080	goal + feedback	1	1050	0.2392930537634408
1080	goal + feedback	1	1100	0.24250272043010743
1080	goal + feedback	1	1150	0.3004870537634407
1080	goal + feedback	3	-200	0.023843529953917093
1080	goal + feedback	3	-150	0.0229982204301075
1080	goal + feedback	3	-100	0.01801872043010766
1080	goal + feedback	3	-50	-0.011627279569892476
1080	goal + feedback	3	0	-0.05720711290322574
1080	goal + feedback	3	50	-0.0922836129032258
1080	goal + feedback	3	100	-0.15518961290322567
1080	goal + feedback	3	150	-0.18398861290322577
1080	goal + feedback	3	200	-0.21134127956989243
1080	goal + feedback	3	250	-0.23631077956989235
1080	goal + feedback	3	300	-0.23328561290322578
1080	goal + feedback	3	350	-0.2344487795698925
1080	goal + feedback	3	400	-0.2191089462365591
1080	goal + feedback	3	450	-0.16696844623655913
1080	goal + feedback	3	500	-0.15207244623655902
1080	goal + feedback	3	550	-0.10230027956989247
1080	goal + feedback	3	600	-0.052499279569892345
1080	goal + feedback	3	650	-0.010503946236559111
1080	goal + feedback	3	700	0.015910387096774132
1080	goal + feedback	3	750	0.03640272043010754
1080	goal + feedback	3	800	0.04220305376344095
1080	goal + feedback	3	850	0.01443588709677431
1080	goal + feedback	3	900	0.026826053763440827
1080	goal + feedback	3	950	0.011333387096774228
1080	goal + feedback	3	1e3	0.0013792204301075195
1080	goal + feedback	3	1050	-0.025541779569892526
1080	goal + feedback	3	1100	-0.003052946236559014
1080	goal + feedback	3	1150	-0.0046619462365591335
1080	goal + feedback	4	-200	0.005208391705068927
1080	goal + feedback	4	-150	0.014610010752688085
1080	goal + feedback	4	-100	-0.01692232258064526
1080	goal + feedback	4	-50	-0.002576989247311904
1080	goal + feedback	4	0	-0.0011871559139786658
1080	goal + feedback	4	50	-2.8932258064536437e-4
1080	goal + feedback	4	100	0.005459177419354792
1080	goal + feedback	4	150	0.008900344086021361
1080	goal + feedback	4	200	0.011487010752688024
1080	goal + feedback	4	250	0.015239844086021304
1080	goal + feedback	4	300	0.0541746774193547
1080	goal + feedback	4	350	0.049056677419354676
1080	goal + feedback	4	400	0.038259844086021344
1080	goal + feedback	4	450	0.03948784408602135
1080	goal + feedback	4	500	0.05571067741935468
1080	goal + feedback	4	550	0.05444651075268799
1080	goal + feedback	4	600	0.09998701075268805
1080	goal + feedback	4	650	0.19912667741935475
1080	goal + feedback	4	700	0.18111784408602136
1080	goal + feedback	4	750	0.2133241774193547
1080	goal + feedback	4	800	0.192307510752688
1080	goal + feedback	4	850	0.20042117741935472
1080	goal + feedback	4	900	0.1883136774193547
1080	goal + feedback	4	950	0.1576275107526881
1080	goal + feedback	4	1e3	0.10192317741935475
1080	goal + feedback	4	1050	0.06671901075268805
1080	goal + feedback	4	1100	0.03034167741935471
1080	goal + feedback	4	1150	0.018903844086021415
1080	goal + feedback	5	-200	-0.003790815668202972
1080	goal + feedback	5	-150	0.004040779569892239
1080	goal + feedback	5	-100	0.002908779569892254
1080	goal + feedback	5	-50	-0.015465553763440942
1080	goal + feedback	5	0	0.012938612903225621
1080	goal + feedback	5	50	0.022524279569892263
1080	goal + feedback	5	100	0.07837361290322575
1080	goal + feedback	5	150	0.04561127956989234
1080	goal + feedback	5	200	0.049235946236559025
1080	goal + feedback	5	250	0.04416761290322557
1080	goal + feedback	5	300	0.03479611290322556
1080	goal + feedback	5	350	0.03429161290322558
1080	goal + feedback	5	400	0.04915027956989223
1080	goal + feedback	5	450	0.06248077956989236
1080	goal + feedback	5	500	0.0611607795698923
1080	goal + feedback	5	550	0.0733442795698922
1080	goal + feedback	5	600	0.07379961290322568
1080	goal + feedback	5	650	0.10076827956989225
1080	goal + feedback	5	700	0.04663327956989235
1080	goal + feedback	5	750	0.05103911290322564
1080	goal + feedback	5	800	0.05303744623655904
1080	goal + feedback	5	850	0.048159112903225644
1080	goal + feedback	5	900	0.02419677956989223
1080	goal + feedback	5	950	-0.005618053763441007
1080	goal + feedback	5	1e3	-0.04073205376344095
1080	goal + feedback	5	1050	0.02664427956989231
1080	goal + feedback	5	1100	-0.006918387096774244
1080	goal + feedback	5	1150	-0.0013402204301077674
1080	goal + feedback	6	-200	-0.014167695852534681
1080	goal + feedback	6	-150	0.005020494623655687
1080	goal + feedback	6	-100	0.0031939946236556604
1080	goal + feedback	6	-50	-0.018420338709677592
1080	goal + feedback	6	0	0.026734827956989077
1080	goal + feedback	6	50	0.025552494623655757
1080	goal + feedback	6	100	-0.006934505376344176
1080	goal + feedback	6	150	-0.019949505376344323
1080	goal + feedback	6	200	-0.04457333870967761
1080	goal + feedback	6	250	-0.04210983870967766
1080	goal + feedback	6	300	-0.002141172043010897
1080	goal + feedback	6	350	-0.015584838709677676
1080	goal + feedback	6	400	0.03884849462365566
1080	goal + feedback	6	450	0.04903399462365584
1080	goal + feedback	6	500	0.09358549462365569
1080	goal + feedback	6	550	0.19125799462365575
1080	goal + feedback	6	600	0.2303091612903223
1080	goal + feedback	6	650	0.19627066129032245
1080	goal + feedback	6	700	0.19807249462365561
1080	goal + feedback	6	750	0.16838582795698906
1080	goal + feedback	6	800	0.1394718279569891
1080	goal + feedback	6	850	0.10132566129032232
1080	goal + feedback	6	900	0.05974716129032235
1080	goal + feedback	6	950	0.025402327956988973
1080	goal + feedback	6	1e3	0.020226994623655587
1080	goal + feedback	6	1050	0.00436549462365569
1080	goal + feedback	6	1100	0.017651161290322515
1080	goal + feedback	6	1150	NA
1080	goal + feedback	7	-200	-0.0017188870967739245
1080	goal + feedback	7	-150	-0.013459553763440768
1080	goal + feedback	7	-100	-0.01050322043010743
1080	goal + feedback	7	-50	0.002389946236559304
1080	goal + feedback	7	0	0.019964327188940256
1080	goal + feedback	7	50	0.04426227956989267
1080	goal + feedback	7	100	0.06640744623655936
1080	goal + feedback	7	150	0.07382761290322604
1080	goal + feedback	7	200	0.08852044623655926
1080	goal + feedback	7	250	0.10383044623655928
1080	goal + feedback	7	300	0.09505711290322598
1080	goal + feedback	7	350	0.11016894623655922
1080	goal + feedback	7	400	0.1148534462365592
1080	goal + feedback	7	450	0.14793577956989265
1080	goal + feedback	7	500	0.187466112903226
1080	goal + feedback	7	550	0.21609344623655935
1080	goal + feedback	7	600	0.2272856129032259
1080	goal + feedback	7	650	0.2552969462365593
1080	goal + feedback	7	700	0.2562219462365592
1080	goal + feedback	7	750	0.2320292795698927
1080	goal + feedback	7	800	0.23281344623655933
1080	goal + feedback	7	850	0.16351127956989267
1080	goal + feedback	7	900	0.19019077956989264
1080	goal + feedback	7	950	0.15930944623655932
1080	goal + feedback	7	1e3	0.21567627956989255
1080	goal + feedback	7	1050	0.20685844623655938
1080	goal + feedback	7	1100	0.24233277956989271
1080	goal + feedback	7	1150	0.20395811290322596
1080	goal + feedback	8	-200	0.022493733333333266
1080	goal + feedback	8	-150	0.017408899999999877
1080	goal + feedback	8	-100	0.014545733333333347
1080	goal + feedback	8	-50	-0.02382693333333341
1080	goal + feedback	8	0	-0.0306214333333333
1080	goal + feedback	8	50	-0.017588433333333448
1080	goal + feedback	8	100	-0.0275436
1080	goal + feedback	8	150	-0.035586766666666714
1080	goal + feedback	8	200	-0.028633266666666657
1080	goal + feedback	8	250	-0.05282660000000009
1080	goal + feedback	8	300	-0.046532719047619055
1080	goal + feedback	8	350	-0.0381976333333335
1080	goal + feedback	8	400	-0.026070576190476227
1080	goal + feedback	8	450	-6.701000000000809e-4
1080	goal + feedback	8	500	0.060129399999999965
1080	goal + feedback	8	550	0.05306556666666654
1080	goal + feedback	8	600	0.09728439999999987
1080	goal + feedback	8	650	0.12105156666666658
1080	goal + feedback	8	700	0.09318056666666655
1080	goal + feedback	8	750	0.09814956666666645
1080	goal + feedback	8	800	0.08346339999999992
1080	goal + feedback	8	850	-0.023016033333333397
1080	goal + feedback	8	900	NA
1080	goal + feedback	8	950	NA
1080	goal + feedback	8	1e3	-0.19997918333333342
1080	goal + feedback	8	1050	-0.07856326666666676
1080	goal + feedback	8	1100	-0.06529510000000009
1080	goal + feedback	8	1150	-0.04649776666666675
1080	goal + feedback	9	-200	-0.01800902764976981
1080	goal + feedback	9	-150	-0.018802075268817314
1080	goal + feedback	9	-100	-0.0057439086021506824
1080	goal + feedback	9	-50	0.011643424731182591
1080	goal + feedback	9	0	0.033913091397849295
1080	goal + feedback	9	50	0.04136592473118269
1080	goal + feedback	9	100	0.06591575806451584
1080	goal + feedback	9	150	0.05183992473118271
1080	goal + feedback	9	200	0.06665459139784928
1080	goal + feedback	9	250	0.06236525806451598
1080	goal + feedback	9	300	0.07196109139784923
1080	goal + feedback	9	350	0.08429259139784932
1080	goal + feedback	9	400	0.10379859139784942
1080	goal + feedback	9	450	0.1328850913978493
1080	goal + feedback	9	500	0.15137425806451596
1080	goal + feedback	9	550	0.18604942473118266
1080	goal + feedback	9	600	0.21737842473118266
1080	goal + feedback	9	650	0.2376665913978492
1080	goal + feedback	9	700	0.2341944247311826
1080	goal + feedback	9	750	0.2279394247311827
1080	goal + feedback	9	800	0.2290444247311826
1080	goal + feedback	9	850	0.21818209139784925
1080	goal + feedback	9	900	0.19919192473118263
1080	goal + feedback	9	950	0.18653159139784928
1080	goal + feedback	9	1e3	0.18542109139784935
1080	goal + feedback	9	1050	0.21067459139784925
1080	goal + feedback	9	1100	0.2077400913978494
1080	goal + feedback	9	1150	0.23738275806451595
1080	goal + feedback	10	-200	-0.01542348847926275
1080	goal + feedback	10	-150	-0.005562774193548374
1080	goal + feedback	10	-100	0.00870555913978488
1080	goal + feedback	10	-50	0.013789059139784898
1080	goal + feedback	10	0	0.0010622258064515073
1080	goal + feedback	10	50	0.012859559139784945
1080	goal + feedback	10	100	-0.03491444086021511
1080	goal + feedback	10	150	NA
1080	goal + feedback	10	200	-0.21286477419354854
1080	goal + feedback	10	250	-0.060992274193548544
1080	goal + feedback	10	300	-0.08797327419354846
1080	goal + feedback	10	350	-0.11721177419354849
1080	goal + feedback	10	400	-0.09704110752688185
1080	goal + feedback	10	450	-0.11266660752688178
1080	goal + feedback	10	500	-0.08659377419354845
1080	goal + feedback	10	550	-0.050661107526881834
1080	goal + feedback	10	600	-0.03412227419354837
1080	goal + feedback	10	650	-0.04246760752688172
1080	goal + feedback	10	700	-0.049763274193548535
1080	goal + feedback	10	750	-0.05117394086021513
1080	goal + feedback	10	800	-0.07189960752688178
1080	goal + feedback	10	850	-0.068204940860215
1080	goal + feedback	10	900	-0.045514440860215055
1080	goal + feedback	10	950	-0.006145440860215142
1080	goal + feedback	10	1e3	0.024712392473118145
1080	goal + feedback	10	1050	0.04238972580645162
1080	goal + feedback	10	1100	0.05913355913978487
1080	goal + feedback	10	1150	0.08376155913978504
1080	goal + feedback	11	-200	-0.01567070506912468
1080	goal + feedback	11	-150	-0.0032552526881722463
1080	goal + feedback	11	-100	0.0037805806451612542
1080	goal + feedback	11	-50	0.0072414139784944265
1080	goal + feedback	11	0	0.01051574731182788
1080	goal + feedback	11	50	0.027263580645161174
1080	goal + feedback	11	100	0.037704080645161175
1080	goal + feedback	11	150	0.05566308064516116
1080	goal + feedback	11	200	0.07420274731182779
1080	goal + feedback	11	250	0.08243174731182767
1080	goal + feedback	11	300	0.11901108064516112
1080	goal + feedback	11	350	0.13668991397849442
1080	goal + feedback	11	400	0.14918224731182783
1080	goal + feedback	11	450	0.18600441397849451
1080	goal + feedback	11	500	0.23057491397849436
1080	goal + feedback	11	550	0.23620824731182774
1080	goal + feedback	11	600	0.29835124731182777
1080	goal + feedback	11	650	0.31531691397849454
1080	goal + feedback	11	700	0.3161679139784945
1080	goal + feedback	11	750	0.2911412473118278
1080	goal + feedback	11	800	0.2683374139784945
1080	goal + feedback	11	850	0.24740224731182772
1080	goal + feedback	11	900	0.2795072473118278
1080	goal + feedback	11	950	0.2657007473118278
1080	goal + feedback	11	1e3	0.2423632473118278
1080	goal + feedback	11	1050	0.2551265806451612
1080	goal + feedback	11	1100	0.2786400806451612
1080	goal + feedback	11	1150	0.3219612473118277
1080	goal + feedback	12	-200	0.01886857603686622
1080	goal + feedback	12	-150	0.021475290322580626
1080	goal + feedback	12	-100	0.002218290322580548
1080	goal + feedback	12	-50	-0.012386209677419583
1080	goal + feedback	12	0	-0.03332070967741944
1080	goal + feedback	12	50	-0.03363887634408617
1080	goal + feedback	12	100	-0.06910687634408608
1080	goal + feedback	12	150	-0.049033209677419386
1080	goal + feedback	12	200	-0.0347928763440862
1080	goal + feedback	12	250	-0.04117287634408617
1080	goal + feedback	12	300	-0.03552054301075288
1080	goal + feedback	12	350	-0.05004170967741935
1080	goal + feedback	12	400	-0.05188870967741951
1080	goal + feedback	12	450	-0.03665637634408614
1080	goal + feedback	12	500	-0.022091376344086127
1080	goal + feedback	12	550	-0.0219312096774195
1080	goal + feedback	12	600	0.00974212365591387
1080	goal + feedback	12	650	0.01814979032258046
1080	goal + feedback	12	700	0.07359295698924713
1080	goal + feedback	12	750	0.10896812365591384
1080	goal + feedback	12	800	0.17852912365591397
1080	goal + feedback	12	850	0.1985209569892472
1080	goal + feedback	12	900	0.22296979032258055
1080	goal + feedback	12	950	0.2398807903225805
1080	goal + feedback	12	1e3	0.24144379032258056
1080	goal + feedback	12	1050	0.2535374569892472
1080	goal + feedback	12	1100	0.2549329569892473
1080	goal + feedback	12	1150	0.27554745698924726
1080	goal + feedback	13	-200	-0.060381382488479254
1080	goal + feedback	13	-150	-0.018800096774193625
1080	goal + feedback	13	-100	0.01591323655913975
1080	goal + feedback	13	-50	0.02769390322580656
1080	goal + feedback	13	0	0.045637903225806443
1080	goal + feedback	13	50	0.05483723655913978
1080	goal + feedback	13	100	0.06370806989247309
1080	goal + feedback	13	150	0.0626589032258064
1080	goal + feedback	13	200	0.10691790322580645
1080	goal + feedback	13	250	0.09276673655913974
1080	goal + feedback	13	300	0.09311140322580647
1080	goal + feedback	13	350	0.09283473655913976
1080	goal + feedback	13	400	0.13486773655913975
1080	goal + feedback	13	450	0.14846390322580638
1080	goal + feedback	13	500	0.18222490322580645
1080	goal + feedback	13	550	0.2549947365591397
1080	goal + feedback	13	600	0.21085590322580638
1080	goal + feedback	13	650	0.23669873655913984
1080	goal + feedback	13	700	0.2190955698924731
1080	goal + feedback	13	750	0.14800406989247303
1080	goal + feedback	13	800	0.1279359032258065
1080	goal + feedback	13	850	0.10993273655913975
1080	goal + feedback	13	900	0.09015356989247321
1080	goal + feedback	13	950	0.0746510698924731
1080	goal + feedback	13	1e3	0.0786349032258064
1080	goal + feedback	13	1050	0.10080290322580643
1080	goal + feedback	13	1100	0.1351222365591398
1080	goal + feedback	13	1150	0.15209656989247308
1080	goal + feedback	14	-200	-0.03131390322580633
1080	goal + feedback	14	-150	4.270967741937248e-4
1080	goal + feedback	14	-100	0.013373763440860312
1080	goal + feedback	14	-50	0.021127596774193735
1080	goal + feedback	14	0	0.0016044301075269403
1080	goal + feedback	14	50	0.02329109677419372
1080	goal + feedback	14	100	0.012979263440860386
1080	goal + feedback	14	150	0.028938596774193675
1080	goal + feedback	14	200	0.030605930107527064
1080	goal + feedback	14	250	0.034631930107527
1080	goal + feedback	14	300	0.04326843010752709
1080	goal + feedback	14	350	0.08129576344086036
1080	goal + feedback	14	400	0.10913626344086036
1080	goal + feedback	14	450	0.07439709677419366
1080	goal + feedback	14	500	0.1278335967741938
1080	goal + feedback	14	550	0.151496430107527
1080	goal + feedback	14	600	0.125079430107527
1080	goal + feedback	14	650	0.1499960967741937
1080	goal + feedback	14	700	0.11145793010752698
1080	goal + feedback	14	750	0.1278077634408604
1080	goal + feedback	14	800	0.08974659677419372
1080	goal + feedback	14	850	0.0803932634408604
1080	goal + feedback	14	900	0.08113426344086043
1080	goal + feedback	14	950	0.05490176344086032
1080	goal + feedback	14	1e3	0.03624176344086035
1080	goal + feedback	14	1050	0.00106159677419367
1080	goal + feedback	14	1100	0.034907263440860335
1080	goal + feedback	14	1150	0.04593143010752702
1080	goal + feedback	15	-200	-0.042556990783409986
1080	goal + feedback	15	-150	-0.03168725268817189
1080	goal + feedback	15	-100	0.012557080645161514
1080	goal + feedback	15	-50	0.018355747311828097
1080	goal + feedback	15	0	0.05042424731182815
1080	goal + feedback	15	50	0.06299841397849477
1080	goal + feedback	15	100	0.044286247311828175
1080	goal + feedback	15	150	0.031154080645161415
1080	goal + feedback	15	200	0.02841391397849476
1080	goal + feedback	15	250	0.03878708064516149
1080	goal + feedback	15	300	0.05468508064516153
1080	goal + feedback	15	350	0.04932374731182813
1080	goal + feedback	15	400	0.09593991397849473
1080	goal + feedback	15	450	0.07025774731182806
1080	goal + feedback	15	500	0.06597058064516144
1080	goal + feedback	15	550	0.04367974731182822
1080	goal + feedback	15	600	0.054302580645161434
1080	goal + feedback	15	650	0.036489580645161425
1080	goal + feedback	15	700	7.490806451615484e-4
1080	goal + feedback	15	750	0.034220913978494805
1080	goal + feedback	15	800	0.021471247311828145
1080	goal + feedback	15	850	0.024110580645161434
1080	goal + feedback	15	900	0.040847413978494895
1080	goal + feedback	15	950	-0.013214919354838464
1080	goal + feedback	15	1e3	0.01048158064516147
1080	goal + feedback	15	1050	0.022058080645161498
1080	goal + feedback	15	1100	0.008849913978494772
1080	goal + feedback	15	1150	0.02912224731182807
1080	goal + feedback	16	-200	-0.037343797235022916
1080	goal + feedback	16	-150	0.0017566075268819297
1080	goal + feedback	16	-100	0.010449940860215149
1080	goal + feedback	16	-50	0.020459440860215155
1080	goal + feedback	16	0	0.01090177419354843
1080	goal + feedback	16	50	0.03866477419354849
1080	goal + feedback	16	100	0.010472774193548418
1080	goal + feedback	16	150	0.01399944086021517
1080	goal + feedback	16	200	0.00965610752688173
1080	goal + feedback	16	250	0.02392427419354844
1080	goal + feedback	16	300	0.018091940860215077
1080	goal + feedback	16	350	0.02781327419354847
1080	goal + feedback	16	400	0.030779107526881806
1080	goal + feedback	16	450	0.025012440860215184
1080	goal + feedback	16	500	0.030864607526881842
1080	goal + feedback	16	550	0.08777410752688171
1080	goal + feedback	16	600	0.14333227419354846
1080	goal + feedback	16	650	0.1544692741935485
1080	goal + feedback	16	700	0.14185527419354851
1080	goal + feedback	16	750	0.14180110752688183
1080	goal + feedback	16	800	0.1341367741935485
1080	goal + feedback	16	850	0.10818794086021503
1080	goal + feedback	16	900	0.10052144086021515
1080	goal + feedback	16	950	0.07926727419354851
1080	goal + feedback	16	1e3	0.08778510752688178
1080	goal + feedback	16	1050	0.09426344086021514
1080	goal + feedback	16	1100	0.08684427419354845
1080	goal + feedback	16	1150	0.09776527419354848
1080	goal + feedback	17	-200	8.625333333334891e-4
1080	goal + feedback	17	-150	0.013099533333333468
1080	goal + feedback	17	-100	0.007372033333333509
1080	goal + feedback	17	-50	-0.010593966666666491
1080	goal + feedback	17	0	-0.01074013333333316
1080	goal + feedback	17	50	-0.028790633333333204
1080	goal + feedback	17	100	0.0039028666666667267
1080	goal + feedback	17	150	0.02663886666666689
1080	goal + feedback	17	200	0.030357200000000157
1080	goal + feedback	17	250	0.04826370000000013
1080	goal + feedback	17	300	0.057051200000000156
1080	goal + feedback	17	350	0.07824603333333346
1080	goal + feedback	17	400	0.1006003666666669
1080	goal + feedback	17	450	0.12944436666666684
1080	goal + feedback	17	500	0.14657653333333354
1080	goal + feedback	17	550	0.19549470000000016
1080	goal + feedback	17	600	0.17856986666666685
1080	goal + feedback	17	650	0.17069886666666675
1080	goal + feedback	17	700	0.15517036666666692
1080	goal + feedback	17	750	0.12348020000000015
1080	goal + feedback	17	800	0.1251985333333335
1080	goal + feedback	17	850	0.08577570000000027
1080	goal + feedback	17	900	0.058297700000000154
1080	goal + feedback	17	950	0.05957503333333344
1080	goal + feedback	17	1e3	0.028449866666666823
1080	goal + feedback	17	1050	0.006047033333333489
1080	goal + feedback	17	1100	0.01938803333333346
1080	goal + feedback	17	1150	0.08460136666666683
1080	goal + feedback	18	-200	-0.040950783410138136
1080	goal + feedback	18	-150	-0.003184521505376218
1080	goal + feedback	18	-100	-3.373548387094842e-4
1080	goal + feedback	18	-50	0.02289647849462395
1080	goal + feedback	18	0	0.028401311827957132
1080	goal + feedback	18	50	0.04318964516129046
1080	goal + feedback	18	100	0.06589064516129046
1080	goal + feedback	18	150	0.046434311827957174
1080	goal + feedback	18	200	0.06887314516129057
1080	goal + feedback	18	250	0.08689664516129054
1080	goal + feedback	18	300	0.04585614516129044
1080	goal + feedback	18	350	0.0550336451612905
1080	goal + feedback	18	400	0.07063681182795722
1080	goal + feedback	18	450	0.06589781182795733
1080	goal + feedback	18	500	0.1250334784946238
1080	goal + feedback	18	550	0.1645614784946238
1080	goal + feedback	18	600	0.18382314516129053
1080	goal + feedback	18	650	0.21723347849462385
1080	goal + feedback	18	700	0.21706431182795716
1080	goal + feedback	18	750	0.19864731182795717
1080	goal + feedback	18	800	0.16044897849462383
1080	goal + feedback	18	850	0.1331136451612905
1080	goal + feedback	18	900	0.09741047849462385
1080	goal + feedback	18	950	0.07685014516129056
1080	goal + feedback	18	1e3	0.07657614516129045
1080	goal + feedback	18	1050	0.056003978494623796
1080	goal + feedback	18	1100	0.09038864516129053
1080	goal + feedback	18	1150	0.07542831182795721
1080	goal + feedback	19	-200	0.017890165898617534
1080	goal + feedback	19	-150	0.0046701182795700165
1080	goal + feedback	19	-100	0.0011917849462365442
1080	goal + feedback	19	-50	-0.003849215053763381
1080	goal + feedback	19	0	-0.0228845483870966
1080	goal + feedback	19	50	9.118279569915918e-6
1080	goal + feedback	19	100	0.0109249516129033
1080	goal + feedback	19	150	0.010643118279569949
1080	goal + feedback	19	200	0.006318118279569888
1080	goal + feedback	19	250	0.01981661827956997
1080	goal + feedback	19	300	0.004038951612903278
1080	goal + feedback	19	350	0.004554618279569933
1080	goal + feedback	19	400	-0.014909715053763373
1080	goal + feedback	19	450	0.017601284946236657
1080	goal + feedback	19	500	0.02432478494623654
1080	goal + feedback	19	550	0.0445429516129033
1080	goal + feedback	19	600	0.1139421182795699
1080	goal + feedback	19	650	0.12039995161290329
1080	goal + feedback	19	700	0.12569911827957
1080	goal + feedback	19	750	0.15433311827956997
1080	goal + feedback	19	800	0.13235661827956982
1080	goal + feedback	19	850	0.10877961827956995
1080	goal + feedback	19	900	0.1115224516129032
1080	goal + feedback	19	950	0.11118611827956992
1080	goal + feedback	19	1e3	0.09246428494623656
1080	goal + feedback	19	1050	0.08661295161290321
1080	goal + feedback	19	1100	0.09893861827956996
1080	goal + feedback	19	1150	0.10646845161290323
1080	goal + feedback	20	-200	0.05817880184331787
1080	goal + feedback	20	-150	0.03146968279569876
1080	goal + feedback	20	-100	-0.01729465053763457
1080	goal + feedback	20	-50	-0.0303421505376346
1080	goal + feedback	20	0	-0.05170815053763459
1080	goal + feedback	20	50	-0.046096483870967875
1080	goal + feedback	20	100	-0.05806998387096788
1080	goal + feedback	20	150	-0.06689681720430134
1080	goal + feedback	20	200	-0.08122015053763458
1080	goal + feedback	20	250	-0.07202348387096798
1080	goal + feedback	20	300	-0.051308317204301325
1080	goal + feedback	20	350	-0.010336483870967935
1080	goal + feedback	20	400	-0.006157483870967928
1080	goal + feedback	20	450	-0.009837483870967908
1080	goal + feedback	20	500	0.011533682795698738
1080	goal + feedback	20	550	0.08853334946236546
1080	goal + feedback	20	600	0.11663384946236532
1080	goal + feedback	20	650	0.13972184946236546
1080	goal + feedback	20	700	0.10867951612903215
1080	goal + feedback	20	750	0.06659451612903215
1080	goal + feedback	20	800	0.05274034946236542
1080	goal + feedback	20	850	-0.008258983870967906
1080	goal + feedback	20	900	-0.04978531720430124
1080	goal + feedback	20	950	-0.06076531720430123
1080	goal + feedback	20	1e3	-0.04037931720430129
1080	goal + feedback	20	1050	-0.053873483870967874
1080	goal + feedback	20	1100	-0.045675150537634567
1080	goal + feedback	20	1150	-0.031049150537634535
1080	goal + feedback	21	-200	-0.026152290322580436
1080	goal + feedback	21	-150	0.012460376344086255
1080	goal + feedback	21	-100	0.014941709677419516
1080	goal + feedback	21	-50	0.008570709677419611
1080	goal + feedback	21	0	-0.0054617903225805025
1080	goal + feedback	21	50	-0.03037612365591384
1080	goal + feedback	21	100	-0.05947579032258051
1080	goal + feedback	21	150	-0.0760696236559139
1080	goal + feedback	21	200	-0.08139162365591386
1080	goal + feedback	21	250	-0.08872312365591377
1080	goal + feedback	21	300	-0.08767579032258051
1080	goal + feedback	21	350	-0.07650045698924705
1080	goal + feedback	21	400	-0.061672623655913826
1080	goal + feedback	21	450	-0.013371123655913827
1080	goal + feedback	21	500	0.03129770967741955
1080	goal + feedback	21	550	0.08163754301075284
1080	goal + feedback	21	600	0.10889787634408614
1080	goal + feedback	21	650	0.12108354301075286
1080	goal + feedback	21	700	0.14561070967741951
1080	goal + feedback	21	750	0.20699454301075285
1080	goal + feedback	21	800	0.19108970967741956
1080	goal + feedback	21	850	0.14521737634408619
1080	goal + feedback	21	900	0.11066370967741945
1080	goal + feedback	21	950	0.09985930967741945
1080	goal + feedback	21	1e3	0.1148341382488481
1080	goal + feedback	21	1050	0.10328220967741952
1080	goal + feedback	21	1100	0.10976904301075281
1080	goal + feedback	21	1150	0.10688287634408611
1080	goal + feedback	22	-200	-0.035479333333333196
1080	goal + feedback	22	-150	-0.011809166666666648
1080	goal + feedback	22	-100	0.01034633333333342
1080	goal + feedback	22	-50	0.01224200000000016
1080	goal + feedback	22	0	0.024700166666666707
1080	goal + feedback	22	50	0.04016816666666682
1080	goal + feedback	22	100	0.04787633333333341
1080	goal + feedback	22	150	0.05681700000000012
1080	goal + feedback	22	200	0.04055283333333345
1080	goal + feedback	22	250	0.05708550000000012
1080	goal + feedback	22	300	0.012231833333333405
1080	goal + feedback	22	350	-0.009438166666666673
1080	goal + feedback	22	400	-0.01824883333333327
1080	goal + feedback	22	450	-0.0027838333333332077
1080	goal + feedback	22	500	0.026934000000000013
1080	goal + feedback	22	550	0.07130199999999998
1080	goal + feedback	22	600	0.07518600000000013
1080	goal + feedback	22	650	0.0863728333333335
1080	goal + feedback	22	700	0.12035600000000006
1080	goal + feedback	22	750	0.11864800000000009
1080	goal + feedback	22	800	0.11742783333333333
1080	goal + feedback	22	850	0.07678633333333347
1080	goal + feedback	22	900	0.06196583333333342
1080	goal + feedback	22	950	0.04797900000000007
1080	goal + feedback	22	1e3	0.034147666666666764
1080	goal + feedback	22	1050	0.027915666666666672
1080	goal + feedback	22	1100	0.04110100000000013
1080	goal + feedback	22	1150	0.06699933333333341
1080	goal + feedback	23	-200	0.018806741935483755
1080	goal + feedback	23	-150	0.020529741935483736
1080	goal + feedback	23	-100	0.010624075268817071
1080	goal + feedback	23	-50	-0.012231091397849614
1080	goal + feedback	23	0	-0.04086392473118291
1080	goal + feedback	23	50	-0.06107175806451637
1080	goal + feedback	23	100	-0.09908642473118283
1080	goal + feedback	23	150	-0.11382642473118287
1080	goal + feedback	23	200	-0.1387550913978496
1080	goal + feedback	23	250	-0.162586924731183
1080	goal + feedback	23	300	-0.18154559139784957
1080	goal + feedback	23	350	-0.18187859139784956
1080	goal + feedback	23	400	-0.19118692473118296
1080	goal + feedback	23	450	-0.17352142473118293
1080	goal + feedback	23	500	-0.11866359139784961
1080	goal + feedback	23	550	-0.08352242473118299
1080	goal + feedback	23	600	-0.05348692473118296
1080	goal + feedback	23	650	0.023169075268817025
1080	goal + feedback	23	700	0.06592324193548375
1080	goal + feedback	23	750	0.0753545752688171
1080	goal + feedback	23	800	0.09471474193548375
1080	goal + feedback	23	850	0.05672190860215035
1080	goal + feedback	23	900	0.05329224193548369
1080	goal + feedback	23	950	0.06528907526881704
1080	goal + feedback	23	1e3	0.06199924193548371
1080	goal + feedback	23	1050	0.08725557526881696
1080	goal + feedback	23	1100	0.09523290860215046
1080	goal + feedback	23	1150	0.11309690860215034
1080	goal + feedback	24	-200	-0.0022613087557602973
1080	goal + feedback	24	-150	0.0073188817204300856
1080	goal + feedback	24	-100	-0.017622118279569794
1080	goal + feedback	24	-50	0.00931021505376354
1080	goal + feedback	24	0	0.0036312150537634777
1080	goal + feedback	24	50	0.01574288172043022
1080	goal + feedback	24	100	0.0108200483870969
1080	goal + feedback	24	150	0.010295715053763477
1080	goal + feedback	24	200	0.02733538172043019
1080	goal + feedback	24	250	0.024881348387096835
1080	goal + feedback	24	300	0.0372886912442399
1080	goal + feedback	24	350	0.07250638172043027
1080	goal + feedback	24	400	0.08015554838709689
1080	goal + feedback	24	450	0.09607488172043029
1080	goal + feedback	24	500	0.13990588172043025
1080	goal + feedback	24	550	0.19873288172043013
1080	goal + feedback	24	600	0.23733588172043016
1080	goal + feedback	24	650	0.23390704838709694
1080	goal + feedback	24	700	0.2048255483870968
1080	goal + feedback	24	750	0.1285190483870969
1080	goal + feedback	24	800	0.13979421505376358
1080	goal + feedback	24	850	0.10032271505376363
1080	goal + feedback	24	900	0.053604881720430285
1080	goal + feedback	24	950	0.039111548387096885
1080	goal + feedback	24	1e3	0.05084921505376353
1080	goal + feedback	24	1050	0.03625904838709696
1080	goal + feedback	24	1100	0.022978881720430316
1080	goal + feedback	24	1150	0.022954381720430222
1080	goal + feedback	25	-200	-0.02649463333333335
1080	goal + feedback	25	-150	-0.008507800000000065
1080	goal + feedback	25	-100	-0.00477146666666665
1080	goal + feedback	25	-50	0.008960033333333431
1080	goal + feedback	25	0	0.030813866666666634
1080	goal + feedback	25	50	0.05750853333333339
1080	goal + feedback	25	100	0.09230703333333334
1080	goal + feedback	25	150	0.12263703333333331
1080	goal + feedback	25	200	0.16283936666666676
1080	goal + feedback	25	250	0.19071986666666674
1080	goal + feedback	25	300	0.22877953333333326
1080	goal + feedback	25	350	0.2780877000000001
1080	goal + feedback	25	400	0.3039463666666668
1080	goal + feedback	25	450	0.35807520000000004
1080	goal + feedback	25	500	0.3924278666666667
1080	goal + feedback	25	550	0.43779686666666673
1080	goal + feedback	25	600	0.48687620000000004
1080	goal + feedback	25	650	0.5123103666666667
1080	goal + feedback	25	700	0.5120652000000001
1080	goal + feedback	25	750	0.49932403333333336
1080	goal + feedback	25	800	0.4636873666666667
1080	goal + feedback	25	850	0.44957303333333326
1080	goal + feedback	25	900	0.44957469999999994
1080	goal + feedback	25	950	0.43346253333333334
1080	goal + feedback	25	1e3	0.4178263666666668
1080	goal + feedback	25	1050	0.3983880333333334
1080	goal + feedback	25	1100	0.4336463666666668
1080	goal + feedback	25	1150	0.45207267619047625
1080	goal + feedback	26	-200	-0.002096222222222129
1080	goal + feedback	26	-150	NA
1080	goal + feedback	26	-100	-0.04584455555555541
1080	goal + feedback	26	-50	0.007871277777777777
1080	goal + feedback	26	0	0.016099111111111137
1080	goal + feedback	26	50	0.01702164444444456
1080	goal + feedback	26	100	0.03904058730158745
1080	goal + feedback	26	150	0.06742611111111126
1080	goal + feedback	26	200	0.057856277777777944
1080	goal + feedback	26	250	0.05323911111111124
1080	goal + feedback	26	300	-0.013296722222222076
1080	goal + feedback	26	350	-0.03198538888888872
1080	goal + feedback	26	400	-0.049262222222222096
1080	goal + feedback	26	450	-0.031302388888888734
1080	goal + feedback	26	500	-0.04635055555555545
1080	goal + feedback	26	550	-0.015019222222222147
1080	goal + feedback	26	600	0.024414944444444586
1080	goal + feedback	26	650	0.05688477777777782
1080	goal + feedback	26	700	0.07978261111111129
1080	goal + feedback	26	750	0.09206627777777787
1080	goal + feedback	26	800	0.10296944444444452
1080	goal + feedback	26	850	0.09655211111111124
1080	goal + feedback	26	900	0.0753532777777779
1080	goal + feedback	26	950	0.0715082777777778
1080	goal + feedback	26	1e3	0.0700949444444446
1080	goal + feedback	26	1050	0.10331694444444454
1080	goal + feedback	26	1100	0.10824261111111122
1080	goal + feedback	26	1150	0.11943994444444443
1080	goal + feedback	27	-200	-0.009267364055299598
1080	goal + feedback	27	-150	-0.0039019354838710405
1080	goal + feedback	27	-100	0.003619897849462298
1080	goal + feedback	27	-50	-0.0029854354838709054
1080	goal + feedback	27	0	0.014079397849462291
1080	goal + feedback	27	50	2.260645161290912e-4
1080	goal + feedback	27	100	0.009450231182795754
1080	goal + feedback	27	150	0.015106231182795637
1080	goal + feedback	27	200	0.0176817311827957
1080	goal + feedback	27	250	0.0031252311827956922
1080	goal + feedback	27	300	-0.0036899354838708653
1080	goal + feedback	27	350	-0.027133602150537655
1080	goal + feedback	27	400	-0.03810760215053777
1080	goal + feedback	27	450	-0.02475910215053756
1080	goal + feedback	27	500	-0.002596102150537701
1080	goal + feedback	27	550	0.04524739784946238
1080	goal + feedback	27	600	0.08634856451612898
1080	goal + feedback	27	650	0.14073873118279567
1080	goal + feedback	27	700	0.1438058978494623
1080	goal + feedback	27	750	0.16920423118279562
1080	goal + feedback	27	800	0.16519923118279567
1080	goal + feedback	27	850	0.12336539784946236
1080	goal + feedback	27	900	0.11398573118279572
1080	goal + feedback	27	950	0.0927278978494624
1080	goal + feedback	27	1e3	0.08178756451612908
1080	goal + feedback	27	1050	0.08840439784946241
1080	goal + feedback	27	1100	0.10945806451612909
1080	goal + feedback	27	1150	0.12625256451612898
1080	goal + feedback	28	-200	0.027265806451612855
1080	goal + feedback	28	-150	-0.003331360215053906
1080	goal + feedback	28	-100	-0.00265986021505397
1080	goal + feedback	28	-50	-0.023273193548387194
1080	goal + feedback	28	0	-0.0025456935483871845
1080	goal + feedback	28	50	-0.005211860215053858
1080	goal + feedback	28	100	0.03535897311827937
1080	goal + feedback	28	150	0.053723973118279554
1080	goal + feedback	28	200	0.05752047311827938
1080	goal + feedback	28	250	0.08022440645161275
1080	goal + feedback	28	300	0.08891737788018414
1080	goal + feedback	28	350	0.0974941397849461
1080	goal + feedback	28	400	0.12146747311827959
1080	goal + feedback	28	450	0.12781080645161272
1080	goal + feedback	28	500	0.13860797311827944
1080	goal + feedback	28	550	0.16055013978494612
1080	goal + feedback	28	600	0.1667914064516128
1080	goal + feedback	28	650	0.13392823502304133
1080	goal + feedback	28	700	0.18378030645161272
1080	goal + feedback	28	750	0.1357748064516128
1080	goal + feedback	28	800	0.09355197311827952
1080	goal + feedback	28	850	0.06883047311827954
1080	goal + feedback	28	900	0.1071602064516128
1080	goal + feedback	28	950	0.08414147311827946
1080	goal + feedback	28	1e3	0.035889663594469844
1080	goal + feedback	28	1050	0.06077380645161271
1080	goal + feedback	28	1100	0.039887306451612835
1080	goal + feedback	28	1150	0.04821630645161271
1080	goal + feedback	29	-200	-0.0011794623655914105
1080	goal + feedback	29	-150	-0.03336141474654365
1080	goal + feedback	29	-100	0.00960570430107525
1080	goal + feedback	29	-50	0.0035335376344085567
1080	goal + feedback	29	0	0.02696187096774194
1080	goal + feedback	29	50	0.07456337096774202
1080	goal + feedback	29	100	0.09197253763440864
1080	goal + feedback	29	150	0.11803587096774197
1080	goal + feedback	29	200	0.11751653763440865
1080	goal + feedback	29	250	0.1259360376344086
1080	goal + feedback	29	300	0.12342753763440865
1080	goal + feedback	29	350	0.11234003763440852
1080	goal + feedback	29	400	0.14829903763440866
1080	goal + feedback	29	450	0.1338415376344085
1080	goal + feedback	29	500	0.1437870376344086
1080	goal + feedback	29	550	0.18760653763440863
1080	goal + feedback	29	600	0.23111853763440857
1080	goal + feedback	29	650	0.23269620430107527
1080	goal + feedback	29	700	0.2601917043010753
1080	goal + feedback	29	750	0.1677550376344085
1080	goal + feedback	29	800	0.13784420430107533
1080	goal + feedback	29	850	0.11528953763440868
1080	goal + feedback	29	900	0.0905360376344085
1080	goal + feedback	29	950	0.10869553763440853
1080	goal + feedback	29	1e3	0.07739370430107521
1080	goal + feedback	29	1050	0.046518537634408684
1080	goal + feedback	29	1100	0.04925053763440871
1080	goal + feedback	29	1150	0.09239103763440859
1080	goal + feedback	30	-200	NA
1080	goal + feedback	30	-150	NA
1080	goal + feedback	30	-100	-0.11374649999999968
1080	goal + feedback	30	-50	0.03963278571428593
1080	goal + feedback	30	0	0.010635000000000172
1080	goal + feedback	30	50	0.04301770000000014
1080	goal + feedback	30	100	0.08963107142857162
1080	goal + feedback	30	150	0.11078133333333355
1080	goal + feedback	30	200	0.11391350000000015
1080	goal + feedback	30	250	0.06136600000000018
1080	goal + feedback	30	300	-0.014380999999999755
1080	goal + feedback	30	350	-0.03614316666666643
1080	goal + feedback	30	400	-0.07108983333333319
1080	goal + feedback	30	450	-0.03784349999999977
1080	goal + feedback	30	500	-0.06477016666666646
1080	goal + feedback	30	550	-0.013279666666666431
1080	goal + feedback	30	600	0.022616833333333492
1080	goal + feedback	30	650	0.06686850000000022
1080	goal + feedback	30	700	0.09250950000000031
1080	goal + feedback	30	750	0.1191536666666669
1080	goal + feedback	30	800	0.11325866666666684
1080	goal + feedback	30	850	0.09514100000000014
1080	goal + feedback	30	900	0.08070500000000025
1080	goal + feedback	30	950	0.0854520000000003
1080	goal + feedback	30	1e3	0.040917000000000314
1080	goal + feedback	30	1050	NA
1080	goal + feedback	30	1100	NA
1080	goal + feedback	30	1150	-0.31152049999999987
1080	goal + feedback	31	-200	-0.06715669999999989
1080	goal + feedback	31	-150	0.03549213333333342
1080	goal + feedback	31	-100	0.05237713333333353
1080	goal + feedback	31	-50	0.018956800000000145
1080	goal + feedback	31	0	-0.03966936666666654
1080	goal + feedback	31	50	-0.0442033666666665
1080	goal + feedback	31	100	-0.035527033333333145
1080	goal + feedback	31	150	-0.04658753333333321
1080	goal + feedback	31	200	-0.09076019999999992
1080	goal + feedback	31	250	-0.0821448666666665
1080	goal + feedback	31	300	-0.08198136666666651
1080	goal + feedback	31	350	-0.07031636666666656
1080	goal + feedback	31	400	-0.08252203333333326
1080	goal + feedback	31	450	-0.029810866666666474
1080	goal + feedback	31	500	0.03632213333333345
1080	goal + feedback	31	550	0.08300896666666684
1080	goal + feedback	31	600	0.12644880000000014
1080	goal + feedback	31	650	0.22177180000000019
1080	goal + feedback	31	700	0.24499146666666674
1080	goal + feedback	31	750	0.23901480000000008
1080	goal + feedback	31	800	0.16537630000000014
1080	goal + feedback	31	850	0.10301113333333352
1080	goal + feedback	31	900	0.02112013333333344
1080	goal + feedback	31	950	NA
1080	goal + feedback	31	1e3	NA
1080	goal + feedback	31	1050	NA
1080	goal + feedback	31	1100	-0.1617807
1080	goal + feedback	31	1150	-0.008449557142857016
1080	goal + feedback	32	-200	NA
1080	goal + feedback	32	-150	NA
1080	goal + feedback	32	-100	-0.17318015384615348
1080	goal + feedback	32	-50	0.018005512820512992
1080	goal + feedback	32	0	0.010857846153846292
1080	goal + feedback	32	50	-4.901538461536218e-4
1080	goal + feedback	32	100	0.006904679487179728
1080	goal + feedback	32	150	0.028990679487179778
1080	goal + feedback	32	200	0.019115846153846316
1080	goal + feedback	32	250	-0.016138653846153577
1080	goal + feedback	32	300	-0.04963932051282027
1080	goal + feedback	32	350	-0.06935148717948691
1080	goal + feedback	32	400	-0.08609615384615361
1080	goal + feedback	32	450	-0.09915098717948705
1080	goal + feedback	32	500	-0.09034215384615359
1080	goal + feedback	32	550	-0.071600987179487
1080	goal + feedback	32	600	-0.02909948717948696
1080	goal + feedback	32	650	-0.02472065384615359
1080	goal + feedback	32	700	-0.04143032051282036
1080	goal + feedback	32	750	-0.03489532051282033
1080	goal + feedback	32	800	-0.03270115384615354
1080	goal + feedback	32	850	-0.051423820512820274
1080	goal + feedback	32	900	-0.08372365384615366
1080	goal + feedback	32	950	-0.1035351538461536
1080	goal + feedback	32	1e3	-0.10548415384615366
1080	goal + feedback	32	1050	-0.08835065384615366
1080	goal + feedback	32	1100	-0.07759365384615362
1080	goal + feedback	32	1150	-0.07241632051282025
1080	goal + feedback	33	-200	NA
1080	goal + feedback	33	-150	NA
1080	goal + feedback	33	-100	0
1080	goal + feedback	33	-50	NA
1080	goal + feedback	33	0	NA
1080	goal + feedback	33	50	-0.4629780000000001
1080	goal + feedback	33	100	-0.16928350000000006
1080	goal + feedback	33	150	-0.1388061666666668
1080	goal + feedback	33	200	-0.11683433333333348
1080	goal + feedback	33	250	-0.1080715000000001
1080	goal + feedback	33	300	-0.09597283333333355
1080	goal + feedback	33	350	-0.14238716666666681
1080	goal + feedback	33	400	-0.16656733333333337
1080	goal + feedback	33	450	-0.21042600000000009
1080	goal + feedback	33	500	-0.1989673333333335
1080	goal + feedback	33	550	-0.18438866666666684
1080	goal + feedback	33	600	-0.15143416666666684
1080	goal + feedback	33	650	-0.08522283333333351
1080	goal + feedback	33	700	-0.04504483333333346
1080	goal + feedback	33	750	-0.09393300000000004
1080	goal + feedback	33	800	0.08508733333333322
1080	goal + feedback	33	850	0.03151249999999991
1080	goal + feedback	33	900	0.0969063333333331
1080	goal + feedback	33	950	0.09300366666666648
1080	goal + feedback	33	1e3	0.07860999999999992
1080	goal + feedback	33	1050	0.0717854999999999
1080	goal + feedback	33	1100	0.11688600000000005
1080	goal + feedback	33	1150	NA
1080	goal + feedback	34	-200	-0.04756603686635958
1080	goal + feedback	34	-150	-0.03929115591397873
1080	goal + feedback	34	-100	0.008827177419354607
1080	goal + feedback	34	-50	0.030514677419354614
1080	goal + feedback	34	0	0.05544301075268798
1080	goal + feedback	34	50	0.04480647741935462
1080	goal + feedback	34	100	0.052907534562211644
1080	goal + feedback	34	150	0.04916101075268794
1080	goal + feedback	34	200	0.04817267741935457
1080	goal + feedback	34	250	0.06710134408602131
1080	goal + feedback	34	300	0.07510967741935462
1080	goal + feedback	34	350	0.07266796313364043
1080	goal + feedback	34	400	0.11249417741935457
1080	goal + feedback	34	450	0.13487751075268792
1080	goal + feedback	34	500	0.19485167741935472
1080	goal + feedback	34	550	0.2400381774193546
1080	goal + feedback	34	600	0.22288901075268788
1080	goal + feedback	34	650	0.24773767741935462
1080	goal + feedback	34	700	0.21139451075268792
1080	goal + feedback	34	750	0.16371434408602129
1080	goal + feedback	34	800	0.1106343440860212
1080	goal + feedback	34	850	0.08581567741935459
1080	goal + feedback	34	900	0.06613284408602131
1080	goal + feedback	34	950	0.06211567741935468
1080	goal + feedback	34	1e3	0.06161134408602124
1080	goal + feedback	34	1050	0.06334667741935451
1080	goal + feedback	34	1100	0.0605470107526879
1080	goal + feedback	34	1150	0.05683184408602123
1080	goal + feedback	35	-200	-0.0021923594470045138
1080	goal + feedback	35	-150	-0.020533311827956924
1080	goal + feedback	35	-100	-0.00884397849462363
1080	goal + feedback	35	-50	0.0029305215053764635
1080	goal + feedback	35	0	0.029004521505376395
1080	goal + feedback	35	50	0.04289918817204308
1080	goal + feedback	35	100	0.05260468817204308
1080	goal + feedback	35	150	0.07052502150537647
1080	goal + feedback	35	200	0.11615452150537638
1080	goal + feedback	35	250	0.16440718817204303
1080	goal + feedback	35	300	0.15088268817204317
1080	goal + feedback	35	350	0.17184702150537637
1080	goal + feedback	35	400	0.14336418817204302
1080	goal + feedback	35	450	0.2109696881720431
1080	goal + feedback	35	500	0.28180135483870977
1080	goal + feedback	35	550	0.2873303548387098
1080	goal + feedback	35	600	0.27804018817204296
1080	goal + feedback	35	650	0.3460133548387098
1080	goal + feedback	35	700	0.25517102150537646
1080	goal + feedback	35	750	0.2123865215053764
1080	goal + feedback	35	800	0.14430368817204306
1080	goal + feedback	35	850	0.0792073548387097
1080	goal + feedback	35	900	0.03734935483870968
1080	goal + feedback	35	950	0.030876854838709722
1080	goal + feedback	35	1e3	0.01453485483870979
1080	goal + feedback	35	1050	0.020443188172043048
1080	goal + feedback	35	1100	0.08740218817204304
1080	goal + feedback	35	1150	0.10909985483870972
1080	goal + feedback	36	-200	-0.04761892165898602
1080	goal + feedback	36	-150	-0.012633564516128848
1080	goal + feedback	36	-100	-0.01097223118279548
1080	goal + feedback	36	-50	0.033730102150537844
1080	goal + feedback	36	0	0.045431102150537805
1080	goal + feedback	36	50	0.07930043548387118
1080	goal + feedback	36	100	0.08710860215053784
1080	goal + feedback	36	150	0.1325427688172046
1080	goal + feedback	36	200	0.1316266021505379
1080	goal + feedback	36	250	0.16550960215053787
1080	goal + feedback	36	300	0.17067593548387125
1080	goal + feedback	36	350	0.1912744354838712
1080	goal + feedback	36	400	0.22475610215053785
1080	goal + feedback	36	450	0.18780693548387126
1080	goal + feedback	36	500	0.20049326881720453
1080	goal + feedback	36	550	0.2673901021505379
1080	goal + feedback	36	600	0.3163137688172046
1080	goal + feedback	36	650	0.25875076881720455
1080	goal + feedback	36	700	0.28561443548387117
1080	goal + feedback	36	750	0.21639510215053792
1080	goal + feedback	36	800	0.15674543548387118
1080	goal + feedback	36	850	0.12918176881720447
1080	goal + feedback	36	900	0.11439143548387125
1080	goal + feedback	36	950	0.11244026881720459
1080	goal + feedback	36	1e3	0.12935960215053788
1080	goal + feedback	36	1050	0.10592310215053787
1080	goal + feedback	36	1100	0.1571394354838712
1080	goal + feedback	36	1150	0.1457996021505379
1080	goal + feedback	37	-200	-0.045747903225806574
1080	goal + feedback	37	-150	-0.0416385698924732
1080	goal + feedback	37	-100	0.009776096774193407
1080	goal + feedback	37	-50	0.02256226344086006
1080	goal + feedback	37	0	0.06267276344086015
1080	goal + feedback	37	50	0.05842943010752669
1080	goal + feedback	37	100	0.05915076344086012
1080	goal + feedback	37	150	0.04574209677419335
1080	goal + feedback	37	200	0.047730263440860066
1080	goal + feedback	37	250	0.07675793010752674
1080	goal + feedback	37	300	0.0707320967741935
1080	goal + feedback	37	350	0.022584430107526716
1080	goal + feedback	37	400	0.028732430107526758
1080	goal + feedback	37	450	-0.01731273655913997
1080	goal + feedback	37	500	0.07593893010752668
1080	goal + feedback	37	550	0.08968493010752672
1080	goal + feedback	37	600	0.1391445967741934
1080	goal + feedback	37	650	0.16387059677419344
1080	goal + feedback	37	700	0.17003509677419348
1080	goal + feedback	37	750	0.17939759677419334
1080	goal + feedback	37	800	0.11410459677419353
1080	goal + feedback	37	850	0.0506655967741935
1080	goal + feedback	37	900	-0.0020997365591398274
1080	goal + feedback	37	950	-0.005927903225806534
1080	goal + feedback	37	1e3	-0.054549103225806486
1080	goal + feedback	37	1050	-0.005242331797235116
1080	goal + feedback	37	1100	0.013635763440860002
1080	goal + feedback	37	1150	-0.013321903225806434
1080	goal + feedback	38	-200	0.06140061751152067
1080	goal + feedback	38	-150	0.03538240322580647
1080	goal + feedback	38	-100	-8.269301075268428e-4
1080	goal + feedback	38	-50	-0.036336930107527
1080	goal + feedback	38	0	-0.06985259677419364
1080	goal + feedback	38	50	-0.0744704301075269
1080	goal + feedback	38	100	-0.06561359677419361
1080	goal + feedback	38	150	-0.06648943010752695
1080	goal + feedback	38	200	-0.052583096774193594
1080	goal + feedback	38	250	-0.06415043010752686
1080	goal + feedback	38	300	-0.038595096774193705
1080	goal + feedback	38	350	-0.03826243010752687
1080	goal + feedback	38	400	-0.02478909677419372
1080	goal + feedback	38	450	0.002424903225806426
1080	goal + feedback	38	500	0.007653903225806428
1080	goal + feedback	38	550	0.06927690322580642
1080	goal + feedback	38	600	0.08965223655913983
1080	goal + feedback	38	650	0.1254882365591398
1080	goal + feedback	38	700	0.16064390322580646
1080	goal + feedback	38	750	0.17385456989247308
1080	goal + feedback	38	800	0.17198556989247296
1080	goal + feedback	38	850	0.213347069892473
1080	goal + feedback	38	900	0.15973056989247314
1080	goal + feedback	38	950	0.1416187365591397
1080	goal + feedback	38	1e3	0.13649723655913978
1080	goal + feedback	38	1050	0.16119640322580642
1080	goal + feedback	38	1100	0.19121106989247308
1080	goal + feedback	38	1150	0.2095694032258065
1080	goal + feedback	39	-200	0.01304033333333332
1080	goal + feedback	39	-150	0.015055833333333343
1080	goal + feedback	39	-100	0.006527833333333251
1080	goal + feedback	39	-50	-0.03112983333333334
1080	goal + feedback	39	0	-0.00349416666666665
1080	goal + feedback	39	50	-0.0011179999999999524
1080	goal + feedback	39	100	-0.02671216666666661
1080	goal + feedback	39	150	-0.006383500000000024
1080	goal + feedback	39	200	-0.014224833333333317
1080	goal + feedback	39	250	0.0016670000000000111
1080	goal + feedback	39	300	0.0018180000000000234
1080	goal + feedback	39	350	-0.001266999999999981
1080	goal + feedback	39	400	0.008444833333333346
1080	goal + feedback	39	450	0.02924249999999991
1080	goal + feedback	39	500	0.083085
1080	goal + feedback	39	550	0.12093749999999992
1080	goal + feedback	39	600	0.17788016666666664
1080	goal + feedback	39	650	0.23474533333333336
1080	goal + feedback	39	700	0.25762899999999994
1080	goal + feedback	39	750	0.26801416666666666
1080	goal + feedback	39	800	0.247256
1080	goal + feedback	39	850	0.18343483333333324
1080	goal + feedback	39	900	0.17214216666666662
1080	goal + feedback	39	950	0.13944883333333324
1080	goal + feedback	39	1e3	0.1493443333333333
1080	goal + feedback	39	1050	0.1285601666666667
1080	goal + feedback	39	1100	0.12131950000000002
1080	goal + feedback	39	1150	0.13514400000000001
1080	goal + feedback	40	-200	-0.018999322580645232
1080	goal + feedback	40	-150	-0.025909655913978574
1080	goal + feedback	40	-100	0.004599177419354783
1080	goal + feedback	40	-50	0.019665844086021417
1080	goal + feedback	40	0	0.02381051075268803
1080	goal + feedback	40	50	0.014150344086021486
1080	goal + feedback	40	100	0.0231560107526881
1080	goal + feedback	40	150	0.027460010752688186
1080	goal + feedback	40	200	0.026050477419354755
1080	goal + feedback	40	250	0.034766844086021376
1080	goal + feedback	40	300	0.05870953456221192
1080	goal + feedback	40	350	0.06315301075268809
1080	goal + feedback	40	400	0.10528917741935488
1080	goal + feedback	40	450	0.1202223440860215
1080	goal + feedback	40	500	0.15264151075268817
1080	goal + feedback	40	550	0.21133884408602147
1080	goal + feedback	40	600	0.27982317741935486
1080	goal + feedback	40	650	0.37094901075268805
1080	goal + feedback	40	700	0.3472593440860215
1080	goal + feedback	40	750	0.33473667741935476
1080	goal + feedback	40	800	0.30927201075268823
1080	goal + feedback	40	850	0.2178060107526881
1080	goal + feedback	40	900	0.19433167741935473
1080	goal + feedback	40	950	0.18569617741935476
1080	goal + feedback	40	1e3	0.15908267741935478
1080	goal + feedback	40	1050	0.12658767741935484
1080	goal + feedback	40	1100	0.11368767741935486
1080	goal + feedback	40	1150	0.10932517741935488
1080	goal + feedback	41	-200	0.009889571428571513
1080	goal + feedback	41	-150	0.013836500000000104
1080	goal + feedback	41	-100	-0.007451833333333102
1080	goal + feedback	41	-50	-0.014204833333333111
1080	goal + feedback	41	0	-0.003717666666666434
1080	goal + feedback	41	50	-0.03647666666666649
1080	goal + feedback	41	100	-0.0456323333333332
1080	goal + feedback	41	150	-0.08049666666666651
1080	goal + feedback	41	200	-0.06981466666666643
1080	goal + feedback	41	250	-0.09013499999999978
1080	goal + feedback	41	300	-0.10434283333333332
1080	goal + feedback	41	350	-0.09367833333333324
1080	goal + feedback	41	400	-0.10153349999999994
1080	goal + feedback	41	450	-0.09208699999999996
1080	goal + feedback	41	500	-0.06283049999999986
1080	goal + feedback	41	550	-0.021530833333333204
1080	goal + feedback	41	600	0.0527551666666668
1080	goal + feedback	41	650	0.10817933333333356
1080	goal + feedback	41	700	0.13405950000000014
1080	goal + feedback	41	750	0.14690150000000016
1080	goal + feedback	41	800	0.13406516666666687
1080	goal + feedback	41	850	0.08654400000000018
1080	goal + feedback	41	900	0.051448333333333394
1080	goal + feedback	41	950	0.07323083333333351
1080	goal + feedback	41	1e3	0.03225783333333343
1080	goal + feedback	41	1050	0.012235500000000066
1080	goal + feedback	41	1100	NA
1080	goal + feedback	41	1150	-0.24086049999999992
1080	goal + feedback	42	-200	-0.03180413333333321
1080	goal + feedback	42	-150	-0.012210800000000003
1080	goal + feedback	42	-100	0.00371253333333336
1080	goal + feedback	42	-50	0.014550295238095336
1080	goal + feedback	42	0	0.027992466666666705
1080	goal + feedback	42	50	0.03428019999999998
1080	goal + feedback	42	100	0.05453303333333329
1080	goal + feedback	42	150	0.07335715238095235
1080	goal + feedback	42	200	0.08136786666666669
1080	goal + feedback	42	250	0.07369603333333341
1080	goal + feedback	42	300	0.10425870000000015
1080	goal + feedback	42	350	0.11513236666666682
1080	goal + feedback	42	400	0.08478120000000004
1080	goal + feedback	42	450	0.12056136666666666
1080	goal + feedback	42	500	0.1377625333333333
1080	goal + feedback	42	550	0.1537847000000001
1080	goal + feedback	42	600	0.1974685333333334
1080	goal + feedback	42	650	0.20435936666666676
1080	goal + feedback	42	700	0.23690486666666674
1080	goal + feedback	42	750	0.20815836666666665
1080	goal + feedback	42	800	0.16432186666666673
1080	goal + feedback	42	850	0.1635288666666667
1080	goal + feedback	42	900	0.12923886666666662
1080	goal + feedback	42	950	0.11638903333333343
1080	goal + feedback	42	1e3	0.11481236666666679
1080	goal + feedback	42	1050	0.10111470000000011
1080	goal + feedback	42	1100	0.10788636666666666
1080	goal + feedback	42	1150	0.11480403333333333
1080	goal + feedback	43	-200	-0.042178603686636
1080	goal + feedback	43	-150	-0.013224698924731252
1080	goal + feedback	43	-100	0.00858096774193536
1080	goal + feedback	43	-50	0.03148396774193533
1080	goal + feedback	43	0	0.02236813440860197
1080	goal + feedback	43	50	0.018126967741935413
1080	goal + feedback	43	100	0.033709801075268775
1080	goal + feedback	43	150	0.02881613440860205
1080	goal + feedback	43	200	0.028400967741935366
1080	goal + feedback	43	250	0.032667824884792536
1080	goal + feedback	43	300	0.048377801075268755
1080	goal + feedback	43	350	0.04559896774193536
1080	goal + feedback	43	400	0.036034967741935375
1080	goal + feedback	43	450	0.06163011059907829
1080	goal + feedback	43	500	0.08877863440860205
1080	goal + feedback	43	550	0.10714663440860206
1080	goal + feedback	43	600	0.1506904677419354
1080	goal + feedback	43	650	0.17855530107526865
1080	goal + feedback	43	700	0.1934748010752688
1080	goal + feedback	43	750	0.1798383010752688
1080	goal + feedback	43	800	0.18819696774193537
1080	goal + feedback	43	850	0.12016096774193545
1080	goal + feedback	43	900	0.10924230107526862
1080	goal + feedback	43	950	0.09816996774193543
1080	goal + feedback	43	1e3	0.08863280107526868
1080	goal + feedback	43	1050	0.07728830107526874
1080	goal + feedback	43	1100	0.08263813440860208
1080	goal + feedback	43	1150	0.113512634408602
1080	goal + feedback	44	-200	0.013095105990783435
1080	goal + feedback	44	-150	0.0028653440860214228
1080	goal + feedback	44	-100	-0.0030751559139784814
1080	goal + feedback	44	-50	-0.006484489247311709
1080	goal + feedback	44	0	-0.008583322580645017
1080	goal + feedback	44	50	0.014758677419354957
1080	goal + feedback	44	100	0.032975344086021575
1080	goal + feedback	44	150	0.032605677419354974
1080	goal + feedback	44	200	0.059483677419354786
1080	goal + feedback	44	250	0.08580284408602153
1080	goal + feedback	44	300	0.1362440107526881
1080	goal + feedback	44	350	0.15577417741935493
1080	goal + feedback	44	400	0.18338917741935487
1080	goal + feedback	44	450	0.22134917741935486
1080	goal + feedback	44	500	0.27438767741935477
1080	goal + feedback	44	550	0.3050566774193549
1080	goal + feedback	44	600	0.32336851075268824
1080	goal + feedback	44	650	0.36524667741935485
1080	goal + feedback	44	700	0.3259570107526883
1080	goal + feedback	44	750	0.3173490107526882
1080	goal + feedback	44	800	0.2473303440860216
1080	goal + feedback	44	850	0.17130084408602153
1080	goal + feedback	44	900	0.14997501075268826
1080	goal + feedback	44	950	0.06664601075268828
1080	goal + feedback	44	1e3	0.06625984408602152
1080	goal + feedback	44	1050	0.04320884408602158
1080	goal + feedback	44	1100	0.04707567741935489
1080	goal + feedback	44	1150	0.0389951774193548
1080	goal + feedback	45	-200	-0.029854700000000085
1080	goal + feedback	45	-150	-0.02036686666666661
1080	goal + feedback	45	-100	0.008632799999999996
1080	goal + feedback	45	-50	0.00950513333333336
1080	goal + feedback	45	0	0.03208363333333342
1080	goal + feedback	45	50	0.023663633333333395
1080	goal + feedback	45	100	0.0013903000000000294
1080	goal + feedback	45	150	-0.01686086666666668
1080	goal + feedback	45	200	-0.01295219999999997
1080	goal + feedback	45	250	-0.023563533333333348
1080	goal + feedback	45	300	-0.040952033333333304
1080	goal + feedback	45	350	-0.05263753333333332
1080	goal + feedback	45	400	-0.03729869999999994
1080	goal + feedback	45	450	-0.048756866666666676
1080	goal + feedback	45	500	-0.02328403333333336
1080	goal + feedback	45	550	0.013113800000000028
1080	goal + feedback	45	600	0.08737380000000002
1080	goal + feedback	45	650	0.09592713333333343
1080	goal + feedback	45	700	0.13293263333333338
1080	goal + feedback	45	750	0.14082079999999997
1080	goal + feedback	45	800	0.13234196666666667
1080	goal + feedback	45	850	0.10031196666666668
1080	goal + feedback	45	900	0.09044913333333333
1080	goal + feedback	45	950	0.07002496666666665
1080	goal + feedback	45	1e3	0.05879263333333329
1080	goal + feedback	45	1050	3.6246666666661653e-4
1080	goal + feedback	45	1100	NA
1080	goal + feedback	45	1150	NA
1080	goal + feedback	46	-200	0.037469617511520524
1080	goal + feedback	46	-150	0.026462736559139593
1080	goal + feedback	46	-100	-0.00962559677419376
1080	goal + feedback	46	-50	-0.02404476344086041
1080	goal + feedback	46	0	-0.03650693010752707
1080	goal + feedback	46	50	-0.047590763440860474
1080	goal + feedback	46	100	-0.04239926344086039
1080	goal + feedback	46	150	-0.04911449677419375
1080	goal + feedback	46	200	-0.040322668202765186
1080	goal + feedback	46	250	-0.018006930107527037
1080	goal + feedback	46	300	0.008800903225806215
1080	goal + feedback	46	350	0.016675069892472843
1080	goal + feedback	46	400	0.057695569892472896
1080	goal + feedback	46	450	0.06251490322580618
1080	goal + feedback	46	500	0.10161856989247291
1080	goal + feedback	46	550	0.14116890322580633
1080	goal + feedback	46	600	0.1907252365591395
1080	goal + feedback	46	650	0.21722906989247295
1080	goal + feedback	46	700	0.16135356989247285
1080	goal + feedback	46	750	0.10938306989247286
1080	goal + feedback	46	800	0.07642240322580629
1080	goal + feedback	46	850	0.04487056989247288
1080	goal + feedback	46	900	0.028790736559139624
1080	goal + feedback	46	950	0.029185069892472864
1080	goal + feedback	46	1e3	0.007484903225806194
1080	goal + feedback	46	1050	0.010948403225806258
1080	goal + feedback	46	1100	0.038385903225806185
1080	goal + feedback	46	1150	0.057003069892472835
1080	goal + feedback	47	-200	0.017073377880184242
1080	goal + feedback	47	-150	0.0028231397849462305
1080	goal + feedback	47	-100	-0.0016993602150537541
1080	goal + feedback	47	-50	-0.0018073602150538253
1080	goal + feedback	47	0	-0.01923536021505375
1080	goal + feedback	47	50	-0.031238026881720577
1080	goal + feedback	47	100	-0.02300519354838711
1080	goal + feedback	47	150	-0.0362953602150539
1080	goal + feedback	47	200	-0.056493193548387145
1080	goal + feedback	47	250	-0.06955169354838708
1080	goal + feedback	47	300	-0.05728369354838706
1080	goal + feedback	47	350	-0.019140860215053863
1080	goal + feedback	47	400	-0.012839693548387062
1080	goal + feedback	47	450	0.02676813978494626
1080	goal + feedback	47	500	0.08067013978494615
1080	goal + feedback	47	550	0.14185863978494617
1080	goal + feedback	47	600	0.16883747311827949
1080	goal + feedback	47	650	0.22928447311827949
1080	goal + feedback	47	700	0.25682330645161294
1080	goal + feedback	47	750	0.2636823064516129
1080	goal + feedback	47	800	0.254535306451613
1080	goal + feedback	47	850	0.22614463978494617
1080	goal + feedback	47	900	0.21282363978494626
1080	goal + feedback	47	950	0.17912813978494624
1080	goal + feedback	47	1e3	0.16777030645161295
1080	goal + feedback	47	1050	0.1825763064516129
1080	goal + feedback	47	1100	0.18552480645161284
1080	goal + feedback	47	1150	0.19498663978494615
1080	goal + feedback	48	-200	-0.03387123333333323
1080	goal + feedback	48	-150	-0.007221399999999933
1080	goal + feedback	48	-100	0.009413266666666717
1080	goal + feedback	48	-50	0.014767433333333413
1080	goal + feedback	48	0	0.01691193333333348
1080	goal + feedback	48	50	-0.007459233333333278
1080	goal + feedback	48	100	0.04302926666666681
1080	goal + feedback	48	150	0.03503460000000014
1080	goal + feedback	48	200	0.04125626666666685
1080	goal + feedback	48	250	0.03341860000000015
1080	goal + feedback	48	300	0.04303476666666669
1080	goal + feedback	48	350	0.03234910000000002
1080	goal + feedback	48	400	0.05078276666666678
1080	goal + feedback	48	450	0.030063766666666842
1080	goal + feedback	48	500	0.08384026666666682
1080	goal + feedback	48	550	0.11989510000000014
1080	goal + feedback	48	600	0.16730893333333352
1080	goal + feedback	48	650	0.15771243333333337
1080	goal + feedback	48	700	0.17011310000000016
1080	goal + feedback	48	750	0.16219776666666666
1080	goal + feedback	48	800	0.15726360000000014
1080	goal + feedback	48	850	0.05562260000000011
1080	goal + feedback	48	900	0.0324547666666668
1080	goal + feedback	48	950	0.05632843333333345
1080	goal + feedback	48	1e3	0.04490059999999999
1080	goal + feedback	48	1050	0.04426060000000013
1080	goal + feedback	48	1100	0.0016621000000001847
1080	goal + feedback	48	1150	0.04593543333333342
1080	goal + feedback	49	-200	0.01376926881720412
1080	goal + feedback	49	-150	-0.0029016359447007517
1080	goal + feedback	49	-100	-0.006640231182795849
1080	goal + feedback	49	-50	0.004427268817204159
1080	goal + feedback	49	0	-0.008171064516129256
1080	goal + feedback	49	50	0.007562768817204117
1080	goal + feedback	49	100	0.016975268817204164
1080	goal + feedback	49	150	0.012785768817204168
1080	goal + feedback	49	200	0.003854768817204072
1080	goal + feedback	49	250	0.030696268817204258
1080	goal + feedback	49	300	0.047812435483870853
1080	goal + feedback	49	350	0.07044243548387079
1080	goal + feedback	49	400	0.11423160215053747
1080	goal + feedback	49	450	0.16099676881720418
1080	goal + feedback	49	500	0.22659410215053746
1080	goal + feedback	49	550	0.27314276881720406
1080	goal + feedback	49	600	0.3276759354838708
1080	goal + feedback	49	650	0.3721544354838708
1080	goal + feedback	49	700	0.41970593548387075
1080	goal + feedback	49	750	0.3751566021505375
1080	goal + feedback	49	800	0.35812910215053734
1080	goal + feedback	49	850	0.29684926881720414
1080	goal + feedback	49	900	0.2854392688172041
1080	goal + feedback	49	950	0.25079893548387083
1080	goal + feedback	49	1e3	0.24791593548387084
1080	goal + feedback	49	1050	0.2509896021505375
1080	goal + feedback	49	1100	0.2726636021505375
1080	goal + feedback	49	1150	0.2955649354838708
1080	goal + feedback	50	-200	-0.020795033333333175
1080	goal + feedback	50	-150	-0.006641699999999788
1080	goal + feedback	50	-100	0.011713800000000182
1080	goal + feedback	50	-50	-0.0049956999999997516
1080	goal + feedback	50	0	0.02071863333333357
1080	goal + feedback	50	50	-0.005904699999999874
1080	goal + feedback	50	100	-0.01508486666666653
1080	goal + feedback	50	150	-0.005990699999999831
1080	goal + feedback	50	200	-0.012718199999999827
1080	goal + feedback	50	250	-0.02908636666666638
1080	goal + feedback	50	300	-0.06319359999999988
1080	goal + feedback	50	350	-0.034588366666666426
1080	goal + feedback	50	400	-0.02787386666666647
1080	goal + feedback	50	450	-0.0076348666666664995
1080	goal + feedback	50	500	0.06006496666666683
1080	goal + feedback	50	550	0.08607130000000018
1080	goal + feedback	50	600	0.11749930000000004
1080	goal + feedback	50	650	0.12917113333333355
1080	goal + feedback	50	700	0.0944481333333335
1080	goal + feedback	50	750	0.09112496666666685
1080	goal + feedback	50	800	0.0956839666666669
1080	goal + feedback	50	850	0.0653858000000002
1080	goal + feedback	50	900	0.05256596666666676
1080	goal + feedback	50	950	0.015826300000000144
1080	goal + feedback	50	1e3	0.02871030000000019
1080	goal + feedback	50	1050	0.035794800000000127
1080	goal + feedback	50	1100	0.09190813333333359
1080	goal + feedback	50	1150	0.12752963333333342
1080	goal + feedback	51	-200	-6.854470046083273e-4
1080	goal + feedback	51	-150	-0.0052241612903226224
1080	goal + feedback	51	-100	-0.002447994623655969
1080	goal + feedback	51	-50	-0.001088661290322553
1080	goal + feedback	51	0	0.00956050537634412
1080	goal + feedback	51	50	-0.021462827956989356
1080	goal + feedback	51	100	0.01493117204301068
1080	goal + feedback	51	150	0.022038338709677346
1080	goal + feedback	51	200	0.05245617204301071
1080	goal + feedback	51	250	0.04505450537634396
1080	goal + feedback	51	300	0.06283123870967736
1080	goal + feedback	51	350	0.06128698156682028
1080	goal + feedback	51	400	0.06780350537634401
1080	goal + feedback	51	450	0.12768967204301074
1080	goal + feedback	51	500	0.11719833870967733
1080	goal + feedback	51	550	0.1702453387096773
1080	goal + feedback	51	600	0.1813941720430107
1080	goal + feedback	51	650	0.147930505376344
1080	goal + feedback	51	700	0.14293717204301074
1080	goal + feedback	51	750	0.13048533870967738
1080	goal + feedback	51	800	0.13339383870967728
1080	goal + feedback	51	850	0.1096381720430107
1080	goal + feedback	51	900	0.10728167204301069
1080	goal + feedback	51	950	0.0918158387096774
1080	goal + feedback	51	1e3	0.09424050537634399
1080	goal + feedback	51	1050	0.11185067204301073
1080	goal + feedback	51	1100	0.13098083870967744
1080	goal + feedback	51	1150	0.13533150537634406
1080	goal + feedback	52	-200	-0.02496101843317979
1080	goal + feedback	52	-150	-0.028951827956989362
1080	goal + feedback	52	-100	0.017850838709677335
1080	goal + feedback	52	-50	0.024300172043010642
1080	goal + feedback	52	0	0.01592200537634403
1080	goal + feedback	52	50	0.028025505376344073
1080	goal + feedback	52	100	0.027850005376343894
1080	goal + feedback	52	150	0.038968005376344074
1080	goal + feedback	52	200	0.043042505376343985
1080	goal + feedback	52	250	0.041510838709677346
1080	goal + feedback	52	300	0.03962100537634402
1080	goal + feedback	52	350	0.08362467204301056
1080	goal + feedback	52	400	0.10620650537634398
1080	goal + feedback	52	450	0.13374883870967724
1080	goal + feedback	52	500	0.1688941720430107
1080	goal + feedback	52	550	0.201051005376344
1080	goal + feedback	52	600	0.1813328387096773
1080	goal + feedback	52	650	0.21249367204301062
1080	goal + feedback	52	700	0.17029150537634394
1080	goal + feedback	52	750	0.12892333870967723
1080	goal + feedback	52	800	0.07467133870967728
1080	goal + feedback	52	850	0.029823005376344042
1080	goal + feedback	52	900	0.0031993387096774426
1080	goal + feedback	52	950	-0.020783327956989412
1080	goal + feedback	52	1e3	0.007941005376343938
1080	goal + feedback	52	1050	0.027148838709677287
1080	goal + feedback	52	1100	0.034414672043010595
1080	goal + feedback	52	1150	0.008943838709677335
1080	goal + feedback	53	-200	-0.03226496666666686
1080	goal + feedback	53	-150	-0.0036811333333334564
1080	goal + feedback	53	-100	-0.021314300000000157
1080	goal + feedback	53	-50	0.011345533333333213
1080	goal + feedback	53	0	0.04591486666666644
1080	goal + feedback	53	50	0.03156503333333305
1080	goal + feedback	53	100	0.018129866666666345
1080	goal + feedback	53	150	0.004254199999999801
1080	goal + feedback	53	200	-0.010446038095238348
1080	goal + feedback	53	250	0.033658866666666475
1080	goal + feedback	53	300	0.022711866666666507
1080	goal + feedback	53	350	0.028662699999999857
1080	goal + feedback	53	400	0.02193519999999986
1080	goal + feedback	53	450	0.030824033333333167
1080	goal + feedback	53	500	0.08043236666666657
1080	goal + feedback	53	550	0.10898053333333313
1080	goal + feedback	53	600	0.13778636666666647
1080	goal + feedback	53	650	0.18223269999999978
1080	goal + feedback	53	700	0.10755036666666647
1080	goal + feedback	53	750	0.0690945333333332
1080	goal + feedback	53	800	0.05505836666666649
1080	goal + feedback	53	850	0.010282699999999867
1080	goal + feedback	53	900	0.026961699999999755
1080	goal + feedback	53	950	-0.0018794666666668292
1080	goal + feedback	53	1e3	0.00645686666666645
1080	goal + feedback	53	1050	0.02259886666666655
1080	goal + feedback	53	1100	0.018231866666666468
1080	goal + feedback	53	1150	0.05882569999999987
1080	goal + feedback	54	-200	-0.03389184792626741
1080	goal + feedback	54	-150	-0.0037805860215055867
1080	goal + feedback	54	-100	-0.0016864193548389306
1080	goal + feedback	54	-50	0.016460247311827752
1080	goal + feedback	54	0	0.02854724731182771
1080	goal + feedback	54	50	0.04977658064516103
1080	goal + feedback	54	100	0.04177258064516113
1080	goal + feedback	54	150	0.018852413978494464
1080	goal + feedback	54	200	0.04857441397849449
1080	goal + feedback	54	250	0.0441530806451611
1080	goal + feedback	54	300	0.0362254139784944
1080	goal + feedback	54	350	0.062268747311827743
1080	goal + feedback	54	400	0.08106758064516106
1080	goal + feedback	54	450	0.12052991397849448
1080	goal + feedback	54	500	0.1729574139784944
1080	goal + feedback	54	550	0.21614858064516115
1080	goal + feedback	54	600	0.24107058064516118
1080	goal + feedback	54	650	0.2781244139784944
1080	goal + feedback	54	700	0.3002137473118278
1080	goal + feedback	54	750	0.2549475806451611
1080	goal + feedback	54	800	0.21350924731182777
1080	goal + feedback	54	850	0.21754541397849447
1080	goal + feedback	54	900	0.1686505806451611
1080	goal + feedback	54	950	0.13233891397849437
1080	goal + feedback	54	1e3	0.10732924731182784
1080	goal + feedback	54	1050	0.1016909139784945
1080	goal + feedback	54	1100	0.12705291397849452
1080	goal + feedback	54	1150	0.11461958064516109
1080	goal + feedback	55	-200	0.002717364055299384
1080	goal + feedback	55	-150	0.002459602150537495
1080	goal + feedback	55	-100	-0.0033803978494624984
1080	goal + feedback	55	-50	-0.005402731182795699
1080	goal + feedback	55	0	0.0031532688172041614
1080	goal + feedback	55	50	0.031030768817204086
1080	goal + feedback	55	100	0.031229435483870915
1080	goal + feedback	55	150	0.03620843548387076
1080	goal + feedback	55	200	0.04398576881720421
1080	goal + feedback	55	250	0.06054993548387085
1080	goal + feedback	55	300	0.08240060215053753
1080	goal + feedback	55	350	0.0885662688172042
1080	goal + feedback	55	400	0.1212891021505375
1080	goal + feedback	55	450	0.15007010215053743
1080	goal + feedback	55	500	0.17488510215053754
1080	goal + feedback	55	550	0.2348079354838708
1080	goal + feedback	55	600	0.25204210215053746
1080	goal + feedback	55	650	0.27071010215053753
1080	goal + feedback	55	700	0.25991243548387083
1080	goal + feedback	55	750	0.2506267688172042
1080	goal + feedback	55	800	0.23921076881720413
1080	goal + feedback	55	850	0.22802160215053754
1080	goal + feedback	55	900	0.2246001021505375
1080	goal + feedback	55	950	0.1977702688172042
1080	goal + feedback	55	1e3	0.19191610215053756
1080	goal + feedback	55	1050	0.19772260215053747
1080	goal + feedback	55	1100	0.22223626881720424
1080	goal + feedback	55	1150	0.22277543548387077
1080	goal + feedback	56	-200	0.057253986175115
1080	goal + feedback	56	-150	0.012924795698924685
1080	goal + feedback	56	-100	-0.017854037634408664
1080	goal + feedback	56	-50	-0.030878370967742114
1080	goal + feedback	56	0	-0.030988704301075327
1080	goal + feedback	56	50	-0.05323620430107545
1080	goal + feedback	56	100	-0.05363737096774209
1080	goal + feedback	56	150	-0.0540150376344087
1080	goal + feedback	56	200	-0.05054637096774206
1080	goal + feedback	56	250	-0.026636870967742032
1080	goal + feedback	56	300	0.031742295698924616
1080	goal + feedback	56	350	0.04958862903225788
1080	goal + feedback	56	400	0.09401346236559134
1080	goal + feedback	56	450	0.13220779569892463
1080	goal + feedback	56	500	0.19887762903225803
1080	goal + feedback	56	550	0.21826812903225798
1080	goal + feedback	56	600	0.2726219623655914
1080	goal + feedback	56	650	0.336826129032258
1080	goal + feedback	56	700	0.30569112903225787
1080	goal + feedback	56	750	0.3034166290322579
1080	goal + feedback	56	800	0.2517227956989246
1080	goal + feedback	56	850	0.20492612903225785
1080	goal + feedback	56	900	0.2029384623655913
1080	goal + feedback	56	950	0.20835546236559135
1080	goal + feedback	56	1e3	0.21173012903225796
1080	goal + feedback	56	1050	0.23031612903225795
1080	goal + feedback	56	1100	0.24534079569892472
1080	goal + feedback	56	1150	0.25487312903225806
1080	goal + feedback	57	-200	0.10720294009216572
1080	goal + feedback	57	-150	0.04289022580645141
1080	goal + feedback	57	-100	-0.026458440860215243
1080	goal + feedback	57	-50	-0.06516960752688195
1080	goal + feedback	57	0	-0.0763322741935486
1080	goal + feedback	57	50	-0.1083722741935486
1080	goal + feedback	57	100	-0.12115694086021518
1080	goal + feedback	57	150	-0.13532437419354854
1080	goal + feedback	57	200	-0.1374500599078343
1080	goal + feedback	57	250	-0.16930477419354859
1080	goal + feedback	57	300	-0.1841921075268819
1080	goal + feedback	57	350	-0.20213760752688184
1080	goal + feedback	57	400	-0.1909401075268818
1080	goal + feedback	57	450	-0.18905894086021532
1080	goal + feedback	57	500	-0.1589957741935486
1080	goal + feedback	57	550	-0.10558394086021528
1080	goal + feedback	57	600	-0.06052394086021525
1080	goal + feedback	57	650	-0.010751274193548635
1080	goal + feedback	57	700	0.03383389247311822
1080	goal + feedback	57	750	0.0769482258064514
1080	goal + feedback	57	800	0.06047455913978476
1080	goal + feedback	57	850	0.0344763924731181
1080	goal + feedback	57	900	0.02058855913978482
1080	goal + feedback	57	950	0.024852059139784794
1080	goal + feedback	57	1e3	-0.0013534408602151604
1080	goal + feedback	57	1050	0.008081892473118154
1080	goal + feedback	57	1100	-0.03240910752688183
1080	goal + feedback	57	1150	NA
1080	goal + feedback	58	-200	-0.0026888333333334735
1080	goal + feedback	58	-150	0.006332833333333158
1080	goal + feedback	58	-100	0.03217083333333318
1080	goal + feedback	58	-50	-6.448333333336128e-4
1080	goal + feedback	58	0	-0.03517000000000007
1080	goal + feedback	58	50	0.0043118333333331815
1080	goal + feedback	58	100	-0.006032000000000186
1080	goal + feedback	58	150	-0.03176400000000005
1080	goal + feedback	58	200	-0.036394000000000114
1080	goal + feedback	58	250	-0.040136166666666785
1080	goal + feedback	58	300	-0.023641000000000172
1080	goal + feedback	58	350	-0.10155883333333356
1080	goal + feedback	58	400	-0.08211733333333353
1080	goal + feedback	58	450	-0.04709566666666679
1080	goal + feedback	58	500	-0.03439583333333348
1080	goal + feedback	58	550	-0.027187500000000142
1080	goal + feedback	58	600	0.02426697619047597
1080	goal + feedback	58	650	0.05004966666666655
1080	goal + feedback	58	700	0.07467283333333315
1080	goal + feedback	58	750	0.018185666666666506
1080	goal + feedback	58	800	-0.023689166666666834
1080	goal + feedback	58	850	-0.008688500000000174
1080	goal + feedback	58	900	-0.03576383333333344
1080	goal + feedback	58	950	-0.03953183333333351
1080	goal + feedback	58	1e3	-0.018927166666666755
1080	goal + feedback	58	1050	-0.04074316666666681
1080	goal + feedback	58	1100	-0.042563333333333585
1080	goal + feedback	58	1150	-0.030671333333333495
1080	goal + feedback	59	-200	0.012521555555555564
1080	goal + feedback	59	-150	NA
1080	goal + feedback	59	-100	-0.10237727777777783
1080	goal + feedback	59	-50	0.02917062698412698
1080	goal + feedback	59	0	0.012982388888888844
1080	goal + feedback	59	50	0.0923127222222222
1080	goal + feedback	59	100	0.1112977222222223
1080	goal + feedback	59	150	0.08381622222222222
1080	goal + feedback	59	200	0.036527555555555535
1080	goal + feedback	59	250	-0.06985594444444458
1080	goal + feedback	59	300	-0.1233454444444444
1080	goal + feedback	59	350	-0.1714651111111111
1080	goal + feedback	59	400	-0.2251311111111111
1080	goal + feedback	59	450	-0.21550077777777776
1080	goal + feedback	59	500	-0.1836107777777778
1080	goal + feedback	59	550	-0.17529944444444437
1080	goal + feedback	59	600	-0.1553216111111111
1080	goal + feedback	59	650	-0.06175961111111109
1080	goal + feedback	59	700	-0.07923644444444437
1080	goal + feedback	59	750	-0.0781812777777778
1080	goal + feedback	59	800	-0.10008177777777776
1080	goal + feedback	59	850	-0.12649361111111115
1080	goal + feedback	59	900	-0.14883311111111105
1080	goal + feedback	59	950	-0.16121911111111112
1080	goal + feedback	59	1e3	-0.17564727777777786
1080	goal + feedback	59	1050	-0.16639361111111114
1080	goal + feedback	59	1100	-0.1382231111111111
1080	goal + feedback	59	1150	-0.11682577777777776
1080	goal + feedback	61	-200	0.022099421052631612
1080	goal + feedback	61	-150	0.0615284210526319
1080	goal + feedback	61	-100	NA
1080	goal + feedback	61	-50	-0.09747307894736834
1080	goal + feedback	61	0	0.018689921052631748
1080	goal + feedback	61	50	0.004442087719298327
1080	goal + feedback	61	100	0.014168921052631752
1080	goal + feedback	61	150	0.05290825438596514
1080	goal + feedback	61	200	0.03663492105263163
1080	goal + feedback	61	250	0.05061192105263168
1080	goal + feedback	61	300	0.03861508771929848
1080	goal + feedback	61	350	-0.0038750789473683453
1080	goal + feedback	61	400	-0.04124241228070158
1080	goal + feedback	61	450	-0.031046578947368324
1080	goal + feedback	61	500	-0.04629391228070164
1080	goal + feedback	61	550	-0.03673674561403484
1080	goal + feedback	61	600	0.0035349210526316455
1080	goal + feedback	61	650	0.02280358771929832
1080	goal + feedback	61	700	0.07468775438596505
1080	goal + feedback	61	750	0.12610092105263182
1080	goal + feedback	61	800	0.18813592105263174
1080	goal + feedback	61	850	0.22370242105263163
1080	goal + feedback	61	900	0.20011258771929827
1080	goal + feedback	61	950	0.17994258771929839
1080	goal + feedback	61	1e3	0.16590522105263172
1080	goal + feedback	61	1050	NA
1080	goal + feedback	61	1100	NA
1080	goal + feedback	61	1150	NA
1080	goal + feedback	62	-200	0.004585202764976997
1080	goal + feedback	62	-150	0.007577774193548326
1080	goal + feedback	62	-100	-0.008433725806451594
1080	goal + feedback	62	-50	-0.00794622580645162
1080	goal + feedback	62	0	0.003452774193548317
1080	goal + feedback	62	50	1.7610752688164885e-4
1080	goal + feedback	62	100	0.0034552741935482967
1080	goal + feedback	62	150	-0.004491225806451708
1080	goal + feedback	62	200	0.025383107526881703
1080	goal + feedback	62	250	0.024751607526881658
1080	goal + feedback	62	300	0.039128440860214976
1080	goal + feedback	62	350	0.060165107526881645
1080	goal + feedback	62	400	0.08833594086021505
1080	goal + feedback	62	450	0.1355177741935484
1080	goal + feedback	62	500	0.159739940860215
1080	goal + feedback	62	550	0.20936894086021507
1080	goal + feedback	62	600	0.26876460752688164
1080	goal + feedback	62	650	0.30280294086021503
1080	goal + feedback	62	700	0.2931297741935485
1080	goal + feedback	62	750	0.2698757741935483
1080	goal + feedback	62	800	0.2557834408602151
1080	goal + feedback	62	850	0.24021744086021504
1080	goal + feedback	62	900	0.19944944086021507
1080	goal + feedback	62	950	0.15539210752688168
1080	goal + feedback	62	1e3	0.20113177419354833
1080	goal + feedback	62	1050	0.22571160752688169
1080	goal + feedback	62	1100	0.22641594086021496
1080	goal + feedback	62	1150	0.27368627419354835
1080	goal + feedback	63	-200	0.022274423963133647
1080	goal + feedback	63	-150	-0.018695290322580622
1080	goal + feedback	63	-100	-0.03184629032258061
1080	goal + feedback	63	-50	0.02400387634408589
1080	goal + feedback	63	0	5.508763440860154e-4
1080	goal + feedback	63	50	0.03976437634408603
1080	goal + feedback	63	100	0.04940070967741931
1080	goal + feedback	63	150	0.06630370967741935
1080	goal + feedback	63	200	0.07355870967741929
1080	goal + feedback	63	250	0.04236920967741938
1080	goal + feedback	63	300	0.0755747096774193
1080	goal + feedback	63	350	0.06503837634408598
1080	goal + feedback	63	400	0.033325709677419324
1080	goal + feedback	63	450	0.042213709677419255
1080	goal + feedback	63	500	0.0848037096774193
1080	goal + feedback	63	550	0.11917637634408607
1080	goal + feedback	63	600	0.1322015430107526
1080	goal + feedback	63	650	0.1592612096774193
1080	goal + feedback	63	700	0.1870050430107527
1080	goal + feedback	63	750	0.1727512096774194
1080	goal + feedback	63	800	0.12498370967741934
1080	goal + feedback	63	850	0.11593687634408607
1080	goal + feedback	63	900	0.12920937634408594
1080	goal + feedback	63	950	0.08145187634408597
1080	goal + feedback	63	1e3	0.04786354301075272
1080	goal + feedback	63	1050	0.030684209677419434
1080	goal + feedback	63	1100	0.07377087634408601
1080	goal + feedback	63	1150	NA
1080	goal + feedback	64	-200	-0.018115231182795677
1080	goal + feedback	64	-150	-0.016001064516128965
1080	goal + feedback	64	-100	0.01840350691244254
1080	goal + feedback	64	-50	1.1626881720435318e-4
1080	goal + feedback	64	0	0.012529268817204287
1080	goal + feedback	64	50	0.01429493548387093
1080	goal + feedback	64	100	0.055150935483871066
1080	goal + feedback	64	150	0.06102826881720443
1080	goal + feedback	64	200	0.06480510215053766
1080	goal + feedback	64	250	0.06366426881720437
1080	goal + feedback	64	300	0.05458776881720436
1080	goal + feedback	64	350	0.07397026881720437
1080	goal + feedback	64	400	0.05828226881720444
1080	goal + feedback	64	450	0.07413176881720444
1080	goal + feedback	64	500	0.08672776881720434
1080	goal + feedback	64	550	0.1087929354838711
1080	goal + feedback	64	600	0.18052226881720435
1080	goal + feedback	64	650	0.18821576881720437
1080	goal + feedback	64	700	0.20106993548387106
1080	goal + feedback	64	750	0.2037919354838711
1080	goal + feedback	64	800	0.14927243548387104
1080	goal + feedback	64	850	0.1394982688172044
1080	goal + feedback	64	900	0.08528033548387101
1080	goal + feedback	64	950	NA
1080	goal + feedback	64	1e3	NA
1080	goal + feedback	64	1050	0.07987493548387103
1080	goal + feedback	64	1100	0.308148435483871
1080	goal + feedback	64	1150	0.19967226881720435
1080	goal + feedback	65	-200	-0.004282410138249101
1080	goal + feedback	65	-150	0.007787661290322416
1080	goal + feedback	65	-100	0.0015674946236556113
1080	goal + feedback	65	-50	-0.0036350053763443135
1080	goal + feedback	65	0	-7.240053763442056e-4
1080	goal + feedback	65	50	-0.021184172043010818
1080	goal + feedback	65	100	-0.02174567204301085
1080	goal + feedback	65	150	-0.023319672043010886
1080	goal + feedback	65	200	-0.030920172043011007
1080	goal + feedback	65	250	-0.01686767204301091
1080	goal + feedback	65	300	-0.04248450537634422
1080	goal + feedback	65	350	-0.024176338709677614
1080	goal + feedback	65	400	-0.0228940053763443
1080	goal + feedback	65	450	0.007965827956989116
1080	goal + feedback	65	500	0.03940616129032234
1080	goal + feedback	65	550	0.08464499462365575
1080	goal + feedback	65	600	0.11721282795698913
1080	goal + feedback	65	650	0.1252376612903224
1080	goal + feedback	65	700	0.09723549462365577
1080	goal + feedback	65	750	0.07058466129032241
1080	goal + feedback	65	800	0.012348327956989072
1080	goal + feedback	65	850	-0.023968172043010938
1080	goal + feedback	65	900	-0.06803783870967761
1080	goal + feedback	65	950	-0.09085067204301096
1080	goal + feedback	65	1e3	-0.11388233870967761
1080	goal + feedback	65	1050	-0.12976000537634413
1080	goal + feedback	65	1100	-0.10271800537634428
1080	goal + feedback	65	1150	NA
1080	goal + feedback	66	-200	0.0010454792626728754
1080	goal + feedback	66	-150	0.002887193548387179
1080	goal + feedback	66	-100	0.008891526881720532
1080	goal + feedback	66	-50	0.005192693548387177
1080	goal + feedback	66	0	-0.01819113978494613
1080	goal + feedback	66	50	-0.04727347311827949
1080	goal + feedback	66	100	NA
1080	goal + feedback	66	150	NA
1080	goal + feedback	66	200	-0.45063180645161305
1080	goal + feedback	66	250	-0.12009680645161287
1080	goal + feedback	66	300	-0.11806713978494605
1080	goal + feedback	66	350	-0.11378947311827951
1080	goal + feedback	66	400	-0.1009638064516128
1080	goal + feedback	66	450	-0.07447630645161289
1080	goal + feedback	66	500	-0.035509639784946145
1080	goal + feedback	66	550	-0.005738606451612949
1080	goal + feedback	66	600	0.05032962211981573
1080	goal + feedback	66	650	0.1006665268817204
1080	goal + feedback	66	700	0.09799302688172055
1080	goal + feedback	66	750	0.09896269354838716
1080	goal + feedback	66	800	0.054274860215053865
1080	goal + feedback	66	850	0.04835759354838718
1080	goal + feedback	66	900	0.030044907834101537
1080	goal + feedback	66	950	-0.0014529731182794474
1080	goal + feedback	66	1e3	0.07465702688172053
1080	goal + feedback	66	1050	-0.38721280645161293
1080	goal + feedback	66	1100	NA
1080	goal + feedback	66	1150	0.17083736021505383
1080	goal + feedback	67	-200	0.008924285714285623
1080	goal + feedback	67	-150	0.013324166666666581
1080	goal + feedback	67	-100	0.01129133333333332
1080	goal + feedback	67	-50	-0.015013333333333398
1080	goal + feedback	67	0	-0.02001383333333336
1080	goal + feedback	67	50	-0.011802999999999933
1080	goal + feedback	67	100	-0.03365900000000003
1080	goal + feedback	67	150	-0.030053666666666645
1080	goal + feedback	67	200	-0.028199333333333316
1080	goal + feedback	67	250	-0.02440000000000005
1080	goal + feedback	67	300	-0.02862616666666673
1080	goal + feedback	67	350	-0.009267166666666604
1080	goal + feedback	67	400	-0.005664666666666651
1080	goal + feedback	67	450	-0.014867666666666723
1080	goal + feedback	67	500	0.029057000000000038
1080	goal + feedback	67	550	0.05320816666666661
1080	goal + feedback	67	600	0.10079600000000004
1080	goal + feedback	67	650	0.11512833333333328
1080	goal + feedback	67	700	0.13155216666666666
1080	goal + feedback	67	750	0.09942166666666674
1080	goal + feedback	67	800	0.048459666666666644
1080	goal + feedback	67	850	0.042786833333333295
1080	goal + feedback	67	900	0.0409353333333334
1080	goal + feedback	67	950	NA
1080	goal + feedback	67	1e3	NA
1080	goal + feedback	67	1050	NA
1080	goal + feedback	67	1100	-0.08830850000000012
1080	goal + feedback	67	1150	-0.009401000000000067
1080	goal + feedback	68	-200	-0.021178373271889633
1080	goal + feedback	68	-150	-0.024173516129032475
1080	goal + feedback	68	-100	0.006992483870967625
1080	goal + feedback	68	-50	0.013056817204300852
1080	goal + feedback	68	0	0.028832317204300868
1080	goal + feedback	68	50	0.02570698387096752
1080	goal + feedback	68	100	0.04411631720430087
1080	goal + feedback	68	150	0.017690483870967572
1080	goal + feedback	68	200	0.010948150537634241
1080	goal + feedback	68	250	0.005584317204300859
1080	goal + feedback	68	300	7.294838709674956e-4
1080	goal + feedback	68	350	0.0033121505376341918
1080	goal + feedback	68	400	0.036164817204300904
1080	goal + feedback	68	450	0.06152998387096753
1080	goal + feedback	68	500	0.11806248387096756
1080	goal + feedback	68	550	0.15282381720430074
1080	goal + feedback	68	600	0.15071848387096756
1080	goal + feedback	68	650	0.19626981720430084
1080	goal + feedback	68	700	0.20915048387096755
1080	goal + feedback	68	750	0.13183198387096753
1080	goal + feedback	68	800	0.10012631720430083
1080	goal + feedback	68	850	0.07331015053763419
1080	goal + feedback	68	900	0.0757688172043008
1080	goal + feedback	68	950	0.034967650537634176
1080	goal + feedback	68	1e3	0.0761274838709675
1080	goal + feedback	68	1050	0.04938948387096757
1080	goal + feedback	68	1100	0.004750317204300858
1080	goal + feedback	68	1150	0.0371526505376342
1080	goal + feedback	69	-200	0.0060895666666667125
1080	goal + feedback	69	-150	0.00641923333333357
1080	goal + feedback	69	-100	-0.016456266666666552
1080	goal + feedback	69	-50	-0.007351933333333245
1080	goal + feedback	69	0	0.011299400000000107
1080	goal + feedback	69	50	0.015527733333333385
1080	goal + feedback	69	100	0.0423465190476192
1080	goal + feedback	69	150	0.049111833333333535
1080	goal + feedback	69	200	0.08046090000000006
1080	goal + feedback	69	250	0.1331885666666667
1080	goal + feedback	69	300	0.15327223333333348
1080	goal + feedback	69	350	0.17676106666666672
1080	goal + feedback	69	400	0.16289540000000016
1080	goal + feedback	69	450	0.20244366190476196
1080	goal + feedback	69	500	0.22524143333333332
1080	goal + feedback	69	550	0.2967900666666668
1080	goal + feedback	69	600	0.34455940000000007
1080	goal + feedback	69	650	0.35086823333333345
1080	goal + feedback	69	700	0.40744090000000016
1080	goal + feedback	69	750	0.31860323333333346
1080	goal + feedback	69	800	0.2632450904761906
1080	goal + feedback	69	850	0.2340410666666668
1080	goal + feedback	69	900	0.21994656666666682
1080	goal + feedback	69	950	0.21551806666666687
1080	goal + feedback	69	1e3	0.2048639000000001
1080	goal + feedback	69	1050	0.15079173333333343
1080	goal + feedback	69	1100	0.13122740000000008
1080	goal + feedback	69	1150	0.13268840000000007
1080	goal + feedback	70	-200	-0.01184396774193562
1080	goal + feedback	70	-150	-0.006260467741935634
1080	goal + feedback	70	-100	0.009256365591397753
1080	goal + feedback	70	-50	7.840322580644118e-4
1080	goal + feedback	70	0	0.010038032258064359
1080	goal + feedback	70	50	0.004591865591397755
1080	goal + feedback	70	100	-0.018145467741935633
1080	goal + feedback	70	150	-0.03391830107526891
1080	goal + feedback	70	200	-0.009614301075269024
1080	goal + feedback	70	250	-0.02932813440860227
1080	goal + feedback	70	300	-0.05046280107526894
1080	goal + feedback	70	350	-0.013930967741935621
1080	goal + feedback	70	400	-0.015672801075268916
1080	goal + feedback	70	450	-0.02433063440860228
1080	goal + feedback	70	500	0.022744865591397767
1080	goal + feedback	70	550	0.023522865591397563
1080	goal + feedback	70	600	0.05074653225806447
1080	goal + feedback	70	650	0.0935228655913977
1080	goal + feedback	70	700	0.1263635322580643
1080	goal + feedback	70	750	0.08924503225806439
1080	goal + feedback	70	800	0.04912953225806427
1080	goal + feedback	70	850	0.006759032258064401
1080	goal + feedback	70	900	-0.01152613440860232
1080	goal + feedback	70	950	-0.06259363440860229
1080	goal + feedback	70	1e3	-0.08788046774193574
1080	goal + feedback	70	1050	-0.10714063440860233
1080	goal + feedback	70	1100	-0.17419163440860222
1080	goal + feedback	70	1150	NA
1080	goal + feedback	71	-200	-0.0033158894009218515
1080	goal + feedback	71	-150	-0.02123786559139799
1080	goal + feedback	71	-100	-0.02119303225806468
1080	goal + feedback	71	-50	0.012943967741935328
1080	goal + feedback	71	0	0.033355467741935284
1080	goal + feedback	71	50	0.07205230107526865
1080	goal + feedback	71	100	0.10213630107526872
1080	goal + feedback	71	150	0.1440883010752687
1080	goal + feedback	71	200	0.15828930107526862
1080	goal + feedback	71	250	0.153572634408602
1080	goal + feedback	71	300	0.1512284677419354
1080	goal + feedback	71	350	0.170227634408602
1080	goal + feedback	71	400	0.14317180107526872
1080	goal + feedback	71	450	0.14112563440860196
1080	goal + feedback	71	500	0.14216696774193535
1080	goal + feedback	71	550	0.19480280107526862
1080	goal + feedback	71	600	0.2316308010752687
1080	goal + feedback	71	650	0.2694139677419353
1080	goal + feedback	71	700	0.27952196774193533
1080	goal + feedback	71	750	0.2852539677419354
1080	goal + feedback	71	800	0.2982049677419352
1080	goal + feedback	71	850	0.2110689677419353
1080	goal + feedback	71	900	0.180661134408602
1080	goal + feedback	71	950	0.16512563440860198
1080	goal + feedback	71	1e3	0.14130380107526866
1080	goal + feedback	71	1050	0.08631063440860198
1080	goal + feedback	71	1100	0.09139680107526867
1080	goal + feedback	71	1150	0.14999063440860202
1080	goal + feedback	72	-200	-0.026975333333333424
1080	goal + feedback	72	-150	-0.0032541666666668543
1080	goal + feedback	72	-100	-0.0018676666666668968
1080	goal + feedback	72	-50	0.023789166666666455
1080	goal + feedback	72	0	0.00830799999999976
1080	goal + feedback	72	50	0.016583142857142734
1080	goal + feedback	72	100	0.021843799999999813
1080	goal + feedback	72	150	0.03244228571428558
1080	goal + feedback	72	200	0.031997499999999825
1080	goal + feedback	72	250	0.051937166666666444
1080	goal + feedback	72	300	0.055856999999999823
1080	goal + feedback	72	350	0.0881216666666665
1080	goal + feedback	72	400	0.09783266666666653
1080	goal + feedback	72	450	0.1404316666666665
1080	goal + feedback	72	500	0.1970303333333331
1080	goal + feedback	72	550	0.24496133333333314
1080	goal + feedback	72	600	0.2737656666666665
1080	goal + feedback	72	650	0.34245133333333316
1080	goal + feedback	72	700	0.3216048333333332
1080	goal + feedback	72	750	0.30779633333333317
1080	goal + feedback	72	800	0.24815633333333312
1080	goal + feedback	72	850	0.17681383333333311
1080	goal + feedback	72	900	0.14995749999999983
1080	goal + feedback	72	950	0.10494349999999986
1080	goal + feedback	72	1e3	0.058450499999999884
1080	goal + feedback	72	1050	0.03511616666666654
1080	goal + feedback	72	1100	-0.0076416666666668425
1080	goal + feedback	72	1150	0.00818583333333319
1080	goal + feedback	73	-200	0.026607188940092032
1080	goal + feedback	73	-150	0.02427040322580624
1080	goal + feedback	73	-100	-0.0020955967741937234
1080	goal + feedback	73	-50	-0.02280493010752697
1080	goal + feedback	73	0	-0.030411596774193733
1080	goal + feedback	73	50	-0.03841393010752703
1080	goal + feedback	73	100	-0.03992693010752698
1080	goal + feedback	73	150	-0.04586543010752705
1080	goal + feedback	73	200	-0.036553763440860365
1080	goal + feedback	73	250	-0.02682343010752697
1080	goal + feedback	73	300	-0.05071909677419365
1080	goal + feedback	73	350	-0.03734076344086038
1080	goal + feedback	73	400	-0.012638096774193622
1080	goal + feedback	73	450	0.013184236559139695
1080	goal + feedback	73	500	0.04304206989247287
1080	goal + feedback	73	550	0.07618606989247301
1080	goal + feedback	73	600	0.14365623655913962
1080	goal + feedback	73	650	0.19145373655913955
1080	goal + feedback	73	700	0.24477606989247294
1080	goal + feedback	73	750	0.25529706989247297
1080	goal + feedback	73	800	0.27477773655913956
1080	goal + feedback	73	850	0.26606806989247295
1080	goal + feedback	73	900	0.2517347032258062
1080	goal + feedback	73	950	NA
1080	goal + feedback	73	1e3	NA
1080	goal + feedback	73	1050	NA
1080	goal + feedback	73	1100	NA
1080	goal + feedback	73	1150	0.320992569892473
1080	goal + feedback	74	-200	-0.027838267281106038
1080	goal + feedback	74	-150	-0.004082172043010868
1080	goal + feedback	74	-100	0.004933994623655884
1080	goal + feedback	74	-50	0.010502327956989207
1080	goal + feedback	74	0	0.021123827956989045
1080	goal + feedback	74	50	0.007269827956989235
1080	goal + feedback	74	100	0.023626327956989195
1080	goal + feedback	74	150	0.021579827956989133
1080	goal + feedback	74	200	0.012729494623655802
1080	goal + feedback	74	250	0.022561327956989174
1080	goal + feedback	74	300	0.001724494623655722
1080	goal + feedback	74	350	0.0064283279569892215
1080	goal + feedback	74	400	-0.007095838709677426
1080	goal + feedback	74	450	-0.026068838709677498
1080	goal + feedback	74	500	0.00894999462365583
1080	goal + feedback	74	550	0.018381827956989172
1080	goal + feedback	74	600	0.06006466129032247
1080	goal + feedback	74	650	0.09406866129032247
1080	goal + feedback	74	700	0.12339649462365587
1080	goal + feedback	74	750	0.12979199462365595
1080	goal + feedback	74	800	0.11589049462365586
1080	goal + feedback	74	850	0.0919508279569891
1080	goal + feedback	74	900	0.09196049462365592
1080	goal + feedback	74	950	0.08431449462365581
1080	goal + feedback	74	1e3	0.0995191612903225
1080	goal + feedback	74	1050	0.07010349462365584
1080	goal + feedback	74	1100	0.11109232795698924
1080	goal + feedback	74	1150	0.08911849462365577
1080	goal + feedback	75	-200	0.04359221658986164
1080	goal + feedback	75	-150	2.556451612902115e-4
1080	goal + feedback	75	-100	-0.02277318817204299
1080	goal + feedback	75	-50	-0.01097918817204313
1080	goal + feedback	75	0	-0.01736085483870971
1080	goal + feedback	75	50	-0.016530188172043065
1080	goal + feedback	75	100	-0.011175188172043068
1080	goal + feedback	75	150	0.0014279784946236163
1080	goal + feedback	75	200	0.016298145161290245
1080	goal + feedback	75	250	0.03942931182795695
1080	goal + feedback	75	300	0.08045631182795687
1080	goal + feedback	75	350	0.10209881182795681
1080	goal + feedback	75	400	0.13596464516129023
1080	goal + feedback	75	450	0.18240814516129022
1080	goal + feedback	75	500	0.22634514516129026
1080	goal + feedback	75	550	0.2693631451612902
1080	goal + feedback	75	600	0.34270814516129017
1080	goal + feedback	75	650	0.360682811827957
1080	goal + feedback	75	700	0.3761608118279569
1080	goal + feedback	75	750	0.3571526451612903
1080	goal + feedback	75	800	0.317013311827957
1080	goal + feedback	75	850	0.24417147849462362
1080	goal + feedback	75	900	0.2341781451612904
1080	goal + feedback	75	950	0.19985464516129028
1080	goal + feedback	75	1e3	0.21099331182795691
1080	goal + feedback	75	1050	0.17954814516129028
1080	goal + feedback	75	1100	0.15663781182795686
1080	goal + feedback	75	1150	0.1654274784946237
1080	goal + feedback	76	-200	-0.00686899999999994
1080	goal + feedback	76	-150	0.007096333333333445
1080	goal + feedback	76	-100	0.00844466666666673
1080	goal + feedback	76	-50	0.0031090000000001026
1080	goal + feedback	76	0	-0.011780999999999894
1080	goal + feedback	76	50	0.0030873333333333677
1080	goal + feedback	76	100	-0.005752166666666669
1080	goal + feedback	76	150	-0.02262216666666661
1080	goal + feedback	76	200	-0.0302236666666665
1080	goal + feedback	76	250	-0.025951166666666598
1080	goal + feedback	76	300	-0.03062833333333333
1080	goal + feedback	76	350	-0.04598966666666667
1080	goal + feedback	76	400	-0.04707016666666656
1080	goal + feedback	76	450	-0.052914499999999975
1080	goal + feedback	76	500	-0.03383149999999987
1080	goal + feedback	76	550	0.010244833333333444
1080	goal + feedback	76	600	0.07285171428571433
1080	goal + feedback	76	650	0.12535280000000001
1080	goal + feedback	76	700	0.1339758333333334
1080	goal + feedback	76	750	0.14533742857142862
1080	goal + feedback	76	800	0.15081550000000007
1080	goal + feedback	76	850	0.14707160000000002
1080	goal + feedback	76	900	0.11853833333333348
1080	goal + feedback	76	950	0.11468185714285724
1080	goal + feedback	76	1e3	0.1200398333333333
1080	goal + feedback	76	1050	0.1446881666666667
1080	goal + feedback	76	1100	0.14316250000000008
1080	goal + feedback	76	1150	0.15228416666666678
1080	goal + feedback	77	-200	0.008512769585253504
1080	goal + feedback	77	-150	0.005886983870967866
1080	goal + feedback	77	-100	-0.0019648494623654145
1080	goal + feedback	77	-50	-0.011125016129032161
1080	goal + feedback	77	0	-0.0027286827956987856
1080	goal + feedback	77	50	0.00429381720430122
1080	goal + feedback	77	100	0.02977248387096772
1080	goal + feedback	77	150	0.042935150537634525
1080	goal + feedback	77	200	0.07178881720430123
1080	goal + feedback	77	250	0.09911831720430116
1080	goal + feedback	77	300	0.10708098387096787
1080	goal + feedback	77	350	0.14875648387096785
1080	goal + feedback	77	400	0.17639015053763454
1080	goal + feedback	77	450	0.23050515053763454
1080	goal + feedback	77	500	0.2586083172043012
1080	goal + feedback	77	550	0.3021803172043011
1080	goal + feedback	77	600	0.3369873172043012
1080	goal + feedback	77	650	0.3610796505376345
1080	goal + feedback	77	700	0.3788724838709679
1080	goal + feedback	77	750	0.33011015053763454
1080	goal + feedback	77	800	0.30366731720430123
1080	goal + feedback	77	850	0.2817294838709679
1080	goal + feedback	77	900	0.27329315053763453
1080	goal + feedback	77	950	0.21748348387096791
1080	goal + feedback	77	1e3	0.2181318172043012
1080	goal + feedback	77	1050	0.22735131720430113
1080	goal + feedback	77	1100	0.27603615053763453
1080	goal + feedback	77	1150	0.27709731720430125
1080	goal + feedback	78	-200	-0.014387792626728022
1080	goal + feedback	78	-150	-0.023728935483870783
1080	goal + feedback	78	-100	-0.021435102150537455
1080	goal + feedback	78	-50	0.007811231182795956
1080	goal + feedback	78	0	0.05413856451612927
1080	goal + feedback	78	50	0.08613689784946255
1080	goal + feedback	78	100	0.07981473118279592
1080	goal + feedback	78	150	0.07420839784946254
1080	goal + feedback	78	200	0.06842856451612918
1080	goal + feedback	78	250	0.043386564516129246
1080	goal + feedback	78	300	0.027944897849462524
1080	goal + feedback	78	350	0.04107923118279588
1080	goal + feedback	78	400	0.03865889784946249
1080	goal + feedback	78	450	0.066714731182795875
1080	goal + feedback	78	500	0.06280489784946257
1080	goal + feedback	78	550	0.12702039784946248
1080	goal + feedback	78	600	0.15545973118279588
1080	goal + feedback	78	650	0.20049906451612923
1080	goal + feedback	78	700	0.21251589784946248
1080	goal + feedback	78	750	0.1933022311827958
1080	goal + feedback	78	800	0.12371689784946256
1080	goal + feedback	78	850	0.10230223118279584
1080	goal + feedback	78	900	0.055354231182795845
1080	goal + feedback	78	950	0.04442839784946254
1080	goal + feedback	78	1e3	0.01712573118279585
1080	goal + feedback	78	1050	0.014802897849462537
1080	goal + feedback	78	1100	0.0050385645161292
1080	goal + feedback	78	1150	0.031125731182795862
1080	goal + feedback	79	-200	0.03630977419354859
1080	goal + feedback	79	-150	0.027665107526881894
1080	goal + feedback	79	-100	0.006211607526881953
1080	goal + feedback	79	-50	-0.028707225806451502
1080	goal + feedback	79	0	-0.04753089247311815
1080	goal + feedback	79	50	-0.027583425806451255
1080	goal + feedback	79	100	-0.048585559139784795
1080	goal + feedback	79	150	-0.01678322580645153
1080	goal + feedback	79	200	-0.02366139247311801
1080	goal + feedback	79	250	-0.010018559139784777
1080	goal + feedback	79	300	-0.024371059139784768
1080	goal + feedback	79	350	-0.024401059139784815
1080	goal + feedback	79	400	0.028501107526881952
1080	goal + feedback	79	450	0.0290996075268819
1080	goal + feedback	79	500	0.07651010752688192
1080	goal + feedback	79	550	0.13753494086021525
1080	goal + feedback	79	600	0.19696694086021527
1080	goal + feedback	79	650	0.19767044086021524
1080	goal + feedback	79	700	0.23639327419354847
1080	goal + feedback	79	750	0.19876594086021523
1080	goal + feedback	79	800	0.16368310752688187
1080	goal + feedback	79	850	0.11812544086021519
1080	goal + feedback	79	900	0.09978877419354859
1080	goal + feedback	79	950	0.07219744086021522
1080	goal + feedback	79	1e3	0.07092227419354853
1080	goal + feedback	79	1050	0.03888160752688193
1080	goal + feedback	79	1100	0.03823560752688193
1080	goal + feedback	79	1150	0.062402440860215215
1080	goal + feedback	80	-200	0.004705433179723606
1080	goal + feedback	80	-150	-0.006988543010752579
1080	goal + feedback	80	-100	4.961236559140048e-4
1080	goal + feedback	80	-50	-0.0011973763440859357
1080	goal + feedback	80	0	0.0022001236559141546
1080	goal + feedback	80	50	0.016127290322580794
1080	goal + feedback	80	100	0.015551456989247425
1080	goal + feedback	80	150	0.025661956989247486
1080	goal + feedback	80	200	0.009037790322580749
1080	goal + feedback	80	250	0.004795790322580595
1080	goal + feedback	80	300	-0.0011662096774192794
1080	goal + feedback	80	350	0.010178290322580738
1080	goal + feedback	80	400	0.03443645698924732
1080	goal + feedback	80	450	0.028406123655914033
1080	goal + feedback	80	500	0.05810629032258071
1080	goal + feedback	80	550	0.08384379032258067
1080	goal + feedback	80	600	0.10533779032258073
1080	goal + feedback	80	650	0.09356479032258076
1080	goal + feedback	80	700	0.07637712365591402
1080	goal + feedback	80	750	0.04095212365591405
1080	goal + feedback	80	800	0.0229951236559142
1080	goal + feedback	80	850	-0.03304770967741918
1080	goal + feedback	80	900	-0.05777537634408603
1080	goal + feedback	80	950	-0.060118876344085935
1080	goal + feedback	80	1e3	-0.090140876344086
1080	goal + feedback	80	1050	-0.09379387634408583
1080	goal + feedback	80	1100	-0.09255270967741924
1080	goal + feedback	80	1150	-0.11514287634408597
1080	goal + feedback	81	-200	0.013773262672811029
1080	goal + feedback	81	-150	0.004244048387096762
1080	goal + feedback	81	-100	-0.007864451612903242
1080	goal + feedback	81	-50	-8.781182795698506e-4
1080	goal + feedback	81	0	-0.011570284946236539
1080	goal + feedback	81	50	-0.006459618279569905
1080	goal + feedback	81	100	0.012100048387096848
1080	goal + feedback	81	150	0.029808881720430058
1080	goal + feedback	81	200	0.036534548387096764
1080	goal + feedback	81	250	0.021683381720430123
1080	goal + feedback	81	300	0.04406138172043006
1080	goal + feedback	81	350	0.03335888172043008
1080	goal + feedback	81	400	0.06754138172043007
1080	goal + feedback	81	450	0.07962738172043012
1080	goal + feedback	81	500	0.1117045483870968
1080	goal + feedback	81	550	0.11997704838709684
1080	goal + feedback	81	600	0.17071004838709677
1080	goal + feedback	81	650	0.1793075483870968
1080	goal + feedback	81	700	0.18727454838709665
1080	goal + feedback	81	750	0.1914068817204301
1080	goal + feedback	81	800	0.13395604838709682
1080	goal + feedback	81	850	0.11418421505376353
1080	goal + feedback	81	900	0.04829871505376341
1080	goal + feedback	81	950	0.03929304838709687
1080	goal + feedback	81	1e3	0.023283881720430093
1080	goal + feedback	81	1050	0.016218715053763526
1080	goal + feedback	81	1100	0.027825381720430142
1080	goal + feedback	81	1150	0.03948121505376342
1080	goal + feedback	82	-200	-0.022131564516128854
1080	goal + feedback	82	-150	-0.022196731182795453
1080	goal + feedback	82	-100	0.011492435483871096
1080	goal + feedback	82	-50	0.020026602150537903
1080	goal + feedback	82	0	0.010979364055299725
1080	goal + feedback	82	50	0.007743935483871163
1080	goal + feedback	82	100	0.005579935483871035
1080	goal + feedback	82	150	0.007853102150537769
1080	goal + feedback	82	200	0.009622768817204511
1080	goal + feedback	82	250	0.02027243548387118
1080	goal + feedback	82	300	0.018979935483871113
1080	goal + feedback	82	350	0.027763268817204406
1080	goal + feedback	82	400	0.03466093548387109
1080	goal + feedback	82	450	0.06994176881720444
1080	goal + feedback	82	500	0.09954343548387112
1080	goal + feedback	82	550	0.13782410215053775
1080	goal + feedback	82	600	0.16394476881720443
1080	goal + feedback	82	650	0.17634860215053774
1080	goal + feedback	82	700	0.17260160215053788
1080	goal + feedback	82	750	0.16173410215053785
1080	goal + feedback	82	800	0.1484004354838712
1080	goal + feedback	82	850	0.14350293548387114
1080	goal + feedback	82	900	0.13469743548387117
1080	goal + feedback	82	950	0.10856926881720448
1080	goal + feedback	82	1e3	0.12548843548387123
1080	goal + feedback	82	1050	0.12656260215053786
1080	goal + feedback	82	1100	0.1319937688172045
1080	goal + feedback	82	1150	0.11907010215053782
1080	goal + feedback	83	-200	0.05600978801843296
1080	goal + feedback	83	-150	0.023553811827956794
1080	goal + feedback	83	-100	0.0021664784946235174
1080	goal + feedback	83	-50	-0.03756585483870989
1080	goal + feedback	83	0	-0.05349918817204317
1080	goal + feedback	83	50	-0.07260802150537644
1080	goal + feedback	83	100	-0.09420952150537658
1080	goal + feedback	83	150	-0.07782085483870982
1080	goal + feedback	83	200	-0.09846718817204321
1080	goal + feedback	83	250	-0.10733618817204316
1080	goal + feedback	83	300	-0.10979152150537663
1080	goal + feedback	83	350	-0.12234118817204331
1080	goal + feedback	83	400	-0.09939702150537662
1080	goal + feedback	83	450	-0.09287968817204321
1080	goal + feedback	83	500	-0.07138652150537661
1080	goal + feedback	83	550	-0.025689188172043204
1080	goal + feedback	83	600	0.012197145161290113
1080	goal + feedback	83	650	0.060442145161290206
1080	goal + feedback	83	700	0.07900547849462347
1080	goal + feedback	83	750	0.0816154784946234
1080	goal + feedback	83	800	0.06578181182795673
1080	goal + feedback	83	850	0.06272047849462344
1080	goal + feedback	83	900	0.03258964516129007
1080	goal + feedback	83	950	0.0439704784946234
1080	goal + feedback	83	1e3	0.051592145161290105
1080	goal + feedback	83	1050	0.05732864516129007
1080	goal + feedback	83	1100	0.06497981182795683
1080	goal + feedback	83	1150	0.0716409784946234
1080	goal + feedback	84	-200	-0.002572733333333114
1080	goal + feedback	84	-150	0.02944943333333357
1080	goal + feedback	84	-100	0.022214100000000164
1080	goal + feedback	84	-50	-0.0043672333333330355
1080	goal + feedback	84	0	-0.04472356666666647
1080	goal + feedback	84	50	-0.09586489999999974
1080	goal + feedback	84	100	-0.11454485238095215
1080	goal + feedback	84	150	-0.14797256666666642
1080	goal + feedback	84	200	-0.1407787095238093
1080	goal + feedback	84	250	-0.17958189999999977
1080	goal + feedback	84	300	-0.17271806666666642
1080	goal + feedback	84	350	-0.18098173333333314
1080	goal + feedback	84	400	-0.1693227666666665
1080	goal + feedback	84	450	-0.14041356666666646
1080	goal + feedback	84	500	-0.09723885238095217
1080	goal + feedback	84	550	-0.0500425666666664
1080	goal + feedback	84	600	0.005655719047619253
1080	goal + feedback	84	650	0.022817433333333526
1080	goal + feedback	84	700	0.02551926666666689
1080	goal + feedback	84	750	-0.0020240666666664353
1080	goal + feedback	84	800	-0.03485473333333311
1080	goal + feedback	84	850	-0.08964706666666637
1080	goal + feedback	84	900	-0.0998947333333331
1080	goal + feedback	84	950	-0.1013460666666665
1080	goal + feedback	84	1e3	-0.1026558999999998
1080	goal + feedback	84	1050	-0.10524673333333305
1080	goal + feedback	84	1100	-0.09462606666666644
1080	goal + feedback	84	1150	-0.06061673333333325
1080	goal + feedback	85	-200	0.0026668999999999166
1080	goal + feedback	85	-150	-0.002407600000000102
1080	goal + feedback	85	-100	1.6156666666648314e-4
1080	goal + feedback	85	-50	0.003692066666666438
1080	goal + feedback	85	0	-0.00411293333333355
1080	goal + feedback	85	50	0.03095456666666648
1080	goal + feedback	85	100	0.01701073333333314
1080	goal + feedback	85	150	0.01688256666666647
1080	goal + feedback	85	200	0.029080066666666477
1080	goal + feedback	85	250	0.07704206666666646
1080	goal + feedback	85	300	0.06700789999999975
1080	goal + feedback	85	350	0.0821712333333331
1080	goal + feedback	85	400	0.10546423333333317
1080	goal + feedback	85	450	0.10845556666666645
1080	goal + feedback	85	500	0.10614256666666651
1080	goal + feedback	85	550	0.13152506666666652
1080	goal + feedback	85	600	0.17236306666666654
1080	goal + feedback	85	650	0.2172322333333331
1080	goal + feedback	85	700	0.2464077333333333
1080	goal + feedback	85	750	0.24146239999999985
1080	goal + feedback	85	800	0.1946485666666664
1080	goal + feedback	85	850	0.13104839999999998
1080	goal + feedback	85	900	0.09544456666666656
1080	goal + feedback	85	950	0.10647089999999985
1080	goal + feedback	85	1e3	0.05880056666666652
1080	goal + feedback	85	1050	0.08704723333333313
1080	goal + feedback	85	1100	0.09375156666666647
1080	goal + feedback	85	1150	0.08073656666666655
1080	goal + feedback	86	-200	0.010685479262672841
1080	goal + feedback	86	-150	-0.013753139784946336
1080	goal + feedback	86	-100	-0.011816639784946256
1080	goal + feedback	86	-50	-0.007406639784946305
1080	goal + feedback	86	0	0.02051002688172036
1080	goal + feedback	86	50	0.004442860215053838
1080	goal + feedback	86	100	0.010786693548387053
1080	goal + feedback	86	150	0.007764860215053737
1080	goal + feedback	86	200	0.009611360215053674
1080	goal + feedback	86	250	0.005064860215053739
1080	goal + feedback	86	300	9.701935483870846e-4
1080	goal + feedback	86	350	-0.019798473118279574
1080	goal + feedback	86	400	-0.0069949731182796055
1080	goal + feedback	86	450	0.023939526881720408
1080	goal + feedback	86	500	0.07349436021505366
1080	goal + feedback	86	550	0.09449936021505367
1080	goal + feedback	86	600	0.13648236021505378
1080	goal + feedback	86	650	0.1386698602150538
1080	goal + feedback	86	700	0.13485386021505374
1080	goal + feedback	86	750	0.12026269354838703
1080	goal + feedback	86	800	0.05929236021505376
1080	goal + feedback	86	850	0.060224026881720384
1080	goal + feedback	86	900	0.05334336021505363
1080	goal + feedback	86	950	0.03602086021505372
1080	goal + feedback	86	1e3	0.02641119354838713
1080	goal + feedback	86	1050	0.004521193548387092
1080	goal + feedback	86	1100	0.029546026881720328
1080	goal + feedback	86	1150	0.036051360215053695
1080	goal + feedback	87	-200	0.004428018433179558
1080	goal + feedback	87	-150	-0.022352838709677563
1080	goal + feedback	87	-100	0.00857749462365572
1080	goal + feedback	87	-50	0.016368661290322366
1080	goal + feedback	87	0	-0.00775933870967771
1080	goal + feedback	87	50	0.02404249462365578
1080	goal + feedback	87	100	0.017014827956989054
1080	goal + feedback	87	150	0.05252866129032233
1080	goal + feedback	87	200	0.1020014946236556
1080	goal + feedback	87	250	0.11054016129032236
1080	goal + feedback	87	300	0.13055532795698896
1080	goal + feedback	87	350	0.12459582795698898
1080	goal + feedback	87	400	0.1357624946236556
1080	goal + feedback	87	450	0.17270082795698904
1080	goal + feedback	87	500	0.2141744946236556
1080	goal + feedback	87	550	0.26559166129032236
1080	goal + feedback	87	600	0.3217066612903224
1080	goal + feedback	87	650	0.318740327956989
1080	goal + feedback	87	700	0.3285864946236557
1080	goal + feedback	87	750	0.3173423279569889
1080	goal + feedback	87	800	0.283760827956989
1080	goal + feedback	87	850	0.1994184946236556
1080	goal + feedback	87	900	0.1360494946236556
1080	goal + feedback	87	950	0.125642827956989
1080	goal + feedback	87	1e3	0.0795731612903224
1080	goal + feedback	87	1050	0.04805749462365575
1080	goal + feedback	87	1100	0.04658832795698897
1080	goal + feedback	87	1150	0.08743432795698898
1080	goal + feedback	88	-200	0.03410689400921666
1080	goal + feedback	88	-150	0.010689489247311945
1080	goal + feedback	88	-100	-0.002732677419354642
1080	goal + feedback	88	-50	-0.010618510752688085
1080	goal + feedback	88	0	-0.0371296774193548
1080	goal + feedback	88	50	-0.04417467741935477
1080	goal + feedback	88	100	-0.02722184408602139
1080	goal + feedback	88	150	-0.033926344086021354
1080	goal + feedback	88	200	-0.04477834408602136
1080	goal + feedback	88	250	-0.019773177419354655
1080	goal + feedback	88	300	-0.005815010752688051
1080	goal + feedback	88	350	0.00882715591397861
1080	goal + feedback	88	400	0.04373682258064523
1080	goal + feedback	88	450	0.07737282258064537
1080	goal + feedback	88	500	0.12928298924731188
1080	goal + feedback	88	550	0.1723814892473119
1080	goal + feedback	88	600	0.21373898924731197
1080	goal + feedback	88	650	0.26212482258064523
1080	goal + feedback	88	700	0.2822378225806453
1080	goal + feedback	88	750	0.2573711559139786
1080	goal + feedback	88	800	0.2160686559139786
1080	goal + feedback	88	850	0.22359782258064528
1080	goal + feedback	88	900	0.21638382258064537
1080	goal + feedback	88	950	0.19451132258064519
1080	goal + feedback	88	1e3	0.18181248924731194
1080	goal + feedback	88	1050	0.19667148924731204
1080	goal + feedback	88	1100	0.19455798924731185
1080	goal + feedback	88	1150	0.21834248924731195
1080	goal + feedback	89	-200	0.012785300000000147
1080	goal + feedback	89	-150	0.002075466666666692
1080	goal + feedback	89	-100	0.002099966666666712
1080	goal + feedback	89	-50	-0.008619699999999971
1080	goal + feedback	89	0	-0.008341033333333211
1080	goal + feedback	89	50	-0.003919866666666512
1080	goal + feedback	89	100	0.03169630000000012
1080	goal + feedback	89	150	0.04517213333333355
1080	goal + feedback	89	200	0.05569580000000007
1080	goal + feedback	89	250	0.06453130000000014
1080	goal + feedback	89	300	0.08709096666666676
1080	goal + feedback	89	350	0.048272633333333426
1080	goal + feedback	89	400	0.06177813333333352
1080	goal + feedback	89	450	0.07303746666666681
1080	goal + feedback	89	500	0.08351080000000007
1080	goal + feedback	89	550	0.09643430000000008
1080	goal + feedback	89	600	0.1225499666666668
1080	goal + feedback	89	650	0.15929263333333346
1080	goal + feedback	89	700	0.1665021333333334
1080	goal + feedback	89	750	0.14331180000000013
1080	goal + feedback	89	800	0.10487080000000004
1080	goal + feedback	89	850	0.08544246666666681
1080	goal + feedback	89	900	0.0832288000000001
1080	goal + feedback	89	950	0.07530846666666673
1080	goal + feedback	89	1e3	0.06424430000000014
1080	goal + feedback	89	1050	0.047382633333333445
1080	goal + feedback	89	1100	-0.0871605333333334
1080	goal + feedback	89	1150	NA
1080	goal + feedback	90	-200	4.7771889400939827e-4
1080	goal + feedback	90	-150	-3.375430107526907e-4
1080	goal + feedback	90	-100	-0.008319209677419318
1080	goal + feedback	90	-50	0.010330290322580668
1080	goal + feedback	90	0	-0.0022308763440859933
1080	goal + feedback	90	50	0.017609790322580626
1080	goal + feedback	90	100	0.03919662365591403
1080	goal + feedback	90	150	0.029824123655914025
1080	goal + feedback	90	200	0.03820195698924741
1080	goal + feedback	90	250	0.0711124569892474
1080	goal + feedback	90	300	0.06020545698924732
1080	goal + feedback	90	350	0.07889229032258076
1080	goal + feedback	90	400	0.10153262365591405
1080	goal + feedback	90	450	0.1273509569892474
1080	goal + feedback	90	500	0.13796669032258074
1080	goal + feedback	90	550	0.2036051474654378
1080	goal + feedback	90	600	0.22174412365591403
1080	goal + feedback	90	650	0.24584529032258082
1080	goal + feedback	90	700	0.21515045698924737
1080	goal + feedback	90	750	0.1681889569892474
1080	goal + feedback	90	800	0.1341309569892474
1080	goal + feedback	90	850	0.10499829032258072
1080	goal + feedback	90	900	0.09544045698924745
1080	goal + feedback	90	950	NA
1080	goal + feedback	90	1e3	NA
1080	goal + feedback	90	1050	NA
1080	goal + feedback	90	1100	NA
1080	goal + feedback	90	1150	NA
1080	goal + feedback	91	-200	-0.045439876344085896
1080	goal + feedback	91	-150	-0.0018965430107526309
1080	goal + feedback	91	-100	0.03295386175115216
1080	goal + feedback	91	-50	0.007076123655914035
1080	goal + feedback	91	0	0.0018141236559140832
1080	goal + feedback	91	50	-3.0770967741918415e-4
1080	goal + feedback	91	100	0.009886623655914084
1080	goal + feedback	91	150	0.015948456989247406
1080	goal + feedback	91	200	0.025931623655914022
1080	goal + feedback	91	250	0.03487212365591404
1080	goal + feedback	91	300	0.05230095698924749
1080	goal + feedback	91	350	0.07830045698924752
1080	goal + feedback	91	400	0.09988845698924746
1080	goal + feedback	91	450	0.11463729032258081
1080	goal + feedback	91	500	0.15942929032258077
1080	goal + feedback	91	550	0.1922342903225808
1080	goal + feedback	91	600	0.22900145698924743
1080	goal + feedback	91	650	0.23943979032258067
1080	goal + feedback	91	700	0.2004439569892474
1080	goal + feedback	91	750	0.15213445698924732
1080	goal + feedback	91	800	0.13751829032258076
1080	goal + feedback	91	850	0.07013145698924743
1080	goal + feedback	91	900	0.02880195698924748
1080	goal + feedback	91	950	0.014164290322580708
1080	goal + feedback	91	1e3	-0.010154543010752656
1080	goal + feedback	91	1050	0.009759956989247476
1080	goal + feedback	91	1100	0.014961456989247482
1080	goal + feedback	91	1150	0.017717956989247313
1080	goal + feedback	92	-200	-0.032810800000000105
1080	goal + feedback	92	-150	-0.025174966666666836
1080	goal + feedback	92	-100	0.023223866666666575
1080	goal + feedback	92	-50	0.020230833333333198
1080	goal + feedback	92	0	0.022098699999999843
1080	goal + feedback	92	50	0.03157036666666654
1080	goal + feedback	92	100	0.03511119999999986
1080	goal + feedback	92	150	0.033347199999999834
1080	goal + feedback	92	200	0.04465986666666658
1080	goal + feedback	92	250	0.024876533333333173
1080	goal + feedback	92	300	0.026949199999999784
1080	goal + feedback	92	350	0.052358199999999876
1080	goal + feedback	92	400	0.0334245333333331
1080	goal + feedback	92	450	0.0637098666666666
1080	goal + feedback	92	500	0.08099736666666657
1080	goal + feedback	92	550	0.09606019999999986
1080	goal + feedback	92	600	0.0983093666666665
1080	goal + feedback	92	650	0.16320419999999988
1080	goal + feedback	92	700	0.1984700333333332
1080	goal + feedback	92	750	0.17342319999999986
1080	goal + feedback	92	800	0.13864069999999984
1080	goal + feedback	92	850	0.08697103333333327
1080	goal + feedback	92	900	0.06925953333333316
1080	goal + feedback	92	950	0.03950686666666655
1080	goal + feedback	92	1e3	0.011071699999999943
1080	goal + feedback	92	1050	0.015179033333333147
1080	goal + feedback	92	1100	NA
1080	goal + feedback	92	1150	NA
1080	goal + feedback	93	-200	-0.015617354838709805
1080	goal + feedback	93	-150	-0.021532021505376402
1080	goal + feedback	93	-100	-0.015464188172043055
1080	goal + feedback	93	-50	0.018541311827956857
1080	goal + feedback	93	0	0.03667514516129019
1080	goal + feedback	93	50	0.010007811827956811
1080	goal + feedback	93	100	-0.012622354838709882
1080	goal + feedback	93	150	-0.004947854838709779
1080	goal + feedback	93	200	0.013646978494623522
1080	goal + feedback	93	250	0.02086681182795691
1080	goal + feedback	93	300	-0.005349854838709793
1080	goal + feedback	93	350	0.0043189784946235195
1080	goal + feedback	93	400	-0.004000688172043058
1080	goal + feedback	93	450	0.0359111451612902
1080	goal + feedback	93	500	0.06074881182795688
1080	goal + feedback	93	550	0.1037751451612902
1080	goal + feedback	93	600	0.09405047849462352
1080	goal + feedback	93	650	0.12921614516129032
1080	goal + feedback	93	700	0.11494714516129023
1080	goal + feedback	93	750	0.06691531182795692
1080	goal + feedback	93	800	0.04022631182795696
1080	goal + feedback	93	850	0.07312181182795685
1080	goal + feedback	93	900	0.1572748118279569
1080	goal + feedback	93	950	NA
1080	goal + feedback	93	1e3	NA
1080	goal + feedback	93	1050	NA
1080	goal + feedback	93	1100	NA
1080	goal + feedback	93	1150	NA
1080	goal + feedback	94	-200	0.03500855913978492
1080	goal + feedback	94	-150	0.007277392473118353
1080	goal + feedback	94	-100	-0.002746440860215064
1080	goal + feedback	94	-50	-0.014920631336405548
1080	goal + feedback	94	0	-0.022132107526881734
1080	goal + feedback	94	50	-0.014543107526881741
1080	goal + feedback	94	100	-0.02761260752688166
1080	goal + feedback	94	150	-0.03814460752688172
1080	goal + feedback	94	200	-0.022557607526881778
1080	goal + feedback	94	250	-0.02593027419354832
1080	goal + feedback	94	300	-0.011391274193548462
1080	goal + feedback	94	350	-0.008851274193548328
1080	goal + feedback	94	400	0.007288392473118188
1080	goal + feedback	94	450	0.040850392473118204
1080	goal + feedback	94	500	0.08434155913978492
1080	goal + feedback	94	550	0.14856872580645172
1080	goal + feedback	94	600	0.19330705913978496
1080	goal + feedback	94	650	0.2042125591397849
1080	goal + feedback	94	700	0.22626239247311827
1080	goal + feedback	94	750	0.24362039247311817
1080	goal + feedback	94	800	0.2330243924731182
1080	goal + feedback	94	850	0.2044095591397849
1080	goal + feedback	94	900	0.1740845591397849
1080	goal + feedback	94	950	0.18118589247311823
1080	goal + feedback	94	1e3	0.18676902580645152
1080	goal + feedback	94	1050	0.18077365437788018
1080	goal + feedback	94	1100	0.19852255913978487
1080	goal + feedback	94	1150	0.19315955913978491
1080	goal + feedback	95	-200	-0.02282966359447019
1080	goal + feedback	95	-150	-0.023438306451612972
1080	goal + feedback	95	-100	-0.0027866397849462357
1080	goal + feedback	95	-50	0.022864193548387163
1080	goal + feedback	95	0	0.02999536021505378
1080	goal + feedback	95	50	0.009492360215053619
1080	goal + feedback	95	100	7.901935483870896e-4
1080	goal + feedback	95	150	-0.012745473118279671
1080	goal + feedback	95	200	0.011223026881720388
1080	goal + feedback	95	250	-0.0033428064516130007
1080	goal + feedback	95	300	0.03037386021505369
1080	goal + feedback	95	350	0.05057052688172048
1080	goal + feedback	95	400	0.12424969354838707
1080	goal + feedback	95	450	0.15306369354838711
1080	goal + feedback	95	500	0.17923586021505375
1080	goal + feedback	95	550	0.19411102688172033
1080	goal + feedback	95	600	0.2124218602150537
1080	goal + feedback	95	650	0.23961036021505366
1080	goal + feedback	95	700	0.21838202688172034
1080	goal + feedback	95	750	0.17670652688172042
1080	goal + feedback	95	800	0.14502252688172032
1080	goal + feedback	95	850	0.12816019354838706
1080	goal + feedback	95	900	0.15744669354838706
1080	goal + feedback	95	950	0.14452069354838715
1080	goal + feedback	95	1e3	0.13700769354838713
1080	goal + feedback	95	1050	0.126939693548387
1080	goal + feedback	95	1100	0.13026102688172037
1080	goal + feedback	95	1150	0.14524286021505373
1080	goal + feedback	96	-200	-0.0072584423963134425
1080	goal + feedback	96	-150	-0.01690503763440865
1080	goal + feedback	96	-100	-0.0019395376344086095
1080	goal + feedback	96	-50	0.0156249623655913
1080	goal + feedback	96	0	0.011687795698924752
1080	goal + feedback	96	50	-0.012919537634408673
1080	goal + feedback	96	100	-0.018376204301075266
1080	goal + feedback	96	150	-0.04724887096774203
1080	goal + feedback	96	200	-0.04607170430107529
1080	goal + feedback	96	250	-0.04222570430107534
1080	goal + feedback	96	300	-0.042792370967741945
1080	goal + feedback	96	350	-0.038565704301075344
1080	goal + feedback	96	400	-0.021830370967742024
1080	goal + feedback	96	450	0.017263795698924705
1080	goal + feedback	96	500	0.042377462365591256
1080	goal + feedback	96	550	0.08064229569892463
1080	goal + feedback	96	600	0.12337412903225793
1080	goal + feedback	96	650	0.16095112903225806
1080	goal + feedback	96	700	0.18860129569892461
1080	goal + feedback	96	750	0.20810146236559132
1080	goal + feedback	96	800	0.170008629032258
1080	goal + feedback	96	850	0.14575279569892471
1080	goal + feedback	96	900	0.13452746236559135
1080	goal + feedback	96	950	0.10233879569892472
1080	goal + feedback	96	1e3	0.07850746236559132
1080	goal + feedback	96	1050	0.023999129032257982
1080	goal + feedback	96	1100	NA
1080	goal + feedback	96	1150	NA
1080	goal + feedback	97	-200	0.04119220276497699
1080	goal + feedback	97	-150	0.01144160752688165
1080	goal + feedback	97	-100	-0.013510225806451595
1080	goal + feedback	97	-50	-0.014544725806451572
1080	goal + feedback	97	0	-0.03144422580645164
1080	goal + feedback	97	50	-0.039856059139784884
1080	goal + feedback	97	100	-0.05648789247311833
1080	goal + feedback	97	150	-0.0815193924731182
1080	goal + feedback	97	200	-0.09965839247311818
1080	goal + feedback	97	250	-0.10714705913978495
1080	goal + feedback	97	300	-0.11643172580645156
1080	goal + feedback	97	350	-0.13106189247311825
1080	goal + feedback	97	400	-0.14351089247311824
1080	goal + feedback	97	450	-0.1392885591397849
1080	goal + feedback	97	500	-0.10744122580645159
1080	goal + feedback	97	550	-0.07599939247311815
1080	goal + feedback	97	600	-0.028892892473118287
1080	goal + feedback	97	650	0.01974694086021504
1080	goal + feedback	97	700	0.0704987741935484
1080	goal + feedback	97	750	0.06427237419354839
1080	goal + feedback	97	800	0.08597320276497701
1080	goal + feedback	97	850	0.06849977419354847
1080	goal + feedback	97	900	0.04162477419354834
1080	goal + feedback	97	950	0.032075440860215
1080	goal + feedback	97	1e3	0.026167774193548432
1080	goal + feedback	97	1050	0.015515774193548474
1080	goal + feedback	97	1100	0.02465194086021505
1080	goal + feedback	97	1150	0.02821710752688178
1080	goal + feedback	98	-200	0.05376130875576018
1080	goal + feedback	98	-150	0.012448618279569704
1080	goal + feedback	98	-100	-0.012528048387096868
1080	goal + feedback	98	-50	-0.02599821505376358
1080	goal + feedback	98	0	-0.03664388172043035
1080	goal + feedback	98	50	-0.03876521505376355
1080	goal + feedback	98	100	-0.060933048387096976
1080	goal + feedback	98	150	-0.06133138172043018
1080	goal + feedback	98	200	-0.06847904838709695
1080	goal + feedback	98	250	-0.07135621505376351
1080	goal + feedback	98	300	-0.05825071505376367
1080	goal + feedback	98	350	-0.05124621505376359
1080	goal + feedback	98	400	-0.029411048387097
1080	goal + feedback	98	450	-2.3471505376360113e-4
1080	goal + feedback	98	500	0.06800378494623634
1080	goal + feedback	98	550	0.09922728494623641
1080	goal + feedback	98	600	0.15456478494623638
1080	goal + feedback	98	650	0.22334195161290302
1080	goal + feedback	98	700	0.27945961827956983
1080	goal + feedback	98	750	0.2757847849462363
1080	goal + feedback	98	800	0.22049511827956972
1080	goal + feedback	98	850	0.18991695161290312
1080	goal + feedback	98	900	0.16993328494623627
1080	goal + feedback	98	950	0.144627451612903
1080	goal + feedback	98	1e3	0.14820561827956968
1080	goal + feedback	98	1050	0.14236245161290295
1080	goal + feedback	98	1100	0.1467546182795696
1080	goal + feedback	98	1150	0.16510878494623635
1080	goal + feedback	99	-200	0.003992857142857163
1080	goal + feedback	99	-150	-0.016185833333333417
1080	goal + feedback	99	-100	-0.0016120000000000208
1080	goal + feedback	99	-50	-0.0011543333333334054
1080	goal + feedback	99	0	0.014293833333333264
1080	goal + feedback	99	50	-0.00394333333333341
1080	goal + feedback	99	100	-0.006704666666666803
1080	goal + feedback	99	150	-0.025024166666666774
1080	goal + feedback	99	200	-0.03451950000000018
1080	goal + feedback	99	250	-0.04197316666666665
1080	goal + feedback	99	300	-0.06742500000000007
1080	goal + feedback	99	350	-0.06937300000000006
1080	goal + feedback	99	400	-0.07244050000000006
1080	goal + feedback	99	450	-0.03556250000000009
1080	goal + feedback	99	500	-0.014050333333333423
1080	goal + feedback	99	550	0.023598333333333315
1080	goal + feedback	99	600	0.062635
1080	goal + feedback	99	650	0.08124799999999992
1080	goal + feedback	99	700	0.0887571666666666
1080	goal + feedback	99	750	0.06579183333333316
1080	goal + feedback	99	800	0.0779815
1080	goal + feedback	99	850	0.06904883333333323
1080	goal + feedback	99	900	0.04736099999999991
1080	goal + feedback	99	950	0.005921333333333297
1080	goal + feedback	99	1e3	-0.0032031666666666827
1080	goal + feedback	99	1050	-0.026345000000000063
1080	goal + feedback	99	1100	0.0036111666666666467
1080	goal + feedback	99	1150	0.03638999999999992
1080	goal + feedback	100	-200	-0.03453575576036868
1080	goal + feedback	100	-150	-0.024583779569892588
1080	goal + feedback	100	-100	-0.008968779569892504
1080	goal + feedback	100	-50	0.03813288709677417
1080	goal + feedback	100	0	0.03571138709677409
1080	goal + feedback	100	50	0.05593605376344087
1080	goal + feedback	100	100	0.05850972043010749
1080	goal + feedback	100	150	0.05996738709677422
1080	goal + feedback	100	200	0.0646365537634408
1080	goal + feedback	100	250	0.11005238709677423
1080	goal + feedback	100	300	0.11197388709677414
1080	goal + feedback	100	350	0.13402522043010742
1080	goal + feedback	100	400	0.14284605376344084
1080	goal + feedback	100	450	0.20421572043010747
1080	goal + feedback	100	500	0.2161532204301074
1080	goal + feedback	100	550	0.24127122043010737
1080	goal + feedback	100	600	0.28165938709677424
1080	goal + feedback	100	650	0.25971238709677413
1080	goal + feedback	100	700	0.26142272043010745
1080	goal + feedback	100	750	0.22251388709677414
1080	goal + feedback	100	800	0.17523005376344072
1080	goal + feedback	100	850	0.1694902204301075
1080	goal + feedback	100	900	0.1373230537634408
1080	goal + feedback	100	950	0.09155205376344082
1080	goal + feedback	100	1e3	0.06643172043010748
1080	goal + feedback	100	1050	0.04374905376344077
1080	goal + feedback	100	1100	0.039957553763440824
1080	goal + feedback	100	1150	0.0535320537634408
1080	goal + feedback	101	-200	0.005754935483871039
1080	goal + feedback	101	-150	4.1610215053763017e-4
1080	goal + feedback	101	-100	0.01057810215053756
1080	goal + feedback	101	-50	-0.011914231182795776
1080	goal + feedback	101	0	-0.005794064516129109
1080	goal + feedback	101	50	-0.015143397849462318
1080	goal + feedback	101	100	-0.0050103978494622226
1080	goal + feedback	101	150	-0.016804231182795615
1080	goal + feedback	101	200	-0.019261064516129005
1080	goal + feedback	101	250	-0.026165564516129097
1080	goal + feedback	101	300	-0.036195897849462456
1080	goal + feedback	101	350	-0.018084397849462325
1080	goal + feedback	101	400	-0.020326064516129023
1080	goal + feedback	101	450	0.030391435483870948
1080	goal + feedback	101	500	0.04832476881720423
1080	goal + feedback	101	550	0.04490143548387097
1080	goal + feedback	101	600	0.080005435483871
1080	goal + feedback	101	650	0.1466421021505376
1080	goal + feedback	101	700	0.1616747688172043
1080	goal + feedback	101	750	0.10888176881720428
1080	goal + feedback	101	800	0.07308973548387092
1080	goal + feedback	101	850	0.040008935483871015
1080	goal + feedback	101	900	0.035860435483871043
1080	goal + feedback	101	950	-0.0046722311827957315
1080	goal + feedback	101	1e3	NA
1080	goal + feedback	101	1050	NA
1080	goal + feedback	101	1100	NA
1080	goal + feedback	101	1150	NA
1080	goal + feedback	102	-200	0.02063403225806442
1080	goal + feedback	102	-150	0.009805198924731048
1080	goal + feedback	102	-100	-0.011494801075269049
1080	goal + feedback	102	-50	-0.009948967741935691
1080	goal + feedback	102	0	-0.012434467741935537
1080	goal + feedback	102	50	-0.010452634408602224
1080	goal + feedback	102	100	0.005401032258064505
1080	goal + feedback	102	150	-0.003430801075268978
1080	goal + feedback	102	200	-0.01028313440860229
1080	goal + feedback	102	250	-0.00301630107526892
1080	goal + feedback	102	300	0.018051198924731098
1080	goal + feedback	102	350	0.023620365591397796
1080	goal + feedback	102	400	0.014665032258064445
1080	goal + feedback	102	450	0.044620865591397774
1080	goal + feedback	102	500	0.09785586559139776
1080	goal + feedback	102	550	0.15636636559139774
1080	goal + feedback	102	600	0.1797735322580644
1080	goal + feedback	102	650	0.1838808655913978
1080	goal + feedback	102	700	0.18375019892473107
1080	goal + feedback	102	750	0.13294903225806443
1080	goal + feedback	102	800	0.09417919892473114
1080	goal + feedback	102	850	0.07733286559139778
1080	goal + feedback	102	900	0.054466865591397795
1080	goal + feedback	102	950	0.04650903225806435
1080	goal + feedback	102	1e3	0.02872203225806443
1080	goal + feedback	102	1050	0.029245532258064404
1080	goal + feedback	102	1100	0.013878032258064351
1080	goal + feedback	102	1150	0.018073198924731065
1080	goal + feedback	103	-200	0.02073046082949321
1080	goal + feedback	103	-150	0.004924865591398116
1080	goal + feedback	103	-100	-0.0048031344086019905
1080	goal + feedback	103	-50	-0.002922967741935271
1080	goal + feedback	103	0	-0.021384301075268636
1080	goal + feedback	103	50	-0.02091630107526865
1080	goal + feedback	103	100	-0.006205134408601968
1080	goal + feedback	103	150	0.018103198924731407
1080	goal + feedback	103	200	0.010226032258064658
1080	goal + feedback	103	250	0.01592153225806466
1080	goal + feedback	103	300	0.027433198924731395
1080	goal + feedback	103	350	0.052922198924731344
1080	goal + feedback	103	400	0.08059686559139816
1080	goal + feedback	103	450	0.08489986559139802
1080	goal + feedback	103	500	0.08454086559139802
1080	goal + feedback	103	550	0.12799236559139807
1080	goal + feedback	103	600	0.18468219892473128
1080	goal + feedback	103	650	0.16838136559139794
1080	goal + feedback	103	700	0.1709215322580647
1080	goal + feedback	103	750	0.10863536559139801
1080	goal + feedback	103	800	0.11301736559139804
1080	goal + feedback	103	850	0.04719919892473142
1080	goal + feedback	103	900	0.018539365591398127
1080	goal + feedback	103	950	0.01366936559139805
1080	goal + feedback	103	1e3	0.03422336559139808
1080	goal + feedback	103	1050	0.04438003225806475
1080	goal + feedback	103	1100	0.021104532258064673
1080	goal + feedback	103	1150	0.012460198924731344
1080	goal + feedback	104	-200	-0.050748633333333126
1080	goal + feedback	104	-150	-0.025643466666666503
1080	goal + feedback	104	-100	0.009682533333333465
1080	goal + feedback	104	-50	0.052382366666666735
1080	goal + feedback	104	0	0.014327200000000243
1080	goal + feedback	104	50	0.02609803333333353
1080	goal + feedback	104	100	0.03548236666666682
1080	goal + feedback	104	150	0.031151747619047803
1080	goal + feedback	104	200	0.019107533333333555
1080	goal + feedback	104	250	0.005682866666666915
1080	goal + feedback	104	300	-0.010917133333333181
1080	goal + feedback	104	350	0.03389253333333353
1080	goal + feedback	104	400	0.05865436666666687
1080	goal + feedback	104	450	0.023478533333333534
1080	goal + feedback	104	500	0.022180033333333442
1080	goal + feedback	104	550	0.0846010333333335
1080	goal + feedback	104	600	0.09563903333333353
1080	goal + feedback	104	650	0.1347482000000002
1080	goal + feedback	104	700	0.15136886666666682
1080	goal + feedback	104	750	0.1548053666666668
1080	goal + feedback	104	800	0.08910653333333356
1080	goal + feedback	104	850	0.06625036666666695
1080	goal + feedback	104	900	0.031892033333333535
1080	goal + feedback	104	950	-0.0034596333333331377
1080	goal + feedback	104	1e3	-0.01845463333333308
1080	goal + feedback	104	1050	-0.04793313333333319
1080	goal + feedback	104	1100	-0.06492763333333314
1080	goal + feedback	104	1150	-0.06945163333333311
1080	goal + feedback	105	-200	0.08225826666666647
1080	goal + feedback	105	-150	0.02297726666666648
1080	goal + feedback	105	-100	-0.00521273333333346
1080	goal + feedback	105	-50	-0.042833566666666746
1080	goal + feedback	105	0	-0.05718923333333348
1080	goal + feedback	105	50	-0.09640406666666679
1080	goal + feedback	105	100	-0.12145273333333344
1080	goal + feedback	105	150	-0.1251077333333334
1080	goal + feedback	105	200	-0.13233606666666678
1080	goal + feedback	105	250	-0.14792756666666682
1080	goal + feedback	105	300	-0.17496696666666675
1080	goal + feedback	105	350	-0.17992673333333356
1080	goal + feedback	105	400	-0.1855327333333335
1080	goal + feedback	105	450	-0.16205799523809525
1080	goal + feedback	105	500	-0.13896823333333344
1080	goal + feedback	105	550	-0.08359540000000017
1080	goal + feedback	105	600	-0.03380073333333352
1080	goal + feedback	105	650	-0.012504233333333467
1080	goal + feedback	105	700	0.04958759999999981
1080	goal + feedback	105	750	0.05225159999999988
1080	goal + feedback	105	800	0.03555693333333321
1080	goal + feedback	105	850	0.021442766666666557
1080	goal + feedback	105	900	-0.0020200666666667644
1080	goal + feedback	105	950	0.0032462666666665343
1080	goal + feedback	105	1e3	0.013934233333333258
1080	goal + feedback	105	1050	0.004716861904761822
1080	goal + feedback	105	1100	0.029033099999999923
1080	goal + feedback	105	1150	0.06316076666666648
1080	goal + feedback	106	-200	0.07022933333333341
1080	goal + feedback	106	-150	0.03054516666666666
1080	goal + feedback	106	-100	-0.008945833333333356
1080	goal + feedback	106	-50	-0.03901716666666669
1080	goal + feedback	106	0	-0.052811499999999935
1080	goal + feedback	106	50	-0.0660271666666666
1080	goal + feedback	106	100	-0.07832216666666669
1080	goal + feedback	106	150	-0.09822266666666664
1080	goal + feedback	106	200	-0.1098331666666666
1080	goal + feedback	106	250	-0.12185350000000006
1080	goal + feedback	106	300	-0.1412396666666668
1080	goal + feedback	106	350	-0.15020083333333334
1080	goal + feedback	106	400	-0.14044449999999994
1080	goal + feedback	106	450	-0.11784950000000016
1080	goal + feedback	106	500	-0.08647450000000001
1080	goal + feedback	106	550	-0.05182666666666669
1080	goal + feedback	106	600	-0.0038079999999999594
1080	goal + feedback	106	650	0.046449499999999956
1080	goal + feedback	106	700	0.06973250000000004
1080	goal + feedback	106	750	0.06700283333333339
1080	goal + feedback	106	800	0.06894166666666661
1080	goal + feedback	106	850	0.07823583333333328
1080	goal + feedback	106	900	0.0718314999999999
1080	goal + feedback	106	950	0.0563893333333334
1080	goal + feedback	106	1e3	0.06865416666666668
1080	goal + feedback	106	1050	0.06720149999999998
1080	goal + feedback	106	1100	0.0812898333333334
1080	goal + feedback	106	1150	0.09671666666666663
1080	goal + feedback	107	-200	-0.04150999462365582
1080	goal + feedback	107	-150	-0.01150699462365575
1080	goal + feedback	107	-100	0.0032386958525346516
1080	goal + feedback	107	-50	0.008018238709677572
1080	goal + feedback	107	0	0.036477124423963225
1080	goal + feedback	107	50	0.06750617204301086
1080	goal + feedback	107	100	0.0702303387096775
1080	goal + feedback	107	150	0.07353167204301081
1080	goal + feedback	107	200	0.0657633387096775
1080	goal + feedback	107	250	0.02552867204301079
1080	goal + feedback	107	300	0.015019172043010917
1080	goal + feedback	107	350	-0.014261994623655813
1080	goal + feedback	107	400	-0.04613349462365587
1080	goal + feedback	107	450	-0.03271749462365577
1080	goal + feedback	107	500	-0.057627161290322526
1080	goal + feedback	107	550	-0.04273049462365582
1080	goal + feedback	107	600	-0.00588099462365584
1080	goal + feedback	107	650	0.004583672043010874
1080	goal + feedback	107	700	0.04216633870967749
1080	goal + feedback	107	750	0.0847790053763442
1080	goal + feedback	107	800	0.06296950537634416
1080	goal + feedback	107	850	0.06233200537634417
1080	goal + feedback	107	900	0.08080833870967748
1080	goal + feedback	107	950	0.06259933870967756
1080	goal + feedback	107	1e3	0.036343005376344197
1080	goal + feedback	107	1050	0.0321646720430108
1080	goal + feedback	107	1100	0.005121505376344111
1080	goal + feedback	107	1150	0.002313005376344194
1080	goal + feedback	108	-200	-0.010965299539170343
1080	goal + feedback	108	-150	0.013302462365591664
1080	goal + feedback	108	-100	0.009827295698925006
1080	goal + feedback	108	-50	-3.2353763440847355e-4
1080	goal + feedback	108	0	-0.01001337096774176
1080	goal + feedback	108	50	-0.023147037634408434
1080	goal + feedback	108	100	-0.05661207096774188
1080	goal + feedback	108	150	-0.10041329953917032
1080	goal + feedback	108	200	-0.11525087096774174
1080	goal + feedback	108	250	-0.12978172811059885
1080	goal + feedback	108	300	-0.11668087096774167
1080	goal + feedback	108	350	-0.10382287096774172
1080	goal + feedback	108	400	-0.07249870430107504
1080	goal + feedback	108	450	-0.028641037634408395
1080	goal + feedback	108	500	-0.0033138709677417535
1080	goal + feedback	108	550	0.03226329569892498
1080	goal + feedback	108	600	0.07246029569892494
1080	goal + feedback	108	650	0.09005679569892489
1080	goal + feedback	108	700	0.12340762903225817
1080	goal + feedback	108	750	0.09080096236559158
1080	goal + feedback	108	800	0.029521129032258193
1080	goal + feedback	108	850	0.01644546236559156
1080	goal + feedback	108	900	-0.030355370967741768
1080	goal + feedback	108	950	-0.04877437096774173
1080	goal + feedback	108	1e3	-0.04035553763440839
1080	goal + feedback	108	1050	-0.045037704301075156
1080	goal + feedback	108	1100	-0.054564037634408535
1080	goal + feedback	108	1150	-0.0621592043010751
1080	goal + feedback	109	-200	-0.0419568341013827
1080	goal + feedback	109	-150	-0.0166367150537637
1080	goal + feedback	109	-100	0.017766618279569785
1080	goal + feedback	109	-50	0.001947451612902995
1080	goal + feedback	109	0	0.04587228494623637
1080	goal + feedback	109	50	0.03911061827956974
1080	goal + feedback	109	100	0.042742951612903056
1080	goal + feedback	109	150	0.023913784946236454
1080	goal + feedback	109	200	0.05385728494623628
1080	goal + feedback	109	250	0.04316245161290307
1080	goal + feedback	109	300	0.05871378494623632
1080	goal + feedback	109	350	0.031617618279569694
1080	goal + feedback	109	400	0.0824307849462363
1080	goal + feedback	109	450	0.0658096182795697
1080	goal + feedback	109	500	0.09768661827956963
1080	goal + feedback	109	550	0.14012878494623635
1080	goal + feedback	109	600	0.14369795161290302
1080	goal + feedback	109	650	0.1427947849462364
1080	goal + feedback	109	700	0.11280711827956964
1080	goal + feedback	109	750	0.1336171182795697
1080	goal + feedback	109	800	0.12521995161290303
1080	goal + feedback	109	850	0.06008895161290299
1080	goal + feedback	109	900	-0.0054618817204302355
1080	goal + feedback	109	950	-0.03524538172043027
1080	goal + feedback	109	1e3	-0.07253288172043042
1080	goal + feedback	109	1050	-0.07144604838709696
1080	goal + feedback	109	1100	-0.0672318817204302
1080	goal + feedback	109	1150	-0.076774798387097
1080	goal + feedback	110	-200	-0.009066004608294684
1080	goal + feedback	110	-150	-0.010363790322580538
1080	goal + feedback	110	-100	0.002774876344086167
1080	goal + feedback	110	-50	0.006880376344086188
1080	goal + feedback	110	0	0.011285543010752871
1080	goal + feedback	110	50	0.03656937634408619
1080	goal + feedback	110	100	0.04235187634408614
1080	goal + feedback	110	150	0.05991887634408625
1080	goal + feedback	110	200	0.07050887634408613
1080	goal + feedback	110	250	0.08936987634408622
1080	goal + feedback	110	300	0.08839087634408622
1080	goal + feedback	110	350	0.12035320967741951
1080	goal + feedback	110	400	0.1274433096774196
1080	goal + feedback	110	450	0.14976585253456248
1080	goal + feedback	110	500	0.1838298763440862
1080	goal + feedback	110	550	0.24584704301075289
1080	goal + feedback	110	600	0.26222837634408624
1080	goal + feedback	110	650	0.27908454301075275
1080	goal + feedback	110	700	0.27607687634408623
1080	goal + feedback	110	750	0.2847400430107529
1080	goal + feedback	110	800	0.25547037634408615
1080	goal + feedback	110	850	0.2450380430107529
1080	goal + feedback	110	900	0.24546470967741948
1080	goal + feedback	110	950	0.25803937634408625
1080	goal + feedback	110	1e3	0.27979154301075276
1080	goal + feedback	110	1050	0.2761097096774195
1080	goal + feedback	110	1100	0.26414120967741955
1080	goal + feedback	110	1150	0.29193704301075285
1080	goal + feedback	111	-200	-0.01777975576036837
1080	goal + feedback	111	-150	-0.014661446236558998
1080	goal + feedback	111	-100	0.002424387096774394
1080	goal + feedback	111	-50	0.017907220430107767
1080	goal + feedback	111	0	0.015072887096774382
1080	goal + feedback	111	50	0.011999220430107668
1080	goal + feedback	111	100	-0.004169612903225743
1080	goal + feedback	111	150	0.004062553763440964
1080	goal + feedback	111	200	-0.01290894623655888
1080	goal + feedback	111	250	-0.009712612903225596
1080	goal + feedback	111	300	-0.01554111290322561
1080	goal + feedback	111	350	-0.02851161290322568
1080	goal + feedback	111	400	0.0056148870967744164
1080	goal + feedback	111	450	0.024338053763441003
1080	goal + feedback	111	500	0.05633438709677444
1080	goal + feedback	111	550	0.12349938709677437
1080	goal + feedback	111	600	0.19967272043010778
1080	goal + feedback	111	650	0.2423267204301076
1080	goal + feedback	111	700	0.2086168870967744
1080	goal + feedback	111	750	0.20767888709677437
1080	goal + feedback	111	800	0.17645105376344103
1080	goal + feedback	111	850	0.17028688709677428
1080	goal + feedback	111	900	0.12473738709677429
1080	goal + feedback	111	950	0.09242138709677428
1080	goal + feedback	111	1e3	0.08774438709677446
1080	goal + feedback	111	1050	0.086525553763441
1080	goal + feedback	111	1100	0.056873220430107674
1080	goal + feedback	111	1150	0.08432238709677435
1080	goal + feedback	112	-200	-0.01165322119815672
1080	goal + feedback	112	-150	0.0071345645161288536
1080	goal + feedback	112	-100	0.007859564516128792
1080	goal + feedback	112	-50	-0.0017234354838711792
1080	goal + feedback	112	0	3.247311827956345e-4
1080	goal + feedback	112	50	0.007145064516128989
1080	goal + feedback	112	100	0.009797731182795552
1080	goal + feedback	112	150	0.0083678978494622
1080	goal + feedback	112	200	0.0031838978494623436
1080	goal + feedback	112	250	0.012994397849462139
1080	goal + feedback	112	300	0.015214731182795482
1080	goal + feedback	112	350	0.02338873118279568
1080	goal + feedback	112	400	0.031982564516128985
1080	goal + feedback	112	450	0.04150789784946222
1080	goal + feedback	112	500	0.07518856451612892
1080	goal + feedback	112	550	0.13606439784946223
1080	goal + feedback	112	600	0.1917358645161289
1080	goal + feedback	112	650	0.21511789784946211
1080	goal + feedback	112	700	0.25800673118279543
1080	goal + feedback	112	750	0.2654327788018432
1080	goal + feedback	112	800	0.2478002311827956
1080	goal + feedback	112	850	0.24509723118279556
1080	goal + feedback	112	900	0.2237070645161289
1080	goal + feedback	112	950	0.2262077311827957
1080	goal + feedback	112	1e3	0.24198256451612896
1080	goal + feedback	112	1050	0.25899573118279556
1080	goal + feedback	112	1100	0.2747400645161289
1080	goal + feedback	112	1150	0.2992158978494622
1080	goal + feedback	113	-200	0.061279466666666685
1080	goal + feedback	113	-150	NA
1080	goal + feedback	113	-100	NA
1080	goal + feedback	113	-50	-0.13899138333333338
1080	goal + feedback	113	0	0.04159469999999995
1080	goal + feedback	113	50	0.014736366666666592
1080	goal + feedback	113	100	-3.1730000000014985e-4
1080	goal + feedback	113	150	0.004259533333333214
1080	goal + feedback	113	200	0.004573366666666671
1080	goal + feedback	113	250	-0.008775133333333388
1080	goal + feedback	113	300	-0.04067063333333332
1080	goal + feedback	113	350	-0.052175300000000036
1080	goal + feedback	113	400	-0.03783046666666667
1080	goal + feedback	113	450	-0.03299430000000007
1080	goal + feedback	113	500	-0.04600713333333347
1080	goal + feedback	113	550	-0.02397830000000008
1080	goal + feedback	113	600	-0.0012824666666667224
1080	goal + feedback	113	650	0.06090486666666665
1080	goal + feedback	113	700	0.06200153333333325
1080	goal + feedback	113	750	0.08206219999999997
1080	goal + feedback	113	800	0.054042366666666654
1080	goal + feedback	113	850	0.07046736666666657
1080	goal + feedback	113	900	0.05691903333333337
1080	goal + feedback	113	950	0.07501353333333334
1080	goal + feedback	113	1e3	0.05427519999999997
1080	goal + feedback	113	1050	0.03870986666666654
1080	goal + feedback	113	1100	0.05417103333333325
1080	goal + feedback	113	1150	0.1074528666666666
1080	goal + feedback	114	-200	0.0569366820276496
1080	goal + feedback	114	-150	0.02174096774193542
1080	goal + feedback	114	-100	0.011730134408602119
1080	goal + feedback	114	-50	-0.04758969892473123
1080	goal + feedback	114	0	-0.052307532258064615
1080	goal + feedback	114	50	-0.06358583225806455
1080	goal + feedback	114	100	NA
1080	goal + feedback	114	150	NA
1080	goal + feedback	114	200	-0.0966382822580647
1080	goal + feedback	114	250	-0.029346198924731226
1080	goal + feedback	114	300	-0.05751919892473123
1080	goal + feedback	114	350	-0.08233403225806464
1080	goal + feedback	114	400	-0.07588753225806462
1080	goal + feedback	114	450	-0.03858869892473127
1080	goal + feedback	114	500	-0.049240198924731304
1080	goal + feedback	114	550	-0.047781698924731275
1080	goal + feedback	114	600	-0.022919365591397955
1080	goal + feedback	114	650	0.03888080107526881
1080	goal + feedback	114	700	0.08203463440860204
1080	goal + feedback	114	750	0.08134396774193542
1080	goal + feedback	114	800	0.13638880107526874
1080	goal + feedback	114	850	0.15634696774193535
1080	goal + feedback	114	900	0.13645946774193543
1080	goal + feedback	114	950	0.12454080107526881
1080	goal + feedback	114	1e3	0.10568880107526879
1080	goal + feedback	114	1050	0.07941480107526866
1080	goal + feedback	114	1100	0.12355763440860217
1080	goal + feedback	114	1150	0.09100146774193545
1080	goal + feedback	115	-200	0.024293266666666796
1080	goal + feedback	115	-150	0.010634266666666928
1080	goal + feedback	115	-100	-0.007704399999999871
1080	goal + feedback	115	-50	-0.009697733333333236
1080	goal + feedback	115	0	-0.017525399999999875
1080	goal + feedback	115	50	-0.015155899999999889
1080	goal + feedback	115	100	0.0033624333333334513
1080	goal + feedback	115	150	-1.682333333332675e-4
1080	goal + feedback	115	200	0.01546093333333339
1080	goal + feedback	115	250	0.010930266666666707
1080	goal + feedback	115	300	-0.006256233333333139
1080	goal + feedback	115	350	0.0013507666666667806
1080	goal + feedback	115	400	0.012109600000000201
1080	goal + feedback	115	450	0.022498433333333494
1080	goal + feedback	115	500	0.03852676666666688
1080	goal + feedback	115	550	0.08683376666666683
1080	goal + feedback	115	600	0.11724160000000013
1080	goal + feedback	115	650	0.18434193333333337
1080	goal + feedback	115	700	0.17824060000000017
1080	goal + feedback	115	750	0.18466493333333353
1080	goal + feedback	115	800	0.1624072666666668
1080	goal + feedback	115	850	0.1178714333333335
1080	goal + feedback	115	900	0.07539524285714297
1080	goal + feedback	115	950	0.04954793333333344
1080	goal + feedback	115	1e3	0.027611433333333418
1080	goal + feedback	115	1050	0.03446493333333356
1080	goal + feedback	115	1100	0.05412010000000015
1080	goal + feedback	115	1150	0.07342710000000012
1080	goal + feedback	116	-200	-0.008596975155279653
1080	goal + feedback	116	-150	0.003908739130434584
1080	goal + feedback	116	-100	0.02085673913043462
1080	goal + feedback	116	-50	-0.0221035108695653
1080	goal + feedback	116	0	NA
1080	goal + feedback	116	50	NA
1080	goal + feedback	116	100	0.027436989130434686
1080	goal + feedback	116	150	0.01631907246376792
1080	goal + feedback	116	200	0.024180072463768038
1080	goal + feedback	116	250	0.06834723913043465
1080	goal + feedback	116	300	0.08328390579710125
1080	goal + feedback	116	350	0.10135590579710126
1080	goal + feedback	116	400	0.08548223913043462
1080	goal + feedback	116	450	0.089496239130434585
1080	goal + feedback	116	500	0.08171707246376785
1080	goal + feedback	116	550	0.0885089057971012
1080	goal + feedback	116	600	0.1039084057971013
1080	goal + feedback	116	650	0.12197473913043466
1080	goal + feedback	116	700	0.16646107246376798
1080	goal + feedback	116	750	0.19914307246376803
1080	goal + feedback	116	800	0.2146462391304346
1080	goal + feedback	116	850	0.25912140579710125
1080	goal + feedback	116	900	0.2944769057971011
1080	goal + feedback	116	950	0.31262490579710134
1080	goal + feedback	116	1e3	0.3262425724637679
1080	goal + feedback	116	1050	0.35916573913043465
1080	goal + feedback	116	1100	0.40710990579710127
1080	goal + feedback	116	1150	0.45342957246376786
1080	goal + feedback	117	-200	-0.03181486175115226
1080	goal + feedback	117	-150	-0.009986623655914073
1080	goal + feedback	117	-100	0.006609876344085904
1080	goal + feedback	117	-50	0.01895820967741931
1080	goal + feedback	117	0	0.021535876344085825
1080	goal + feedback	117	50	0.03450187634408578
1080	goal + feedback	117	100	0.02787337634408586
1080	goal + feedback	117	150	0.013278543010752486
1080	goal + feedback	117	200	-0.009016123655914162
1080	goal + feedback	117	250	-0.022899456989247485
1080	goal + feedback	117	300	-0.028739456989247403
1080	goal + feedback	117	350	-0.051494623655914173
1080	goal + feedback	117	400	-0.05804245698924748
1080	goal + feedback	117	450	-0.061097956989247505
1080	goal + feedback	117	500	-0.02657745698924748
1080	goal + feedback	117	550	0.002066909677419204
1080	goal + feedback	117	600	0.04634099539170495
1080	goal + feedback	117	650	0.1162268763440859
1080	goal + feedback	117	700	0.15712137634408596
1080	goal + feedback	117	750	0.16131887634408573
1080	goal + feedback	117	800	0.14282687634408595
1080	goal + feedback	117	850	0.12131520967741927
1080	goal + feedback	117	900	0.07982820967741915
1080	goal + feedback	117	950	0.06163737634408591
1080	goal + feedback	117	1e3	0.07836170967741918
1080	goal + feedback	117	1050	0.0842823763440858
1080	goal + feedback	117	1100	0.09240370967741922
1080	goal + feedback	117	1150	0.09109470967741928
1080	goal + feedback	118	-200	-0.021730732718894
1080	goal + feedback	118	-150	-0.016742661290322463
1080	goal + feedback	118	-100	-0.011482161290322498
1080	goal + feedback	118	-50	0.022670005376344077
1080	goal + feedback	118	0	0.030907338709677507
1080	goal + feedback	118	50	0.04877350537634406
1080	goal + feedback	118	100	0.0705530053763442
1080	goal + feedback	118	150	0.06753717204301084
1080	goal + feedback	118	200	0.06327817204301082
1080	goal + feedback	118	250	0.0790306720430108
1080	goal + feedback	118	300	0.06937683870967744
1080	goal + feedback	118	350	0.06569700537634422
1080	goal + feedback	118	400	0.08323783870967749
1080	goal + feedback	118	450	0.07707617204301072
1080	goal + feedback	118	500	0.11258400537634412
1080	goal + feedback	118	550	0.1744670053763442
1080	goal + feedback	118	600	0.19738317204301073
1080	goal + feedback	118	650	0.22353433870967745
1080	goal + feedback	118	700	0.22352833870967745
1080	goal + feedback	118	750	0.18072467204301076
1080	goal + feedback	118	800	0.14893467204301078
1080	goal + feedback	118	850	0.13544383870967747
1080	goal + feedback	118	900	0.10799217204301081
1080	goal + feedback	118	950	0.11923983870967751
1080	goal + feedback	118	1e3	0.12751150537634418
1080	goal + feedback	118	1050	0.1308373387096775
1080	goal + feedback	118	1100	0.11949083870967751
1080	goal + feedback	118	1150	0.1359950053763442
1080	goal + feedback	119	-200	-0.0031099170506910007
1080	goal + feedback	119	-150	-0.006345274193548134
1080	goal + feedback	119	-100	0.004371392473118352
1080	goal + feedback	119	-50	0.0017727258064517137
1080	goal + feedback	119	0	0.003829392473118457
1080	goal + feedback	119	50	-0.02284010752688152
1080	goal + feedback	119	100	-0.03298810752688149
1080	goal + feedback	119	150	-0.04003494086021483
1080	goal + feedback	119	200	-0.033622940860214966
1080	goal + feedback	119	250	-0.03770644086021494
1080	goal + feedback	119	300	-0.02260344086021478
1080	goal + feedback	119	350	-0.05396560752688151
1080	goal + feedback	119	400	-0.05969627419354828
1080	goal + feedback	119	450	-0.019781607526881517
1080	goal + feedback	119	500	-0.034530940860214944
1080	goal + feedback	119	550	-0.019875940860214863
1080	goal + feedback	119	600	0.009787725806451745
1080	goal + feedback	119	650	0.07619255913978518
1080	goal + feedback	119	700	0.05894322580645187
1080	goal + feedback	119	750	0.04167139247311846
1080	goal + feedback	119	800	-0.0012861075268815931
1080	goal + feedback	119	850	0.005318225806451767
1080	goal + feedback	119	900	-0.036020607526881555
1080	goal + feedback	119	950	-0.07928577419354821
1080	goal + feedback	119	1e3	-0.07049427419354821
1080	goal + feedback	119	1050	-0.07340060752688153
1080	goal + feedback	119	1100	-0.06423844086021487
1080	goal + feedback	119	1150	-0.08228627419354817
1080	goal + feedback	120	-200	-0.021975926267281145
1080	goal + feedback	120	-150	-0.011231188172042902
1080	goal + feedback	120	-100	0.00971831182795698
1080	goal + feedback	120	-50	0.015035645161290375
1080	goal + feedback	120	0	0.012115811827956957
1080	goal + feedback	120	50	0.017681478494623686
1080	goal + feedback	120	100	0.013294145161290238
1080	goal + feedback	120	150	0.02732897849462364
1080	goal + feedback	120	200	0.05264447849462369
1080	goal + feedback	120	250	0.05459514516129035
1080	goal + feedback	120	300	0.04889747849462367
1080	goal + feedback	120	350	0.10694181182795696
1080	goal + feedback	120	400	0.07436347849462366
1080	goal + feedback	120	450	0.0460041451612904
1080	goal + feedback	120	500	0.13665197849462363
1080	goal + feedback	120	550	0.13205631182795705
1080	goal + feedback	120	600	0.21307831182795703
1080	goal + feedback	120	650	0.23265281182795702
1080	goal + feedback	120	700	0.21968431182795692
1080	goal + feedback	120	750	0.18944397849462366
1080	goal + feedback	120	800	0.16714647849462363
1080	goal + feedback	120	850	0.10190831182795697
1080	goal + feedback	120	900	0.10946314516129034
1080	goal + feedback	120	950	0.07146547849462374
1080	goal + feedback	120	1e3	0.09130597849462374
1080	goal + feedback	120	1050	0.0948021451612903
1080	goal + feedback	120	1100	0.057996311827957024
1080	goal + feedback	120	1150	0.11029197849462369
1080	goal + feedback	121	-200	-0.015009714285714562
1080	goal + feedback	121	-150	-0.011936333333333549
1080	goal + feedback	121	-100	-0.002315666666666827
1080	goal + feedback	121	-50	0.01820216666666652
1080	goal + feedback	121	0	0.01356116666666655
1080	goal + feedback	121	50	0.024903333333333277
1080	goal + feedback	121	100	0.015344999999999867
1080	goal + feedback	121	150	0.01676249999999979
1080	goal + feedback	121	200	-0.0012408333333335797
1080	goal + feedback	121	250	-0.010198500000000074
1080	goal + feedback	121	300	-0.019374833333333525
1080	goal + feedback	121	350	-0.03198133333333349
1080	goal + feedback	121	400	-0.04460816666666689
1080	goal + feedback	121	450	-0.013474666666666893
1080	goal + feedback	121	500	-0.0032151666666668057
1080	goal + feedback	121	550	0.057157833333333206
1080	goal + feedback	121	600	0.09552466666666648
1080	goal + feedback	121	650	0.11636949999999986
1080	goal + feedback	121	700	0.14599166666666638
1080	goal + feedback	121	750	0.1322453333333332
1080	goal + feedback	121	800	0.1571199999999998
1080	goal + feedback	121	850	0.13811483333333321
1080	goal + feedback	121	900	0.13649333333333322
1080	goal + feedback	121	950	0.14497366666666647
1080	goal + feedback	121	1e3	0.13949599999999984
1080	goal + feedback	121	1050	0.18707399999999988
1080	goal + feedback	121	1100	0.19308866666666646
1080	goal + feedback	121	1150	0.21870416666666648
1080	goal + feedback	122	-200	0.0242248333333334
1080	goal + feedback	122	-150	-0.0042626666666665996
1080	goal + feedback	122	-100	-0.01476999999999995
1080	goal + feedback	122	-50	-0.005192166666666553
1080	goal + feedback	122	0	NA
1080	goal + feedback	122	50	NA
1080	goal + feedback	122	100	-0.19615149999999992
1080	goal + feedback	122	150	-0.08134233333333334
1080	goal + feedback	122	200	-0.09323633333333319
1080	goal + feedback	122	250	-0.09259733333333327
1080	goal + feedback	122	300	-0.09894366666666654
1080	goal + feedback	122	350	-0.08965383333333328
1080	goal + feedback	122	400	-0.05948283333333326
1080	goal + feedback	122	450	-0.059596499999999976
1080	goal + feedback	122	500	-0.07683283333333324
1080	goal + feedback	122	550	-0.04566749999999997
1080	goal + feedback	122	600	-0.03326616666666656
1080	goal + feedback	122	650	-0.010126999999999923
1080	goal + feedback	122	700	0.002799166666666686
1080	goal + feedback	122	750	0.04367400000000007
1080	goal + feedback	122	800	0.06756000000000006
1080	goal + feedback	122	850	0.07743699999999998
1080	goal + feedback	122	900	0.07202150000000003
1080	goal + feedback	122	950	0.05353016666666669
1080	goal + feedback	122	1e3	0.009690500000000046
1080	goal + feedback	122	1050	-0.01315449999999981
1080	goal + feedback	122	1100	-0.001307833333333323
1080	goal + feedback	122	1150	0.011038333333333409
1080	goal + feedback	123	-200	0.027885124423963133
1080	goal + feedback	123	-150	0.008327005376344085
1080	goal + feedback	123	-100	-0.003935161290322601
1080	goal + feedback	123	-50	-0.013551494623655902
1080	goal + feedback	123	0	-0.02337299462365583
1080	goal + feedback	123	50	-0.03814549462365591
1080	goal + feedback	123	100	-0.0426486612903226
1080	goal + feedback	123	150	-0.04868232795698931
1080	goal + feedback	123	200	-0.04836399462365589
1080	goal + feedback	123	250	-0.054792161290322605
1080	goal + feedback	123	300	-0.039333661290322564
1080	goal + feedback	123	350	-0.05407199462365594
1080	goal + feedback	123	400	-0.028523327956989347
1080	goal + feedback	123	450	-0.011460161290322679
1080	goal + feedback	123	500	0.02456583870967736
1080	goal + feedback	123	550	0.07070883870967741
1080	goal + feedback	123	600	0.11426467204301065
1080	goal + feedback	123	650	0.17134550537634397
1080	goal + feedback	123	700	0.20801233870967742
1080	goal + feedback	123	750	0.18041250537634412
1080	goal + feedback	123	800	0.1713466720430107
1080	goal + feedback	123	850	0.1785340053763441
1080	goal + feedback	123	900	0.15989017204301073
1080	goal + feedback	123	950	0.14822183870967742
1080	goal + feedback	123	1e3	0.14164717204301067
1080	goal + feedback	123	1050	0.1436146720430108
1080	goal + feedback	123	1100	0.15009850537634403
1080	goal + feedback	123	1150	0.18135217204301077
1080	goal + feedback	124	-200	-0.010326266666666731
1080	goal + feedback	124	-150	-0.008267766666666695
1080	goal + feedback	124	-100	0.003276399999999994
1080	goal + feedback	124	-50	0.004001900000000003
1080	goal + feedback	124	0	0.01131573333333328
1080	goal + feedback	124	50	0.013188233333333299
1080	goal + feedback	124	100	0.01896111428571423
1080	goal + feedback	124	150	0.013680399999999851
1080	goal + feedback	124	200	-0.0032022666666666013
1080	goal + feedback	124	250	-0.0023769333333333678
1080	goal + feedback	124	300	0.009682733333333285
1080	goal + feedback	124	350	0.021437233333333323
1080	goal + feedback	124	400	-0.02943776666666668
1080	goal + feedback	124	450	-0.015846100000000012
1080	goal + feedback	124	500	0.0112755666666667
1080	goal + feedback	124	550	0.0021472333333332947
1080	goal + feedback	124	600	0.05442106666666661
1080	goal + feedback	124	650	0.10527473333333326
1080	goal + feedback	124	700	0.15610273333333335
1080	goal + feedback	124	750	0.14397106666666656
1080	goal + feedback	124	800	0.10694223333333326
1080	goal + feedback	124	850	0.04854939999999989
1080	goal + feedback	124	900	0.04338489999999995
1080	goal + feedback	124	950	0.03863656666666667
1080	goal + feedback	124	1e3	0.023003233333333206
1080	goal + feedback	124	1050	0.02379056666666668
1080	goal + feedback	124	1100	0.01731023333333333
1080	goal + feedback	124	1150	0.03501923333333323
1080	goal + feedback	125	-200	-0.004040654377880403
1080	goal + feedback	125	-150	0.004389440860214903
1080	goal + feedback	125	-100	0.0017902741935481952
1080	goal + feedback	125	-50	3.9360752688148243e-4
1080	goal + feedback	125	0	-0.0018592258064517402
1080	goal + feedback	125	50	0.00846844086021492
1080	goal + feedback	125	100	0.019467274193548285
1080	goal + feedback	125	150	0.034436440860214836
1080	goal + feedback	125	200	0.0647899408602149
1080	goal + feedback	125	250	0.07411627419354823
1080	goal + feedback	125	300	0.10078344086021492
1080	goal + feedback	125	350	0.11673927419354808
1080	goal + feedback	125	400	0.14812010752688165
1080	goal + feedback	125	450	0.15278627419354832
1080	goal + feedback	125	500	0.2032199408602149
1080	goal + feedback	125	550	0.2026341075268816
1080	goal + feedback	125	600	0.23714310752688159
1080	goal + feedback	125	650	0.29319777419354826
1080	goal + feedback	125	700	0.2827662741935482
1080	goal + feedback	125	750	0.2769882741935483
1080	goal + feedback	125	800	0.23246460752688156
1080	goal + feedback	125	850	0.2246324408602148
1080	goal + feedback	125	900	0.19172644086021484
1080	goal + feedback	125	950	0.2022024408602149
1080	goal + feedback	125	1e3	0.15192594086021494
1080	goal + feedback	125	1050	0.16268894086021493
1080	goal + feedback	125	1100	0.1687871075268815
1080	goal + feedback	125	1150	0.18772644086021492
1080	goal + feedback	126	-200	-0.02313987096774195
1080	goal + feedback	126	-150	-0.009812670967741877
1080	goal + feedback	126	-100	0.009289986175115228
1080	goal + feedback	126	-50	-0.004189870967741971
1080	goal + feedback	126	0	0.023851700460829534
1080	goal + feedback	126	50	0.021005795698924763
1080	goal + feedback	126	100	0.013557962365591406
1080	goal + feedback	126	150	0.01645212903225805
1080	goal + feedback	126	200	-0.011803537634408556
1080	goal + feedback	126	250	-0.022500204301075133
1080	goal + feedback	126	300	-0.03611587096774197
1080	goal + feedback	126	350	-0.046351537634408656
1080	goal + feedback	126	400	-0.021575370967741907
1080	goal + feedback	126	450	0.0023826290322579435
1080	goal + feedback	126	500	0.007982629032258068
1080	goal + feedback	126	550	0.06739979569892474
1080	goal + feedback	126	600	0.1157471290322581
1080	goal + feedback	126	650	0.17938646236559141
1080	goal + feedback	126	700	0.20526512903225816
1080	goal + feedback	126	750	0.21401596236559137
1080	goal + feedback	126	800	0.19304512903225812
1080	goal + feedback	126	850	0.19856846236559136
1080	goal + feedback	126	900	0.14096096236559133
1080	goal + feedback	126	950	0.12532779569892472
1080	goal + feedback	126	1e3	0.12710012903225806
1080	goal + feedback	126	1050	NA
1080	goal + feedback	126	1100	NA
1080	goal + feedback	126	1150	0.04198927188940095
1080	goal + feedback	127	-200	0.039449336405529944
1080	goal + feedback	127	-150	0.016232526881720426
1080	goal + feedback	127	-100	0.008411860215053801
1080	goal + feedback	127	-50	-0.02811863978494622
1080	goal + feedback	127	0	-0.04254997311827954
1080	goal + feedback	127	50	-0.07416130645161297
1080	goal + feedback	127	100	-0.10953197311827956
1080	goal + feedback	127	150	-0.0982083064516129
1080	goal + feedback	127	200	-0.09583680645161292
1080	goal + feedback	127	250	-0.11107913978494628
1080	goal + feedback	127	300	-0.07751747311827957
1080	goal + feedback	127	350	-0.0899928064516129
1080	goal + feedback	127	400	-0.10508463978494624
1080	goal + feedback	127	450	-0.09828113978494628
1080	goal + feedback	127	500	-0.05316880645161285
1080	goal + feedback	127	550	-0.021828306451612933
1080	goal + feedback	127	600	0.011853526881720441
1080	goal + feedback	127	650	0.04573336021505381
1080	goal + feedback	127	700	0.04549352688172056
1080	goal + feedback	127	750	0.005234693548387126
1080	goal + feedback	127	800	0.0084748602150538
1080	goal + feedback	127	850	-0.03542555645161283
1080	goal + feedback	127	900	NA
1080	goal + feedback	127	950	NA
1080	goal + feedback	127	1e3	-0.14750230645161277
1080	goal + feedback	127	1050	-0.02434263978494622
1080	goal + feedback	127	1100	-0.015011639784946166
1080	goal + feedback	127	1150	0.016672193548387188
1080	goal + feedback	128	-200	-0.04978009677419352
1080	goal + feedback	128	-150	-0.017912263440860315
1080	goal + feedback	128	-100	0.01260123655913977
1080	goal + feedback	128	-50	0.02091340322580641
1080	goal + feedback	128	0	0.0424744032258065
1080	goal + feedback	128	50	0.049852236559139694
1080	goal + feedback	128	100	0.029457069892473136
1080	goal + feedback	128	150	0.06505506989247307
1080	goal + feedback	128	200	0.021182236559139717
1080	goal + feedback	128	250	0.03805140322580636
1080	goal + feedback	128	300	0.024825569892473087
1080	goal + feedback	128	350	0.01646056989247313
1080	goal + feedback	128	400	-0.022665263440860395
1080	goal + feedback	128	450	-0.010288096774193548
1080	goal + feedback	128	500	5.29069892472922e-4
1080	goal + feedback	128	550	0.0390342365591397
1080	goal + feedback	128	600	0.08122690322580639
1080	goal + feedback	128	650	0.11358506989247304
1080	goal + feedback	128	700	0.12929006989247313
1080	goal + feedback	128	750	0.12005090322580636
1080	goal + feedback	128	800	0.0972904032258064
1080	goal + feedback	128	850	0.07389040322580653
1080	goal + feedback	128	900	0.006467653225806447
1080	goal + feedback	128	950	NA
1080	goal + feedback	128	1e3	NA
1080	goal + feedback	128	1050	-0.23272969677419358
1080	goal + feedback	128	1100	-0.0729699301075269
1080	goal + feedback	128	1150	-0.040796763440860286
1080	goal + feedback	129	-200	0.013562207373271866
1080	goal + feedback	129	-150	0.011953564516128981
1080	goal + feedback	129	-100	-0.0036259354838710234
1080	goal + feedback	129	-50	-0.012559602150537641
1080	goal + feedback	129	0	-0.011590602150537643
1080	goal + feedback	129	50	-0.030578268817204268
1080	goal + feedback	129	100	-0.034394268817204386
1080	goal + feedback	129	150	-0.03542026881720428
1080	goal + feedback	129	200	-0.027665102150537635
1080	goal + feedback	129	250	-0.03199676881720426
1080	goal + feedback	129	300	-0.0454381021505376
1080	goal + feedback	129	350	-0.03474060215053765
1080	goal + feedback	129	400	0.003254064516128974
1080	goal + feedback	129	450	-0.006631435483871018
1080	goal + feedback	129	500	0.03473789784946235
1080	goal + feedback	129	550	0.08633206451612911
1080	goal + feedback	129	600	0.13526156451612903
1080	goal + feedback	129	650	0.18592206451612903
1080	goal + feedback	129	700	0.22873123118279573
1080	goal + feedback	129	750	0.26073456451612903
1080	goal + feedback	129	800	0.24463539784946234
1080	goal + feedback	129	850	0.25030406451612897
1080	goal + feedback	129	900	0.22324256451612898
1080	goal + feedback	129	950	0.21735773118279567
1080	goal + feedback	129	1e3	0.20403489784946238
1080	goal + feedback	129	1050	0.15956123118279572
1080	goal + feedback	129	1100	0.15830589784946233
1080	goal + feedback	129	1150	0.16696673118279567
1080	goal + feedback	130	-200	0.0010468986175112352
1080	goal + feedback	130	-150	-0.010632387096774387
1080	goal + feedback	130	-100	-0.009503387096774377
1080	goal + feedback	130	-50	-0.008705553763441065
1080	goal + feedback	130	0	0.027619946236558945
1080	goal + feedback	130	50	0.029819112903225625
1080	goal + feedback	130	100	-0.007642053763441107
1080	goal + feedback	130	150	0.0046432795698923
1080	goal + feedback	130	200	-0.0298472204301079
1080	goal + feedback	130	250	-0.1306172204301078
1080	goal + feedback	130	300	-0.095053553763441
1080	goal + feedback	130	350	-0.09808988709677442
1080	goal + feedback	130	400	-0.0866992204301078
1080	goal + feedback	130	450	-0.020088553763441135
1080	goal + feedback	130	500	-0.0034815537634411697
1080	goal + feedback	130	550	0.03513444623655896
1080	goal + feedback	130	600	0.08881477956989221
1080	goal + feedback	130	650	0.10730961290322553
1080	goal + feedback	130	700	0.15162277956989226
1080	goal + feedback	130	750	0.11798977956989216
1080	goal + feedback	130	800	0.12617177956989215
1080	goal + feedback	130	850	0.07673394623655883
1080	goal + feedback	130	900	0.0719186129032255
1080	goal + feedback	130	950	0.10830261290322563
1080	goal + feedback	130	1e3	0.13424544623655885
1080	goal + feedback	130	1050	0.1186301129032256
1080	goal + feedback	130	1100	0.0801626129032255
1080	goal + feedback	130	1150	0.07384844623655888
1080	goal + feedback	131	-200	0.05618419815668206
1080	goal + feedback	131	-150	0.029954150537634467
1080	goal + feedback	131	-100	-0.012796349462365594
1080	goal + feedback	131	-50	-0.04281418279569885
1080	goal + feedback	131	0	-0.039891849462365604
1080	goal + feedback	131	50	-0.07489268279569883
1080	goal + feedback	131	100	-0.11211451612903216
1080	goal + feedback	131	150	-0.16457768279569898
1080	goal + feedback	131	200	-0.1576290161290322
1080	goal + feedback	131	250	-0.12313684946236562
1080	goal + feedback	131	300	-0.057133516129032204
1080	goal + feedback	131	350	-0.05398718279569888
1080	goal + feedback	131	400	-0.030114849462365607
1080	goal + feedback	131	450	0.03272915053763444
1080	goal + feedback	131	500	0.09064315053763446
1080	goal + feedback	131	550	0.13923315053763438
1080	goal + feedback	131	600	0.19480131720430113
1080	goal + feedback	131	650	0.22736598387096785
1080	goal + feedback	131	700	0.22318381720430103
1080	goal + feedback	131	750	0.19097281720430112
1080	goal + feedback	131	800	0.17192248387096778
1080	goal + feedback	131	850	0.1288063172043011
1080	goal + feedback	131	900	0.07757581720430107
1080	goal + feedback	131	950	0.02597248387096777
1080	goal + feedback	131	1e3	0.015210150537634451
1080	goal + feedback	131	1050	0.04097898387096777
1080	goal + feedback	131	1100	0.03435581720430111
1080	goal + feedback	131	1150	0.06875848387096761
1080	goal + feedback	132	-200	0.01638476958525351
1080	goal + feedback	132	-150	0.01444231720430104
1080	goal + feedback	132	-100	0.016425983870967647
1080	goal + feedback	132	-50	-0.018330682795698827
1080	goal + feedback	132	0	-0.03165318279569888
1080	goal + feedback	132	50	-0.027850516129032183
1080	goal + feedback	132	100	-0.01131484946236568
1080	goal + feedback	132	150	-0.016781849462365567
1080	goal + feedback	132	200	-0.02126001612903224
1080	goal + feedback	132	250	-0.041236682795698996
1080	goal + feedback	132	300	-0.05609301612903228
1080	goal + feedback	132	350	-0.03871318279569902
1080	goal + feedback	132	400	-0.048107516129032225
1080	goal + feedback	132	450	-0.04673818279569889
1080	goal + feedback	132	500	0.00722881720430113
1080	goal + feedback	132	550	0.02141031720430105
1080	goal + feedback	132	600	0.03274881720430112
1080	goal + feedback	132	650	0.09796781720430119
1080	goal + feedback	132	700	0.13713248387096777
1080	goal + feedback	132	750	0.11736231720430108
1080	goal + feedback	132	800	0.07280998387096778
1080	goal + feedback	132	850	0.03268531720430112
1080	goal + feedback	132	900	0.002878150537634442
1080	goal + feedback	132	950	0.00856748387096773
1080	goal + feedback	132	1e3	0.014259650537634375
1080	goal + feedback	132	1050	-0.009293016129032253
1080	goal + feedback	132	1100	-0.0010958494623656279
1080	goal + feedback	132	1150	0.03597448387096769
1080	goal + feedback	133	-200	-0.03946534562211999
1080	goal + feedback	133	-150	-0.02676877419354858
1080	goal + feedback	133	-100	0.010037559139784769
1080	goal + feedback	133	-50	0.02994122580645146
1080	goal + feedback	133	0	0.03283289247311819
1080	goal + feedback	133	50	0.058959892473118135
1080	goal + feedback	133	100	0.06436405913978471
1080	goal + feedback	133	150	0.0996782258064514
1080	goal + feedback	133	200	0.08872939247311806
1080	goal + feedback	133	250	0.07581305913978476
1080	goal + feedback	133	300	0.08363355913978476
1080	goal + feedback	133	350	0.049040725806451434
1080	goal + feedback	133	400	0.08268655913978473
1080	goal + feedback	133	450	0.1224413924731181
1080	goal + feedback	133	500	0.12460072580645143
1080	goal + feedback	133	550	0.19032172580645143
1080	goal + feedback	133	600	0.195598892473118
1080	goal + feedback	133	650	0.2594528924731181
1080	goal + feedback	133	700	0.20375805913978481
1080	goal + feedback	133	750	0.20053305913978478
1080	goal + feedback	133	800	0.18140439247311813
1080	goal + feedback	133	850	0.14211655913978474
1080	goal + feedback	133	900	0.14544155913978477
1080	goal + feedback	133	950	0.17594062580645148
1080	goal + feedback	133	1e3	NA
1080	goal + feedback	133	1050	NA
1080	goal + feedback	133	1100	NA
1080	goal + feedback	133	1150	NA
1080	goal + feedback	134	-200	0.006090244239631369
1080	goal + feedback	134	-150	-0.0034237795698924454
1080	goal + feedback	134	-100	-0.004546612903225888
1080	goal + feedback	134	-50	-0.00900861290322578
1080	goal + feedback	134	0	0.009873720430107591
1080	goal + feedback	134	50	0.03881472043010762
1080	goal + feedback	134	100	0.029808887096774244
1080	goal + feedback	134	150	0.0746250537634409
1080	goal + feedback	134	200	0.09405605376344095
1080	goal + feedback	134	250	0.12443405376344097
1080	goal + feedback	134	300	0.13234605376344089
1080	goal + feedback	134	350	0.15122055376344093
1080	goal + feedback	134	400	0.1946653870967742
1080	goal + feedback	134	450	0.20793388709677427
1080	goal + feedback	134	500	0.19927572043010758
1080	goal + feedback	134	550	0.28422472043010755
1080	goal + feedback	134	600	0.35586205376344093
1080	goal + feedback	134	650	0.39060188709677424
1080	goal + feedback	134	700	0.3451768870967742
1080	goal + feedback	134	750	0.29120038709677415
1080	goal + feedback	134	800	0.29461322043010757
1080	goal + feedback	134	850	0.32636488709677436
1080	goal + feedback	134	900	0.2805112204301076
1080	goal + feedback	134	950	0.25096672043010754
1080	goal + feedback	134	1e3	0.17253718709677424
1080	goal + feedback	134	1050	NA
1080	goal + feedback	134	1100	NA
1080	goal + feedback	134	1150	NA
1080	goal + feedback	135	-200	-0.002033454022988712
1080	goal + feedback	135	-150	-0.011267454022988602
1080	goal + feedback	135	-100	0.009195712643678059
1080	goal + feedback	135	-50	0.0025772126436780507
1080	goal + feedback	135	0	0.0018335793103446464
1080	goal + feedback	135	50	0.004525879310344649
1080	goal + feedback	135	100	0.004406045977011293
1080	goal + feedback	135	150	-0.018358620689655325
1080	goal + feedback	135	200	0.009763379310344655
1080	goal + feedback	135	250	0.02281387931034473
1080	goal + feedback	135	300	0.004751879310344635
1080	goal + feedback	135	350	0.041016212643678086
1080	goal + feedback	135	400	0.0365215793103447
1080	goal + feedback	135	450	0.06597721264367795
1080	goal + feedback	135	500	0.12976654597701134
1080	goal + feedback	135	550	0.178681212643678
1080	goal + feedback	135	600	0.18614204597701142
1080	goal + feedback	135	650	0.24442121264367792
1080	goal + feedback	135	700	0.2227408793103447
1080	goal + feedback	135	750	0.17826671264367802
1080	goal + feedback	135	800	0.11751537931034466
1080	goal + feedback	135	850	0.08046354597701133
1080	goal + feedback	135	900	0.06256587931034459
1080	goal + feedback	135	950	0.05403387931034476
1080	goal + feedback	135	1e3	0.039699712643678
1080	goal + feedback	135	1050	0.03628471264367805
1080	goal + feedback	135	1100	0.026485545977011322
1080	goal + feedback	135	1150	0.04759954597701147
1080	goal + feedback	136	-200	0.012452451612903268
1080	goal + feedback	136	-150	-0.004742715053763631
1080	goal + feedback	136	-100	-0.0067142150537635725
1080	goal + feedback	136	-50	-0.006799881720430223
1080	goal + feedback	136	0	0.0037289516129030234
1080	goal + feedback	136	50	-0.006600715053763621
1080	goal + feedback	136	100	-0.014983381720430197
1080	goal + feedback	136	150	-0.015824048387096834
1080	goal + feedback	136	200	-0.01784221505376345
1080	goal + feedback	136	250	-0.03831254838709682
1080	goal + feedback	136	300	-0.05772271505376351
1080	goal + feedback	136	350	-0.055287881720430164
1080	goal + feedback	136	400	-0.051496548387096906
1080	goal + feedback	136	450	-0.02903388172043016
1080	goal + feedback	136	500	-2.3054838709694417e-4
1080	goal + feedback	136	550	0.05166011827956973
1080	goal + feedback	136	600	0.07893961827956986
1080	goal + feedback	136	650	0.10555528494623652
1080	goal + feedback	136	700	0.09819761827956978
1080	goal + feedback	136	750	0.09326061827956982
1080	goal + feedback	136	800	0.047268618279569775
1080	goal + feedback	136	850	0.025672118279569833
1080	goal + feedback	136	900	0.017125451612903204
1080	goal + feedback	136	950	0.003834784946236347
1080	goal + feedback	136	1e3	-0.013111715053763554
1080	goal + feedback	136	1050	-0.002550715053763438
1080	goal + feedback	136	1100	0.010046784946236528
1080	goal + feedback	136	1150	0.032392284946236506
1080	goal + feedback	137	-200	-0.01197193087557594
1080	goal + feedback	137	-150	-0.011946145161290186
1080	goal + feedback	137	-100	-0.0016046451612902561
1080	goal + feedback	137	-50	0.010626688172043153
1080	goal + feedback	137	0	0.01689135483870981
1080	goal + feedback	137	50	0.050685854838709764
1080	goal + feedback	137	100	0.0297193548387098
1080	goal + feedback	137	150	0.02743335483870979
1080	goal + feedback	137	200	0.028323926267281228
1080	goal + feedback	137	250	0.05795902150537646
1080	goal + feedback	137	300	0.07492602150537657
1080	goal + feedback	137	350	0.11117135483870973
1080	goal + feedback	137	400	0.12759535483870973
1080	goal + feedback	137	450	0.15577768817204318
1080	goal + feedback	137	500	0.19699702150537637
1080	goal + feedback	137	550	0.1711500215053765
1080	goal + feedback	137	600	0.2176931881720432
1080	goal + feedback	137	650	0.19627218817204314
1080	goal + feedback	137	700	0.1636768548387099
1080	goal + feedback	137	750	0.14925602150537642
1080	goal + feedback	137	800	0.10398702150537642
1080	goal + feedback	137	850	0.0648896881720431
1080	goal + feedback	137	900	0.06210768817204304
1080	goal + feedback	137	950	0.0555243548387098
1080	goal + feedback	137	1e3	0.08384802150537651
1080	goal + feedback	137	1050	0.08102785483870971
1080	goal + feedback	137	1100	0.08661052150537636
1080	goal + feedback	137	1150	0.09201235483870988
1080	goal + feedback	138	-200	-0.007031414746543595
1080	goal + feedback	138	-150	-0.008429962365591162
1080	goal + feedback	138	-100	-0.0013402956989245762
1080	goal + feedback	138	-50	0.012467204301075471
1080	goal + feedback	138	0	0.005506370967742165
1080	goal + feedback	138	50	0.02952720430107547
1080	goal + feedback	138	100	0.01846937096774215
1080	goal + feedback	138	150	0.031894370967742246
1080	goal + feedback	138	200	0.04996003763440878
1080	goal + feedback	138	250	0.052595204301075484
1080	goal + feedback	138	300	0.05937887096774216
1080	goal + feedback	138	350	0.06873637096774214
1080	goal + feedback	138	400	0.0764895376344088
1080	goal + feedback	138	450	0.0978635376344088
1080	goal + feedback	138	500	0.1447302043010755
1080	goal + feedback	138	550	0.16067603763440874
1080	goal + feedback	138	600	0.19282637096774216
1080	goal + feedback	138	650	0.2132657043010755
1080	goal + feedback	138	700	0.18487737096774218
1080	goal + feedback	138	750	0.1791617043010755
1080	goal + feedback	138	800	0.16113620430107548
1080	goal + feedback	138	850	0.10699887096774223
1080	goal + feedback	138	900	0.10803620430107548
1080	goal + feedback	138	950	0.11502237096774219
1080	goal + feedback	138	1e3	0.12722153763440888
1080	goal + feedback	138	1050	0.1387428709677422
1080	goal + feedback	138	1100	0.16190870430107548
1080	goal + feedback	138	1150	0.15987870430107542
1080	goal + feedback	139	-200	0.003888300000000141
1080	goal + feedback	139	-150	0.008785633333333523
1080	goal + feedback	139	-100	0.0019811333333334216
1080	goal + feedback	139	-50	-3.9603333333326773e-4
1080	goal + feedback	139	0	-0.014259033333333152
1080	goal + feedback	139	50	-0.03291336666666663
1080	goal + feedback	139	100	-0.036004366666666586
1080	goal + feedback	139	150	-0.03738153333333316
1080	goal + feedback	139	200	-0.03334208095238075
1080	goal + feedback	139	250	-0.04991856666666657
1080	goal + feedback	139	300	-0.05807779523809505
1080	goal + feedback	139	350	-0.05697869999999986
1080	goal + feedback	139	400	-0.0477373666666665
1080	goal + feedback	139	450	-0.041942533333333275
1080	goal + feedback	139	500	0.03773730000000016
1080	goal + feedback	139	550	0.07900346666666687
1080	goal + feedback	139	600	0.11348613333333346
1080	goal + feedback	139	650	0.1739813000000002
1080	goal + feedback	139	700	0.17467030000000014
1080	goal + feedback	139	750	0.17048146666666675
1080	goal + feedback	139	800	0.1709048000000001
1080	goal + feedback	139	850	0.1477641333333335
1080	goal + feedback	139	900	0.1401861333333334
1080	goal + feedback	139	950	0.13729263333333352
1080	goal + feedback	139	1e3	0.12298930000000012
1080	goal + feedback	139	1050	0.13078730000000016
1080	goal + feedback	139	1100	0.16263723333333352
1080	goal + feedback	139	1150	0.15885634761904774
1080	goal + feedback	140	-200	0.039671350230414744
1080	goal + feedback	140	-150	-0.012878935483870904
1080	goal + feedback	140	-100	-6.681021505376972e-4
1080	goal + feedback	140	-50	-4.24935483871088e-4
1080	goal + feedback	140	0	-0.03231126881720433
1080	goal + feedback	140	50	-0.026608935483870926
1080	goal + feedback	140	100	-0.030288935483870905
1080	goal + feedback	140	150	-0.026201102150537652
1080	goal + feedback	140	200	-0.0390871021505376
1080	goal + feedback	140	250	-0.03753643548387098
1080	goal + feedback	140	300	-0.06684726881720437
1080	goal + feedback	140	350	-0.06470260215053762
1080	goal + feedback	140	400	-0.019201602150537605
1080	goal + feedback	140	450	0.0025590645161290837
1080	goal + feedback	140	500	0.03807689784946241
1080	goal + feedback	140	550	0.0690218978494624
1080	goal + feedback	140	600	0.12675373118279576
1080	goal + feedback	140	650	0.1729102311827957
1080	goal + feedback	140	700	0.17631156451612906
1080	goal + feedback	140	750	0.1851692311827957
1080	goal + feedback	140	800	0.13512639784946226
1080	goal + feedback	140	850	0.12388773118279565
1080	goal + feedback	140	900	0.07770373118279572
1080	goal + feedback	140	950	0.121685564516129
1080	goal + feedback	140	1e3	0.10551873118279571
1080	goal + feedback	140	1050	0.09164106451612912
1080	goal + feedback	140	1100	0.18934823118279573
1080	goal + feedback	140	1150	0.19714689784946246
