Subject	condition	TrialId	bin	pupil_change
1107	goal + feedback	1	-200	0.024838262672811164
1107	goal + feedback	1	-150	0.030600215053763646
1107	goal + feedback	1	-100	-0.0015121182795698
1107	goal + feedback	1	-50	-0.018318118279569678
1107	goal + feedback	1	0	-0.039747951612903044
1107	goal + feedback	1	50	-0.06851928494623631
1107	goal + feedback	1	100	-0.07834561827956972
1107	goal + feedback	1	150	-0.0692601182795698
1107	goal + feedback	1	200	-0.0897846182795697
1107	goal + feedback	1	250	-0.07351911827956974
1107	goal + feedback	1	300	-0.05229111827956986
1107	goal + feedback	1	350	-0.044061451612903056
1107	goal + feedback	1	400	-0.03405595161290309
1107	goal + feedback	1	450	0.011445715053763609
1107	goal + feedback	1	500	0.05532121505376356
1107	goal + feedback	1	550	0.08417771505376363
1107	goal + feedback	1	600	0.11204288172043027
1107	goal + feedback	1	650	0.14609388172043017
1107	goal + feedback	1	700	0.1185442150537636
1107	goal + feedback	1	750	0.12033538172043023
1107	goal + feedback	1	800	0.05226721505376353
1107	goal + feedback	1	850	0.014707048387096947
1107	goal + feedback	1	900	-0.049179951612903006
1107	goal + feedback	1	950	-0.07207211827956976
1107	goal + feedback	1	1e3	-0.0869866182795697
1107	goal + feedback	1	1050	-0.10187145161290312
1107	goal + feedback	1	1100	-0.09488978494623639
1107	goal + feedback	1	1150	-0.09496445161290312
1107	goal + feedback	2	-200	-0.02796575576036878
1107	goal + feedback	2	-150	-0.01967961290322595
1107	goal + feedback	2	-100	0.006055387096773964
1107	goal + feedback	2	-50	0.015242553763440784
1107	goal + feedback	2	0	0.031008387096774042
1107	goal + feedback	2	50	0.0653502204301073
1107	goal + feedback	2	100	0.04733258709677397
1107	goal + feedback	2	150	0.08662210138248831
1107	goal + feedback	2	200	0.07922805376344073
1107	goal + feedback	2	250	0.06793538709677405
1107	goal + feedback	2	300	0.03660455376344066
1107	goal + feedback	2	350	-0.00904977956989265
1107	goal + feedback	2	400	-0.005578279569892579
1107	goal + feedback	2	450	0.007547553763440777
1107	goal + feedback	2	500	0.030224387096773997
1107	goal + feedback	2	550	0.06373105376344072
1107	goal + feedback	2	600	0.11968388709677402
1107	goal + feedback	2	650	0.17237155376344063
1107	goal + feedback	2	700	0.19237222043010735
1107	goal + feedback	2	750	0.1955680537634407
1107	goal + feedback	2	800	0.19076358709677396
1107	goal + feedback	2	850	NA
1107	goal + feedback	2	900	NA
1107	goal + feedback	2	950	NA
1107	goal + feedback	2	1e3	NA
1107	goal + feedback	2	1050	NA
1107	goal + feedback	2	1100	NA
1107	goal + feedback	2	1150	0.017687815668202638
1107	goal + feedback	3	-200	-0.020259399999999966
1107	goal + feedback	3	-150	-0.023449566666666682
1107	goal + feedback	3	-100	-0.011167733333333318
1107	goal + feedback	3	-50	0.006604433333333344
1107	goal + feedback	3	0	0.04827226666666662
1107	goal + feedback	3	50	0.0730367666666667
1107	goal + feedback	3	100	0.12819693333333335
1107	goal + feedback	3	150	0.14047943333333338
1107	goal + feedback	3	200	0.18098526666666662
1107	goal + feedback	3	250	0.18921043333333332
1107	goal + feedback	3	300	0.19557693333333334
1107	goal + feedback	3	350	0.19576376666666673
1107	goal + feedback	3	400	0.19681410000000002
1107	goal + feedback	3	450	0.20806243333333332
1107	goal + feedback	3	500	0.20588459999999995
1107	goal + feedback	3	550	0.2442396
1107	goal + feedback	3	600	0.2951737666666667
1107	goal + feedback	3	650	0.32810826666666676
1107	goal + feedback	3	700	0.3616746
1107	goal + feedback	3	750	0.3519677666666665
1107	goal + feedback	3	800	0.36008926666666663
1107	goal + feedback	3	850	0.3509689333333333
1107	goal + feedback	3	900	0.3343439333333333
1107	goal + feedback	3	950	0.32567809999999997
1107	goal + feedback	3	1e3	0.3241942666666666
1107	goal + feedback	3	1050	0.3077557666666666
1107	goal + feedback	3	1100	0.15023359999999997
1107	goal + feedback	3	1150	NA
1107	goal + feedback	4	-200	-0.19104036842105243
1107	goal + feedback	4	-150	NA
1107	goal + feedback	4	-100	-0.14374353508771912
1107	goal + feedback	4	-50	0.09751079824561419
1107	goal + feedback	4	0	0.0780727982456142
1107	goal + feedback	4	50	0.08168746491228089
1107	goal + feedback	4	100	0.10624679824561419
1107	goal + feedback	4	150	0.09598079824561423
1107	goal + feedback	4	200	0.08750929824561411
1107	goal + feedback	4	250	0.05341229824561422
1107	goal + feedback	4	300	0.03269029824561424
1107	goal + feedback	4	350	0.014497298245614187
1107	goal + feedback	4	400	0.017706798245614202
1107	goal + feedback	4	450	0.03589446491228084
1107	goal + feedback	4	500	0.05503196491228087
1107	goal + feedback	4	550	0.08605546491228082
1107	goal + feedback	4	600	0.11760513157894754
1107	goal + feedback	4	650	0.1831884649122808
1107	goal + feedback	4	700	0.21871346491228083
1107	goal + feedback	4	750	0.23060196491228088
1107	goal + feedback	4	800	0.16892096491228084
1107	goal + feedback	4	850	NA
1107	goal + feedback	4	900	NA
1107	goal + feedback	4	950	NA
1107	goal + feedback	4	1e3	0.0016482982456140771
1107	goal + feedback	4	1050	0.22566229824561415
1107	goal + feedback	4	1100	0.15529596491228084
1107	goal + feedback	4	1150	0.14807946491228097
1107	goal + feedback	5	-200	0.008915811059907621
1107	goal + feedback	5	-150	-0.0027737365591400387
1107	goal + feedback	5	-100	-0.014822236559139945
1107	goal + feedback	5	-50	-8.93069892473323e-4
1107	goal + feedback	5	0	0.008087263440860045
1107	goal + feedback	5	50	0.011311930107526624
1107	goal + feedback	5	100	0.028759263440859995
1107	goal + feedback	5	150	0.04531609677419342
1107	goal + feedback	5	200	0.040550382488479135
1107	goal + feedback	5	250	0.060419430107526706
1107	goal + feedback	5	300	0.07433659677419335
1107	goal + feedback	5	350	0.058486096774193364
1107	goal + feedback	5	400	0.09973976344086004
1107	goal + feedback	5	450	0.1207396682027648
1107	goal + feedback	5	500	0.15673926344086006
1107	goal + feedback	5	550	0.19579709677419332
1107	goal + feedback	5	600	0.25004476344086
1107	goal + feedback	5	650	0.3013480967741933
1107	goal + feedback	5	700	0.33237343010752674
1107	goal + feedback	5	750	0.35831276344086005
1107	goal + feedback	5	800	0.3932155967741935
1107	goal + feedback	5	850	0.41369843010752666
1107	goal + feedback	5	900	0.42304676344086006
1107	goal + feedback	5	950	0.4300019301075268
1107	goal + feedback	5	1e3	0.3966694301075267
1107	goal + feedback	5	1050	0.3738860967741935
1107	goal + feedback	5	1100	0.3554937634408601
1107	goal + feedback	5	1150	0.3192685967741933
1107	goal + feedback	6	-200	-0.014939377880184386
1107	goal + feedback	6	-150	0.010834526881720485
1107	goal + feedback	6	-100	0.019483860215053772
1107	goal + feedback	6	-50	-0.010108139784946216
1107	goal + feedback	6	0	-0.002780973118279517
1107	goal + feedback	6	50	0.022200360215053856
1107	goal + feedback	6	100	0.013585026881720511
1107	goal + feedback	6	150	0.02392952688172049
1107	goal + feedback	6	200	0.028823193548387138
1107	goal + feedback	6	250	0.02332252688172039
1107	goal + feedback	6	300	0.040798860215053745
1107	goal + feedback	6	350	0.05732702688172046
1107	goal + feedback	6	400	0.08519002688172057
1107	goal + feedback	6	450	0.11808352688172048
1107	goal + feedback	6	500	0.14688986021505376
1107	goal + feedback	6	550	0.17465452688172056
1107	goal + feedback	6	600	0.22551436021505378
1107	goal + feedback	6	650	0.27355652688172055
1107	goal + feedback	6	700	0.28120602688172047
1107	goal + feedback	6	750	0.27049819354838717
1107	goal + feedback	6	800	0.21559219354838718
1107	goal + feedback	6	850	0.18874452688172041
1107	goal + feedback	6	900	0.14271769354838715
1107	goal + feedback	6	950	NA
1107	goal + feedback	6	1e3	NA
1107	goal + feedback	6	1050	-0.3280894731182797
1107	goal + feedback	6	1100	-0.09306247311827957
1107	goal + feedback	6	1150	0.05079186021505381
1107	goal + feedback	7	-200	-0.011518525345622001
1107	goal + feedback	7	-150	0.0016113032258064485
1107	goal + feedback	7	-100	0.011322903225806489
1107	goal + feedback	7	-50	-0.01260443010752684
1107	goal + feedback	7	0	0.011489903225806527
1107	goal + feedback	7	50	0.0041389032258064935
1107	goal + feedback	7	100	0.0248219032258065
1107	goal + feedback	7	150	0.04805906989247314
1107	goal + feedback	7	200	0.07601706989247321
1107	goal + feedback	7	250	0.10837240322580644
1107	goal + feedback	7	300	0.13289023655913978
1107	goal + feedback	7	350	0.14563106989247313
1107	goal + feedback	7	400	0.1590439032258065
1107	goal + feedback	7	450	0.1831197365591398
1107	goal + feedback	7	500	0.20039023655913982
1107	goal + feedback	7	550	0.2260517365591399
1107	goal + feedback	7	600	0.24771356989247315
1107	goal + feedback	7	650	0.25210073655913984
1107	goal + feedback	7	700	0.26691430322580645
1107	goal + feedback	7	750	0.24496718894009215
1107	goal + feedback	7	800	0.20519373655913986
1107	goal + feedback	7	850	0.14596090322580646
1107	goal + feedback	7	900	0.11001756989247309
1107	goal + feedback	7	950	0.07069706989247322
1107	goal + feedback	7	1e3	0.04224656989247314
1107	goal + feedback	7	1050	0.024859403225806487
1107	goal + feedback	7	1100	0.019112569892473157
1107	goal + feedback	7	1150	0.014186069892473174
1107	goal + feedback	8	-200	0.002189341013824984
1107	goal + feedback	8	-150	0.024466817204301144
1107	goal + feedback	8	-100	5.544838709677554e-4
1107	goal + feedback	8	-50	7.881720430121437e-5
1107	goal + feedback	8	0	-0.02765434946236563
1107	goal + feedback	8	50	-0.036742682795698776
1107	goal + feedback	8	100	-0.0517080161290322
1107	goal + feedback	8	150	-0.051096016129032217
1107	goal + feedback	8	200	-0.10321351612903218
1107	goal + feedback	8	250	-0.10630234946236561
1107	goal + feedback	8	300	-0.09191634946236545
1107	goal + feedback	8	350	-0.09114518279569883
1107	goal + feedback	8	400	-0.07209851612903218
1107	goal + feedback	8	450	-0.02080884946236557
1107	goal + feedback	8	500	0.023746483870967783
1107	goal + feedback	8	550	0.07088381720430115
1107	goal + feedback	8	600	0.0769681505376345
1107	goal + feedback	8	650	0.08985698387096785
1107	goal + feedback	8	700	NA
1107	goal + feedback	8	750	NA
1107	goal + feedback	8	800	NA
1107	goal + feedback	8	850	-0.3727043161290321
1107	goal + feedback	8	900	-0.11568168279569886
1107	goal + feedback	8	950	-0.051958516129032205
1107	goal + feedback	8	1e3	-0.12064151612903225
1107	goal + feedback	8	1050	-0.1098458494623656
1107	goal + feedback	8	1100	-0.0839461827956988
1107	goal + feedback	8	1150	-0.08773968279569881
1107	goal + feedback	9	-200	0.03383125806451602
1107	goal + feedback	9	-150	0.022363924731182722
1107	goal + feedback	9	-100	0.0016939247311825352
1107	goal + feedback	9	-50	-0.015069575268817395
1107	goal + feedback	9	0	-0.04845807526881737
1107	goal + feedback	9	50	-0.059544241935484056
1107	goal + feedback	9	100	-0.09168507526881735
1107	goal + feedback	9	150	-0.13096874193548405
1107	goal + feedback	9	200	-0.15308124193548403
1107	goal + feedback	9	250	-0.16699474193548403
1107	goal + feedback	9	300	-0.20670207526881743
1107	goal + feedback	9	350	-0.1923190752688173
1107	goal + feedback	9	400	-0.1816042419354841
1107	goal + feedback	9	450	-0.13987490860215077
1107	goal + feedback	9	500	-0.10810357526881738
1107	goal + feedback	9	550	-0.05029724193548398
1107	goal + feedback	9	600	0.002123091397849386
1107	goal + feedback	9	650	0.04785575806451595
1107	goal + feedback	9	700	0.10204659139784929
1107	goal + feedback	9	750	0.08261675806451585
1107	goal + feedback	9	800	NA
1107	goal + feedback	9	850	NA
1107	goal + feedback	9	900	NA
1107	goal + feedback	9	950	NA
1107	goal + feedback	9	1e3	-0.041829741935483944
1107	goal + feedback	9	1050	0.13788125806451598
1107	goal + feedback	9	1100	0.05742542473118265
1107	goal + feedback	9	1150	0.09203992473118265
1107	goal + feedback	10	-200	-0.058418466666666724
1107	goal + feedback	10	-150	-0.015553800000000026
1107	goal + feedback	10	-100	0.010685866666666636
1107	goal + feedback	10	-50	0.034315533333333446
1107	goal + feedback	10	0	0.028970866666666668
1107	goal + feedback	10	50	0.03443669999999995
1107	goal + feedback	10	100	0.04327086666666665
1107	goal + feedback	10	150	0.05469003333333333
1107	goal + feedback	10	200	0.048269866666666626
1107	goal + feedback	10	250	0.03433496190476193
1107	goal + feedback	10	300	0.011290866666666602
1107	goal + feedback	10	350	-0.015776966666666652
1107	goal + feedback	10	400	-0.028405966666666654
1107	goal + feedback	10	450	-0.021659466666666665
1107	goal + feedback	10	500	-0.005980466666666666
1107	goal + feedback	10	550	0.03003019999999997
1107	goal + feedback	10	600	0.07720286666666665
1107	goal + feedback	10	650	0.07279853333333335
1107	goal + feedback	10	700	0.053064699999999965
1107	goal + feedback	10	750	0.021939033333333358
1107	goal + feedback	10	800	-0.03359029999999996
1107	goal + feedback	10	850	-0.08186163333333336
1107	goal + feedback	10	900	-0.10113796666666668
1107	goal + feedback	10	950	-0.11325246666666677
1107	goal + feedback	10	1e3	-0.12188563333333335
1107	goal + feedback	10	1050	-0.1373193
1107	goal + feedback	10	1100	-0.12926696666666668
1107	goal + feedback	10	1150	-0.10870046666666666
1107	goal + feedback	11	-200	0.04343075576036843
1107	goal + feedback	11	-150	0.01603327956989231
1107	goal + feedback	11	-100	-0.010990887096774463
1107	goal + feedback	11	-50	-0.02267155376344106
1107	goal + feedback	11	0	-0.03304005376344099
1107	goal + feedback	11	50	-0.027226553763441075
1107	goal + feedback	11	100	-0.008214720430107736
1107	goal + feedback	11	150	-8.555537634410785e-4
1107	goal + feedback	11	200	0.005283212903225554
1107	goal + feedback	11	250	0.013421327188939878
1107	goal + feedback	11	300	0.04162861290322565
1107	goal + feedback	11	350	0.06128377956989232
1107	goal + feedback	11	400	0.08555694623655907
1107	goal + feedback	11	450	0.13613527956989224
1107	goal + feedback	11	500	0.16131227956989225
1107	goal + feedback	11	550	0.22261744623655902
1107	goal + feedback	11	600	0.2528436129032256
1107	goal + feedback	11	650	0.3065096129032257
1107	goal + feedback	11	700	0.3316552795698922
1107	goal + feedback	11	750	0.336951446236559
1107	goal + feedback	11	800	0.3237362795698923
1107	goal + feedback	11	850	0.24018121290322564
1107	goal + feedback	11	900	NA
1107	goal + feedback	11	950	NA
1107	goal + feedback	11	1e3	NA
1107	goal + feedback	11	1050	-0.1412503870967745
1107	goal + feedback	11	1100	0.16903677956989224
1107	goal + feedback	11	1150	0.14454394623655897
1107	goal + feedback	12	-200	-0.02471554377880184
1107	goal + feedback	12	-150	-0.005549758064515927
1107	goal + feedback	12	-100	0.004822741935483969
1107	goal + feedback	12	-50	0.012180908602150708
1107	goal + feedback	12	0	0.017380908602150653
1107	goal + feedback	12	50	0.03303840860215068
1107	goal + feedback	12	100	0.05032790860215064
1107	goal + feedback	12	150	0.08717640860215063
1107	goal + feedback	12	200	0.11229140860215055
1107	goal + feedback	12	250	0.10792890860215065
1107	goal + feedback	12	300	0.11939790860215067
1107	goal + feedback	12	350	0.03492307526881736
1107	goal + feedback	12	400	-0.012104591397849326
1107	goal + feedback	12	450	-0.03897725806451602
1107	goal + feedback	12	500	-0.040097091397849415
1107	goal + feedback	12	550	-0.022720924731182663
1107	goal + feedback	12	600	0.007849908602150698
1107	goal + feedback	12	650	0.050623075268817264
1107	goal + feedback	12	700	0.09388507526881733
1107	goal + feedback	12	750	0.13529024193548408
1107	goal + feedback	12	800	0.10463307526881731
1107	goal + feedback	12	850	NA
1107	goal + feedback	12	900	NA
1107	goal + feedback	12	950	NA
1107	goal + feedback	12	1e3	-0.09361800806451614
1107	goal + feedback	12	1050	0.06676740860215065
1107	goal + feedback	12	1100	0.0373542419354839
1107	goal + feedback	12	1150	0.061785408602150683
1107	goal + feedback	13	-200	0.02324152995391707
1107	goal + feedback	13	-150	0.010065220430107566
1107	goal + feedback	13	-100	-0.0024864462365591735
1107	goal + feedback	13	-50	-0.01840777956989248
1107	goal + feedback	13	0	-0.016286112903225753
1107	goal + feedback	13	50	-0.03818427956989249
1107	goal + feedback	13	100	-0.019025612903225797
1107	goal + feedback	13	150	-0.008281612903225785
1107	goal + feedback	13	200	-0.009825946236559155
1107	goal + feedback	13	250	-0.001573779569892464
1107	goal + feedback	13	300	0.0030653870967742116
1107	goal + feedback	13	350	-0.007948779569892336
1107	goal + feedback	13	400	0.024269720430107444
1107	goal + feedback	13	450	0.0481023870967742
1107	goal + feedback	13	500	0.08967322043010754
1107	goal + feedback	13	550	0.15409805376344088
1107	goal + feedback	13	600	0.20736122043010763
1107	goal + feedback	13	650	0.2592018870967741
1107	goal + feedback	13	700	0.28972372043010747
1107	goal + feedback	13	750	0.27312955376344084
1107	goal + feedback	13	800	0.23948022043010755
1107	goal + feedback	13	850	0.09184172043010748
1107	goal + feedback	13	900	NA
1107	goal + feedback	13	950	NA
1107	goal + feedback	13	1e3	NA
1107	goal + feedback	13	1050	-0.33990361290322557
1107	goal + feedback	13	1100	0.027277187096774114
1107	goal + feedback	13	1150	0.21229738709677423
1107	goal + feedback	14	-200	0.028181677419354973
1107	goal + feedback	14	-150	0.025967844086021596
1107	goal + feedback	14	-100	-0.006210322580644985
1107	goal + feedback	14	-50	-0.01637582258064496
1107	goal + feedback	14	0	-0.036260322580645044
1107	goal + feedback	14	50	-0.06099715591397844
1107	goal + feedback	14	100	-0.07285015591397825
1107	goal + feedback	14	150	-0.07463715591397839
1107	goal + feedback	14	200	-0.07802532258064503
1107	goal + feedback	14	250	-0.11214632258064501
1107	goal + feedback	14	300	-0.12905465591397838
1107	goal + feedback	14	350	-0.16726782258064507
1107	goal + feedback	14	400	-0.1665944892473116
1107	goal + feedback	14	450	-0.13867932258064494
1107	goal + feedback	14	500	-0.10498665591397834
1107	goal + feedback	14	550	-0.054321322580644926
1107	goal + feedback	14	600	-0.013885822580645005
1107	goal + feedback	14	650	0.01778267741935502
1107	goal + feedback	14	700	-0.03301232258064498
1107	goal + feedback	14	750	NA
1107	goal + feedback	14	800	NA
1107	goal + feedback	14	850	-0.47262098924731166
1107	goal + feedback	14	900	-0.1553804892473117
1107	goal + feedback	14	950	-0.09683232258064511
1107	goal + feedback	14	1e3	-0.13384782258064498
1107	goal + feedback	14	1050	-0.11603315591397838
1107	goal + feedback	14	1100	-0.08426382258064498
1107	goal + feedback	14	1150	-0.06340198924731173
1107	goal + feedback	15	-200	0.0075589308755760675
1107	goal + feedback	15	-150	-0.0031866881720429654
1107	goal + feedback	15	-100	-0.0010515215053763516
1107	goal + feedback	15	-50	1.2147849462366504e-4
1107	goal + feedback	15	0	-0.0047020215053763526
1107	goal + feedback	15	50	-0.00675068817204294
1107	goal + feedback	15	100	-0.03500735483870968
1107	goal + feedback	15	150	-0.03705002150537632
1107	goal + feedback	15	200	-0.042958188172042965
1107	goal + feedback	15	250	-0.029090021505376356
1107	goal + feedback	15	300	-0.01771202150537632
1107	goal + feedback	15	350	-0.02015035483870964
1107	goal + feedback	15	400	0.013110311827957041
1107	goal + feedback	15	450	0.06327314516129039
1107	goal + feedback	15	500	0.11189797849462368
1107	goal + feedback	15	550	0.15191514516129026
1107	goal + feedback	15	600	0.20239247849462375
1107	goal + feedback	15	650	0.2446459784946237
1107	goal + feedback	15	700	0.2903494784946237
1107	goal + feedback	15	750	0.3293289784946238
1107	goal + feedback	15	800	0.30829124516129036
1107	goal + feedback	15	850	NA
1107	goal + feedback	15	900	NA
1107	goal + feedback	15	950	NA
1107	goal + feedback	15	1e3	0.2893786451612903
1107	goal + feedback	15	1050	0.3204619784946237
1107	goal + feedback	15	1100	0.311818311827957
1107	goal + feedback	15	1150	0.33519764516129036
1107	goal + feedback	16	-200	0.031097966666666865
1107	goal + feedback	16	-150	0.03640946666666678
1107	goal + feedback	16	-100	0.009660966666666862
1107	goal + feedback	16	-50	-0.03144619999999976
1107	goal + feedback	16	0	-0.04572219999999979
1107	goal + feedback	16	50	-0.07815817619047603
1107	goal + feedback	16	100	-0.08164086666666652
1107	goal + feedback	16	150	-0.08896519999999979
1107	goal + feedback	16	200	-0.1193665333333332
1107	goal + feedback	16	250	-0.1196283666666665
1107	goal + feedback	16	300	-0.12544786666666644
1107	goal + feedback	16	350	-0.1156125333333331
1107	goal + feedback	16	400	-0.10513686666666648
1107	goal + feedback	16	450	-0.07861069999999974
1107	goal + feedback	16	500	-0.07138736666666638
1107	goal + feedback	16	550	-0.01587503333333314
1107	goal + feedback	16	600	0.05332646666666685
1107	goal + feedback	16	650	0.09640146666666682
1107	goal + feedback	16	700	0.12823730000000025
1107	goal + feedback	16	750	0.09439030000000015
1107	goal + feedback	16	800	NA
1107	goal + feedback	16	850	NA
1107	goal + feedback	16	900	NA
1107	goal + feedback	16	950	0.015518966666666856
1107	goal + feedback	16	1e3	0.13783316666666687
1107	goal + feedback	16	1050	0.07597680000000014
1107	goal + feedback	16	1100	0.08228396666666689
1107	goal + feedback	16	1150	0.1137651333333336
1107	goal + feedback	17	-200	0.06365718433179733
1107	goal + feedback	17	-150	0.018271779569892566
1107	goal + feedback	17	-100	-0.01452855376344083
1107	goal + feedback	17	-50	-0.03372522043010758
1107	goal + feedback	17	0	-0.04428472043010734
1107	goal + feedback	17	50	-0.06579905376344075
1107	goal + feedback	17	100	-0.07056205376344082
1107	goal + feedback	17	150	-0.05974772043010749
1107	goal + feedback	17	200	-0.024800720430107503
1107	goal + feedback	17	250	-0.023512720430107548
1107	goal + feedback	17	300	0.018581112903225838
1107	goal + feedback	17	350	0.051883779569892464
1107	goal + feedback	17	400	0.09085244623655912
1107	goal + feedback	17	450	0.12900077956989242
1107	goal + feedback	17	500	0.16263961290322593
1107	goal + feedback	17	550	0.20192027956989253
1107	goal + feedback	17	600	0.23476011290322588
1107	goal + feedback	17	650	0.2717156129032259
1107	goal + feedback	17	700	0.30304377956989254
1107	goal + feedback	17	750	0.31558844623655924
1107	goal + feedback	17	800	0.30031727956989257
1107	goal + feedback	17	850	0.31517577956989257
1107	goal + feedback	17	900	0.1955376129032258
1107	goal + feedback	17	950	NA
1107	goal + feedback	17	1e3	NA
1107	goal + feedback	17	1050	-0.16980938709677407
1107	goal + feedback	17	1100	-0.03693372043010745
1107	goal + feedback	17	1150	0.08059027956989244
1107	goal + feedback	18	-200	0.035666435483871085
1107	goal + feedback	18	-150	0.010351768817204343
1107	goal + feedback	18	-100	-0.013018564516129002
1107	goal + feedback	18	-50	0.005563102150537717
1107	goal + feedback	18	0	-0.03305377880184324
1107	goal + feedback	18	50	-0.07516839784946232
1107	goal + feedback	18	100	-0.10166023118279559
1107	goal + feedback	18	150	-0.09741623118279567
1107	goal + feedback	18	200	-0.10182356451612902
1107	goal + feedback	18	250	-0.09276223118279558
1107	goal + feedback	18	300	-0.07751723118279563
1107	goal + feedback	18	350	-0.058869397849462324
1107	goal + feedback	18	400	-0.024525731182795774
1107	goal + feedback	18	450	-9.297311827955271e-4
1107	goal + feedback	18	500	0.05488160215053776
1107	goal + feedback	18	550	0.09408193548387105
1107	goal + feedback	18	600	0.14500010215053774
1107	goal + feedback	18	650	0.15842943548387103
1107	goal + feedback	18	700	0.1527101021505377
1107	goal + feedback	18	750	0.09713913548387101
1107	goal + feedback	18	800	NA
1107	goal + feedback	18	850	NA
1107	goal + feedback	18	900	NA
1107	goal + feedback	18	950	NA
1107	goal + feedback	18	1e3	-0.15507006451612884
1107	goal + feedback	18	1050	-0.08530135023041474
1107	goal + feedback	18	1100	-0.10884206451612899
1107	goal + feedback	18	1150	NA
1107	goal + feedback	19	-200	-0.025675096774193534
1107	goal + feedback	19	-150	-0.02569993010752684
1107	goal + feedback	19	-100	-0.013671263440860226
1107	goal + feedback	19	-50	0.0145527365591398
1107	goal + feedback	19	0	0.05477273655913972
1107	goal + feedback	19	50	0.10396323655913971
1107	goal + feedback	19	100	0.14264240322580646
1107	goal + feedback	19	150	0.18911323655913978
1107	goal + feedback	19	200	0.18143356989247317
1107	goal + feedback	19	250	0.19808973655913986
1107	goal + feedback	19	300	0.20510123655913967
1107	goal + feedback	19	350	0.17799056989247317
1107	goal + feedback	19	400	0.1817534032258065
1107	goal + feedback	19	450	0.1863684032258064
1107	goal + feedback	19	500	0.23591490322580647
1107	goal + feedback	19	550	0.2506217365591397
1107	goal + feedback	19	600	0.2707707365591398
1107	goal + feedback	19	650	0.3055420698924732
1107	goal + feedback	19	700	0.2996780698924732
1107	goal + feedback	19	750	0.24895206989247298
1107	goal + feedback	19	800	0.16949290322580657
1107	goal + feedback	19	850	NA
1107	goal + feedback	19	900	NA
1107	goal + feedback	19	950	NA
1107	goal + feedback	19	1e3	NA
1107	goal + feedback	19	1050	-0.3138170967741938
1107	goal + feedback	19	1100	0.05650690322580639
1107	goal + feedback	19	1150	0.22024923655913983
1107	goal + feedback	20	-200	-0.06436995852534576
1107	goal + feedback	20	-150	-0.022711220430107797
1107	goal + feedback	20	-100	0.0016567795698922232
1107	goal + feedback	20	-50	0.033395946236559025
1107	goal + feedback	20	0	0.0627567795698923
1107	goal + feedback	20	50	0.08684144623655891
1107	goal + feedback	20	100	0.08984094623655887
1107	goal + feedback	20	150	0.09370027956989224
1107	goal + feedback	20	200	0.05885761290322559
1107	goal + feedback	20	250	0.03598077956989232
1107	goal + feedback	20	300	5.689462365589352e-4
1107	goal + feedback	20	350	-0.01645605376344106
1107	goal + feedback	20	400	0.002529446236558893
1107	goal + feedback	20	450	0.019153112903225633
1107	goal + feedback	20	500	0.05467527956989223
1107	goal + feedback	20	550	0.09380944623655892
1107	goal + feedback	20	600	0.1347064462365589
1107	goal + feedback	20	650	0.13231494623655893
1107	goal + feedback	20	700	0.07409094623655903
1107	goal + feedback	20	750	NA
1107	goal + feedback	20	800	NA
1107	goal + feedback	20	850	NA
1107	goal + feedback	20	900	NA
1107	goal + feedback	20	950	NA
1107	goal + feedback	20	1e3	-0.1853687204301077
1107	goal + feedback	20	1050	-0.07713388709677438
1107	goal + feedback	20	1100	0.05476011290322572
1107	goal + feedback	20	1150	0.14339477956989213
1107	goal + feedback	21	-200	0.028169944700460765
1107	goal + feedback	21	-150	0.019622182795698828
1107	goal + feedback	21	-100	-0.006024983870967837
1107	goal + feedback	21	-50	-0.01779648387096781
1107	goal + feedback	21	0	-0.028665650537634518
1107	goal + feedback	21	50	-0.03498531720430109
1107	goal + feedback	21	100	-0.061088483870967845
1107	goal + feedback	21	150	-0.07975748387096782
1107	goal + feedback	21	200	-0.10386948387096795
1107	goal + feedback	21	250	-0.10262631720430108
1107	goal + feedback	21	300	-0.11489881720430113
1107	goal + feedback	21	350	-0.11544715053763437
1107	goal + feedback	21	400	-0.11577915053763443
1107	goal + feedback	21	450	-0.11423948387096787
1107	goal + feedback	21	500	-0.0963889838709678
1107	goal + feedback	21	550	-0.0918864838709678
1107	goal + feedback	21	600	-0.09174831720430114
1107	goal + feedback	21	650	-0.07188865053763453
1107	goal + feedback	21	700	-0.048895983870967795
1107	goal + feedback	21	750	-0.008141983870967909
1107	goal + feedback	21	800	0.03502851612903216
1107	goal + feedback	21	850	0.09299734946236556
1107	goal + feedback	21	900	0.1378090161290321
1107	goal + feedback	21	950	0.18004351612903213
1107	goal + feedback	21	1e3	0.2206115161290322
1107	goal + feedback	21	1050	0.27086484946236555
1107	goal + feedback	21	1100	0.29152851612903213
1107	goal + feedback	21	1150	0.24069601612903221
1107	goal + feedback	22	-200	0.006932267281105694
1107	goal + feedback	22	-150	0.0012120053763438055
1107	goal + feedback	22	-100	1.1533870967720776e-4
1107	goal + feedback	22	-50	-0.0121729946236561
1107	goal + feedback	22	0	0.0027580053763440007
1107	goal + feedback	22	50	-0.030110994623656184
1107	goal + feedback	22	100	-0.029728661290322922
1107	goal + feedback	22	150	-0.049767161290322916
1107	goal + feedback	22	200	-0.06495066129032286
1107	goal + feedback	22	250	-0.059600994623656124
1107	goal + feedback	22	300	-0.07246332795698951
1107	goal + feedback	22	350	-0.05775899462365608
1107	goal + feedback	22	400	-0.04861982795698953
1107	goal + feedback	22	450	-0.02279882795698951
1107	goal + feedback	22	500	0.020368338709677136
1107	goal + feedback	22	550	0.06298917204301054
1107	goal + feedback	22	600	0.11922233870967729
1107	goal + feedback	22	650	0.15976933870967716
1107	goal + feedback	22	700	0.1724840053763439
1107	goal + feedback	22	750	0.10847217204301056
1107	goal + feedback	22	800	NA
1107	goal + feedback	22	850	NA
1107	goal + feedback	22	900	NA
1107	goal + feedback	22	950	NA
1107	goal + feedback	22	1e3	-0.06779782795698945
1107	goal + feedback	22	1050	-0.004525327956989529
1107	goal + feedback	22	1100	-0.007467994623656216
1107	goal + feedback	22	1150	0.0127196720430105
1107	goal + feedback	23	-200	-0.019203313364055483
1107	goal + feedback	23	-150	-0.012298908602150696
1107	goal + feedback	23	-100	3.827580645160052e-4
1107	goal + feedback	23	-50	0.015784424731182616
1107	goal + feedback	23	0	0.0185355913978494
1107	goal + feedback	23	50	0.003629258064516009
1107	goal + feedback	23	100	0.011980091397849243
1107	goal + feedback	23	150	0.005297591397849318
1107	goal + feedback	23	200	-0.020689908602150586
1107	goal + feedback	23	250	-0.026356408602150754
1107	goal + feedback	23	300	-0.033003075268817295
1107	goal + feedback	23	350	-0.037788241935484024
1107	goal + feedback	23	400	-0.033053575268817324
1107	goal + feedback	23	450	-0.04449124193548407
1107	goal + feedback	23	500	-0.0025534086021506606
1107	goal + feedback	23	550	0.03441142473118264
1107	goal + feedback	23	600	0.04870425806451598
1107	goal + feedback	23	650	0.04933775806451594
1107	goal + feedback	23	700	0.005906424731182636
1107	goal + feedback	23	750	-0.025568241935483977
1107	goal + feedback	23	800	-0.06891557526881738
1107	goal + feedback	23	850	-0.10289674193548397
1107	goal + feedback	23	900	-0.13668840860215062
1107	goal + feedback	23	950	-0.17954907526881736
1107	goal + feedback	23	1e3	-0.18905074193548402
1107	goal + feedback	23	1050	-0.20907724193548397
1107	goal + feedback	23	1100	-0.22280857526881728
1107	goal + feedback	23	1150	-0.2141567419354841
1107	goal + feedback	24	-200	0.011944466666666598
1107	goal + feedback	24	-150	-0.0020043666666666273
1107	goal + feedback	24	-100	-0.006777866666666539
1107	goal + feedback	24	-50	-9.219999999987571e-5
1107	goal + feedback	24	0	-0.003070033333333333
1107	goal + feedback	24	50	-0.008865033333333328
1107	goal + feedback	24	100	0.009268633333333312
1107	goal + feedback	24	150	0.013701799999999912
1107	goal + feedback	24	200	0.057479966666666625
1107	goal + feedback	24	250	0.08874346666666673
1107	goal + feedback	24	300	0.12292063333333332
1107	goal + feedback	24	350	0.1583889666666666
1107	goal + feedback	24	400	0.21247280000000002
1107	goal + feedback	24	450	0.2520813000000001
1107	goal + feedback	24	500	0.2795638
1107	goal + feedback	24	550	0.3530046333333334
1107	goal + feedback	24	600	0.3919836333333333
1107	goal + feedback	24	650	0.42092246666666666
1107	goal + feedback	24	700	0.3902620999999999
1107	goal + feedback	24	750	NA
1107	goal + feedback	24	800	NA
1107	goal + feedback	24	850	NA
1107	goal + feedback	24	900	-0.14099569999999995
1107	goal + feedback	24	950	0.018128466666666787
1107	goal + feedback	24	1e3	0.17664390000000002
1107	goal + feedback	24	1050	0.22907446666666664
1107	goal + feedback	24	1100	0.2076898714285715
1107	goal + feedback	24	1150	0.2151463000000001
1107	goal + feedback	25	-200	0.018543057142857058
1107	goal + feedback	25	-150	0.008868033333333228
1107	goal + feedback	25	-100	-0.02336130000000014
1107	goal + feedback	25	-50	-0.002980600000000244
1107	goal + feedback	25	0	-0.00465646666666671
1107	goal + feedback	25	50	-0.018991466666666845
1107	goal + feedback	25	100	-3.2513333333354194e-4
1107	goal + feedback	25	150	0.008105533333333156
1107	goal + feedback	25	200	0.014561366666666483
1107	goal + feedback	25	250	0.01230986666666641
1107	goal + feedback	25	300	0.0027433666666665246
1107	goal + feedback	25	350	0.017275699999999894
1107	goal + feedback	25	400	0.024098533333333155
1107	goal + feedback	25	450	0.03795769999999976
1107	goal + feedback	25	500	0.0774536999999998
1107	goal + feedback	25	550	0.10637519999999985
1107	goal + feedback	25	600	0.13658069999999997
1107	goal + feedback	25	650	0.18189036666666655
1107	goal + feedback	25	700	0.21244069999999993
1107	goal + feedback	25	750	0.17530086666666653
1107	goal + feedback	25	800	0.18085653333333318
1107	goal + feedback	25	850	0.06731119999999988
1107	goal + feedback	25	900	NA
1107	goal + feedback	25	950	NA
1107	goal + feedback	25	1e3	NA
1107	goal + feedback	25	1050	-0.13390080000000015
1107	goal + feedback	25	1100	-0.07705930000000016
1107	goal + feedback	25	1150	0.02969736666666652
1107	goal + feedback	27	-200	-0.029092502304147505
1107	goal + feedback	27	-150	-0.01420547849462365
1107	goal + feedback	27	-100	-0.00872814516129039
1107	goal + feedback	27	-50	0.019919854838709544
1107	goal + feedback	27	0	0.036955021505376294
1107	goal + feedback	27	50	0.07212268817204293
1107	goal + feedback	27	100	0.07022552150537635
1107	goal + feedback	27	150	0.07348235483870973
1107	goal + feedback	27	200	0.08240918817204286
1107	goal + feedback	27	250	0.10397368817204307
1107	goal + feedback	27	300	0.1169585215053764
1107	goal + feedback	27	350	0.11090452150537626
1107	goal + feedback	27	400	0.13560235483870967
1107	goal + feedback	27	450	0.19081068817204297
1107	goal + feedback	27	500	0.2293646881720429
1107	goal + feedback	27	550	0.2736290215053763
1107	goal + feedback	27	600	0.2863230215053764
1107	goal + feedback	27	650	0.3186393548387097
1107	goal + feedback	27	700	0.2593280215053764
1107	goal + feedback	27	750	NA
1107	goal + feedback	27	800	NA
1107	goal + feedback	27	850	NA
1107	goal + feedback	27	900	0.03543535483870974
1107	goal + feedback	27	950	0.16807602150537634
1107	goal + feedback	27	1e3	0.15677568817204302
1107	goal + feedback	27	1050	0.2387350215053762
1107	goal + feedback	27	1100	0.303041688172043
1107	goal + feedback	27	1150	0.32356552150537626
1107	goal + feedback	28	-200	0.02619326267281119
1107	goal + feedback	28	-150	0.009939881720430144
1107	goal + feedback	28	-100	0.01183054838709685
1107	goal + feedback	28	-50	-0.0203841182795698
1107	goal + feedback	28	0	-0.031945118279569806
1107	goal + feedback	28	50	-0.0414086182795698
1107	goal + feedback	28	100	-0.04312645161290307
1107	goal + feedback	28	150	-0.04149261827956985
1107	goal + feedback	28	200	-0.04229111827956985
1107	goal + feedback	28	250	-0.02775378494623637
1107	goal + feedback	28	300	-0.03542011827956985
1107	goal + feedback	28	350	-0.01663561827956987
1107	goal + feedback	28	400	-0.026017951612903174
1107	goal + feedback	28	450	-0.013000451612903197
1107	goal + feedback	28	500	-0.002436284946236489
1107	goal + feedback	28	550	0.04747054838709682
1107	goal + feedback	28	600	0.09931888172043024
1107	goal + feedback	28	650	0.09886071505376348
1107	goal + feedback	28	700	0.027028048387096826
1107	goal + feedback	28	750	NA
1107	goal + feedback	28	800	NA
1107	goal + feedback	28	850	NA
1107	goal + feedback	28	900	-0.12924395161290314
1107	goal + feedback	28	950	0.03361554838709694
1107	goal + feedback	28	1e3	0.03840188172043013
1107	goal + feedback	28	1050	0.06060471505376356
1107	goal + feedback	28	1100	0.17203088172043013
1107	goal + feedback	28	1150	0.22953138172043017
1107	goal + feedback	29	-200	-0.014569926267281121
1107	goal + feedback	29	-150	-0.012476854838709528
1107	goal + feedback	29	-100	-0.0029953548387096816
1107	goal + feedback	29	-50	0.02166981182795702
1107	goal + feedback	29	0	0.010800645161290387
1107	goal + feedback	29	50	0.010745311827957016
1107	goal + feedback	29	100	0.017888311827957137
1107	goal + feedback	29	150	0.037353645161290285
1107	goal + feedback	29	200	0.03060114516129042
1107	goal + feedback	29	250	0.02343264516129036
1107	goal + feedback	29	300	0.008421311827957023
1107	goal + feedback	29	350	-0.015526188172042987
1107	goal + feedback	29	400	-0.010478854838709658
1107	goal + feedback	29	450	0.014428978494623804
1107	goal + feedback	29	500	0.019034145161290317
1107	goal + feedback	29	550	0.05105831182795698
1107	goal + feedback	29	600	0.08560331182795704
1107	goal + feedback	29	650	0.09180897849462373
1107	goal + feedback	29	700	0.07217781182795702
1107	goal + feedback	29	750	0.01635464516129046
1107	goal + feedback	29	800	NA
1107	goal + feedback	29	850	NA
1107	goal + feedback	29	900	NA
1107	goal + feedback	29	950	NA
1107	goal + feedback	29	1e3	-0.22086485483870966
1107	goal + feedback	29	1050	-0.15927852150537625
1107	goal + feedback	29	1100	-0.13629052150537624
1107	goal + feedback	29	1150	-0.0867998548387096
1107	goal + feedback	30	-200	0.02692979262672785
1107	goal + feedback	30	-150	0.027764768817204095
1107	goal + feedback	30	-100	0.006527768817204145
1107	goal + feedback	30	-50	-0.02201723118279597
1107	goal + feedback	30	0	-0.043693397849462544
1107	goal + feedback	30	50	-0.04458856451612925
1107	goal + feedback	30	100	-0.07153623118279591
1107	goal + feedback	30	150	-0.09459023118279604
1107	goal + feedback	30	200	-0.10638406451612914
1107	goal + feedback	30	250	-0.10664256451612915
1107	goal + feedback	30	300	-0.1068602311827959
1107	goal + feedback	30	350	-0.09401639784946265
1107	goal + feedback	30	400	-0.05499889784946251
1107	goal + feedback	30	450	-0.021846897849462588
1107	goal + feedback	30	500	0.022112435483870724
1107	goal + feedback	30	550	0.0820316021505374
1107	goal + feedback	30	600	0.13509626881720402
1107	goal + feedback	30	650	0.1826829354838709
1107	goal + feedback	30	700	0.18274726881720413
1107	goal + feedback	30	750	NA
1107	goal + feedback	30	800	NA
1107	goal + feedback	30	850	NA
1107	goal + feedback	30	900	-0.042743864516129194
1107	goal + feedback	30	950	0.12686743548387072
1107	goal + feedback	30	1e3	0.07561976881720407
1107	goal + feedback	30	1050	0.08721976881720421
1107	goal + feedback	30	1100	0.10730576881720404
1107	goal + feedback	30	1150	0.09904543548387064
1107	goal + feedback	31	-200	0.011619333333333351
1107	goal + feedback	31	-150	-8.061666666665523e-4
1107	goal + feedback	31	-100	-0.0033006666666666926
1107	goal + feedback	31	-50	-0.009109666666666646
1107	goal + feedback	31	0	0.0015971666666666866
1107	goal + feedback	31	50	0.011179333333333355
1107	goal + feedback	31	100	0.03791350000000001
1107	goal + feedback	31	150	0.07488333333333341
1107	goal + feedback	31	200	0.09469633333333342
1107	goal + feedback	31	250	0.126912
1107	goal + feedback	31	300	0.1518521666666667
1107	goal + feedback	31	350	0.15777016666666674
1107	goal + feedback	31	400	0.151803
1107	goal + feedback	31	450	0.21223916666666684
1107	goal + feedback	31	500	0.21413266666666667
1107	goal + feedback	31	550	0.2753123333333332
1107	goal + feedback	31	600	0.2851955
1107	goal + feedback	31	650	0.29093916666666675
1107	goal + feedback	31	700	0.22352783333333334
1107	goal + feedback	31	750	0.1565735
1107	goal + feedback	31	800	0.09296399999999998
1107	goal + feedback	31	850	0.08983983333333338
1107	goal + feedback	31	900	0.05011583333333336
1107	goal + feedback	31	950	0.03458716666666676
1107	goal + feedback	31	1e3	0.03868149999999996
1107	goal + feedback	31	1050	0.043607499999999945
1107	goal + feedback	31	1100	0.047584190476190634
1107	goal + feedback	31	1150	0.04799966666666666
1107	goal + feedback	32	-200	0.002677366666666551
1107	goal + feedback	32	-150	0.0054985333333332775
1107	goal + feedback	32	-100	0.0054533666666665885
1107	goal + feedback	32	-50	-0.0010858000000000996
1107	goal + feedback	32	0	-0.012543466666666761
1107	goal + feedback	32	50	-0.0219223000000001
1107	goal + feedback	32	100	-0.034238133333333476
1107	goal + feedback	32	150	-0.022539133333333423
1107	goal + feedback	32	200	-0.02231346666666682
1107	goal + feedback	32	250	-0.01591263333333348
1107	goal + feedback	32	300	0.004596866666666551
1107	goal + feedback	32	350	0.03166903333333323
1107	goal + feedback	32	400	0.050794533333333204
1107	goal + feedback	32	450	0.08221036666666655
1107	goal + feedback	32	500	0.1289016999999999
1107	goal + feedback	32	550	0.16490603333333312
1107	goal + feedback	32	600	0.22750369999999984
1107	goal + feedback	32	650	0.24208986666666651
1107	goal + feedback	32	700	0.23959119999999987
1107	goal + feedback	32	750	0.1989828666666665
1107	goal + feedback	32	800	0.1175926333333333
1107	goal + feedback	32	850	NA
1107	goal + feedback	32	900	NA
1107	goal + feedback	32	950	NA
1107	goal + feedback	32	1e3	-0.09508796666666663
1107	goal + feedback	32	1050	-0.001005766666666652
1107	goal + feedback	32	1100	0.07703983333333327
1107	goal + feedback	32	1150	0.09148560476190466
1107	goal + feedback	33	-200	0.0575711333333333
1107	goal + feedback	33	-150	0.02204880000000009
1107	goal + feedback	33	-100	-0.007250866666666633
1107	goal + feedback	33	-50	-0.02028870000000005
1107	goal + feedback	33	0	-0.052080366666666635
1107	goal + feedback	33	50	-0.045440366666666655
1107	goal + feedback	33	100	-0.05781486666666661
1107	goal + feedback	33	150	-0.06794753333333332
1107	goal + feedback	33	200	-0.06303669999999983
1107	goal + feedback	33	250	-0.06561220000000005
1107	goal + feedback	33	300	-0.05308436666666664
1107	goal + feedback	33	350	-0.052006699999999885
1107	goal + feedback	33	400	-0.05522903333333318
1107	goal + feedback	33	450	-0.029712200000000005
1107	goal + feedback	33	500	0.02871030000000004
1107	goal + feedback	33	550	0.07600029999999995
1107	goal + feedback	33	600	0.11941746666666675
1107	goal + feedback	33	650	0.17634863333333328
1107	goal + feedback	33	700	0.1640463
1107	goal + feedback	33	750	0.13478230000000013
1107	goal + feedback	33	800	0.11685213333333351
1107	goal + feedback	33	850	0.07915196666666668
1107	goal + feedback	33	900	-0.03879869999999985
1107	goal + feedback	33	950	NA
1107	goal + feedback	33	1e3	NA
1107	goal + feedback	33	1050	NA
1107	goal + feedback	33	1100	-0.1958972000000001
1107	goal + feedback	33	1150	-0.12458803333333335
1107	goal + feedback	34	-200	0.008848741935483875
1107	goal + feedback	34	-150	0.009751908602150547
1107	goal + feedback	34	-100	0.009871075268817068
1107	goal + feedback	34	-50	-0.014787091397849542
1107	goal + feedback	34	0	-0.015159424731182888
1107	goal + feedback	34	50	-0.02578809139784936
1107	goal + feedback	34	100	-0.018673258064516213
1107	goal + feedback	34	150	-0.00189092473118276
1107	goal + feedback	34	200	0.006110908602150467
1107	goal + feedback	34	250	0.025172575268817148
1107	goal + feedback	34	300	0.04325524193548377
1107	goal + feedback	34	350	0.04525307526881724
1107	goal + feedback	34	400	0.05013107526881718
1107	goal + feedback	34	450	0.07736574193548389
1107	goal + feedback	34	500	0.1091417419354838
1107	goal + feedback	34	550	0.16585657526881717
1107	goal + feedback	34	600	0.21736140860215047
1107	goal + feedback	34	650	0.2501975752688172
1107	goal + feedback	34	700	0.27183074193548373
1107	goal + feedback	34	750	0.2954937419354838
1107	goal + feedback	34	800	0.29391490860215047
1107	goal + feedback	34	850	0.2889115752688172
1107	goal + feedback	34	900	0.28566557526881714
1107	goal + feedback	34	950	0.2889627419354838
1107	goal + feedback	34	1e3	0.2790302419354838
1107	goal + feedback	34	1050	0.18805174193548382
1107	goal + feedback	34	1100	NA
1107	goal + feedback	34	1150	NA
1107	goal + feedback	35	-200	0.04065012442396324
1107	goal + feedback	35	-150	0.0249883387096775
1107	goal + feedback	35	-100	-0.0014618279569891257
1107	goal + feedback	35	-50	-0.01112016129032245
1107	goal + feedback	35	0	-0.059831494623655855
1107	goal + feedback	35	50	-0.07630032795698916
1107	goal + feedback	35	100	-0.11537799462365572
1107	goal + feedback	35	150	-0.1475046612903225
1107	goal + feedback	35	200	-0.15930449462365578
1107	goal + feedback	35	250	-0.18334499462365575
1107	goal + feedback	35	300	-0.19456549462365583
1107	goal + feedback	35	350	-0.2094874946236557
1107	goal + feedback	35	400	-0.20368816129032244
1107	goal + feedback	35	450	-0.16443732795698907
1107	goal + feedback	35	500	-0.13682666129032248
1107	goal + feedback	35	550	-0.07905566129032253
1107	goal + feedback	35	600	-0.023398494623655768
1107	goal + feedback	35	650	0.0214076720430109
1107	goal + feedback	35	700	0.04465567204301091
1107	goal + feedback	35	750	0.02355133870967759
1107	goal + feedback	35	800	0.002185005376344288
1107	goal + feedback	35	850	NA
1107	goal + feedback	35	900	NA
1107	goal + feedback	35	950	NA
1107	goal + feedback	35	1e3	NA
1107	goal + feedback	35	1050	NA
1107	goal + feedback	35	1100	NA
1107	goal + feedback	35	1150	-0.1963927612903224
1107	goal + feedback	36	-200	-0.004967437788018257
1107	goal + feedback	36	-150	0.0046642526881722395
1107	goal + feedback	36	-100	0.015496752688172188
1107	goal + feedback	36	-50	-0.004389080645161192
1107	goal + feedback	36	0	-0.009976580645161048
1107	goal + feedback	36	50	-0.04680141397849454
1107	goal + feedback	36	100	-0.050545747311827816
1107	goal + feedback	36	150	-0.06594991397849448
1107	goal + feedback	36	200	-0.08032324731182776
1107	goal + feedback	36	250	-0.06815908064516114
1107	goal + feedback	36	300	-0.0684700806451611
1107	goal + feedback	36	350	-0.04645691397849442
1107	goal + feedback	36	400	-0.019188747311827885
1107	goal + feedback	36	450	0.025285752688172163
1107	goal + feedback	36	500	0.08963691935483875
1107	goal + feedback	36	550	0.12609941935483882
1107	goal + feedback	36	600	0.17540041935483877
1107	goal + feedback	36	650	0.17914241935483885
1107	goal + feedback	36	700	0.1494830860215056
1107	goal + feedback	36	750	0.09248491935483887
1107	goal + feedback	36	800	NA
1107	goal + feedback	36	850	NA
1107	goal + feedback	36	900	NA
1107	goal + feedback	36	950	NA
1107	goal + feedback	36	1e3	-0.14593258064516124
1107	goal + feedback	36	1050	0.0738608193548389
1107	goal + feedback	36	1100	0.09953625268817216
1107	goal + feedback	36	1150	0.1388317526881723
1107	goal + feedback	37	-200	-0.042176299539170535
1107	goal + feedback	37	-150	-0.020346204301075366
1107	goal + feedback	37	-100	0.0016333290322578797
1107	goal + feedback	37	-50	0.032915414746543616
1107	goal + feedback	37	0	0.029789462365591286
1107	goal + feedback	37	50	0.061218129032257984
1107	goal + feedback	37	100	0.08908846236559136
1107	goal + feedback	37	150	0.10915646236559125
1107	goal + feedback	37	200	0.11603996236559122
1107	goal + feedback	37	250	0.14587629569892457
1107	goal + feedback	37	300	0.1585382956989246
1107	goal + feedback	37	350	0.1357814623655913
1107	goal + feedback	37	400	0.13234629569892462
1107	goal + feedback	37	450	0.13932729569892457
1107	goal + feedback	37	500	0.1586804623655913
1107	goal + feedback	37	550	0.16417329569892467
1107	goal + feedback	37	600	0.20703879569892458
1107	goal + feedback	37	650	0.2393924623655912
1107	goal + feedback	37	700	0.24764229569892451
1107	goal + feedback	37	750	0.22734179569892463
1107	goal + feedback	37	800	0.19786112903225797
1107	goal + feedback	37	850	0.16621062903225803
1107	goal + feedback	37	900	0.14874812903225795
1107	goal + feedback	37	950	0.15182529569892464
1107	goal + feedback	37	1e3	0.1288229623655913
1107	goal + feedback	37	1050	0.12691496236559133
1107	goal + feedback	37	1100	0.11094329569892462
1107	goal + feedback	37	1150	0.0740527956989246
1107	goal + feedback	38	-200	0.009522967741935506
1107	goal + feedback	38	-150	0.009715967741935469
1107	goal + feedback	38	-100	-0.009025198924731193
1107	goal + feedback	38	-50	-0.012036198924731215
1107	goal + feedback	38	0	2.3530107526877528e-4
1107	goal + feedback	38	50	0.017203967741935482
1107	goal + feedback	38	100	0.044198467741935366
1107	goal + feedback	38	150	0.07546880107526881
1107	goal + feedback	38	200	0.08945930107526882
1107	goal + feedback	38	250	0.10915980107526879
1107	goal + feedback	38	300	0.11312396774193549
1107	goal + feedback	38	350	0.11124230107526878
1107	goal + feedback	38	400	0.1365524677419355
1107	goal + feedback	38	450	0.14981113440860208
1107	goal + feedback	38	500	0.2077224677419355
1107	goal + feedback	38	550	0.2314848010752689
1107	goal + feedback	38	600	0.28430546774193544
1107	goal + feedback	38	650	0.3326249677419355
1107	goal + feedback	38	700	0.35023913440860216
1107	goal + feedback	38	750	0.36728780107526887
1107	goal + feedback	38	800	0.34224080107526883
1107	goal + feedback	38	850	0.30048546774193546
1107	goal + feedback	38	900	NA
1107	goal + feedback	38	950	NA
1107	goal + feedback	38	1e3	NA
1107	goal + feedback	38	1050	NA
1107	goal + feedback	38	1100	0.04128646774193556
1107	goal + feedback	38	1150	0.14408071774193554
1107	goal + feedback	39	-200	0.011991087557603601
1107	goal + feedback	39	-150	-0.008598650537634608
1107	goal + feedback	39	-100	-0.002043650537634519
1107	goal + feedback	39	-50	-0.005121150537634511
1107	goal + feedback	39	0	0.0017738494623655103
1107	goal + feedback	39	50	0.006380682795698774
1107	goal + feedback	39	100	0.017036516129032158
1107	goal + feedback	39	150	0.004976682795698739
1107	goal + feedback	39	200	-0.005755817204301146
1107	goal + feedback	39	250	-0.01672031720430119
1107	goal + feedback	39	300	-0.011119650537634529
1107	goal + feedback	39	350	-0.0011613172043012376
1107	goal + feedback	39	400	0.021717516129032093
1107	goal + feedback	39	450	0.052259182795698855
1107	goal + feedback	39	500	0.11016551612903218
1107	goal + feedback	39	550	0.165072016129032
1107	goal + feedback	39	600	0.22452984946236554
1107	goal + feedback	39	650	0.28232701612903216
1107	goal + feedback	39	700	0.20376976612903197
1107	goal + feedback	39	750	NA
1107	goal + feedback	39	800	NA
1107	goal + feedback	39	850	NA
1107	goal + feedback	39	900	NA
1107	goal + feedback	39	950	0.1317265161290322
1107	goal + feedback	39	1e3	0.35364968279569875
1107	goal + feedback	39	1050	0.36659234946236546
1107	goal + feedback	39	1100	0.3868493494623655
1107	goal + feedback	39	1150	0.43440851612903214
1107	goal + feedback	40	-200	-0.001718698924731088
1107	goal + feedback	40	-150	-0.0025706036866359433
1107	goal + feedback	40	-100	-0.009045865591397714
1107	goal + feedback	40	-50	0.009963367741935514
1107	goal + feedback	40	0	0.004680682027649803
1107	goal + feedback	40	50	0.007803767741935541
1107	goal + feedback	40	100	0.018908110599078296
1107	goal + feedback	40	150	0.0189954677419355
1107	goal + feedback	40	200	0.010262967741935544
1107	goal + feedback	40	250	-0.003644865591397798
1107	goal + feedback	40	300	-0.026197532258064465
1107	goal + feedback	40	350	-0.01479086559139775
1107	goal + feedback	40	400	-0.011754198924731249
1107	goal + feedback	40	450	-0.008747365591397882
1107	goal + feedback	40	500	0.05070513440860225
1107	goal + feedback	40	550	0.10648330107526897
1107	goal + feedback	40	600	0.13986480107526886
1107	goal + feedback	40	650	0.1801389677419356
1107	goal + feedback	40	700	0.17197646774193553
1107	goal + feedback	40	750	0.10480896774193545
1107	goal + feedback	40	800	NA
1107	goal + feedback	40	850	NA
1107	goal + feedback	40	900	NA
1107	goal + feedback	40	950	NA
1107	goal + feedback	40	1e3	-0.2121445322580644
1107	goal + feedback	40	1050	0.0626941344086022
1107	goal + feedback	40	1100	0.057986134408602265
1107	goal + feedback	40	1150	0.08320030107526888
1107	goal + feedback	41	-200	0.05972305069124406
1107	goal + feedback	41	-150	0.025461526881720358
1107	goal + feedback	41	-100	-0.01151830645161304
1107	goal + feedback	41	-50	-0.02585347311827964
1107	goal + feedback	41	0	-0.057766639784946415
1107	goal + feedback	41	50	-0.0686023064516131
1107	goal + feedback	41	100	-0.0750164731182797
1107	goal + feedback	41	150	-0.0475264731182797
1107	goal + feedback	41	200	-0.041111306451613094
1107	goal + feedback	41	250	-0.028821306451613033
1107	goal + feedback	41	300	0.0055241935483869575
1107	goal + feedback	41	350	0.018296526881720343
1107	goal + feedback	41	400	0.06094086021505355
1107	goal + feedback	41	450	0.09518636021505371
1107	goal + feedback	41	500	0.15910969354838697
1107	goal + feedback	41	550	0.20961969354838694
1107	goal + feedback	41	600	0.250292193548387
1107	goal + feedback	41	650	0.2645541935483869
1107	goal + feedback	41	700	0.26338069354838695
1107	goal + feedback	41	750	0.253027193548387
1107	goal + feedback	41	800	NA
1107	goal + feedback	41	850	NA
1107	goal + feedback	41	900	NA
1107	goal + feedback	41	950	NA
1107	goal + feedback	41	1e3	NA
1107	goal + feedback	41	1050	0.11623869354838678
1107	goal + feedback	41	1100	0.092588593548387
1107	goal + feedback	41	1150	0.12101702688172027
1107	goal + feedback	42	-200	0.0020955345622120725
1107	goal + feedback	42	-150	0.002744510752688297
1107	goal + feedback	42	-100	-0.01031332258064488
1107	goal + feedback	42	-50	0.004360844086021738
1107	goal + feedback	42	0	7.631774193549804e-4
1107	goal + feedback	42	50	0.01583201075268829
1107	goal + feedback	42	100	0.03646717741935501
1107	goal + feedback	42	150	0.04588767741935499
1107	goal + feedback	42	200	0.05770301075268828
1107	goal + feedback	42	250	0.05077667741935499
1107	goal + feedback	42	300	0.02807201075268832
1107	goal + feedback	42	350	0.0423175107526883
1107	goal + feedback	42	400	0.04891551075268833
1107	goal + feedback	42	450	0.06769067741935508
1107	goal + feedback	42	500	0.08518734408602165
1107	goal + feedback	42	550	0.1268573440860218
1107	goal + feedback	42	600	0.15608184408602166
1107	goal + feedback	42	650	0.17144934408602164
1107	goal + feedback	42	700	0.14920351075268834
1107	goal + feedback	42	750	0.06352817741935501
1107	goal + feedback	42	800	NA
1107	goal + feedback	42	850	NA
1107	goal + feedback	42	900	NA
1107	goal + feedback	42	950	NA
1107	goal + feedback	42	1e3	NA
1107	goal + feedback	42	1050	NA
1107	goal + feedback	42	1100	-0.3250263225806449
1107	goal + feedback	42	1150	0.004137177419355043
1107	goal + feedback	44	-200	0.03430401382488472
1107	goal + feedback	44	-150	0.023088370967741856
1107	goal + feedback	44	-100	0.010474204301075115
1107	goal + feedback	44	-50	-0.017420962365591503
1107	goal + feedback	44	0	-0.056162962365591484
1107	goal + feedback	44	50	-0.05283779569892485
1107	goal + feedback	44	100	-0.06944329569892482
1107	goal + feedback	44	150	-0.07007696236559154
1107	goal + feedback	44	200	-0.08577479569892477
1107	goal + feedback	44	250	-0.1253136290322582
1107	goal + feedback	44	300	-0.1398487956989248
1107	goal + feedback	44	350	-0.12250679569892482
1107	goal + feedback	44	400	-0.13619196236559147
1107	goal + feedback	44	450	-0.10583996236559146
1107	goal + feedback	44	500	-0.06064829569892479
1107	goal + feedback	44	550	-0.01557246236559151
1107	goal + feedback	44	600	0.022603204301075097
1107	goal + feedback	44	650	0.07620337096774188
1107	goal + feedback	44	700	0.07522287096774183
1107	goal + feedback	44	750	NA
1107	goal + feedback	44	800	NA
1107	goal + feedback	44	850	NA
1107	goal + feedback	44	900	NA
1107	goal + feedback	44	950	NA
1107	goal + feedback	44	1e3	NA
1107	goal + feedback	44	1050	-0.028032629032258116
1107	goal + feedback	44	1100	-0.04014829569892483
1107	goal + feedback	44	1150	0.008489370967741827
1107	goal + feedback	45	-200	-0.0036604147465437087
1107	goal + feedback	45	-150	-0.01223479569892468
1107	goal + feedback	45	-100	-0.014829962365591346
1107	goal + feedback	45	-50	0.014619537634408633
1107	goal + feedback	45	0	0.0167157043010752
1107	goal + feedback	45	50	0.02406203763440858
1107	goal + feedback	45	100	0.037976204301075324
1107	goal + feedback	45	150	0.04119720430107524
1107	goal + feedback	45	200	0.02541803763440864
1107	goal + feedback	45	250	0.018212537634408665
1107	goal + feedback	45	300	0.020596537634408607
1107	goal + feedback	45	350	0.03154220430107527
1107	goal + feedback	45	400	0.053471537634408595
1107	goal + feedback	45	450	0.08881087096774198
1107	goal + feedback	45	500	0.15507403763440872
1107	goal + feedback	45	550	0.20512853763440866
1107	goal + feedback	45	600	0.2104310376344085
1107	goal + feedback	45	650	0.24311603763440867
1107	goal + feedback	45	700	0.2338930376344086
1107	goal + feedback	45	750	0.1923638709677419
1107	goal + feedback	45	800	0.13322270430107533
1107	goal + feedback	45	850	0.03957187096774204
1107	goal + feedback	45	900	NA
1107	goal + feedback	45	950	NA
1107	goal + feedback	45	1e3	NA
1107	goal + feedback	45	1050	NA
1107	goal + feedback	45	1100	-0.22280112903225802
1107	goal + feedback	45	1150	-0.011133129032258004
1107	goal + feedback	46	-200	0.009749041474654163
1107	goal + feedback	46	-150	0.007353446236558907
1107	goal + feedback	46	-100	-0.0029788870967744074
1107	goal + feedback	46	-50	-0.0027772204301076777
1107	goal + feedback	46	0	-0.012971220430107788
1107	goal + feedback	46	50	-0.02697672043010768
1107	goal + feedback	46	100	-0.028311553763441077
1107	goal + feedback	46	150	-0.02592972043010781
1107	goal + feedback	46	200	-0.004299720430107845
1107	goal + feedback	46	250	0.007436446236558887
1107	goal + feedback	46	300	0.02339527956989218
1107	goal + feedback	46	350	0.03421777956989228
1107	goal + feedback	46	400	0.04052977956989231
1107	goal + feedback	46	450	0.06369094623655898
1107	goal + feedback	46	500	0.0872311129032255
1107	goal + feedback	46	550	0.12325077956989221
1107	goal + feedback	46	600	0.15712244623655888
1107	goal + feedback	46	650	0.1905781129032255
1107	goal + feedback	46	700	0.2145769462365589
1107	goal + feedback	46	750	0.2158732795698922
1107	goal + feedback	46	800	0.1516834462365589
1107	goal + feedback	46	850	0.1340484462365589
1107	goal + feedback	46	900	0.1014841129032255
1107	goal + feedback	46	950	0.04635877956989224
1107	goal + feedback	46	1e3	-0.15052338709677437
1107	goal + feedback	46	1050	NA
1107	goal + feedback	46	1100	NA
1107	goal + feedback	46	1150	NA
1107	goal + feedback	47	-200	-0.012258301075268818
1107	goal + feedback	47	-150	-0.001276301075268919
1107	goal + feedback	47	-100	0.004967532258064529
1107	goal + feedback	47	-50	-0.005409634408602167
1107	goal + feedback	47	0	0.011980032258064544
1107	goal + feedback	47	50	0.01005436559139783
1107	goal + feedback	47	100	-0.017966801075268785
1107	goal + feedback	47	150	-0.03455846774193557
1107	goal + feedback	47	200	-0.05035146774193544
1107	goal + feedback	47	250	-0.0630449677419355
1107	goal + feedback	47	300	-0.042605134408602176
1107	goal + feedback	47	350	-0.019728801075268903
1107	goal + feedback	47	400	0.020515865591397803
1107	goal + feedback	47	450	0.06124403225806452
1107	goal + feedback	47	500	0.11891869892473113
1107	goal + feedback	47	550	0.1934683655913978
1107	goal + feedback	47	600	0.22861786559139782
1107	goal + feedback	47	650	0.2796762322580645
1107	goal + feedback	47	700	0.24753436559139783
1107	goal + feedback	47	750	NA
1107	goal + feedback	47	800	NA
1107	goal + feedback	47	850	NA
1107	goal + feedback	47	900	NA
1107	goal + feedback	47	950	0.22449203225806436
1107	goal + feedback	47	1e3	0.17647474654377865
1107	goal + feedback	47	1050	0.1873518655913978
1107	goal + feedback	47	1100	0.21057919892473112
1107	goal + feedback	47	1150	0.22508203225806445
1107	goal + feedback	48	-200	0.0015728525345622174
1107	goal + feedback	48	-150	-0.004037290322580637
1107	goal + feedback	48	-100	0.0019222096774194803
1107	goal + feedback	48	-50	0.0018867096774194032
1107	goal + feedback	48	0	-0.001606623655913871
1107	goal + feedback	48	50	0.0016372096774193896
1107	goal + feedback	48	100	-0.019407790322580516
1107	goal + feedback	48	150	-0.035092456989247234
1107	goal + feedback	48	200	-0.034296790322580595
1107	goal + feedback	48	250	-0.026661123655913926
1107	goal + feedback	48	300	-0.04366912365591391
1107	goal + feedback	48	350	-0.020493456989247278
1107	goal + feedback	48	400	0.025224043010752872
1107	goal + feedback	48	450	0.04659887634408618
1107	goal + feedback	48	500	0.09472537634408607
1107	goal + feedback	48	550	0.16815437634408595
1107	goal + feedback	48	600	0.22900070967741945
1107	goal + feedback	48	650	0.2431383763440861
1107	goal + feedback	48	700	0.23635020967741957
1107	goal + feedback	48	750	0.20767510967741928
1107	goal + feedback	48	800	NA
1107	goal + feedback	48	850	NA
1107	goal + feedback	48	900	-0.31945029032258043
1107	goal + feedback	48	950	0.052007543010752645
1107	goal + feedback	48	1e3	0.11776820967741945
1107	goal + feedback	48	1050	0.1341153763440861
1107	goal + feedback	48	1100	0.14925770967741947
1107	goal + feedback	48	1150	NA
1107	goal + feedback	49	-200	-0.007340769585253299
1107	goal + feedback	49	-150	0.002962016129032389
1107	goal + feedback	49	-100	5.47682795699019e-4
1107	goal + feedback	49	-50	0.009656682795699053
1107	goal + feedback	49	0	-0.004602150537634353
1107	goal + feedback	49	50	-0.024267150537634324
1107	goal + feedback	49	100	-0.02419915053763429
1107	goal + feedback	49	150	-0.030620817204300915
1107	goal + feedback	49	200	-0.02734948387096751
1107	goal + feedback	49	250	-0.03192915053763431
1107	goal + feedback	49	300	-3.019838709676925e-4
1107	goal + feedback	49	350	0.0385695161290324
1107	goal + feedback	49	400	0.09372801612903237
1107	goal + feedback	49	450	0.16149001612903224
1107	goal + feedback	49	500	0.21837168279569905
1107	goal + feedback	49	550	0.2819503494623656
1107	goal + feedback	49	600	0.3323971827956991
1107	goal + feedback	49	650	0.35357034946236565
1107	goal + feedback	49	700	0.3354228494623656
1107	goal + feedback	49	750	0.30599618279569896
1107	goal + feedback	49	800	NA
1107	goal + feedback	49	850	NA
1107	goal + feedback	49	900	NA
1107	goal + feedback	49	950	0.06974676612903219
1107	goal + feedback	49	1e3	0.1881695161290323
1107	goal + feedback	49	1050	0.22869591612903228
1107	goal + feedback	49	1100	NA
1107	goal + feedback	49	1150	NA
1107	goal + feedback	50	-200	-0.0456149631336405
1107	goal + feedback	50	-150	-0.018232510752688096
1107	goal + feedback	50	-100	0.0056733225806451975
1107	goal + feedback	50	-50	0.023861322580645144
1107	goal + feedback	50	0	0.041915322580645085
1107	goal + feedback	50	50	0.062149822580645164
1107	goal + feedback	50	100	0.06322848924731168
1107	goal + feedback	50	150	0.059422322580645094
1107	goal + feedback	50	200	0.06943915591397842
1107	goal + feedback	50	250	0.071174989247311915
1107	goal + feedback	50	300	0.0842299892473118
1107	goal + feedback	50	350	0.10124298924731175
1107	goal + feedback	50	400	0.11975532258064521
1107	goal + feedback	50	450	0.16816582258064505
1107	goal + feedback	50	500	0.20656882258064516
1107	goal + feedback	50	550	0.2562133225806451
1107	goal + feedback	50	600	0.2921388225806452
1107	goal + feedback	50	650	0.3077386559139785
1107	goal + feedback	50	700	0.28783582258064516
1107	goal + feedback	50	750	0.24879015591397846
1107	goal + feedback	50	800	0.197229522580645
1107	goal + feedback	50	850	NA
1107	goal + feedback	50	900	NA
1107	goal + feedback	50	950	NA
1107	goal + feedback	50	1e3	-0.36092067741935496
1107	goal + feedback	50	1050	0.10524648924731173
1107	goal + feedback	50	1100	0.07497332258064504
1107	goal + feedback	50	1150	NA
1107	goal + feedback	51	-200	0.043470940092165886
1107	goal + feedback	51	-150	0.027261892473118204
1107	goal + feedback	51	-100	-0.001707107526881672
1107	goal + feedback	51	-50	-0.03209594086021498
1107	goal + feedback	51	0	-0.044174940860215006
1107	goal + feedback	51	50	-0.07332310752688172
1107	goal + feedback	51	100	-0.08224360752688169
1107	goal + feedback	51	150	-0.08326210752688172
1107	goal + feedback	51	200	-0.09211394086021503
1107	goal + feedback	51	250	-0.08541860752688168
1107	goal + feedback	51	300	-0.08653127419354838
1107	goal + feedback	51	350	-0.08101277419354846
1107	goal + feedback	51	400	-0.07163977419354839
1107	goal + feedback	51	450	-0.044961107526881726
1107	goal + feedback	51	500	-0.005717274193548431
1107	goal + feedback	51	550	0.04362072580645152
1107	goal + feedback	51	600	0.10293689247311828
1107	goal + feedback	51	650	0.11836739247311834
1107	goal + feedback	51	700	0.03754562580645162
1107	goal + feedback	51	750	0.031828225806451726
1107	goal + feedback	51	800	NA
1107	goal + feedback	51	850	-0.41297477419354855
1107	goal + feedback	51	900	-0.016524107526881677
1107	goal + feedback	51	950	0.00981705913978496
1107	goal + feedback	51	1e3	-0.12465427419354835
1107	goal + feedback	51	1050	NA
1107	goal + feedback	51	1100	NA
1107	goal + feedback	51	1150	-0.11823057419354824
1107	goal + feedback	52	-200	-0.015496898617511436
1107	goal + feedback	52	-150	-0.014107112903225675
1107	goal + feedback	52	-100	-0.004671779569892435
1107	goal + feedback	52	-50	0.003465387096774316
1107	goal + feedback	52	0	0.03339322043010758
1107	goal + feedback	52	50	0.04381955376344101
1107	goal + feedback	52	100	0.04007272043010768
1107	goal + feedback	52	150	0.013473887096774254
1107	goal + feedback	52	200	0.008252220430107574
1107	goal + feedback	52	250	0.012404887096774194
1107	goal + feedback	52	300	0.0037105537634409824
1107	goal + feedback	52	350	-0.006218779569892326
1107	goal + feedback	52	400	0.004510053763440973
1107	goal + feedback	52	450	0.060686053763440974
1107	goal + feedback	52	500	0.09759105376344102
1107	goal + feedback	52	550	0.14294738709677426
1107	goal + feedback	52	600	0.19220888709677433
1107	goal + feedback	52	650	0.23957722043010757
1107	goal + feedback	52	700	0.2420960537634409
1107	goal + feedback	52	750	0.20012122043010758
1107	goal + feedback	52	800	0.13954155376344093
1107	goal + feedback	52	850	NA
1107	goal + feedback	52	900	NA
1107	goal + feedback	52	950	NA
1107	goal + feedback	52	1e3	NA
1107	goal + feedback	52	1050	NA
1107	goal + feedback	52	1100	NA
1107	goal + feedback	52	1150	NA
1107	goal + feedback	53	-200	-0.056824442396313186
1107	goal + feedback	53	-150	-0.003860537634408597
1107	goal + feedback	53	-100	0.013261129032258179
1107	goal + feedback	53	-50	0.02766062903225815
1107	goal + feedback	53	0	0.02923396236559143
1107	goal + feedback	53	50	0.011812129032258145
1107	goal + feedback	53	100	-0.011395037634408522
1107	goal + feedback	53	150	-0.07270253763440852
1107	goal + feedback	53	200	-0.0894035376344086
1107	goal + feedback	53	250	-0.12296653763440846
1107	goal + feedback	53	300	-0.1341610376344086
1107	goal + feedback	53	350	-0.14631287096774193
1107	goal + feedback	53	400	-0.11621187096774192
1107	goal + feedback	53	450	-0.09141903763440855
1107	goal + feedback	53	500	-0.040460204301075255
1107	goal + feedback	53	550	3.042956989247614e-4
1107	goal + feedback	53	600	0.044549795698924845
1107	goal + feedback	53	650	0.047198795698924746
1107	goal + feedback	53	700	NA
1107	goal + feedback	53	750	NA
1107	goal + feedback	53	800	NA
1107	goal + feedback	53	850	NA
1107	goal + feedback	53	900	-0.08966137096774185
1107	goal + feedback	53	950	-0.10628087096774186
1107	goal + feedback	53	1e3	-0.0704008709677418
1107	goal + feedback	53	1050	-0.03653220430107518
1107	goal + feedback	53	1100	0.03381212903225809
1107	goal + feedback	53	1150	NA
1107	goal + feedback	54	-200	0.04920734562211969
1107	goal + feedback	54	-150	0.028763274193548332
1107	goal + feedback	54	-100	-0.008450225806451753
1107	goal + feedback	54	-50	-0.035238559139785165
1107	goal + feedback	54	0	-0.04248305913978504
1107	goal + feedback	54	50	-0.04342322580645175
1107	goal + feedback	54	100	-0.0228857258064518
1107	goal + feedback	54	150	-0.013938059139785
1107	goal + feedback	54	200	0.022228940860214985
1107	goal + feedback	54	250	0.038041440860214916
1107	goal + feedback	54	300	0.05729644086021494
1107	goal + feedback	54	350	0.08492227419354825
1107	goal + feedback	54	400	0.11736810752688161
1107	goal + feedback	54	450	0.16081444086021493
1107	goal + feedback	54	500	0.1956721075268817
1107	goal + feedback	54	550	0.23395060752688165
1107	goal + feedback	54	600	0.2644811075268816
1107	goal + feedback	54	650	0.2858222741935483
1107	goal + feedback	54	700	0.3227032741935483
1107	goal + feedback	54	750	0.2878652741935483
1107	goal + feedback	54	800	0.2221147741935483
1107	goal + feedback	54	850	NA
1107	goal + feedback	54	900	NA
1107	goal + feedback	54	950	NA
1107	goal + feedback	54	1e3	NA
1107	goal + feedback	54	1050	-0.018853225806451768
1107	goal + feedback	54	1100	0.18083560752688155
1107	goal + feedback	54	1150	0.15616844086021495
1107	goal + feedback	55	-200	-0.037337866666666754
1107	goal + feedback	55	-150	-0.024976033333333387
1107	goal + feedback	55	-100	6.28466666666568e-4
1107	goal + feedback	55	-50	0.019245799999999907
1107	goal + feedback	55	0	0.042439633333333227
1107	goal + feedback	55	50	0.05453529999999995
1107	goal + feedback	55	100	0.07293746666666667
1107	goal + feedback	55	150	0.09452379999999987
1107	goal + feedback	55	200	0.10960446666666661
1107	goal + feedback	55	250	0.11816946666666661
1107	goal + feedback	55	300	0.12752313333333323
1107	goal + feedback	55	350	0.10787246666666661
1107	goal + feedback	55	400	0.07012746666666662
1107	goal + feedback	55	450	0.03430296666666662
1107	goal + feedback	55	500	0.04201363333333319
1107	goal + feedback	55	550	0.055302466666666605
1107	goal + feedback	55	600	0.08198979999999989
1107	goal + feedback	55	650	0.11097096666666666
1107	goal + feedback	55	700	0.13606979999999994
1107	goal + feedback	55	750	0.15387429999999988
1107	goal + feedback	55	800	0.1394311333333332
1107	goal + feedback	55	850	0.11351796666666658
1107	goal + feedback	55	900	0.049550633333333094
1107	goal + feedback	55	950	NA
1107	goal + feedback	55	1e3	NA
1107	goal + feedback	55	1050	NA
1107	goal + feedback	55	1100	NA
1107	goal + feedback	55	1150	NA
1107	goal + feedback	56	-200	0.0056648479262675034
1107	goal + feedback	56	-150	0.006490086021505581
1107	goal + feedback	56	-100	-0.0031675806451610575
1107	goal + feedback	56	-50	-0.006409247311827793
1107	goal + feedback	56	0	-0.0035222473118277087
1107	goal + feedback	56	50	-0.009271413978494403
1107	goal + feedback	56	100	-0.025404913978494426
1107	goal + feedback	56	150	-0.03687724731182781
1107	goal + feedback	56	200	-0.04059791397849436
1107	goal + feedback	56	250	-0.06942058064516117
1107	goal + feedback	56	300	-0.08996674731182774
1107	goal + feedback	56	350	-0.09886924731182771
1107	goal + feedback	56	400	-0.09227908064516115
1107	goal + feedback	56	450	-0.0628717473118278
1107	goal + feedback	56	500	-0.04006358064516102
1107	goal + feedback	56	550	0.006990752688172212
1107	goal + feedback	56	600	0.05898341935483894
1107	goal + feedback	56	650	0.09481758602150554
1107	goal + feedback	56	700	0.10932808602150557
1107	goal + feedback	56	750	0.04359041935483887
1107	goal + feedback	56	800	NA
1107	goal + feedback	56	850	NA
1107	goal + feedback	56	900	NA
1107	goal + feedback	56	950	NA
1107	goal + feedback	56	1e3	NA
1107	goal + feedback	56	1050	-0.037253080645161196
1107	goal + feedback	56	1100	0.1049921693548389
1107	goal + feedback	56	1150	0.07581941935483887
1107	goal + feedback	57	-200	-0.009347672811059748
1107	goal + feedback	57	-150	0.0032302795698925615
1107	goal + feedback	57	-100	-0.009295053763440789
1107	goal + feedback	57	-50	0.0013036129032260035
1107	goal + feedback	57	0	0.015666779569892524
1107	goal + feedback	57	50	0.003073446236559215
1107	goal + feedback	57	100	0.011165112903225896
1107	goal + feedback	57	150	0.0028751129032259883
1107	goal + feedback	57	200	-0.013594720430107454
1107	goal + feedback	57	250	-0.0247232204301074
1107	goal + feedback	57	300	-0.04757388709677405
1107	goal + feedback	57	350	-0.03585372043010748
1107	goal + feedback	57	400	-0.04177072043010736
1107	goal + feedback	57	450	-0.005745553763440769
1107	goal + feedback	57	500	0.023824612903225944
1107	goal + feedback	57	550	0.05881644623655916
1107	goal + feedback	57	600	0.07258277956989263
1107	goal + feedback	57	650	0.10762611290322588
1107	goal + feedback	57	700	0.12657394623655924
1107	goal + feedback	57	750	0.11146161290322591
1107	goal + feedback	57	800	0.11314877956989251
1107	goal + feedback	57	850	0.0792747795698927
1107	goal + feedback	57	900	0.027134362903225906
1107	goal + feedback	57	950	NA
1107	goal + feedback	57	1e3	NA
1107	goal + feedback	57	1050	NA
1107	goal + feedback	57	1100	NA
1107	goal + feedback	57	1150	NA
1107	goal + feedback	58	-200	0.015250281105990788
1107	goal + feedback	58	-150	-0.004515456989247306
1107	goal + feedback	58	-100	-0.008676623655914003
1107	goal + feedback	58	-50	-0.008876790322580671
1107	goal + feedback	58	0	0.004276876344085985
1107	goal + feedback	58	50	0.02233670967741926
1107	goal + feedback	58	100	0.05882120967741936
1107	goal + feedback	58	150	0.09347787634408593
1107	goal + feedback	58	200	0.12772587634408605
1107	goal + feedback	58	250	0.15038187634408598
1107	goal + feedback	58	300	0.17781170967741944
1107	goal + feedback	58	350	0.15968504301075268
1107	goal + feedback	58	400	0.15833304301075266
1107	goal + feedback	58	450	0.17297054301075265
1107	goal + feedback	58	500	0.19641737634408596
1107	goal + feedback	58	550	0.2394457096774194
1107	goal + feedback	58	600	0.25188370967741935
1107	goal + feedback	58	650	0.24139470967741927
1107	goal + feedback	58	700	NA
1107	goal + feedback	58	750	NA
1107	goal + feedback	58	800	NA
1107	goal + feedback	58	850	0.13515170967741952
1107	goal + feedback	58	900	0.16064590967741932
1107	goal + feedback	58	950	0.12684704301075267
1107	goal + feedback	58	1e3	0.12481620967741931
1107	goal + feedback	58	1050	0.23296454301075267
1107	goal + feedback	58	1100	0.21977387634408604
1107	goal + feedback	58	1150	0.13851570967741936
1107	goal + feedback	59	-200	-0.04087235483870977
1107	goal + feedback	59	-150	-0.025698854838709744
1107	goal + feedback	59	-100	-0.005506188172043143
1107	goal + feedback	59	-50	0.0302074784946235
1107	goal + feedback	59	0	0.0486819784946236
1107	goal + feedback	59	50	0.05617514516129026
1107	goal + feedback	59	100	0.08434164516129024
1107	goal + feedback	59	150	0.08893947849462358
1107	goal + feedback	59	200	0.09044564516129028
1107	goal + feedback	59	250	0.10971714516129023
1107	goal + feedback	59	300	0.09207314516129024
1107	goal + feedback	59	350	0.1006173118279569
1107	goal + feedback	59	400	0.10978097849462361
1107	goal + feedback	59	450	0.1432124784946235
1107	goal + feedback	59	500	0.16981864516129028
1107	goal + feedback	59	550	0.22565331182795698
1107	goal + feedback	59	600	0.26378131182795683
1107	goal + feedback	59	650	0.2965898118279569
1107	goal + feedback	59	700	0.2805734784946236
1107	goal + feedback	59	750	0.250953811827957
1107	goal + feedback	59	800	0.18773844516129018
1107	goal + feedback	59	850	NA
1107	goal + feedback	59	900	NA
1107	goal + feedback	59	950	NA
1107	goal + feedback	59	1e3	NA
1107	goal + feedback	59	1050	0.044820895161290286
1107	goal + feedback	59	1100	0.017915145161290297
1107	goal + feedback	59	1150	NA
1107	goal + feedback	60	-200	0.00865133640552981
1107	goal + feedback	60	-150	-0.001458806451613152
1107	goal + feedback	60	-100	-0.015591973118279793
1107	goal + feedback	60	-50	-0.003830639784946429
1107	goal + feedback	60	0	0.010788193548386818
1107	goal + feedback	60	50	0.0356516935483869
1107	goal + feedback	60	100	0.0688566935483869
1107	goal + feedback	60	150	0.0837563602150535
1107	goal + feedback	60	200	0.06445302688172021
1107	goal + feedback	60	250	0.038017693548386765
1107	goal + feedback	60	300	0.02099452688172021
1107	goal + feedback	60	350	0.013838860215053575
1107	goal + feedback	60	400	-3.934731182797524e-4
1107	goal + feedback	60	450	0.015206860215053464
1107	goal + feedback	60	500	0.0396885268817202
1107	goal + feedback	60	550	0.08311719354838691
1107	goal + feedback	60	600	0.1255920268817202
1107	goal + feedback	60	650	0.17207636021505354
1107	goal + feedback	60	700	0.18267802688172022
1107	goal + feedback	60	750	0.16469452688172023
1107	goal + feedback	60	800	0.11346686021505363
1107	goal + feedback	60	850	0.06293819354838688
1107	goal + feedback	60	900	NA
1107	goal + feedback	60	950	NA
1107	goal + feedback	60	1e3	NA
1107	goal + feedback	60	1050	NA
1107	goal + feedback	60	1100	-0.13938680645161328
1107	goal + feedback	60	1150	0.028561443548386967
1107	goal + feedback	61	-200	0.03237359999999997
1107	goal + feedback	61	-150	0.008387933333333283
1107	goal + feedback	61	-100	-0.01644156666666663
1107	goal + feedback	61	-50	-0.009660733333333393
1107	goal + feedback	61	0	-0.014659233333333374
1107	goal + feedback	61	50	-0.02575790000000004
1107	goal + feedback	61	100	-0.01750273333333337
1107	goal + feedback	61	150	-0.042390066666666705
1107	goal + feedback	61	200	-0.05844673333333339
1107	goal + feedback	61	250	-0.08207506666666668
1107	goal + feedback	61	300	-0.08470556666666673
1107	goal + feedback	61	350	-0.1048727333333334
1107	goal + feedback	61	400	-0.10339873333333334
1107	goal + feedback	61	450	-0.07358556666666671
1107	goal + feedback	61	500	-0.05127890000000009
1107	goal + feedback	61	550	0.0069154333333332945
1107	goal + feedback	61	600	0.05730943333333335
1107	goal + feedback	61	650	0.11866576666666662
1107	goal + feedback	61	700	0.1627460999999999
1107	goal + feedback	61	750	0.1871944333333333
1107	goal + feedback	61	800	0.19386393333333332
1107	goal + feedback	61	850	0.18206060000000002
1107	goal + feedback	61	900	0.1158576
1107	goal + feedback	61	950	NA
1107	goal + feedback	61	1e3	NA
1107	goal + feedback	61	1050	NA
1107	goal + feedback	61	1100	-0.2999460666666667
1107	goal + feedback	61	1150	0.16073109999999993
1107	goal + feedback	62	-200	0.01533897235023028
1107	goal + feedback	62	-150	0.01251409139784935
1107	goal + feedback	62	-100	0.014537424731182691
1107	goal + feedback	62	-50	-0.007379741935483963
1107	goal + feedback	62	0	-0.03756724193548392
1107	goal + feedback	62	50	-0.034971408602150644
1107	goal + feedback	62	100	-0.05092124193548401
1107	goal + feedback	62	150	-0.04244774193548392
1107	goal + feedback	62	200	-0.03769757526881734
1107	goal + feedback	62	250	-0.042150241935484
1107	goal + feedback	62	300	-0.06274524193548407
1107	goal + feedback	62	350	-0.060024408602150636
1107	goal + feedback	62	400	-0.044178075268817375
1107	goal + feedback	62	450	-0.03637440860215061
1107	goal + feedback	62	500	0.009681924731182642
1107	goal + feedback	62	550	0.029622758064516013
1107	goal + feedback	62	600	0.08828942473118273
1107	goal + feedback	62	650	0.10585642473118262
1107	goal + feedback	62	700	0.09766192473118258
1107	goal + feedback	62	750	NA
1107	goal + feedback	62	800	NA
1107	goal + feedback	62	850	NA
1107	goal + feedback	62	900	NA
1107	goal + feedback	62	950	NA
1107	goal + feedback	62	1e3	0.025037258064516177
1107	goal + feedback	62	1050	-0.07187024193548397
1107	goal + feedback	62	1100	-0.0891804086021506
1107	goal + feedback	62	1150	-0.0865764086021507
1107	goal + feedback	63	-200	0.01667543317972355
1107	goal + feedback	63	-150	-0.011470709677419292
1107	goal + feedback	63	-100	-0.007598543010752727
1107	goal + feedback	63	-50	-0.009500209677419344
1107	goal + feedback	63	0	0.009114790322580705
1107	goal + feedback	63	50	0.027549456989247306
1107	goal + feedback	63	100	0.03320529032258057
1107	goal + feedback	63	150	0.03579312365591399
1107	goal + feedback	63	200	0.04797845698924733
1107	goal + feedback	63	250	0.05081862365591405
1107	goal + feedback	63	300	0.03747845698924731
1107	goal + feedback	63	350	0.03779362365591399
1107	goal + feedback	63	400	0.03315362365591401
1107	goal + feedback	63	450	0.07286079032258064
1107	goal + feedback	63	500	0.09665379032258066
1107	goal + feedback	63	550	0.15822579032258063
1107	goal + feedback	63	600	0.18966262365591394
1107	goal + feedback	63	650	0.21983295698924735
1107	goal + feedback	63	700	0.24416079032258076
1107	goal + feedback	63	750	NA
1107	goal + feedback	63	800	NA
1107	goal + feedback	63	850	NA
1107	goal + feedback	63	900	NA
1107	goal + feedback	63	950	NA
1107	goal + feedback	63	1e3	NA
1107	goal + feedback	63	1050	0.2047397903225806
1107	goal + feedback	63	1100	0.1946584569892474
1107	goal + feedback	63	1150	0.2434817903225807
1107	goal + feedback	64	-200	-0.03693560829493091
1107	goal + feedback	64	-150	-0.02022032258064521
1107	goal + feedback	64	-100	-0.001370155913978414
1107	goal + feedback	64	-50	0.0218885107526882
1107	goal + feedback	64	0	0.04279351075268808
1107	goal + feedback	64	50	0.04611751075268811
1107	goal + feedback	64	100	0.031151844086021452
1107	goal + feedback	64	150	0.030605010752688216
1107	goal + feedback	64	200	0.03463501075268812
1107	goal + feedback	64	250	0.05153584408602141
1107	goal + feedback	64	300	0.07037867741935482
1107	goal + feedback	64	350	0.08612767741935483
1107	goal + feedback	64	400	0.1284340107526881
1107	goal + feedback	64	450	0.17081434408602147
1107	goal + feedback	64	500	0.22849951075268815
1107	goal + feedback	64	550	0.2612725107526881
1107	goal + feedback	64	600	0.28812934408602153
1107	goal + feedback	64	650	0.30744201075268807
1107	goal + feedback	64	700	0.2964245107526881
1107	goal + feedback	64	750	0.24599867741935477
1107	goal + feedback	64	800	0.18281217741935474
1107	goal + feedback	64	850	0.10622067741935481
1107	goal + feedback	64	900	NA
1107	goal + feedback	64	950	NA
1107	goal + feedback	64	1e3	NA
1107	goal + feedback	64	1050	NA
1107	goal + feedback	64	1100	NA
1107	goal + feedback	64	1150	NA
1107	goal + feedback	65	-200	0.07291477880184358
1107	goal + feedback	65	-150	0.03895839784946246
1107	goal + feedback	65	-100	-0.008177435483870768
1107	goal + feedback	65	-50	-0.039723935483870765
1107	goal + feedback	65	0	-0.07612426881720406
1107	goal + feedback	65	50	-0.11143776881720398
1107	goal + feedback	65	100	-0.13499743548387091
1107	goal + feedback	65	150	-0.14823110215053745
1107	goal + feedback	65	200	-0.15790893548387083
1107	goal + feedback	65	250	-0.1651569354838708
1107	goal + feedback	65	300	-0.1631699354838707
1107	goal + feedback	65	350	-0.16541243548387086
1107	goal + feedback	65	400	-0.13641593548387068
1107	goal + feedback	65	450	-0.11048293548387085
1107	goal + feedback	65	500	-0.06277243548387079
1107	goal + feedback	65	550	-0.010849102150537396
1107	goal + feedback	65	600	0.055821397849462606
1107	goal + feedback	65	650	0.09979289784946266
1107	goal + feedback	65	700	0.11957039784946259
1107	goal + feedback	65	750	0.13218823118279585
1107	goal + feedback	65	800	0.041340314516129184
1107	goal + feedback	65	850	NA
1107	goal + feedback	65	900	NA
1107	goal + feedback	65	950	NA
1107	goal + feedback	65	1e3	NA
1107	goal + feedback	65	1050	NA
1107	goal + feedback	65	1100	NA
1107	goal + feedback	65	1150	NA
1107	goal + feedback	66	-200	-0.01949602941176487
1107	goal + feedback	66	-150	NA
1107	goal + feedback	66	-100	-0.39014952941176473
1107	goal + feedback	66	-50	-0.027326529411764833
1107	goal + feedback	66	0	0.10534880392156858
1107	goal + feedback	66	50	0.06566780392156857
1107	goal + feedback	66	100	0.08988797058823524
1107	goal + feedback	66	150	0.11857347058823516
1107	goal + feedback	66	200	0.1252161372549018
1107	goal + feedback	66	250	0.07638680392156849
1107	goal + feedback	66	300	0.039978970588235185
1107	goal + feedback	66	350	0.0044703039215685525
1107	goal + feedback	66	400	-0.013199196078431378
1107	goal + feedback	66	450	0.0019943039215684077
1107	goal + feedback	66	500	0.032070470588235235
1107	goal + feedback	66	550	0.07480563725490182
1107	goal + feedback	66	600	0.09026113725490181
1107	goal + feedback	66	650	0.09079963725490181
1107	goal + feedback	66	700	0.08637447058823529
1107	goal + feedback	66	750	0.03555063725490193
1107	goal + feedback	66	800	0.006352970588235103
1107	goal + feedback	66	850	-0.11802252941176494
1107	goal + feedback	66	900	NA
1107	goal + feedback	66	950	NA
1107	goal + feedback	66	1e3	NA
1107	goal + feedback	66	1050	NA
1107	goal + feedback	66	1100	NA
1107	goal + feedback	66	1150	0.07782997058823504
1107	goal + feedback	67	-200	0.03457746082949293
1107	goal + feedback	67	-150	0.003393032258064347
1107	goal + feedback	67	-100	-0.003558801075268958
1107	goal + feedback	67	-50	-0.020848967741935603
1107	goal + feedback	67	0	-0.019325634408602282
1107	goal + feedback	67	50	-0.035712634408602284
1107	goal + feedback	67	100	-0.038233301075269045
1107	goal + feedback	67	150	-0.014869801075268954
1107	goal + feedback	67	200	-0.011282301075268952
1107	goal + feedback	67	250	0.008937032258064415
1107	goal + feedback	67	300	0.027150198924731066
1107	goal + feedback	67	350	0.06536169892473098
1107	goal + feedback	67	400	0.10230919892473096
1107	goal + feedback	67	450	0.1349710322580644
1107	goal + feedback	67	500	0.1739536989247311
1107	goal + feedback	67	550	0.22966686559139773
1107	goal + feedback	67	600	0.24726486559139768
1107	goal + feedback	67	650	0.26859236559139776
1107	goal + feedback	67	700	0.25968336559139765
1107	goal + feedback	67	750	0.2425863655913977
1107	goal + feedback	67	800	0.15692723225806438
1107	goal + feedback	67	850	NA
1107	goal + feedback	67	900	NA
1107	goal + feedback	67	950	NA
1107	goal + feedback	67	1e3	NA
1107	goal + feedback	67	1050	NA
1107	goal + feedback	67	1100	NA
1107	goal + feedback	67	1150	-0.08826463440860237
1107	goal + feedback	68	-200	0.060073299539170524
1107	goal + feedback	68	-150	0.021200870967741963
1107	goal + feedback	68	-100	-0.005848129032258065
1107	goal + feedback	68	-50	-0.03643596236559129
1107	goal + feedback	68	0	-0.04900229569892467
1107	goal + feedback	68	50	-0.04565396236559131
1107	goal + feedback	68	100	-0.04877196236559141
1107	goal + feedback	68	150	-0.04688679569892459
1107	goal + feedback	68	200	-0.068849129032258
1107	goal + feedback	68	250	-0.07033096236559129
1107	goal + feedback	68	300	-0.07873946236559133
1107	goal + feedback	68	350	-0.07010062903225811
1107	goal + feedback	68	400	-0.07914546236559139
1107	goal + feedback	68	450	-0.04613346236559135
1107	goal + feedback	68	500	-0.023866295698924622
1107	goal + feedback	68	550	0.025430537634408685
1107	goal + feedback	68	600	0.07693720430107527
1107	goal + feedback	68	650	0.131416870967742
1107	goal + feedback	68	700	0.15175303763440864
1107	goal + feedback	68	750	0.1872342043010753
1107	goal + feedback	68	800	0.20240937096774192
1107	goal + feedback	68	850	0.1934127043010753
1107	goal + feedback	68	900	0.18642103763440865
1107	goal + feedback	68	950	0.1584310376344086
1107	goal + feedback	68	1e3	0.13367870430107529
1107	goal + feedback	68	1050	0.0023708709677421336
1107	goal + feedback	68	1100	NA
1107	goal + feedback	68	1150	NA
1107	goal + feedback	69	-200	-0.028724364055299403
1107	goal + feedback	69	-150	-0.02387043548387095
1107	goal + feedback	69	-100	-0.012243268817204203
1107	goal + feedback	69	-50	0.03310239784946253
1107	goal + feedback	69	0	0.03652306451612911
1107	goal + feedback	69	50	0.05506739784946246
1107	goal + feedback	69	100	0.0526427311827958
1107	goal + feedback	69	150	0.0384055645161292
1107	goal + feedback	69	200	0.027943064516129084
1107	goal + feedback	69	250	0.019921397849462414
1107	goal + feedback	69	300	-0.0032856021505374144
1107	goal + feedback	69	350	0.007316397849462512
1107	goal + feedback	69	400	0.02729906451612914
1107	goal + feedback	69	450	0.05818823118279578
1107	goal + feedback	69	500	0.11132189784946249
1107	goal + feedback	69	550	0.1571850645161291
1107	goal + feedback	69	600	0.20551406451612916
1107	goal + feedback	69	650	0.2246323978494625
1107	goal + feedback	69	700	0.22236906451612906
1107	goal + feedback	69	750	0.19167423118279578
1107	goal + feedback	69	800	0.16219089784946247
1107	goal + feedback	69	850	0.11774223118279581
1107	goal + feedback	69	900	0.09287156451612917
1107	goal + feedback	69	950	0.08037023118279578
1107	goal + feedback	69	1e3	0.07785639784946256
1107	goal + feedback	69	1050	0.08136756451612914
1107	goal + feedback	69	1100	-0.0369401854838709
1107	goal + feedback	69	1150	NA
1107	goal + feedback	70	-200	-0.01919326666666669
1107	goal + feedback	70	-150	-0.002404433333333511
1107	goal + feedback	70	-100	0.009263899999999806
1107	goal + feedback	70	-50	0.007836399999999891
1107	goal + feedback	70	0	0.004497399999999985
1107	goal + feedback	70	50	0.025336733333333267
1107	goal + feedback	70	100	0.041183399999999905
1107	goal + feedback	70	150	0.040918566666666566
1107	goal + feedback	70	200	0.0275670666666666
1107	goal + feedback	70	250	0.009573066666666538
1107	goal + feedback	70	300	0.021282899999999882
1107	goal + feedback	70	350	0.012206733333333256
1107	goal + feedback	70	400	0.018172233333333176
1107	goal + feedback	70	450	0.04659623333333326
1107	goal + feedback	70	500	0.06513939999999985
1107	goal + feedback	70	550	0.1108053999999999
1107	goal + feedback	70	600	0.16180923333333327
1107	goal + feedback	70	650	0.21808156666666653
1107	goal + feedback	70	700	0.26802356666666666
1107	goal + feedback	70	750	0.28659073333333324
1107	goal + feedback	70	800	0.2756680666666666
1107	goal + feedback	70	850	0.22706304285714277
1107	goal + feedback	70	900	0.19743706666666663
1107	goal + feedback	70	950	0.1482587333333333
1107	goal + feedback	70	1e3	0.10742256666666661
1107	goal + feedback	70	1050	-0.031934100000000076
1107	goal + feedback	70	1100	NA
1107	goal + feedback	70	1150	NA
1107	goal + feedback	71	-200	0.021484718894009207
1107	goal + feedback	71	-150	-3.570967741935623e-5
1107	goal + feedback	71	-100	0.0028827903225806897
1107	goal + feedback	71	-50	-0.010116543010752599
1107	goal + feedback	71	0	-0.01779604301075266
1107	goal + feedback	71	50	-0.02844287634408597
1107	goal + feedback	71	100	-0.020934209677419362
1107	goal + feedback	71	150	-0.005054043010752703
1107	goal + feedback	71	200	0.03339062365591398
1107	goal + feedback	71	250	0.06765945698924725
1107	goal + feedback	71	300	0.10640679032258071
1107	goal + feedback	71	350	0.13571979032258072
1107	goal + feedback	71	400	0.20033945698924724
1107	goal + feedback	71	450	0.24465862365591398
1107	goal + feedback	71	500	0.26758995698924726
1107	goal + feedback	71	550	0.3170247903225807
1107	goal + feedback	71	600	0.3442167903225806
1107	goal + feedback	71	650	0.32515279032258065
1107	goal + feedback	71	700	0.33884129032258065
1107	goal + feedback	71	750	0.281509623655914
1107	goal + feedback	71	800	0.204134123655914
1107	goal + feedback	71	850	0.16033829032258065
1107	goal + feedback	71	900	0.138349123655914
1107	goal + feedback	71	950	0.10052145698924726
1107	goal + feedback	71	1e3	-0.18282870967741927
1107	goal + feedback	71	1050	NA
1107	goal + feedback	71	1100	NA
1107	goal + feedback	71	1150	NA
1107	goal + feedback	72	-200	0.03585652073732718
1107	goal + feedback	72	-150	0.023935806451612935
1107	goal + feedback	72	-100	-0.00515469354838712
1107	goal + feedback	72	-50	-0.021692860215053678
1107	goal + feedback	72	0	-0.0389208602150537
1107	goal + feedback	72	50	-0.042631026881720414
1107	goal + feedback	72	100	-0.037869860215053786
1107	goal + feedback	72	150	-0.02650086021505375
1107	goal + feedback	72	200	-0.022485026881720344
1107	goal + feedback	72	250	-0.005053526881720449
1107	goal + feedback	72	300	0.023516473118279608
1107	goal + feedback	72	350	0.051814806451612926
1107	goal + feedback	72	400	0.08791597311827955
1107	goal + feedback	72	450	0.13046830645161286
1107	goal + feedback	72	500	0.1896168064516129
1107	goal + feedback	72	550	0.23239547311827957
1107	goal + feedback	72	600	0.2729873064516129
1107	goal + feedback	72	650	0.2682893064516129
1107	goal + feedback	72	700	0.24619430645161292
1107	goal + feedback	72	750	0.21581347311827948
1107	goal + feedback	72	800	0.1749251397849462
1107	goal + feedback	72	850	0.135847806451613
1107	goal + feedback	72	900	0.07242500645161307
1107	goal + feedback	72	950	NA
1107	goal + feedback	72	1e3	NA
1107	goal + feedback	72	1050	NA
1107	goal + feedback	72	1100	NA
1107	goal + feedback	72	1150	NA
1107	goal + feedback	73	-200	-0.005553899999999852
1107	goal + feedback	73	-150	0.0014581000000000917
1107	goal + feedback	73	-100	0.00396026666666686
1107	goal + feedback	73	-50	7.499333333333968e-4
1107	goal + feedback	73	0	-6.143999999998299e-4
1107	goal + feedback	73	50	-0.0012698999999998979
1107	goal + feedback	73	100	-0.025342661904761865
1107	goal + feedback	73	150	-0.027545733333333173
1107	goal + feedback	73	200	-0.0444078999999998
1107	goal + feedback	73	250	-0.045993566666666506
1107	goal + feedback	73	300	-0.03306056666666649
1107	goal + feedback	73	350	-0.032694733333333094
1107	goal + feedback	73	400	0.0011829333333333765
1107	goal + feedback	73	450	0.04677143333333348
1107	goal + feedback	73	500	0.09634926666666677
1107	goal + feedback	73	550	0.16379160000000006
1107	goal + feedback	73	600	0.20405010000000004
1107	goal + feedback	73	650	0.2376732666666667
1107	goal + feedback	73	700	0.23339560000000015
1107	goal + feedback	73	750	0.2029022666666668
1107	goal + feedback	73	800	0.07054310000000008
1107	goal + feedback	73	850	NA
1107	goal + feedback	73	900	NA
1107	goal + feedback	73	950	NA
1107	goal + feedback	73	1e3	NA
1107	goal + feedback	73	1050	NA
1107	goal + feedback	73	1100	0.1984307666666667
1107	goal + feedback	73	1150	0.16852836666666676
1107	goal + feedback	74	-200	0.027385693548387085
1107	goal + feedback	74	-150	0.03498633640553006
1107	goal + feedback	74	-100	-0.0010169731182796404
1107	goal + feedback	74	-50	-0.02185863978494614
1107	goal + feedback	74	0	-0.04532747311827956
1107	goal + feedback	74	50	-0.058381406451612786
1107	goal + feedback	74	100	-0.04978109216589858
1107	goal + feedback	74	150	-0.04131530645161289
1107	goal + feedback	74	200	-0.040837806451612835
1107	goal + feedback	74	250	-0.0400566397849463
1107	goal + feedback	74	300	-0.0417123064516128
1107	goal + feedback	74	350	-0.047848306451612865
1107	goal + feedback	74	400	-0.0398886397849462
1107	goal + feedback	74	450	-0.023269139784946196
1107	goal + feedback	74	500	0.018099026881720492
1107	goal + feedback	74	550	0.06200386021505381
1107	goal + feedback	74	600	0.1367330268817204
1107	goal + feedback	74	650	0.18270286021505378
1107	goal + feedback	74	700	0.24463919354838723
1107	goal + feedback	74	750	0.2748566935483871
1107	goal + feedback	74	800	0.2816428602150538
1107	goal + feedback	74	850	0.2624948602150538
1107	goal + feedback	74	900	0.22592236021505382
1107	goal + feedback	74	950	NA
1107	goal + feedback	74	1e3	NA
1107	goal + feedback	74	1050	NA
1107	goal + feedback	74	1100	NA
1107	goal + feedback	74	1150	NA
1107	goal + feedback	75	-200	0.014680999999999944
1107	goal + feedback	75	-150	0.014952166666666619
1107	goal + feedback	75	-100	0.014106500000000096
1107	goal + feedback	75	-50	-0.010552833333333345
1107	goal + feedback	75	0	-0.033186833333333464
1107	goal + feedback	75	50	-0.04723066666666672
1107	goal + feedback	75	100	-0.0833775000000001
1107	goal + feedback	75	150	-0.09071299999999997
1107	goal + feedback	75	200	-0.09208583333333342
1107	goal + feedback	75	250	-0.08453133333333336
1107	goal + feedback	75	300	-0.07011216666666671
1107	goal + feedback	75	350	-0.04662416666666669
1107	goal + feedback	75	400	-0.014046999999999995
1107	goal + feedback	75	450	0.021955666666666634
1107	goal + feedback	75	500	0.057483666666666634
1107	goal + feedback	75	550	0.11501316666666665
1107	goal + feedback	75	600	0.16275816666666665
1107	goal + feedback	75	650	0.18086016666666657
1107	goal + feedback	75	700	0.1821651666666666
1107	goal + feedback	75	750	0.1534135
1107	goal + feedback	75	800	0.08076299999999999
1107	goal + feedback	75	850	0.019748261904761883
1107	goal + feedback	75	900	-0.05821533333333343
1107	goal + feedback	75	950	-0.18289066666666676
1107	goal + feedback	75	1e3	NA
1107	goal + feedback	75	1050	NA
1107	goal + feedback	75	1100	-0.7386091666666665
1107	goal + feedback	75	1150	-0.2585491666666666
1107	goal + feedback	76	-200	0.04523582949308734
1107	goal + feedback	76	-150	0.014447091397849388
1107	goal + feedback	76	-100	-0.006733241935484043
1107	goal + feedback	76	-50	-0.027007741935484015
1107	goal + feedback	76	0	-0.03348124193548404
1107	goal + feedback	76	50	-0.032508408602150686
1107	goal + feedback	76	100	-0.004902741935484049
1107	goal + feedback	76	150	0.022418424731182645
1107	goal + feedback	76	200	0.05358475806451598
1107	goal + feedback	76	250	0.09426992473118267
1107	goal + feedback	76	300	0.13503492473118275
1107	goal + feedback	76	350	0.167298758064516
1107	goal + feedback	76	400	0.18969709139784938
1107	goal + feedback	76	450	0.23343009139784923
1107	goal + feedback	76	500	0.24531525806451593
1107	goal + feedback	76	550	0.2651249247311827
1107	goal + feedback	76	600	0.27826025806451593
1107	goal + feedback	76	650	0.2775067580645159
1107	goal + feedback	76	700	0.2669307580645161
1107	goal + feedback	76	750	0.23575225806451602
1107	goal + feedback	76	800	0.177631758064516
1107	goal + feedback	76	850	0.13842009139784936
1107	goal + feedback	76	900	0.11507175806451604
1107	goal + feedback	76	950	0.02054925806451602
1107	goal + feedback	76	1e3	NA
1107	goal + feedback	76	1050	NA
1107	goal + feedback	76	1100	NA
1107	goal + feedback	76	1150	NA
1107	goal + feedback	77	-200	0.05219972350230405
1107	goal + feedback	77	-150	0.03188424731182771
1107	goal + feedback	77	-100	-0.0013825860215054646
1107	goal + feedback	77	-50	-0.03427341935483885
1107	goal + feedback	77	0	-0.057127919354838706
1107	goal + feedback	77	50	-0.09684058602150551
1107	goal + feedback	77	100	-0.12256025268817217
1107	goal + feedback	77	150	-0.14042408602150544
1107	goal + feedback	77	200	-0.1490372526881721
1107	goal + feedback	77	250	-0.15556341935483883
1107	goal + feedback	77	300	-0.15326225268817226
1107	goal + feedback	77	350	-0.11878208602150549
1107	goal + feedback	77	400	-0.0899910860215054
1107	goal + feedback	77	450	-0.0423592526881722
1107	goal + feedback	77	500	0.005507580645161214
1107	goal + feedback	77	550	0.04806758064516122
1107	goal + feedback	77	600	0.10595991397849451
1107	goal + feedback	77	650	0.14282991397849454
1107	goal + feedback	77	700	0.15808091397849444
1107	goal + feedback	77	750	0.16222174731182779
1107	goal + feedback	77	800	0.11217091397849455
1107	goal + feedback	77	850	0.0678309139784945
1107	goal + feedback	77	900	0.0422499139784945
1107	goal + feedback	77	950	-4.992526881721915e-4
1107	goal + feedback	77	1e3	0.010493247311827844
1107	goal + feedback	77	1050	0.011958747311827814
1107	goal + feedback	77	1100	0.013146747311827855
1107	goal + feedback	77	1150	-0.06304701935483878
1107	goal + feedback	78	-200	-3.5761290322598526e-4
1107	goal + feedback	78	-150	0.011978553763440777
1107	goal + feedback	78	-100	0.005983053763440734
1107	goal + feedback	78	-50	-0.00640627956989263
1107	goal + feedback	78	0	-0.011138112903225972
1107	goal + feedback	78	50	-0.034686779569892634
1107	goal + feedback	78	100	-0.059100112903225956
1107	goal + feedback	78	150	-0.07211994623655915
1107	goal + feedback	78	200	-0.07374194623655939
1107	goal + feedback	78	250	-0.05912561290322597
1107	goal + feedback	78	300	-0.06074544623655923
1107	goal + feedback	78	350	-0.02257461290322597
1107	goal + feedback	78	400	0.01491622043010743
1107	goal + feedback	78	450	0.047779887096774054
1107	goal + feedback	78	500	0.10111472043010743
1107	goal + feedback	78	550	0.16299055376344077
1107	goal + feedback	78	600	0.232550387096774
1107	goal + feedback	78	650	0.2700698870967741
1107	goal + feedback	78	700	0.3143135537634407
1107	goal + feedback	78	750	0.32389722043010744
1107	goal + feedback	78	800	0.3114660537634408
1107	goal + feedback	78	850	0.310809887096774
1107	goal + feedback	78	900	0.31141372043010734
1107	goal + feedback	78	950	0.28243005376344077
1107	goal + feedback	78	1e3	0.24259305376344073
1107	goal + feedback	78	1050	0.22868672043010738
1107	goal + feedback	78	1100	0.22967422043010743
1107	goal + feedback	78	1150	0.17207188709677412
1107	goal + feedback	79	-200	0.01289810138248829
1107	goal + feedback	79	-150	0.006552720430107388
1107	goal + feedback	79	-100	-0.0011479462365593385
1107	goal + feedback	79	-50	-0.0069491129032259
1107	goal + feedback	79	0	-0.013503446236559302
1107	goal + feedback	79	50	-0.012416946236559312
1107	goal + feedback	79	100	-0.014957112903225914
1107	goal + feedback	79	150	-0.02320044623655922
1107	goal + feedback	79	200	-0.03901177956989262
1107	goal + feedback	79	250	-0.029330279569892575
1107	goal + feedback	79	300	-0.03236194623655927
1107	goal + feedback	79	350	-0.0120359462365592
1107	goal + feedback	79	400	0.0037545537634408412
1107	goal + feedback	79	450	0.04564822043010741
1107	goal + feedback	79	500	0.1057260537634408
1107	goal + feedback	79	550	0.1476958870967741
1107	goal + feedback	79	600	0.20926472043010738
1107	goal + feedback	79	650	0.25648822043010733
1107	goal + feedback	79	700	0.2605165537634408
1107	goal + feedback	79	750	0.23981822043010737
1107	goal + feedback	79	800	0.17171888709677408
1107	goal + feedback	79	850	NA
1107	goal + feedback	79	900	NA
1107	goal + feedback	79	950	NA
1107	goal + feedback	79	1e3	-0.3995276129032259
1107	goal + feedback	79	1050	0.12727738709677405
1107	goal + feedback	79	1100	0.13654355376344082
1107	goal + feedback	79	1150	0.20339088709677422
1107	goal + feedback	80	-200	-2.0583410138229143e-4
1107	goal + feedback	80	-150	-0.0013142150537632051
1107	goal + feedback	80	-100	-0.003617548387096603
1107	goal + feedback	80	-50	0.006190618279570052
1107	goal + feedback	80	0	-0.001018715053763349
1107	goal + feedback	80	50	0.011154284946236714
1107	goal + feedback	80	100	0.019951784946236655
1107	goal + feedback	80	150	0.031267284946236686
1107	goal + feedback	80	200	0.05370078494623676
1107	goal + feedback	80	250	0.07439628494623667
1107	goal + feedback	80	300	0.0916567849462367
1107	goal + feedback	80	350	0.1379936182795701
1107	goal + feedback	80	400	0.15834761827957008
1107	goal + feedback	80	450	0.20484511827956994
1107	goal + feedback	80	500	0.2510297849462367
1107	goal + feedback	80	550	0.27708428494623666
1107	goal + feedback	80	600	0.3303909516129035
1107	goal + feedback	80	650	0.34336411827957014
1107	goal + feedback	80	700	0.33274595161290343
1107	goal + feedback	80	750	0.2598414516129034
1107	goal + feedback	80	800	NA
1107	goal + feedback	80	850	NA
1107	goal + feedback	80	900	NA
1107	goal + feedback	80	950	NA
1107	goal + feedback	80	1e3	NA
1107	goal + feedback	80	1050	0.16554445161290343
1107	goal + feedback	80	1100	0.15406645161290325
1107	goal + feedback	80	1150	0.2008917849462367
1107	goal + feedback	81	-200	0.023908244239631355
1107	goal + feedback	81	-150	0.010491053763440913
1107	goal + feedback	81	-100	-0.002580446236559064
1107	goal + feedback	81	-50	-0.015878112903225716
1107	goal + feedback	81	0	-0.01992544623655908
1107	goal + feedback	81	50	-0.06790577956989245
1107	goal + feedback	81	100	-0.11060777956989247
1107	goal + feedback	81	150	-0.12669121290322574
1107	goal + feedback	81	200	-0.16165947004608291
1107	goal + feedback	81	250	-0.1633461129032258
1107	goal + feedback	81	300	-0.17152394623655912
1107	goal + feedback	81	350	-0.1751486129032258
1107	goal + feedback	81	400	-0.14299127956989244
1107	goal + feedback	81	450	-0.1021547795698925
1107	goal + feedback	81	500	-0.053901779569892394
1107	goal + feedback	81	550	0.0024397204301075024
1107	goal + feedback	81	600	0.04740105376344084
1107	goal + feedback	81	650	0.0847358870967742
1107	goal + feedback	81	700	0.10323255376344087
1107	goal + feedback	81	750	-0.11530061290322591
1107	goal + feedback	81	800	NA
1107	goal + feedback	81	850	NA
1107	goal + feedback	81	900	NA
1107	goal + feedback	81	950	NA
1107	goal + feedback	81	1e3	NA
1107	goal + feedback	81	1050	NA
1107	goal + feedback	81	1100	NA
1107	goal + feedback	81	1150	NA
1107	goal + feedback	82	-200	-0.31252686666666674
1107	goal + feedback	82	-150	0.0012831333333333343
1107	goal + feedback	82	-100	0.08423696666666654
1107	goal + feedback	82	-50	0.10627313333333333
1107	goal + feedback	82	0	0.12073363333333324
1107	goal + feedback	82	50	0.12731596666666656
1107	goal + feedback	82	100	0.10097513333333323
1107	goal + feedback	82	150	0.04857146666666656
1107	goal + feedback	82	200	-0.002942199999999969
1107	goal + feedback	82	250	-0.03864303333333333
1107	goal + feedback	82	300	-0.07533703333333334
1107	goal + feedback	82	350	-0.0905133666666668
1107	goal + feedback	82	400	-0.08184036666666672
1107	goal + feedback	82	450	-0.06739286666666662
1107	goal + feedback	82	500	-0.023866700000000057
1107	goal + feedback	82	550	0.016465133333333288
1107	goal + feedback	82	600	0.06708346666666672
1107	goal + feedback	82	650	0.12856913333333334
1107	goal + feedback	82	700	0.16657146666666658
1107	goal + feedback	82	750	0.20152696666666658
1107	goal + feedback	82	800	0.19527930000000002
1107	goal + feedback	82	850	0.15777263333333327
1107	goal + feedback	82	900	0.1126711333333333
1107	goal + feedback	82	950	-0.22214703333333352
1107	goal + feedback	82	1e3	NA
1107	goal + feedback	82	1050	NA
1107	goal + feedback	82	1100	NA
1107	goal + feedback	82	1150	NA
1107	goal + feedback	83	-200	0.03215872811059909
1107	goal + feedback	83	-150	0.012425204301075299
1107	goal + feedback	83	-100	-0.007770462365591424
1107	goal + feedback	83	-50	-0.020666962365591363
1107	goal + feedback	83	0	-0.021506295698924777
1107	goal + feedback	83	50	-0.03222396236559133
1107	goal + feedback	83	100	-0.029589129032258077
1107	goal + feedback	83	150	-0.022240962365591404
1107	goal + feedback	83	200	-0.022790795698924688
1107	goal + feedback	83	250	-0.027953295698924723
1107	goal + feedback	83	300	-0.0062824623655914165
1107	goal + feedback	83	350	-0.017745795698924722
1107	goal + feedback	83	400	0.0031497043010752326
1107	goal + feedback	83	450	0.04167570430107529
1107	goal + feedback	83	500	0.09824687096774183
1107	goal + feedback	83	550	0.14818887096774191
1107	goal + feedback	83	600	0.18979687096774192
1107	goal + feedback	83	650	0.246299370967742
1107	goal + feedback	83	700	0.2746160376344086
1107	goal + feedback	83	750	0.28677620430107525
1107	goal + feedback	83	800	0.2636198709677419
1107	goal + feedback	83	850	0.23168620430107523
1107	goal + feedback	83	900	0.19121270430107531
1107	goal + feedback	83	950	0.019379870967741963
1107	goal + feedback	83	1e3	NA
1107	goal + feedback	83	1050	NA
1107	goal + feedback	83	1100	NA
1107	goal + feedback	83	1150	NA
1107	goal + feedback	84	-200	-0.024730594470046188
1107	goal + feedback	84	-150	-0.013408284946236618
1107	goal + feedback	84	-100	0.00290171505376328
1107	goal + feedback	84	-50	0.016174381720430064
1107	goal + feedback	84	0	0.023184548387096642
1107	goal + feedback	84	50	0.024806215053763347
1107	goal + feedback	84	100	0.014408548387096598
1107	goal + feedback	84	150	0.019691048387096677
1107	goal + feedback	84	200	0.02073338172042997
1107	goal + feedback	84	250	0.025779048387096697
1107	goal + feedback	84	300	0.05526038172042994
1107	goal + feedback	84	350	0.08377471505376333
1107	goal + feedback	84	400	0.11060338172043001
1107	goal + feedback	84	450	0.1587143817204301
1107	goal + feedback	84	500	0.1781522150537634
1107	goal + feedback	84	550	0.2137697150537634
1107	goal + feedback	84	600	0.2578968817204301
1107	goal + feedback	84	650	0.2667225483870967
1107	goal + feedback	84	700	0.22138788172043
1107	goal + feedback	84	750	0.11674429838709666
1107	goal + feedback	84	800	NA
1107	goal + feedback	84	850	NA
1107	goal + feedback	84	900	NA
1107	goal + feedback	84	950	NA
1107	goal + feedback	84	1e3	NA
1107	goal + feedback	84	1050	NA
1107	goal + feedback	84	1100	0.0920337983870968
1107	goal + feedback	84	1150	-0.6248624516129033
1107	goal + feedback	85	-200	0.0027699723502304175
1107	goal + feedback	85	-150	-0.005282075268817262
1107	goal + feedback	85	-100	-0.012606575268817291
1107	goal + feedback	85	-50	-0.002514408602150612
1107	goal + feedback	85	0	0.01717142473118279
1107	goal + feedback	85	50	0.02281559139784939
1107	goal + feedback	85	100	0.03808859139784948
1107	goal + feedback	85	150	0.04940109139784946
1107	goal + feedback	85	200	0.05866125806451613
1107	goal + feedback	85	250	0.07373192473118273
1107	goal + feedback	85	300	0.07943475806451605
1107	goal + feedback	85	350	0.08148042473118282
1107	goal + feedback	85	400	0.10062359139784942
1107	goal + feedback	85	450	0.12792209139784952
1107	goal + feedback	85	500	0.16029475806451612
1107	goal + feedback	85	550	0.18004342473118276
1107	goal + feedback	85	600	0.22668559139784952
1107	goal + feedback	85	650	0.24328259139784944
1107	goal + feedback	85	700	0.20269242473118276
1107	goal + feedback	85	750	0.17100342473118277
1107	goal + feedback	85	800	0.1395432580645161
1107	goal + feedback	85	850	0.11246325806451611
1107	goal + feedback	85	900	0.09928242473118276
1107	goal + feedback	85	950	0.04021709139784938
1107	goal + feedback	85	1e3	NA
1107	goal + feedback	85	1050	NA
1107	goal + feedback	85	1100	NA
1107	goal + feedback	85	1150	NA
1107	goal + feedback	86	-200	-0.05822465437788032
1107	goal + feedback	86	-150	-0.023048059139785027
1107	goal + feedback	86	-100	0.009475607526881591
1107	goal + feedback	86	-50	0.02976644086021496
1107	goal + feedback	86	0	0.05173477419354833
1107	goal + feedback	86	50	0.042866774193548306
1107	goal + feedback	86	100	0.033453774193548336
1107	goal + feedback	86	150	0.03151744086021494
1107	goal + feedback	86	200	0.023025440860214925
1107	goal + feedback	86	250	0.00796144086021496
1107	goal + feedback	86	300	0.02420027419354831
1107	goal + feedback	86	350	0.040120607526881624
1107	goal + feedback	86	400	0.05651610752688163
1107	goal + feedback	86	450	0.09558377419354828
1107	goal + feedback	86	500	0.1420459408602149
1107	goal + feedback	86	550	0.18821044086021485
1107	goal + feedback	86	600	0.24421227419354827
1107	goal + feedback	86	650	0.2836644408602151
1107	goal + feedback	86	700	0.3257466075268816
1107	goal + feedback	86	750	0.35245777419354835
1107	goal + feedback	86	800	0.3519766075268816
1107	goal + feedback	86	850	0.2277425741935483
1107	goal + feedback	86	900	NA
1107	goal + feedback	86	950	NA
1107	goal + feedback	86	1e3	NA
1107	goal + feedback	86	1050	NA
1107	goal + feedback	86	1100	0.050275524193548304
1107	goal + feedback	86	1150	-0.013755892473118406
1107	goal + feedback	87	-200	-0.04075945161290319
1107	goal + feedback	87	-150	-0.03686445161290316
1107	goal + feedback	87	-100	-0.004645284946236616
1107	goal + feedback	87	-50	0.024294881720430112
1107	goal + feedback	87	0	0.0647675483870968
1107	goal + feedback	87	50	0.09560371505376342
1107	goal + feedback	87	100	0.13386254838709677
1107	goal + feedback	87	150	0.14825038172043015
1107	goal + feedback	87	200	0.16746271505376345
1107	goal + feedback	87	250	0.19144838172043013
1107	goal + feedback	87	300	0.17794971505376345
1107	goal + feedback	87	350	0.18392454838709682
1107	goal + feedback	87	400	0.19272704838709678
1107	goal + feedback	87	450	0.21522838172043013
1107	goal + feedback	87	500	0.24040571505376343
1107	goal + feedback	87	550	0.2661040483870967
1107	goal + feedback	87	600	0.29907571505376346
1107	goal + feedback	87	650	0.33401804838709676
1107	goal + feedback	87	700	0.3346520483870968
1107	goal + feedback	87	750	0.33597654838709684
1107	goal + feedback	87	800	0.3198693817204301
1107	goal + feedback	87	850	0.28794054838709676
1107	goal + feedback	87	900	0.2680702150537635
1107	goal + feedback	87	950	0.22031888172043015
1107	goal + feedback	87	1e3	NA
1107	goal + feedback	87	1050	NA
1107	goal + feedback	87	1100	NA
1107	goal + feedback	87	1150	NA
1107	goal + feedback	88	-200	-0.042771912442396164
1107	goal + feedback	88	-150	-0.012761817204300918
1107	goal + feedback	88	-100	0.003323682795699131
1107	goal + feedback	88	-50	0.01673301612903244
1107	goal + feedback	88	0	0.042605682795699096
1107	goal + feedback	88	50	0.06365018279569908
1107	goal + feedback	88	100	0.0710263494623659
1107	goal + feedback	88	150	0.05125434946236577
1107	goal + feedback	88	200	0.02362684946236578
1107	goal + feedback	88	250	-0.006283317204300938
1107	goal + feedback	88	300	-0.010253317204300894
1107	goal + feedback	88	350	-0.04080015053763416
1107	goal + feedback	88	400	-0.04124481720430088
1107	goal + feedback	88	450	-0.029112317204301002
1107	goal + feedback	88	500	-0.008443650537634184
1107	goal + feedback	88	550	0.011268349462365768
1107	goal + feedback	88	600	0.051392016129032436
1107	goal + feedback	88	650	0.08681868279569915
1107	goal + feedback	88	700	0.08571518279569916
1107	goal + feedback	88	750	0.038954849462365715
1107	goal + feedback	88	800	-0.009165483870967531
1107	goal + feedback	88	850	-0.050370983870967535
1107	goal + feedback	88	900	-0.07033481720430095
1107	goal + feedback	88	950	-0.07136465053763419
1107	goal + feedback	88	1e3	-0.1346189838709675
1107	goal + feedback	88	1050	NA
1107	goal + feedback	88	1100	NA
1107	goal + feedback	88	1150	NA
1107	goal + feedback	89	-200	0.06659704608294918
1107	goal + feedback	89	-150	0.02608690322580635
1107	goal + feedback	89	-100	3.440322580638977e-5
1107	goal + feedback	89	-50	-0.03287293010752701
1107	goal + feedback	89	0	-0.07094493010752705
1107	goal + feedback	89	50	-0.09767726344086025
1107	goal + feedback	89	100	-0.13046426344086023
1107	goal + feedback	89	150	-0.12240076344086022
1107	goal + feedback	89	200	-0.136481430107527
1107	goal + feedback	89	250	-0.13758476344086032
1107	goal + feedback	89	300	-0.14218243010752696
1107	goal + feedback	89	350	-0.13233509677419364
1107	goal + feedback	89	400	-0.11661126344086033
1107	goal + feedback	89	450	-0.09576643010752695
1107	goal + feedback	89	500	-0.03802576344086043
1107	goal + feedback	89	550	0.011913569892472978
1107	goal + feedback	89	600	0.0500122365591397
1107	goal + feedback	89	650	0.07092256989247292
1107	goal + feedback	89	700	0.03769940322580637
1107	goal + feedback	89	750	0.0088264032258063
1107	goal + feedback	89	800	-0.036038596774193556
1107	goal + feedback	89	850	-0.10857676344086038
1107	goal + feedback	89	900	NA
1107	goal + feedback	89	950	NA
1107	goal + feedback	89	1e3	NA
1107	goal + feedback	89	1050	NA
1107	goal + feedback	89	1100	NA
1107	goal + feedback	89	1150	NA
1107	goal + feedback	90	-200	0.00602308755760385
1107	goal + feedback	90	-150	0.006887849462365647
1107	goal + feedback	90	-100	-0.004627317204301058
1107	goal + feedback	90	-50	-0.0136466505376344
1107	goal + feedback	90	0	0.00435918279569895
1107	goal + feedback	90	50	0.007920682795699019
1107	goal + feedback	90	100	0.011327516129032414
1107	goal + feedback	90	150	0.03834068279569891
1107	goal + feedback	90	200	0.03164001612903237
1107	goal + feedback	90	250	0.030240682795698914
1107	goal + feedback	90	300	0.041311349462365664
1107	goal + feedback	90	350	0.032398016129032405
1107	goal + feedback	90	400	0.05303984946236562
1107	goal + feedback	90	450	0.06478318279569899
1107	goal + feedback	90	500	0.10993451612903231
1107	goal + feedback	90	550	0.11678918279569898
1107	goal + feedback	90	600	0.16505851612903233
1107	goal + feedback	90	650	0.2035740161290324
1107	goal + feedback	90	700	0.1725220161290324
1107	goal + feedback	90	750	0.11808051612903236
1107	goal + feedback	90	800	NA
1107	goal + feedback	90	850	NA
1107	goal + feedback	90	900	NA
1107	goal + feedback	90	950	NA
1107	goal + feedback	90	1e3	NA
1107	goal + feedback	90	1050	0.04153401612903229
1107	goal + feedback	90	1100	0.09109276612903239
1107	goal + feedback	90	1150	-0.1758164838709675
1107	goal + feedback	91	-200	0.007294118279569976
1107	goal + feedback	91	-150	-0.004993715053763337
1107	goal + feedback	91	-100	-0.007844715053763348
1107	goal + feedback	91	-50	0.001328284946236602
1107	goal + feedback	91	0	0.0036137373271889167
1107	goal + feedback	91	50	0.011171451612903293
1107	goal + feedback	91	100	0.03522545161290328
1107	goal + feedback	91	150	0.053731451612903304
1107	goal + feedback	91	200	0.07102978494623668
1107	goal + feedback	91	250	0.06836228494623657
1107	goal + feedback	91	300	0.056647951612903334
1107	goal + feedback	91	350	0.04531261827956993
1107	goal + feedback	91	400	0.05545345161290323
1107	goal + feedback	91	450	0.05219073732718904
1107	goal + feedback	91	500	0.08791711827957001
1107	goal + feedback	91	550	0.10836295161290337
1107	goal + feedback	91	600	0.1383189516129033
1107	goal + feedback	91	650	0.17230995161290333
1107	goal + feedback	91	700	0.16974445161290327
1107	goal + feedback	91	750	0.1567286516129033
1107	goal + feedback	91	800	0.09152730875576046
1107	goal + feedback	91	850	0.042190951612903316
1107	goal + feedback	91	900	NA
1107	goal + feedback	91	950	NA
1107	goal + feedback	91	1e3	NA
1107	goal + feedback	91	1050	NA
1107	goal + feedback	91	1100	-0.19722504838709676
1107	goal + feedback	91	1150	0.1218162016129033
1107	goal + feedback	92	-200	0.03652147004608323
1107	goal + feedback	92	-150	0.013570112903225962
1107	goal + feedback	92	-100	-0.011666553763440687
1107	goal + feedback	92	-50	-0.023002553763440774
1107	goal + feedback	92	0	-0.02150938709677397
1107	goal + feedback	92	50	-0.0075710537634406565
1107	goal + feedback	92	100	0.019026946236559244
1107	goal + feedback	92	150	0.0704307795698927
1107	goal + feedback	92	200	0.09042977956989266
1107	goal + feedback	92	250	0.12943644623655937
1107	goal + feedback	92	300	0.13759044623655936
1107	goal + feedback	92	350	0.15621277956989274
1107	goal + feedback	92	400	0.1959064462365594
1107	goal + feedback	92	450	0.21685694623655927
1107	goal + feedback	92	500	0.2404024462365594
1107	goal + feedback	92	550	0.2797452795698927
1107	goal + feedback	92	600	0.30186327956989256
1107	goal + feedback	92	650	0.30960144623655933
1107	goal + feedback	92	700	0.3235439462365594
1107	goal + feedback	92	750	0.283306112903226
1107	goal + feedback	92	800	0.2436217795698926
1107	goal + feedback	92	850	0.21325827956989266
1107	goal + feedback	92	900	0.1590772795698927
1107	goal + feedback	92	950	0.06137427956989261
1107	goal + feedback	92	1e3	NA
1107	goal + feedback	92	1050	NA
1107	goal + feedback	92	1100	NA
1107	goal + feedback	92	1150	NA
1107	goal + feedback	93	-200	-0.06030534101382491
1107	goal + feedback	93	-150	-0.025200317204301086
1107	goal + feedback	93	-100	0.013841682795698862
1107	goal + feedback	93	-50	0.04296868279569884
1107	goal + feedback	93	0	0.03874618279569882
1107	goal + feedback	93	50	0.022957849462365603
1107	goal + feedback	93	100	-0.012178483870967835
1107	goal + feedback	93	150	-0.05445998387096784
1107	goal + feedback	93	200	-0.09010681720430098
1107	goal + feedback	93	250	-0.10221448387096777
1107	goal + feedback	93	300	-0.12706915053763446
1107	goal + feedback	93	350	-0.1277943172043011
1107	goal + feedback	93	400	-0.12336798387096788
1107	goal + feedback	93	450	-0.08906665053763452
1107	goal + feedback	93	500	-0.06308015053763445
1107	goal + feedback	93	550	-0.01653331720430118
1107	goal + feedback	93	600	0.033189016129032245
1107	goal + feedback	93	650	0.08603718279569887
1107	goal + feedback	93	700	-0.04867048387096773
1107	goal + feedback	93	750	NA
1107	goal + feedback	93	800	NA
1107	goal + feedback	93	850	-0.1510039838709678
1107	goal + feedback	93	900	-0.054220317204301205
1107	goal + feedback	93	950	-0.04991781720430118
1107	goal + feedback	93	1e3	-0.04987065053763443
1107	goal + feedback	93	1050	-0.0028409838709677615
1107	goal + feedback	93	1100	0.056983682795698876
1107	goal + feedback	93	1150	0.035202516129032135
1107	goal + feedback	94	-200	-0.03918350000000026
1107	goal + feedback	94	-150	-0.017036000000000124
1107	goal + feedback	94	-100	0.0012614999999998044
1107	goal + feedback	94	-50	0.012768333333333123
1107	goal + feedback	94	0	0.042189666666666494
1107	goal + feedback	94	50	0.07455666666666654
1107	goal + feedback	94	100	0.12239983333333322
1107	goal + feedback	94	150	0.16394799999999976
1107	goal + feedback	94	200	0.17347933333333318
1107	goal + feedback	94	250	0.1789924999999999
1107	goal + feedback	94	300	0.1804888333333332
1107	goal + feedback	94	350	0.16527516666666653
1107	goal + feedback	94	400	0.1780889999999998
1107	goal + feedback	94	450	0.19749666666666651
1107	goal + feedback	94	500	0.2281383333333332
1107	goal + feedback	94	550	0.2631869999999999
1107	goal + feedback	94	600	0.3176299999999998
1107	goal + feedback	94	650	0.34026099999999987
1107	goal + feedback	94	700	0.3504191666666665
1107	goal + feedback	94	750	0.27791799999999983
1107	goal + feedback	94	800	0.1547611666666664
1107	goal + feedback	94	850	NA
1107	goal + feedback	94	900	NA
1107	goal + feedback	94	950	NA
1107	goal + feedback	94	1e3	0.06574941666666645
1107	goal + feedback	94	1050	0.17079788095238083
1107	goal + feedback	94	1100	0.19986533333333326
1107	goal + feedback	94	1150	0.2625166666666665
1107	goal + feedback	95	-200	0.03106700921658989
1107	goal + feedback	95	-150	-0.009101252688172043
1107	goal + feedback	95	-100	0.005617780645161297
1107	goal + feedback	95	-50	-0.00985884792626728
1107	goal + feedback	95	0	-0.020323086021505416
1107	goal + feedback	95	50	-0.014185086021505292
1107	goal + feedback	95	100	-0.009779086021505382
1107	goal + feedback	95	150	-7.780860215054197e-4
1107	goal + feedback	95	200	0.0043195806451611736
1107	goal + feedback	95	250	0.018842747311828
1107	goal + feedback	95	300	0.0280924139784946
1107	goal + feedback	95	350	0.04193091397849461
1107	goal + feedback	95	400	0.06949241397849455
1107	goal + feedback	95	450	0.11358841397849469
1107	goal + feedback	95	500	0.16079774731182797
1107	goal + feedback	95	550	0.2276360806451613
1107	goal + feedback	95	600	0.2659492473118279
1107	goal + feedback	95	650	0.30157124731182794
1107	goal + feedback	95	700	0.3082762473118279
1107	goal + feedback	95	750	0.28042891397849457
1107	goal + feedback	95	800	0.23943808064516134
1107	goal + feedback	95	850	0.1805439139784947
1107	goal + feedback	95	900	NA
1107	goal + feedback	95	950	NA
1107	goal + feedback	95	1e3	NA
1107	goal + feedback	95	1050	0.11250591397849459
1107	goal + feedback	95	1100	0.19472524731182803
1107	goal + feedback	95	1150	0.23431591397849458
1107	goal + feedback	96	-200	-0.014443986175115078
1107	goal + feedback	96	-150	-0.026022129032257906
1107	goal + feedback	96	-100	-9.112956989245635e-4
1107	goal + feedback	96	-50	0.02203920430107546
1107	goal + feedback	96	0	0.021745537634408674
1107	goal + feedback	96	50	-0.00956529569892465
1107	goal + feedback	96	100	-0.034667129032257916
1107	goal + feedback	96	150	-0.05197312903225789
1107	goal + feedback	96	200	-0.05296129569892457
1107	goal + feedback	96	250	-0.04967312903225792
1107	goal + feedback	96	300	-0.06112562903225793
1107	goal + feedback	96	350	-0.06433246236559127
1107	goal + feedback	96	400	-0.05445679569892459
1107	goal + feedback	96	450	-0.02365812903225802
1107	goal + feedback	96	500	0.011584204301075504
1107	goal + feedback	96	550	0.06473770430107528
1107	goal + feedback	96	600	0.09460770430107542
1107	goal + feedback	96	650	0.12178803763440871
1107	goal + feedback	96	700	0.12132787096774204
1107	goal + feedback	96	750	0.10018653763440873
1107	goal + feedback	96	800	0.014947120967741978
1107	goal + feedback	96	850	NA
1107	goal + feedback	96	900	NA
1107	goal + feedback	96	950	NA
1107	goal + feedback	96	1e3	NA
1107	goal + feedback	96	1050	-0.013831795698924529
1107	goal + feedback	96	1100	0.02787120430107537
1107	goal + feedback	96	1150	0.0664725376344087
1107	goal + feedback	97	-200	-0.010655686635944786
1107	goal + feedback	97	-150	7.187419354837873e-4
1107	goal + feedback	97	-100	-8.452580645161115e-4
1107	goal + feedback	97	-50	0.003199741935483743
1107	goal + feedback	97	0	0.009358408602150462
1107	goal + feedback	97	50	0.008510908602150499
1107	goal + feedback	97	100	-0.0018129247311828856
1107	goal + feedback	97	150	-0.026139591397849566
1107	goal + feedback	97	200	-0.047444924731182926
1107	goal + feedback	97	250	-0.06580942473118274
1107	goal + feedback	97	300	-0.07176459139784959
1107	goal + feedback	97	350	-0.06841459139784956
1107	goal + feedback	97	400	-0.05442425806451615
1107	goal + feedback	97	450	-0.026788424731182925
1107	goal + feedback	97	500	-0.004549758064516259
1107	goal + feedback	97	550	0.028635575268817066
1107	goal + feedback	97	600	0.07768107526881714
1107	goal + feedback	97	650	0.12755724193548387
1107	goal + feedback	97	700	0.16297890860215056
1107	goal + feedback	97	750	0.16623840860215044
1107	goal + feedback	97	800	0.14951007526881707
1107	goal + feedback	97	850	0.11505657526881714
1107	goal + feedback	97	900	0.07258340860215047
1107	goal + feedback	97	950	0.03698140860215041
1107	goal + feedback	97	1e3	-0.05965685806451617
1107	goal + feedback	97	1050	NA
1107	goal + feedback	97	1100	NA
1107	goal + feedback	97	1150	NA
1107	goal + feedback	98	-200	-0.06949814746543792
1107	goal + feedback	98	-150	-0.036307623655914036
1107	goal + feedback	98	-100	-0.0016792903225807028
1107	goal + feedback	98	-50	0.037817709677419264
1107	goal + feedback	98	0	0.08125037634408601
1107	goal + feedback	98	50	0.1060092096774193
1107	goal + feedback	98	100	0.11965937634408601
1107	goal + feedback	98	150	0.13084620967741922
1107	goal + feedback	98	200	0.14832304301075264
1107	goal + feedback	98	250	0.12985587634408588
1107	goal + feedback	98	300	0.1535685430107526
1107	goal + feedback	98	350	0.15698820967741933
1107	goal + feedback	98	400	0.15993954301075264
1107	goal + feedback	98	450	0.1929322096774193
1107	goal + feedback	98	500	0.2097950430107527
1107	goal + feedback	98	550	0.2500525430107527
1107	goal + feedback	98	600	0.26609937634408604
1107	goal + feedback	98	650	0.28344954301075265
1107	goal + feedback	98	700	0.2684223763440859
1107	goal + feedback	98	750	0.2400775430107526
1107	goal + feedback	98	800	0.18378187634408602
1107	goal + feedback	98	850	0.17085104301075274
1107	goal + feedback	98	900	0.11524337634408595
1107	goal + feedback	98	950	NA
1107	goal + feedback	98	1e3	NA
1107	goal + feedback	98	1050	NA
1107	goal + feedback	98	1100	NA
1107	goal + feedback	98	1150	NA
1107	goal + feedback	99	-200	-0.006915170506912498
1107	goal + feedback	99	-150	-0.003001908602150586
1107	goal + feedback	99	-100	-0.020135908602150643
1107	goal + feedback	99	-50	0.004627424731182754
1107	goal + feedback	99	0	0.02657809139784928
1107	goal + feedback	99	50	0.060321091397849434
1107	goal + feedback	99	100	0.09030292473118277
1107	goal + feedback	99	150	0.08587492473118268
1107	goal + feedback	99	200	0.07713009139784928
1107	goal + feedback	99	250	0.08213759139784926
1107	goal + feedback	99	300	0.06934059139784947
1107	goal + feedback	99	350	0.06284109139784937
1107	goal + feedback	99	400	0.0669115913978493
1107	goal + feedback	99	450	0.09927942473118263
1107	goal + feedback	99	500	0.12215742473118267
1107	goal + feedback	99	550	0.1767695913978493
1107	goal + feedback	99	600	0.23805059139784937
1107	goal + feedback	99	650	0.2875097580645161
1107	goal + feedback	99	700	0.3281575913978494
1107	goal + feedback	99	750	0.37662475806451595
1107	goal + feedback	99	800	0.40575825806451604
1107	goal + feedback	99	850	0.4112185913978494
1107	goal + feedback	99	900	0.40123309139784946
1107	goal + feedback	99	950	0.38367909139784934
1107	goal + feedback	99	1e3	0.2780247580645161
1107	goal + feedback	99	1050	NA
1107	goal + feedback	99	1100	NA
1107	goal + feedback	99	1150	NA
1107	goal + feedback	100	-200	0.024199377880184208
1107	goal + feedback	100	-150	0.008720473118279429
1107	goal + feedback	100	-100	-0.00977686021505401
1107	goal + feedback	100	-50	-0.019291026881720647
1107	goal + feedback	100	0	-0.007885193548387312
1107	goal + feedback	100	50	0.003980973118279385
1107	goal + feedback	100	100	0.01983330645161267
1107	goal + feedback	100	150	0.037015306451612696
1107	goal + feedback	100	200	0.05754530645161271
1107	goal + feedback	100	250	0.05490547311827928
1107	goal + feedback	100	300	0.06940480645161269
1107	goal + feedback	100	350	0.07008363978494603
1107	goal + feedback	100	400	0.08374797311827938
1107	goal + feedback	100	450	0.10500797311827943
1107	goal + feedback	100	500	0.1370174731182794
1107	goal + feedback	100	550	0.19176063978494606
1107	goal + feedback	100	600	0.22754830645161275
1107	goal + feedback	100	650	0.27691163978494604
1107	goal + feedback	100	700	0.28297397311827943
1107	goal + feedback	100	750	0.28928213978494594
1107	goal + feedback	100	800	0.24537360645161277
1107	goal + feedback	100	850	NA
1107	goal + feedback	100	900	NA
1107	goal + feedback	100	950	NA
1107	goal + feedback	100	1e3	NA
1107	goal + feedback	100	1050	NA
1107	goal + feedback	100	1100	NA
1107	goal + feedback	100	1150	0.046173639784946006
1107	goal + feedback	101	-200	0.017526430107527007
1107	goal + feedback	101	-150	0.010555263440860477
1107	goal + feedback	101	-100	-0.0019051889400919667
1107	goal + feedback	101	-50	-0.011953903225806325
1107	goal + feedback	101	0	-0.013905069892472902
1107	goal + feedback	101	50	-0.017344403225806253
1107	goal + feedback	101	100	-0.020792903225806143
1107	goal + feedback	101	150	-0.02918923655913952
1107	goal + feedback	101	200	-0.037717236559139465
1107	goal + feedback	101	250	-0.03946823655913959
1107	goal + feedback	101	300	-0.043757069892472966
1107	goal + feedback	101	350	-0.03042140322580626
1107	goal + feedback	101	400	-0.004198569892472988
1107	goal + feedback	101	450	0.027231930107527075
1107	goal + feedback	101	500	0.09258676344086052
1107	goal + feedback	101	550	0.1477904301075271
1107	goal + feedback	101	600	0.19107393010752713
1107	goal + feedback	101	650	0.24037043010752712
1107	goal + feedback	101	700	0.26384876344086045
1107	goal + feedback	101	750	0.2510915967741938
1107	goal + feedback	101	800	0.1774797634408604
1107	goal + feedback	101	850	NA
1107	goal + feedback	101	900	NA
1107	goal + feedback	101	950	NA
1107	goal + feedback	101	1e3	NA
1107	goal + feedback	101	1050	NA
1107	goal + feedback	101	1100	NA
1107	goal + feedback	101	1150	NA
1107	goal + feedback	102	-200	0.00990125806451636
1107	goal + feedback	102	-150	0.014103924731182937
1107	goal + feedback	102	-100	0.003381591397849807
1107	goal + feedback	102	-50	-0.009811027649769346
1107	goal + feedback	102	0	-0.015940575268817092
1107	goal + feedback	102	50	-0.022284741935483687
1107	goal + feedback	102	100	-0.0362015752688171
1107	goal + feedback	102	150	-0.05807107526881702
1107	goal + feedback	102	200	-0.10655957526881717
1107	goal + feedback	102	250	-0.11756840860215038
1107	goal + feedback	102	300	-0.13424540860215028
1107	goal + feedback	102	350	-0.14651324193548368
1107	goal + feedback	102	400	-0.14024294193548376
1107	goal + feedback	102	450	-0.1203477419354837
1107	goal + feedback	102	500	-0.08081817050691223
1107	goal + feedback	102	550	-0.013935141935483574
1107	goal + feedback	102	600	0.04067625806451628
1107	goal + feedback	102	650	0.09563325806451635
1107	goal + feedback	102	700	0.12898659139784963
1107	goal + feedback	102	750	0.1276679723502305
1107	goal + feedback	102	800	0.052724591397849796
1107	goal + feedback	102	850	NA
1107	goal + feedback	102	900	NA
1107	goal + feedback	102	950	NA
1107	goal + feedback	102	1e3	NA
1107	goal + feedback	102	1050	NA
1107	goal + feedback	102	1100	NA
1107	goal + feedback	102	1150	NA
1107	goal + feedback	103	-200	-0.05536144700460856
1107	goal + feedback	103	-150	-0.026086661290322777
1107	goal + feedback	103	-100	0.00987283870967722
1107	goal + feedback	103	-50	0.03583817204301054
1107	goal + feedback	103	0	0.044964005376343895
1107	goal + feedback	103	50	0.052508838709677264
1107	goal + feedback	103	100	0.05197233870967718
1107	goal + feedback	103	150	0.050134505376343785
1107	goal + feedback	103	200	0.05247250537634388
1107	goal + feedback	103	250	0.040456172043010476
1107	goal + feedback	103	300	0.013835005376343856
1107	goal + feedback	103	350	-0.02568549462365614
1107	goal + feedback	103	400	-0.06424782795698943
1107	goal + feedback	103	450	-0.06369699462365615
1107	goal + feedback	103	500	-0.057857327956989536
1107	goal + feedback	103	550	-0.042293994623656093
1107	goal + feedback	103	600	-0.008235327956989336
1107	goal + feedback	103	650	0.040080172043010544
1107	goal + feedback	103	700	0.05341767204301062
1107	goal + feedback	103	750	0.03956350537634382
1107	goal + feedback	103	800	0.0066685053763438544
1107	goal + feedback	103	850	-0.03925549462365622
1107	goal + feedback	103	900	-0.07091999462365621
1107	goal + feedback	103	950	-0.10762199462365614
1107	goal + feedback	103	1e3	-0.12985049462365614
1107	goal + feedback	103	1050	-0.2513994112903227
1107	goal + feedback	103	1100	NA
1107	goal + feedback	103	1150	NA
1107	goal + feedback	104	-200	0.002887981566820384
1107	goal + feedback	104	-150	0.026626338709677604
1107	goal + feedback	104	-100	0.02018883870967758
1107	goal + feedback	104	-50	-0.01862782795698899
1107	goal + feedback	104	0	-0.03155666129032242
1107	goal + feedback	104	50	-0.039730494623655854
1107	goal + feedback	104	100	-0.026851994623655766
1107	goal + feedback	104	150	-0.0210256612903225
1107	goal + feedback	104	200	-2.01161290322475e-4
1107	goal + feedback	104	250	0.03291133870967755
1107	goal + feedback	104	300	0.048439005376344234
1107	goal + feedback	104	350	0.07619233870967752
1107	goal + feedback	104	400	0.0842491720430109
1107	goal + feedback	104	450	0.11778117204301093
1107	goal + feedback	104	500	0.16723267204301093
1107	goal + feedback	104	550	0.1888678387096776
1107	goal + feedback	104	600	0.21835300537634414
1107	goal + feedback	104	650	0.24844233870967755
1107	goal + feedback	104	700	0.26064033870967757
1107	goal + feedback	104	750	0.26267183870967753
1107	goal + feedback	104	800	0.24544817204301084
1107	goal + feedback	104	850	0.18983883870967758
1107	goal + feedback	104	900	0.13726100537634434
1107	goal + feedback	104	950	0.08817867204301089
1107	goal + feedback	104	1e3	0.06083233870967756
1107	goal + feedback	104	1050	0.04208417204301081
1107	goal + feedback	104	1100	0.04704283870967759
1107	goal + feedback	104	1150	0.010926505376344172
1107	goal + feedback	105	-200	0.0834603333333334
1107	goal + feedback	105	-150	0.033233000000000144
1107	goal + feedback	105	-100	0.004291166666666735
1107	goal + feedback	105	-50	-0.04079983333333326
1107	goal + feedback	105	0	-0.08018466666666664
1107	goal + feedback	105	50	-0.11481549999999996
1107	goal + feedback	105	100	-0.1395694999999999
1107	goal + feedback	105	150	-0.14798049999999993
1107	goal + feedback	105	200	-0.16085783333333317
1107	goal + feedback	105	250	-0.15840566666666658
1107	goal + feedback	105	300	-0.14278283333333333
1107	goal + feedback	105	350	-0.12615149999999983
1107	goal + feedback	105	400	-0.08625992857142847
1107	goal + feedback	105	450	-0.0367322999999999
1107	goal + feedback	105	500	0.0048608333333334626
1107	goal + feedback	105	550	0.05739216666666672
1107	goal + feedback	105	600	0.10639583333333347
1107	goal + feedback	105	650	0.13288600000000014
1107	goal + feedback	105	700	0.14662183333333342
1107	goal + feedback	105	750	0.10800233333333346
1107	goal + feedback	105	800	0.04164400000000009
1107	goal + feedback	105	850	-0.02112521428571425
1107	goal + feedback	105	900	-0.0787109999999999
1107	goal + feedback	105	950	NA
1107	goal + feedback	105	1e3	NA
1107	goal + feedback	105	1050	NA
1107	goal + feedback	105	1100	NA
1107	goal + feedback	105	1150	NA
1107	goal + feedback	106	-200	0.014089589861751113
1107	goal + feedback	106	-150	-5.831720430107268e-4
1107	goal + feedback	106	-100	-0.005357505376344014
1107	goal + feedback	106	-50	-0.0070893387096773175
1107	goal + feedback	106	0	-0.00340783870967735
1107	goal + feedback	106	50	-0.015265672043010806
1107	goal + feedback	106	100	-0.018030338709677334
1107	goal + feedback	106	150	-0.021416838709677293
1107	goal + feedback	106	200	-0.01480367204301077
1107	goal + feedback	106	250	-0.026925172043010665
1107	goal + feedback	106	300	-0.022631838709677332
1107	goal + feedback	106	350	-0.020826505376344045
1107	goal + feedback	106	400	-0.007344338709677434
1107	goal + feedback	106	450	0.021068994623655968
1107	goal + feedback	106	500	0.05455932795698937
1107	goal + feedback	106	550	0.10277199462365598
1107	goal + feedback	106	600	0.14044416129032253
1107	goal + feedback	106	650	0.18267516129032257
1107	goal + feedback	106	700	0.1917806612903227
1107	goal + feedback	106	750	0.18940716129032253
1107	goal + feedback	106	800	0.153932494623656
1107	goal + feedback	106	850	0.11735549462365584
1107	goal + feedback	106	900	0.08336666129032262
1107	goal + feedback	106	950	0.03305216129032259
1107	goal + feedback	106	1e3	0.0311581612903226
1107	goal + feedback	106	1050	0.031824661290322576
1107	goal + feedback	106	1100	-0.13727383870967738
1107	goal + feedback	106	1150	NA
1107	goal + feedback	107	-200	0.0036978571428571655
1107	goal + feedback	107	-150	-0.0032249999999999592
1107	goal + feedback	107	-100	-0.005299333333333249
1107	goal + feedback	107	-50	-0.003290333333333247
1107	goal + feedback	107	0	0.007500499999999984
1107	goal + feedback	107	50	0.02341616666666672
1107	goal + feedback	107	100	0.06187983333333339
1107	goal + feedback	107	150	0.0839060000000001
1107	goal + feedback	107	200	0.13135283333333345
1107	goal + feedback	107	250	0.18079616666666673
1107	goal + feedback	107	300	0.22098450000000006
1107	goal + feedback	107	350	0.25176783333333347
1107	goal + feedback	107	400	0.2680095
1107	goal + feedback	107	450	0.2888556666666667
1107	goal + feedback	107	500	0.31496250000000003
1107	goal + feedback	107	550	0.3467905
1107	goal + feedback	107	600	0.3809533333333335
1107	goal + feedback	107	650	0.3603683333333334
1107	goal + feedback	107	700	0.3074255000000001
1107	goal + feedback	107	750	0.24685883333333347
1107	goal + feedback	107	800	0.20101850000000013
1107	goal + feedback	107	850	-0.017628500000000047
1107	goal + feedback	107	900	NA
1107	goal + feedback	107	950	NA
1107	goal + feedback	107	1e3	-0.01834749999999996
1107	goal + feedback	107	1050	0.15154283333333343
1107	goal + feedback	107	1100	0.20363083333333334
1107	goal + feedback	107	1150	0.2444371666666667
1107	goal + feedback	108	-200	-0.07230282027649748
1107	goal + feedback	108	-150	-0.021647844086021346
1107	goal + feedback	108	-100	0.009586155913978637
1107	goal + feedback	108	-50	0.033244155913978744
1107	goal + feedback	108	0	0.06317082258064532
1107	goal + feedback	108	50	0.051160655913978635
1107	goal + feedback	108	100	0.01976865591397862
1107	goal + feedback	108	150	-0.03259051075268804
1107	goal + feedback	108	200	-0.07421184408602133
1107	goal + feedback	108	250	-0.11590067741935473
1107	goal + feedback	108	300	-0.15976201075268795
1107	goal + feedback	108	350	-0.19971134408602134
1107	goal + feedback	108	400	-0.19097367741935467
1107	goal + feedback	108	450	-0.16832434408602137
1107	goal + feedback	108	500	-0.14598317741935465
1107	goal + feedback	108	550	-0.08504951075268792
1107	goal + feedback	108	600	-0.027142010752687924
1107	goal + feedback	108	650	0.008866322580645422
1107	goal + feedback	108	700	0.04784265591397863
1107	goal + feedback	108	750	0.027223822580645225
1107	goal + feedback	108	800	-0.1365446774193546
1107	goal + feedback	108	850	NA
1107	goal + feedback	108	900	NA
1107	goal + feedback	108	950	NA
1107	goal + feedback	108	1e3	-0.24291417741935462
1107	goal + feedback	108	1050	-0.05375517741935476
1107	goal + feedback	108	1100	-0.03125267741935467
1107	goal + feedback	108	1150	NA
1107	goal + feedback	109	-200	0.019661000000000022
1107	goal + feedback	109	-150	0.008741333333333415
1107	goal + feedback	109	-100	0.0031721666666667905
1107	goal + feedback	109	-50	-0.011743333333333217
1107	goal + feedback	109	0	-0.023107999999999906
1107	goal + feedback	109	50	-0.016732999999999887
1107	goal + feedback	109	100	-0.031820833333333264
1107	goal + feedback	109	150	-0.021342333333333352
1107	goal + feedback	109	200	-0.02856299999999982
1107	goal + feedback	109	250	-0.007992666666666612
1107	goal + feedback	109	300	-9.616666666666015e-4
1107	goal + feedback	109	350	0.0190930000000001
1107	goal + feedback	109	400	0.05058233333333336
1107	goal + feedback	109	450	0.07405299999999997
1107	goal + feedback	109	500	0.14465900000000007
1107	goal + feedback	109	550	0.20551566666666665
1107	goal + feedback	109	600	0.2503568333333335
1107	goal + feedback	109	650	0.3130315000000001
1107	goal + feedback	109	700	0.32862733333333344
1107	goal + feedback	109	750	0.24583466666666678
1107	goal + feedback	109	800	NA
1107	goal + feedback	109	850	NA
1107	goal + feedback	109	900	NA
1107	goal + feedback	109	950	NA
1107	goal + feedback	109	1e3	NA
1107	goal + feedback	109	1050	0.29115400000000013
1107	goal + feedback	109	1100	0.2961417500000001
1107	goal + feedback	109	1150	0.31098450000000016
1107	goal + feedback	110	-200	0.034874327188939916
1107	goal + feedback	110	-150	0.0078017795698922905
1107	goal + feedback	110	-100	-0.0026788870967743663
1107	goal + feedback	110	-50	-0.02400288709677434
1107	goal + feedback	110	0	-0.02180672043010771
1107	goal + feedback	110	50	-0.02477138709677436
1107	goal + feedback	110	100	-0.02599155376344105
1107	goal + feedback	110	150	-0.016842220430107673
1107	goal + feedback	110	200	-0.010380053763441014
1107	goal + feedback	110	250	-0.0019347204301078207
1107	goal + feedback	110	300	0.0027074462365590524
1107	goal + feedback	110	350	0.032265279569892336
1107	goal + feedback	110	400	0.03971477956989237
1107	goal + feedback	110	450	0.0916421129032255
1107	goal + feedback	110	500	0.15973061290322565
1107	goal + feedback	110	550	0.19489061290322565
1107	goal + feedback	110	600	0.24323911290322564
1107	goal + feedback	110	650	0.2833047795698922
1107	goal + feedback	110	700	0.2726209462365588
1107	goal + feedback	110	750	0.2494071129032255
1107	goal + feedback	110	800	0.19780927956989233
1107	goal + feedback	110	850	0.1533856129032257
1107	goal + feedback	110	900	0.1382287795698923
1107	goal + feedback	110	950	0.13501994623655889
1107	goal + feedback	110	1e3	0.12583727956989224
1107	goal + feedback	110	1050	0.01789661290322564
1107	goal + feedback	110	1100	NA
1107	goal + feedback	110	1150	NA
1107	goal + feedback	111	-200	-0.014959799999999968
1107	goal + feedback	111	-150	-0.008748300000000006
1107	goal + feedback	111	-100	-0.006916299999999949
1107	goal + feedback	111	-50	0.0074806999999999695
1107	goal + feedback	111	0	0.023143700000000027
1107	goal + feedback	111	50	0.06481020000000008
1107	goal + feedback	111	100	0.0910377
1107	goal + feedback	111	150	0.1291123666666667
1107	goal + feedback	111	200	0.16446453333333336
1107	goal + feedback	111	250	0.19524736666666667
1107	goal + feedback	111	300	0.20651636666666673
1107	goal + feedback	111	350	0.24840453333333343
1107	goal + feedback	111	400	0.27718136666666654
1107	goal + feedback	111	450	0.3071572000000001
1107	goal + feedback	111	500	0.3235630333333333
1107	goal + feedback	111	550	0.34760670000000005
1107	goal + feedback	111	600	0.36172653333333327
1107	goal + feedback	111	650	0.33993686666666667
1107	goal + feedback	111	700	0.27892786666666664
1107	goal + feedback	111	750	0.20323003333333345
1107	goal + feedback	111	800	0.047222533333333296
1107	goal + feedback	111	850	NA
1107	goal + feedback	111	900	NA
1107	goal + feedback	111	950	NA
1107	goal + feedback	111	1e3	NA
1107	goal + feedback	111	1050	NA
1107	goal + feedback	111	1100	0.2208298666666666
1107	goal + feedback	111	1150	0.1769118666666667
1107	goal + feedback	112	-200	-0.013506308755760532
1107	goal + feedback	112	-150	-0.013823251612903409
1107	goal + feedback	112	-100	0.0015942626728108042
1107	goal + feedback	112	-50	0.016496715053763156
1107	goal + feedback	112	0	0.008920048387096665
1107	goal + feedback	112	50	0.01607004838709658
1107	goal + feedback	112	100	0.037261215053763154
1107	goal + feedback	112	150	-0.14943445161290336
1107	goal + feedback	112	200	NA
1107	goal + feedback	112	250	NA
1107	goal + feedback	112	300	NA
1107	goal + feedback	112	350	0.06781654838709672
1107	goal + feedback	112	400	0.1206617483870966
1107	goal + feedback	112	450	0.10193471505376328
1107	goal + feedback	112	500	0.13404004838709663
1107	goal + feedback	112	550	0.20022504838709665
1107	goal + feedback	112	600	0.24435804838709654
1107	goal + feedback	112	650	0.2683245483870966
1107	goal + feedback	112	700	0.26853138172042995
1107	goal + feedback	112	750	0.23243188172042997
1107	goal + feedback	112	800	0.08773354838709668
1107	goal + feedback	112	850	NA
1107	goal + feedback	112	900	NA
1107	goal + feedback	112	950	NA
1107	goal + feedback	112	1e3	NA
1107	goal + feedback	112	1050	NA
1107	goal + feedback	112	1100	NA
1107	goal + feedback	112	1150	NA
1107	goal + feedback	113	-200	0.028282009216589694
1107	goal + feedback	113	-150	0.01526174731182787
1107	goal + feedback	113	-100	-0.003159919354838836
1107	goal + feedback	113	-50	-0.010594086021505614
1107	goal + feedback	113	0	-0.034503419354838805
1107	goal + feedback	113	50	-0.04234758602150553
1107	goal + feedback	113	100	-0.026585419354838862
1107	goal + feedback	113	150	-0.028016086021505515
1107	goal + feedback	113	200	-0.026720086021505402
1107	goal + feedback	113	250	-0.011445252688172166
1107	goal + feedback	113	300	-0.004924252688172093
1107	goal + feedback	113	350	0.01317641397849445
1107	goal + feedback	113	400	0.0286505806451612
1107	goal + feedback	113	450	0.04824858064516113
1107	goal + feedback	113	500	0.09504591397849449
1107	goal + feedback	113	550	0.13560208064516122
1107	goal + feedback	113	600	0.1712325806451612
1107	goal + feedback	113	650	0.21653958064516102
1107	goal + feedback	113	700	0.24621191397849454
1107	goal + feedback	113	750	0.2571022473118278
1107	goal + feedback	113	800	0.26318124731182785
1107	goal + feedback	113	850	0.2578950806451612
1107	goal + feedback	113	900	0.22954058064516114
1107	goal + feedback	113	950	0.19342308064516112
1107	goal + feedback	113	1e3	0.12864858064516116
1107	goal + feedback	113	1050	NA
1107	goal + feedback	113	1100	NA
1107	goal + feedback	113	1150	NA
1107	goal + feedback	114	-200	-0.02281917050691248
1107	goal + feedback	114	-150	-0.005289241935483894
1107	goal + feedback	114	-100	-0.0024105752688171242
1107	goal + feedback	114	-50	0.00982059139784952
1107	goal + feedback	114	0	0.024501591397849538
1107	goal + feedback	114	50	0.021483091397849503
1107	goal + feedback	114	100	0.029944591397849402
1107	goal + feedback	114	150	0.035955091397849546
1107	goal + feedback	114	200	0.07421075806451616
1107	goal + feedback	114	250	0.08190792473118276
1107	goal + feedback	114	300	0.08765575806451609
1107	goal + feedback	114	350	0.07184125806451618
1107	goal + feedback	114	400	0.09674875806451604
1107	goal + feedback	114	450	0.10237075806451605
1107	goal + feedback	114	500	0.12158942473118269
1107	goal + feedback	114	550	0.1483955913978495
1107	goal + feedback	114	600	0.15591859139784944
1107	goal + feedback	114	650	0.1602004247311828
1107	goal + feedback	114	700	0.15659792473118284
1107	goal + feedback	114	750	0.1324614247311827
1107	goal + feedback	114	800	0.0992859247311828
1107	goal + feedback	114	850	0.07162075806451607
1107	goal + feedback	114	900	-0.024545741935483888
1107	goal + feedback	114	950	NA
1107	goal + feedback	114	1e3	NA
1107	goal + feedback	114	1050	NA
1107	goal + feedback	114	1100	NA
1107	goal + feedback	114	1150	NA
1107	goal + feedback	115	-200	-0.02681663133640542
1107	goal + feedback	115	-150	0.012338392473118335
1107	goal + feedback	115	-100	0.015555892473118357
1107	goal + feedback	115	-50	0.006784559139785114
1107	goal + feedback	115	0	-0.003392774193548368
1107	goal + feedback	115	50	-0.017750107526881703
1107	goal + feedback	115	100	-0.0139852741935483
1107	goal + feedback	115	150	-0.012114607526881649
1107	goal + feedback	115	200	0.006276225806451634
1107	goal + feedback	115	250	0.03213922580645168
1107	goal + feedback	115	300	0.05821005913978509
1107	goal + feedback	115	350	0.10099305913978496
1107	goal + feedback	115	400	0.12695505913978508
1107	goal + feedback	115	450	0.1692387258064516
1107	goal + feedback	115	500	0.21183755913978505
1107	goal + feedback	115	550	0.23706389247311832
1107	goal + feedback	115	600	0.26331339247311836
1107	goal + feedback	115	650	0.262220059139785
1107	goal + feedback	115	700	0.18302239247311833
1107	goal + feedback	115	750	NA
1107	goal + feedback	115	800	NA
1107	goal + feedback	115	850	NA
1107	goal + feedback	115	900	NA
1107	goal + feedback	115	950	NA
1107	goal + feedback	115	1e3	NA
1107	goal + feedback	115	1050	NA
1107	goal + feedback	115	1100	NA
1107	goal + feedback	115	1150	NA
1107	goal + feedback	116	-200	-0.04719286363636366
1107	goal + feedback	116	-150	NA
1107	goal + feedback	116	-100	NA
1107	goal + feedback	116	-50	-0.08240536363636375
1107	goal + feedback	116	0	0.05693363636363628
1107	goal + feedback	116	50	0.137855303030303
1107	goal + feedback	116	100	0.05589230303030298
1107	goal + feedback	116	150	0.056843803030302974
1107	goal + feedback	116	200	0.039866136363636194
1107	goal + feedback	116	250	-0.01610653030303033
1107	goal + feedback	116	300	-0.05834736363636369
1107	goal + feedback	116	350	-0.08605336363636377
1107	goal + feedback	116	400	-0.1170771969696971
1107	goal + feedback	116	450	-0.11266036363636374
1107	goal + feedback	116	500	-0.08733736363636362
1107	goal + feedback	116	550	-0.039723696969697096
1107	goal + feedback	116	600	0.0022884696969696083
1107	goal + feedback	116	650	0.04445246969696955
1107	goal + feedback	116	700	0.02890613636363626
1107	goal + feedback	116	750	-0.014294696969697096
1107	goal + feedback	116	800	-0.05792286363636371
1107	goal + feedback	116	850	-0.08084903030303041
1107	goal + feedback	116	900	-0.10800119696969708
1107	goal + feedback	116	950	-0.12250036363636374
1107	goal + feedback	116	1e3	-0.16938376363636376
1107	goal + feedback	116	1050	NA
1107	goal + feedback	116	1100	NA
1107	goal + feedback	116	1150	NA
1107	goal + feedback	117	-200	-0.005069225806451527
1107	goal + feedback	117	-150	0.024881107526881774
1107	goal + feedback	117	-100	0.021274607526881855
1107	goal + feedback	117	-50	-0.002919059139784815
1107	goal + feedback	117	0	-0.03732255913978492
1107	goal + feedback	117	50	-0.05806889247311816
1107	goal + feedback	117	100	-0.06654272580645149
1107	goal + feedback	117	150	-0.06764739247311824
1107	goal + feedback	117	200	-0.04980122580645152
1107	goal + feedback	117	250	-0.05686289247311812
1107	goal + feedback	117	300	-0.054415225806451493
1107	goal + feedback	117	350	-0.03573322580645155
1107	goal + feedback	117	400	-0.012496892473118137
1107	goal + feedback	117	450	0.01817094086021509
1107	goal + feedback	117	500	0.06066544086021519
1107	goal + feedback	117	550	0.10468577419354845
1107	goal + feedback	117	600	0.15640144086021515
1107	goal + feedback	117	650	0.19976310752688176
1107	goal + feedback	117	700	0.25971044086021505
1107	goal + feedback	117	750	0.2730567741935485
1107	goal + feedback	117	800	0.26797260752688185
1107	goal + feedback	117	850	0.24812977419354834
1107	goal + feedback	117	900	0.20332427419354845
1107	goal + feedback	117	950	0.1591911075268818
1107	goal + feedback	117	1e3	0.1371029408602152
1107	goal + feedback	117	1050	0.10415544086021507
1107	goal + feedback	117	1100	0.08821760752688183
1107	goal + feedback	117	1150	0.08918127419354849
1107	goal + feedback	118	-200	-0.025831635944700553
1107	goal + feedback	118	-150	-0.014582564516129048
1107	goal + feedback	118	-100	-0.0010283978494624406
1107	goal + feedback	118	-50	0.025882435483870925
1107	goal + feedback	118	0	0.019865435483870986
1107	goal + feedback	118	50	0.034984102150537565
1107	goal + feedback	118	100	0.060415602150537616
1107	goal + feedback	118	150	0.08336360215053766
1107	goal + feedback	118	200	0.10154943548387085
1107	goal + feedback	118	250	0.12479110215053753
1107	goal + feedback	118	300	0.13885993548387096
1107	goal + feedback	118	350	0.15807926881720422
1107	goal + feedback	118	400	0.19660860215053763
1107	goal + feedback	118	450	0.23599343548387086
1107	goal + feedback	118	500	0.2827566021505376
1107	goal + feedback	118	550	0.30332426881720426
1107	goal + feedback	118	600	0.3516031021505377
1107	goal + feedback	118	650	0.3783271021505375
1107	goal + feedback	118	700	0.3669856021505376
1107	goal + feedback	118	750	0.3139786021505376
1107	goal + feedback	118	800	0.2550834354838709
1107	goal + feedback	118	850	0.1873459354838709
1107	goal + feedback	118	900	0.14756893548387087
1107	goal + feedback	118	950	0.08932343548387094
1107	goal + feedback	118	1e3	-0.2929050645161291
1107	goal + feedback	118	1050	NA
1107	goal + feedback	118	1100	-0.2481445645161291
1107	goal + feedback	118	1150	0.028684602150537586
1107	goal + feedback	119	-200	-0.03650635483870986
1107	goal + feedback	119	-150	-0.013453188172043143
1107	goal + feedback	119	-100	0.005922311827956846
1107	goal + feedback	119	-50	0.02502764516129023
1107	goal + feedback	119	0	0.025093978494623508
1107	goal + feedback	119	50	0.027302145161290186
1107	goal + feedback	119	100	-6.561881720431225e-4
1107	goal + feedback	119	150	-0.003512854838709704
1107	goal + feedback	119	200	-0.015328854838709752
1107	goal + feedback	119	250	-0.005322354838709797
1107	goal + feedback	119	300	-0.012344854838709876
1107	goal + feedback	119	350	-0.013801854838709845
1107	goal + feedback	119	400	0.005885145161290166
1107	goal + feedback	119	450	0.04283497849462344
1107	goal + feedback	119	500	0.08056064516128998
1107	goal + feedback	119	550	0.13380781182795679
1107	goal + feedback	119	600	0.17588964516129013
1107	goal + feedback	119	650	0.21571831182795678
1107	goal + feedback	119	700	-0.027027354838709883
1107	goal + feedback	119	750	NA
1107	goal + feedback	119	800	NA
1107	goal + feedback	119	850	-0.014796354838709854
1107	goal + feedback	119	900	0.15181614516129013
1107	goal + feedback	119	950	0.13555764516129018
1107	goal + feedback	119	1e3	0.16698207373271876
1107	goal + feedback	119	1050	0.22891681182795684
1107	goal + feedback	119	1100	0.23058114516129016
1107	goal + feedback	119	1150	0.1968878118279568
1107	goal + feedback	120	-200	-0.023644013824884853
1107	goal + feedback	120	-150	-0.011511370967742055
1107	goal + feedback	120	-100	-0.0019400376344086052
1107	goal + feedback	120	-50	0.01724879569892468
1107	goal + feedback	120	0	0.023787295698924755
1107	goal + feedback	120	50	0.018960462365591308
1107	goal + feedback	120	100	0.0333536290322581
1107	goal + feedback	120	150	0.03583162903225808
1107	goal + feedback	120	200	0.045681462365591306
1107	goal + feedback	120	250	0.03696312903225792
1107	goal + feedback	120	300	0.04692546236559133
1107	goal + feedback	120	350	0.04273846236559131
1107	goal + feedback	120	400	0.06297496236559146
1107	goal + feedback	120	450	0.08347962903225799
1107	goal + feedback	120	500	0.13143329569892473
1107	goal + feedback	120	550	0.16566929569892466
1107	goal + feedback	120	600	0.1962481290322581
1107	goal + feedback	120	650	0.2142297956989246
1107	goal + feedback	120	700	0.2021932956989246
1107	goal + feedback	120	750	0.15155829569892468
1107	goal + feedback	120	800	0.01080812903225814
1107	goal + feedback	120	850	NA
1107	goal + feedback	120	900	NA
1107	goal + feedback	120	950	NA
1107	goal + feedback	120	1e3	-0.030572370967741902
1107	goal + feedback	120	1050	0.022112295698924662
1107	goal + feedback	120	1100	0.054865629032258
1107	goal + feedback	120	1150	0.1463176290322581
1107	goal + feedback	121	-200	-0.022328718894009177
1107	goal + feedback	121	-150	-0.0089512903225805
1107	goal + feedback	121	-100	7.823763440860295e-4
1107	goal + feedback	121	-50	0.00975437634408601
1107	goal + feedback	121	0	0.02446470967741939
1107	goal + feedback	121	50	0.04053437634408604
1107	goal + feedback	121	100	0.036841543010752785
1107	goal + feedback	121	150	-0.1333892903225804
1107	goal + feedback	121	200	NA
1107	goal + feedback	121	250	NA
1107	goal + feedback	121	300	NA
1107	goal + feedback	121	350	-0.006653623655913894
1107	goal + feedback	121	400	0.08281054301075279
1107	goal + feedback	121	450	0.052144043010752705
1107	goal + feedback	121	500	0.09645754301075275
1107	goal + feedback	121	550	0.12745320967741947
1107	goal + feedback	121	600	0.18691004301075273
1107	goal + feedback	121	650	0.2482405430107526
1107	goal + feedback	121	700	0.27238604301075275
1107	goal + feedback	121	750	0.27173754301075265
1107	goal + feedback	121	800	0.2432928763440861
1107	goal + feedback	121	850	0.18703554301075279
1107	goal + feedback	121	900	0.031989959677419355
1107	goal + feedback	121	950	NA
1107	goal + feedback	121	1e3	NA
1107	goal + feedback	121	1050	NA
1107	goal + feedback	121	1100	NA
1107	goal + feedback	121	1150	NA
1107	goal + feedback	122	-200	0.018364981566820315
1107	goal + feedback	122	-150	0.014390338709677394
1107	goal + feedback	122	-100	0.008636505376344047
1107	goal + feedback	122	-50	-0.009525494623656114
1107	goal + feedback	122	0	-0.03492716129032266
1107	goal + feedback	122	50	-0.05949749462365602
1107	goal + feedback	122	100	-0.07730632795698929
1107	goal + feedback	122	150	-0.09867099462365592
1107	goal + feedback	122	200	-0.12859866129032263
1107	goal + feedback	122	250	-0.14008282795698931
1107	goal + feedback	122	300	-0.14999216129032256
1107	goal + feedback	122	350	-0.14748632795698935
1107	goal + feedback	122	400	-0.12304216129032268
1107	goal + feedback	122	450	-0.094265994623656
1107	goal + feedback	122	500	-0.048838994623655964
1107	goal + feedback	122	550	0.007003172043010745
1107	goal + feedback	122	600	0.06239417204301071
1107	goal + feedback	122	650	0.08085000537634413
1107	goal + feedback	122	700	0.030851338709677267
1107	goal + feedback	122	750	NA
1107	goal + feedback	122	800	NA
1107	goal + feedback	122	850	NA
1107	goal + feedback	122	900	NA
1107	goal + feedback	122	950	NA
1107	goal + feedback	122	1e3	0.03488683870967724
1107	goal + feedback	122	1050	-0.016881161290322577
1107	goal + feedback	122	1100	NA
1107	goal + feedback	122	1150	NA
1107	goal + feedback	123	-200	0.05196926267281089
1107	goal + feedback	123	-150	0.02555454838709655
1107	goal + feedback	123	-100	-0.0012776182795701807
1107	goal + feedback	123	-50	-0.03375945161290347
1107	goal + feedback	123	0	-0.05114828494623672
1107	goal + feedback	123	50	-0.04622928494623676
1107	goal + feedback	123	100	-0.07084528494623672
1107	goal + feedback	123	150	-0.07142878494623672
1107	goal + feedback	123	200	-0.06811211827957016
1107	goal + feedback	123	250	-0.05522095161290341
1107	goal + feedback	123	300	-0.040657784946236696
1107	goal + feedback	123	350	-0.02852311827957014
1107	goal + feedback	123	400	-0.013705118279570142
1107	goal + feedback	123	450	0.018591381720429883
1107	goal + feedback	123	500	0.05980838172042987
1107	goal + feedback	123	550	0.10306721505376319
1107	goal + feedback	123	600	0.12020954838709656
1107	goal + feedback	123	650	0.1388182150537632
1107	goal + feedback	123	700	0.10462804838709656
1107	goal + feedback	123	750	-0.028161651612903515
1107	goal + feedback	123	800	-0.4632334516129033
1107	goal + feedback	123	850	NA
1107	goal + feedback	123	900	NA
1107	goal + feedback	123	950	-0.45591545161290337
1107	goal + feedback	123	1e3	-0.11801159447004636
1107	goal + feedback	123	1050	-0.05678395161290347
1107	goal + feedback	123	1100	-0.02252078494623677
1107	goal + feedback	123	1150	0.03715904838709664
1107	goal + feedback	124	-200	0.010189933333333437
1107	goal + feedback	124	-150	0.013992766666666748
1107	goal + feedback	124	-100	-0.006295399999999951
1107	goal + feedback	124	-50	-0.009485066666666523
1107	goal + feedback	124	0	-0.008402233333333268
1107	goal + feedback	124	50	-0.01269923333333319
1107	goal + feedback	124	100	-0.013811566666666572
1107	goal + feedback	124	150	-0.034286566666666664
1107	goal + feedback	124	200	-0.03196006666666662
1107	goal + feedback	124	250	-0.06460989999999985
1107	goal + feedback	124	300	-0.07411239999999997
1107	goal + feedback	124	350	-0.06668040000000001
1107	goal + feedback	124	400	-0.0661699
1107	goal + feedback	124	450	-0.02041589999999993
1107	goal + feedback	124	500	0.031315766666666724
1107	goal + feedback	124	550	0.08422893333333341
1107	goal + feedback	124	600	0.15394143333333332
1107	goal + feedback	124	650	0.19966659999999994
1107	goal + feedback	124	700	0.13985176666666677
1107	goal + feedback	124	750	NA
1107	goal + feedback	124	800	NA
1107	goal + feedback	124	850	NA
1107	goal + feedback	124	900	NA
1107	goal + feedback	124	950	NA
1107	goal + feedback	124	1e3	0.26952310000000024
1107	goal + feedback	124	1050	0.23575610000000013
1107	goal + feedback	124	1100	0.23699476666666675
1107	goal + feedback	124	1150	0.31512426666666676
1107	goal + feedback	125	-200	0.013770502304147416
1107	goal + feedback	125	-150	0.004592478494623557
1107	goal + feedback	125	-100	-0.011354688172042993
1107	goal + feedback	125	-50	-0.004134688172043137
1107	goal + feedback	125	0	-0.005168688172043116
1107	goal + feedback	125	50	-0.0015441881720431223
1107	goal + feedback	125	100	-0.004656021505376436
1107	goal + feedback	125	150	-0.006451854838709729
1107	goal + feedback	125	200	-0.0036098548387097176
1107	goal + feedback	125	250	0.016656145161290253
1107	goal + feedback	125	300	0.021266311827956946
1107	goal + feedback	125	350	0.04861614516129017
1107	goal + feedback	125	400	0.07606797849462359
1107	goal + feedback	125	450	0.12287631182795693
1107	goal + feedback	125	500	0.1531728118279568
1107	goal + feedback	125	550	0.1822341451612902
1107	goal + feedback	125	600	0.22602664516129015
1107	goal + feedback	125	650	0.22698364516129024
1107	goal + feedback	125	700	0.1929291451612903
1107	goal + feedback	125	750	0.10886104516129028
1107	goal + feedback	125	800	NA
1107	goal + feedback	125	850	NA
1107	goal + feedback	125	900	NA
1107	goal + feedback	125	950	NA
1107	goal + feedback	125	1e3	NA
1107	goal + feedback	125	1050	NA
1107	goal + feedback	125	1100	0.13982364516129012
1107	goal + feedback	125	1150	0.09778864516129031
1107	goal + feedback	126	-200	-0.010640866666666785
1107	goal + feedback	126	-150	-0.006660200000000079
1107	goal + feedback	126	-100	-0.006525033333333467
1107	goal + feedback	126	-50	0.006711299999999938
1107	goal + feedback	126	0	0.017114799999999875
1107	goal + feedback	126	50	0.028991799999999863
1107	goal + feedback	126	100	0.030218966666666642
1107	goal + feedback	126	150	0.04322079999999996
1107	goal + feedback	126	200	0.06233639999999987
1107	goal + feedback	126	250	0.07001351428571422
1107	goal + feedback	126	300	0.08398779999999983
1107	goal + feedback	126	350	0.08346096666666651
1107	goal + feedback	126	400	0.07807329999999994
1107	goal + feedback	126	450	0.08763079999999997
1107	goal + feedback	126	500	0.1292966333333332
1107	goal + feedback	126	550	0.15898946666666655
1107	goal + feedback	126	600	0.19959939999999987
1107	goal + feedback	126	650	0.05599829999999972
1107	goal + feedback	126	700	NA
1107	goal + feedback	126	750	NA
1107	goal + feedback	126	800	NA
1107	goal + feedback	126	850	NA
1107	goal + feedback	126	900	NA
1107	goal + feedback	126	950	0.19379946666666661
1107	goal + feedback	126	1e3	0.2184043714285713
1107	goal + feedback	126	1050	-0.06297053333333347
1107	goal + feedback	126	1100	NA
1107	goal + feedback	126	1150	NA
1107	goal + feedback	127	-200	-0.02135421198156668
1107	goal + feedback	127	-150	0.005655645161290431
1107	goal + feedback	127	-100	0.012520811827956946
1107	goal + feedback	127	-50	0.008733645161290346
1107	goal + feedback	127	0	-0.0019968548387095573
1107	goal + feedback	127	50	0.0026648118279570068
1107	goal + feedback	127	100	-0.01094052150537624
1107	goal + feedback	127	150	-0.014137521505376283
1107	goal + feedback	127	200	-0.0020285215053762093
1107	goal + feedback	127	250	0.006169311827957102
1107	goal + feedback	127	300	0.02768681182795703
1107	goal + feedback	127	350	0.033723645161290415
1107	goal + feedback	127	400	0.05287031182795706
1107	goal + feedback	127	450	0.0728669784946238
1107	goal + feedback	127	500	0.09852647849462375
1107	goal + feedback	127	550	0.13934514516129046
1107	goal + feedback	127	600	0.18707364516129035
1107	goal + feedback	127	650	0.20758114516129034
1107	goal + feedback	127	700	0.19152481182795703
1107	goal + feedback	127	750	0.13617131182795714
1107	goal + feedback	127	800	0.003926311827956959
1107	goal + feedback	127	850	NA
1107	goal + feedback	127	900	NA
1107	goal + feedback	127	950	NA
1107	goal + feedback	127	1e3	-0.1591023548387096
1107	goal + feedback	127	1050	0.009978311827957054
1107	goal + feedback	127	1100	0.03609247849462379
1107	goal + feedback	127	1150	0.05171481182795704
1107	goal + feedback	128	-200	-0.0030432333333332284
1107	goal + feedback	128	-150	0.01758393333333354
1107	goal + feedback	128	-100	0.007841133333333338
1107	goal + feedback	128	-50	-0.008822066666666517
1107	goal + feedback	128	0	-0.015183566666666573
1107	goal + feedback	128	50	-0.020906566666666498
1107	goal + feedback	128	100	-0.0517408999999999
1107	goal + feedback	128	150	-0.0543167333333332
1107	goal + feedback	128	200	-0.04132773333333314
1107	goal + feedback	128	250	-0.050614733333333106
1107	goal + feedback	128	300	-0.05805223333333324
1107	goal + feedback	128	350	-0.05806139999999993
1107	goal + feedback	128	400	-0.03188789999999986
1107	goal + feedback	128	450	-0.005399566666666559
1107	goal + feedback	128	500	0.03554726666666682
1107	goal + feedback	128	550	0.0728024333333334
1107	goal + feedback	128	600	0.12820160000000014
1107	goal + feedback	128	650	0.17049743333333348
1107	goal + feedback	128	700	0.16514460000000017
1107	goal + feedback	128	750	0.07933126666666679
1107	goal + feedback	128	800	NA
1107	goal + feedback	128	850	NA
1107	goal + feedback	128	900	NA
1107	goal + feedback	128	950	NA
1107	goal + feedback	128	1e3	NA
1107	goal + feedback	128	1050	NA
1107	goal + feedback	128	1100	NA
1107	goal + feedback	128	1150	NA
1107	goal + feedback	129	-200	-0.03151369999999994
1107	goal + feedback	129	-150	0.02564513333333333
1107	goal + feedback	129	-100	0.023622466666666824
1107	goal + feedback	129	-50	0.007746133333333442
1107	goal + feedback	129	0	-0.025500033333333283
1107	goal + feedback	129	50	-0.04324869999999992
1107	goal + feedback	129	100	-0.07899253333333338
1107	goal + feedback	129	150	-0.11980153333333332
1107	goal + feedback	129	200	-0.14465453333333325
1107	goal + feedback	129	250	-0.1773422
1107	goal + feedback	129	300	-0.20124336666666665
1107	goal + feedback	129	350	-0.20446569999999994
1107	goal + feedback	129	400	-0.20908236666666666
1107	goal + feedback	129	450	-0.18669436666666658
1107	goal + feedback	129	500	-0.1753896999999999
1107	goal + feedback	129	550	-0.1075793666666666
1107	goal + feedback	129	600	-0.03716636666666662
1107	goal + feedback	129	650	-0.011157366666666594
1107	goal + feedback	129	700	0.042153800000000054
1107	goal + feedback	129	750	0.0559879666666668
1107	goal + feedback	129	800	0.051735300000000116
1107	goal + feedback	129	850	-0.006507033333333319
1107	goal + feedback	129	900	-0.44315386666666656
1107	goal + feedback	129	950	NA
1107	goal + feedback	129	1e3	NA
1107	goal + feedback	129	1050	NA
1107	goal + feedback	129	1100	NA
1107	goal + feedback	129	1150	NA
1107	goal + feedback	130	-200	0.003969466666666828
1107	goal + feedback	130	-150	0.014884966666666832
1107	goal + feedback	130	-100	0.0025541333333335783
1107	goal + feedback	130	-50	-0.015364866666666366
1107	goal + feedback	130	0	-0.006043699999999763
1107	goal + feedback	130	50	0.02310430000000026
1107	goal + feedback	130	100	0.02771596666666687
1107	goal + feedback	130	150	0.049751466666666966
1107	goal + feedback	130	200	0.06919696666666682
1107	goal + feedback	130	250	0.06529696666666696
1107	goal + feedback	130	300	0.04796246666666685
1107	goal + feedback	130	350	0.04976480000000024
1107	goal + feedback	130	400	0.04064180000000025
1107	goal + feedback	130	450	0.043831300000000205
1107	goal + feedback	130	500	0.06446380000000033
1107	goal + feedback	130	550	0.10914063333333357
1107	goal + feedback	130	600	0.18771480000000032
1107	goal + feedback	130	650	0.22491380000000025
1107	goal + feedback	130	700	0.25773396666666687
1107	goal + feedback	130	750	0.26959946666666695
1107	goal + feedback	130	800	0.21690813333333359
1107	goal + feedback	130	850	NA
1107	goal + feedback	130	900	NA
1107	goal + feedback	130	950	NA
1107	goal + feedback	130	1e3	NA
1107	goal + feedback	130	1050	NA
1107	goal + feedback	130	1100	NA
1107	goal + feedback	130	1150	NA
1107	goal + feedback	131	-200	-0.0193163999999999
1107	goal + feedback	131	-150	-0.024619399999999885
1107	goal + feedback	131	-100	-0.01566089999999994
1107	goal + feedback	131	-50	0.016175766666666796
1107	goal + feedback	131	0	0.043420933333333446
1107	goal + feedback	131	50	0.06686426666666685
1107	goal + feedback	131	100	0.07820993333333341
1107	goal + feedback	131	150	0.059392933333333474
1107	goal + feedback	131	200	0.04182252857142865
1107	goal + feedback	131	250	0.01716276666666679
1107	goal + feedback	131	300	0.0033972666666667686
1107	goal + feedback	131	350	-0.007201899999999946
1107	goal + feedback	131	400	-0.019646566666666532
1107	goal + feedback	131	450	-0.0033228999999999065
1107	goal + feedback	131	500	0.03109626666666676
1107	goal + feedback	131	550	0.08237926666666673
1107	goal + feedback	131	600	0.14499976666666678
1107	goal + feedback	131	650	0.16965510000000017
1107	goal + feedback	131	700	0.19103593333333344
1107	goal + feedback	131	750	0.1799062666666668
1107	goal + feedback	131	800	0.10509410000000008
1107	goal + feedback	131	850	NA
1107	goal + feedback	131	900	NA
1107	goal + feedback	131	950	NA
1107	goal + feedback	131	1e3	NA
1107	goal + feedback	131	1050	NA
1107	goal + feedback	131	1100	0.05347410000000021
1107	goal + feedback	131	1150	0.07687510000000015
1107	goal + feedback	132	-200	0.002970792626727979
1107	goal + feedback	132	-150	0.004635935483870905
1107	goal + feedback	132	-100	3.3426881720425666e-4
1107	goal + feedback	132	-50	-0.008166731182795761
1107	goal + feedback	132	0	-2.693978494625604e-4
1107	goal + feedback	132	50	0.01878210215053751
1107	goal + feedback	132	100	0.045625102150537535
1107	goal + feedback	132	150	0.09461126881720427
1107	goal + feedback	132	200	0.10535210215053747
1107	goal + feedback	132	250	0.1235841021505375
1107	goal + feedback	132	300	0.09829876881720419
1107	goal + feedback	132	350	0.0912766021505375
1107	goal + feedback	132	400	0.09961960215053749
1107	goal + feedback	132	450	0.11778676881720422
1107	goal + feedback	132	500	0.14770526881720417
1107	goal + feedback	132	550	0.1861391021505375
1107	goal + feedback	132	600	0.2166001021505375
1107	goal + feedback	132	650	0.23730276881720416
1107	goal + feedback	132	700	0.16210626881720422
1107	goal + feedback	132	750	NA
1107	goal + feedback	132	800	-0.13163873118279593
1107	goal + feedback	132	850	0.19053360215053758
1107	goal + feedback	132	900	0.08421243548387092
1107	goal + feedback	132	950	0.08330743548387083
1107	goal + feedback	132	1e3	0.07479410215053739
1107	goal + feedback	132	1050	0.06552560215053756
1107	goal + feedback	132	1100	0.04924893548387085
1107	goal + feedback	132	1150	0.01789193548387084
1107	goal + feedback	133	-200	-0.02975683870967754
1107	goal + feedback	133	-150	-0.023574505376344163
1107	goal + feedback	133	-100	-0.004509838709677583
1107	goal + feedback	133	-50	0.019029494623655774
1107	goal + feedback	133	0	0.04377116129032236
1107	goal + feedback	133	50	0.044267661290322335
1107	goal + feedback	133	100	0.047383661290322454
1107	goal + feedback	133	150	0.06540932795698902
1107	goal + feedback	133	200	0.07179316129032243
1107	goal + feedback	133	250	0.07637282795698914
1107	goal + feedback	133	300	0.0829793279569891
1107	goal + feedback	133	350	0.08076816129032245
1107	goal + feedback	133	400	0.07709232795698906
1107	goal + feedback	133	450	0.07327199462365568
1107	goal + feedback	133	500	0.10486532795698918
1107	goal + feedback	133	550	0.11468816129032233
1107	goal + feedback	133	600	0.13313616129032235
1107	goal + feedback	133	650	0.21382749462365566
1107	goal + feedback	133	700	0.23125616129032242
1107	goal + feedback	133	750	0.1644409946236558
1107	goal + feedback	133	800	-0.11519933870967769
1107	goal + feedback	133	850	NA
1107	goal + feedback	133	900	-0.11438383870967761
1107	goal + feedback	133	950	-0.0023953387096775636
1107	goal + feedback	133	1e3	-0.04351633870967753
1107	goal + feedback	133	1050	-0.05357450537634419
1107	goal + feedback	133	1100	-0.03339817204301091
1107	goal + feedback	133	1150	-0.03230550537634428
1107	goal + feedback	134	-200	0.026231695852534757
1107	goal + feedback	134	-150	0.006182672043010855
1107	goal + feedback	134	-100	0.0040881720430109665
1107	goal + feedback	134	-50	-0.013407994623655753
1107	goal + feedback	134	0	-0.02746649462365573
1107	goal + feedback	134	50	-0.03165966129032238
1107	goal + feedback	134	100	-0.041848827956989076
1107	goal + feedback	134	150	-0.056861494623655716
1107	goal + feedback	134	200	-0.051875994623655775
1107	goal + feedback	134	250	-0.050248661290322426
1107	goal + feedback	134	300	-0.04482299462365572
1107	goal + feedback	134	350	-0.033588661290322376
1107	goal + feedback	134	400	-0.00776966129032249
1107	goal + feedback	134	450	0.023931338709677636
1107	goal + feedback	134	500	0.05311883870967756
1107	goal + feedback	134	550	0.09446217204301084
1107	goal + feedback	134	600	0.1288181720430109
1107	goal + feedback	134	650	0.18083067204301098
1107	goal + feedback	134	700	0.20384033870967758
1107	goal + feedback	134	750	0.02097517204301084
1107	goal + feedback	134	800	NA
1107	goal + feedback	134	850	NA
1107	goal + feedback	134	900	NA
1107	goal + feedback	134	950	NA
1107	goal + feedback	134	1e3	NA
1107	goal + feedback	134	1050	NA
1107	goal + feedback	134	1100	NA
1107	goal + feedback	134	1150	-0.13042466129032249
1107	goal + feedback	135	-200	-0.017574635944700465
1107	goal + feedback	135	-150	-0.007889897849462294
1107	goal + feedback	135	-100	-0.003977731182795763
1107	goal + feedback	135	-50	0.01073393548387099
1107	goal + feedback	135	0	0.021637435483870943
1107	goal + feedback	135	50	0.02306176881720427
1107	goal + feedback	135	100	0.017999435483871062
1107	goal + feedback	135	150	0.016121768817204247
1107	goal + feedback	135	200	0.0042221021505376806
1107	goal + feedback	135	250	-0.01089073118279571
1107	goal + feedback	135	300	-0.014154731182795718
1107	goal + feedback	135	350	-0.005375064516129013
1107	goal + feedback	135	400	0.020207602150537667
1107	goal + feedback	135	450	0.06357526881720428
1107	goal + feedback	135	500	0.08244393548387093
1107	goal + feedback	135	550	0.12718126881720426
1107	goal + feedback	135	600	0.17006576881720434
1107	goal + feedback	135	650	0.20533943548387099
1107	goal + feedback	135	700	0.2102412688172043
1107	goal + feedback	135	750	0.1627857688172043
1107	goal + feedback	135	800	0.10254843548387098
1107	goal + feedback	135	850	0.045672435483871045
1107	goal + feedback	135	900	-0.056276664516129046
1107	goal + feedback	135	950	0.063248935483871
1107	goal + feedback	135	1e3	NA
1107	goal + feedback	135	1050	NA
1107	goal + feedback	135	1100	-0.21213556451612914
1107	goal + feedback	135	1150	-0.08187626451612902
1107	goal + feedback	136	-200	-0.007710658986175163
1107	goal + feedback	136	-150	-0.0012681827956989207
1107	goal + feedback	136	-100	9.048387096773543e-5
1107	goal + feedback	136	-50	0.012691483870967671
1107	goal + feedback	136	0	-0.002518016129032278
1107	goal + feedback	136	50	0.0038044838709678044
1107	goal + feedback	136	100	-0.008740016129032227
1107	goal + feedback	136	150	-0.022292016129032238
1107	goal + feedback	136	200	-0.03741501612903223
1107	goal + feedback	136	250	-0.05501584946236552
1107	goal + feedback	136	300	-0.06303901612903225
1107	goal + feedback	136	350	-0.07597401612903217
1107	goal + feedback	136	400	-0.09078268279569886
1107	goal + feedback	136	450	-0.0690373494623655
1107	goal + feedback	136	500	-0.05313218279569883
1107	goal + feedback	136	550	-0.01851568279569893
1107	goal + feedback	136	600	0.021226150537634398
1107	goal + feedback	136	650	0.04836398387096782
1107	goal + feedback	136	700	0.040694817204301126
1107	goal + feedback	136	750	0.04200848387096778
1107	goal + feedback	136	800	0.018095650537634473
1107	goal + feedback	136	850	0.014072150537634368
1107	goal + feedback	136	900	0.058878817204301104
1107	goal + feedback	136	950	0.08381931720430114
1107	goal + feedback	136	1e3	0.03450515053763459
1107	goal + feedback	136	1050	NA
1107	goal + feedback	136	1100	NA
1107	goal + feedback	136	1150	NA
1107	goal + feedback	137	-200	-0.004192327188940074
1107	goal + feedback	137	-150	0.002480553763440992
1107	goal + feedback	137	-100	-0.001325779569892364
1107	goal + feedback	137	-50	-1.1594623655904653e-4
1107	goal + feedback	137	0	0.003852220430107541
1107	goal + feedback	137	50	-0.009205112903225862
1107	goal + feedback	137	100	-0.01664744623655919
1107	goal + feedback	137	150	-0.02809494623655902
1107	goal + feedback	137	200	-0.02442627956989248
1107	goal + feedback	137	250	-8.42112903225741e-4
1107	goal + feedback	137	300	-0.003945612903225666
1107	goal + feedback	137	350	-1.3094623655899676e-4
1107	goal + feedback	137	400	0.01908038709677425
1107	goal + feedback	137	450	0.0365482204301076
1107	goal + feedback	137	500	0.04988322043010762
1107	goal + feedback	137	550	0.07201955376344087
1107	goal + feedback	137	600	0.10910655376344096
1107	goal + feedback	137	650	0.16017105376344087
1107	goal + feedback	137	700	0.19056005376344096
1107	goal + feedback	137	750	0.1784473870967743
1107	goal + feedback	137	800	0.16138055376344088
1107	goal + feedback	137	850	0.14338588709677422
1107	goal + feedback	137	900	0.15426522043010768
1107	goal + feedback	137	950	0.10549188709677426
1107	goal + feedback	137	1e3	0.0872167204301076
1107	goal + feedback	137	1050	0.06688888709677432
1107	goal + feedback	137	1100	0.039895553763440894
1107	goal + feedback	137	1150	-0.07399311290322574
1107	goal + feedback	138	-200	0.05041714285714294
1107	goal + feedback	138	-150	0.034152166666666726
1107	goal + feedback	138	-100	0.007317666666666778
1107	goal + feedback	138	-50	-0.038683666666666484
1107	goal + feedback	138	0	-0.061606166666666594
1107	goal + feedback	138	50	-0.08209399999999996
1107	goal + feedback	138	100	-0.09451983333333325
1107	goal + feedback	138	150	-0.10484433333333325
1107	goal + feedback	138	200	-0.09611133333333328
1107	goal + feedback	138	250	-0.09973883333333326
1107	goal + feedback	138	300	-0.06324349999999994
1107	goal + feedback	138	350	-0.03689949999999986
1107	goal + feedback	138	400	0.005755833333333404
1107	goal + feedback	138	450	0.048513833333333554
1107	goal + feedback	138	500	0.10642350000000023
1107	goal + feedback	138	550	0.16031150000000016
1107	goal + feedback	138	600	0.19064816666666676
1107	goal + feedback	138	650	0.21454416666666667
1107	goal + feedback	138	700	0.20577633333333348
1107	goal + feedback	138	750	0.2060711666666668
1107	goal + feedback	138	800	0.14478900000000014
1107	goal + feedback	138	850	-0.17579600000000006
1107	goal + feedback	138	900	NA
1107	goal + feedback	138	950	NA
1107	goal + feedback	138	1e3	NA
1107	goal + feedback	138	1050	NA
1107	goal + feedback	138	1100	NA
1107	goal + feedback	138	1150	-0.09037849999999992
1107	goal + feedback	139	-200	-0.003603055299539193
1107	goal + feedback	139	-150	-0.008686483870967784
1107	goal + feedback	139	-100	0.002729682795698851
1107	goal + feedback	139	-50	0.010734849462365581
1107	goal + feedback	139	0	-5.744838709677383e-4
1107	goal + feedback	139	50	0.007253516129032134
1107	goal + feedback	139	100	-6.52150537634455e-4
1107	goal + feedback	139	150	0.012274016129032153
1107	goal + feedback	139	200	0.0050345161290322364
1107	goal + feedback	139	250	0.038592182795698905
1107	goal + feedback	139	300	0.05948168279569884
1107	goal + feedback	139	350	0.08061584946236551
1107	goal + feedback	139	400	0.11524501612903215
1107	goal + feedback	139	450	0.13084001612903226
1107	goal + feedback	139	500	0.16549101612903216
1107	goal + feedback	139	550	0.20399834946236553
1107	goal + feedback	139	600	0.23070151612903214
1107	goal + feedback	139	650	0.23197018279569895
1107	goal + feedback	139	700	0.11677268279569882
1107	goal + feedback	139	750	-0.08194315053763453
1107	goal + feedback	139	800	NA
1107	goal + feedback	139	850	NA
1107	goal + feedback	139	900	NA
1107	goal + feedback	139	950	NA
1107	goal + feedback	139	1e3	NA
1107	goal + feedback	139	1050	NA
1107	goal + feedback	139	1100	NA
1107	goal + feedback	139	1150	NA
1107	goal + feedback	140	-200	-0.004869718894009191
1107	goal + feedback	140	-150	-0.009430956989247377
1107	goal + feedback	140	-100	4.5020967741926654e-4
1107	goal + feedback	140	-50	0.0149330430107526
1107	goal + feedback	140	0	-2.709569892473951e-4
1107	goal + feedback	140	50	0.002148876344086078
1107	goal + feedback	140	100	0.007725876344085947
1107	goal + feedback	140	150	0.04594920967741937
1107	goal + feedback	140	200	0.04203287634408596
1107	goal + feedback	140	250	0.051125876344085976
1107	goal + feedback	140	300	0.08155204301075258
1107	goal + feedback	140	350	0.10364720967741925
1107	goal + feedback	140	400	0.14881070967741925
1107	goal + feedback	140	450	0.15210904301075265
1107	goal + feedback	140	500	0.20507120967741935
1107	goal + feedback	140	550	0.23760287634408597
1107	goal + feedback	140	600	0.270007876344086
1107	goal + feedback	140	650	0.298370876344086
1107	goal + feedback	140	700	0.3116967096774194
1107	goal + feedback	140	750	0.29574520967741935
1107	goal + feedback	140	800	0.10088770967741933
1107	goal + feedback	140	850	NA
1107	goal + feedback	140	900	NA
1107	goal + feedback	140	950	-0.031978290322580705
1107	goal + feedback	140	1e3	0.14625987634408602
1107	goal + feedback	140	1050	0.2841655096774193
1107	goal + feedback	140	1100	0.3026868525345622
1107	goal + feedback	140	1150	0.1201640430107526
