Subject	condition	TrialId	bin	pupil_change
1053	goal + no feedback	2	-200	-0.023711258064516145
1053	goal + no feedback	2	-150	-0.004408924731182706
1053	goal + no feedback	2	-100	-0.019955091397849456
1053	goal + no feedback	2	-50	0.012306075268817182
1053	goal + no feedback	2	0	0.03972107526881715
1053	goal + no feedback	2	50	0.01634490860215047
1053	goal + no feedback	2	100	-0.0010305913978494452
1053	goal + no feedback	2	150	0.006490075268817286
1053	goal + no feedback	2	200	-0.016649424731182805
1053	goal + no feedback	2	250	0.009738241935483893
1053	goal + no feedback	2	300	-0.013907591397849473
1053	goal + no feedback	2	350	0.026571741935483912
1053	goal + no feedback	2	400	0.06106924193548383
1053	goal + no feedback	2	450	0.11058924193548392
1053	goal + no feedback	2	500	0.1686067419354839
1053	goal + no feedback	2	550	0.16667854193548387
1053	goal + no feedback	2	600	NA
1053	goal + no feedback	2	650	NA
1053	goal + no feedback	2	700	0.180058741935484
1053	goal + no feedback	2	750	0.3694554086021504
1053	goal + no feedback	2	800	0.3786575752688172
1053	goal + no feedback	2	850	0.3300775752688172
1053	goal + no feedback	2	900	0.3681969086021506
1053	goal + no feedback	2	950	0.4437985752688172
1053	goal + no feedback	2	1e3	0.4972355752688171
1053	goal + no feedback	2	1050	0.579687241935484
1053	goal + no feedback	2	1100	0.5562380752688173
1053	goal + no feedback	2	1150	0.5536785752688173
1053	goal + no feedback	3	-200	0.026800138248847766
1053	goal + no feedback	3	-150	0.018200376344085962
1053	goal + no feedback	3	-100	-0.008305956989247335
1053	goal + no feedback	3	-50	-0.010421956989247342
1053	goal + no feedback	3	0	-0.030739290322580642
1053	goal + no feedback	3	50	-0.021015623655913956
1053	goal + no feedback	3	100	-0.03976945698924742
1053	goal + no feedback	3	150	-0.022263790322580707
1053	goal + no feedback	3	200	0.017681043010752722
1053	goal + no feedback	3	250	0.04463720967741939
1053	goal + no feedback	3	300	0.08910687634408603
1053	goal + no feedback	3	350	0.13379404301075262
1053	goal + no feedback	3	400	0.14767904301075263
1053	goal + no feedback	3	450	0.1731140430107526
1053	goal + no feedback	3	500	0.20793820967741924
1053	goal + no feedback	3	550	0.20255654301075263
1053	goal + no feedback	3	600	-0.02163629032258063
1053	goal + no feedback	3	650	NA
1053	goal + no feedback	3	700	NA
1053	goal + no feedback	3	750	0.24813937634408592
1053	goal + no feedback	3	800	0.3591357096774194
1053	goal + no feedback	3	850	0.28669487634408614
1053	goal + no feedback	3	900	0.29110070967741947
1053	goal + no feedback	3	950	0.3669037096774191
1053	goal + no feedback	3	1e3	0.40942687634408603
1053	goal + no feedback	3	1050	0.44755037634408595
1053	goal + no feedback	3	1100	0.4635540430107527
1053	goal + no feedback	3	1150	0.4663198763440863
1053	goal + no feedback	4	-200	-0.03888772811059882
1053	goal + no feedback	4	-150	-0.050561537634408404
1053	goal + no feedback	4	-100	-0.003913870967741762
1053	goal + no feedback	4	-50	0.024635295698924864
1053	goal + no feedback	4	0	0.07520912903225829
1053	goal + no feedback	4	50	0.14630679569892494
1053	goal + no feedback	4	100	0.19608146236559168
1053	goal + no feedback	4	150	0.23835696236559167
1053	goal + no feedback	4	200	0.2614786290322583
1053	goal + no feedback	4	250	0.2545321290322584
1053	goal + no feedback	4	300	0.25029579569892496
1053	goal + no feedback	4	350	0.23185746236559157
1053	goal + no feedback	4	400	0.223681795698925
1053	goal + no feedback	4	450	0.2167842956989249
1053	goal + no feedback	4	500	0.24853187903225837
1053	goal + no feedback	4	550	NA
1053	goal + no feedback	4	600	NA
1053	goal + no feedback	4	650	NA
1053	goal + no feedback	4	700	0.35904012903225846
1053	goal + no feedback	4	750	0.525951795698925
1053	goal + no feedback	4	800	0.46677312903225826
1053	goal + no feedback	4	850	0.48105446236559174
1053	goal + no feedback	4	900	0.4730414623655917
1053	goal + no feedback	4	950	0.5037371290322583
1053	goal + no feedback	4	1e3	0.5156251290322583
1053	goal + no feedback	4	1050	0.5118441290322583
1053	goal + no feedback	4	1100	0.49872446236559176
1053	goal + no feedback	4	1150	0.4751501290322584
1053	goal + no feedback	5	-200	-0.03290739631336402
1053	goal + no feedback	5	-150	-0.021901134408602124
1053	goal + no feedback	5	-100	0.021853865591397792
1053	goal + no feedback	5	-50	0.02077503225806458
1053	goal + no feedback	5	0	0.017664198924731183
1053	goal + no feedback	5	50	0.02548686559139794
1053	goal + no feedback	5	100	0.0157615322580645
1053	goal + no feedback	5	150	-1.5530107526876927e-4
1053	goal + no feedback	5	200	-0.025851634408602237
1053	goal + no feedback	5	250	-0.0064678010752687864
1053	goal + no feedback	5	300	0.01593336559139787
1053	goal + no feedback	5	350	-0.03176046774193549
1053	goal + no feedback	5	400	0.030538532258064466
1053	goal + no feedback	5	450	-0.018176634408602066
1053	goal + no feedback	5	500	0.06648453225806457
1053	goal + no feedback	5	550	0.09021328225806458
1053	goal + no feedback	5	600	NA
1053	goal + no feedback	5	650	NA
1053	goal + no feedback	5	700	NA
1053	goal + no feedback	5	750	0.24580553225806456
1053	goal + no feedback	5	800	0.2762564322580645
1053	goal + no feedback	5	850	0.1840755322580645
1053	goal + no feedback	5	900	0.18974003225806454
1053	goal + no feedback	5	950	0.2413393655913978
1053	goal + no feedback	5	1e3	0.2981975322580644
1053	goal + no feedback	5	1050	0.32815703225806453
1053	goal + no feedback	5	1100	0.3316366989247312
1053	goal + no feedback	5	1150	0.31857219892473115
1053	goal + no feedback	6	-200	-0.09249439631336401
1053	goal + no feedback	6	-150	-0.009974801075268788
1053	goal + no feedback	6	-100	-0.001027301075268679
1053	goal + no feedback	6	-50	0.0371055322580646
1053	goal + no feedback	6	0	0.08180669892473125
1053	goal + no feedback	6	50	0.12984353225806444
1053	goal + no feedback	6	100	0.15339219892473124
1053	goal + no feedback	6	150	0.16105419892473116
1053	goal + no feedback	6	200	0.15488269892473117
1053	goal + no feedback	6	250	0.13561053225806452
1053	goal + no feedback	6	300	0.14444153225806455
1053	goal + no feedback	6	350	0.14247303225806443
1053	goal + no feedback	6	400	0.1367773655913979
1053	goal + no feedback	6	450	0.15896286559139772
1053	goal + no feedback	6	500	0.1279620322580645
1053	goal + no feedback	6	550	NA
1053	goal + no feedback	6	600	NA
1053	goal + no feedback	6	650	NA
1053	goal + no feedback	6	700	0.43977903225806436
1053	goal + no feedback	6	750	0.42085536559139775
1053	goal + no feedback	6	800	0.3072996989247312
1053	goal + no feedback	6	850	0.2971585322580645
1053	goal + no feedback	6	900	0.32183553225806455
1053	goal + no feedback	6	950	0.3619678655913979
1053	goal + no feedback	6	1e3	0.3725261989247313
1053	goal + no feedback	6	1050	0.3487896989247313
1053	goal + no feedback	6	1100	0.3111691989247312
1053	goal + no feedback	6	1150	0.27751936559139784
1053	goal + no feedback	7	-200	0.016092829493087355
1053	goal + no feedback	7	-150	0.0169969247311826
1053	goal + no feedback	7	-100	-0.008112741935484058
1053	goal + no feedback	7	-50	-0.0034689086021508033
1053	goal + no feedback	7	0	-0.024190241935484025
1053	goal + no feedback	7	50	0.02077309139784922
1053	goal + no feedback	7	100	0.028550258064515905
1053	goal + no feedback	7	150	-0.02569057526881746
1053	goal + no feedback	7	200	0.020516091397849195
1053	goal + no feedback	7	250	0.03287409139784928
1053	goal + no feedback	7	300	0.05752075806451592
1053	goal + no feedback	7	350	0.05454992473118255
1053	goal + no feedback	7	400	0.015371424731182618
1053	goal + no feedback	7	450	0.01867175806451578
1053	goal + no feedback	7	500	0.10060975806451593
1053	goal + no feedback	7	550	0.15303425806451587
1053	goal + no feedback	7	600	0.1360247580645159
1053	goal + no feedback	7	650	0.25754375806451596
1053	goal + no feedback	7	700	0.24760942473118255
1053	goal + no feedback	7	750	0.2529624247311825
1053	goal + no feedback	7	800	0.2463599247311825
1053	goal + no feedback	7	850	0.14947459139784916
1053	goal + no feedback	7	900	0.2209682580645159
1053	goal + no feedback	7	950	0.252251758064516
1053	goal + no feedback	7	1e3	0.2603260913978493
1053	goal + no feedback	7	1050	0.2518927580645159
1053	goal + no feedback	7	1100	0.2366714247311826
1053	goal + no feedback	7	1150	0.2419650913978492
1053	goal + no feedback	8	-200	0.06891796666666676
1053	goal + no feedback	8	-150	0.026527133333333525
1053	goal + no feedback	8	-100	-0.011067866666666518
1053	goal + no feedback	8	-50	-0.04322069999999978
1053	goal + no feedback	8	0	-0.041156533333333245
1053	goal + no feedback	8	50	-0.033253866666666555
1053	goal + no feedback	8	100	-0.08266169999999984
1053	goal + no feedback	8	150	-0.06576169999999985
1053	goal + no feedback	8	200	-0.10843419999999997
1053	goal + no feedback	8	250	-0.07717836666666648
1053	goal + no feedback	8	300	-0.025016033333333205
1053	goal + no feedback	8	350	-0.027795938095238042
1053	goal + no feedback	8	400	0.004802966666666834
1053	goal + no feedback	8	450	0.05292163333333351
1053	goal + no feedback	8	500	0.08692246666666688
1053	goal + no feedback	8	550	0.08835843333333351
1053	goal + no feedback	8	600	NA
1053	goal + no feedback	8	650	NA
1053	goal + no feedback	8	700	NA
1053	goal + no feedback	8	750	0.3715806333333336
1053	goal + no feedback	8	800	0.38109163333333357
1053	goal + no feedback	8	850	0.2518739666666668
1053	goal + no feedback	8	900	0.26467730000000017
1053	goal + no feedback	8	950	0.28390846666666686
1053	goal + no feedback	8	1e3	0.31030246666666694
1053	goal + no feedback	8	1050	0.36379080000000025
1053	goal + no feedback	8	1100	0.3412876333333334
1053	goal + no feedback	8	1150	0.2881551333333334
1053	goal + no feedback	9	-200	-0.01413133640552974
1053	goal + no feedback	9	-150	0.018017473118279836
1053	goal + no feedback	9	-100	-0.02313086021505358
1053	goal + no feedback	9	-50	0.02295880645161308
1053	goal + no feedback	9	0	-0.0013588602150535294
1053	goal + no feedback	9	50	0.0010806397849465466
1053	goal + no feedback	9	100	-0.0363965268817202
1053	goal + no feedback	9	150	-0.08806802688172022
1053	goal + no feedback	9	200	-0.016813193548386913
1053	goal + no feedback	9	250	-0.045129026881720234
1053	goal + no feedback	9	300	-0.05146702688172019
1053	goal + no feedback	9	350	-0.09193952688172025
1053	goal + no feedback	9	400	-0.06639369354838687
1053	goal + no feedback	9	450	-0.06195719354838691
1053	goal + no feedback	9	500	-0.0199203602150535
1053	goal + no feedback	9	550	NA
1053	goal + no feedback	9	600	NA
1053	goal + no feedback	9	650	NA
1053	goal + no feedback	9	700	0.24533030645161302
1053	goal + no feedback	9	750	0.2353089731182798
1053	goal + no feedback	9	800	0.20589763978494657
1053	goal + no feedback	9	850	0.2175286397849466
1053	goal + no feedback	9	900	0.24952347311827983
1053	goal + no feedback	9	950	0.2729648064516132
1053	goal + no feedback	9	1e3	0.2696556397849464
1053	goal + no feedback	9	1050	0.2328418064516132
1053	goal + no feedback	9	1100	0.18697163978494644
1053	goal + no feedback	9	1150	0.12347113978494646
1053	goal + no feedback	10	-200	6.146497695851087e-4
1053	goal + no feedback	10	-150	-0.014951564516129187
1053	goal + no feedback	10	-100	0.007656602150537539
1053	goal + no feedback	10	-50	0.003618935483870711
1053	goal + no feedback	10	0	0.002958935483870754
1053	goal + no feedback	10	50	0.001408102150537364
1053	goal + no feedback	10	100	-0.007667897849462646
1053	goal + no feedback	10	150	-0.012179731182795953
1053	goal + no feedback	10	200	0.009890268817204154
1053	goal + no feedback	10	250	0.060592935483870645
1053	goal + no feedback	10	300	0.062151768817204044
1053	goal + no feedback	10	350	0.059490268817204095
1053	goal + no feedback	10	400	0.09190026881720414
1053	goal + no feedback	10	450	0.12529993548387078
1053	goal + no feedback	10	500	0.1524879354838707
1053	goal + no feedback	10	550	0.17999393548387088
1053	goal + no feedback	10	600	NA
1053	goal + no feedback	10	650	NA
1053	goal + no feedback	10	700	0.1588869354838709
1053	goal + no feedback	10	750	0.34638560215053743
1053	goal + no feedback	10	800	0.33386543548387065
1053	goal + no feedback	10	850	0.3003591021505374
1053	goal + no feedback	10	900	0.3282792688172041
1053	goal + no feedback	10	950	0.3446096021505372
1053	goal + no feedback	10	1e3	0.33915526881720415
1053	goal + no feedback	10	1050	0.3016746021505374
1053	goal + no feedback	10	1100	0.23406060215053745
1053	goal + no feedback	10	1150	0.21063726881720402
1053	goal + no feedback	11	-200	-0.020636239631336397
1053	goal + no feedback	11	-150	0.06801123655913995
1053	goal + no feedback	11	-100	-0.024473096774193442
1053	goal + no feedback	11	-50	-0.0037714301075267485
1053	goal + no feedback	11	0	-0.01569109677419352
1053	goal + no feedback	11	50	-0.015446263440860086
1053	goal + no feedback	11	100	-0.04524109677419341
1053	goal + no feedback	11	150	-0.04380909677419339
1053	goal + no feedback	11	200	-0.08618609677419349
1053	goal + no feedback	11	250	0.0121179032258066
1053	goal + no feedback	11	300	-0.04474243010752691
1053	goal + no feedback	11	350	-0.07330409677419343
1053	goal + no feedback	11	400	-0.020700096774193488
1053	goal + no feedback	11	450	-0.05412709677419344
1053	goal + no feedback	11	500	-0.03377076344086016
1053	goal + no feedback	11	550	0.07911890322580661
1053	goal + no feedback	11	600	0.09526390322580669
1053	goal + no feedback	11	650	NA
1053	goal + no feedback	11	700	NA
1053	goal + no feedback	11	750	NA
1053	goal + no feedback	11	800	0.24576850322580662
1053	goal + no feedback	11	850	0.28389223655913987
1053	goal + no feedback	11	900	0.24658173655913992
1053	goal + no feedback	11	950	0.2519007365591399
1053	goal + no feedback	11	1e3	0.2869210698924732
1053	goal + no feedback	11	1050	0.32292223655913993
1053	goal + no feedback	11	1100	0.3397105698924732
1053	goal + no feedback	11	1150	0.31500273655913974
1053	goal + no feedback	12	-200	-0.014878700000000133
1053	goal + no feedback	12	-150	0.007687133333333189
1053	goal + no feedback	12	-100	0.05359996666666644
1053	goal + no feedback	12	-50	0.015808466666666687
1053	goal + no feedback	12	0	-0.062216866666666704
1053	goal + no feedback	12	50	-0.06836086666666678
1053	goal + no feedback	12	100	-0.0892232000000001
1053	goal + no feedback	12	150	-0.16416036666666675
1053	goal + no feedback	12	200	-0.04320636666666681
1053	goal + no feedback	12	250	-0.0485367000000001
1053	goal + no feedback	12	300	-0.018051866666666843
1053	goal + no feedback	12	350	0.0036139666666665793
1053	goal + no feedback	12	400	0.044112966666666496
1053	goal + no feedback	12	450	0.030007466666666465
1053	goal + no feedback	12	500	0.09467229999999975
1053	goal + no feedback	12	550	0.1172523
1053	goal + no feedback	12	600	NA
1053	goal + no feedback	12	650	NA
1053	goal + no feedback	12	700	NA
1053	goal + no feedback	12	750	0.46659609999999985
1053	goal + no feedback	12	800	0.3152316333333332
1053	goal + no feedback	12	850	0.34307196666666656
1053	goal + no feedback	12	900	0.3642427999999998
1053	goal + no feedback	12	950	0.3979301333333332
1053	goal + no feedback	12	1e3	0.42736613333333323
1053	goal + no feedback	12	1050	0.43322446666666653
1053	goal + no feedback	12	1100	0.3590164666666666
1053	goal + no feedback	12	1150	0.3704037999999999
1053	goal + no feedback	13	-200	-0.020907412087911963
1053	goal + no feedback	13	-150	0.018812730769230956
1053	goal + no feedback	13	-100	0.021726730769230967
1053	goal + no feedback	13	-50	-0.020341769230769025
1053	goal + no feedback	13	0	0.025165730769230787
1053	goal + no feedback	13	50	NA
1053	goal + no feedback	13	100	-0.019872019230768978
1053	goal + no feedback	13	150	-0.026378769230768945
1053	goal + no feedback	13	200	-0.03746743589743562
1053	goal + no feedback	13	250	-0.04071760256410236
1053	goal + no feedback	13	300	-0.0313494358974357
1053	goal + no feedback	13	350	-0.01692476923076902
1053	goal + no feedback	13	400	-0.07758043589743562
1053	goal + no feedback	13	450	-0.09512993589743572
1053	goal + no feedback	13	500	-0.06623876923076895
1053	goal + no feedback	13	550	-0.11175760256410235
1053	goal + no feedback	13	600	-0.09645960256410224
1053	goal + no feedback	13	650	0.006641730769231025
1053	goal + no feedback	13	700	NA
1053	goal + no feedback	13	750	NA
1053	goal + no feedback	13	800	0.1598207307692312
1053	goal + no feedback	13	850	0.05016623076923099
1053	goal + no feedback	13	900	0.12537706410256436
1053	goal + no feedback	13	950	0.18061006410256422
1053	goal + no feedback	13	1e3	0.25103256410256436
1053	goal + no feedback	13	1050	0.31362673076923103
1053	goal + no feedback	13	1100	0.3555263974358977
1053	goal + no feedback	13	1150	0.37746339743589763
1053	goal + no feedback	14	-200	-0.017154714285714308
1053	goal + no feedback	14	-150	-0.012755333333333377
1053	goal + no feedback	14	-100	0.005576833333333253
1053	goal + no feedback	14	-50	0.028762500000000024
1053	goal + no feedback	14	0	-0.0015701666666666132
1053	goal + no feedback	14	50	-0.04532449999999999
1053	goal + no feedback	14	100	0.011719833333333337
1053	goal + no feedback	14	150	0.03606633333333339
1053	goal + no feedback	14	200	-0.008186666666666712
1053	goal + no feedback	14	250	0.0833958333333334
1053	goal + no feedback	14	300	0.10997133333333342
1053	goal + no feedback	14	350	0.09210400000000003
1053	goal + no feedback	14	400	0.1367343333333332
1053	goal + no feedback	14	450	0.19727433333333347
1053	goal + no feedback	14	500	0.21515700000000004
1053	goal + no feedback	14	550	0.22782483333333334
1053	goal + no feedback	14	600	0.23705299999999996
1053	goal + no feedback	14	650	NA
1053	goal + no feedback	14	700	NA
1053	goal + no feedback	14	750	-0.015604999999999869
1053	goal + no feedback	14	800	0.5190902000000001
1053	goal + no feedback	14	850	0.4808362
1053	goal + no feedback	14	900	0.40265728571428566
1053	goal + no feedback	14	950	0.33926833333333334
1053	goal + no feedback	14	1e3	0.3314081666666666
1053	goal + no feedback	14	1050	0.3228411666666666
1053	goal + no feedback	14	1100	0.32062966666666665
1053	goal + no feedback	14	1150	0.30476233333333336
1053	goal + no feedback	15	-200	-0.0444963225806454
1053	goal + no feedback	15	-150	-0.018887489247312022
1053	goal + no feedback	15	-100	-0.007207489247312034
1053	goal + no feedback	15	-50	0.027370010752688117
1053	goal + no feedback	15	0	0.05063734408602135
1053	goal + no feedback	15	50	0.07682267741935471
1053	goal + no feedback	15	100	0.08792534408602141
1053	goal + no feedback	15	150	0.09165084408602124
1053	goal + no feedback	15	200	0.11079067741935471
1053	goal + no feedback	15	250	0.11454084408602139
1053	goal + no feedback	15	300	0.10533967741935461
1053	goal + no feedback	15	350	0.08131317741935466
1053	goal + no feedback	15	400	0.021745677419354664
1053	goal + no feedback	15	450	0.0244711774193546
1053	goal + no feedback	15	500	0.026981277419354743
1053	goal + no feedback	15	550	NA
1053	goal + no feedback	15	600	NA
1053	goal + no feedback	15	650	NA
1053	goal + no feedback	15	700	-0.5305883225806454
1053	goal + no feedback	15	750	0.1994941774193546
1053	goal + no feedback	15	800	0.12544267741935466
1053	goal + no feedback	15	850	0.1427781774193546
1053	goal + no feedback	15	900	0.14112884408602136
1053	goal + no feedback	15	950	0.16074251075268786
1053	goal + no feedback	15	1e3	0.17586401075268795
1053	goal + no feedback	15	1050	0.16992267741935466
1053	goal + no feedback	15	1100	0.1382693440860213
1053	goal + no feedback	15	1150	0.04348101075268803
1053	goal + no feedback	16	-200	0.003575156682027839
1053	goal + no feedback	16	-150	0.013839704301075543
1053	goal + no feedback	16	-100	-0.010510129032257787
1053	goal + no feedback	16	-50	-0.009047962365591244
1053	goal + no feedback	16	0	0.0015473709677421195
1053	goal + no feedback	16	50	-0.008740629032257807
1053	goal + no feedback	16	100	-0.00885846236559118
1053	goal + no feedback	16	150	-0.0034636290322579053
1053	goal + no feedback	16	200	0.01993470430107558
1053	goal + no feedback	16	250	0.04108070430107554
1053	goal + no feedback	16	300	0.07915687096774222
1053	goal + no feedback	16	350	0.09754003763440904
1053	goal + no feedback	16	400	0.1240258709677422
1053	goal + no feedback	16	450	0.17699620430107554
1053	goal + no feedback	16	500	0.212768037634409
1053	goal + no feedback	16	550	NA
1053	goal + no feedback	16	600	NA
1053	goal + no feedback	16	650	NA
1053	goal + no feedback	16	700	NA
1053	goal + no feedback	16	750	0.354381870967742
1053	goal + no feedback	16	800	0.29454720430107545
1053	goal + no feedback	16	850	0.27018403763440885
1053	goal + no feedback	16	900	0.2449295376344088
1053	goal + no feedback	16	950	0.27232503763440885
1053	goal + no feedback	16	1e3	0.28926270430107553
1053	goal + no feedback	16	1050	0.29232437096774216
1053	goal + no feedback	16	1100	0.25999187096774223
1053	goal + no feedback	16	1150	0.23173220430107552
1053	goal + no feedback	17	-200	-0.007333004608294859
1053	goal + no feedback	17	-150	0.05722870967741941
1053	goal + no feedback	17	-100	-0.02001229032258056
1053	goal + no feedback	17	-50	0.022281543010752653
1053	goal + no feedback	17	0	-0.05094279032258068
1053	goal + no feedback	17	50	-0.05637162365591405
1053	goal + no feedback	17	100	-0.01123812365591396
1053	goal + no feedback	17	150	-0.016809790322580637
1053	goal + no feedback	17	200	0.0022853763440860617
1053	goal + no feedback	17	250	0.030657043010752744
1053	goal + no feedback	17	300	-0.047247956989247365
1053	goal + no feedback	17	350	0.08490037634408602
1053	goal + no feedback	17	400	0.046340043010752785
1053	goal + no feedback	17	450	0.045911709677419386
1053	goal + no feedback	17	500	0.053913709677419375
1053	goal + no feedback	17	550	0.09218354301075264
1053	goal + no feedback	17	600	0.11222337634408615
1053	goal + no feedback	17	650	NA
1053	goal + no feedback	17	700	NA
1053	goal + no feedback	17	750	NA
1053	goal + no feedback	17	800	0.3202615430107527
1053	goal + no feedback	17	850	0.5066637096774192
1053	goal + no feedback	17	900	0.4616137096774193
1053	goal + no feedback	17	950	0.4384467096774194
1053	goal + no feedback	17	1e3	0.4643298763440862
1053	goal + no feedback	17	1050	0.44279754301075275
1053	goal + no feedback	17	1100	0.4364460430107527
1053	goal + no feedback	17	1150	0.442342876344086
1053	goal + no feedback	18	-200	-0.014979308755760432
1053	goal + no feedback	18	-150	-0.13142678494623664
1053	goal + no feedback	18	-100	-8.494516129033217e-4
1053	goal + no feedback	18	-50	0.06559638172043007
1053	goal + no feedback	18	0	0.08415571505376336
1053	goal + no feedback	18	50	-0.011290451612903244
1053	goal + no feedback	18	100	0.005086048387096698
1053	goal + no feedback	18	150	-0.06368561827956991
1053	goal + no feedback	18	200	-0.0956727849462365
1053	goal + no feedback	18	250	-0.15058745161290324
1053	goal + no feedback	18	300	-0.15654161827956994
1053	goal + no feedback	18	350	-0.1091362849462365
1053	goal + no feedback	18	400	-0.12289595161290327
1053	goal + no feedback	18	450	-0.14871561827957
1053	goal + no feedback	18	500	-0.12857211827956996
1053	goal + no feedback	18	550	-0.06782895161290321
1053	goal + no feedback	18	600	-0.055759451612903264
1053	goal + no feedback	18	650	-0.018766784946236664
1053	goal + no feedback	18	700	0.06266671505376342
1053	goal + no feedback	18	750	0.13717188172043002
1053	goal + no feedback	18	800	0.16318521505376338
1053	goal + no feedback	18	850	0.13794954838709672
1053	goal + no feedback	18	900	0.16277204838709683
1053	goal + no feedback	18	950	0.15328471505376337
1053	goal + no feedback	18	1e3	0.16081638172043008
1053	goal + no feedback	18	1050	0.13834921505376338
1053	goal + no feedback	18	1100	0.03873338172043006
1053	goal + no feedback	18	1150	0.1335613817204301
1053	goal + no feedback	19	-200	-0.04650127649769579
1053	goal + no feedback	19	-150	-0.02184225268817201
1053	goal + no feedback	19	-100	0.01107941397849451
1053	goal + no feedback	19	-50	0.025253913978494563
1053	goal + no feedback	19	0	0.03976041397849454
1053	goal + no feedback	19	50	0.05038124731182814
1053	goal + no feedback	19	100	0.056858747311827905
1053	goal + no feedback	19	150	0.08255508064516122
1053	goal + no feedback	19	200	0.09613274731182801
1053	goal + no feedback	19	250	0.0896352473118281
1053	goal + no feedback	19	300	0.10149124731182797
1053	goal + no feedback	19	350	0.11552141397849451
1053	goal + no feedback	19	400	0.13212541397849456
1053	goal + no feedback	19	450	0.1582505806451612
1053	goal + no feedback	19	500	-0.08279991935483877
1053	goal + no feedback	19	550	NA
1053	goal + no feedback	19	600	NA
1053	goal + no feedback	19	650	NA
1053	goal + no feedback	19	700	NA
1053	goal + no feedback	19	750	0.2892149806451611
1053	goal + no feedback	19	800	0.33851024731182794
1053	goal + no feedback	19	850	0.2854302473118279
1053	goal + no feedback	19	900	0.285929747311828
1053	goal + no feedback	19	950	0.3003605806451614
1053	goal + no feedback	19	1e3	0.31429308064516137
1053	goal + no feedback	19	1050	0.29092208064516134
1053	goal + no feedback	19	1100	0.2601739139784945
1053	goal + no feedback	19	1150	0.22564058064516143
1053	goal + no feedback	20	-200	-0.043961205357142825
1053	goal + no feedback	20	-150	-0.019467562500000035
1053	goal + no feedback	20	-100	0.09785793749999994
1053	goal + no feedback	20	-50	NA
1053	goal + no feedback	20	0	0.22881793750000012
1053	goal + no feedback	20	50	0.15596027083333333
1053	goal + no feedback	20	100	0.06789293750000007
1053	goal + no feedback	20	150	0.06818227083333335
1053	goal + no feedback	20	200	0.07102843750000003
1053	goal + no feedback	20	250	0.08149493750000003
1053	goal + no feedback	20	300	0.062248437499999865
1053	goal + no feedback	20	350	1.2677083333323402e-4
1053	goal + no feedback	20	400	-0.046964729166666684
1053	goal + no feedback	20	450	-0.05163256249999996
1053	goal + no feedback	20	500	-0.07198772916666663
1053	goal + no feedback	20	550	-0.044659062499999846
1053	goal + no feedback	20	600	NA
1053	goal + no feedback	20	650	NA
1053	goal + no feedback	20	700	NA
1053	goal + no feedback	20	750	-0.08142839583333335
1053	goal + no feedback	20	800	0.07045893750000008
1053	goal + no feedback	20	850	0.016898437500000085
1053	goal + no feedback	20	900	0.062183270833333415
1053	goal + no feedback	20	950	0.09169360416666665
1053	goal + no feedback	20	1e3	0.11368993750000007
1053	goal + no feedback	20	1050	0.14350877083333335
1053	goal + no feedback	20	1100	0.14042393750000004
1053	goal + no feedback	20	1150	0.11999427083333332
1053	goal + no feedback	21	-200	0.007541000000000168
1053	goal + no feedback	21	-150	-0.057524666666666446
1053	goal + no feedback	21	-100	0.0368786666666668
1053	goal + no feedback	21	-50	0.015043000000000214
1053	goal + no feedback	21	0	-0.0019379999999998472
1053	goal + no feedback	21	50	-0.07515649999999985
1053	goal + no feedback	21	100	-0.027209833333333117
1053	goal + no feedback	21	150	0.006384000000000241
1053	goal + no feedback	21	200	-0.013935166666666424
1053	goal + no feedback	21	250	0.010117000000000154
1053	goal + no feedback	21	300	-0.1034871666666665
1053	goal + no feedback	21	350	-0.05545099999999984
1053	goal + no feedback	21	400	-0.0462085952380951
1053	goal + no feedback	21	450	-0.07251366666666643
1053	goal + no feedback	21	500	-0.017048166666666493
1053	goal + no feedback	21	550	0.014243166666666843
1053	goal + no feedback	21	600	NA
1053	goal + no feedback	21	650	NA
1053	goal + no feedback	21	700	NA
1053	goal + no feedback	21	750	-0.11469816666666643
1053	goal + no feedback	21	800	0.09083383333333339
1053	goal + no feedback	21	850	-0.028522166666666553
1053	goal + no feedback	21	900	-0.16918636666666648
1053	goal + no feedback	21	950	-0.10567566666666643
1053	goal + no feedback	21	1e3	-0.08597116666666649
1053	goal + no feedback	21	1050	-0.010778833333333257
1053	goal + no feedback	21	1100	0.04466100000000006
1053	goal + no feedback	21	1150	0.05847933333333347
1053	goal + no feedback	22	-200	-0.02876926881720417
1053	goal + no feedback	22	-150	-0.002307768817204181
1053	goal + no feedback	22	-100	-0.004774649769585145
1053	goal + no feedback	22	-50	0.0194735645161291
1053	goal + no feedback	22	0	0.01717389784946251
1053	goal + no feedback	22	50	1.633978494624729e-4
1053	goal + no feedback	22	100	0.021754231182795847
1053	goal + no feedback	22	150	0.012881064516129173
1053	goal + no feedback	22	200	0.026911064516129235
1053	goal + no feedback	22	250	0.0332043978494625
1053	goal + no feedback	22	300	0.015050397849462493
1053	goal + no feedback	22	350	0.032231397849462606
1053	goal + no feedback	22	400	0.05215956451612924
1053	goal + no feedback	22	450	0.03937739784946248
1053	goal + no feedback	22	500	0.10226289784946248
1053	goal + no feedback	22	550	0.13792956451612937
1053	goal + no feedback	22	600	NA
1053	goal + no feedback	22	650	NA
1053	goal + no feedback	22	700	NA
1053	goal + no feedback	22	750	0.312504064516129
1053	goal + no feedback	22	800	0.1899003145161292
1053	goal + no feedback	22	850	0.19353773118279585
1053	goal + no feedback	22	900	0.15943573118279586
1053	goal + no feedback	22	950	0.20893186451612927
1053	goal + no feedback	22	1e3	0.19551449308755778
1053	goal + no feedback	22	1050	0.2560243978494625
1053	goal + no feedback	22	1100	0.25089839784946255
1053	goal + no feedback	22	1150	0.25821806451612916
1053	goal + no feedback	23	-200	0.18164325925925948
1053	goal + no feedback	23	-150	-0.05942040740740732
1053	goal + no feedback	23	-100	-0.020588907407407413
1053	goal + no feedback	23	-50	-0.008469407407407278
1053	goal + no feedback	23	0	-0.0023429074074072798
1053	goal + no feedback	23	50	0.036689759259259214
1053	goal + no feedback	23	100	0.018882425925926
1053	goal + no feedback	23	150	-0.00931390740740734
1053	goal + no feedback	23	200	-0.04780907407407405
1053	goal + no feedback	23	250	-0.10129374074074075
1053	goal + no feedback	23	300	-0.1119734074074074
1053	goal + no feedback	23	350	-0.1114964074074074
1053	goal + no feedback	23	400	-0.1540404074074074
1053	goal + no feedback	23	450	-0.17204307407407407
1053	goal + no feedback	23	500	-0.1261452407407407
1053	goal + no feedback	23	550	-0.08320049074074076
1053	goal + no feedback	23	600	NA
1053	goal + no feedback	23	650	NA
1053	goal + no feedback	23	700	NA
1053	goal + no feedback	23	750	0.15246692592592584
1053	goal + no feedback	23	800	0.09728459259259263
1053	goal + no feedback	23	850	0.07027475925925934
1053	goal + no feedback	23	900	0.11030425925925928
1053	goal + no feedback	23	950	0.1174570925925927
1053	goal + no feedback	23	1e3	0.2060412592592593
1053	goal + no feedback	23	1050	0.22300892592592603
1053	goal + no feedback	23	1100	0.1764152592592593
1053	goal + no feedback	23	1150	0.17322925925925933
1053	goal + no feedback	24	-200	0.028407451612903083
1053	goal + no feedback	24	-150	-0.00545238172043024
1053	goal + no feedback	24	-100	0.024537451612902956
1053	goal + no feedback	24	-50	-0.0399058817204303
1053	goal + no feedback	24	0	-0.012321215053763638
1053	goal + no feedback	24	50	-0.06875121505376362
1053	goal + no feedback	24	100	-0.1709682150537636
1053	goal + no feedback	24	150	-0.03939154838709694
1053	goal + no feedback	24	200	-0.08366804838709685
1053	goal + no feedback	24	250	-0.1313708817204303
1053	goal + no feedback	24	300	-0.047123381720430325
1053	goal + no feedback	24	350	-0.040407715053763615
1053	goal + no feedback	24	400	-0.09987121505376366
1053	goal + no feedback	24	450	-0.033441215053763594
1053	goal + no feedback	24	500	0.005980784946236477
1053	goal + no feedback	24	550	0.03767705161290298
1053	goal + no feedback	24	600	NA
1053	goal + no feedback	24	650	NA
1053	goal + no feedback	24	700	NA
1053	goal + no feedback	24	750	NA
1053	goal + no feedback	24	800	0.17568845161290322
1053	goal + no feedback	24	850	0.18134061827956974
1053	goal + no feedback	24	900	0.08859111827956978
1053	goal + no feedback	24	950	0.03721061827956973
1053	goal + no feedback	24	1e3	0.1497624516129031
1053	goal + no feedback	24	1050	0.20067711827956977
1053	goal + no feedback	24	1100	0.23061028494623637
1053	goal + no feedback	24	1150	0.23322995161290297
1053	goal + no feedback	25	-200	0.054007843317972384
1053	goal + no feedback	25	-150	0.010742795698924779
1053	goal + no feedback	25	-100	-0.0305235376344087
1053	goal + no feedback	25	-50	-0.016811037634408537
1053	goal + no feedback	25	0	-0.026417370967741993
1053	goal + no feedback	25	50	-0.0397317043010752
1053	goal + no feedback	25	100	-0.08112987096774187
1053	goal + no feedback	25	150	-0.055847037634408535
1053	goal + no feedback	25	200	-0.06053520430107525
1053	goal + no feedback	25	250	-0.14920703763440865
1053	goal + no feedback	25	300	-0.08582120430107532
1053	goal + no feedback	25	350	-0.09914870430107518
1053	goal + no feedback	25	400	-0.07791503763440866
1053	goal + no feedback	25	450	-0.010878704301075256
1053	goal + no feedback	25	500	0.012626129032258163
1053	goal + no feedback	25	550	0.19835362903225806
1053	goal + no feedback	25	600	NA
1053	goal + no feedback	25	650	NA
1053	goal + no feedback	25	700	0.04782912903225789
1053	goal + no feedback	25	750	0.3245137956989246
1053	goal + no feedback	25	800	0.1585514623655914
1053	goal + no feedback	25	850	0.16555046236559146
1053	goal + no feedback	25	900	0.22903292903225808
1053	goal + no feedback	25	950	0.18444496236559135
1053	goal + no feedback	25	1e3	0.21305529569892476
1053	goal + no feedback	25	1050	0.19032729569892473
1053	goal + no feedback	25	1100	0.199301629032258
1053	goal + no feedback	25	1150	0.16491829569892466
1053	goal + no feedback	26	-200	0.011578797235022848
1053	goal + no feedback	26	-150	0.02702589247311815
1053	goal + no feedback	26	-100	-0.0065866075268818935
1053	goal + no feedback	26	-50	-0.02500260752688181
1053	goal + no feedback	26	0	-0.008945274193548588
1053	goal + no feedback	26	50	0.008021392473117913
1053	goal + no feedback	26	100	0.0091648924731181
1053	goal + no feedback	26	150	0.01528055913978473
1053	goal + no feedback	26	200	0.015355225806451397
1053	goal + no feedback	26	250	0.07536689247311805
1053	goal + no feedback	26	300	0.06739989247311806
1053	goal + no feedback	26	350	0.08796855913978474
1053	goal + no feedback	26	400	0.07105989247311813
1053	goal + no feedback	26	450	0.16441189247311802
1053	goal + no feedback	26	500	0.12744255913978475
1053	goal + no feedback	26	550	0.2010462258064516
1053	goal + no feedback	26	600	NA
1053	goal + no feedback	26	650	NA
1053	goal + no feedback	26	700	-0.40771177419354876
1053	goal + no feedback	26	750	0.18780789247311805
1053	goal + no feedback	26	800	0.4227355591397847
1053	goal + no feedback	26	850	0.507816892473118
1053	goal + no feedback	26	900	0.34180855913978464
1053	goal + no feedback	26	950	0.31709139247311807
1053	goal + no feedback	26	1e3	0.3225828924731182
1053	goal + no feedback	26	1050	0.33820939247311804
1053	goal + no feedback	26	1100	0.2780867258064514
1053	goal + no feedback	26	1150	0.21686522580645148
1053	goal + no feedback	27	-200	-0.06361279262672806
1053	goal + no feedback	27	-150	-0.00440710215053756
1053	goal + no feedback	27	-100	0.027405397849462387
1053	goal + no feedback	27	-50	-0.014796268817204306
1053	goal + no feedback	27	0	0.06601289784946245
1053	goal + no feedback	27	50	0.10739673118279576
1053	goal + no feedback	27	100	0.13189439784946244
1053	goal + no feedback	27	150	0.21406456451612912
1053	goal + no feedback	27	200	0.21399573118279572
1053	goal + no feedback	27	250	0.23265506451612908
1053	goal + no feedback	27	300	0.29664056451612913
1053	goal + no feedback	27	350	0.3746948978494624
1053	goal + no feedback	27	400	0.402430064516129
1053	goal + no feedback	27	450	0.43236073118279567
1053	goal + no feedback	27	500	0.46771206451612907
1053	goal + no feedback	27	550	NA
1053	goal + no feedback	27	600	NA
1053	goal + no feedback	27	650	NA
1053	goal + no feedback	27	700	NA
1053	goal + no feedback	27	750	0.7109612645161291
1053	goal + no feedback	27	800	0.7563973978494624
1053	goal + no feedback	27	850	0.6935187311827957
1053	goal + no feedback	27	900	0.7583602311827957
1053	goal + no feedback	27	950	0.797502564516129
1053	goal + no feedback	27	1e3	0.8182910645161291
1053	goal + no feedback	27	1050	0.7834707311827958
1053	goal + no feedback	27	1100	0.7349482311827957
1053	goal + no feedback	27	1150	0.645999564516129
1053	goal + no feedback	28	-200	-0.05330233179723504
1053	goal + no feedback	28	-150	0.012082763440860086
1053	goal + no feedback	28	-100	0.040524896774193575
1053	goal + no feedback	28	-50	-0.027106236559139907
1053	goal + no feedback	28	0	0.037233239631336304
1053	goal + no feedback	28	50	0.016885596774193507
1053	goal + no feedback	28	100	0.019264430107526875
1053	goal + no feedback	28	150	0.031134263440860233
1053	goal + no feedback	28	200	0.028561763440860144
1053	goal + no feedback	28	250	0.03346276344086011
1053	goal + no feedback	28	300	0.032897430107526736
1053	goal + no feedback	28	350	0.02529059677419343
1053	goal + no feedback	28	400	-0.013518403225806516
1053	goal + no feedback	28	450	0.043578930107526746
1053	goal + no feedback	28	500	0.019478096774193432
1053	goal + no feedback	28	550	0.07919609677419341
1053	goal + no feedback	28	600	NA
1053	goal + no feedback	28	650	NA
1053	goal + no feedback	28	700	NA
1053	goal + no feedback	28	750	0.11910159677419352
1053	goal + no feedback	28	800	0.0995583467741935
1053	goal + no feedback	28	850	0.08029409677419354
1053	goal + no feedback	28	900	0.10465009677419346
1053	goal + no feedback	28	950	0.13337609677419357
1053	goal + no feedback	28	1e3	0.15745809677419342
1053	goal + no feedback	28	1050	0.19134826344086017
1053	goal + no feedback	28	1100	0.13674526344086022
1053	goal + no feedback	28	1150	0.10926076344086015
1053	goal + no feedback	29	-200	-0.023977797235023184
1053	goal + no feedback	29	-150	-0.025130392473118324
1053	goal + no feedback	29	-100	0.010727607526881622
1053	goal + no feedback	29	-50	0.01219744086021494
1053	goal + no feedback	29	0	0.030179440860214957
1053	goal + no feedback	29	50	0.06486594086021495
1053	goal + no feedback	29	100	0.08604860752688166
1053	goal + no feedback	29	150	0.12025910752688167
1053	goal + no feedback	29	200	0.09791894086021495
1053	goal + no feedback	29	250	0.08060294086021491
1053	goal + no feedback	29	300	0.08592010752688169
1053	goal + no feedback	29	350	0.10310727419354837
1053	goal + no feedback	29	400	0.11727860752688168
1053	goal + no feedback	29	450	0.1628371075268816
1053	goal + no feedback	29	500	0.21078827419354837
1053	goal + no feedback	29	550	NA
1053	goal + no feedback	29	600	NA
1053	goal + no feedback	29	650	NA
1053	goal + no feedback	29	700	NA
1053	goal + no feedback	29	750	0.4181013741935483
1053	goal + no feedback	29	800	0.42964944086021495
1053	goal + no feedback	29	850	0.29161910752688175
1053	goal + no feedback	29	900	0.26780444086021493
1053	goal + no feedback	29	950	0.3297127741935484
1053	goal + no feedback	29	1e3	0.3422346075268817
1053	goal + no feedback	29	1050	0.33027977419354837
1053	goal + no feedback	29	1100	0.31716510752688176
1053	goal + no feedback	29	1150	0.2875944408602149
1053	goal + no feedback	30	-200	-0.03837022580645139
1053	goal + no feedback	30	-150	0.0022337741935486064
1053	goal + no feedback	30	-100	0.033798274193548604
1053	goal + no feedback	30	-50	-0.004513892473118138
1053	goal + no feedback	30	0	0.013247107526881999
1053	goal + no feedback	30	50	-0.026872559139784775
1053	goal + no feedback	30	100	0.04127610752688193
1053	goal + no feedback	30	150	0.0437302741935485
1053	goal + no feedback	30	200	0.04012744086021517
1053	goal + no feedback	30	250	0.01333060752688183
1053	goal + no feedback	30	300	0.0017456075268818723
1053	goal + no feedback	30	350	0.048854274193548486
1053	goal + no feedback	30	400	0.0641192741935485
1053	goal + no feedback	30	450	0.07164694086021517
1053	goal + no feedback	30	500	0.11933927419354855
1053	goal + no feedback	30	550	0.21970877419354862
1053	goal + no feedback	30	600	NA
1053	goal + no feedback	30	650	NA
1053	goal + no feedback	30	700	NA
1053	goal + no feedback	30	750	0.05950302419354858
1053	goal + no feedback	30	800	0.27618877419354854
1053	goal + no feedback	30	850	0.26612694086021516
1053	goal + no feedback	30	900	0.2678141075268819
1053	goal + no feedback	30	950	0.28530910752688193
1053	goal + no feedback	30	1e3	0.306048607526882
1053	goal + no feedback	30	1050	0.3388982741935486
1053	goal + no feedback	30	1100	0.2785429408602152
1053	goal + no feedback	30	1150	0.22787177419354854
1053	goal + no feedback	31	-200	-0.03563129953917045
1053	goal + no feedback	31	-150	-0.0033418709677418925
1053	goal + no feedback	31	-100	0.01634829569892478
1053	goal + no feedback	31	-50	0.013172629032258095
1053	goal + no feedback	31	0	0.015390795698924764
1053	goal + no feedback	31	50	-0.00992220430107523
1053	goal + no feedback	31	100	0.01615596236559136
1053	goal + no feedback	31	150	0.021136295698924796
1053	goal + no feedback	31	200	0.020777795698924868
1053	goal + no feedback	31	250	0.06450212903225805
1053	goal + no feedback	31	300	0.06406512903225818
1053	goal + no feedback	31	350	0.044561795698924746
1053	goal + no feedback	31	400	0.06440996236559138
1053	goal + no feedback	31	450	0.11111779569892473
1053	goal + no feedback	31	500	0.1368064623655915
1053	goal + no feedback	31	550	0.15612837903225807
1053	goal + no feedback	31	600	NA
1053	goal + no feedback	31	650	NA
1053	goal + no feedback	31	700	NA
1053	goal + no feedback	31	750	0.11768679569892478
1053	goal + no feedback	31	800	0.35339379569892476
1053	goal + no feedback	31	850	0.3370764623655915
1053	goal + no feedback	31	900	0.2959426290322582
1053	goal + no feedback	31	950	0.3047822956989248
1053	goal + no feedback	31	1e3	0.3668494623655914
1053	goal + no feedback	31	1050	0.3978852956989248
1053	goal + no feedback	31	1100	0.38020296236559153
1053	goal + no feedback	31	1150	0.34251679569892474
1053	goal + no feedback	32	-200	0.00189963333333328
1053	goal + no feedback	32	-150	0.025740966666666514
1053	goal + no feedback	32	-100	-0.03233220000000007
1053	goal + no feedback	32	-50	0.019607133333333193
1053	goal + no feedback	32	0	-0.01491553333333336
1053	goal + no feedback	32	50	0.028989133333333195
1053	goal + no feedback	32	100	-0.07352453333333335
1053	goal + no feedback	32	150	-0.008033200000000148
1053	goal + no feedback	32	200	0.039018633333333254
1053	goal + no feedback	32	250	-0.06630703333333347
1053	goal + no feedback	32	300	-0.04329686666666673
1053	goal + no feedback	32	350	-0.008242699999999973
1053	goal + no feedback	32	400	0.001720466666666513
1053	goal + no feedback	32	450	0.05609929999999993
1053	goal + no feedback	32	500	-0.021154200000000085
1053	goal + no feedback	32	550	0.031711899999999904
1053	goal + no feedback	32	600	NA
1053	goal + no feedback	32	650	NA
1053	goal + no feedback	32	700	NA
1053	goal + no feedback	32	750	NA
1053	goal + no feedback	32	800	0.24477329999999986
1053	goal + no feedback	32	850	0.09164505
1053	goal + no feedback	32	900	-0.0845782
1053	goal + no feedback	32	950	-0.01716103333333348
1053	goal + no feedback	32	1e3	0.017140466666666503
1053	goal + no feedback	32	1050	0.06625679999999996
1053	goal + no feedback	32	1100	0.038250799999999995
1053	goal + no feedback	32	1150	0.0254991333333332
1053	goal + no feedback	33	-200	0.049771746543778965
1053	goal + no feedback	33	-150	-0.0011028010752687223
1053	goal + no feedback	33	-100	0.0013896989247312863
1053	goal + no feedback	33	-50	-0.04017896774193552
1053	goal + no feedback	33	0	-0.01817496774193539
1053	goal + no feedback	33	50	-0.08516346774193535
1053	goal + no feedback	33	100	-0.1260058010752687
1053	goal + no feedback	33	150	-0.06869746774193541
1053	goal + no feedback	33	200	-0.11804513440860205
1053	goal + no feedback	33	250	-0.12362830107526872
1053	goal + no feedback	33	300	-0.1518413010752687
1053	goal + no feedback	33	350	-0.19879896774193542
1053	goal + no feedback	33	400	-0.234155134408602
1053	goal + no feedback	33	450	-0.18931830107526867
1053	goal + no feedback	33	500	-0.15058730107526883
1053	goal + no feedback	33	550	NA
1053	goal + no feedback	33	600	NA
1053	goal + no feedback	33	650	NA
1053	goal + no feedback	33	700	NA
1053	goal + no feedback	33	750	NA
1053	goal + no feedback	33	800	0.1765640322580646
1053	goal + no feedback	33	850	0.14191119892473125
1053	goal + no feedback	33	900	0.08165819892473136
1053	goal + no feedback	33	950	0.0862330322580646
1053	goal + no feedback	33	1e3	0.1560986989247312
1053	goal + no feedback	33	1050	0.12531186559139798
1053	goal + no feedback	33	1100	0.09615886559139786
1053	goal + no feedback	33	1150	0.14240686559139792
1053	goal + no feedback	34	-200	0.003810797235022978
1053	goal + no feedback	34	-150	0.020742892473118186
1053	goal + no feedback	34	-100	0.0017510591397849051
1053	goal + no feedback	34	-50	-0.003353440860215162
1053	goal + no feedback	34	0	-0.02358644086021518
1053	goal + no feedback	34	50	-0.0396956075268818
1053	goal + no feedback	34	100	-0.058417107526881784
1053	goal + no feedback	34	150	-0.01657660752688191
1053	goal + no feedback	34	200	-0.04562827419354846
1053	goal + no feedback	34	250	-0.030225440860215242
1053	goal + no feedback	34	300	-0.08488277419354844
1053	goal + no feedback	34	350	-0.06108310752688184
1053	goal + no feedback	34	400	-0.04414460752688195
1053	goal + no feedback	34	450	-0.04433510752688178
1053	goal + no feedback	34	500	-0.04791694086021522
1053	goal + no feedback	34	550	0.031787225806451325
1053	goal + no feedback	34	600	NA
1053	goal + no feedback	34	650	NA
1053	goal + no feedback	34	700	NA
1053	goal + no feedback	34	750	0.10743222580645151
1053	goal + no feedback	34	800	0.1364207258064516
1053	goal + no feedback	34	850	0.06822105913978478
1053	goal + no feedback	34	900	0.08559739247311815
1053	goal + no feedback	34	950	0.07038922580645142
1053	goal + no feedback	34	1e3	0.09654622580645156
1053	goal + no feedback	34	1050	0.10384672580645149
1053	goal + no feedback	34	1100	0.22250372580645159
1053	goal + no feedback	34	1150	0.19754655913978483
1053	goal + no feedback	35	-200	0.0807063410138251
1053	goal + no feedback	35	-150	0.009987483870967928
1053	goal + no feedback	35	-100	-0.016072516129032193
1053	goal + no feedback	35	-50	-0.006936349462365469
1053	goal + no feedback	35	0	-0.08113601612903205
1053	goal + no feedback	35	50	-0.058033849462365415
1053	goal + no feedback	35	100	-0.0683026827956988
1053	goal + no feedback	35	150	-0.07673601612903218
1053	goal + no feedback	35	200	-0.15726318279569873
1053	goal + no feedback	35	250	-0.1639711827956989
1053	goal + no feedback	35	300	-0.14088268279569882
1053	goal + no feedback	35	350	-0.18315001612903226
1053	goal + no feedback	35	400	-0.14371201612903217
1053	goal + no feedback	35	450	-0.08545101612903212
1053	goal + no feedback	35	500	-0.08206868279569875
1053	goal + no feedback	35	550	-0.020393182795698905
1053	goal + no feedback	35	600	NA
1053	goal + no feedback	35	650	NA
1053	goal + no feedback	35	700	NA
1053	goal + no feedback	35	750	NA
1053	goal + no feedback	35	800	0.26779448387096805
1053	goal + no feedback	35	850	0.2392444838709678
1053	goal + no feedback	35	900	0.18831148387096794
1053	goal + no feedback	35	950	0.23781331720430124
1053	goal + no feedback	35	1e3	0.34970898387096794
1053	goal + no feedback	35	1050	0.3898576505376345
1053	goal + no feedback	35	1100	0.39341681720430116
1053	goal + no feedback	35	1150	0.45442298387096786
1053	goal + no feedback	36	-200	0.02387529999999997
1053	goal + no feedback	36	-150	0.013286133333333247
1053	goal + no feedback	36	-100	0.03045213333333326
1053	goal + no feedback	36	-50	-0.02373503333333349
1053	goal + no feedback	36	0	-0.04387853333333336
1053	goal + no feedback	36	50	-0.10489958095238101
1053	goal + no feedback	36	100	-0.19793453333333333
1053	goal + no feedback	36	150	-0.21041086666666672
1053	goal + no feedback	36	200	-0.19438620000000006
1053	goal + no feedback	36	250	-0.25650353333333337
1053	goal + no feedback	36	300	-0.26619903333333345
1053	goal + no feedback	36	350	-0.25134670000000003
1053	goal + no feedback	36	400	-0.28268503333333345
1053	goal + no feedback	36	450	-0.22804053333333343
1053	goal + no feedback	36	500	-0.17943436666666676
1053	goal + no feedback	36	550	-0.12449053333333342
1053	goal + no feedback	36	600	-0.021202866666666598
1053	goal + no feedback	36	650	NA
1053	goal + no feedback	36	700	NA
1053	goal + no feedback	36	750	NA
1053	goal + no feedback	36	800	0.07893813333333322
1053	goal + no feedback	36	850	0.21534493333333318
1053	goal + no feedback	36	900	0.19875733333333329
1053	goal + no feedback	36	950	0.10260513333333325
1053	goal + no feedback	36	1e3	0.17916479999999999
1053	goal + no feedback	36	1050	0.20014713333333325
1053	goal + no feedback	36	1100	0.2758323
1053	goal + no feedback	36	1150	0.2579641333333333
1053	goal + no feedback	37	-200	0.008853861751152119
1053	goal + no feedback	37	-150	0.013323456989247381
1053	goal + no feedback	37	-100	0.018234623655913884
1053	goal + no feedback	37	-50	0.004978456989247333
1053	goal + no feedback	37	0	-0.046866043010752666
1053	goal + no feedback	37	50	0.01032145698924721
1053	goal + no feedback	37	100	0.01170245698924736
1053	goal + no feedback	37	150	-0.007149209677419425
1053	goal + no feedback	37	200	-0.02675104301075278
1053	goal + no feedback	37	250	0.03403729032258066
1053	goal + no feedback	37	300	0.031815623655914026
1053	goal + no feedback	37	350	0.04554795698924733
1053	goal + no feedback	37	400	0.05031979032258064
1053	goal + no feedback	37	450	0.04916595698924738
1053	goal + no feedback	37	500	0.022911956989247306
1053	goal + no feedback	37	550	0.049189623655914026
1053	goal + no feedback	37	600	0.02902495698924734
1053	goal + no feedback	37	650	0.17056595698924734
1053	goal + no feedback	37	700	NA
1053	goal + no feedback	37	750	NA
1053	goal + no feedback	37	800	NA
1053	goal + no feedback	37	850	0.39679029032258084
1053	goal + no feedback	37	900	0.4152174569892473
1053	goal + no feedback	37	950	0.42306629032258064
1053	goal + no feedback	37	1e3	0.24944329032258059
1053	goal + no feedback	37	1050	0.35471629032258073
1053	goal + no feedback	37	1100	0.3361974569892472
1053	goal + no feedback	37	1150	0.3574764569892473
1053	goal + no feedback	38	-200	0.030202834101382563
1053	goal + no feedback	38	-150	-0.002136284946236522
1053	goal + no feedback	38	-100	0.03928038172043028
1053	goal + no feedback	38	-50	-0.0030161182795697497
1053	goal + no feedback	38	0	-0.06936461827956981
1053	goal + no feedback	38	50	-0.027816284946236447
1053	goal + no feedback	38	100	-0.018976618279569795
1053	goal + no feedback	38	150	-0.07941028494623643
1053	goal + no feedback	38	200	-0.14286461827956987
1053	goal + no feedback	38	250	-0.13947711827956985
1053	goal + no feedback	38	300	-0.0901621182795697
1053	goal + no feedback	38	350	-0.08920628494623635
1053	goal + no feedback	38	400	-0.02865745161290323
1053	goal + no feedback	38	450	0.048443381720430244
1053	goal + no feedback	38	500	0.08340988172043022
1053	goal + no feedback	38	550	0.1663575483870967
1053	goal + no feedback	38	600	NA
1053	goal + no feedback	38	650	NA
1053	goal + no feedback	38	700	NA
1053	goal + no feedback	38	750	NA
1053	goal + no feedback	38	800	NA
1053	goal + no feedback	38	850	0.4238219483870968
1053	goal + no feedback	38	900	0.42177504838709684
1053	goal + no feedback	38	950	0.38011338172043013
1053	goal + no feedback	38	1e3	0.3783328817204303
1053	goal + no feedback	38	1050	0.39584604838709686
1053	goal + no feedback	38	1100	0.34859488172043024
1053	goal + no feedback	38	1150	0.27336921505376366
1053	goal + no feedback	39	-200	-0.01742636866359445
1053	goal + no feedback	39	-150	-0.04955322580645157
1053	goal + no feedback	39	-100	-0.032037725806451554
1053	goal + no feedback	39	-50	0.02545944086021505
1053	goal + no feedback	39	0	0.07646227419354841
1053	goal + no feedback	39	50	0.05848310752688183
1053	goal + no feedback	39	100	0.09759277419354835
1053	goal + no feedback	39	150	0.10992410752688182
1053	goal + no feedback	39	200	0.10555510752688176
1053	goal + no feedback	39	250	0.12127994086021505
1053	goal + no feedback	39	300	0.1292687741935484
1053	goal + no feedback	39	350	0.08395877419354843
1053	goal + no feedback	39	400	0.06025677419354832
1053	goal + no feedback	39	450	0.106192440860215
1053	goal + no feedback	39	500	0.1508024408602152
1053	goal + no feedback	39	550	0.21797094086021507
1053	goal + no feedback	39	600	0.24865977419354834
1053	goal + no feedback	39	650	NA
1053	goal + no feedback	39	700	NA
1053	goal + no feedback	39	750	NA
1053	goal + no feedback	39	800	NA
1053	goal + no feedback	39	850	NA
1053	goal + no feedback	39	900	0.543859440860215
1053	goal + no feedback	39	950	0.437131202764977
1053	goal + no feedback	39	1e3	0.4110551075268818
1053	goal + no feedback	39	1050	0.4479664408602151
1053	goal + no feedback	39	1100	0.43345510752688177
1053	goal + no feedback	39	1150	0.4384749408602151
1053	goal + no feedback	40	-200	-0.04930922580645149
1053	goal + no feedback	40	-150	-0.04046355913978491
1053	goal + no feedback	40	-100	0.01550994086021514
1053	goal + no feedback	40	-50	0.03273877419354839
1053	goal + no feedback	40	0	0.04974227419354841
1053	goal + no feedback	40	50	0.09027644086021518
1053	goal + no feedback	40	100	0.07743577419354845
1053	goal + no feedback	40	150	0.14449310752688174
1053	goal + no feedback	40	200	0.11150227419354845
1053	goal + no feedback	40	250	0.14195110752688178
1053	goal + no feedback	40	300	0.09516044086021513
1053	goal + no feedback	40	350	0.12695277419354842
1053	goal + no feedback	40	400	0.14081927419354842
1053	goal + no feedback	40	450	0.1436387741935484
1053	goal + no feedback	40	500	0.23721077419354852
1053	goal + no feedback	40	550	0.3622027741935485
1053	goal + no feedback	40	600	NA
1053	goal + no feedback	40	650	NA
1053	goal + no feedback	40	700	NA
1053	goal + no feedback	40	750	0.16172244086021514
1053	goal + no feedback	40	800	0.3373251075268818
1053	goal + no feedback	40	850	0.4717899408602151
1053	goal + no feedback	40	900	0.3043309408602152
1053	goal + no feedback	40	950	0.3310629408602151
1053	goal + no feedback	40	1e3	0.35396210752688173
1053	goal + no feedback	40	1050	0.4179947741935484
1053	goal + no feedback	40	1100	0.34003844086021506
1053	goal + no feedback	40	1150	0.28773427419354847
1053	goal + no feedback	41	-200	-0.030569064516129237
1053	goal + no feedback	41	-150	0.03228110215053751
1053	goal + no feedback	41	-100	0.013169268817204113
1053	goal + no feedback	41	-50	0.0024382688172040665
1053	goal + no feedback	41	0	-0.012224731182795878
1053	goal + no feedback	41	50	-0.09520656451612923
1053	goal + no feedback	41	100	-0.03857489784946259
1053	goal + no feedback	41	150	-0.047667564516129225
1053	goal + no feedback	41	200	-0.013531731182795973
1053	goal + no feedback	41	250	-0.01664939784946255
1053	goal + no feedback	41	300	0.03674726881720414
1053	goal + no feedback	41	350	0.03720510215053737
1053	goal + no feedback	41	400	0.07792810215053743
1053	goal + no feedback	41	450	0.1980129354838709
1053	goal + no feedback	41	500	0.2950591021505375
1053	goal + no feedback	41	550	NA
1053	goal + no feedback	41	600	NA
1053	goal + no feedback	41	650	NA
1053	goal + no feedback	41	700	NA
1053	goal + no feedback	41	750	NA
1053	goal + no feedback	41	800	0.5403774354838708
1053	goal + no feedback	41	850	0.4243917688172041
1053	goal + no feedback	41	900	0.25383693548387076
1053	goal + no feedback	41	950	0.3430944354838708
1053	goal + no feedback	41	1e3	0.3852717688172041
1053	goal + no feedback	41	1050	0.4393227688172041
1053	goal + no feedback	41	1100	0.46311026881720413
1053	goal + no feedback	41	1150	0.4473331021505375
1053	goal + no feedback	42	-200	0.033434341013824795
1053	goal + no feedback	42	-150	0.02209565053763433
1053	goal + no feedback	42	-100	0.024274650537634335
1053	goal + no feedback	42	-50	-0.023890349462365828
1053	goal + no feedback	42	0	-0.06148668279569902
1053	goal + no feedback	42	50	-0.030593349462365582
1053	goal + no feedback	42	100	-0.02559668279569897
1053	goal + no feedback	42	150	0.04472715053763432
1053	goal + no feedback	42	200	0.04495648387096766
1053	goal + no feedback	42	250	0.1104229838709676
1053	goal + no feedback	42	300	0.13657531720430102
1053	goal + no feedback	42	350	0.11118081720430102
1053	goal + no feedback	42	400	0.07651748387096761
1053	goal + no feedback	42	450	0.08556748387096769
1053	goal + no feedback	42	500	0.05428265053763429
1053	goal + no feedback	42	550	0.14257528387096752
1053	goal + no feedback	42	600	NA
1053	goal + no feedback	42	650	NA
1053	goal + no feedback	42	700	NA
1053	goal + no feedback	42	750	NA
1053	goal + no feedback	42	800	NA
1053	goal + no feedback	42	850	0.31464048387096755
1053	goal + no feedback	42	900	0.30588998387096755
1053	goal + no feedback	42	950	0.2912121981566819
1053	goal + no feedback	42	1e3	0.2986154838709676
1053	goal + no feedback	42	1050	0.29389815053763435
1053	goal + no feedback	42	1100	0.35636348387096767
1053	goal + no feedback	42	1150	0.34635115053763427
1053	goal + no feedback	43	-200	-0.06106859999999988
1053	goal + no feedback	43	-150	0.028525566666666908
1053	goal + no feedback	43	-100	0.022091900000000164
1053	goal + no feedback	43	-50	0.020536233333333504
1053	goal + no feedback	43	0	-0.010085099999999883
1053	goal + no feedback	43	50	0.03483273333333351
1053	goal + no feedback	43	100	0.04678456666666686
1053	goal + no feedback	43	150	0.01881190000000014
1053	goal + no feedback	43	200	0.010108900000000162
1053	goal + no feedback	43	250	0.04170423333333343
1053	goal + no feedback	43	300	0.04059540000000017
1053	goal + no feedback	43	350	0.05737823333333355
1053	goal + no feedback	43	400	0.06269073333333353
1053	goal + no feedback	43	450	0.07454390000000018
1053	goal + no feedback	43	500	0.08705723333333348
1053	goal + no feedback	43	550	0.12859890000000015
1053	goal + no feedback	43	600	0.14167056666666689
1053	goal + no feedback	43	650	NA
1053	goal + no feedback	43	700	NA
1053	goal + no feedback	43	750	NA
1053	goal + no feedback	43	800	NA
1053	goal + no feedback	43	850	0.6157690666666666
1053	goal + no feedback	43	900	0.29898223333333346
1053	goal + no feedback	43	950	0.3159915666666669
1053	goal + no feedback	43	1e3	0.2959435666666667
1053	goal + no feedback	43	1050	0.39133056666666666
1053	goal + no feedback	43	1100	NA
1053	goal + no feedback	43	1150	NA
1053	goal + no feedback	44	-200	-0.09687339170506913
1053	goal + no feedback	44	-150	-0.0277326774193547
1053	goal + no feedback	44	-100	-6.715107526880093e-4
1053	goal + no feedback	44	-50	0.08372365591397861
1053	goal + no feedback	44	0	0.05769948924731194
1053	goal + no feedback	44	50	0.11609182258064525
1053	goal + no feedback	44	100	0.0817686559139786
1053	goal + no feedback	44	150	0.01961015591397867
1053	goal + no feedback	44	200	0.09397032258064535
1053	goal + no feedback	44	250	0.13724548924731192
1053	goal + no feedback	44	300	0.1836218225806452
1053	goal + no feedback	44	350	0.0946153225806452
1053	goal + no feedback	44	400	0.1967958225806453
1053	goal + no feedback	44	450	0.21439582258064535
1053	goal + no feedback	44	500	0.25026698924731194
1053	goal + no feedback	44	550	0.1960403225806453
1053	goal + no feedback	44	600	0.2767193225806453
1053	goal + no feedback	44	650	0.3938960725806453
1053	goal + no feedback	44	700	NA
1053	goal + no feedback	44	750	NA
1053	goal + no feedback	44	800	NA
1053	goal + no feedback	44	850	NA
1053	goal + no feedback	44	900	NA
1053	goal + no feedback	44	950	0.6176373225806453
1053	goal + no feedback	44	1e3	0.5906823225806452
1053	goal + no feedback	44	1050	0.6205979892473119
1053	goal + no feedback	44	1100	0.6412449892473119
1053	goal + no feedback	44	1150	0.6502721559139785
1053	goal + no feedback	45	-200	0.018320875576036993
1053	goal + no feedback	45	-150	0.0020026612903227083
1053	goal + no feedback	45	-100	-0.03124100537634389
1053	goal + no feedback	45	-50	0.005191327956989363
1053	goal + no feedback	45	0	0.002672661290322731
1053	goal + no feedback	45	50	-0.002570172043010688
1053	goal + no feedback	45	100	0.017953827956989372
1053	goal + no feedback	45	150	-0.025797505376343954
1053	goal + no feedback	45	200	0.014015161290322617
1053	goal + no feedback	45	250	0.04931782795698947
1053	goal + no feedback	45	300	0.07144982795698936
1053	goal + no feedback	45	350	0.08642449462365602
1053	goal + no feedback	45	400	0.12281866129032266
1053	goal + no feedback	45	450	0.18787249462365607
1053	goal + no feedback	45	500	0.24152882795698938
1053	goal + no feedback	45	550	0.28835782795698944
1053	goal + no feedback	45	600	NA
1053	goal + no feedback	45	650	NA
1053	goal + no feedback	45	700	NA
1053	goal + no feedback	45	750	0.47092756129032265
1053	goal + no feedback	45	800	0.5276798279569894
1053	goal + no feedback	45	850	0.4772686612903227
1053	goal + no feedback	45	900	0.4963444946236561
1053	goal + no feedback	45	950	0.5468858279569894
1053	goal + no feedback	45	1e3	0.5656564946236561
1053	goal + no feedback	45	1050	0.5138296612903226
1053	goal + no feedback	45	1100	0.5000928279569894
1053	goal + no feedback	45	1150	0.4709713279569893
1053	goal + no feedback	46	-200	-0.007514926267281182
1053	goal + no feedback	46	-150	-0.036737521505376534
1053	goal + no feedback	46	-100	-0.011382354838709752
1053	goal + no feedback	46	-50	0.009623145161290259
1053	goal + no feedback	46	0	0.04726414516129015
1053	goal + no feedback	46	50	0.03325947849462348
1053	goal + no feedback	46	100	0.09443881182795681
1053	goal + no feedback	46	150	0.04326947849462356
1053	goal + no feedback	46	200	0.05446331182795686
1053	goal + no feedback	46	250	0.05390381182795689
1053	goal + no feedback	46	300	0.1141891451612902
1053	goal + no feedback	46	350	0.11976914516129018
1053	goal + no feedback	46	400	0.09693631182795692
1053	goal + no feedback	46	450	0.16106547849462358
1053	goal + no feedback	46	500	0.20325381182795685
1053	goal + no feedback	46	550	NA
1053	goal + no feedback	46	600	NA
1053	goal + no feedback	46	650	NA
1053	goal + no feedback	46	700	NA
1053	goal + no feedback	46	750	NA
1053	goal + no feedback	46	800	NA
1053	goal + no feedback	46	850	0.33425081182795696
1053	goal + no feedback	46	900	0.26718731182795685
1053	goal + no feedback	46	950	0.3122996451612902
1053	goal + no feedback	46	1e3	0.3569761451612902
1053	goal + no feedback	46	1050	0.36001914516129013
1053	goal + no feedback	46	1100	0.3270526451612903
1053	goal + no feedback	46	1150	0.2484294784946235
1053	goal + no feedback	47	-200	4.4399999999796456e-5
1053	goal + no feedback	47	-150	-0.04422293333333357
1053	goal + no feedback	47	-100	0.013935233333332983
1053	goal + no feedback	47	-50	0.019115733333333162
1053	goal + no feedback	47	0	0.011127566666666514
1053	goal + no feedback	47	50	-0.00385476666666699
1053	goal + no feedback	47	100	0.04425573333333325
1053	goal + no feedback	47	150	0.020339066666666444
1053	goal + no feedback	47	200	4.0173333333311706e-4
1053	goal + no feedback	47	250	0.0872643999999998
1053	goal + no feedback	47	300	0.13378573333333307
1053	goal + no feedback	47	350	0.10314039999999987
1053	goal + no feedback	47	400	0.10210773333333319
1053	goal + no feedback	47	450	0.1633503999999998
1053	goal + no feedback	47	500	0.19576173333333316
1053	goal + no feedback	47	550	0.2599763999999998
1053	goal + no feedback	47	600	NA
1053	goal + no feedback	47	650	NA
1053	goal + no feedback	47	700	NA
1053	goal + no feedback	47	750	0.01855489999999982
1053	goal + no feedback	47	800	0.3473023999999999
1053	goal + no feedback	47	850	0.2373580666666665
1053	goal + no feedback	47	900	0.3738488999999999
1053	goal + no feedback	47	950	0.20707439999999977
1053	goal + no feedback	47	1e3	NA
1053	goal + no feedback	47	1050	NA
1053	goal + no feedback	47	1100	NA
1053	goal + no feedback	47	1150	0.6745927999999998
1053	goal + no feedback	48	-200	-0.0014429078341012338
1053	goal + no feedback	48	-150	0.01554980645161308
1053	goal + no feedback	48	-100	0.0033933064516130282
1053	goal + no feedback	48	-50	-0.047329360215053594
1053	goal + no feedback	48	0	0.030069639784946405
1053	goal + no feedback	48	50	0.041134473118279814
1053	goal + no feedback	48	100	-0.010354193548386922
1053	goal + no feedback	48	150	0.017860139784946345
1053	goal + no feedback	48	200	0.026941473118279696
1053	goal + no feedback	48	250	0.04000963978494646
1053	goal + no feedback	48	300	0.012958473118279764
1053	goal + no feedback	48	350	0.0086956397849464
1053	goal + no feedback	48	400	-0.020920693548386993
1053	goal + no feedback	48	450	-0.01988036021505361
1053	goal + no feedback	48	500	0.08336580645161311
1053	goal + no feedback	48	550	0.09425497311827973
1053	goal + no feedback	48	600	0.22272780645161308
1053	goal + no feedback	48	650	NA
1053	goal + no feedback	48	700	NA
1053	goal + no feedback	48	750	NA
1053	goal + no feedback	48	800	-0.01735169354838706
1053	goal + no feedback	48	850	0.239235206451613
1053	goal + no feedback	48	900	0.3168823064516131
1053	goal + no feedback	48	950	0.2706234731182798
1053	goal + no feedback	48	1e3	0.2530598064516132
1053	goal + no feedback	48	1050	0.2573564731182798
1053	goal + no feedback	48	1100	0.3294619731182798
1053	goal + no feedback	48	1150	0.3001083064516132
1053	goal + no feedback	49	-200	0.037296322580645365
1053	goal + no feedback	49	-150	0.013322655913978668
1053	goal + no feedback	49	-100	-0.0023290107526878767
1053	goal + no feedback	49	-50	-0.009304177419354668
1053	goal + no feedback	49	0	-0.04520184408602135
1053	goal + no feedback	49	50	-0.05140534408602145
1053	goal + no feedback	49	100	-0.04294967741935466
1053	goal + no feedback	49	150	-0.07854151075268796
1053	goal + no feedback	49	200	-0.09571017741935466
1053	goal + no feedback	49	250	-0.12881817741935464
1053	goal + no feedback	49	300	-0.06689767741935453
1053	goal + no feedback	49	350	0.006557822580645374
1053	goal + no feedback	49	400	-0.03208301075268808
1053	goal + no feedback	49	450	-0.015133344086021369
1053	goal + no feedback	49	500	0.008980655913978822
1053	goal + no feedback	49	550	-0.006267477419354605
1053	goal + no feedback	49	600	NA
1053	goal + no feedback	49	650	NA
1053	goal + no feedback	49	700	NA
1053	goal + no feedback	49	750	NA
1053	goal + no feedback	49	800	0.29369132258064523
1053	goal + no feedback	49	850	0.18196272258064533
1053	goal + no feedback	49	900	0.1421758225806454
1053	goal + no feedback	49	950	0.18448248924731203
1053	goal + no feedback	49	1e3	0.20194865591397862
1053	goal + no feedback	49	1050	0.22726448924731213
1053	goal + no feedback	49	1100	0.1755839892473121
1053	goal + no feedback	49	1150	0.16346715591397865
1053	goal + no feedback	51	-200	-0.03507733333333318
1053	goal + no feedback	51	-150	-0.01320099999999987
1053	goal + no feedback	51	-100	-6.164999999998718e-4
1053	goal + no feedback	51	-50	0.015947000000000083
1053	goal + no feedback	51	0	0.03294783333333343
1053	goal + no feedback	51	50	0.04604966666666684
1053	goal + no feedback	51	100	0.07449350000000014
1053	goal + no feedback	51	150	0.1067861666666668
1053	goal + no feedback	51	200	0.09110416666666683
1053	goal + no feedback	51	250	0.00625333333333337
1053	goal + no feedback	51	300	0.02667133333333342
1053	goal + no feedback	51	350	0.04270416666666669
1053	goal + no feedback	51	400	0.05629550000000013
1053	goal + no feedback	51	450	0.018339500000000026
1053	goal + no feedback	51	500	0.03677866666666688
1053	goal + no feedback	51	550	0.06876200000000007
1053	goal + no feedback	51	600	NA
1053	goal + no feedback	51	650	NA
1053	goal + no feedback	51	700	NA
1053	goal + no feedback	51	750	NA
1053	goal + no feedback	51	800	NA
1053	goal + no feedback	51	850	0.2503017500000001
1053	goal + no feedback	51	900	0.19828771428571448
1053	goal + no feedback	51	950	0.11735516666666679
1053	goal + no feedback	51	1e3	0.18265316666666678
1053	goal + no feedback	51	1050	0.2454103333333335
1053	goal + no feedback	51	1100	0.21261150000000018
1053	goal + no feedback	51	1150	0.2413133333333335
1053	goal + no feedback	52	-200	0.1128154838709677
1053	goal + no feedback	52	-150	0.025683650537634328
1053	goal + no feedback	52	-100	-0.047978849462365636
1053	goal + no feedback	52	-50	-0.03390718279569901
1053	goal + no feedback	52	0	-0.07541568279569903
1053	goal + no feedback	52	50	-0.02162418279569896
1053	goal + no feedback	52	100	0.06391448387096776
1053	goal + no feedback	52	150	0.053689650537634304
1053	goal + no feedback	52	200	-0.01980751612903231
1053	goal + no feedback	52	250	0.013481317204300977
1053	goal + no feedback	52	300	-0.031085516129032282
1053	goal + no feedback	52	350	0.015645650537634337
1053	goal + no feedback	52	400	0.030377983870967757
1053	goal + no feedback	52	450	0.04371531720430107
1053	goal + no feedback	52	500	0.08248098387096763
1053	goal + no feedback	52	550	0.08423368387096763
1053	goal + no feedback	52	600	NA
1053	goal + no feedback	52	650	NA
1053	goal + no feedback	52	700	NA
1053	goal + no feedback	52	750	NA
1053	goal + no feedback	52	800	NA
1053	goal + no feedback	52	850	0.20437123387096778
1053	goal + no feedback	52	900	0.29858881720430097
1053	goal + no feedback	52	950	0.18748098387096776
1053	goal + no feedback	52	1e3	0.17590615053763434
1053	goal + no feedback	52	1050	0.23757598387096776
1053	goal + no feedback	52	1100	0.28803381720430105
1053	goal + no feedback	52	1150	0.24234181720430104
1053	goal + no feedback	53	-200	-0.018205304147465524
1053	goal + no feedback	53	-150	-0.016039994623656018
1053	goal + no feedback	53	-100	0.009421005376343938
1053	goal + no feedback	53	-50	-0.022926994623656105
1053	goal + no feedback	53	0	0.05078550537634404
1053	goal + no feedback	53	50	0.04889217204301066
1053	goal + no feedback	53	100	-0.02864266129032278
1053	goal + no feedback	53	150	0.05978550537634394
1053	goal + no feedback	53	200	0.02447050537634395
1053	goal + no feedback	53	250	0.05565233870967723
1053	goal + no feedback	53	300	0.042743505376343936
1053	goal + no feedback	53	350	0.03635150537634398
1053	goal + no feedback	53	400	0.008613672043010556
1053	goal + no feedback	53	450	0.0885268387096773
1053	goal + no feedback	53	500	0.16918967204301052
1053	goal + no feedback	53	550	NA
1053	goal + no feedback	53	600	NA
1053	goal + no feedback	53	650	NA
1053	goal + no feedback	53	700	NA
1053	goal + no feedback	53	750	NA
1053	goal + no feedback	53	800	0.3703808387096772
1053	goal + no feedback	53	850	0.22573383870967723
1053	goal + no feedback	53	900	0.15745517204301054
1053	goal + no feedback	53	950	0.22845017204301055
1053	goal + no feedback	53	1e3	0.3654980053763439
1053	goal + no feedback	53	1050	0.36855083870967725
1053	goal + no feedback	53	1100	0.3289086720430107
1053	goal + no feedback	53	1150	0.36483000537634397
1053	goal + no feedback	54	-200	0.04458109999999982
1053	goal + no feedback	54	-150	-0.005471900000000085
1053	goal + no feedback	54	-100	-0.048151733333333446
1053	goal + no feedback	54	-50	0.0071500999999999
1053	goal + no feedback	54	0	0.001892433333333221
1053	goal + no feedback	54	50	0.005774766666666468
1053	goal + no feedback	54	100	-0.033788566666666776
1053	goal + no feedback	54	150	0.0023080999999998872
1053	goal + no feedback	54	200	0.04478176666666648
1053	goal + no feedback	54	250	0.006056599999999894
1053	goal + no feedback	54	300	-0.01797740000000007
1053	goal + no feedback	54	350	0.03904643333333321
1053	goal + no feedback	54	400	-0.021039400000000114
1053	goal + no feedback	54	450	-0.047258733333333414
1053	goal + no feedback	54	500	0.03669276666666662
1053	goal + no feedback	54	550	-0.23613689999999998
1053	goal + no feedback	54	600	NA
1053	goal + no feedback	54	650	NA
1053	goal + no feedback	54	700	NA
1053	goal + no feedback	54	750	NA
1053	goal + no feedback	54	800	0.23545859999999985
1053	goal + no feedback	54	850	0.13344109999999987
1053	goal + no feedback	54	900	0.08743409999999985
1053	goal + no feedback	54	950	0.12107959999999984
1053	goal + no feedback	54	1e3	0.09813409999999985
1053	goal + no feedback	54	1050	0.18431376666666655
1053	goal + no feedback	54	1100	0.2127495999999999
1053	goal + no feedback	54	1150	0.1428759333333333
1053	goal + no feedback	55	-200	0.03906526267281096
1053	goal + no feedback	55	-150	0.0353850483870967
1053	goal + no feedback	55	-100	-0.060403284946236736
1053	goal + no feedback	55	-50	-0.014745784946236684
1053	goal + no feedback	55	0	-0.0058121182795700665
1053	goal + no feedback	55	50	-0.06202811827957011
1053	goal + no feedback	55	100	-0.07028478494623676
1053	goal + no feedback	55	150	-0.08623745161290335
1053	goal + no feedback	55	200	-0.10361211827957002
1053	goal + no feedback	55	250	-0.13313361827957002
1053	goal + no feedback	55	300	-0.09698045161290343
1053	goal + no feedback	55	350	-0.07364895161290337
1053	goal + no feedback	55	400	-0.05924378494623669
1053	goal + no feedback	55	450	-0.09386545161290331
1053	goal + no feedback	55	500	-0.058846118279570016
1053	goal + no feedback	55	550	-0.0987512016129033
1053	goal + no feedback	55	600	NA
1053	goal + no feedback	55	650	NA
1053	goal + no feedback	55	700	NA
1053	goal + no feedback	55	750	NA
1053	goal + no feedback	55	800	NA
1053	goal + no feedback	55	850	0.24805954838709665
1053	goal + no feedback	55	900	0.1765517150537633
1053	goal + no feedback	55	950	0.05797288172042999
1053	goal + no feedback	55	1e3	0.10338888172042997
1053	goal + no feedback	55	1050	0.10093954838709658
1053	goal + no feedback	55	1100	0.03812121505376331
1053	goal + no feedback	55	1150	0.08276671505376328
1053	goal + no feedback	56	-200	0.015341350230414783
1053	goal + no feedback	56	-150	-0.010003102150537643
1053	goal + no feedback	56	-100	0.019191397849462444
1053	goal + no feedback	56	-50	-0.023495102150537555
1053	goal + no feedback	56	0	-0.003591435483870938
1053	goal + no feedback	56	50	0.03389539784946235
1053	goal + no feedback	56	100	0.018468731182795795
1053	goal + no feedback	56	150	-0.011719768817204232
1053	goal + no feedback	56	200	-0.015334768817204228
1053	goal + no feedback	56	250	0.04062856451612914
1053	goal + no feedback	56	300	0.03447656451612913
1053	goal + no feedback	56	350	0.04573456451612919
1053	goal + no feedback	56	400	0.09389973118279575
1053	goal + no feedback	56	450	0.08591989784946241
1053	goal + no feedback	56	500	0.07433056451612911
1053	goal + no feedback	56	550	0.17439106451612907
1053	goal + no feedback	56	600	NA
1053	goal + no feedback	56	650	NA
1053	goal + no feedback	56	700	NA
1053	goal + no feedback	56	750	0.6352695645161293
1053	goal + no feedback	56	800	0.5697860645161291
1053	goal + no feedback	56	850	0.4434208978494625
1053	goal + no feedback	56	900	0.4152720645161292
1053	goal + no feedback	56	950	0.3445585645161291
1053	goal + no feedback	56	1e3	0.3811557311827958
1053	goal + no feedback	56	1050	0.2939755645161291
1053	goal + no feedback	56	1100	0.3176647311827958
1053	goal + no feedback	56	1150	0.3463585645161291
1053	goal + no feedback	57	-200	-0.06822986666666682
1053	goal + no feedback	57	-150	0.013378299999999769
1053	goal + no feedback	57	-100	-6.848666666668576e-4
1053	goal + no feedback	57	-50	0.042833799999999776
1053	goal + no feedback	57	0	0.012702633333333177
1053	goal + no feedback	57	50	-0.06579603333333346
1053	goal + no feedback	57	100	0.002807966666666495
1053	goal + no feedback	57	150	0.015958466666666487
1053	goal + no feedback	57	200	0.02258906190476167
1053	goal + no feedback	57	250	0.0840692999999999
1053	goal + no feedback	57	300	0.059975966666666526
1053	goal + no feedback	57	350	0.0635791333333331
1053	goal + no feedback	57	400	0.03921129999999984
1053	goal + no feedback	57	450	0.09224796666666646
1053	goal + no feedback	57	500	0.1536934666666665
1053	goal + no feedback	57	550	0.16813329999999982
1053	goal + no feedback	57	600	NA
1053	goal + no feedback	57	650	NA
1053	goal + no feedback	57	700	NA
1053	goal + no feedback	57	750	0.21402763333333308
1053	goal + no feedback	57	800	0.5504487999999998
1053	goal + no feedback	57	850	0.44891413333333324
1053	goal + no feedback	57	900	0.3023409666666666
1053	goal + no feedback	57	950	0.34014996666666647
1053	goal + no feedback	57	1e3	0.34351029999999977
1053	goal + no feedback	57	1050	0.3563981333333332
1053	goal + no feedback	57	1100	0.3954077999999998
1053	goal + no feedback	57	1150	0.3319646333333332
1053	goal + no feedback	58	-200	-0.0775799815668204
1053	goal + no feedback	58	-150	-0.053753838709677426
1053	goal + no feedback	58	-100	0.03793682795698924
1053	goal + no feedback	58	-50	0.03323532795698917
1053	goal + no feedback	58	0	0.07309166129032259
1053	goal + no feedback	58	50	0.05711582795698922
1053	goal + no feedback	58	100	0.07041016129032258
1053	goal + no feedback	58	150	0.02276482795698927
1053	goal + no feedback	58	200	0.043595827956989165
1053	goal + no feedback	58	250	0.0928154946236559
1053	goal + no feedback	58	300	0.10671566129032246
1053	goal + no feedback	58	350	0.12278049462365592
1053	goal + no feedback	58	400	0.1041598279569893
1053	goal + no feedback	58	450	0.09383049462365582
1053	goal + no feedback	58	500	0.14595132795698929
1053	goal + no feedback	58	550	0.3187761612903226
1053	goal + no feedback	58	600	NA
1053	goal + no feedback	58	650	NA
1053	goal + no feedback	58	700	-0.10811583870967745
1053	goal + no feedback	58	750	0.4293814112903225
1053	goal + no feedback	58	800	0.39083366129032254
1053	goal + no feedback	58	850	0.26559766129032253
1053	goal + no feedback	58	900	0.2194658279569892
1053	goal + no feedback	58	950	0.25289082795698925
1053	goal + no feedback	58	1e3	0.2520488279569893
1053	goal + no feedback	58	1050	0.3348893279569893
1053	goal + no feedback	58	1100	0.2721473279569892
1053	goal + no feedback	58	1150	0.2725641612903225
1053	goal + no feedback	60	-200	-0.02078782488479249
1053	goal + no feedback	60	-150	0.053096198924731386
1053	goal + no feedback	60	-100	0.06845619892473136
1053	goal + no feedback	60	-50	-0.06372963440860202
1053	goal + no feedback	60	0	-0.03357030107526867
1053	goal + no feedback	60	50	-0.056348301075268635
1053	goal + no feedback	60	100	-0.10563946774193538
1053	goal + no feedback	60	150	-0.06067730107526866
1053	goal + no feedback	60	200	-0.08019596774193534
1053	goal + no feedback	60	250	-0.04348496774193533
1053	goal + no feedback	60	300	-0.05491413440860193
1053	goal + no feedback	60	350	-0.07048113440860189
1053	goal + no feedback	60	400	-0.061471134408601934
1053	goal + no feedback	60	450	-0.042298801075268656
1053	goal + no feedback	60	500	-0.05192613440860194
1053	goal + no feedback	60	550	0.019845032258064704
1053	goal + no feedback	60	600	0.04232019892473134
1053	goal + no feedback	60	650	-0.017208467741935296
1053	goal + no feedback	60	700	0.057872198924731354
1053	goal + no feedback	60	750	0.16872936559139803
1053	goal + no feedback	60	800	0.22034036559139802
1053	goal + no feedback	60	850	0.22122003225806472
1053	goal + no feedback	60	900	0.3881295322580647
1053	goal + no feedback	60	950	NA
1053	goal + no feedback	60	1e3	NA
1053	goal + no feedback	60	1050	NA
1053	goal + no feedback	60	1100	NA
1053	goal + no feedback	60	1150	NA
1053	goal + no feedback	61	-200	8.168156682026861e-4
1053	goal + no feedback	61	-150	0.00597272043010751
1053	goal + no feedback	61	-100	-9.067795698925648e-4
1053	goal + no feedback	61	-50	0.007219720430107508
1053	goal + no feedback	61	0	-0.013238612903225958
1053	goal + no feedback	61	50	-0.024585112903225886
1053	goal + no feedback	61	100	-0.08614994623655921
1053	goal + no feedback	61	150	-0.051943612903225946
1053	goal + no feedback	61	200	0.0017638870967740712
1053	goal + no feedback	61	250	0.030307387096774052
1053	goal + no feedback	61	300	-0.004364446236559294
1053	goal + no feedback	61	350	-0.02745411290322597
1053	goal + no feedback	61	400	-0.04225411290322589
1053	goal + no feedback	61	450	0.009369220430107386
1053	goal + no feedback	61	500	0.09077272043010742
1053	goal + no feedback	61	550	0.11933913709677402
1053	goal + no feedback	61	600	NA
1053	goal + no feedback	61	650	NA
1053	goal + no feedback	61	700	NA
1053	goal + no feedback	61	750	-0.08243711290322597
1053	goal + no feedback	61	800	0.33411638709677405
1053	goal + no feedback	61	850	0.12734838709677407
1053	goal + no feedback	61	900	0.03420738709677407
1053	goal + no feedback	61	950	0.10510022043010754
1053	goal + no feedback	61	1e3	0.08544655376344064
1053	goal + no feedback	61	1050	0.1410945537634408
1053	goal + no feedback	61	1100	0.1576943870967741
1053	goal + no feedback	61	1150	0.10415388709677405
1053	goal + no feedback	62	-200	0.03276076666666664
1053	goal + no feedback	62	-150	0.004595099999999963
1053	goal + no feedback	62	-100	0.014117600000000063
1053	goal + no feedback	62	-50	0.014042100000000021
1053	goal + no feedback	62	0	-0.06551556666666676
1053	goal + no feedback	62	50	-0.11120023333333322
1053	goal + no feedback	62	100	-0.21158913809523808
1053	goal + no feedback	62	150	-0.12586989999999995
1053	goal + no feedback	62	200	-0.1648385666666666
1053	goal + no feedback	62	250	-0.19688823333333336
1053	goal + no feedback	62	300	-0.16626690000000002
1053	goal + no feedback	62	350	-0.21312056666666668
1053	goal + no feedback	62	400	-0.22335356666666661
1053	goal + no feedback	62	450	-0.25710023333333343
1053	goal + no feedback	62	500	-0.15627936666666659
1053	goal + no feedback	62	550	NA
1053	goal + no feedback	62	600	NA
1053	goal + no feedback	62	650	NA
1053	goal + no feedback	62	700	NA
1053	goal + no feedback	62	750	NA
1053	goal + no feedback	62	800	-0.030046566666666646
1053	goal + no feedback	62	850	-0.05051099523809523
1053	goal + no feedback	62	900	-0.010371233333333377
1053	goal + no feedback	62	950	0.016115099999999938
1053	goal + no feedback	62	1e3	0.03621393333333326
1053	goal + no feedback	62	1050	0.08152109999999994
1053	goal + no feedback	62	1100	0.09346759999999994
1053	goal + no feedback	62	1150	0.04882426666666665
1053	goal + no feedback	63	-200	-0.011968166666666447
1053	goal + no feedback	63	-150	0.04782250000000025
1053	goal + no feedback	63	-100	0.044491166666666825
1053	goal + no feedback	63	-50	-0.04876066666666653
1053	goal + no feedback	63	0	-0.03158483333333321
1053	goal + no feedback	63	50	0.004135833333333376
1053	goal + no feedback	63	100	-0.08612783333333314
1053	goal + no feedback	63	150	-0.2185929999999999
1053	goal + no feedback	63	200	-0.2299221666666665
1053	goal + no feedback	63	250	-0.2782759999999998
1053	goal + no feedback	63	300	-0.14663233333333311
1053	goal + no feedback	63	350	-0.1610014999999998
1053	goal + no feedback	63	400	-0.16201833333333315
1053	goal + no feedback	63	450	-0.12845649999999983
1053	goal + no feedback	63	500	-0.14366900000000005
1053	goal + no feedback	63	550	NA
1053	goal + no feedback	63	600	NA
1053	goal + no feedback	63	650	NA
1053	goal + no feedback	63	700	-0.045889999999999986
1053	goal + no feedback	63	750	0.16136883333333354
1053	goal + no feedback	63	800	0.09778740000000016
1053	goal + no feedback	63	850	0.0649986666666668
1053	goal + no feedback	63	900	0.08010828571428588
1053	goal + no feedback	63	950	0.03998120000000025
1053	goal + no feedback	63	1e3	0.14670316666666686
1053	goal + no feedback	63	1050	0.13691866666666686
1053	goal + no feedback	63	1100	0.1277490000000002
1053	goal + no feedback	63	1150	0.09510314285714307
1053	goal + no feedback	64	-200	-0.015303778801843368
1053	goal + no feedback	64	-150	-0.03601323118279572
1053	goal + no feedback	64	-100	0.026113935483871014
1053	goal + no feedback	64	-50	0.06549560215053774
1053	goal + no feedback	64	0	-0.037741897849462434
1053	goal + no feedback	64	50	0.012884268817204244
1053	goal + no feedback	64	100	0.00109643548387095
1053	goal + no feedback	64	150	-0.014126231182795731
1053	goal + no feedback	64	200	-0.019084231182795675
1053	goal + no feedback	64	250	-0.011817731182795685
1053	goal + no feedback	64	300	-0.017943731182795686
1053	goal + no feedback	64	350	-0.020906731182795735
1053	goal + no feedback	64	400	-0.014953731182795712
1053	goal + no feedback	64	450	-0.04892473118279576
1053	goal + no feedback	64	500	0.005028268817204307
1053	goal + no feedback	64	550	0.08224210215053758
1053	goal + no feedback	64	600	0.08084118548387098
1053	goal + no feedback	64	650	NA
1053	goal + no feedback	64	700	NA
1053	goal + no feedback	64	750	NA
1053	goal + no feedback	64	800	NA
1053	goal + no feedback	64	850	0.32922243548387087
1053	goal + no feedback	64	900	0.410332435483871
1053	goal + no feedback	64	950	0.3706374354838709
1053	goal + no feedback	64	1e3	0.23301160215053765
1053	goal + no feedback	64	1050	0.2548262688172043
1053	goal + no feedback	64	1100	0.3794997688172042
1053	goal + no feedback	64	1150	0.4984732688172044
1053	goal + no feedback	65	-200	-0.03583129493087541
1053	goal + no feedback	65	-150	-0.024044913978494398
1053	goal + no feedback	65	-100	0.05887041935483891
1053	goal + no feedback	65	-50	0.02175125268817224
1053	goal + no feedback	65	0	-0.014773580645161136
1053	goal + no feedback	65	50	0.05719375268817221
1053	goal + no feedback	65	100	0.013006419354838927
1053	goal + no feedback	65	150	0.0647630860215056
1053	goal + no feedback	65	200	0.04192675268817214
1053	goal + no feedback	65	250	0.09486475268817214
1053	goal + no feedback	65	300	0.10113408602150553
1053	goal + no feedback	65	350	0.09985991935483884
1053	goal + no feedback	65	400	0.09272841935483893
1053	goal + no feedback	65	450	0.10515558602150558
1053	goal + no feedback	65	500	0.07213208602150549
1053	goal + no feedback	65	550	0.19503575268817222
1053	goal + no feedback	65	600	NA
1053	goal + no feedback	65	650	NA
1053	goal + no feedback	65	700	NA
1053	goal + no feedback	65	750	NA
1053	goal + no feedback	65	800	NA
1053	goal + no feedback	65	850	0.11217075268817212
1053	goal + no feedback	65	900	0.1599867526881721
1053	goal + no feedback	65	950	0.07924608602150555
1053	goal + no feedback	65	1e3	0.18109275268817226
1053	goal + no feedback	65	1050	0.25533858602150544
1053	goal + no feedback	65	1100	0.25771775268817215
1053	goal + no feedback	65	1150	0.18544341935483888
1053	goal + no feedback	66	-200	0.012136456221198268
1053	goal + no feedback	66	-150	0.0014492419354841246
1053	goal + no feedback	66	-100	0.014020741935484082
1053	goal + no feedback	66	-50	-0.030979258064515996
1053	goal + no feedback	66	0	0.0013500752688173634
1053	goal + no feedback	66	50	0.018397241935484088
1053	goal + no feedback	66	100	-0.00938275806451605
1053	goal + no feedback	66	150	0.04982174193548413
1053	goal + no feedback	66	200	0.020690908602150653
1053	goal + no feedback	66	250	0.05789674193548396
1053	goal + no feedback	66	300	0.051294241935483965
1053	goal + no feedback	66	350	0.04460340860215073
1053	goal + no feedback	66	400	0.06971307526881731
1053	goal + no feedback	66	450	0.12303440860215072
1053	goal + no feedback	66	500	0.153309241935484
1053	goal + no feedback	66	550	0.2207420752688174
1053	goal + no feedback	66	600	NA
1053	goal + no feedback	66	650	NA
1053	goal + no feedback	66	700	NA
1053	goal + no feedback	66	750	NA
1053	goal + no feedback	66	800	NA
1053	goal + no feedback	66	850	0.2415372419354842
1053	goal + no feedback	66	900	0.21324674193548407
1053	goal + no feedback	66	950	0.23248490860215076
1053	goal + no feedback	66	1e3	0.3135757419354841
1053	goal + no feedback	66	1050	0.32970874193548405
1053	goal + no feedback	66	1100	0.340764741935484
1053	goal + no feedback	66	1150	0.3108690752688174
1053	goal + no feedback	67	-200	-0.02684437327188936
1053	goal + no feedback	67	-150	0.016701983870967736
1053	goal + no feedback	67	-100	0.008754317204301124
1053	goal + no feedback	67	-50	-0.0019415161290321503
1053	goal + no feedback	67	0	0.007803650537634506
1053	goal + no feedback	67	50	0.03660081720430116
1053	goal + no feedback	67	100	0.08571565053763448
1053	goal + no feedback	67	150	0.0718216505376345
1053	goal + no feedback	67	200	-0.03422084946236562
1053	goal + no feedback	67	250	-0.010540849462365554
1053	goal + no feedback	67	300	-0.06206368279569885
1053	goal + no feedback	67	350	0.018377317204301136
1053	goal + no feedback	67	400	-0.012011849462365628
1053	goal + no feedback	67	450	-0.019997516129032222
1053	goal + no feedback	67	500	0.1791784838709678
1053	goal + no feedback	67	550	NA
1053	goal + no feedback	67	600	NA
1053	goal + no feedback	67	650	NA
1053	goal + no feedback	67	700	NA
1053	goal + no feedback	67	750	0.2594068172043012
1053	goal + no feedback	67	800	0.3222171981566821
1053	goal + no feedback	67	850	0.1234329838709678
1053	goal + no feedback	67	900	0.11458798387096773
1053	goal + no feedback	67	950	0.13893131720430119
1053	goal + no feedback	67	1e3	0.18237448387096777
1053	goal + no feedback	67	1050	0.1937534838709678
1053	goal + no feedback	67	1100	0.1457988172043012
1053	goal + no feedback	67	1150	0.12436081720430114
1053	goal + no feedback	68	-200	0.008018940092166067
1053	goal + no feedback	68	-150	-0.019099607526881595
1053	goal + no feedback	68	-100	-4.0510752688160956e-4
1053	goal + no feedback	68	-50	0.012519225806451706
1053	goal + no feedback	68	0	-0.0023699408602149883
1053	goal + no feedback	68	50	-0.09045577419354818
1053	goal + no feedback	68	100	-0.05398510752688165
1053	goal + no feedback	68	150	-0.008171607526881544
1053	goal + no feedback	68	200	-0.025068107526881638
1053	goal + no feedback	68	250	-0.0030291075268816434
1053	goal + no feedback	68	300	-0.05995744086021489
1053	goal + no feedback	68	350	-0.008833607526881634
1053	goal + no feedback	68	400	0.015576892473118479
1053	goal + no feedback	68	450	0.04408622580645175
1053	goal + no feedback	68	500	0.08021055913978518
1053	goal + no feedback	68	550	-0.30416077419354814
1053	goal + no feedback	68	600	NA
1053	goal + no feedback	68	650	NA
1053	goal + no feedback	68	700	NA
1053	goal + no feedback	68	750	0.04025972580645165
1053	goal + no feedback	68	800	0.27079842580645186
1053	goal + no feedback	68	850	0.1908780591397851
1053	goal + no feedback	68	900	0.12111972580645174
1053	goal + no feedback	68	950	0.09186955913978512
1053	goal + no feedback	68	1e3	0.04521605913978514
1053	goal + no feedback	68	1050	0.1179738924731184
1053	goal + no feedback	68	1100	0.16728355913978507
1053	goal + no feedback	68	1150	0.12026689247311835
1053	goal + no feedback	69	-200	-0.02518949769585253
1053	goal + no feedback	69	-150	0.007260811827956977
1053	goal + no feedback	69	-100	0.0014134784946235879
1053	goal + no feedback	69	-50	0.011557145161290286
1053	goal + no feedback	69	0	0.009156311827956953
1053	goal + no feedback	69	50	0.048231978494623684
1053	goal + no feedback	69	100	0.04084181182795691
1053	goal + no feedback	69	150	0.08866481182795694
1053	goal + no feedback	69	200	0.09155781182795697
1053	goal + no feedback	69	250	0.10610897849462371
1053	goal + no feedback	69	300	0.10598247849462372
1053	goal + no feedback	69	350	0.1514544784946236
1053	goal + no feedback	69	400	0.11425364516129033
1053	goal + no feedback	69	450	0.19829997849462355
1053	goal + no feedback	69	500	0.2500539784946237
1053	goal + no feedback	69	550	NA
1053	goal + no feedback	69	600	NA
1053	goal + no feedback	69	650	NA
1053	goal + no feedback	69	700	NA
1053	goal + no feedback	69	750	NA
1053	goal + no feedback	69	800	0.4770806451612903
1053	goal + no feedback	69	850	0.39632864516129035
1053	goal + no feedback	69	900	0.426664811827957
1053	goal + no feedback	69	950	0.425784811827957
1053	goal + no feedback	69	1e3	0.45392131182795686
1053	goal + no feedback	69	1050	0.4767266451612904
1053	goal + no feedback	69	1100	0.48872297849462365
1053	goal + no feedback	69	1150	0.43407531182795694
1053	goal + no feedback	70	-200	0.00445344444444424
1053	goal + no feedback	70	-150	-0.03875538888888911
1053	goal + no feedback	70	-100	0.04423594444444423
1053	goal + no feedback	70	-50	NA
1053	goal + no feedback	70	0	0.03762877777777751
1053	goal + no feedback	70	50	-8.077222222223993e-4
1053	goal + no feedback	70	100	-0.06137855555555586
1053	goal + no feedback	70	150	0.026619111111111
1053	goal + no feedback	70	200	-0.017101055555555817
1053	goal + no feedback	70	250	0.09549661111111085
1053	goal + no feedback	70	300	0.08990611111111087
1053	goal + no feedback	70	350	0.0998861111111109
1053	goal + no feedback	70	400	0.02698261111111096
1053	goal + no feedback	70	450	0.07061744444444422
1053	goal + no feedback	70	500	0.01686244444444422
1053	goal + no feedback	70	550	-0.08735755555555569
1053	goal + no feedback	70	600	NA
1053	goal + no feedback	70	650	NA
1053	goal + no feedback	70	700	NA
1053	goal + no feedback	70	750	NA
1053	goal + no feedback	70	800	NA
1053	goal + no feedback	70	850	0.16212277777777753
1053	goal + no feedback	70	900	0.05385311111111083
1053	goal + no feedback	70	950	0.10255161111111082
1053	goal + no feedback	70	1e3	0.1879396111111109
1053	goal + no feedback	70	1050	0.19235711111111087
1053	goal + no feedback	70	1100	0.1199082777777775
1053	goal + no feedback	70	1150	0.09970077777777764
1053	goal + no feedback	71	-200	0.047630456221198055
1053	goal + no feedback	71	-150	0.0041334086021504275
1053	goal + no feedback	71	-100	-0.029467091397849643
1053	goal + no feedback	71	-50	-0.016763091397849594
1053	goal + no feedback	71	0	-0.013472091397849661
1053	goal + no feedback	71	50	-0.020309924731182944
1053	goal + no feedback	71	100	-0.021994258064516197
1053	goal + no feedback	71	150	-0.016275424731183003
1053	goal + no feedback	71	200	-0.009756591397849679
1053	goal + no feedback	71	250	-0.012873091397849645
1053	goal + no feedback	71	300	-0.0193644247311829
1053	goal + no feedback	71	350	0.004118075268816875
1053	goal + no feedback	71	400	-0.015555258064516261
1053	goal + no feedback	71	450	-0.0438860913978496
1053	goal + no feedback	71	500	-0.01279959139784966
1053	goal + no feedback	71	550	0.03289224193548379
1053	goal + no feedback	71	600	NA
1053	goal + no feedback	71	650	NA
1053	goal + no feedback	71	700	NA
1053	goal + no feedback	71	750	0.09417874193548359
1053	goal + no feedback	71	800	0.4518079086021503
1053	goal + no feedback	71	850	0.24643524193548375
1053	goal + no feedback	71	900	0.1962039086021504
1053	goal + no feedback	71	950	0.18793824193548367
1053	goal + no feedback	71	1e3	0.29772907526881703
1053	goal + no feedback	71	1050	0.24736440860215034
1053	goal + no feedback	71	1100	0.2517119086021502
1053	goal + no feedback	71	1150	0.26319924193548383
1053	goal + no feedback	72	-200	0.049260645161290285
1053	goal + no feedback	72	-150	0.05198731182795709
1053	goal + no feedback	72	-100	-0.02881268817204304
1053	goal + no feedback	72	-50	-0.03350252150537636
1053	goal + no feedback	72	0	-0.04714285483870969
1053	goal + no feedback	72	50	-0.05325685483870964
1053	goal + no feedback	72	100	-0.06106052150537633
1053	goal + no feedback	72	150	-0.07784985483870972
1053	goal + no feedback	72	200	-0.12846418817204305
1053	goal + no feedback	72	250	-0.10843968817204301
1053	goal + no feedback	72	300	-0.11228802150537631
1053	goal + no feedback	72	350	-0.15476885483870975
1053	goal + no feedback	72	400	-0.09079418817204295
1053	goal + no feedback	72	450	-0.10657735483870952
1053	goal + no feedback	72	500	-0.018290188172042903
1053	goal + no feedback	72	550	0.017407845161290236
1053	goal + no feedback	72	600	NA
1053	goal + no feedback	72	650	NA
1053	goal + no feedback	72	700	NA
1053	goal + no feedback	72	750	NA
1053	goal + no feedback	72	800	0.06393497849462355
1053	goal + no feedback	72	850	0.07411531182795701
1053	goal + no feedback	72	900	0.051573645161290406
1053	goal + no feedback	72	950	0.09209781182795702
1053	goal + no feedback	72	1e3	0.11720614516129031
1053	goal + no feedback	72	1050	0.13374214516129043
1053	goal + no feedback	72	1100	0.1941386451612904
1053	goal + no feedback	72	1150	0.22207364516129044
1053	goal + no feedback	73	-200	0.045062963133640555
1053	goal + no feedback	73	-150	0.017737010752688187
1053	goal + no feedback	73	-100	-0.025268822580645223
1053	goal + no feedback	73	-50	-0.03344965591397838
1053	goal + no feedback	73	0	-0.011591989247311751
1053	goal + no feedback	73	50	0.006992177419354799
1053	goal + no feedback	73	100	-0.0382789892473118
1053	goal + no feedback	73	150	NA
1053	goal + no feedback	73	200	0.06759517741935483
1053	goal + no feedback	73	250	0.13564267741935487
1053	goal + no feedback	73	300	0.012525510752688188
1053	goal + no feedback	73	350	-0.04237432258064514
1053	goal + no feedback	73	400	-0.0601859892473117
1053	goal + no feedback	73	450	0.05354401075268811
1053	goal + no feedback	73	500	0.09837127741935472
1053	goal + no feedback	73	550	NA
1053	goal + no feedback	73	600	NA
1053	goal + no feedback	73	650	NA
1053	goal + no feedback	73	700	0.10778417741935487
1053	goal + no feedback	73	750	0.2735771059907834
1053	goal + no feedback	73	800	0.2798160107526882
1053	goal + no feedback	73	850	0.20642617741935476
1053	goal + no feedback	73	900	0.20828851075268817
1053	goal + no feedback	73	950	0.18934751075268816
1053	goal + no feedback	73	1e3	0.19151784408602146
1053	goal + no feedback	73	1050	0.2092655107526881
1053	goal + no feedback	73	1100	0.13334117741935483
1053	goal + no feedback	73	1150	0.04112517741935492
1053	goal + no feedback	74	-200	0.0017182333333331339
1053	goal + no feedback	74	-150	0.020223566666666432
1053	goal + no feedback	74	-100	-0.0020401000000001743
1053	goal + no feedback	74	-50	-0.003859766666666801
1053	goal + no feedback	74	0	-0.01604193333333348
1053	goal + no feedback	74	50	-0.025892742857143096
1053	goal + no feedback	74	100	0.02440239999999987
1053	goal + no feedback	74	150	0.03541323333333324
1053	goal + no feedback	74	200	0.018104685714285473
1053	goal + no feedback	74	250	0.09311123333333311
1053	goal + no feedback	74	300	0.0655853999999998
1053	goal + no feedback	74	350	0.05964906666666655
1053	goal + no feedback	74	400	0.03389356666666643
1053	goal + no feedback	74	450	0.05349956666666652
1053	goal + no feedback	74	500	0.09757439999999991
1053	goal + no feedback	74	550	0.10425906666666651
1053	goal + no feedback	74	600	0.2169528999999999
1053	goal + no feedback	74	650	NA
1053	goal + no feedback	74	700	NA
1053	goal + no feedback	74	750	NA
1053	goal + no feedback	74	800	0.35732264999999985
1053	goal + no feedback	74	850	0.4214808285714284
1053	goal + no feedback	74	900	0.3331445666666664
1053	goal + no feedback	74	950	0.2860413999999998
1053	goal + no feedback	74	1e3	0.31107739999999984
1053	goal + no feedback	74	1050	0.38412206666666643
1053	goal + no feedback	74	1100	0.4357520666666664
1053	goal + no feedback	74	1150	0.4411903999999999
1053	goal + no feedback	75	-200	-0.04636051612903242
1053	goal + no feedback	75	-150	0.007857483870967593
1053	goal + no feedback	75	-100	0.018775817204300882
1053	goal + no feedback	75	-50	0.005127483870967546
1053	goal + no feedback	75	0	0.02232648387096751
1053	goal + no feedback	75	50	-0.031304849462365704
1053	goal + no feedback	75	100	0.07577715053763427
1053	goal + no feedback	75	150	-0.019526349462365793
1053	goal + no feedback	75	200	-0.0019138494623656872
1053	goal + no feedback	75	250	-0.06510734946236589
1053	goal + no feedback	75	300	-0.07606951612903234
1053	goal + no feedback	75	350	0.04346881720430096
1053	goal + no feedback	75	400	0.03466631720430099
1053	goal + no feedback	75	450	0.02478581720430088
1053	goal + no feedback	75	500	0.0428731505376343
1053	goal + no feedback	75	550	0.06375948387096757
1053	goal + no feedback	75	600	0.20074268387096766
1053	goal + no feedback	75	650	NA
1053	goal + no feedback	75	700	NA
1053	goal + no feedback	75	750	NA
1053	goal + no feedback	75	800	NA
1053	goal + no feedback	75	850	NA
1053	goal + no feedback	75	900	0.4902424838709676
1053	goal + no feedback	75	950	0.28132108387096777
1053	goal + no feedback	75	1e3	0.28333681720430093
1053	goal + no feedback	75	1050	0.3495239838709676
1053	goal + no feedback	75	1100	NA
1053	goal + no feedback	75	1150	NA
1053	goal + no feedback	76	-200	-0.10082321198156656
1053	goal + no feedback	76	-150	0.001993645161290599
1053	goal + no feedback	76	-100	0.05559381182795723
1053	goal + no feedback	76	-50	0.034310645161290454
1053	goal + no feedback	76	0	0.025728978494623744
1053	goal + no feedback	76	50	0.03386564516129057
1053	goal + no feedback	76	100	0.059833811827957106
1053	goal + no feedback	76	150	0.08012497849462386
1053	goal + no feedback	76	200	0.07745797849462388
1053	goal + no feedback	76	250	0.0406371451612905
1053	goal + no feedback	76	300	-0.029435688172042784
1053	goal + no feedback	76	350	-0.003133521505376121
1053	goal + no feedback	76	400	-0.004140188172042721
1053	goal + no feedback	76	450	-0.05096885483870942
1053	goal + no feedback	76	500	-0.0872956881720428
1053	goal + no feedback	76	550	0.015273645161290558
1053	goal + no feedback	76	600	NA
1053	goal + no feedback	76	650	NA
1053	goal + no feedback	76	700	NA
1053	goal + no feedback	76	750	NA
1053	goal + no feedback	76	800	0.07181197849462384
1053	goal + no feedback	76	850	0.13618781182795706
1053	goal + no feedback	76	900	0.08156614516129057
1053	goal + no feedback	76	950	0.04202597849462383
1053	goal + no feedback	76	1e3	0.0824361451612905
1053	goal + no feedback	76	1050	0.11095297849462393
1053	goal + no feedback	76	1100	0.019407811827957255
1053	goal + no feedback	76	1150	0.038391978494623835
1053	goal + no feedback	77	-200	0.06688731797235015
1053	goal + no feedback	77	-150	0.08095703225806446
1053	goal + no feedback	77	-100	-0.017505134408602203
1053	goal + no feedback	77	-50	-0.05128496774193551
1053	goal + no feedback	77	0	-0.0902021344086023
1053	goal + no feedback	77	50	-0.09050130107526888
1053	goal + no feedback	77	100	-0.0804799677419356
1053	goal + no feedback	77	150	-0.06489696774193554
1053	goal + no feedback	77	200	-0.07264496774193556
1053	goal + no feedback	77	250	-0.06364080107526886
1053	goal + no feedback	77	300	-0.03826880107526898
1053	goal + no feedback	77	350	-0.07572313440860223
1053	goal + no feedback	77	400	-0.04739396774193557
1053	goal + no feedback	77	450	-0.010636134408602263
1053	goal + no feedback	77	500	-0.013461967741935643
1053	goal + no feedback	77	550	0.11419253225806436
1053	goal + no feedback	77	600	NA
1053	goal + no feedback	77	650	NA
1053	goal + no feedback	77	700	NA
1053	goal + no feedback	77	750	NA
1053	goal + no feedback	77	800	0.03383703225806434
1053	goal + no feedback	77	850	0.1701982322580644
1053	goal + no feedback	77	900	0.1381601989247311
1053	goal + no feedback	77	950	0.11016860368663586
1053	goal + no feedback	77	1e3	0.15276203225806442
1053	goal + no feedback	77	1050	0.25594436559139777
1053	goal + no feedback	77	1100	0.2726343655913978
1053	goal + no feedback	77	1150	0.2806451989247311
1053	goal + no feedback	78	-200	0.04001763440860214
1053	goal + no feedback	78	-150	-0.04001560368663602
1053	goal + no feedback	78	-100	0.006828967741935444
1053	goal + no feedback	78	-50	0.007797110599078331
1053	goal + no feedback	78	0	-0.008120198924731259
1053	goal + no feedback	78	50	-0.007024032258064657
1053	goal + no feedback	78	100	-0.02481603225806454
1053	goal + no feedback	78	150	-0.08434053225806452
1053	goal + no feedback	78	200	-0.10837286559139787
1053	goal + no feedback	78	250	-0.053521032258064594
1053	goal + no feedback	78	300	-0.0541068655913978
1053	goal + no feedback	78	350	-0.07059253225806457
1053	goal + no feedback	78	400	-0.09707353225806463
1053	goal + no feedback	78	450	-0.030367365591397855
1053	goal + no feedback	78	500	-0.007506698924731288
1053	goal + no feedback	78	550	0.15395496774193562
1053	goal + no feedback	78	600	NA
1053	goal + no feedback	78	650	NA
1053	goal + no feedback	78	700	-0.4310240322580645
1053	goal + no feedback	78	750	0.5006152177419354
1053	goal + no feedback	78	800	0.5091138010752688
1053	goal + no feedback	78	850	0.34454113440860207
1053	goal + no feedback	78	900	0.22978863440860212
1053	goal + no feedback	78	950	0.15078180107526884
1053	goal + no feedback	78	1e3	0.26088546774193544
1053	goal + no feedback	78	1050	0.30198513440860203
1053	goal + no feedback	78	1100	0.32070130107526884
1053	goal + no feedback	78	1150	0.2462608010752688
1053	goal + no feedback	79	-200	0.033865470046082854
1053	goal + no feedback	79	-150	0.053407446236559096
1053	goal + no feedback	79	-100	-0.0866890537634409
1053	goal + no feedback	79	-50	-0.021505387096774298
1053	goal + no feedback	79	0	0.015277279569892407
1053	goal + no feedback	79	50	-0.008798720430107654
1053	goal + no feedback	79	100	0.010052779569892367
1053	goal + no feedback	79	150	0.014292112903225776
1053	goal + no feedback	79	200	0.002509279569892442
1053	goal + no feedback	79	250	0.028366279569892388
1053	goal + no feedback	79	300	0.014142946236559059
1053	goal + no feedback	79	350	0.037461446236559004
1053	goal + no feedback	79	400	0.06624827956989243
1053	goal + no feedback	79	450	0.12417361290322566
1053	goal + no feedback	79	500	0.14950821290322577
1053	goal + no feedback	79	550	NA
1053	goal + no feedback	79	600	NA
1053	goal + no feedback	79	650	NA
1053	goal + no feedback	79	700	NA
1053	goal + no feedback	79	750	0.12892211290322586
1053	goal + no feedback	79	800	0.28643261290322575
1053	goal + no feedback	79	850	0.32642321290322573
1053	goal + no feedback	79	900	0.32091727956989247
1053	goal + no feedback	79	950	0.28810944623655904
1053	goal + no feedback	79	1e3	0.3776001843317971
1053	goal + no feedback	79	1050	0.4049892795698924
1053	goal + no feedback	79	1100	0.3812584462365591
1053	goal + no feedback	79	1150	0.3623266129032257
1053	goal + no feedback	80	-200	-0.010366188940091956
1053	goal + no feedback	80	-150	0.031819096774193735
1053	goal + no feedback	80	-100	0.018630263440860235
1053	goal + no feedback	80	-50	-0.00942756989247299
1053	goal + no feedback	80	0	-0.028927903225806295
1053	goal + no feedback	80	50	NA
1053	goal + no feedback	80	100	NA
1053	goal + no feedback	80	150	NA
1053	goal + no feedback	80	200	0.1443916967741937
1053	goal + no feedback	80	250	-0.040607403225806284
1053	goal + no feedback	80	300	-0.25620640322580623
1053	goal + no feedback	80	350	-0.20548690322580643
1053	goal + no feedback	80	400	-0.18865823655913952
1053	goal + no feedback	80	450	-0.11000190322580623
1053	goal + no feedback	80	500	-0.1531899032258063
1053	goal + no feedback	80	550	-0.12616006989247297
1053	goal + no feedback	80	600	-0.06644040322580629
1053	goal + no feedback	80	650	-0.10861640322580635
1053	goal + no feedback	80	700	NA
1053	goal + no feedback	80	750	NA
1053	goal + no feedback	80	800	NA
1053	goal + no feedback	80	850	0.047595430107527203
1053	goal + no feedback	80	900	0.25855909677419375
1053	goal + no feedback	80	950	0.11266693010752693
1053	goal + no feedback	80	1e3	0.006040096774193667
1053	goal + no feedback	80	1050	0.07147309677419382
1053	goal + no feedback	80	1100	0.12593526344086037
1053	goal + no feedback	80	1150	0.17129776344086042
1053	goal + no feedback	81	-200	0.004543285714285654
1053	goal + no feedback	81	-150	0.007777833333333299
1053	goal + no feedback	81	-100	0.037306166666666675
1053	goal + no feedback	81	-50	-0.016808500000000077
1053	goal + no feedback	81	0	-0.03357600000000013
1053	goal + no feedback	81	50	-0.005315333333333412
1053	goal + no feedback	81	100	-0.022720500000000216
1053	goal + no feedback	81	150	0.03104966666666657
1053	goal + no feedback	81	200	-0.0033123333333334357
1053	goal + no feedback	81	250	0.032643833333333205
1053	goal + no feedback	81	300	-0.025004666666666713
1053	goal + no feedback	81	350	-0.021241500000000062
1053	goal + no feedback	81	400	-0.006606500000000182
1053	goal + no feedback	81	450	0.05452199999999988
1053	goal + no feedback	81	500	0.08892119999999988
1053	goal + no feedback	81	550	NA
1053	goal + no feedback	81	600	NA
1053	goal + no feedback	81	650	NA
1053	goal + no feedback	81	700	0.3123657499999998
1053	goal + no feedback	81	750	0.28193066666666655
1053	goal + no feedback	81	800	0.19026039999999994
1053	goal + no feedback	81	850	0.11025033333333319
1053	goal + no feedback	81	900	0.1314348333333332
1053	goal + no feedback	81	950	0.16953783333333314
1053	goal + no feedback	81	1e3	0.2087053333333333
1053	goal + no feedback	81	1050	0.22218399999999985
1053	goal + no feedback	81	1100	0.13604516666666652
1053	goal + no feedback	81	1150	0.19273483333333327
1053	goal + no feedback	82	-200	-0.01267379262672806
1053	goal + no feedback	82	-150	0.05534356451612917
1053	goal + no feedback	82	-100	0.03331923118279567
1053	goal + no feedback	82	-50	-0.04159343548387103
1053	goal + no feedback	82	0	-0.03228326881720426
1053	goal + no feedback	82	50	-0.12196143548387088
1053	goal + no feedback	82	100	-0.13358660215053755
1053	goal + no feedback	82	150	-0.11890010215053759
1053	goal + no feedback	82	200	-0.16292693548387094
1053	goal + no feedback	82	250	-0.18791593548387087
1053	goal + no feedback	82	300	-0.173387435483871
1053	goal + no feedback	82	350	-0.15389943548387097
1053	goal + no feedback	82	400	-0.1350192688172042
1053	goal + no feedback	82	450	-0.10386176881720433
1053	goal + no feedback	82	500	-0.05693493548387085
1053	goal + no feedback	82	550	NA
1053	goal + no feedback	82	600	NA
1053	goal + no feedback	82	650	NA
1053	goal + no feedback	82	700	0.09882056451612908
1053	goal + no feedback	82	750	0.1340705645161291
1053	goal + no feedback	82	800	0.04853473118279572
1053	goal + no feedback	82	850	0.001506397849462493
1053	goal + no feedback	82	900	0.04753039784946241
1053	goal + no feedback	82	950	0.05637639784946239
1053	goal + no feedback	82	1e3	0.11123306451612902
1053	goal + no feedback	82	1050	0.12388073118279579
1053	goal + no feedback	82	1100	0.06291420737327183
1053	goal + no feedback	82	1150	0.032579064516129096
1053	goal + no feedback	83	-200	0.037467576036866124
1053	goal + no feedback	83	-150	-0.008148376344086161
1053	goal + no feedback	83	-100	-0.03956037634408616
1053	goal + no feedback	83	-50	-0.003280376344086141
1053	goal + no feedback	83	0	0.007276956989247167
1053	goal + no feedback	83	50	0.02352529032258044
1053	goal + no feedback	83	100	0.004163123655913796
1053	goal + no feedback	83	150	-0.0035125430107529145
1053	goal + no feedback	83	200	-0.020278376344086208
1053	goal + no feedback	83	250	-0.11685020967741955
1053	goal + no feedback	83	300	-0.08726820967741948
1053	goal + no feedback	83	350	-0.05565687634408619
1053	goal + no feedback	83	400	-0.04764754301075288
1053	goal + no feedback	83	450	-0.022678876344086236
1053	goal + no feedback	83	500	-0.08325087634408616
1053	goal + no feedback	83	550	-0.1170167096774195
1053	goal + no feedback	83	600	NA
1053	goal + no feedback	83	650	NA
1053	goal + no feedback	83	700	0.11274629032258066
1053	goal + no feedback	83	750	0.2596549569892472
1053	goal + no feedback	83	800	0.21228995698924713
1053	goal + no feedback	83	850	0.0726430903225805
1053	goal + no feedback	83	900	0.06762312365591387
1053	goal + no feedback	83	950	0.1240907903225806
1053	goal + no feedback	83	1e3	0.24670745698924712
1053	goal + no feedback	83	1050	0.28669445698924717
1053	goal + no feedback	83	1100	0.2423746236559138
1053	goal + no feedback	83	1150	0.23586162365591376
1053	goal + no feedback	84	-200	-0.002090299999999804
1053	goal + no feedback	84	-150	0.0031354500000001506
1053	goal + no feedback	84	-100	NA
1053	goal + no feedback	84	-50	NA
1053	goal + no feedback	84	0	NA
1053	goal + no feedback	84	50	0.30269660000000015
1053	goal + no feedback	84	100	0.13512703333333356
1053	goal + no feedback	84	150	0.10852353333333357
1053	goal + no feedback	84	200	0.0886222000000001
1053	goal + no feedback	84	250	0.09145653333333348
1053	goal + no feedback	84	300	-0.003643514285713983
1053	goal + no feedback	84	350	-0.09301679999999979
1053	goal + no feedback	84	400	-0.06631913333333313
1053	goal + no feedback	84	450	-0.12859929999999972
1053	goal + no feedback	84	500	-0.22314079999999983
1053	goal + no feedback	84	550	-0.13101296666666648
1053	goal + no feedback	84	600	NA
1053	goal + no feedback	84	650	NA
1053	goal + no feedback	84	700	NA
1053	goal + no feedback	84	750	NA
1053	goal + no feedback	84	800	NA
1053	goal + no feedback	84	850	-0.06595829999999991
1053	goal + no feedback	84	900	-0.08343094285714267
1053	goal + no feedback	84	950	-0.0547406333333332
1053	goal + no feedback	84	1e3	-0.0661074666666664
1053	goal + no feedback	84	1050	-0.024361633333333115
1053	goal + no feedback	84	1100	0.06103236666666693
1053	goal + no feedback	84	1150	0.026328033333333556
1053	goal + no feedback	85	-200	-0.01371610599078345
1053	goal + no feedback	85	-150	-0.021582010752688213
1053	goal + no feedback	85	-100	-0.005206510752688187
1053	goal + no feedback	85	-50	0.017365989247311846
1053	goal + no feedback	85	0	0.02542465591397843
1053	goal + no feedback	85	50	0.0032196559139783996
1053	goal + no feedback	85	100	0.04743248924731177
1053	goal + no feedback	85	150	-0.004344344086021579
1053	goal + no feedback	85	200	0.02532298924731184
1053	goal + no feedback	85	250	-0.012436177419354877
1053	goal + no feedback	85	300	-0.025981010752688178
1053	goal + no feedback	85	350	-0.023975344086021533
1053	goal + no feedback	85	400	-0.008900010752688129
1053	goal + no feedback	85	450	0.03243382258064501
1053	goal + no feedback	85	500	0.04329532258064509
1053	goal + no feedback	85	550	0.1902899892473117
1053	goal + no feedback	85	600	NA
1053	goal + no feedback	85	650	NA
1053	goal + no feedback	85	700	NA
1053	goal + no feedback	85	750	-0.07266917741935508
1053	goal + no feedback	85	800	0.19889782258064503
1053	goal + no feedback	85	850	0.054637822580645125
1053	goal + no feedback	85	900	0.049535989247311805
1053	goal + no feedback	85	950	0.14859632258064512
1053	goal + no feedback	85	1e3	0.15876115591397846
1053	goal + no feedback	85	1050	0.17805398924731172
1053	goal + no feedback	85	1100	0.18968615591397842
1053	goal + no feedback	85	1150	0.15157498924731172
1053	goal + no feedback	86	-200	-0.02407105069124414
1053	goal + no feedback	86	-150	0.007264306451612986
1053	goal + no feedback	86	-100	-0.014136693548387017
1053	goal + no feedback	86	-50	0.0014883064516129085
1053	goal + no feedback	86	0	0.033466973118279654
1053	goal + no feedback	86	50	0.01635480645161295
1053	goal + no feedback	86	100	0.025907806451612947
1053	goal + no feedback	86	150	0.08570613978494628
1053	goal + no feedback	86	200	0.046865639784946435
1053	goal + no feedback	86	250	0.04196313978494626
1053	goal + no feedback	86	300	0.048488306451612985
1053	goal + no feedback	86	350	0.09384213978494634
1053	goal + no feedback	86	400	0.09336030645161301
1053	goal + no feedback	86	450	0.13812997311827954
1053	goal + no feedback	86	500	0.15675700645161292
1053	goal + no feedback	86	550	NA
1053	goal + no feedback	86	600	NA
1053	goal + no feedback	86	650	NA
1053	goal + no feedback	86	700	NA
1053	goal + no feedback	86	750	0.3741838064516131
1053	goal + no feedback	86	800	0.43046097311827963
1053	goal + no feedback	86	850	0.39651297311827954
1053	goal + no feedback	86	900	0.3825644731182796
1053	goal + no feedback	86	950	0.46638497311827964
1053	goal + no feedback	86	1e3	0.422833306451613
1053	goal + no feedback	86	1050	0.46834280645161286
1053	goal + no feedback	86	1100	0.41708013978494635
1053	goal + no feedback	86	1150	0.3270958064516129
1053	goal + no feedback	87	-200	-0.010042811059908072
1053	goal + no feedback	87	-150	-0.052613763440860405
1053	goal + no feedback	87	-100	0.0012835698924729133
1053	goal + no feedback	87	-50	0.04221356989247297
1053	goal + no feedback	87	0	0.02083323655913964
1053	goal + no feedback	87	50	0.037502069892472845
1053	goal + no feedback	87	100	0.05345606989247287
1053	goal + no feedback	87	150	0.06291973655913956
1053	goal + no feedback	87	200	0.08301140322580625
1053	goal + no feedback	87	250	0.12159656989247287
1053	goal + no feedback	87	300	0.13684856989247293
1053	goal + no feedback	87	350	0.16936340322580623
1053	goal + no feedback	87	400	0.1281949032258062
1053	goal + no feedback	87	450	0.14533823655913958
1053	goal + no feedback	87	500	0.22608490322580624
1053	goal + no feedback	87	550	0.3100709032258062
1053	goal + no feedback	87	600	NA
1053	goal + no feedback	87	650	NA
1053	goal + no feedback	87	700	NA
1053	goal + no feedback	87	750	0.20919506989247294
1053	goal + no feedback	87	800	0.11732990322580623
1053	goal + no feedback	87	850	0.25993723655913953
1053	goal + no feedback	87	900	0.20246923655913948
1053	goal + no feedback	87	950	0.24338290322580614
1053	goal + no feedback	87	1e3	NA
1053	goal + no feedback	87	1050	NA
1053	goal + no feedback	87	1100	-0.27025309677419385
1053	goal + no feedback	87	1150	0.25621823655913967
1053	goal + no feedback	88	-200	-0.001478082949308909
1053	goal + no feedback	88	-150	-0.005927559139785081
1053	goal + no feedback	88	-100	-0.021557392473118425
1053	goal + no feedback	88	-50	0.012277440860214947
1053	goal + no feedback	88	0	0.016931940860214878
1053	goal + no feedback	88	50	-0.013745225806451803
1053	goal + no feedback	88	100	-0.0375083924731184
1053	goal + no feedback	88	150	0.007879274193548206
1053	goal + no feedback	88	200	0.035536274193548247
1053	goal + no feedback	88	250	0.024641107526881534
1053	goal + no feedback	88	300	0.02376927419354824
1053	goal + no feedback	88	350	0.047526440860215034
1053	goal + no feedback	88	400	0.0412724408602149
1053	goal + no feedback	88	450	0.12282844086021494
1053	goal + no feedback	88	500	0.1169389408602149
1053	goal + no feedback	88	550	0.28021277419354806
1053	goal + no feedback	88	600	NA
1053	goal + no feedback	88	650	NA
1053	goal + no feedback	88	700	0.11339777419354835
1053	goal + no feedback	88	750	0.4814477741935483
1053	goal + no feedback	88	800	0.5275906075268816
1053	goal + no feedback	88	850	0.45966260752688165
1053	goal + no feedback	88	900	0.15390760752688162
1053	goal + no feedback	88	950	0.19251160752688157
1053	goal + no feedback	88	1e3	0.20602710752688166
1053	goal + no feedback	88	1050	0.19411144086021484
1053	goal + no feedback	88	1100	0.18059144086021495
1053	goal + no feedback	88	1150	0.16914227419354821
1053	goal + no feedback	89	-200	-0.023474635944700544
1053	goal + no feedback	89	-150	0.00137643548387086
1053	goal + no feedback	89	-100	0.009892935483870971
1053	goal + no feedback	89	-50	0.007029768817204222
1053	goal + no feedback	89	0	0.009087935483870954
1053	goal + no feedback	89	50	0.0027687688172043
1053	goal + no feedback	89	100	-0.009363397849462496
1053	goal + no feedback	89	150	-0.024645897849462434
1053	goal + no feedback	89	200	-6.78897849462364e-4
1053	goal + no feedback	89	250	-0.01873623118279566
1053	goal + no feedback	89	300	-0.029085064516129133
1053	goal + no feedback	89	350	-0.07777573118279572
1053	goal + no feedback	89	400	-0.06492106451612904
1053	goal + no feedback	89	450	-0.052133731182795774
1053	goal + no feedback	89	500	-0.0279612311827957
1053	goal + no feedback	89	550	0.13010493548387103
1053	goal + no feedback	89	600	NA
1053	goal + no feedback	89	650	NA
1053	goal + no feedback	89	700	NA
1053	goal + no feedback	89	750	NA
1053	goal + no feedback	89	800	0.10812426881720423
1053	goal + no feedback	89	850	0.21602610215053755
1053	goal + no feedback	89	900	0.08390264976958514
1053	goal + no feedback	89	950	0.13135443548387093
1053	goal + no feedback	89	1e3	0.08470626881720422
1053	goal + no feedback	89	1050	0.057909935483870946
1053	goal + no feedback	89	1100	0.1121184354838709
1053	goal + no feedback	89	1150	0.037617102150537596
1053	goal + no feedback	90	-200	-0.08943046082949328
1053	goal + no feedback	90	-150	3.8696774193547334e-4
1053	goal + no feedback	90	-100	0.010530467741935334
1053	goal + no feedback	90	-50	0.05883946774193549
1053	goal + no feedback	90	0	0.034578634408602094
1053	goal + no feedback	90	50	0.005935634408602046
1053	goal + no feedback	90	100	0.05478480107526865
1053	goal + no feedback	90	150	0.029726634408601942
1053	goal + no feedback	90	200	0.031268134408601954
1053	goal + no feedback	90	250	0.05772213440860193
1053	goal + no feedback	90	300	0.033862967741935236
1053	goal + no feedback	90	350	0.026871634408602112
1053	goal + no feedback	90	400	0.06170346774193539
1053	goal + no feedback	90	450	0.11549776774193532
1053	goal + no feedback	90	500	NA
1053	goal + no feedback	90	550	NA
1053	goal + no feedback	90	600	NA
1053	goal + no feedback	90	650	NA
1053	goal + no feedback	90	700	0.26258196774193543
1053	goal + no feedback	90	750	0.22794146774193536
1053	goal + no feedback	90	800	0.19697730107526867
1053	goal + no feedback	90	850	0.2000163010752686
1053	goal + no feedback	90	900	0.24103613440860205
1053	goal + no feedback	90	950	0.137525634408602
1053	goal + no feedback	90	1e3	0.19832513440860203
1053	goal + no feedback	90	1050	0.06992863440860202
1053	goal + no feedback	90	1100	0.07655146774193537
1053	goal + no feedback	90	1150	0.031009134408602018
1053	goal + no feedback	91	-200	-0.004341746543778756
1053	goal + no feedback	91	-150	-0.038040198924731206
1053	goal + no feedback	91	-100	0.05916796774193559
1053	goal + no feedback	91	-50	0.028869134408602132
1053	goal + no feedback	91	0	-0.04493153225806449
1053	goal + no feedback	91	50	-0.032346365591397884
1053	goal + no feedback	91	100	0.07744513440860223
1053	goal + no feedback	91	150	0.07467363440860215
1053	goal + no feedback	91	200	0.08180196774193549
1053	goal + no feedback	91	250	0.05787080107526895
1053	goal + no feedback	91	300	0.02396480107526881
1053	goal + no feedback	91	350	0.002456301075268952
1053	goal + no feedback	91	400	0.07692563440860216
1053	goal + no feedback	91	450	0.09616880107526889
1053	goal + no feedback	91	500	0.015002634408602278
1053	goal + no feedback	91	550	0.03940663440860215
1053	goal + no feedback	91	600	NA
1053	goal + no feedback	91	650	NA
1053	goal + no feedback	91	700	NA
1053	goal + no feedback	91	750	NA
1053	goal + no feedback	91	800	0.10837096774193533
1053	goal + no feedback	91	850	0.14998656774193558
1053	goal + no feedback	91	900	0.09655363440860205
1053	goal + no feedback	91	950	0.0952626344086022
1053	goal + no feedback	91	1e3	0.1352019677419356
1053	goal + no feedback	91	1050	0.16580496774193546
1053	goal + no feedback	91	1100	0.10024763440860214
1053	goal + no feedback	91	1150	0.11909663440860219
1053	goal + no feedback	92	-200	-0.012637663594470208
1053	goal + no feedback	92	-150	-0.022989139784946284
1053	goal + no feedback	92	-100	-0.01288163978494635
1053	goal + no feedback	92	-50	0.04533902688172035
1053	goal + no feedback	92	0	0.00527569354838701
1053	goal + no feedback	92	50	0.051312026881720284
1053	goal + no feedback	92	100	0.029248526881720267
1053	goal + no feedback	92	150	-0.0032913064516129817
1053	goal + no feedback	92	200	0.02946969354838706
1053	goal + no feedback	92	250	0.02718552688172034
1053	goal + no feedback	92	300	0.0363108602150537
1053	goal + no feedback	92	350	0.013007193548387011
1053	goal + no feedback	92	400	0.01117169354838691
1053	goal + no feedback	92	450	-0.02683280645161294
1053	goal + no feedback	92	500	NA
1053	goal + no feedback	92	550	NA
1053	goal + no feedback	92	600	NA
1053	goal + no feedback	92	650	0.21661299354838706
1053	goal + no feedback	92	700	0.3017635268817204
1053	goal + no feedback	92	750	0.34783186021505363
1053	goal + no feedback	92	800	0.3210063602150537
1053	goal + no feedback	92	850	0.36920244354838705
1053	goal + no feedback	92	900	NA
1053	goal + no feedback	92	950	NA
1053	goal + no feedback	92	1e3	0.376162193548387
1053	goal + no feedback	92	1050	0.3755645268817203
1053	goal + no feedback	92	1100	0.32631969354838697
1053	goal + no feedback	92	1150	0.4440681935483868
1053	goal + no feedback	93	-200	0.014384396313363888
1053	goal + no feedback	93	-150	0.0013693010752687436
1053	goal + no feedback	93	-100	-0.02469919892473138
1053	goal + no feedback	93	-50	-0.028213698924731394
1053	goal + no feedback	93	0	0.03476180107526868
1053	goal + no feedback	93	50	0.011555801075268768
1053	goal + no feedback	93	100	-0.027632198924731382
1053	goal + no feedback	93	150	-0.025145865591398014
1053	goal + no feedback	93	200	-0.04244069892473138
1053	goal + no feedback	93	250	-0.0599960322580646
1053	goal + no feedback	93	300	-0.04309836559139805
1053	goal + no feedback	93	350	-0.07948636559139799
1053	goal + no feedback	93	400	-0.004877865591397986
1053	goal + no feedback	93	450	-0.012519365591397916
1053	goal + no feedback	93	500	0.04348930107526868
1053	goal + no feedback	93	550	0.07297696774193536
1053	goal + no feedback	93	600	NA
1053	goal + no feedback	93	650	NA
1053	goal + no feedback	93	700	NA
1053	goal + no feedback	93	750	NA
1053	goal + no feedback	93	800	0.21287246774193536
1053	goal + no feedback	93	850	0.2941174677419353
1053	goal + no feedback	93	900	0.2601398010752687
1053	goal + no feedback	93	950	0.26045530107526876
1053	goal + no feedback	93	1e3	0.29615596774193537
1053	goal + no feedback	93	1050	0.27538380107526866
1053	goal + no feedback	93	1100	0.3298891344086021
1053	goal + no feedback	93	1150	0.319649634408602
1053	goal + no feedback	94	-200	-0.024502050691244368
1053	goal + no feedback	94	-150	0.020245973118279508
1053	goal + no feedback	94	-100	0.028426973118279502
1053	goal + no feedback	94	-50	-0.0036683602150537897
1053	goal + no feedback	94	0	-0.016418860215053826
1053	goal + no feedback	94	50	-0.025914026881720547
1053	goal + no feedback	94	100	-0.06678769354838725
1053	goal + no feedback	94	150	-0.07560002688172059
1053	goal + no feedback	94	200	-0.1165441935483873
1053	goal + no feedback	94	250	-0.09890836021505393
1053	goal + no feedback	94	300	-0.05215086021505385
1053	goal + no feedback	94	350	-0.07642569354838728
1053	goal + no feedback	94	400	-0.005390860215053861
1053	goal + no feedback	94	450	0.05136280645161281
1053	goal + no feedback	94	500	0.07192647311827945
1053	goal + no feedback	94	550	0.2171978064516129
1053	goal + no feedback	94	600	NA
1053	goal + no feedback	94	650	NA
1053	goal + no feedback	94	700	-0.277780193548387
1053	goal + no feedback	94	750	0.10584100645161279
1053	goal + no feedback	94	800	0.2487754731182794
1053	goal + no feedback	94	850	0.30555163978494604
1053	goal + no feedback	94	900	0.2168891397849461
1053	goal + no feedback	94	950	0.15227397311827948
1053	goal + no feedback	94	1e3	0.22437630645161274
1053	goal + no feedback	94	1050	0.19736247311827948
1053	goal + no feedback	94	1100	0.1495156397849462
1053	goal + no feedback	94	1150	0.07987213978494616
1053	goal + no feedback	95	-200	-0.022441101382488653
1053	goal + no feedback	95	-150	-0.012818053763441103
1053	goal + no feedback	95	-100	0.03759227956989234
1053	goal + no feedback	95	-50	0.019681946236558945
1053	goal + no feedback	95	0	-0.018274887096774457
1053	goal + no feedback	95	50	-1.5220430107672675e-5
1053	goal + no feedback	95	100	0.07135327956989228
1053	goal + no feedback	95	150	6.157795698922275e-4
1053	goal + no feedback	95	200	-0.08828105376344102
1053	goal + no feedback	95	250	-0.08895772043010775
1053	goal + no feedback	95	300	-0.040937053763441034
1053	goal + no feedback	95	350	-0.05328622043010767
1053	goal + no feedback	95	400	-0.08534155376344106
1053	goal + no feedback	95	450	-0.0583142204301077
1053	goal + no feedback	95	500	-0.049507720430107684
1053	goal + no feedback	95	550	NA
1053	goal + no feedback	95	600	NA
1053	goal + no feedback	95	650	NA
1053	goal + no feedback	95	700	NA
1053	goal + no feedback	95	750	NA
1053	goal + no feedback	95	800	0.17049627956989225
1053	goal + no feedback	95	850	0.26203077956989224
1053	goal + no feedback	95	900	0.2043781129032256
1053	goal + no feedback	95	950	0.15620144623655893
1053	goal + no feedback	95	1e3	0.17343461290322568
1053	goal + no feedback	95	1050	0.17352577956989226
1053	goal + no feedback	95	1100	0.1529157795698922
1053	goal + no feedback	95	1150	0.1519672795698923
1053	goal + no feedback	96	-200	-0.022607640552995485
1053	goal + no feedback	96	-150	0.010901478494623454
1053	goal + no feedback	96	-100	0.013180811827956976
1053	goal + no feedback	96	-50	0.012051311827956823
1053	goal + no feedback	96	0	-0.009758021505376524
1053	goal + no feedback	96	50	0.03545681182795694
1053	goal + no feedback	96	100	0.08414097849462343
1053	goal + no feedback	96	150	0.0323056451612902
1053	goal + no feedback	96	200	0.022804645161290143
1053	goal + no feedback	96	250	0.042720645161290184
1053	goal + no feedback	96	300	0.021080811827956774
1053	goal + no feedback	96	350	0.05056597849462352
1053	goal + no feedback	96	400	0.05001097849462351
1053	goal + no feedback	96	450	0.049549145161290165
1053	goal + no feedback	96	500	0.08971431182795686
1053	goal + no feedback	96	550	NA
1053	goal + no feedback	96	600	NA
1053	goal + no feedback	96	650	NA
1053	goal + no feedback	96	700	NA
1053	goal + no feedback	96	750	0.2387491451612902
1053	goal + no feedback	96	800	0.36235304516129013
1053	goal + no feedback	96	850	0.2595901451612901
1053	goal + no feedback	96	900	0.21100314516129015
1053	goal + no feedback	96	950	0.2665521451612902
1053	goal + no feedback	96	1e3	0.38234097849462345
1053	goal + no feedback	96	1050	0.2904413118279569
1053	goal + no feedback	96	1100	0.3144174784946235
1053	goal + no feedback	96	1150	0.3918323118279569
1053	goal + no feedback	97	-200	0.02410615207373252
1053	goal + no feedback	97	-150	-0.012186752688172117
1053	goal + no feedback	97	-100	0.0111982473118278
1053	goal + no feedback	97	-50	-0.022874752688172146
1053	goal + no feedback	97	0	-0.004260586021505623
1053	goal + no feedback	97	50	0.037833080645161145
1053	goal + no feedback	97	100	-0.00421291935483888
1053	goal + no feedback	97	150	0.008193580645161106
1053	goal + no feedback	97	200	0.03967458064516113
1053	goal + no feedback	97	250	0.06460308064516111
1053	goal + no feedback	97	300	0.032180580645161085
1053	goal + no feedback	97	350	0.022308747311827748
1053	goal + no feedback	97	400	0.056368580645161113
1053	goal + no feedback	97	450	0.08313258064516112
1053	goal + no feedback	97	500	0.11854838064516109
1053	goal + no feedback	97	550	NA
1053	goal + no feedback	97	600	NA
1053	goal + no feedback	97	650	NA
1053	goal + no feedback	97	700	NA
1053	goal + no feedback	97	750	0.5012265806451612
1053	goal + no feedback	97	800	0.3500203806451612
1053	goal + no feedback	97	850	0.2353532473118277
1053	goal + no feedback	97	900	0.1803382473118277
1053	goal + no feedback	97	950	0.3458174139784944
1053	goal + no feedback	97	1e3	0.30238924731182787
1053	goal + no feedback	97	1050	0.38142141397849444
1053	goal + no feedback	97	1100	0.3514527473118277
1053	goal + no feedback	97	1150	0.3142385806451611
1053	goal + no feedback	98	-200	-0.011585552995391879
1053	goal + no feedback	98	-150	-0.019521005376344307
1053	goal + no feedback	98	-100	0.039481161290322454
1053	goal + no feedback	98	-50	0.019672494623655723
1053	goal + no feedback	98	0	-0.02611617204301105
1053	goal + no feedback	98	50	-0.002424672043010926
1053	goal + no feedback	98	100	0.03381849462365579
1053	goal + no feedback	98	150	-0.08222517204301094
1053	goal + no feedback	98	200	-0.062492838709677555
1053	goal + no feedback	98	250	-0.0396683387096776
1053	goal + no feedback	98	300	-0.09545917204301091
1053	goal + no feedback	98	350	-0.06893833870967758
1053	goal + no feedback	98	400	-0.03672733870967759
1053	goal + no feedback	98	450	-0.07983367204301091
1053	goal + no feedback	98	500	-0.03587850537634426
1053	goal + no feedback	98	550	-0.02517367204301098
1053	goal + no feedback	98	600	0.1339091612903225
1053	goal + no feedback	98	650	NA
1053	goal + no feedback	98	700	NA
1053	goal + no feedback	98	750	NA
1053	goal + no feedback	98	800	NA
1053	goal + no feedback	98	850	NA
1053	goal + no feedback	98	900	0.2301351612903224
1053	goal + no feedback	98	950	0.12783266129032245
1053	goal + no feedback	98	1e3	0.10597566129032243
1053	goal + no feedback	98	1050	0.17039499462365573
1053	goal + no feedback	98	1100	0.17436466129032246
1053	goal + no feedback	98	1150	0.1762618279569891
1053	goal + no feedback	99	-200	0.016855907834101354
1053	goal + no feedback	99	-150	0.018600860215053805
1053	goal + no feedback	99	-100	0.009302693548387161
1053	goal + no feedback	99	-50	-0.022843473118279462
1053	goal + no feedback	99	0	-0.02472530645161286
1053	goal + no feedback	99	50	0.006329693548387194
1053	goal + no feedback	99	100	-0.01638080645161281
1053	goal + no feedback	99	150	-0.02047280645161287
1053	goal + no feedback	99	200	-0.017356473118279443
1053	goal + no feedback	99	250	-0.0118411397849462
1053	goal + no feedback	99	300	-0.013330473118279507
1053	goal + no feedback	99	350	-0.06657730645161286
1053	goal + no feedback	99	400	-0.00613597311827944
1053	goal + no feedback	99	450	0.010634193548387202
1053	goal + no feedback	99	500	7.076935483871042e-4
1053	goal + no feedback	99	550	0.343403193548387
1053	goal + no feedback	99	600	NA
1053	goal + no feedback	99	650	NA
1053	goal + no feedback	99	700	0.09335419354838725
1053	goal + no feedback	99	750	0.33579819354838725
1053	goal + no feedback	99	800	0.26636636021505383
1053	goal + no feedback	99	850	0.1651541935483872
1053	goal + no feedback	99	900	0.14962152688172048
1053	goal + no feedback	99	950	0.2191871935483872
1053	goal + no feedback	99	1e3	0.2373505268817205
1053	goal + no feedback	99	1050	0.33577652688172055
1053	goal + no feedback	99	1100	0.30510236021505394
1053	goal + no feedback	99	1150	0.3699915268817206
1053	goal + no feedback	100	-200	-0.0063446451612900745
1053	goal + no feedback	100	-150	-0.00931264516129023
1053	goal + no feedback	100	-100	-0.014913311827956818
1053	goal + no feedback	100	-50	0.04253418817204321
1053	goal + no feedback	100	0	-0.010906145161290107
1053	goal + no feedback	100	50	0.023416354838709852
1053	goal + no feedback	100	100	0.06288568817204321
1053	goal + no feedback	100	150	-0.0142089784946234
1053	goal + no feedback	100	200	-0.03186397849462345
1053	goal + no feedback	100	250	0.04398452150537654
1053	goal + no feedback	100	300	-0.012857811827956755
1053	goal + no feedback	100	350	0.0035425215053765946
1053	goal + no feedback	100	400	5.510215053766329e-4
1053	goal + no feedback	100	450	-0.05944264516129009
1053	goal + no feedback	100	500	0.03974160483870981
1053	goal + no feedback	100	550	NA
1053	goal + no feedback	100	600	NA
1053	goal + no feedback	100	650	NA
1053	goal + no feedback	100	700	0.26970835483871003
1053	goal + no feedback	100	750	0.2595438548387099
1053	goal + no feedback	100	800	0.39054835483870987
1053	goal + no feedback	100	850	0.03758315483870991
1053	goal + no feedback	100	900	0.1671251881720431
1053	goal + no feedback	100	950	0.2402048548387099
1053	goal + no feedback	100	1e3	0.3127790215053767
1053	goal + no feedback	100	1050	0.2716610215053766
1053	goal + no feedback	100	1100	0.3053001881720432
1053	goal + no feedback	100	1150	0.31325418817204326
1053	goal + no feedback	101	-200	-0.009294300000000163
1053	goal + no feedback	101	-150	0.017624533333333137
1053	goal + no feedback	101	-100	-0.013241466666666849
1053	goal + no feedback	101	-50	0.005428199999999809
1053	goal + no feedback	101	0	-5.1696666666697e-4
1053	goal + no feedback	101	50	-0.007649466666666882
1053	goal + no feedback	101	100	-0.05094730000000025
1053	goal + no feedback	101	150	-0.05299651428571447
1053	goal + no feedback	101	200	-0.031277133333333484
1053	goal + no feedback	101	250	-0.07775846666666686
1053	goal + no feedback	101	300	-0.05217480000000019
1053	goal + no feedback	101	350	0.0049825333333330946
1053	goal + no feedback	101	400	-0.06040396666666692
1053	goal + no feedback	101	450	-0.026316300000000254
1053	goal + no feedback	101	500	0.029867533333333068
1053	goal + no feedback	101	550	0.09471386666666633
1053	goal + no feedback	101	600	NA
1053	goal + no feedback	101	650	NA
1053	goal + no feedback	101	700	NA
1053	goal + no feedback	101	750	NA
1053	goal + no feedback	101	800	NA
1053	goal + no feedback	101	850	0.2921011999999996
1053	goal + no feedback	101	900	0.24598834285714272
1053	goal + no feedback	101	950	0.14743653333333318
1053	goal + no feedback	101	1e3	0.13633653333333315
1053	goal + no feedback	101	1050	0.2181470333333332
1053	goal + no feedback	101	1100	0.22913503333333315
1053	goal + no feedback	101	1150	0.2706838666666664
1053	goal + no feedback	102	-200	0.011186322580645034
1053	goal + no feedback	102	-150	-0.009916177419354947
1053	goal + no feedback	102	-100	0.018163989247311774
1053	goal + no feedback	102	-50	-0.007979677419354939
1053	goal + no feedback	102	0	-0.013318844086021539
1053	goal + no feedback	102	50	-0.030214344086021565
1053	goal + no feedback	102	100	-0.06569934408602163
1053	goal + no feedback	102	150	-0.06835117741935497
1053	goal + no feedback	102	200	-0.06973334408602157
1053	goal + no feedback	102	250	-0.09472917741935498
1053	goal + no feedback	102	300	0.019190655913978432
1053	goal + no feedback	102	350	0.09624182258064502
1053	goal + no feedback	102	400	0.06325798924731167
1053	goal + no feedback	102	450	0.06544315591397838
1053	goal + no feedback	102	500	0.024059489247311754
1053	goal + no feedback	102	550	0.0629836559139784
1053	goal + no feedback	102	600	0.10258765591397845
1053	goal + no feedback	102	650	0.1467294892473118
1053	goal + no feedback	102	700	0.21654132258064496
1053	goal + no feedback	102	750	NA
1053	goal + no feedback	102	800	NA
1053	goal + no feedback	102	850	-0.21965367741935493
1053	goal + no feedback	102	900	0.44962957258064506
1053	goal + no feedback	102	950	0.36623232258064503
1053	goal + no feedback	102	1e3	0.3013143225806451
1053	goal + no feedback	102	1050	0.2983519892473118
1053	goal + no feedback	102	1100	0.33162448924731175
1053	goal + no feedback	102	1150	0.33147182258064506
1053	goal + no feedback	103	-200	0.017531677419354987
1053	goal + no feedback	103	-150	0.03192967741935493
1053	goal + no feedback	103	-100	-0.02251248924731164
1053	goal + no feedback	103	-50	0.022918010752688362
1053	goal + no feedback	103	0	-0.052788822580645135
1053	goal + no feedback	103	50	-0.04406332258064505
1053	goal + no feedback	103	100	-0.053732322580644976
1053	goal + no feedback	103	150	-0.07454598924731164
1053	goal + no feedback	103	200	-0.039844489247311765
1053	goal + no feedback	103	250	-0.048196655913978446
1053	goal + no feedback	103	300	-0.066195822580645
1053	goal + no feedback	103	350	-0.06318582258064505
1053	goal + no feedback	103	400	-0.03876948924731175
1053	goal + no feedback	103	450	-0.06780882258064502
1053	goal + no feedback	103	500	-0.01156065591397848
1053	goal + no feedback	103	550	-0.03858698924731171
1053	goal + no feedback	103	600	0.09214467741935506
1053	goal + no feedback	103	650	NA
1053	goal + no feedback	103	700	NA
1053	goal + no feedback	103	750	NA
1053	goal + no feedback	103	800	0.017182677419354864
1053	goal + no feedback	103	850	0.23971601075268825
1053	goal + no feedback	103	900	0.13602634408602157
1053	goal + no feedback	103	950	0.14934367741935492
1053	goal + no feedback	103	1e3	0.24634001075268822
1053	goal + no feedback	103	1050	0.3071223440860216
1053	goal + no feedback	103	1100	0.3365925107526883
1053	goal + no feedback	103	1150	0.3722823440860216
1053	goal + no feedback	104	-200	-0.006523156682027472
1053	goal + no feedback	104	-150	0.015540629032258169
1053	goal + no feedback	104	-100	-0.02305770430107512
1053	goal + no feedback	104	-50	0.026711462365591594
1053	goal + no feedback	104	0	-0.01158403763440837
1053	goal + no feedback	104	50	-0.06592953763440852
1053	goal + no feedback	104	100	0.05402962903225831
1053	goal + no feedback	104	150	0.0559099623655915
1053	goal + no feedback	104	200	0.0218841290322583
1053	goal + no feedback	104	250	0.07580696236559148
1053	goal + no feedback	104	300	-0.024187704301075048
1053	goal + no feedback	104	350	0.03849212903225826
1053	goal + no feedback	104	400	0.030716962365591554
1053	goal + no feedback	104	450	0.06055079569892485
1053	goal + no feedback	104	500	0.1330741290322582
1053	goal + no feedback	104	550	0.12912612903225829
1053	goal + no feedback	104	600	0.19674562903225823
1053	goal + no feedback	104	650	0.24047246236559153
1053	goal + no feedback	104	700	0.28587379569892496
1053	goal + no feedback	104	750	0.244020795698925
1053	goal + no feedback	104	800	0.22350162903225823
1053	goal + no feedback	104	850	0.21912396236559162
1053	goal + no feedback	104	900	0.16230146236559162
1053	goal + no feedback	104	950	0.05629846236559155
1053	goal + no feedback	104	1e3	0.06922112903225826
1053	goal + no feedback	104	1050	0.0554134623655916
1053	goal + no feedback	104	1100	0.09930429569892489
1053	goal + no feedback	104	1150	0.12975246236559154
1053	goal + no feedback	105	-200	-0.05112882949308739
1053	goal + no feedback	105	-150	-0.0032327580645159504
1053	goal + no feedback	105	-100	0.023698741935484158
1053	goal + no feedback	105	-50	0.003379075268817422
1053	goal + no feedback	105	0	0.0358052419354841
1053	goal + no feedback	105	50	0.03247240860215076
1053	goal + no feedback	105	100	0.025077408602150724
1053	goal + no feedback	105	150	0.019600075268817536
1053	goal + no feedback	105	200	-0.01662975806451598
1053	goal + no feedback	105	250	0.04255824193548419
1053	goal + no feedback	105	300	-0.01573825806451586
1053	goal + no feedback	105	350	-0.015965258064515913
1053	goal + no feedback	105	400	-0.014877924731182546
1053	goal + no feedback	105	450	-0.029817258064515812
1053	goal + no feedback	105	500	0.040906575268817434
1053	goal + no feedback	105	550	0.11719424193548411
1053	goal + no feedback	105	600	0.19475974193548415
1053	goal + no feedback	105	650	0.22288757526881744
1053	goal + no feedback	105	700	0.2928379086021508
1053	goal + no feedback	105	750	0.25319724193548415
1053	goal + no feedback	105	800	0.2743427419354841
1053	goal + no feedback	105	850	0.26341057526881745
1053	goal + no feedback	105	900	0.22158757526881745
1053	goal + no feedback	105	950	0.16612940860215075
1053	goal + no feedback	105	1e3	0.08716107526881751
1053	goal + no feedback	105	1050	0.12566874193548397
1053	goal + no feedback	105	1100	0.1254115752688174
1053	goal + no feedback	105	1150	0.1199870752688174
1053	goal + no feedback	106	-200	-0.012668612903225946
1053	goal + no feedback	106	-150	-0.02285444623655934
1053	goal + no feedback	106	-100	0.010497720430107327
1053	goal + no feedback	106	-50	0.0267558870967739
1053	goal + no feedback	106	0	3.8088709677401117e-4
1053	goal + no feedback	106	50	0.07670322043010731
1053	goal + no feedback	106	100	0.11614572043010722
1053	goal + no feedback	106	150	0.14812005376344062
1053	goal + no feedback	106	200	0.2391782204301073
1053	goal + no feedback	106	250	0.2347447204301074
1053	goal + no feedback	106	300	0.23011588709677402
1053	goal + no feedback	106	350	0.23622972043010723
1053	goal + no feedback	106	400	0.19702055376344055
1053	goal + no feedback	106	450	0.2436825537634406
1053	goal + no feedback	106	500	0.27662655376344075
1053	goal + no feedback	106	550	0.357943637096774
1053	goal + no feedback	106	600	NA
1053	goal + no feedback	106	650	0.44354305376344055
1053	goal + no feedback	106	700	0.5906420537634407
1053	goal + no feedback	106	750	0.506601887096774
1053	goal + no feedback	106	800	0.49496855376344073
1053	goal + no feedback	106	850	0.4890270537634407
1053	goal + no feedback	106	900	0.4647883870967741
1053	goal + no feedback	106	950	0.40711388709677404
1053	goal + no feedback	106	1e3	0.4123870537634407
1053	goal + no feedback	106	1050	0.33258538709677404
1053	goal + no feedback	106	1100	0.350732387096774
1053	goal + no feedback	106	1150	0.32869322043010735
1053	goal + no feedback	107	-200	-0.00215916666666686
1053	goal + no feedback	107	-150	0.008906499999999928
1053	goal + no feedback	107	-100	-0.003438666666666812
1053	goal + no feedback	107	-50	0.0069998333333331315
1053	goal + no feedback	107	0	-0.010308500000000201
1053	goal + no feedback	107	50	0.013527166666666535
1053	goal + no feedback	107	100	0.07004533333333314
1053	goal + no feedback	107	150	0.09916349999999981
1053	goal + no feedback	107	200	0.07111683333333318
1053	goal + no feedback	107	250	0.11189566666666646
1053	goal + no feedback	107	300	0.2537359999999998
1053	goal + no feedback	107	350	0.28927083333333314
1053	goal + no feedback	107	400	0.3801651666666664
1053	goal + no feedback	107	450	0.35026116666666646
1053	goal + no feedback	107	500	0.4004453333333331
1053	goal + no feedback	107	550	0.5697516666666667
1053	goal + no feedback	107	600	NA
1053	goal + no feedback	107	650	NA
1053	goal + no feedback	107	700	NA
1053	goal + no feedback	107	750	NA
1053	goal + no feedback	107	800	0.28362166666666644
1053	goal + no feedback	107	850	0.3392560952380951
1053	goal + no feedback	107	900	0.2811751666666666
1053	goal + no feedback	107	950	0.35899949999999986
1053	goal + no feedback	107	1e3	0.36839616666666647
1053	goal + no feedback	107	1050	0.4775349999999998
1053	goal + no feedback	107	1100	0.45205699999999976
1053	goal + no feedback	107	1150	0.35231699999999994
1053	goal + no feedback	108	-200	0.015473520737327107
1053	goal + no feedback	108	-150	-0.040932360215053754
1053	goal + no feedback	108	-100	-0.01286652688172052
1053	goal + no feedback	108	-50	0.01442180645161284
1053	goal + no feedback	108	0	0.02132463978494618
1053	goal + no feedback	108	50	0.054924806451612795
1053	goal + no feedback	108	100	0.06779797311827947
1053	goal + no feedback	108	150	0.022634639784946176
1053	goal + no feedback	108	200	0.03433063978494618
1053	goal + no feedback	108	250	-0.013324193548387134
1053	goal + no feedback	108	300	0.0312609731182795
1053	goal + no feedback	108	350	0.02290930645161282
1053	goal + no feedback	108	400	-0.08604769354838715
1053	goal + no feedback	108	450	-0.10114769354838711
1053	goal + no feedback	108	500	-5.986935483871155e-4
1053	goal + no feedback	108	550	0.17587880645161302
1053	goal + no feedback	108	600	NA
1053	goal + no feedback	108	650	NA
1053	goal + no feedback	108	700	NA
1053	goal + no feedback	108	750	NA
1053	goal + no feedback	108	800	0.06771130645161305
1053	goal + no feedback	108	850	0.17445463978494616
1053	goal + no feedback	108	900	0.17289230645161288
1053	goal + no feedback	108	950	0.2636308064516128
1053	goal + no feedback	108	1e3	0.26567413978494603
1053	goal + no feedback	108	1050	0.20191097311827955
1053	goal + no feedback	108	1100	0.13772963978494612
1053	goal + no feedback	108	1150	0.05527680645161285
1053	goal + no feedback	109	-200	-0.0037060414746543963
1053	goal + no feedback	109	-150	0.007913387096774175
1053	goal + no feedback	109	-100	-0.010408279569892468
1053	goal + no feedback	109	-50	-0.0011396129032258024
1053	goal + no feedback	109	0	0.007958220430107557
1053	goal + no feedback	109	50	0.04982872043010763
1053	goal + no feedback	109	100	0.013877220430107565
1053	goal + no feedback	109	150	0.1456282204301075
1053	goal + no feedback	109	200	0.11319972043010755
1053	goal + no feedback	109	250	0.08760688709677411
1053	goal + no feedback	109	300	0.037447053763440895
1053	goal + no feedback	109	350	0.0621133870967742
1053	goal + no feedback	109	400	0.04150538709677417
1053	goal + no feedback	109	450	0.06503522043010752
1053	goal + no feedback	109	500	0.03601688709677416
1053	goal + no feedback	109	550	0.07397855376344083
1053	goal + no feedback	109	600	0.15966355376344085
1053	goal + no feedback	109	650	0.24685138709677412
1053	goal + no feedback	109	700	NA
1053	goal + no feedback	109	750	NA
1053	goal + no feedback	109	800	NA
1053	goal + no feedback	109	850	-0.8136181129032258
1053	goal + no feedback	109	900	-0.2545932129032258
1053	goal + no feedback	109	950	0.3379448870967742
1053	goal + no feedback	109	1e3	0.34094788709677415
1053	goal + no feedback	109	1050	0.38391922043010757
1053	goal + no feedback	109	1100	0.4120512204301075
1053	goal + no feedback	109	1150	0.3985948870967742
1053	goal + no feedback	110	-200	0.0010132995391706676
1053	goal + no feedback	110	-150	-0.022267962365591105
1053	goal + no feedback	110	-100	0.040468537634408795
1053	goal + no feedback	110	-50	0.0046193709677421575
1053	goal + no feedback	110	0	-0.024002129032257995
1053	goal + no feedback	110	50	-0.0036511290322579124
1053	goal + no feedback	110	100	-0.032560962365591216
1053	goal + no feedback	110	150	0.0062343709677420795
1053	goal + no feedback	110	200	0.021732870967742162
1053	goal + no feedback	110	250	0.011034204301075453
1053	goal + no feedback	110	300	0.009356704301075528
1053	goal + no feedback	110	350	0.013648870967742107
1053	goal + no feedback	110	400	-0.012861795698924539
1053	goal + no feedback	110	450	0.006986870967742198
1053	goal + no feedback	110	500	NA
1053	goal + no feedback	110	550	NA
1053	goal + no feedback	110	600	NA
1053	goal + no feedback	110	650	0.05186387096774214
1053	goal + no feedback	110	700	0.36171020430107553
1053	goal + no feedback	110	750	0.2490755376344087
1053	goal + no feedback	110	800	0.13808137096774212
1053	goal + no feedback	110	850	0.14575870430107543
1053	goal + no feedback	110	900	0.17008037096774217
1053	goal + no feedback	110	950	0.17633720430107544
1053	goal + no feedback	110	1e3	0.13510003763440878
1053	goal + no feedback	110	1050	0.14546570430107542
1053	goal + no feedback	110	1100	0.11217153763440872
1053	goal + no feedback	110	1150	0.17057703763440882
1053	goal + no feedback	111	-200	-0.04161134562211994
1053	goal + no feedback	111	-150	-0.03800694086021513
1053	goal + no feedback	111	-100	0.024885059139784744
1053	goal + no feedback	111	-50	0.040042392473118214
1053	goal + no feedback	111	0	0.02162605913978477
1053	goal + no feedback	111	50	0.006487559139784753
1053	goal + no feedback	111	100	0.013735725806451438
1053	goal + no feedback	111	150	-0.008586107526881825
1053	goal + no feedback	111	200	0.0379825591397848
1053	goal + no feedback	111	250	0.05443472580645148
1053	goal + no feedback	111	300	0.011918225806451485
1053	goal + no feedback	111	350	0.003271059139784871
1053	goal + no feedback	111	400	0.054350725806451505
1053	goal + no feedback	111	450	0.04654739247311812
1053	goal + no feedback	111	500	0.12677605913978476
1053	goal + no feedback	111	550	0.6213082258064513
1053	goal + no feedback	111	600	NA
1053	goal + no feedback	111	650	NA
1053	goal + no feedback	111	700	NA
1053	goal + no feedback	111	750	0.4646037258064515
1053	goal + no feedback	111	800	0.5743592258064515
1053	goal + no feedback	111	850	0.29562762580645147
1053	goal + no feedback	111	900	0.2778015591397849
1053	goal + no feedback	111	950	0.31794555913978484
1053	goal + no feedback	111	1e3	0.4012600591397848
1053	goal + no feedback	111	1050	0.38050839247311824
1053	goal + no feedback	111	1100	0.4371897258064515
1053	goal + no feedback	111	1150	0.43136855913978484
1053	goal + no feedback	112	-200	0.007352442396313512
1053	goal + no feedback	112	-150	-0.018916962365591445
1053	goal + no feedback	112	-100	-0.006214795698924765
1053	goal + no feedback	112	-50	0.007760370967741921
1053	goal + no feedback	112	0	0.008793537634408674
1053	goal + no feedback	112	50	0.03132803763440865
1053	goal + no feedback	112	100	0.027992704301075328
1053	goal + no feedback	112	150	0.02294137096774196
1053	goal + no feedback	112	200	0.033711704301075285
1053	goal + no feedback	112	250	0.06132220430107534
1053	goal + no feedback	112	300	0.008761704301075405
1053	goal + no feedback	112	350	-0.024370462365591372
1053	goal + no feedback	112	400	3.45870967742042e-4
1053	goal + no feedback	112	450	-0.053236129032257974
1053	goal + no feedback	112	500	NA
1053	goal + no feedback	112	550	NA
1053	goal + no feedback	112	600	NA
1053	goal + no feedback	112	650	NA
1053	goal + no feedback	112	700	0.5247658709677421
1053	goal + no feedback	112	750	0.29611187096774194
1053	goal + no feedback	112	800	0.28176270430107536
1053	goal + no feedback	112	850	0.25120870430107534
1053	goal + no feedback	112	900	0.347876120967742
1053	goal + no feedback	112	950	NA
1053	goal + no feedback	112	1e3	NA
1053	goal + no feedback	112	1050	NA
1053	goal + no feedback	112	1100	-0.4882161290322582
1053	goal + no feedback	112	1150	NA
1053	goal + no feedback	113	-200	-0.010555165898617602
1053	goal + no feedback	113	-150	-0.01322028494623669
1053	goal + no feedback	113	-100	0.04942254838709662
1053	goal + no feedback	113	-50	-0.0014597849462367012
1053	goal + no feedback	113	0	-0.022428118279569958
1053	goal + no feedback	113	50	-0.04065228494623659
1053	goal + no feedback	113	100	-0.0642764516129033
1053	goal + no feedback	113	150	0.0019530483870967192
1053	goal + no feedback	113	200	0.010166215053763287
1053	goal + no feedback	113	250	-0.002908451612903281
1053	goal + no feedback	113	300	0.03260171505376334
1053	goal + no feedback	113	350	0.03839438172043005
1053	goal + no feedback	113	400	0.04069054838709674
1053	goal + no feedback	113	450	0.03165588172043007
1053	goal + no feedback	113	500	0.05894854838709662
1053	goal + no feedback	113	550	NA
1053	goal + no feedback	113	600	NA
1053	goal + no feedback	113	650	NA
1053	goal + no feedback	113	700	NA
1053	goal + no feedback	113	750	NA
1053	goal + no feedback	113	800	0.16011704838709673
1053	goal + no feedback	113	850	0.10859738172043006
1053	goal + no feedback	113	900	0.07827388172043011
1053	goal + no feedback	113	950	0.09098821505376331
1053	goal + no feedback	113	1e3	0.11759754838709673
1053	goal + no feedback	113	1050	0.1481160483870966
1053	goal + no feedback	113	1100	0.06608071505376338
1053	goal + no feedback	113	1150	0.08828404838709665
1053	goal + no feedback	114	-200	0.01986646666666673
1053	goal + no feedback	114	-150	-0.039699366666666736
1053	goal + no feedback	114	-100	0.03174713333333331
1053	goal + no feedback	114	-50	0.014186466666666675
1053	goal + no feedback	114	0	-0.02610070000000005
1053	goal + no feedback	114	50	-0.009158199999999969
1053	goal + no feedback	114	100	0.051652299999999984
1053	goal + no feedback	114	150	0.03694596666666664
1053	goal + no feedback	114	200	0.06209563333333327
1053	goal + no feedback	114	250	0.05099646666666661
1053	goal + no feedback	114	300	0.018064966666666644
1053	goal + no feedback	114	350	0.024213799999999914
1053	goal + no feedback	114	400	-0.02796400952380962
1053	goal + no feedback	114	450	-0.01883686666666664
1053	goal + no feedback	114	500	-0.060608366666666656
1053	goal + no feedback	114	550	0.07894079999999996
1053	goal + no feedback	114	600	NA
1053	goal + no feedback	114	650	NA
1053	goal + no feedback	114	700	NA
1053	goal + no feedback	114	750	0.11018613333333338
1053	goal + no feedback	114	800	0.29157993333333343
1053	goal + no feedback	114	850	0.1941206333333334
1053	goal + no feedback	114	900	NA
1053	goal + no feedback	114	950	NA
1053	goal + no feedback	114	1e3	NA
1053	goal + no feedback	114	1050	NA
1053	goal + no feedback	114	1100	NA
1053	goal + no feedback	114	1150	0.36845946666666657
1053	goal + no feedback	115	-200	-0.0016320322580643293
1053	goal + no feedback	115	-150	-0.03020303225806442
1053	goal + no feedback	115	-100	-0.006539365591397746
1053	goal + no feedback	115	-50	0.008714634408602281
1053	goal + no feedback	115	0	0.02993180107526901
1053	goal + no feedback	115	50	-0.029449698924731038
1053	goal + no feedback	115	100	0.05285546774193558
1053	goal + no feedback	115	150	0.008035134408602337
1053	goal + no feedback	115	200	-0.01913703225806433
1053	goal + no feedback	115	250	-0.0032608655913977103
1053	goal + no feedback	115	300	-0.008667532258064417
1053	goal + no feedback	115	350	0.04669680107526893
1053	goal + no feedback	115	400	0.012535301075268976
1053	goal + no feedback	115	450	-5.585322580643481e-4
1053	goal + no feedback	115	500	0.10249956774193558
1053	goal + no feedback	115	550	NA
1053	goal + no feedback	115	600	NA
1053	goal + no feedback	115	650	NA
1053	goal + no feedback	115	700	-0.1750470322580644
1053	goal + no feedback	115	750	0.4098106344086023
1053	goal + no feedback	115	800	0.2545012534562213
1053	goal + no feedback	115	850	0.235704301075269
1053	goal + no feedback	115	900	0.2113824677419356
1053	goal + no feedback	115	950	0.20484413440860227
1053	goal + no feedback	115	1e3	0.2878349677419357
1053	goal + no feedback	115	1050	0.22103880107526894
1053	goal + no feedback	115	1100	0.1578701344086023
1053	goal + no feedback	115	1150	0.13910896774193562
1053	goal + no feedback	116	-200	0.00753434946236579
1053	goal + no feedback	116	-150	-0.012254150537634123
1053	goal + no feedback	116	-100	0.004693849462365766
1053	goal + no feedback	116	-50	0.0011373732718895952
1053	goal + no feedback	116	0	-0.0013009838709675907
1053	goal + no feedback	116	50	0.007016849462365767
1053	goal + no feedback	116	100	-0.03967381720430089
1053	goal + no feedback	116	150	-0.015699483870967573
1053	goal + no feedback	116	200	-0.053419983870967545
1053	goal + no feedback	116	250	-0.06152615053763418
1053	goal + no feedback	116	300	-0.02746198387096747
1053	goal + no feedback	116	350	-0.05363981720430089
1053	goal + no feedback	116	400	-0.01859115053763416
1053	goal + no feedback	116	450	0.00568268279569913
1053	goal + no feedback	116	500	0.0717821827956991
1053	goal + no feedback	116	550	NA
1053	goal + no feedback	116	600	NA
1053	goal + no feedback	116	650	NA
1053	goal + no feedback	116	700	NA
1053	goal + no feedback	116	750	NA
1053	goal + no feedback	116	800	0.23343301612903244
1053	goal + no feedback	116	850	0.14204618279569906
1053	goal + no feedback	116	900	0.09770234946236582
1053	goal + no feedback	116	950	0.0933713494623658
1053	goal + no feedback	116	1e3	0.10431501612903249
1053	goal + no feedback	116	1050	0.07187301612903248
1053	goal + no feedback	116	1100	0.05005418279569914
1053	goal + no feedback	116	1150	0.06620518279569909
1053	goal + no feedback	117	-200	0.010374096774193526
1053	goal + no feedback	117	-150	-0.045492236559139775
1053	goal + no feedback	117	-100	-0.006508236559139864
1053	goal + no feedback	117	-50	0.02794593010752681
1053	goal + no feedback	117	0	0.011951430107526898
1053	goal + no feedback	117	50	-0.015775403225806468
1053	goal + no feedback	117	100	-0.12595506989247318
1053	goal + no feedback	117	150	-0.14405006989247307
1053	goal + no feedback	117	200	-0.13688123655913995
1053	goal + no feedback	117	250	-0.12988390322580642
1053	goal + no feedback	117	300	-0.12001256989247322
1053	goal + no feedback	117	350	-0.17408023655913984
1053	goal + no feedback	117	400	-0.1482989032258065
1053	goal + no feedback	117	450	-0.11260373655913984
1053	goal + no feedback	117	500	-0.06823823655913978
1053	goal + no feedback	117	550	NA
1053	goal + no feedback	117	600	NA
1053	goal + no feedback	117	650	NA
1053	goal + no feedback	117	700	NA
1053	goal + no feedback	117	750	NA
1053	goal + no feedback	117	800	0.013308763440860183
1053	goal + no feedback	117	850	0.1163582634408602
1053	goal + no feedback	117	900	0.02682393010752689
1053	goal + no feedback	117	950	0.09265876344086015
1053	goal + no feedback	117	1e3	0.059678430107526825
1053	goal + no feedback	117	1050	0.2111869301075268
1053	goal + no feedback	117	1100	0.14768376344086023
1053	goal + no feedback	117	1150	0.1418064301075268
1053	goal + no feedback	118	-200	-0.0010039032258063304
1053	goal + no feedback	118	-150	-0.018908569892472915
1053	goal + no feedback	118	-100	0.03772576344086039
1053	goal + no feedback	118	-50	-0.0033017365591396044
1053	goal + no feedback	118	0	-0.01434423655913967
1053	goal + no feedback	118	50	-0.025753903225806285
1053	goal + no feedback	118	100	-0.05718406989247297
1053	goal + no feedback	118	150	-0.011909236559139558
1053	goal + no feedback	118	200	-0.0784129032258063
1053	goal + no feedback	118	250	-0.022679236559139653
1053	goal + no feedback	118	300	-0.11951240322580621
1053	goal + no feedback	118	350	-0.08156223655913952
1053	goal + no feedback	118	400	-0.08749623655913956
1053	goal + no feedback	118	450	-0.12951806989247286
1053	goal + no feedback	118	500	-0.06015440322580634
1053	goal + no feedback	118	550	NA
1053	goal + no feedback	118	600	NA
1053	goal + no feedback	118	650	NA
1053	goal + no feedback	118	700	NA
1053	goal + no feedback	118	750	NA
1053	goal + no feedback	118	800	0.12011709677419358
1053	goal + no feedback	118	850	0.18519929677419372
1053	goal + no feedback	118	900	0.1382997634408604
1053	goal + no feedback	118	950	0.17849459677419377
1053	goal + no feedback	118	1e3	0.18202476344086035
1053	goal + no feedback	118	1050	0.16178343010752702
1053	goal + no feedback	118	1100	0.09908909677419368
1053	goal + no feedback	118	1150	0.039671763440860396
1053	goal + no feedback	119	-200	0.018102640552995375
1053	goal + no feedback	119	-150	-0.010416311827956992
1053	goal + no feedback	119	-100	0.029243688172043036
1053	goal + no feedback	119	-50	0.02561068817204304
1053	goal + no feedback	119	0	-0.06555781182795702
1053	goal + no feedback	119	50	-0.06974331182795697
1053	goal + no feedback	119	100	0.21124535483870988
1053	goal + no feedback	119	150	NA
1053	goal + no feedback	119	200	NA
1053	goal + no feedback	119	250	NA
1053	goal + no feedback	119	300	0.011190354838709707
1053	goal + no feedback	119	350	0.009649188172043003
1053	goal + no feedback	119	400	-0.07885931182795695
1053	goal + no feedback	119	450	-0.11097064516129025
1053	goal + no feedback	119	500	-0.051149478494623514
1053	goal + no feedback	119	550	0.106905688172043
1053	goal + no feedback	119	600	NA
1053	goal + no feedback	119	650	NA
1053	goal + no feedback	119	700	NA
1053	goal + no feedback	119	750	NA
1053	goal + no feedback	119	800	NA
1053	goal + no feedback	119	850	0.24312435483870973
1053	goal + no feedback	119	900	0.21977321198156682
1053	goal + no feedback	119	950	0.25694368817204305
1053	goal + no feedback	119	1e3	0.23853652150537638
1053	goal + no feedback	119	1050	0.162690688172043
1053	goal + no feedback	119	1100	0.197597188172043
1053	goal + no feedback	119	1150	0.23995152150537633
1053	goal + no feedback	120	-200	-0.02006500000000022
1053	goal + no feedback	120	-150	-0.0344833333333335
1053	goal + no feedback	120	-100	0.015685666666666338
1053	goal + no feedback	120	-50	0.022265499999999827
1053	goal + no feedback	120	0	0.01659716666666644
1053	goal + no feedback	120	50	-0.003034333333333583
1053	goal + no feedback	120	100	0.054352166666666424
1053	goal + no feedback	120	150	0.10760483333333304
1053	goal + no feedback	120	200	0.13152583333333312
1053	goal + no feedback	120	250	0.06644733333333315
1053	goal + no feedback	120	300	0.1265769999999998
1053	goal + no feedback	120	350	0.06962416666666645
1053	goal + no feedback	120	400	0.161023333333333
1053	goal + no feedback	120	450	0.12528783333333315
1053	goal + no feedback	120	500	0.11274999999999968
1053	goal + no feedback	120	550	0.15746883333333306
1053	goal + no feedback	120	600	NA
1053	goal + no feedback	120	650	NA
1053	goal + no feedback	120	700	NA
1053	goal + no feedback	120	750	-0.15942916666666695
1053	goal + no feedback	120	800	0.44794316666666645
1053	goal + no feedback	120	850	0.3899353333333331
1053	goal + no feedback	120	900	0.35422183333333307
1053	goal + no feedback	120	950	0.27354483333333307
1053	goal + no feedback	120	1e3	0.3286048333333331
1053	goal + no feedback	120	1050	0.40661316666666636
1053	goal + no feedback	120	1100	0.37139849999999974
1053	goal + no feedback	120	1150	0.2657044999999998
1053	goal + no feedback	121	-200	0.01974443778801855
1053	goal + no feedback	121	-150	0.0035109139784947896
1053	goal + no feedback	121	-100	-0.013667919354838576
1053	goal + no feedback	121	-50	-0.01190941935483858
1053	goal + no feedback	121	0	-9.68752688171944e-4
1053	goal + no feedback	121	50	0.03232391397849477
1053	goal + no feedback	121	100	-0.010305419354838493
1053	goal + no feedback	121	150	-0.01219291935483846
1053	goal + no feedback	121	200	-0.0013624193548385695
1053	goal + no feedback	121	250	0.014141580645161467
1053	goal + no feedback	121	300	-0.0022127526881718187
1053	goal + no feedback	121	350	-0.0403049193548386
1053	goal + no feedback	121	400	-0.002431919354838478
1053	goal + no feedback	121	450	-0.005224252688171838
1053	goal + no feedback	121	500	0.025779980645161425
1053	goal + no feedback	121	550	NA
1053	goal + no feedback	121	600	NA
1053	goal + no feedback	121	650	NA
1053	goal + no feedback	121	700	NA
1053	goal + no feedback	121	750	0.0050225806451615895
1053	goal + no feedback	121	800	0.11166583064516133
1053	goal + no feedback	121	850	0.08746691397849478
1053	goal + no feedback	121	900	0.09649158064516139
1053	goal + no feedback	121	950	0.12166408064516143
1053	goal + no feedback	121	1e3	0.17049141397849477
1053	goal + no feedback	121	1050	0.1988769139784948
1053	goal + no feedback	121	1100	0.19776074731182805
1053	goal + no feedback	121	1150	0.15317374731182812
1053	goal + no feedback	122	-200	0.015614354838709574
1053	goal + no feedback	122	-150	-0.04770864516129033
1053	goal + no feedback	122	-100	0.03341035483870969
1053	goal + no feedback	122	-50	0.014980021505376287
1053	goal + no feedback	122	0	-0.01889847849462371
1053	goal + no feedback	122	50	-0.04009381182795694
1053	goal + no feedback	122	100	-0.026024811827957055
1053	goal + no feedback	122	150	-0.05496497849462371
1053	goal + no feedback	122	200	-0.040402811827957054
1053	goal + no feedback	122	250	-0.011312811827956995
1053	goal + no feedback	122	300	0.035020521505376344
1053	goal + no feedback	122	350	0.03576652150537626
1053	goal + no feedback	122	400	-0.07521164516129024
1053	goal + no feedback	122	450	-0.03185364516129038
1053	goal + no feedback	122	500	-0.4560266451612902
1053	goal + no feedback	122	550	NA
1053	goal + no feedback	122	600	NA
1053	goal + no feedback	122	650	NA
1053	goal + no feedback	122	700	NA
1053	goal + no feedback	122	750	NA
1053	goal + no feedback	122	800	0.2774803548387095
1053	goal + no feedback	122	850	0.24956985483870966
1053	goal + no feedback	122	900	0.19683802150537622
1053	goal + no feedback	122	950	0.2591730215053763
1053	goal + no feedback	122	1e3	0.25060702150537634
1053	goal + no feedback	122	1050	0.31652118817204306
1053	goal + no feedback	122	1100	0.3257100215053763
1053	goal + no feedback	122	1150	0.300925188172043
1053	goal + no feedback	123	-200	0.061187847926267365
1053	goal + no feedback	123	-150	0.0553729193548386
1053	goal + no feedback	123	-100	0.011324752688171976
1053	goal + no feedback	123	-50	-0.054949413978494656
1053	goal + no feedback	123	0	-0.08313408064516119
1053	goal + no feedback	123	50	-0.1074152473118281
1053	goal + no feedback	123	100	-0.12532458064516128
1053	goal + no feedback	123	150	-0.09655324731182795
1053	goal + no feedback	123	200	-0.06292808064516131
1053	goal + no feedback	123	250	-0.11935008064516128
1053	goal + no feedback	123	300	-0.07908024731182794
1053	goal + no feedback	123	350	-0.14009974731182803
1053	goal + no feedback	123	400	-0.11666058064516134
1053	goal + no feedback	123	450	-0.15619308064516124
1053	goal + no feedback	123	500	-0.13901074731182797
1053	goal + no feedback	123	550	-0.1110240806451613
1053	goal + no feedback	123	600	-0.08549874731182798
1053	goal + no feedback	123	650	-0.12392524731182804
1053	goal + no feedback	123	700	NA
1053	goal + no feedback	123	750	NA
1053	goal + no feedback	123	800	NA
1053	goal + no feedback	123	850	NA
1053	goal + no feedback	123	900	NA
1053	goal + no feedback	123	950	0.07287341935483867
1053	goal + no feedback	123	1e3	0.01635541935483875
1053	goal + no feedback	123	1050	-0.016435747311827953
1053	goal + no feedback	123	1100	-0.06898791397849464
1053	goal + no feedback	123	1150	0.10622975268817207
1053	goal + no feedback	124	-200	0.01241023963133633
1053	goal + no feedback	124	-150	0.05561659677419343
1053	goal + no feedback	124	-100	0.009079430107526765
1053	goal + no feedback	124	-50	-0.029783736559139795
1053	goal + no feedback	124	0	-0.04939090322580656
1053	goal + no feedback	124	50	0.01966659677419343
1053	goal + no feedback	124	100	0.04828559677419345
1053	goal + no feedback	124	150	0.04248159677419346
1053	goal + no feedback	124	200	0.025080763440860077
1053	goal + no feedback	124	250	0.04460326344086011
1053	goal + no feedback	124	300	0.00859226344086017
1053	goal + no feedback	124	350	-0.003525403225806597
1053	goal + no feedback	124	400	-0.02567056989247322
1053	goal + no feedback	124	450	0.02962343010752681
1053	goal + no feedback	124	500	0.022900096774193395
1053	goal + no feedback	124	550	0.1636286967741934
1053	goal + no feedback	124	600	NA
1053	goal + no feedback	124	650	NA
1053	goal + no feedback	124	700	NA
1053	goal + no feedback	124	750	NA
1053	goal + no feedback	124	800	NA
1053	goal + no feedback	124	850	0.2871718467741935
1053	goal + no feedback	124	900	0.1441029301075268
1053	goal + no feedback	124	950	0.1240204301075268
1053	goal + no feedback	124	1e3	0.2144172634408601
1053	goal + no feedback	124	1050	0.20386709677419335
1053	goal + no feedback	124	1100	0.1795689301075268
1053	goal + no feedback	124	1150	0.1742294301075268
1053	goal + no feedback	125	-200	-0.019336649769585396
1053	goal + no feedback	125	-150	0.0058733978494623544
1053	goal + no feedback	125	-100	0.017591064516128945
1053	goal + no feedback	125	-50	0.020175231182795628
1053	goal + no feedback	125	0	-0.021080268817204335
1053	goal + no feedback	125	50	0.008125064516128969
1053	goal + no feedback	125	100	0.005240564516128939
1053	goal + no feedback	125	150	-0.010558602150537721
1053	goal + no feedback	125	200	-0.06371043548387105
1053	goal + no feedback	125	250	-0.025475435483871028
1053	goal + no feedback	125	300	-0.015856435483871056
1053	goal + no feedback	125	350	-0.036989102150537745
1053	goal + no feedback	125	400	-0.038401268817204404
1053	goal + no feedback	125	450	-0.030355602150537713
1053	goal + no feedback	125	500	-0.02379876881720433
1053	goal + no feedback	125	550	0.020841314516129028
1053	goal + no feedback	125	600	NA
1053	goal + no feedback	125	650	NA
1053	goal + no feedback	125	700	NA
1053	goal + no feedback	125	750	NA
1053	goal + no feedback	125	800	NA
1053	goal + no feedback	125	850	0.2151775645161289
1053	goal + no feedback	125	900	0.06525486451612901
1053	goal + no feedback	125	950	0.014372064516128935
1053	goal + no feedback	125	1e3	0.04603189784946234
1053	goal + no feedback	125	1050	0.09822489784946227
1053	goal + no feedback	125	1100	0.0802443978494624
1053	goal + no feedback	125	1150	0.1226318978494622
1053	goal + no feedback	126	-200	0.023262981566820162
1053	goal + no feedback	126	-150	0.052557005376343925
1053	goal + no feedback	126	-100	-0.009188327956989392
1053	goal + no feedback	126	-50	-0.04924882795698945
1053	goal + no feedback	126	0	-0.02125999462365602
1053	goal + no feedback	126	50	-0.03578166129032271
1053	goal + no feedback	126	100	-0.07778216129032274
1053	goal + no feedback	126	150	-0.03734466129032277
1053	goal + no feedback	126	200	-0.04682132795698949
1053	goal + no feedback	126	250	-0.05216149462365608
1053	goal + no feedback	126	300	-0.06895816129032273
1053	goal + no feedback	126	350	-0.0430306612903227
1053	goal + no feedback	126	400	-0.026232661290322683
1053	goal + no feedback	126	450	-0.04595849462365598
1053	goal + no feedback	126	500	0.12631850537634395
1053	goal + no feedback	126	550	NA
1053	goal + no feedback	126	600	NA
1053	goal + no feedback	126	650	NA
1053	goal + no feedback	126	700	NA
1053	goal + no feedback	126	750	NA
1053	goal + no feedback	126	800	0.30719383870967726
1053	goal + no feedback	126	850	0.17616267204301064
1053	goal + no feedback	126	900	0.1622506720430105
1053	goal + no feedback	126	950	0.15593250537634398
1053	goal + no feedback	126	1e3	0.2294553387096773
1053	goal + no feedback	126	1050	0.22179633870967722
1053	goal + no feedback	126	1100	0.23723400537634398
1053	goal + no feedback	126	1150	0.10031567204301066
1053	goal + no feedback	127	-200	-0.019203976958525333
1053	goal + no feedback	127	-150	-0.018388048387096918
1053	goal + no feedback	127	-100	0.013878284946236588
1053	goal + no feedback	127	-50	-0.012048048387096832
1053	goal + no feedback	127	0	0.03896245161290316
1053	goal + no feedback	127	50	4.695161290313443e-5
1053	goal + no feedback	127	100	-0.023923881720430213
1053	goal + no feedback	127	150	-0.07614788172043012
1053	goal + no feedback	127	200	-0.047408381720430125
1053	goal + no feedback	127	250	-0.057918881720430214
1053	goal + no feedback	127	300	-0.0206887150537635
1053	goal + no feedback	127	350	-0.0353923817204301
1053	goal + no feedback	127	400	-0.044748548387096854
1053	goal + no feedback	127	450	-0.0011290483870968575
1053	goal + no feedback	127	500	-0.0037880483870968242
1053	goal + no feedback	127	550	0.08051545161290319
1053	goal + no feedback	127	600	NA
1053	goal + no feedback	127	650	NA
1053	goal + no feedback	127	700	NA
1053	goal + no feedback	127	750	NA
1053	goal + no feedback	127	800	NA
1053	goal + no feedback	127	850	0.3397289516129032
1053	goal + no feedback	127	900	0.24783078494623653
1053	goal + no feedback	127	950	0.20285861827956989
1053	goal + no feedback	127	1e3	0.2610806182795698
1053	goal + no feedback	127	1050	0.33058945161290326
1053	goal + no feedback	127	1100	0.2904626182795698
1053	goal + no feedback	127	1150	0.21187628494623648
1053	goal + no feedback	128	-200	-0.01755111981566834
1053	goal + no feedback	128	-150	-0.022446048387096813
1053	goal + no feedback	128	-100	-0.002830881720430186
1053	goal + no feedback	128	-50	0.022774451612903146
1053	goal + no feedback	128	0	0.02297878494623662
1053	goal + no feedback	128	50	0.043303618279569855
1053	goal + no feedback	128	100	0.06412195161290317
1053	goal + no feedback	128	150	0.03380628494623646
1053	goal + no feedback	128	200	0.0362057849462365
1053	goal + no feedback	128	250	-0.003193715053763461
1053	goal + no feedback	128	300	0.04738445161290317
1053	goal + no feedback	128	350	0.02320445161290315
1053	goal + no feedback	128	400	0.011931451612903135
1053	goal + no feedback	128	450	0.009215451612903195
1053	goal + no feedback	128	500	0.033261618279569825
1053	goal + no feedback	128	550	0.20151545161290318
1053	goal + no feedback	128	600	NA
1053	goal + no feedback	128	650	NA
1053	goal + no feedback	128	700	NA
1053	goal + no feedback	128	750	NA
1053	goal + no feedback	128	800	0.20892245161290313
1053	goal + no feedback	128	850	0.2455698516129031
1053	goal + no feedback	128	900	0.32535211827956984
1053	goal + no feedback	128	950	0.23660028494623644
1053	goal + no feedback	128	1e3	0.27196511827956993
1053	goal + no feedback	128	1050	0.583157451612903
1053	goal + no feedback	128	1100	NA
1053	goal + no feedback	128	1150	NA
1053	goal + no feedback	129	-200	-0.017901470046083175
1053	goal + no feedback	129	-150	0.00688922043010735
1053	goal + no feedback	129	-100	0.005667553763440599
1053	goal + no feedback	129	-50	0.007466553763440631
1053	goal + no feedback	129	0	8.617204301073489e-4
1053	goal + no feedback	129	50	-0.015191779569892741
1053	goal + no feedback	129	100	-0.020755112903226108
1053	goal + no feedback	129	150	0.017527387096773966
1053	goal + no feedback	129	200	-0.0047984462365593394
1053	goal + no feedback	129	250	-0.04776811290322606
1053	goal + no feedback	129	300	-0.06547877956989272
1053	goal + no feedback	129	350	-0.04775877956989275
1053	goal + no feedback	129	400	-0.05059877956989278
1053	goal + no feedback	129	450	0.0438805537634405
1053	goal + no feedback	129	500	NA
1053	goal + no feedback	129	550	NA
1053	goal + no feedback	129	600	NA
1053	goal + no feedback	129	650	NA
1053	goal + no feedback	129	700	NA
1053	goal + no feedback	129	750	0.17737105376344076
1053	goal + no feedback	129	800	0.1870158870967739
1053	goal + no feedback	129	850	0.09320888709677393
1053	goal + no feedback	129	900	0.1106965537634405
1053	goal + no feedback	129	950	0.18236188709677395
1053	goal + no feedback	129	1e3	0.1780085537634406
1053	goal + no feedback	129	1050	0.11242588709677388
1053	goal + no feedback	129	1100	0.10220822043010729
1053	goal + no feedback	129	1150	0.19797122043010726
1053	goal + no feedback	130	-200	0.019911419354838804
1053	goal + no feedback	130	-150	-0.010554580645161238
1053	goal + no feedback	130	-100	0.00918108602150558
1053	goal + no feedback	130	-50	-0.0312515806451612
1053	goal + no feedback	130	0	0.009395086021505517
1053	goal + no feedback	130	50	0.05193041935483881
1053	goal + no feedback	130	100	-0.01664974731182789
1053	goal + no feedback	130	150	-0.019136413978494637
1053	goal + no feedback	130	200	-0.0074520806451613035
1053	goal + no feedback	130	250	-0.04528608064516123
1053	goal + no feedback	130	300	1.609193548388621e-4
1053	goal + no feedback	130	350	-0.06412974731182779
1053	goal + no feedback	130	400	-0.03205741397849452
1053	goal + no feedback	130	450	-0.023957913978494522
1053	goal + no feedback	130	500	-0.03388491397849447
1053	goal + no feedback	130	550	-0.028221413978494574
1053	goal + no feedback	130	600	-0.0279851806451612
1053	goal + no feedback	130	650	NA
1053	goal + no feedback	130	700	NA
1053	goal + no feedback	130	750	NA
1053	goal + no feedback	130	800	NA
1053	goal + no feedback	130	850	NA
1053	goal + no feedback	130	900	0.05954416935483886
1053	goal + no feedback	130	950	0.031096252688172177
1053	goal + no feedback	130	1e3	0.050924419354838824
1053	goal + no feedback	130	1050	0.15226958602150545
1053	goal + no feedback	130	1100	0.024147086021505542
1053	goal + no feedback	130	1150	0.06954725268817212
1053	goal + no feedback	131	-200	0.029692391705068908
1053	goal + no feedback	131	-150	0.00806701075268812
1053	goal + no feedback	131	-100	-0.0140263225806454
1053	goal + no feedback	131	-50	-0.0613421559139787
1053	goal + no feedback	131	0	0.03266034408602144
1053	goal + no feedback	131	50	-0.02369448924731195
1053	goal + no feedback	131	100	-0.01983848924731187
1053	goal + no feedback	131	150	0.05572101075268806
1053	goal + no feedback	131	200	0.04352284408602136
1053	goal + no feedback	131	250	0.046691177419354656
1053	goal + no feedback	131	300	0.020851344086021333
1053	goal + no feedback	131	350	-0.02450015591397851
1053	goal + no feedback	131	400	-0.038495989247311936
1053	goal + no feedback	131	450	0.007303844086021509
1053	goal + no feedback	131	500	0.035053010752688
1053	goal + no feedback	131	550	0.04936701075268801
1053	goal + no feedback	131	600	0.18413417741935478
1053	goal + no feedback	131	650	NA
1053	goal + no feedback	131	700	NA
1053	goal + no feedback	131	750	NA
1053	goal + no feedback	131	800	NA
1053	goal + no feedback	131	850	NA
1053	goal + no feedback	131	900	0.23900617741935481
1053	goal + no feedback	131	950	0.16057834408602134
1053	goal + no feedback	131	1e3	0.03807967741935466
1053	goal + no feedback	131	1050	0.09359467741935472
1053	goal + no feedback	131	1100	0.13463484408602136
1053	goal + no feedback	131	1150	0.0958563440860214
1053	goal + no feedback	132	-200	-0.023505290322580624
1053	goal + no feedback	132	-150	-0.02436095698924719
1053	goal + no feedback	132	-100	0.04132937634408614
1053	goal + no feedback	132	-50	0.004019376344086038
1053	goal + no feedback	132	0	0.006435043010752779
1053	goal + no feedback	132	50	-0.03510362365591391
1053	goal + no feedback	132	100	-0.05159929032258059
1053	goal + no feedback	132	150	-7.539569892471842e-4
1053	goal + no feedback	132	200	-0.019950956989247242
1053	goal + no feedback	132	250	-0.03391095698924721
1053	goal + no feedback	132	300	-0.06109579032258061
1053	goal + no feedback	132	350	-0.05441995698924725
1053	goal + no feedback	132	400	-0.027190123655914
1053	goal + no feedback	132	450	-0.061402956989247214
1053	goal + no feedback	132	500	-0.09636195698924725
1053	goal + no feedback	132	550	0.06898545967741943
1053	goal + no feedback	132	600	NA
1053	goal + no feedback	132	650	NA
1053	goal + no feedback	132	700	NA
1053	goal + no feedback	132	750	NA
1053	goal + no feedback	132	800	NA
1053	goal + no feedback	132	850	0.19913370967741928
1053	goal + no feedback	132	900	0.2640594596774194
1053	goal + no feedback	132	950	0.23842687634408607
1053	goal + no feedback	132	1e3	0.21423004301075274
1053	goal + no feedback	132	1050	0.18885320967741945
1053	goal + no feedback	132	1100	0.1632923763440861
1053	goal + no feedback	132	1150	0.12970754301075282
1053	goal + no feedback	133	-200	0.044770046082949023
1053	goal + no feedback	133	-150	0.04707606989247296
1053	goal + no feedback	133	-100	-0.01836793010752702
1053	goal + no feedback	133	-50	-0.03748009677419373
1053	goal + no feedback	133	0	-0.04345976344086037
1053	goal + no feedback	133	50	-0.08022026344086042
1053	goal + no feedback	133	100	-0.06734359677419377
1053	goal + no feedback	133	150	-0.10246126344086044
1053	goal + no feedback	133	200	-0.06338843010752708
1053	goal + no feedback	133	250	-0.12417043010752704
1053	goal + no feedback	133	300	-0.11191993010752703
1053	goal + no feedback	133	350	-0.09805909677419382
1053	goal + no feedback	133	400	-0.08183126344086045
1053	goal + no feedback	133	450	-0.09221043010752705
1053	goal + no feedback	133	500	-0.05590993010752706
1053	goal + no feedback	133	550	-0.04557093010752711
1053	goal + no feedback	133	600	-0.0036219301075270196
1053	goal + no feedback	133	650	-0.015438763440860445
1053	goal + no feedback	133	700	-0.0033422634408603416
1053	goal + no feedback	133	750	-0.0561635967741938
1053	goal + no feedback	133	800	-0.09271276344086044
1053	goal + no feedback	133	850	-0.07524993010752697
1053	goal + no feedback	133	900	-0.14735359677419382
1053	goal + no feedback	133	950	-0.12931493010752707
1053	goal + no feedback	133	1e3	-0.14106559677419375
1053	goal + no feedback	133	1050	-0.09595176344086027
1053	goal + no feedback	133	1100	-0.09019159677419382
1053	goal + no feedback	133	1150	-0.06393993010752712
1053	goal + no feedback	134	-200	-0.07169060000000016
1053	goal + no feedback	134	-150	-0.03569710000000015
1053	goal + no feedback	134	-100	0.09099456666666657
1053	goal + no feedback	134	-50	0.07211523333333332
1053	goal + no feedback	134	0	-0.05572210000000011
1053	goal + no feedback	134	50	-0.08970243333333346
1053	goal + no feedback	134	100	-0.10582893333333339
1053	goal + no feedback	134	150	-0.13781060000000012
1053	goal + no feedback	134	200	-0.1383542666666667
1053	goal + no feedback	134	250	-0.1919519333333335
1053	goal + no feedback	134	300	-0.1965831000000001
1053	goal + no feedback	134	350	-0.18207002857142873
1053	goal + no feedback	134	400	-0.15227410000000008
1053	goal + no feedback	134	450	-0.13069493333333346
1053	goal + no feedback	134	500	-0.1372484333333334
1053	goal + no feedback	134	550	-0.08037126666666679
1053	goal + no feedback	134	600	-0.056959600000000034
1053	goal + no feedback	134	650	-0.009269766666666865
1053	goal + no feedback	134	700	0.012856566666666533
1053	goal + no feedback	134	750	0.12665339999999983
1053	goal + no feedback	134	800	0.1265658999999999
1053	goal + no feedback	134	850	0.26816739999999983
1053	goal + no feedback	134	900	NA
1053	goal + no feedback	134	950	NA
1053	goal + no feedback	134	1e3	NA
1053	goal + no feedback	134	1050	-0.11460660000000011
1053	goal + no feedback	134	1100	0.14997354285714273
1053	goal + no feedback	134	1150	0.24817123333333324
1053	goal + no feedback	135	-200	0.011290626728110733
1053	goal + no feedback	135	-150	-0.01911001612903207
1053	goal + no feedback	135	-100	-0.00473934946236539
1053	goal + no feedback	135	-50	-0.006190682795698714
1053	goal + no feedback	135	0	0.016867650537634615
1053	goal + no feedback	135	50	0.01985998387096788
1053	goal + no feedback	135	100	0.04738765053763457
1053	goal + no feedback	135	150	0.05794365053763458
1053	goal + no feedback	135	200	0.07145415053763456
1053	goal + no feedback	135	250	0.06338265053763463
1053	goal + no feedback	135	300	0.03088381720430126
1053	goal + no feedback	135	350	0.07662515053763459
1053	goal + no feedback	135	400	0.06587148387096782
1053	goal + no feedback	135	450	0.08863865053763458
1053	goal + no feedback	135	500	0.09413888387096794
1053	goal + no feedback	135	550	NA
1053	goal + no feedback	135	600	NA
1053	goal + no feedback	135	650	NA
1053	goal + no feedback	135	700	NA
1053	goal + no feedback	135	750	NA
1053	goal + no feedback	135	800	0.385372483870968
1053	goal + no feedback	135	850	0.34382388387096796
1053	goal + no feedback	135	900	0.2952481505376347
1053	goal + no feedback	135	950	0.062855483870968
1053	goal + no feedback	135	1e3	0.131346883870968
1053	goal + no feedback	135	1050	0.29429381720430126
1053	goal + no feedback	135	1100	NA
1053	goal + no feedback	135	1150	NA
1053	goal + no feedback	136	-200	-0.021181972350230387
1053	goal + no feedback	136	-150	-0.021759591397849443
1053	goal + no feedback	136	-100	0.01868424193548394
1053	goal + no feedback	136	-50	0.012378075268817254
1053	goal + no feedback	136	0	0.01540957526881733
1053	goal + no feedback	136	50	-0.0036684247311826734
1053	goal + no feedback	136	100	1.7190860215055004e-4
1053	goal + no feedback	136	150	-0.026788258064516086
1053	goal + no feedback	136	200	-0.060446758064516125
1053	goal + no feedback	136	250	-0.05204009139784945
1053	goal + no feedback	136	300	-0.05806259139784934
1053	goal + no feedback	136	350	-0.012308258064516187
1053	goal + no feedback	136	400	-0.012870258064516063
1053	goal + no feedback	136	450	-0.0022569247311827003
1053	goal + no feedback	136	500	0.04993907526881728
1053	goal + no feedback	136	550	0.09443174193548387
1053	goal + no feedback	136	600	NA
1053	goal + no feedback	136	650	NA
1053	goal + no feedback	136	700	NA
1053	goal + no feedback	136	750	NA
1053	goal + no feedback	136	800	0.231399241935484
1053	goal + no feedback	136	850	0.17824159907834108
1053	goal + no feedback	136	900	0.16991157526881726
1053	goal + no feedback	136	950	0.121342741935484
1053	goal + no feedback	136	1e3	0.17692640860215061
1053	goal + no feedback	136	1050	0.18071824193548394
1053	goal + no feedback	136	1100	0.11592340860215063
1053	goal + no feedback	136	1150	0.11568407526881723
1053	goal + no feedback	137	-200	0
1053	goal + no feedback	137	-150	NA
1053	goal + no feedback	137	-100	NA
1053	goal + no feedback	137	-50	NA
1053	goal + no feedback	137	0	NA
1053	goal + no feedback	137	50	0.18618159999999984
1053	goal + no feedback	137	100	0.15987284999999984
1053	goal + no feedback	137	150	0.029143599999999898
1053	goal + no feedback	137	200	0.027639766666666565
1053	goal + no feedback	137	250	0.0564667666666665
1053	goal + no feedback	137	300	0.06774193333333327
1053	goal + no feedback	137	350	0.02309926666666658
1053	goal + no feedback	137	400	-0.020842233333333498
1053	goal + no feedback	137	450	-0.02554506666666671
1053	goal + no feedback	137	500	0.015954599999999857
1053	goal + no feedback	137	550	-0.040044900000000196
1053	goal + no feedback	137	600	0.10368976666666659
1053	goal + no feedback	137	650	NA
1053	goal + no feedback	137	700	NA
1053	goal + no feedback	137	750	NA
1053	goal + no feedback	137	800	NA
1053	goal + no feedback	137	850	NA
1053	goal + no feedback	137	900	0.2435963499999999
1053	goal + no feedback	137	950	0.11317976666666651
1053	goal + no feedback	137	1e3	0.06785326666666662
1053	goal + no feedback	137	1050	0.1314745999999999
1053	goal + no feedback	137	1100	0.22544393333333326
1053	goal + no feedback	137	1150	0.16588793333333327
1053	goal + no feedback	138	-200	0.01283061751152083
1053	goal + no feedback	138	-150	0.032224569892473166
1053	goal + no feedback	138	-100	-0.014608096774193427
1053	goal + no feedback	138	-50	-0.01796293010752681
1053	goal + no feedback	138	0	-0.014622596774193383
1053	goal + no feedback	138	50	0.006569236559139953
1053	goal + no feedback	138	100	0.024601236559139927
1053	goal + no feedback	138	150	0.02274890322580651
1053	goal + no feedback	138	200	0.04143523655913987
1053	goal + no feedback	138	250	0.055267403225806554
1053	goal + no feedback	138	300	0.04719906989247321
1053	goal + no feedback	138	350	0.03089640322580663
1053	goal + no feedback	138	400	0.040641736559139906
1053	goal + no feedback	138	450	0.022705569892473115
1053	goal + no feedback	138	500	0.040407236559139914
1053	goal + no feedback	138	550	0.1439064032258064
1053	goal + no feedback	138	600	NA
1053	goal + no feedback	138	650	NA
1053	goal + no feedback	138	700	NA
1053	goal + no feedback	138	750	NA
1053	goal + no feedback	138	800	0.25685990322580654
1053	goal + no feedback	138	850	0.16649730322580644
1053	goal + no feedback	138	900	0.09018840322580646
1053	goal + no feedback	138	950	0.11562323655913993
1053	goal + no feedback	138	1e3	0.14950573655913982
1053	goal + no feedback	138	1050	0.18819473655913987
1053	goal + no feedback	138	1100	0.21914190322580654
1053	goal + no feedback	138	1150	0.16520906989247316
1053	goal + no feedback	139	-200	0.019040953917050758
1053	goal + no feedback	139	-150	-0.0029762365591397
1053	goal + no feedback	139	-100	0.021436596774193555
1053	goal + no feedback	139	-50	-0.01191773655913971
1053	goal + no feedback	139	0	-0.02875706989247299
1053	goal + no feedback	139	50	0.006494096774193547
1053	goal + no feedback	139	100	0.004298930107526837
1053	goal + no feedback	139	150	-0.010120569892473045
1053	goal + no feedback	139	200	-0.04083073655913975
1053	goal + no feedback	139	250	-0.04503490322580639
1053	goal + no feedback	139	300	-0.034769403225806274
1053	goal + no feedback	139	350	-0.03688406989247298
1053	goal + no feedback	139	400	-0.06239356989247313
1053	goal + no feedback	139	450	-0.04239540322580626
1053	goal + no feedback	139	500	NA
1053	goal + no feedback	139	550	NA
1053	goal + no feedback	139	600	NA
1053	goal + no feedback	139	650	NA
1053	goal + no feedback	139	700	0.2151315967741938
1053	goal + no feedback	139	750	0.1756250967741937
1053	goal + no feedback	139	800	0.13475593010752687
1053	goal + no feedback	139	850	0.1400607634408603
1053	goal + no feedback	139	900	0.13265209677419362
1053	goal + no feedback	139	950	0.1827302634408603
1053	goal + no feedback	139	1e3	0.17372859677419358
1053	goal + no feedback	139	1050	0.14202126344086027
1053	goal + no feedback	139	1100	0.1027037634408603
1053	goal + no feedback	139	1150	0.08170459677419362
1053	goal + no feedback	140	-200	0.03852869124423978
1053	goal + no feedback	140	-150	0.02026554838709697
1053	goal + no feedback	140	-100	0.033022548387096874
1053	goal + no feedback	140	-50	-0.03585545161290297
1053	goal + no feedback	140	0	-0.062382784946236246
1053	goal + no feedback	140	50	-0.03150878494623632
1053	goal + no feedback	140	100	-0.02068845161290304
1053	goal + no feedback	140	150	-0.052499618279569615
1053	goal + no feedback	140	200	-0.05108128494623624
1053	goal + no feedback	140	250	-0.06578778494623634
1053	goal + no feedback	140	300	-0.06716295161290302
1053	goal + no feedback	140	350	0.03577104838709707
1053	goal + no feedback	140	400	-0.005579284946236385
1053	goal + no feedback	140	450	-0.007084618279569632
1053	goal + no feedback	140	500	0.017322215053763673
1053	goal + no feedback	140	550	0.03377721505376363
1053	goal + no feedback	140	600	0.09801604838709703
1053	goal + no feedback	140	650	0.28288421505376354
1053	goal + no feedback	140	700	NA
1053	goal + no feedback	140	750	NA
1053	goal + no feedback	140	800	NA
1053	goal + no feedback	140	850	NA
1053	goal + no feedback	140	900	NA
1053	goal + no feedback	140	950	0.4333872150537636
1053	goal + no feedback	140	1e3	0.21926304838709706
1053	goal + no feedback	140	1050	0.1102098817204303
1053	goal + no feedback	140	1100	0.082287048387097
1053	goal + no feedback	140	1150	0.19386304838709698
