Subject	condition	TrialId	bin	pupil_change
1060	goal + feedback	1	-200	0.009721100000000224
1060	goal + feedback	1	-150	0.012628766666666902
1060	goal + feedback	1	-100	-0.0068320666666664325
1060	goal + feedback	1	-50	-0.010350899999999866
1060	goal + feedback	1	0	-0.0051668999999997895
1060	goal + feedback	1	50	0.020686433333333643
1060	goal + feedback	1	100	0.023350100000000262
1060	goal + feedback	1	150	0.022539766666666978
1060	goal + feedback	1	200	0.01796510000000014
1060	goal + feedback	1	250	0.011568933333333678
1060	goal + feedback	1	300	0.012313266666666914
1060	goal + feedback	1	350	-0.008035399999999804
1060	goal + feedback	1	400	0.00448626666666696
1060	goal + feedback	1	450	0.022637957142857372
1060	goal + feedback	1	500	0.025751100000000183
1060	goal + feedback	1	550	0.06112395714285736
1060	goal + feedback	1	600	0.07180160000000028
1060	goal + feedback	1	650	-0.0015720666666663903
1060	goal + feedback	1	700	-0.10275639999999979
1060	goal + feedback	1	750	-0.2367938999999999
1060	goal + feedback	1	800	NA
1060	goal + feedback	1	850	-0.8141768999999996
1060	goal + feedback	1	900	-0.2997023999999999
1060	goal + feedback	1	950	-0.2978070999999998
1060	goal + feedback	1	1e3	-0.3020183999999997
1060	goal + feedback	1	1050	-0.2973404714285713
1060	goal + feedback	1	1100	-0.2770453999999997
1060	goal + feedback	1	1150	-0.27215706666666656
1060	goal + feedback	2	-200	0.06310237327188936
1060	goal + feedback	2	-150	0.01962384946236558
1060	goal + feedback	2	-100	-0.003614983870967814
1060	goal + feedback	2	-50	-0.022107650537634454
1060	goal + feedback	2	0	-0.0675206505376343
1060	goal + feedback	2	50	-0.08476081720430113
1060	goal + feedback	2	100	-0.10097498387096786
1060	goal + feedback	2	150	-0.11387031720430119
1060	goal + feedback	2	200	-0.11885498387096775
1060	goal + feedback	2	250	-0.12873565053763456
1060	goal + feedback	2	300	-0.12399215053763446
1060	goal + feedback	2	350	-0.11404448387096784
1060	goal + feedback	2	400	-0.08814365053763444
1060	goal + feedback	2	450	-0.06807698387096783
1060	goal + feedback	2	500	-0.03575431720430111
1060	goal + feedback	2	550	0.02922884946236552
1060	goal + feedback	2	600	0.06970718279569883
1060	goal + feedback	2	650	0.08957668279569904
1060	goal + feedback	2	700	0.06578851612903207
1060	goal + feedback	2	750	NA
1060	goal + feedback	2	800	NA
1060	goal + feedback	2	850	-0.023702483870967777
1060	goal + feedback	2	900	-0.025215883870967827
1060	goal + feedback	2	950	NA
1060	goal + feedback	2	1e3	NA
1060	goal + feedback	2	1050	NA
1060	goal + feedback	2	1100	NA
1060	goal + feedback	2	1150	NA
1060	goal + feedback	3	-200	0.03644464516129041
1060	goal + feedback	3	-150	0.0062178118279569245
1060	goal + feedback	3	-100	0.0058998118279570315
1060	goal + feedback	3	-50	-0.03150385483870973
1060	goal + feedback	3	0	-0.02313252150537637
1060	goal + feedback	3	50	-0.024947521505376342
1060	goal + feedback	3	100	-0.0023471881720430097
1060	goal + feedback	3	150	-0.00489552150537631
1060	goal + feedback	3	200	0.025138145161290353
1060	goal + feedback	3	250	0.0474071451612903
1060	goal + feedback	3	300	0.06162847849462364
1060	goal + feedback	3	350	0.06085347849462367
1060	goal + feedback	3	400	0.04710981182795693
1060	goal + feedback	3	450	0.03732247849462356
1060	goal + feedback	3	500	0.0588278118279569
1060	goal + feedback	3	550	0.08708081182795697
1060	goal + feedback	3	600	0.08074464516129025
1060	goal + feedback	3	650	0.11423431182795696
1060	goal + feedback	3	700	0.10436231182795686
1060	goal + feedback	3	750	0.04518497849462366
1060	goal + feedback	3	800	0.023315978494623524
1060	goal + feedback	3	850	-0.06357152150537633
1060	goal + feedback	3	900	NA
1060	goal + feedback	3	950	NA
1060	goal + feedback	3	1e3	NA
1060	goal + feedback	3	1050	0.19810824516129025
1060	goal + feedback	3	1100	-0.06839185483870976
1060	goal + feedback	3	1150	-0.06336068817204306
1060	goal + feedback	4	-200	-0.015070299539170431
1060	goal + feedback	4	-150	-0.011654870967741907
1060	goal + feedback	4	-100	-0.004047870967741766
1060	goal + feedback	4	-50	0.011934462365591406
1060	goal + feedback	4	0	0.021350295698924587
1060	goal + feedback	4	50	0.024529629032258082
1060	goal + feedback	4	100	0.04229962903225807
1060	goal + feedback	4	150	0.05546746236559145
1060	goal + feedback	4	200	0.06055329569892476
1060	goal + feedback	4	250	0.07641396236559128
1060	goal + feedback	4	300	0.08455312903225809
1060	goal + feedback	4	350	0.09587579569892483
1060	goal + feedback	4	400	0.10123846236559138
1060	goal + feedback	4	450	0.11738829569892473
1060	goal + feedback	4	500	0.14566729569892475
1060	goal + feedback	4	550	0.17782596236559148
1060	goal + feedback	4	600	0.18322129569892476
1060	goal + feedback	4	650	0.16156162903225804
1060	goal + feedback	4	700	0.10622779569892482
1060	goal + feedback	4	750	0.0643161290322581
1060	goal + feedback	4	800	0.021675795698924787
1060	goal + feedback	4	850	-0.006531204301075233
1060	goal + feedback	4	900	-0.030638704301075254
1060	goal + feedback	4	950	-0.05435153763440866
1060	goal + feedback	4	1e3	-0.32528487096774183
1060	goal + feedback	4	1050	NA
1060	goal + feedback	4	1100	0.034984129032257893
1060	goal + feedback	4	1150	-0.102473370967742
1060	goal + feedback	5	-200	0.010943399999999789
1060	goal + feedback	5	-150	0.0038262333333330587
1060	goal + feedback	5	-100	-0.0019237666666669373
1060	goal + feedback	5	-50	-0.005400266666666746
1060	goal + feedback	5	0	-0.007445600000000126
1060	goal + feedback	5	50	-0.01947526666666688
1060	goal + feedback	5	100	-0.006381600000000098
1060	goal + feedback	5	150	0.006407066666666461
1060	goal + feedback	5	200	0.025488233333333127
1060	goal + feedback	5	250	0.043836066666666396
1060	goal + feedback	5	300	0.08335806666666638
1060	goal + feedback	5	350	0.11420189999999986
1060	goal + feedback	5	400	0.13431839999999987
1060	goal + feedback	5	450	0.16042773333333327
1060	goal + feedback	5	500	0.18201223333333308
1060	goal + feedback	5	550	0.2125247333333332
1060	goal + feedback	5	600	0.23016206666666647
1060	goal + feedback	5	650	0.19217809047619042
1060	goal + feedback	5	700	0.11334939999999986
1060	goal + feedback	5	750	0.05073689999999975
1060	goal + feedback	5	800	0.005278566666666447
1060	goal + feedback	5	850	-0.02994543333333355
1060	goal + feedback	5	900	-0.040930766666666805
1060	goal + feedback	5	950	-0.04202243333333359
1060	goal + feedback	5	1e3	-0.050851600000000184
1060	goal + feedback	5	1050	-0.04396910000000028
1060	goal + feedback	5	1100	-0.010247100000000176
1060	goal + feedback	5	1150	0.023447899999999782
1060	goal + feedback	6	-200	0.019384433179723333
1060	goal + feedback	6	-150	0.0031829569892473466
1060	goal + feedback	6	-100	-7.942096774194626e-4
1060	goal + feedback	6	-50	-0.012642876344086082
1060	goal + feedback	6	0	-0.012361043010752729
1060	goal + feedback	6	50	0.001131290322580562
1060	goal + feedback	6	100	0.012114956989247286
1060	goal + feedback	6	150	0.03544312365591392
1060	goal + feedback	6	200	0.04756862365591393
1060	goal + feedback	6	250	0.07352762365591399
1060	goal + feedback	6	300	0.0824927903225805
1060	goal + feedback	6	350	0.10342829032258057
1060	goal + feedback	6	400	0.14540545698924726
1060	goal + feedback	6	450	0.18001229032258056
1060	goal + feedback	6	500	0.21032245698924715
1060	goal + feedback	6	550	0.23178612365591386
1060	goal + feedback	6	600	0.24132095698924724
1060	goal + feedback	6	650	0.2110607903225806
1060	goal + feedback	6	700	0.14987112365591396
1060	goal + feedback	6	750	0.07500045698924722
1060	goal + feedback	6	800	0.03956329032258058
1060	goal + feedback	6	850	0.010086290322580682
1060	goal + feedback	6	900	-0.022967043010752697
1060	goal + feedback	6	950	-0.029054709677419337
1060	goal + feedback	6	1e3	-0.033001043010752795
1060	goal + feedback	6	1050	-0.043719543010752725
1060	goal + feedback	6	1100	-0.03349004301075276
1060	goal + feedback	6	1150	-0.02790170967741945
1060	goal + feedback	7	-200	0.006280035714285963
1060	goal + feedback	7	-150	0.0046593690476191
1060	goal + feedback	7	-100	0.020108869047619143
1060	goal + feedback	7	-50	-0.007790464285714134
1060	goal + feedback	7	0	-0.03488671428571399
1060	goal + feedback	7	50	NA
1060	goal + feedback	7	100	0.2687850357142858
1060	goal + feedback	7	150	4.013571428584939e-5
1060	goal + feedback	7	200	0.015696869047619282
1060	goal + feedback	7	250	0.004737369047619196
1060	goal + feedback	7	300	-0.004770964285714256
1060	goal + feedback	7	350	-0.012376321428571162
1060	goal + feedback	7	400	-0.06134096428571412
1060	goal + feedback	7	450	-0.10817996428571412
1060	goal + feedback	7	500	-0.17258979761904744
1060	goal + feedback	7	550	-0.20399363095238074
1060	goal + feedback	7	600	-0.21293579761904735
1060	goal + feedback	7	650	-0.2166339642857141
1060	goal + feedback	7	700	-0.18206929761904736
1060	goal + feedback	7	750	-0.14509729761904752
1060	goal + feedback	7	800	-0.09225146428571418
1060	goal + feedback	7	850	-0.09244813095238073
1060	goal + feedback	7	900	-0.08123646428571404
1060	goal + feedback	7	950	-0.11285346428571419
1060	goal + feedback	7	1e3	NA
1060	goal + feedback	7	1050	0.009978202380952558
1060	goal + feedback	7	1100	-0.07346896428571403
1060	goal + feedback	7	1150	-0.2333304642857139
1060	goal + feedback	8	-200	-0.01861235944700474
1060	goal + feedback	8	-150	-0.017781978494623745
1060	goal + feedback	8	-100	-0.0023996451612905054
1060	goal + feedback	8	-50	0.01536935483870964
1060	goal + feedback	8	0	0.026526688172042807
1060	goal + feedback	8	50	0.03323402150537613
1060	goal + feedback	8	100	0.02000952150537616
1060	goal + feedback	8	150	0.004609521505376153
1060	goal + feedback	8	200	-0.036182145161290626
1060	goal + feedback	8	250	-0.058224645161290445
1060	goal + feedback	8	300	-0.06826581182795725
1060	goal + feedback	8	350	-0.10543431182795711
1060	goal + feedback	8	400	-0.1345881451612904
1060	goal + feedback	8	450	-0.14313997849462376
1060	goal + feedback	8	500	-0.13205314516129052
1060	goal + feedback	8	550	-0.08750897849462376
1060	goal + feedback	8	600	-0.07393647849462377
1060	goal + feedback	8	650	-0.0502646451612904
1060	goal + feedback	8	700	-0.054028811827957046
1060	goal + feedback	8	750	-0.08891231182795718
1060	goal + feedback	8	800	-0.11627597849462375
1060	goal + feedback	8	850	-0.1436454784946238
1060	goal + feedback	8	900	-0.16267364516129046
1060	goal + feedback	8	950	-0.1548404784946237
1060	goal + feedback	8	1e3	-0.1841969784946238
1060	goal + feedback	8	1050	-0.18654264516129052
1060	goal + feedback	8	1100	-0.20562981182795714
1060	goal + feedback	8	1150	-0.20827681182795713
1060	goal + feedback	9	-200	-0.032099175115207386
1060	goal + feedback	9	-150	-0.018580198924731173
1060	goal + feedback	9	-100	-0.006549865591397881
1060	goal + feedback	9	-50	0.017641634408602114
1060	goal + feedback	9	0	0.04493746774193549
1060	goal + feedback	9	50	0.05395546774193546
1060	goal + feedback	9	100	0.04975963440860206
1060	goal + feedback	9	150	0.05327480107526883
1060	goal + feedback	9	200	0.05063130107526881
1060	goal + feedback	9	250	0.03557980107526874
1060	goal + feedback	9	300	0.031231967741935485
1060	goal + feedback	9	350	0.011234634408602062
1060	goal + feedback	9	400	0.019416134408602053
1060	goal + feedback	9	450	0.031290634408602136
1060	goal + feedback	9	500	0.08302046774193543
1060	goal + feedback	9	550	0.13169546774193552
1060	goal + feedback	9	600	0.17375696774193541
1060	goal + feedback	9	650	0.17788796774193547
1060	goal + feedback	9	700	0.12843013440860215
1060	goal + feedback	9	750	0.06650430107526868
1060	goal + feedback	9	800	0.01778813440860209
1060	goal + feedback	9	850	-0.024337532258064565
1060	goal + feedback	9	900	-0.06703636559139792
1060	goal + feedback	9	950	-0.057892532258064566
1060	goal + feedback	9	1e3	-0.06431486559139794
1060	goal + feedback	9	1050	-0.06620453225806451
1060	goal + feedback	9	1100	-0.0673621989247312
1060	goal + feedback	9	1150	-0.03582836559139794
1060	goal + feedback	10	-200	0.00563513824884776
1060	goal + feedback	10	-150	0.0010368763440858537
1060	goal + feedback	10	-100	-4.369569892474316e-4
1060	goal + feedback	10	-50	-0.008291123655914001
1060	goal + feedback	10	0	0.0011168763440858598
1060	goal + feedback	10	50	6.00376344085903e-4
1060	goal + feedback	10	100	0.018541876344085956
1060	goal + feedback	10	150	0.011611543010752623
1060	goal + feedback	10	200	0.011581043010752579
1060	goal + feedback	10	250	-0.002894623655914197
1060	goal + feedback	10	300	0.003899043010752538
1060	goal + feedback	10	350	-0.01248462365591411
1060	goal + feedback	10	400	0.004021709677419179
1060	goal + feedback	10	450	0.03650070967741925
1060	goal + feedback	10	500	0.07586104301075254
1060	goal + feedback	10	550	0.11774837634408593
1060	goal + feedback	10	600	0.1645833763440859
1060	goal + feedback	10	650	0.1545890430107526
1060	goal + feedback	10	700	0.11107904301075251
1060	goal + feedback	10	750	-0.0352159569892474
1060	goal + feedback	10	800	NA
1060	goal + feedback	10	850	NA
1060	goal + feedback	10	900	-0.057589290322580755
1060	goal + feedback	10	950	0.02271454301075256
1060	goal + feedback	10	1e3	0.03342004301075252
1060	goal + feedback	10	1050	0.0709882096774191
1060	goal + feedback	10	1100	0.12284420967741916
1060	goal + feedback	10	1150	0.13995604301075257
1060	goal + feedback	11	-200	0.0070364654377880675
1060	goal + feedback	11	-150	1.659892473118152e-4
1060	goal + feedback	11	-100	-0.002395177419354836
1060	goal + feedback	11	-50	0.0045958225806452075
1060	goal + feedback	11	0	-0.01057584408602145
1060	goal + feedback	11	50	-0.03340267741935491
1060	goal + feedback	11	100	-0.06266351075268813
1060	goal + feedback	11	150	-0.09739967741935485
1060	goal + feedback	11	200	-0.12282884408602161
1060	goal + feedback	11	250	-0.14493184408602158
1060	goal + feedback	11	300	-0.17097601075268817
1060	goal + feedback	11	350	-0.1806323440860215
1060	goal + feedback	11	400	-0.18369434408602148
1060	goal + feedback	11	450	-0.1750028440860215
1060	goal + feedback	11	500	-0.15047351075268822
1060	goal + feedback	11	550	-0.09568451075268818
1060	goal + feedback	11	600	-0.045467677419354834
1060	goal + feedback	11	650	-0.01832334408602147
1060	goal + feedback	11	700	-0.010879677419354842
1060	goal + feedback	11	750	-0.05649367741935474
1060	goal + feedback	11	800	NA
1060	goal + feedback	11	850	NA
1060	goal + feedback	11	900	NA
1060	goal + feedback	11	950	0.21396532258064527
1060	goal + feedback	11	1e3	-0.0529590107526882
1060	goal + feedback	11	1050	0.003381489247311779
1060	goal + feedback	11	1100	0.02848415591397842
1060	goal + feedback	11	1150	0.0918741559139784
1060	goal + feedback	12	-200	-0.024776774193548196
1060	goal + feedback	12	-150	-0.016801607526881607
1060	goal + feedback	12	-100	-0.00399127419354824
1060	goal + feedback	12	-50	0.02835455913978513
1060	goal + feedback	12	0	0.02134455913978517
1060	goal + feedback	12	50	0.026787725806451796
1060	goal + feedback	12	100	0.02977305913978512
1060	goal + feedback	12	150	0.039548892473118435
1060	goal + feedback	12	200	0.05946922580645183
1060	goal + feedback	12	250	0.053893225806451873
1060	goal + feedback	12	300	0.05177672580645165
1060	goal + feedback	12	350	0.08477822580645178
1060	goal + feedback	12	400	0.08231855913978503
1060	goal + feedback	12	450	0.0855827258064518
1060	goal + feedback	12	500	0.08256172580645178
1060	goal + feedback	12	550	0.08972155913978515
1060	goal + feedback	12	600	0.10079872580645177
1060	goal + feedback	12	650	0.11904689247311843
1060	goal + feedback	12	700	0.10266655913978506
1060	goal + feedback	12	750	0.03032022580645181
1060	goal + feedback	12	800	-0.1931617741935483
1060	goal + feedback	12	850	NA
1060	goal + feedback	12	900	NA
1060	goal + feedback	12	950	NA
1060	goal + feedback	12	1e3	0.6836612258064516
1060	goal + feedback	12	1050	-0.21302852419354834
1060	goal + feedback	12	1100	-0.17748444086021484
1060	goal + feedback	12	1150	-0.1600102741935482
1060	goal + feedback	13	-200	-0.0038225944700461334
1060	goal + feedback	13	-150	-0.0153311182795699
1060	goal + feedback	13	-100	-0.01324185161290332
1060	goal + feedback	13	-50	0.014138405529953792
1060	goal + feedback	13	0	0.014330881720429955
1060	goal + feedback	13	50	0.010754215053763394
1060	goal + feedback	13	100	0.010602548387096697
1060	goal + feedback	13	150	0.06314454838709671
1060	goal + feedback	13	200	0.07493238172043008
1060	goal + feedback	13	250	0.08107021505376337
1060	goal + feedback	13	300	0.08727421505376338
1060	goal + feedback	13	350	0.0902038817204301
1060	goal + feedback	13	400	0.11046121505376338
1060	goal + feedback	13	450	0.15445071505376337
1060	goal + feedback	13	500	0.15857704838709674
1060	goal + feedback	13	550	0.18449654838709675
1060	goal + feedback	13	600	0.14030238172043008
1060	goal + feedback	13	650	0.09678821505376334
1060	goal + feedback	13	700	0.025233048387096686
1060	goal + feedback	13	750	-0.03545461827956994
1060	goal + feedback	13	800	-0.07858261827956992
1060	goal + feedback	13	850	-0.08749795161290323
1060	goal + feedback	13	900	-0.1907529516129033
1060	goal + feedback	13	950	NA
1060	goal + feedback	13	1e3	NA
1060	goal + feedback	13	1050	0.30578679838709677
1060	goal + feedback	13	1100	-0.07657161827957
1060	goal + feedback	13	1150	-0.07469245161290328
1060	goal + feedback	14	-200	-0.01609970967741952
1060	goal + feedback	14	-150	-9.818763440862337e-4
1060	goal + feedback	14	-100	0.010963290322580402
1060	goal + feedback	14	-50	0.00933545698924713
1060	goal + feedback	14	0	-5.338763440863037e-4
1060	goal + feedback	14	50	-0.007892709677419582
1060	goal + feedback	14	100	0.011448456989247088
1060	goal + feedback	14	150	0.015769123655913802
1060	goal + feedback	14	200	0.03255929032258035
1060	goal + feedback	14	250	0.05170129032258034
1060	goal + feedback	14	300	0.05352362365591379
1060	goal + feedback	14	350	0.11556179032258045
1060	goal + feedback	14	400	0.17113712365591383
1060	goal + feedback	14	450	0.19753645698924713
1060	goal + feedback	14	500	0.23696879032258034
1060	goal + feedback	14	550	0.282828456989247
1060	goal + feedback	14	600	0.31907295698924715
1060	goal + feedback	14	650	0.3331329569892471
1060	goal + feedback	14	700	0.31250329032258045
1060	goal + feedback	14	750	0.26253345698924707
1060	goal + feedback	14	800	0.21395129032258042
1060	goal + feedback	14	850	0.19387295698924714
1060	goal + feedback	14	900	0.18948212365591374
1060	goal + feedback	14	950	0.19969845698924713
1060	goal + feedback	14	1e3	0.1780351236559138
1060	goal + feedback	14	1050	0.18214795698924716
1060	goal + feedback	14	1100	0.18976729032258044
1060	goal + feedback	14	1150	0.2002022903225804
1060	goal + feedback	15	-200	0.06305911981566835
1060	goal + feedback	15	-150	0.037717381720430154
1060	goal + feedback	15	-100	2.382150537637203e-4
1060	goal + feedback	15	-50	-0.04201011827956972
1060	goal + feedback	15	0	-0.069514451612903
1060	goal + feedback	15	50	-0.08908228494623642
1060	goal + feedback	15	100	-0.09485628494623637
1060	goal + feedback	15	150	-0.09843445161290305
1060	goal + feedback	15	200	-0.10009545161290305
1060	goal + feedback	15	250	-0.0996336182795697
1060	goal + feedback	15	300	-0.08182261827956967
1060	goal + feedback	15	350	-0.08162661827956981
1060	goal + feedback	15	400	-0.02467211827956972
1060	goal + feedback	15	450	0.007141715053763598
1060	goal + feedback	15	500	0.09679471505376358
1060	goal + feedback	15	550	0.12721671505376353
1060	goal + feedback	15	600	0.1654712150537636
1060	goal + feedback	15	650	0.14244188172043026
1060	goal + feedback	15	700	-0.08256145161290318
1060	goal + feedback	15	750	NA
1060	goal + feedback	15	800	NA
1060	goal + feedback	15	850	-0.07703185161290307
1060	goal + feedback	15	900	-0.028452618279569686
1060	goal + feedback	15	950	0.002679215053763636
1060	goal + feedback	15	1e3	-0.09495395161290299
1060	goal + feedback	15	1050	NA
1060	goal + feedback	15	1100	NA
1060	goal + feedback	15	1150	-0.33216645161290304
1060	goal + feedback	16	-200	-0.013602142857143054
1060	goal + feedback	16	-150	-0.009007333333333442
1060	goal + feedback	16	-100	0.011967166666666529
1060	goal + feedback	16	-50	0.0024091666666664993
1060	goal + feedback	16	0	0.010500166666666422
1060	goal + feedback	16	50	0.03353983333333321
1060	goal + feedback	16	100	0.05558516666666654
1060	goal + feedback	16	150	0.05400633333333323
1060	goal + feedback	16	200	0.09062949999999985
1060	goal + feedback	16	250	0.09259366666666662
1060	goal + feedback	16	300	0.10906183333333315
1060	goal + feedback	16	350	0.11206533333333317
1060	goal + feedback	16	400	0.13297216666666647
1060	goal + feedback	16	450	0.16431133333333317
1060	goal + feedback	16	500	0.19928649999999978
1060	goal + feedback	16	550	0.23028766666666653
1060	goal + feedback	16	600	0.2762864999999997
1060	goal + feedback	16	650	0.2811208333333331
1060	goal + feedback	16	700	0.24352719999999978
1060	goal + feedback	16	750	NA
1060	goal + feedback	16	800	NA
1060	goal + feedback	16	850	-0.04359000000000002
1060	goal + feedback	16	900	0.060752499999999765
1060	goal + feedback	16	950	0.10589566666666646
1060	goal + feedback	16	1e3	0.11440049999999984
1060	goal + feedback	16	1050	0.13756533333333318
1060	goal + feedback	16	1100	0.1545869999999999
1060	goal + feedback	16	1150	0.19161183333333312
1060	goal + feedback	17	-200	0.03902818433179732
1060	goal + feedback	17	-150	0.026446112903225922
1060	goal + feedback	17	-100	8.497795698925911e-4
1060	goal + feedback	17	-50	-0.020895387096774003
1060	goal + feedback	17	0	-0.05193338709677405
1060	goal + feedback	17	50	-0.06852572043010736
1060	goal + feedback	17	100	-0.07386072043010732
1060	goal + feedback	17	150	-0.0952507204301074
1060	goal + feedback	17	200	-0.07291372043010742
1060	goal + feedback	17	250	-0.06709238709677405
1060	goal + feedback	17	300	-0.06057038709677413
1060	goal + feedback	17	350	-0.05440622043010738
1060	goal + feedback	17	400	-0.05993672043010734
1060	goal + feedback	17	450	-0.019132553763440807
1060	goal + feedback	17	500	0.04610894623655929
1060	goal + feedback	17	550	0.07383127956989262
1060	goal + feedback	17	600	0.07187144623655928
1060	goal + feedback	17	650	0.004674446236559253
1060	goal + feedback	17	700	-0.05375722043010733
1060	goal + feedback	17	750	-0.09778188709677416
1060	goal + feedback	17	800	-0.1332920537634407
1060	goal + feedback	17	850	-0.18849155376344076
1060	goal + feedback	17	900	-0.19056738709677404
1060	goal + feedback	17	950	-0.17727955376344076
1060	goal + feedback	17	1e3	-0.1645298870967741
1060	goal + feedback	17	1050	-0.12513938709677408
1060	goal + feedback	17	1100	-0.09041072043010738
1060	goal + feedback	17	1150	-0.041064053763440654
1060	goal + feedback	18	-200	0.01027427188940111
1060	goal + feedback	18	-150	0.007107962365591562
1060	goal + feedback	18	-100	0.002415629032258263
1060	goal + feedback	18	-50	-0.015667370967741734
1060	goal + feedback	18	0	-0.005842870967741757
1060	goal + feedback	18	50	-0.010697704301074973
1060	goal + feedback	18	100	-0.007072204301074987
1060	goal + feedback	18	150	-0.01118647096774179
1060	goal + feedback	18	200	-0.03848401382488463
1060	goal + feedback	18	250	-0.033169037634408406
1060	goal + feedback	18	300	-0.03806537096774173
1060	goal + feedback	18	350	-0.03659253763440843
1060	goal + feedback	18	400	-0.006616704301075045
1060	goal + feedback	18	450	0.005200462365591463
1060	goal + feedback	18	500	0.01614312903225823
1060	goal + feedback	18	550	0.049613795698924955
1060	goal + feedback	18	600	0.07762329569892497
1060	goal + feedback	18	650	0.08380596236559164
1060	goal + feedback	18	700	0.06469996236559157
1060	goal + feedback	18	750	0.03425329569892499
1060	goal + feedback	18	800	0.0016526290322581942
1060	goal + feedback	18	850	-0.15653320430107506
1060	goal + feedback	18	900	NA
1060	goal + feedback	18	950	NA
1060	goal + feedback	18	1e3	NA
1060	goal + feedback	18	1050	-0.02058620430107509
1060	goal + feedback	18	1100	0.05377812903225824
1060	goal + feedback	18	1150	0.07813996236559162
1060	goal + feedback	19	-200	0.04635005990783408
1060	goal + feedback	19	-150	0.015953274193548268
1060	goal + feedback	19	-100	-0.009089559139784967
1060	goal + feedback	19	-50	-0.02805439247311825
1060	goal + feedback	19	0	-0.032884392473118286
1060	goal + feedback	19	50	-0.056568225806451634
1060	goal + feedback	19	100	-0.052936892473118245
1060	goal + feedback	19	150	-0.06947005913978492
1060	goal + feedback	19	200	-0.06307005913978496
1060	goal + feedback	19	250	-0.07343205913978486
1060	goal + feedback	19	300	-0.07297022580645167
1060	goal + feedback	19	350	-0.05874955913978493
1060	goal + feedback	19	400	-0.054585725806451636
1060	goal + feedback	19	450	-0.04055205913978499
1060	goal + feedback	19	500	-0.02671722580645164
1060	goal + feedback	19	550	0.017761774193548446
1060	goal + feedback	19	600	0.05872794086021497
1060	goal + feedback	19	650	0.11505910752688171
1060	goal + feedback	19	700	0.1394766075268817
1060	goal + feedback	19	750	0.15001560752688156
1060	goal + feedback	19	800	0.15170810752688166
1060	goal + feedback	19	850	0.12648410752688174
1060	goal + feedback	19	900	0.11355944086021504
1060	goal + feedback	19	950	0.11295644086021499
1060	goal + feedback	19	1e3	0.12086844086021505
1060	goal + feedback	19	1050	0.11921060752688166
1060	goal + feedback	19	1100	0.12284177419354829
1060	goal + feedback	19	1150	0.15431844086021496
1060	goal + feedback	20	-200	-0.15185494444444458
1060	goal + feedback	20	-150	NA
1060	goal + feedback	20	-100	0.13405855555555557
1060	goal + feedback	20	-50	-0.045132373015872904
1060	goal + feedback	20	0	-0.011408777777777749
1060	goal + feedback	20	50	0.010431555555555638
1060	goal + feedback	20	100	0.045945055555555614
1060	goal + feedback	20	150	0.01436255555555562
1060	goal + feedback	20	200	-0.06690861111111102
1060	goal + feedback	20	250	-0.1508612777777778
1060	goal + feedback	20	300	-0.21049061111111103
1060	goal + feedback	20	350	-0.24257594444444433
1060	goal + feedback	20	400	-0.26225194444444444
1060	goal + feedback	20	450	-0.258769611111111
1060	goal + feedback	20	500	-0.23438494444444427
1060	goal + feedback	20	550	-0.1795407777777777
1060	goal + feedback	20	600	-0.1383964444444444
1060	goal + feedback	20	650	-0.12818144444444438
1060	goal + feedback	20	700	-0.153010611111111
1060	goal + feedback	20	750	-0.16083077777777763
1060	goal + feedback	20	800	-0.18797577777777766
1060	goal + feedback	20	850	-0.19741311111111104
1060	goal + feedback	20	900	-0.21267361111111094
1060	goal + feedback	20	950	-0.2251694444444444
1060	goal + feedback	20	1e3	-0.21079777777777764
1060	goal + feedback	20	1050	-0.1980967777777777
1060	goal + feedback	20	1100	-0.17698861111111105
1060	goal + feedback	20	1150	-0.15690911111111103
1060	goal + feedback	21	-200	-0.007181755760368803
1060	goal + feedback	21	-150	0.015101053763440767
1060	goal + feedback	21	-100	0.005523053763440755
1060	goal + feedback	21	-50	0.0035390537634407693
1060	goal + feedback	21	0	-0.015784446236559207
1060	goal + feedback	21	50	-0.06668477956989254
1060	goal + feedback	21	100	-0.11869377956989265
1060	goal + feedback	21	150	-0.17362511290322594
1060	goal + feedback	21	200	-0.19607961290322598
1060	goal + feedback	21	250	-0.22365361290322583
1060	goal + feedback	21	300	-0.22385061290322597
1060	goal + feedback	21	350	-0.21473011290322597
1060	goal + feedback	21	400	-0.19345711290322587
1060	goal + feedback	21	450	-0.1415967795698926
1060	goal + feedback	21	500	-0.09667544623655926
1060	goal + feedback	21	550	-0.02732027956989258
1060	goal + feedback	21	600	0.037759720430107446
1060	goal + feedback	21	650	0.07216538709677416
1060	goal + feedback	21	700	0.07359438709677413
1060	goal + feedback	21	750	0.04055788709677414
1060	goal + feedback	21	800	-0.00848211290322598
1060	goal + feedback	21	850	-0.04882477956989254
1060	goal + feedback	21	900	-0.045858612903225904
1060	goal + feedback	21	950	-0.05737894623655926
1060	goal + feedback	21	1e3	-0.059648446236559106
1060	goal + feedback	21	1050	-0.05060694623655926
1060	goal + feedback	21	1100	-0.038734112903226
1060	goal + feedback	21	1150	-0.016821779569892614
1060	goal + feedback	22	-200	0.01576036405529965
1060	goal + feedback	22	-150	-0.0016052311827955041
1060	goal + feedback	22	-100	-0.021614897849462206
1060	goal + feedback	22	-50	0.009395768817204534
1060	goal + feedback	22	0	-0.004562731182795525
1060	goal + feedback	22	50	0.017068768817204427
1060	goal + feedback	22	100	0.008177602150537755
1060	goal + feedback	22	150	-0.0028035645161287683
1060	goal + feedback	22	200	-0.036096397849462246
1060	goal + feedback	22	250	-0.057220397849462236
1060	goal + feedback	22	300	-0.055124064516128835
1060	goal + feedback	22	350	-0.04570956451612888
1060	goal + feedback	22	400	-0.01665723118279557
1060	goal + feedback	22	450	0.024096102150537774
1060	goal + feedback	22	500	0.07081160215053783
1060	goal + feedback	22	550	0.10352576881720436
1060	goal + feedback	22	600	0.0949041021505379
1060	goal + feedback	22	650	0.06459443548387123
1060	goal + feedback	22	700	-0.009020064516128837
1060	goal + feedback	22	750	-0.0977510645161288
1060	goal + feedback	22	800	NA
1060	goal + feedback	22	850	NA
1060	goal + feedback	22	900	NA
1060	goal + feedback	22	950	NA
1060	goal + feedback	22	1e3	-0.03637506451612893
1060	goal + feedback	22	1050	-0.05063892165898608
1060	goal + feedback	22	1100	0.010805268817204375
1060	goal + feedback	22	1150	0.016311768817204458
1060	goal + feedback	23	-200	1.3615668202752014e-4
1060	goal + feedback	23	-150	-0.007996462365591483
1060	goal + feedback	23	-100	-0.011036795698924795
1060	goal + feedback	23	-50	-0.004295129032258223
1060	goal + feedback	23	0	0.02316953763440847
1060	goal + feedback	23	50	0.04655303763440847
1060	goal + feedback	23	100	0.06787403763440847
1060	goal + feedback	23	150	0.057462704301075064
1060	goal + feedback	23	200	0.0718620376344085
1060	goal + feedback	23	250	0.09015953763440843
1060	goal + feedback	23	300	0.09979103763440844
1060	goal + feedback	23	350	0.08376203763440852
1060	goal + feedback	23	400	0.09361970430107514
1060	goal + feedback	23	450	0.10305237096774185
1060	goal + feedback	23	500	0.10060170430107518
1060	goal + feedback	23	550	0.0934075376344085
1060	goal + feedback	23	600	0.09956103763440849
1060	goal + feedback	23	650	0.10763220430107512
1060	goal + feedback	23	700	0.08596470430107517
1060	goal + feedback	23	750	0.048015037634408474
1060	goal + feedback	23	800	0.0028533709677417787
1060	goal + feedback	23	850	-0.023729629032258098
1060	goal + feedback	23	900	-0.06967879569892488
1060	goal + feedback	23	950	-0.06358062903225825
1060	goal + feedback	23	1e3	-0.06384396236559146
1060	goal + feedback	23	1050	-0.05443479569892484
1060	goal + feedback	23	1100	-0.0630671290322582
1060	goal + feedback	23	1150	-0.051685629032258186
1060	goal + feedback	24	-200	-0.02224194009216594
1060	goal + feedback	24	-150	-0.008472892473118332
1060	goal + feedback	24	-100	0.013407440860215095
1060	goal + feedback	24	-50	0.008274274193548278
1060	goal + feedback	24	0	0.012740107526881594
1060	goal + feedback	24	50	0.016197440860214945
1060	goal + feedback	24	100	0.015716607526881532
1060	goal + feedback	24	150	0.024037440860215014
1060	goal + feedback	24	200	0.03272094086021493
1060	goal + feedback	24	250	0.008602440860215
1060	goal + feedback	24	300	-0.0076017258064516495
1060	goal + feedback	24	350	-0.013147725806451701
1060	goal + feedback	24	400	-0.012118059139785068
1060	goal + feedback	24	450	-0.0014938924731183374
1060	goal + feedback	24	500	0.018197607526881637
1060	goal + feedback	24	550	0.06322994086021498
1060	goal + feedback	24	600	0.12857394086021498
1060	goal + feedback	24	650	0.14900677419354835
1060	goal + feedback	24	700	0.15645877419354828
1060	goal + feedback	24	750	0.12973894086021506
1060	goal + feedback	24	800	0.092925940860215
1060	goal + feedback	24	850	0.05671410752688155
1060	goal + feedback	24	900	0.04436994086021503
1060	goal + feedback	24	950	0.026703940860214992
1060	goal + feedback	24	1e3	0.03742244086021499
1060	goal + feedback	24	1050	0.024141774193548276
1060	goal + feedback	24	1100	0.026732607526881596
1060	goal + feedback	24	1150	0.060737774193548276
1060	goal + feedback	25	-200	0.0024387333333333316
1060	goal + feedback	25	-150	9.423809523781809e-6
1060	goal + feedback	25	-100	0.00670689999999996
1060	goal + feedback	25	-50	-0.0014387666666666465
1060	goal + feedback	25	0	-0.009261433333333357
1060	goal + feedback	25	50	-0.01104000476190484
1060	goal + feedback	25	100	-0.011250933333333343
1060	goal + feedback	25	150	0.002630233333333306
1060	goal + feedback	25	200	0.01831123333333336
1060	goal + feedback	25	250	0.02726790000000001
1060	goal + feedback	25	300	0.03252806666666667
1060	goal + feedback	25	350	0.025594899999999976
1060	goal + feedback	25	400	0.022133066666666663
1060	goal + feedback	25	450	0.055542899999999916
1060	goal + feedback	25	500	0.09119323333333325
1060	goal + feedback	25	550	0.13377923333333328
1060	goal + feedback	25	600	0.16951506666666658
1060	goal + feedback	25	650	0.17244623333333328
1060	goal + feedback	25	700	0.13836323333333334
1060	goal + feedback	25	750	0.08976923333333331
1060	goal + feedback	25	800	0.04151739999999996
1060	goal + feedback	25	850	0.03426273333333326
1060	goal + feedback	25	900	0.009707066666666542
1060	goal + feedback	25	950	-0.0033026000000000444
1060	goal + feedback	25	1e3	-0.006061766666666764
1060	goal + feedback	25	1050	-0.014571933333333398
1060	goal + feedback	25	1100	-0.012761600000000003
1060	goal + feedback	25	1150	0.06277989999999993
1060	goal + feedback	26	-200	-0.04617276958525356
1060	goal + feedback	26	-150	-0.0304616505376345
1060	goal + feedback	26	-100	-2.731505376344738e-4
1060	goal + feedback	26	-50	0.026136682795698734
1060	goal + feedback	26	0	0.05846634946236547
1060	goal + feedback	26	50	0.08182718279569874
1060	goal + feedback	26	100	0.07983868279569872
1060	goal + feedback	26	150	0.08395834946236554
1060	goal + feedback	26	200	0.08021051612903207
1060	goal + feedback	26	250	0.07956034946236541
1060	goal + feedback	26	300	0.07346751612903206
1060	goal + feedback	26	350	0.06988851612903213
1060	goal + feedback	26	400	0.08842534946236547
1060	goal + feedback	26	450	0.10452418279569886
1060	goal + feedback	26	500	0.13430118279569872
1060	goal + feedback	26	550	0.16777201612903206
1060	goal + feedback	26	600	0.1720211827956987
1060	goal + feedback	26	650	0.15051951612903203
1060	goal + feedback	26	700	0.0537028494623654
1060	goal + feedback	26	750	-0.11099048387096788
1060	goal + feedback	26	800	NA
1060	goal + feedback	26	850	NA
1060	goal + feedback	26	900	0.004639849462365546
1060	goal + feedback	26	950	-0.15181381720430132
1060	goal + feedback	26	1e3	-0.12341015053763453
1060	goal + feedback	26	1050	-0.13072565053763455
1060	goal + feedback	26	1100	-0.10040931720430124
1060	goal + feedback	26	1150	-0.10165665053763455
1060	goal + feedback	27	-200	0.001616811059907646
1060	goal + feedback	27	-150	-0.011721236559139925
1060	goal + feedback	27	-100	-0.0035405698924732367
1060	goal + feedback	27	-50	0.010848596774193439
1060	goal + feedback	27	0	0.0025269301075267294
1060	goal + feedback	27	50	0.001577430107526867
1060	goal + feedback	27	100	0.020976263440860194
1060	goal + feedback	27	150	0.01970493010752672
1060	goal + feedback	27	200	0.015843430107526757
1060	goal + feedback	27	250	0.011390263440860101
1060	goal + feedback	27	300	0.014206763440860174
1060	goal + feedback	27	350	0.010066930107526831
1060	goal + feedback	27	400	0.0024590967741934624
1060	goal + feedback	27	450	0.017164263440860122
1060	goal + feedback	27	500	0.05840043010752686
1060	goal + feedback	27	550	0.11239193010752675
1060	goal + feedback	27	600	0.17038326344086005
1060	goal + feedback	27	650	0.2518815967741935
1060	goal + feedback	27	700	0.2723399301075267
1060	goal + feedback	27	750	0.2843359301075268
1060	goal + feedback	27	800	0.22451959677419353
1060	goal + feedback	27	850	0.1676242634408601
1060	goal + feedback	27	900	0.14634843010752693
1060	goal + feedback	27	950	0.1279225967741935
1060	goal + feedback	27	1e3	0.11339909677419342
1060	goal + feedback	27	1050	0.11415093010752668
1060	goal + feedback	27	1100	0.11003159677419354
1060	goal + feedback	27	1150	0.13711976344086008
1060	goal + feedback	28	-200	0.004880506912442366
1060	goal + feedback	28	-150	0.0055284354838709415
1060	goal + feedback	28	-100	-0.00505256451612901
1060	goal + feedback	28	-50	0.0015187688172042524
1060	goal + feedback	28	0	-0.007688564516129093
1060	goal + feedback	28	50	0.021315602150537627
1060	goal + feedback	28	100	0.014519935483870983
1060	goal + feedback	28	150	0.016257102150537623
1060	goal + feedback	28	200	0.023856268817204374
1060	goal + feedback	28	250	0.01847093548387102
1060	goal + feedback	28	300	0.013117602150537625
1060	goal + feedback	28	350	0.007027602150537622
1060	goal + feedback	28	400	0.0016971021505376438
1060	goal + feedback	28	450	0.032249268817204246
1060	goal + feedback	28	500	0.08105210215053771
1060	goal + feedback	28	550	0.08857176881720437
1060	goal + feedback	28	600	0.08402060215053764
1060	goal + feedback	28	650	0.056476602150537625
1060	goal + feedback	28	700	0.018388602150537576
1060	goal + feedback	28	750	-0.009174731182795734
1060	goal + feedback	28	800	-0.03413689784946228
1060	goal + feedback	28	850	-0.04492789784946235
1060	goal + feedback	28	900	-0.04541273118279565
1060	goal + feedback	28	950	-0.034845231182795734
1060	goal + feedback	28	1e3	-0.02251806451612907
1060	goal + feedback	28	1050	-0.014801397849462402
1060	goal + feedback	28	1100	0.023788102150537654
1060	goal + feedback	28	1150	0.06239443548387088
1060	goal + feedback	29	-200	0.009411562211981472
1060	goal + feedback	29	-150	-0.0030559139784946954
1060	goal + feedback	29	-100	0.008177086021505279
1060	goal + feedback	29	-50	-0.008138413978494796
1060	goal + feedback	29	0	-0.007962913978494765
1060	goal + feedback	29	50	-0.025997913978494713
1060	goal + feedback	29	100	-0.03799008064516155
1060	goal + feedback	29	150	-0.05353391397849472
1060	goal + feedback	29	200	-0.04437408064516135
1060	goal + feedback	29	250	-0.052463580645161434
1060	goal + feedback	29	300	-0.06542208064516138
1060	goal + feedback	29	350	-0.04363924731182811
1060	goal + feedback	29	400	-0.020293747311828165
1060	goal + feedback	29	450	0.024873252688171865
1060	goal + feedback	29	500	0.0720834193548386
1060	goal + feedback	29	550	0.13538008602150517
1060	goal + feedback	29	600	0.1422010860215052
1060	goal + feedback	29	650	0.1050755860215052
1060	goal + feedback	29	700	0.05757891935483853
1060	goal + feedback	29	750	0.00694425268817193
1060	goal + feedback	29	800	4.1691935483874804e-4
1060	goal + feedback	29	850	-0.011006080645161362
1060	goal + feedback	29	900	-0.02515858064516152
1060	goal + feedback	29	950	-0.018328580645161335
1060	goal + feedback	29	1e3	-0.0020795806451614496
1060	goal + feedback	29	1050	0.02620458602150529
1060	goal + feedback	29	1100	0.04669008602150523
1060	goal + feedback	29	1150	0.08530375268817192
1060	goal + feedback	30	-200	0.05208831720430133
1060	goal + feedback	30	-150	0.0038604838709678396
1060	goal + feedback	30	-100	-0.021350516129032087
1060	goal + feedback	30	-50	-0.01932118279569865
1060	goal + feedback	30	0	-0.015920516129032114
1060	goal + feedback	30	50	-0.026357016129032074
1060	goal + feedback	30	100	-0.018746849462365416
1060	goal + feedback	30	150	0.0017264838709678543
1060	goal + feedback	30	200	0.009918483870967831
1060	goal + feedback	30	250	0.005951483870968
1060	goal + feedback	30	300	0.010715650537634605
1060	goal + feedback	30	350	-0.005566682795698756
1060	goal + feedback	30	400	0.0057383172043011426
1060	goal + feedback	30	450	0.028656317204301212
1060	goal + feedback	30	500	0.06134548387096794
1060	goal + feedback	30	550	0.10757865053763453
1060	goal + feedback	30	600	0.09486198387096789
1060	goal + feedback	30	650	NA
1060	goal + feedback	30	700	NA
1060	goal + feedback	30	750	NA
1060	goal + feedback	30	800	0.006766883870967888
1060	goal + feedback	30	850	-0.014326916129032075
1060	goal + feedback	30	900	NA
1060	goal + feedback	30	950	NA
1060	goal + feedback	30	1e3	NA
1060	goal + feedback	30	1050	NA
1060	goal + feedback	30	1100	NA
1060	goal + feedback	30	1150	NA
1060	goal + feedback	31	-200	-0.016636271889400995
1060	goal + feedback	31	-150	-0.0055006290322581934
1060	goal + feedback	31	-100	0.0033115376344086123
1060	goal + feedback	31	-50	0.004413704301075239
1060	goal + feedback	31	0	0.017184370967741947
1060	goal + feedback	31	50	0.028298870967741863
1060	goal + feedback	31	100	0.03085187096774189
1060	goal + feedback	31	150	0.02292837096774199
1060	goal + feedback	31	200	0.011655537634408667
1060	goal + feedback	31	250	5.0037634408584e-5
1060	goal + feedback	31	300	-0.008846129032258046
1060	goal + feedback	31	350	-0.02066229569892471
1060	goal + feedback	31	400	-0.018440962365591302
1060	goal + feedback	31	450	0.005482204301075304
1060	goal + feedback	31	500	0.010367370967741948
1060	goal + feedback	31	550	0.06682803763440859
1060	goal + feedback	31	600	0.12121687096774192
1060	goal + feedback	31	650	0.15959487096774194
1060	goal + feedback	31	700	0.1450222043010753
1060	goal + feedback	31	750	0.1031823709677419
1060	goal + feedback	31	800	-0.08951312903225794
1060	goal + feedback	31	850	NA
1060	goal + feedback	31	900	NA
1060	goal + feedback	31	950	NA
1060	goal + feedback	31	1e3	NA
1060	goal + feedback	31	1050	0.473011870967742
1060	goal + feedback	31	1100	-0.2223006290322581
1060	goal + feedback	31	1150	NA
1060	goal + feedback	32	-200	0.04028663333333352
1060	goal + feedback	32	-150	0.022679300000000218
1060	goal + feedback	32	-100	0.002835133333333554
1060	goal + feedback	32	-50	-0.028692533333333214
1060	goal + feedback	32	0	-0.037108533333333193
1060	goal + feedback	32	50	-0.055797033333333225
1060	goal + feedback	32	100	-0.049018033333333065
1060	goal + feedback	32	150	-0.04928536666666646
1060	goal + feedback	32	200	-0.022096366666666478
1060	goal + feedback	32	250	-0.00888619999999977
1060	goal + feedback	32	300	0.009126633333333523
1060	goal + feedback	32	350	0.008102300000000154
1060	goal + feedback	32	400	0.01712596666666692
1060	goal + feedback	32	450	0.07350596666666687
1060	goal + feedback	32	500	0.09544130000000021
1060	goal + feedback	32	550	0.11741430000000008
1060	goal + feedback	32	600	0.1604371333333335
1060	goal + feedback	32	650	0.13372980000000023
1060	goal + feedback	32	700	0.06978396666666686
1060	goal + feedback	32	750	0.01835832380952399
1060	goal + feedback	32	800	-0.04527733333333313
1060	goal + feedback	32	850	-0.08855353333333316
1060	goal + feedback	32	900	-0.1294516999999998
1060	goal + feedback	32	950	-0.15436969999999986
1060	goal + feedback	32	1e3	-0.16907803333333313
1060	goal + feedback	32	1050	-0.17742219999999972
1060	goal + feedback	32	1100	-0.18967619999999985
1060	goal + feedback	32	1150	-0.17857486666666644
1060	goal + feedback	33	-200	-0.01447886666666672
1060	goal + feedback	33	-150	-0.007475200000000015
1060	goal + feedback	33	-100	-0.003118533333333525
1060	goal + feedback	33	-50	0.0148512999999999
1060	goal + feedback	33	0	0.010221299999999989
1060	goal + feedback	33	50	0.013027799999999923
1060	goal + feedback	33	100	0.019362633333333212
1060	goal + feedback	33	150	0.01958763333333328
1060	goal + feedback	33	200	0.04992679999999986
1060	goal + feedback	33	250	0.02866729999999988
1060	goal + feedback	33	300	0.018278966666666507
1060	goal + feedback	33	350	0.025714133333333205
1060	goal + feedback	33	400	0.027577966666666526
1060	goal + feedback	33	450	0.05578596666666654
1060	goal + feedback	33	500	0.1116422999999999
1060	goal + feedback	33	550	0.11609296666666657
1060	goal + feedback	33	600	0.11932829999999998
1060	goal + feedback	33	650	0.05972746666666651
1060	goal + feedback	33	700	-0.014213033333333533
1060	goal + feedback	33	750	-0.0674432000000001
1060	goal + feedback	33	800	-0.1174039380952383
1060	goal + feedback	33	850	-0.1631413666666668
1060	goal + feedback	33	900	-0.17890270000000016
1060	goal + feedback	33	950	-0.2263132000000001
1060	goal + feedback	33	1e3	-0.24842053333333344
1060	goal + feedback	33	1050	-0.2427010333333334
1060	goal + feedback	33	1100	-0.21281720000000015
1060	goal + feedback	33	1150	-0.22106220000000007
1060	goal + feedback	34	-200	3.887557603686277e-4
1060	goal + feedback	34	-150	-0.004375887096774204
1060	goal + feedback	34	-100	-0.005483220430107553
1060	goal + feedback	34	-50	0.0022999462365591583
1060	goal + feedback	34	0	0.007105612903225793
1060	goal + feedback	34	50	0.019196446236559028
1060	goal + feedback	34	100	0.026614612903225792
1060	goal + feedback	34	150	0.03536027956989248
1060	goal + feedback	34	200	0.03877177956989245
1060	goal + feedback	34	250	0.058186279569892564
1060	goal + feedback	34	300	0.07568727956989241
1060	goal + feedback	34	350	0.10370544623655897
1060	goal + feedback	34	400	0.12414777956989242
1060	goal + feedback	34	450	0.13714644623655917
1060	goal + feedback	34	500	0.1585119462365591
1060	goal + feedback	34	550	0.19216827956989246
1060	goal + feedback	34	600	0.2283729462365592
1060	goal + feedback	34	650	0.26046244623655906
1060	goal + feedback	34	700	0.2534697795698924
1060	goal + feedback	34	750	0.22137027956989241
1060	goal + feedback	34	800	0.1692554462365591
1060	goal + feedback	34	850	0.12445041290322578
1060	goal + feedback	34	900	-0.07372138709677412
1060	goal + feedback	34	950	NA
1060	goal + feedback	34	1e3	NA
1060	goal + feedback	34	1050	NA
1060	goal + feedback	34	1100	NA
1060	goal + feedback	34	1150	NA
1060	goal + feedback	35	-200	0.009421866359447037
1060	goal + feedback	35	-150	0.019809913978494853
1060	goal + feedback	35	-100	0.002246080645161482
1060	goal + feedback	35	-50	-0.014216252688171949
1060	goal + feedback	35	0	-0.01883191935483867
1060	goal + feedback	35	50	-0.02706358602150531
1060	goal + feedback	35	100	-0.040405419354838656
1060	goal + feedback	35	150	-0.03820475268817199
1060	goal + feedback	35	200	-0.04340091935483851
1060	goal + feedback	35	250	-0.054529586021505226
1060	goal + feedback	35	300	-0.0544867526881719
1060	goal + feedback	35	350	-0.056200586021505274
1060	goal + feedback	35	400	-0.03788125268817192
1060	goal + feedback	35	450	0.0046200806451614325
1060	goal + feedback	35	500	0.05482108064516152
1060	goal + feedback	35	550	0.0809020806451614
1060	goal + feedback	35	600	0.042904080645161345
1060	goal + feedback	35	650	-0.02678541935483869
1060	goal + feedback	35	700	-0.08890908602150531
1060	goal + feedback	35	750	-0.16711375268817186
1060	goal + feedback	35	800	-0.21509775268817188
1060	goal + feedback	35	850	-0.24666141935483865
1060	goal + feedback	35	900	-0.28154658602150523
1060	goal + feedback	35	950	-0.3098567526881719
1060	goal + feedback	35	1e3	-0.3237270860215053
1060	goal + feedback	35	1050	-0.3339597526881719
1060	goal + feedback	35	1100	-0.3413847526881719
1060	goal + feedback	35	1150	-0.33678675268817204
1060	goal + feedback	36	-200	-0.008106700460829572
1060	goal + feedback	36	-150	-0.0037947956989248985
1060	goal + feedback	36	-100	-0.009637295698924872
1060	goal + feedback	36	-50	0.012570370967741754
1060	goal + feedback	36	0	0.010319537634408515
1060	goal + feedback	36	50	0.014006537634408364
1060	goal + feedback	36	100	0.008722537634408445
1060	goal + feedback	36	150	0.020284870967741824
1060	goal + feedback	36	200	0.025782037634408523
1060	goal + feedback	36	250	0.022902870967741833
1060	goal + feedback	36	300	0.021541704301075198
1060	goal + feedback	36	350	0.013355037634408484
1060	goal + feedback	36	400	0.028222704301075208
1060	goal + feedback	36	450	0.08297953763440846
1060	goal + feedback	36	500	0.1301282043010751
1060	goal + feedback	36	550	0.16910587096774168
1060	goal + feedback	36	600	0.15903253763440847
1060	goal + feedback	36	650	0.03322862096774182
1060	goal + feedback	36	700	NA
1060	goal + feedback	36	750	NA
1060	goal + feedback	36	800	NA
1060	goal + feedback	36	850	-0.01746812903225825
1060	goal + feedback	36	900	0.03171347096774184
1060	goal + feedback	36	950	0.06392837096774184
1060	goal + feedback	36	1e3	0.07174153763440845
1060	goal + feedback	36	1050	0.12530987096774174
1060	goal + feedback	36	1100	0.17111670430107515
1060	goal + feedback	36	1150	0.16153287096774172
1060	goal + feedback	37	-200	0.06559691705069122
1060	goal + feedback	37	-150	0.0398352741935483
1060	goal + feedback	37	-100	-0.009433892473118396
1060	goal + feedback	37	-50	-0.039797059139785075
1060	goal + feedback	37	0	-0.06713405913978487
1060	goal + feedback	37	50	-0.09888889247311845
1060	goal + feedback	37	100	-0.10863755913978501
1060	goal + feedback	37	150	-0.11544905913978505
1060	goal + feedback	37	200	-0.12008689247311843
1060	goal + feedback	37	250	-0.12355922580645173
1060	goal + feedback	37	300	-0.129683559139785
1060	goal + feedback	37	350	-0.1338783924731184
1060	goal + feedback	37	400	-0.11180172580645172
1060	goal + feedback	37	450	-0.06763872580645162
1060	goal + feedback	37	500	-0.020308725806451672
1060	goal + feedback	37	550	0.03842944086021497
1060	goal + feedback	37	600	0.09840077419354827
1060	goal + feedback	37	650	0.14100244086021507
1060	goal + feedback	37	700	0.10876577419354838
1060	goal + feedback	37	750	0.043767440860214966
1060	goal + feedback	37	800	5.317741935482919e-4
1060	goal + feedback	37	850	-0.03475589247311839
1060	goal + feedback	37	900	-0.050431225806451575
1060	goal + feedback	37	950	-0.0858732258064518
1060	goal + feedback	37	1e3	NA
1060	goal + feedback	37	1050	NA
1060	goal + feedback	37	1100	NA
1060	goal + feedback	37	1150	NA
1060	goal + feedback	38	-200	-0.011472004608295132
1060	goal + feedback	38	-150	-0.00962712365591408
1060	goal + feedback	38	-100	0.007428709677419117
1060	goal + feedback	38	-50	-7.054569892474364e-4
1060	goal + feedback	38	0	0.016287876344085832
1060	goal + feedback	38	50	0.006724376344085921
1060	goal + feedback	38	100	-0.0039809569892474235
1060	goal + feedback	38	150	-0.014282956989247456
1060	goal + feedback	38	200	-0.03847362365591415
1060	goal + feedback	38	250	-0.06394295698924742
1060	goal + feedback	38	300	-0.0911649569892475
1060	goal + feedback	38	350	-0.07659895698924757
1060	goal + feedback	38	400	-0.11942412365591415
1060	goal + feedback	38	450	-0.11603179032258086
1060	goal + feedback	38	500	-0.10069495698924746
1060	goal + feedback	38	550	-0.08462412365591414
1060	goal + feedback	38	600	-0.04665912365591418
1060	goal + feedback	38	650	-0.061362623655914085
1060	goal + feedback	38	700	-0.10249445698924749
1060	goal + feedback	38	750	-0.15779795698924737
1060	goal + feedback	38	800	-0.20771879032258078
1060	goal + feedback	38	850	-0.23559412365591417
1060	goal + feedback	38	900	-0.2407602903225808
1060	goal + feedback	38	950	-0.26139112365591416
1060	goal + feedback	38	1e3	-0.2793917903225808
1060	goal + feedback	38	1050	-0.2834357903225808
1060	goal + feedback	38	1100	-0.27464229032258086
1060	goal + feedback	38	1150	-0.2641141236559141
1060	goal + feedback	40	-200	0.005651940092165868
1060	goal + feedback	40	-150	3.337258064515976e-4
1060	goal + feedback	40	-100	-2.4660752688180726e-4
1060	goal + feedback	40	-50	-4.4277419354850817e-4
1060	goal + feedback	40	0	-0.006238274193548499
1060	goal + feedback	40	50	-0.009078774193548522
1060	goal + feedback	40	100	-0.002378607526881756
1060	goal + feedback	40	150	1.2755913978483116e-4
1060	goal + feedback	40	200	0.004744392473118235
1060	goal + feedback	40	250	0.012549225806451533
1060	goal + feedback	40	300	0.02033905913978488
1060	goal + feedback	40	350	0.04235672580645167
1060	goal + feedback	40	400	0.0329767258064515
1060	goal + feedback	40	450	0.051618059139784865
1060	goal + feedback	40	500	0.0683420591397849
1060	goal + feedback	40	550	0.09753455913978486
1060	goal + feedback	40	600	0.1195400591397849
1060	goal + feedback	40	650	0.14158955913978488
1060	goal + feedback	40	700	0.12584405913978491
1060	goal + feedback	40	750	0.12291605913978487
1060	goal + feedback	40	800	0.007653225806451669
1060	goal + feedback	40	850	NA
1060	goal + feedback	40	900	NA
1060	goal + feedback	40	950	0.3574962258064516
1060	goal + feedback	40	1e3	-0.02192291705069132
1060	goal + feedback	40	1050	-0.0385822741935485
1060	goal + feedback	40	1100	5.937258064515986e-4
1060	goal + feedback	40	1150	0.03354955913978497
1060	goal + feedback	41	-200	-0.009547788018433145
1060	goal + feedback	41	-150	0.004501021505376531
1060	goal + feedback	41	-100	0.008819188172043116
1060	goal + feedback	41	-50	0.0063081881720431126
1060	goal + feedback	41	0	-0.008489311827956906
1060	goal + feedback	41	50	-0.012813811827956822
1060	goal + feedback	41	100	-4.946451612901637e-4
1060	goal + feedback	41	150	-0.012066311827956847
1060	goal + feedback	41	200	-0.015619311827956986
1060	goal + feedback	41	250	-0.02878597849462361
1060	goal + feedback	41	300	-0.041902311827956895
1060	goal + feedback	41	350	-0.053945978494623605
1060	goal + feedback	41	400	-0.06756781182795686
1060	goal + feedback	41	450	-0.03782264516129027
1060	goal + feedback	41	500	-0.02033031182795682
1060	goal + feedback	41	550	0.010646188172043066
1060	goal + feedback	41	600	0.0451921881720431
1060	goal + feedback	41	650	0.07478702150537637
1060	goal + feedback	41	700	0.07768285483870978
1060	goal + feedback	41	750	0.06236752150537642
1060	goal + feedback	41	800	0.008020688172043045
1060	goal + feedback	41	850	-0.03938431182795695
1060	goal + feedback	41	900	-0.09182747849462358
1060	goal + feedback	41	950	-0.12648897849462357
1060	goal + feedback	41	1e3	-0.15576797849462354
1060	goal + feedback	41	1050	-0.16308697849462353
1060	goal + feedback	41	1100	-0.18068731182795691
1060	goal + feedback	41	1150	-0.18573464516129015
1060	goal + feedback	42	-200	-0.026320737327189203
1060	goal + feedback	42	-150	-0.01957128494623676
1060	goal + feedback	42	-100	0.0034470483870966775
1060	goal + feedback	42	-50	0.015456381720429993
1060	goal + feedback	42	0	0.03137538172042994
1060	goal + feedback	42	50	0.04101654838709664
1060	goal + feedback	42	100	0.035909881720429894
1060	goal + feedback	42	150	0.05017154838709659
1060	goal + feedback	42	200	0.06999904838709654
1060	goal + feedback	42	250	0.07050754838709657
1060	goal + feedback	42	300	0.0741615483870967
1060	goal + feedback	42	350	0.07961888172042982
1060	goal + feedback	42	400	0.08868238172042993
1060	goal + feedback	42	450	0.10851371505376332
1060	goal + feedback	42	500	0.14202738172042992
1060	goal + feedback	42	550	0.14062804838709653
1060	goal + feedback	42	600	0.11908788172042988
1060	goal + feedback	42	650	0.049261881720429855
1060	goal + feedback	42	700	-0.17171245161290338
1060	goal + feedback	42	750	NA
1060	goal + feedback	42	800	NA
1060	goal + feedback	42	850	-0.010579951612903407
1060	goal + feedback	42	900	-0.17842011827957008
1060	goal + feedback	42	950	-0.13916761827957003
1060	goal + feedback	42	1e3	-0.10946895161290333
1060	goal + feedback	42	1050	-0.06426528494623669
1060	goal + feedback	42	1100	-0.15754461827957003
1060	goal + feedback	42	1150	-0.1682654516129034
1060	goal + feedback	43	-200	-0.002968741935484052
1060	goal + feedback	43	-150	-0.004862908602150699
1060	goal + feedback	43	-100	-0.002879575268817399
1060	goal + feedback	43	-50	-3.252419354840737e-4
1060	goal + feedback	43	0	0.011531258064515937
1060	goal + feedback	43	50	0.016460424731182588
1060	goal + feedback	43	100	0.03261909139784924
1060	goal + feedback	43	150	0.048917424731182546
1060	goal + feedback	43	200	0.05828759139784919
1060	goal + feedback	43	250	0.062028924731182565
1060	goal + feedback	43	300	0.08662992473118258
1060	goal + feedback	43	350	0.1058989247311825
1060	goal + feedback	43	400	0.13647275806451598
1060	goal + feedback	43	450	0.1689837580645158
1060	goal + feedback	43	500	0.20573359139784922
1060	goal + feedback	43	550	0.24176275806451594
1060	goal + feedback	43	600	0.2878234247311826
1060	goal + feedback	43	650	0.27148442473118256
1060	goal + feedback	43	700	0.20768492473118258
1060	goal + feedback	43	750	-0.058445941935484046
1060	goal + feedback	43	800	NA
1060	goal + feedback	43	850	0.22997225806451604
1060	goal + feedback	43	900	-0.006107741935484119
1060	goal + feedback	43	950	-0.046448075268817446
1060	goal + feedback	43	1e3	0.0038610913978492554
1060	goal + feedback	43	1050	-0.03702799193548412
1060	goal + feedback	43	1100	NA
1060	goal + feedback	43	1150	NA
1060	goal + feedback	44	-200	0.001163833333333253
1060	goal + feedback	44	-150	-7.231666666667932e-4
1060	goal + feedback	44	-100	-0.022886333333333415
1060	goal + feedback	44	-50	0.0068469999999998254
1060	goal + feedback	44	0	0.015598666666666539
1060	goal + feedback	44	50	-0.006981333333333432
1060	goal + feedback	44	100	-0.0011845000000001438
1060	goal + feedback	44	150	0.0031398333333331565
1060	goal + feedback	44	200	0.015989833333333186
1060	goal + feedback	44	250	0.022545333333333195
1060	goal + feedback	44	300	0.018906999999999785
1060	goal + feedback	44	350	0.022318166666666528
1060	goal + feedback	44	400	0.04281049999999986
1060	goal + feedback	44	450	0.08295549999999981
1060	goal + feedback	44	500	0.1324316666666665
1060	goal + feedback	44	550	0.16150833333333323
1060	goal + feedback	44	600	0.17144849999999975
1060	goal + feedback	44	650	0.07009266666666658
1060	goal + feedback	44	700	NA
1060	goal + feedback	44	750	NA
1060	goal + feedback	44	800	0.26840816666666667
1060	goal + feedback	44	850	-0.13312700000000022
1060	goal + feedback	44	900	-0.12333600000000018
1060	goal + feedback	44	950	-0.22917933333333348
1060	goal + feedback	44	1e3	NA
1060	goal + feedback	44	1050	NA
1060	goal + feedback	44	1100	NA
1060	goal + feedback	44	1150	-0.19544883333333357
1060	goal + feedback	45	-200	-0.0029365944700459373
1060	goal + feedback	45	-150	0.001286715053763506
1060	goal + feedback	45	-100	0.0037073817204302064
1060	goal + feedback	45	-50	-7.259516129031566e-4
1060	goal + feedback	45	0	-8.421182795698515e-4
1060	goal + feedback	45	50	1.5654838709688867e-4
1060	goal + feedback	45	100	-0.018101451612903146
1060	goal + feedback	45	150	-0.01394811827956984
1060	goal + feedback	45	200	-0.017855784946236557
1060	goal + feedback	45	250	-0.017181618279569804
1060	goal + feedback	45	300	-0.02135978494623651
1060	goal + feedback	45	350	-0.014622451612903209
1060	goal + feedback	45	400	0.005611715053763566
1060	goal + feedback	45	450	0.02960088172043022
1060	goal + feedback	45	500	0.060051381720430154
1060	goal + feedback	45	550	0.0678022150537636
1060	goal + feedback	45	600	0.05844838172043013
1060	goal + feedback	45	650	0.032592215053763494
1060	goal + feedback	45	700	-0.01328028494623649
1060	goal + feedback	45	750	-0.06285495161290318
1060	goal + feedback	45	800	-0.0834499516129031
1060	goal + feedback	45	850	-0.10358345161290312
1060	goal + feedback	45	900	-0.12020078494623654
1060	goal + feedback	45	950	-0.12150045161290324
1060	goal + feedback	45	1e3	-0.12050961827956974
1060	goal + feedback	45	1050	-0.11947995161290319
1060	goal + feedback	45	1100	-0.0936456182795699
1060	goal + feedback	45	1150	-0.0919417849462365
1060	goal + feedback	46	-200	0.027384479262672987
1060	goal + feedback	46	-150	0.004164193548387152
1060	goal + feedback	46	-100	0.0033886935483872596
1060	goal + feedback	46	-50	-0.015399473118279383
1060	goal + feedback	46	0	-0.024101973118279513
1060	goal + feedback	46	50	-0.02219997311827952
1060	goal + feedback	46	100	-0.0472706397849462
1060	goal + feedback	46	150	-0.035450139784946044
1060	goal + feedback	46	200	-0.03936597311827946
1060	goal + feedback	46	250	-0.048999639784946224
1060	goal + feedback	46	300	-0.038994473118279416
1060	goal + feedback	46	350	-0.03535880645161275
1060	goal + feedback	46	400	-0.03945113978494611
1060	goal + feedback	46	450	-0.02509113978494611
1060	goal + feedback	46	500	-0.0034078064516127604
1060	goal + feedback	46	550	0.017528360215053846
1060	goal + feedback	46	600	0.05998836021505394
1060	goal + feedback	46	650	0.08954136021505388
1060	goal + feedback	46	700	0.053999026881720535
1060	goal + feedback	46	750	-0.0031683064516128865
1060	goal + feedback	46	800	-0.06925380645161283
1060	goal + feedback	46	850	-0.1259116397849461
1060	goal + feedback	46	900	-0.16522013978494612
1060	goal + feedback	46	950	-0.17530130645161277
1060	goal + feedback	46	1e3	-0.19753697311827945
1060	goal + feedback	46	1050	-0.21535030645161277
1060	goal + feedback	46	1100	-0.21646213978494622
1060	goal + feedback	46	1150	-0.21406047311827936
1060	goal + feedback	47	-200	0.01834640092165918
1060	goal + feedback	47	-150	0.025154091397849705
1060	goal + feedback	47	-100	-0.009040741935483699
1060	goal + feedback	47	-50	-0.01032959907834081
1060	goal + feedback	47	0	-0.026973075268817093
1060	goal + feedback	47	50	-0.03935074193548367
1060	goal + feedback	47	100	-0.04661390860215042
1060	goal + feedback	47	150	-0.04465174193548371
1060	goal + feedback	47	200	-0.034117075268816986
1060	goal + feedback	47	250	-0.02238690860215035
1060	goal + feedback	47	300	-0.008089141935483735
1060	goal + feedback	47	350	0.016931115207373577
1060	goal + feedback	47	400	0.027726424731182957
1060	goal + feedback	47	450	0.06201605806451642
1060	goal + feedback	47	500	0.07516492473118297
1060	goal + feedback	47	550	0.09165468663594492
1060	goal + feedback	47	600	0.12048709139784959
1060	goal + feedback	47	650	0.1194019247311829
1060	goal + feedback	47	700	0.15305085806451632
1060	goal + feedback	47	750	0.1563939723502307
1060	goal + feedback	47	800	0.17004892473118302
1060	goal + feedback	47	850	0.13154775806451627
1060	goal + feedback	47	900	0.08902209139784967
1060	goal + feedback	47	950	0.08634409139784971
1060	goal + feedback	47	1e3	0.07935492473118295
1060	goal + feedback	47	1050	0.051810591397849715
1060	goal + feedback	47	1100	0.05154625806451644
1060	goal + feedback	47	1150	0.07076709139784969
1060	goal + feedback	48	-200	-0.0027528433179726214
1060	goal + feedback	48	-150	0.008529204301075103
1060	goal + feedback	48	-100	-0.0032832956989248263
1060	goal + feedback	48	-50	-0.0016591290322582146
1060	goal + feedback	48	0	-3.751290322582257e-4
1060	goal + feedback	48	50	-0.009166795698924831
1060	goal + feedback	48	100	-0.004848129032258175
1060	goal + feedback	48	150	-0.027423962365591564
1060	goal + feedback	48	200	-0.03606796236559159
1060	goal + feedback	48	250	-0.06942912903225824
1060	goal + feedback	48	300	-0.08434396236559157
1060	goal + feedback	48	350	-0.07929146236559152
1060	goal + feedback	48	400	-0.08210512903225824
1060	goal + feedback	48	450	-0.06851812903225822
1060	goal + feedback	48	500	-0.06567612903225813
1060	goal + feedback	48	550	-0.027111795698924857
1060	goal + feedback	48	600	-7.29629032258187e-4
1060	goal + feedback	48	650	0.009631704301075109
1060	goal + feedback	48	700	0.007207037634408442
1060	goal + feedback	48	750	-0.020274462365591495
1060	goal + feedback	48	800	-0.055212629032258244
1060	goal + feedback	48	850	-0.10300662903225821
1060	goal + feedback	48	900	-0.2626761290322581
1060	goal + feedback	48	950	NA
1060	goal + feedback	48	1e3	NA
1060	goal + feedback	48	1050	NA
1060	goal + feedback	48	1100	-7.206290322583353e-4
1060	goal + feedback	48	1150	-0.03885646236559159
1060	goal + feedback	49	-200	0.005899806451613111
1060	goal + feedback	49	-150	0.004406306451613033
1060	goal + feedback	49	-100	0.013249806451613036
1060	goal + feedback	49	-50	-0.00605052688172029
1060	goal + feedback	49	0	-0.018488693548387003
1060	goal + feedback	49	50	-0.036948693548386924
1060	goal + feedback	49	100	-0.05116469354838701
1060	goal + feedback	49	150	-0.06684952688172034
1060	goal + feedback	49	200	-0.08470386021505368
1060	goal + feedback	49	250	-0.07755769354838689
1060	goal + feedback	49	300	-0.08104236021505362
1060	goal + feedback	49	350	-0.06971852688172027
1060	goal + feedback	49	400	-0.05864319354838695
1060	goal + feedback	49	450	-0.033140193548386966
1060	goal + feedback	49	500	-0.0029400268817202737
1060	goal + feedback	49	550	0.04173263978494646
1060	goal + feedback	49	600	0.09391247311827966
1060	goal + feedback	49	650	0.1000691397849464
1060	goal + feedback	49	700	0.06873047311827969
1060	goal + feedback	49	750	0.010064139784946432
1060	goal + feedback	49	800	-0.05022669354838697
1060	goal + feedback	49	850	-0.22434719354838684
1060	goal + feedback	49	900	NA
1060	goal + feedback	49	950	NA
1060	goal + feedback	49	1e3	NA
1060	goal + feedback	49	1050	NA
1060	goal + feedback	49	1100	NA
1060	goal + feedback	49	1150	NA
1060	goal + feedback	50	-200	-0.03757183333333347
1060	goal + feedback	50	-150	-0.02720716666666682
1060	goal + feedback	50	-100	-0.0034006666666668295
1060	goal + feedback	50	-50	0.021898999999999818
1060	goal + feedback	50	0	0.04628066666666649
1060	goal + feedback	50	50	0.060164999999999726
1060	goal + feedback	50	100	0.058746833333333116
1060	goal + feedback	50	150	0.056770499999999835
1060	goal + feedback	50	200	0.05603966666666649
1060	goal + feedback	50	250	0.021108999999999822
1060	goal + feedback	50	300	0.00499716666666646
1060	goal + feedback	50	350	-0.030178000000000187
1060	goal + feedback	50	400	-0.03333083333333353
1060	goal + feedback	50	450	-0.023103500000000166
1060	goal + feedback	50	500	0.023603166666666436
1060	goal + feedback	50	550	0.017368583333333243
1060	goal + feedback	50	600	NA
1060	goal + feedback	50	650	NA
1060	goal + feedback	50	700	NA
1060	goal + feedback	50	750	NA
1060	goal + feedback	50	800	-0.2695331666666667
1060	goal + feedback	50	850	-0.1497139166666669
1060	goal + feedback	50	900	-0.10918066666666688
1060	goal + feedback	50	950	-0.1757051666666669
1060	goal + feedback	50	1e3	NA
1060	goal + feedback	50	1050	NA
1060	goal + feedback	50	1100	-0.17271716666666692
1060	goal + feedback	50	1150	-0.0035921666666668775
1060	goal + feedback	51	-200	0.04290794930875582
1060	goal + feedback	51	-150	0.01263813978494636
1060	goal + feedback	51	-100	-0.008367360215053798
1060	goal + feedback	51	-50	-0.02546119354838705
1060	goal + feedback	51	0	-0.028868860215053676
1060	goal + feedback	51	50	-0.02923852688172035
1060	goal + feedback	51	100	-0.05278886021505369
1060	goal + feedback	51	150	-0.06906469354838703
1060	goal + feedback	51	200	-0.08013736021505376
1060	goal + feedback	51	250	-0.07783736021505372
1060	goal + feedback	51	300	-0.09066936021505367
1060	goal + feedback	51	350	-0.08462002688172039
1060	goal + feedback	51	400	-0.07071336021505374
1060	goal + feedback	51	450	-0.026048693548387014
1060	goal + feedback	51	500	0.03792663978494626
1060	goal + feedback	51	550	0.09956413978494627
1060	goal + feedback	51	600	0.1597868064516129
1060	goal + feedback	51	650	0.19007180645161292
1060	goal + feedback	51	700	0.20074463978494625
1060	goal + feedback	51	750	0.15138247311827965
1060	goal + feedback	51	800	0.13626797311827957
1060	goal + feedback	51	850	0.1073729731182796
1060	goal + feedback	51	900	0.09179463978494636
1060	goal + feedback	51	950	0.08331830645161283
1060	goal + feedback	51	1e3	0.09301547311827951
1060	goal + feedback	51	1050	0.09372213978494622
1060	goal + feedback	51	1100	0.08970563978494628
1060	goal + feedback	51	1150	0.09021947311827964
1060	goal + feedback	52	-200	-0.030764589861751013
1060	goal + feedback	52	-150	-0.020826994623655743
1060	goal + feedback	52	-100	-8.983279569890387e-4
1060	goal + feedback	52	-50	0.029364838709677654
1060	goal + feedback	52	0	0.028252505376344272
1060	goal + feedback	52	50	0.05389733870967758
1060	goal + feedback	52	100	0.048152672043010915
1060	goal + feedback	52	150	0.0695743387096776
1060	goal + feedback	52	200	0.08589867204301083
1060	goal + feedback	52	250	0.08688233870967754
1060	goal + feedback	52	300	0.07705567204301089
1060	goal + feedback	52	350	0.04897083870967759
1060	goal + feedback	52	400	0.043692338709677626
1060	goal + feedback	52	450	0.04673167204301095
1060	goal + feedback	52	500	0.05686450537634421
1060	goal + feedback	52	550	0.05518883870967765
1060	goal + feedback	52	600	0.0682545053763443
1060	goal + feedback	52	650	0.05581117204301093
1060	goal + feedback	52	700	0.020178172043010905
1060	goal + feedback	52	750	-0.02742949462365581
1060	goal + feedback	52	800	-0.055862494623655744
1060	goal + feedback	52	850	-0.08816916129032244
1060	goal + feedback	52	900	-0.09390882795698907
1060	goal + feedback	52	950	-0.10068449462365574
1060	goal + feedback	52	1e3	-0.07852449462365563
1060	goal + feedback	52	1050	-0.05624099462365573
1060	goal + feedback	52	1100	-0.029989994623655702
1060	goal + feedback	52	1150	-0.014180827956989198
1060	goal + feedback	53	-200	0.012353972350230549
1060	goal + feedback	53	-150	0.017574924731182866
1060	goal + feedback	53	-100	0.005290091397849602
1060	goal + feedback	53	-50	-0.019521908602150456
1060	goal + feedback	53	0	-0.017756075268817062
1060	goal + feedback	53	50	-0.03108407526881714
1060	goal + feedback	53	100	-0.03941040860215036
1060	goal + feedback	53	150	-0.05416474193548374
1060	goal + feedback	53	200	-0.05304257526881714
1060	goal + feedback	53	250	-0.051032075268817145
1060	goal + feedback	53	300	-0.03724190860215041
1060	goal + feedback	53	350	-0.020843241935483814
1060	goal + feedback	53	400	-0.013467575268817145
1060	goal + feedback	53	450	-0.006861241935483801
1060	goal + feedback	53	500	0.007112758064516204
1060	goal + feedback	53	550	0.04867159139784949
1060	goal + feedback	53	600	0.07725042473118286
1060	goal + feedback	53	650	0.09158275806451625
1060	goal + feedback	53	700	0.11426925806451615
1060	goal + feedback	53	750	0.0843582580645162
1060	goal + feedback	53	800	0.052235758064516156
1060	goal + feedback	53	850	0.005157424731182821
1060	goal + feedback	53	900	-0.03312890860215053
1060	goal + feedback	53	950	-0.06333357526881711
1060	goal + feedback	53	1e3	-0.05235124193548383
1060	goal + feedback	53	1050	-0.04649107526881716
1060	goal + feedback	53	1100	-0.03855907526881711
1060	goal + feedback	53	1150	-0.02593574193548383
1060	goal + feedback	54	-200	-0.0176331705069126
1060	goal + feedback	54	-150	-0.006419075268817427
1060	goal + feedback	54	-100	-0.004166575268817363
1060	goal + feedback	54	-50	0.004616258064516006
1060	goal + feedback	54	0	0.026541424731182667
1060	goal + feedback	54	50	0.04406759139784944
1060	goal + feedback	54	100	0.04742525806451595
1060	goal + feedback	54	150	0.05078642473118274
1060	goal + feedback	54	200	0.040735924731182704
1060	goal + feedback	54	250	0.04070909139784925
1060	goal + feedback	54	300	0.02173025806451608
1060	goal + feedback	54	350	0.02503442473118267
1060	goal + feedback	54	400	0.006262258064515969
1060	goal + feedback	54	450	0.006007258064516001
1060	goal + feedback	54	500	0.010682758064515982
1060	goal + feedback	54	550	0.022392424731182636
1060	goal + feedback	54	600	0.03708209139784927
1060	goal + feedback	54	650	0.05362075806451597
1060	goal + feedback	54	700	0.04469709139784942
1060	goal + feedback	54	750	0.021752591397849352
1060	goal + feedback	54	800	-0.012082241935483943
1060	goal + feedback	54	850	-0.05669424193548404
1060	goal + feedback	54	900	-0.0911514086021507
1060	goal + feedback	54	950	-0.11023774193548401
1060	goal + feedback	54	1e3	-0.2078740752688173
1060	goal + feedback	54	1050	NA
1060	goal + feedback	54	1100	NA
1060	goal + feedback	54	1150	0.26029050806451604
1060	goal + feedback	55	-200	0.006705966666666526
1060	goal + feedback	55	-150	-0.002977866666666884
1060	goal + feedback	55	-100	-0.0029837000000002187
1060	goal + feedback	55	-50	0.0036961333333331106
1060	goal + feedback	55	0	-0.0044405333333334225
1060	goal + feedback	55	50	-0.007063866666666844
1060	goal + feedback	55	100	-0.014307366666666802
1060	goal + feedback	55	150	-0.008367700000000125
1060	goal + feedback	55	200	-0.012980200000000183
1060	goal + feedback	55	250	0.003375299999999933
1060	goal + feedback	55	300	0.002164466666666476
1060	goal + feedback	55	350	0.005841799999999934
1060	goal + feedback	55	400	0.010578799999999852
1060	goal + feedback	55	450	0.030767466666666483
1060	goal + feedback	55	500	0.06926713333333323
1060	goal + feedback	55	550	0.10551879999999987
1060	goal + feedback	55	600	0.15288979999999994
1060	goal + feedback	55	650	0.15505346666666645
1060	goal + feedback	55	700	0.11286813333333316
1060	goal + feedback	55	750	0.056254633333333214
1060	goal + feedback	55	800	-0.008294700000000063
1060	goal + feedback	55	850	-0.04448386666666678
1060	goal + feedback	55	900	-0.0735797000000001
1060	goal + feedback	55	950	-0.092781342857143
1060	goal + feedback	55	1e3	-0.09624060000000005
1060	goal + feedback	55	1050	-0.09605048571428597
1060	goal + feedback	55	1100	-0.07953053333333344
1060	goal + feedback	55	1150	-0.05859703333333344
1060	goal + feedback	56	-200	0.007643900000000074
1060	goal + feedback	56	-150	0.0018122333333336165
1060	goal + feedback	56	-100	-0.0065512666666665
1060	goal + feedback	56	-50	-0.005750433333333138
1060	goal + feedback	56	0	0.0028455666666668358
1060	goal + feedback	56	50	0.002200400000000139
1060	goal + feedback	56	100	-0.009748433333333232
1060	goal + feedback	56	150	0.0029524000000001513
1060	goal + feedback	56	200	0.00727373333333355
1060	goal + feedback	56	250	0.006637733333333469
1060	goal + feedback	56	300	0.012596566666666753
1060	goal + feedback	56	350	0.02541506666666682
1060	goal + feedback	56	400	0.03368940000000024
1060	goal + feedback	56	450	0.07009740000000016
1060	goal + feedback	56	500	0.10187973333333344
1060	goal + feedback	56	550	0.16001856666666692
1060	goal + feedback	56	600	0.2026007333333335
1060	goal + feedback	56	650	0.17010740000000024
1060	goal + feedback	56	700	0.09929980476190492
1060	goal + feedback	56	750	0.03193406666666684
1060	goal + feedback	56	800	-0.01895409999999975
1060	goal + feedback	56	850	-0.058624599999999916
1060	goal + feedback	56	900	-0.07509943333333317
1060	goal + feedback	56	950	-0.09413443333333323
1060	goal + feedback	56	1e3	-0.16509776666666642
1060	goal + feedback	56	1050	NA
1060	goal + feedback	56	1100	NA
1060	goal + feedback	56	1150	0.024170233333333346
1060	goal + feedback	57	-200	0.05145810000000006
1060	goal + feedback	57	-150	0.006373600000000017
1060	goal + feedback	57	-100	-0.009278899999999979
1060	goal + feedback	57	-50	-0.018597566666666603
1060	goal + feedback	57	0	-0.029955233333333275
1060	goal + feedback	57	50	-0.04725756666666666
1060	goal + feedback	57	100	-0.07684323333333325
1060	goal + feedback	57	150	-0.07381125714285718
1060	goal + feedback	57	200	-0.06110939999999987
1060	goal + feedback	57	250	-0.043177114285714246
1060	goal + feedback	57	300	-0.01258839999999998
1060	goal + feedback	57	350	-0.016526199999999935
1060	goal + feedback	57	400	-0.021684233333333285
1060	goal + feedback	57	450	0.016004266666666656
1060	goal + feedback	57	500	0.027461600000000086
1060	goal + feedback	57	550	0.027545100000000062
1060	goal + feedback	57	600	0.07600160000000003
1060	goal + feedback	57	650	0.0660721714285714
1060	goal + feedback	57	700	0.06353910000000007
1060	goal + feedback	57	750	-0.013520799999999954
1060	goal + feedback	57	800	-0.2020293999999998
1060	goal + feedback	57	850	NA
1060	goal + feedback	57	900	NA
1060	goal + feedback	57	950	0.2115696000000001
1060	goal + feedback	57	1e3	-0.40462790000000004
1060	goal + feedback	57	1050	-0.3022796857142857
1060	goal + feedback	57	1100	-0.24953356666666662
1060	goal + feedback	57	1150	-0.27608739999999976
1060	goal + feedback	58	-200	-0.014479884792626598
1060	goal + feedback	58	-150	-0.013709908602150378
1060	goal + feedback	58	-100	-0.006820575268817075
1060	goal + feedback	58	-50	0.0054940913978494725
1060	goal + feedback	58	0	0.03192959139784953
1060	goal + feedback	58	50	0.05863625806451626
1060	goal + feedback	58	100	0.09054325806451631
1060	goal + feedback	58	150	0.12443959139784962
1060	goal + feedback	58	200	0.17547925806451628
1060	goal + feedback	58	250	0.16479359139784955
1060	goal + feedback	58	300	0.19280142473118297
1060	goal + feedback	58	350	0.20961609139784967
1060	goal + feedback	58	400	0.22421759139784955
1060	goal + feedback	58	450	0.23612675806451625
1060	goal + feedback	58	500	0.26047025806451635
1060	goal + feedback	58	550	0.2761810913978495
1060	goal + feedback	58	600	0.2888185913978496
1060	goal + feedback	58	650	0.3055145913978496
1060	goal + feedback	58	700	0.25329325806451625
1060	goal + feedback	58	750	0.1889157580645163
1060	goal + feedback	58	800	0.1318157580645162
1060	goal + feedback	58	850	0.0656722580645163
1060	goal + feedback	58	900	0.04005159139784956
1060	goal + feedback	58	950	0.01626775806451623
1060	goal + feedback	58	1e3	0.008482091397849686
1060	goal + feedback	58	1050	-0.12141557526881715
1060	goal + feedback	58	1100	NA
1060	goal + feedback	58	1150	NA
1060	goal + feedback	59	-200	-0.06282229411764713
1060	goal + feedback	59	-150	-0.24558429411764737
1060	goal + feedback	59	-100	NA
1060	goal + feedback	59	-50	0.4445353725490196
1060	goal + feedback	59	0	-0.07758396078431384
1060	goal + feedback	59	50	-0.05222362745098049
1060	goal + feedback	59	100	-0.0177319607843139
1060	goal + feedback	59	150	0.007013205882352806
1060	goal + feedback	59	200	0.010491205882352824
1060	goal + feedback	59	250	-0.04328179411764732
1060	goal + feedback	59	300	-0.13087996078431385
1060	goal + feedback	59	350	-0.22585396078431388
1060	goal + feedback	59	400	-0.26096362745098056
1060	goal + feedback	59	450	-0.3087030084033615
1060	goal + feedback	59	500	-0.2975677941176473
1060	goal + feedback	59	550	-0.2837956274509806
1060	goal + feedback	59	600	-0.23560929411764722
1060	goal + feedback	59	650	-0.18734562745098046
1060	goal + feedback	59	700	-0.16036279411764723
1060	goal + feedback	59	750	-0.16330279411764725
1060	goal + feedback	59	800	-0.1586639607843138
1060	goal + feedback	59	850	-0.1554624607843139
1060	goal + feedback	59	900	-0.17289062745098058
1060	goal + feedback	59	950	-0.2086061274509806
1060	goal + feedback	59	1e3	-0.2229372941176472
1060	goal + feedback	59	1050	-0.25111162745098053
1060	goal + feedback	59	1100	-0.27093079411764726
1060	goal + feedback	59	1150	-0.27404796078431387
1060	goal + feedback	60	-200	-0.030785778801843428
1060	goal + feedback	60	-150	-0.010370564516129091
1060	goal + feedback	60	-100	-0.004432564516129019
1060	goal + feedback	60	-50	0.02280493548387093
1060	goal + feedback	60	0	0.02791493548387088
1060	goal + feedback	60	50	0.05045093548387084
1060	goal + feedback	60	100	0.06445643548387096
1060	goal + feedback	60	150	0.07061410215053754
1060	goal + feedback	60	200	0.07271560215053752
1060	goal + feedback	60	250	0.06505126881720424
1060	goal + feedback	60	300	0.07527743548387093
1060	goal + feedback	60	350	0.06667676881720423
1060	goal + feedback	60	400	0.06550276881720436
1060	goal + feedback	60	450	0.07996876881720423
1060	goal + feedback	60	500	0.098588935483871
1060	goal + feedback	60	550	0.1323196021505376
1060	goal + feedback	60	600	0.15789293548387096
1060	goal + feedback	60	650	0.15750226881720422
1060	goal + feedback	60	700	0.10276626881720434
1060	goal + feedback	60	750	0.023547602150537566
1060	goal + feedback	60	800	-0.033023231182795675
1060	goal + feedback	60	850	-0.07910039784946243
1060	goal + feedback	60	900	-0.11584089784946235
1060	goal + feedback	60	950	-0.13710773118279582
1060	goal + feedback	60	1e3	-0.1623303978494625
1060	goal + feedback	60	1050	-0.1581062311827958
1060	goal + feedback	60	1100	-0.14465173118279573
1060	goal + feedback	60	1150	-0.14255823118279576
1060	goal + feedback	61	-200	0.016687963133640578
1060	goal + feedback	61	-150	0.006828510752688199
1060	goal + feedback	61	-100	-0.00714532258064519
1060	goal + feedback	61	-50	-0.0048588225806451835
1060	goal + feedback	61	0	-0.014293655913978576
1060	goal + feedback	61	50	0.020038677419354833
1060	goal + feedback	61	100	0.03553134408602143
1060	goal + feedback	61	150	0.07103967741935484
1060	goal + feedback	61	200	0.10811867741935484
1060	goal + feedback	61	250	0.11578534408602155
1060	goal + feedback	61	300	0.12989967741935482
1060	goal + feedback	61	350	0.15711284408602144
1060	goal + feedback	61	400	0.18145384408602153
1060	goal + feedback	61	450	0.19545351075268816
1060	goal + feedback	61	500	0.19539034408602154
1060	goal + feedback	61	550	0.20705451075268821
1060	goal + feedback	61	600	0.21867484408602147
1060	goal + feedback	61	650	0.1935755107526881
1060	goal + feedback	61	700	0.13770667741935486
1060	goal + feedback	61	750	0.09042517741935481
1060	goal + feedback	61	800	0.03737217741935487
1060	goal + feedback	61	850	0.012150010752688178
1060	goal + feedback	61	900	-0.00608048924731186
1060	goal + feedback	61	950	-0.018303655913978496
1060	goal + feedback	61	1e3	-0.031701989247311824
1060	goal + feedback	61	1050	-0.027505655913978504
1060	goal + feedback	61	1100	-0.021247489247311718
1060	goal + feedback	61	1150	-0.005759989247311766
1060	goal + feedback	62	-200	0.010005493087557746
1060	goal + feedback	62	-150	-0.006880602150537503
1060	goal + feedback	62	-100	-0.006355268817204089
1060	goal + feedback	62	-50	-0.0092949354838708
1060	goal + feedback	62	0	0.010857731182795982
1060	goal + feedback	62	50	0.031144064516129166
1060	goal + feedback	62	100	0.043361064516129234
1060	goal + feedback	62	150	0.059026064516129205
1060	goal + feedback	62	200	0.05592956451612929
1060	goal + feedback	62	250	0.0770638978494625
1060	goal + feedback	62	300	0.06810773118279594
1060	goal + feedback	62	350	0.07905339784946253
1060	goal + feedback	62	400	0.09852606451612915
1060	goal + feedback	62	450	0.11900539784946258
1060	goal + feedback	62	500	0.16828989784946247
1060	goal + feedback	62	550	0.20474973118279594
1060	goal + feedback	62	600	0.23591289784946254
1060	goal + feedback	62	650	0.19646456451612915
1060	goal + feedback	62	700	NA
1060	goal + feedback	62	750	NA
1060	goal + feedback	62	800	NA
1060	goal + feedback	62	850	NA
1060	goal + feedback	62	900	NA
1060	goal + feedback	62	950	NA
1060	goal + feedback	62	1e3	NA
1060	goal + feedback	62	1050	NA
1060	goal + feedback	62	1100	NA
1060	goal + feedback	62	1150	NA
1060	goal + feedback	63	-200	0.017735880184331827
1060	goal + feedback	63	-150	0.013903284946236605
1060	goal + feedback	63	-100	-0.002666215053763373
1060	goal + feedback	63	-50	-0.0021960483870967127
1060	goal + feedback	63	0	-0.029732881720430093
1060	goal + feedback	63	50	-0.03531938172043003
1060	goal + feedback	63	100	-0.05051288172043004
1060	goal + feedback	63	150	-0.04971221505376344
1060	goal + feedback	63	200	-0.05061738172043014
1060	goal + feedback	63	250	-0.037735548387096696
1060	goal + feedback	63	300	-0.01814504838709663
1060	goal + feedback	63	350	-0.01344704838709676
1060	goal + feedback	63	400	0.004944284946236592
1060	goal + feedback	63	450	0.023850284946236533
1060	goal + feedback	63	500	0.057826118279569926
1060	goal + feedback	63	550	0.08734861827956997
1060	goal + feedback	63	600	0.1332187849462366
1060	goal + feedback	63	650	0.16182611827956994
1060	goal + feedback	63	700	0.14629145161290316
1060	goal + feedback	63	750	0.08688178494623659
1060	goal + feedback	63	800	0.03500645161290331
1060	goal + feedback	63	850	-0.007141715053763449
1060	goal + feedback	63	900	-0.04165038172043012
1060	goal + feedback	63	950	-0.050422048387096664
1060	goal + feedback	63	1e3	-0.07166888172043
1060	goal + feedback	63	1050	-0.06383321505376342
1060	goal + feedback	63	1100	-0.045850881720430094
1060	goal + feedback	63	1150	-0.004241048387096639
1060	goal + feedback	64	-200	0.004247433179723663
1060	goal + feedback	64	-150	-0.0011618763440857844
1060	goal + feedback	64	-100	-0.0026028763440858103
1060	goal + feedback	64	-50	-0.0036415430107524425
1060	goal + feedback	64	0	0.002450956989247466
1060	goal + feedback	64	50	0.003554956989247534
1060	goal + feedback	64	100	0.006778290322580889
1060	goal + feedback	64	150	0.013244123655914208
1060	goal + feedback	64	200	-7.372096774192668e-4
1060	goal + feedback	64	250	0.003485623655914205
1060	goal + feedback	64	300	-0.010080876344085832
1060	goal + feedback	64	350	0.01668845698924744
1060	goal + feedback	64	400	0.020849123655914143
1060	goal + feedback	64	450	0.0422386236559141
1060	goal + feedback	64	500	0.07085379032258092
1060	goal + feedback	64	550	0.10859745698924754
1060	goal + feedback	64	600	0.13985779032258083
1060	goal + feedback	64	650	0.15531962365591415
1060	goal + feedback	64	700	0.11867279032258082
1060	goal + feedback	64	750	0.06965062365591408
1060	goal + feedback	64	800	0.025923123655914166
1060	goal + feedback	64	850	0.004702623655914229
1060	goal + feedback	64	900	-5.598763440858671e-4
1060	goal + feedback	64	950	-0.005944209677419154
1060	goal + feedback	64	1e3	0.0025722903225808094
1060	goal + feedback	64	1050	0.0010527903225809136
1060	goal + feedback	64	1100	0.02980812365591416
1060	goal + feedback	64	1150	0.02277929032258082
1060	goal + feedback	65	-200	0.008603838709677498
1060	goal + feedback	65	-150	0.0024900053763442878
1060	goal + feedback	65	-100	0.006430338709677426
1060	goal + feedback	65	-50	-0.00430882795698917
1060	goal + feedback	65	0	-0.01464932795698918
1060	goal + feedback	65	50	-0.003340494623655932
1060	goal + feedback	65	100	0.015316172043010834
1060	goal + feedback	65	150	0.0073733387096774905
1060	goal + feedback	65	200	0.02509667204301073
1060	goal + feedback	65	250	0.04071317204301087
1060	goal + feedback	65	300	0.04611400537634425
1060	goal + feedback	65	350	0.05971867204301081
1060	goal + feedback	65	400	0.049689838709677504
1060	goal + feedback	65	450	0.06584683870967756
1060	goal + feedback	65	500	0.07951783870967762
1060	goal + feedback	65	550	0.1224370053763441
1060	goal + feedback	65	600	0.1435381720430108
1060	goal + feedback	65	650	0.16849450537634417
1060	goal + feedback	65	700	0.15031783870967744
1060	goal + feedback	65	750	0.10937900537634415
1060	goal + feedback	65	800	0.02042783870967755
1060	goal + feedback	65	850	NA
1060	goal + feedback	65	900	NA
1060	goal + feedback	65	950	NA
1060	goal + feedback	65	1e3	0.5945528387096775
1060	goal + feedback	65	1050	-0.03839049462365581
1060	goal + feedback	65	1100	0.04555717204301087
1060	goal + feedback	65	1150	0.05653233870967752
1060	goal + feedback	66	-200	-0.03127606451612878
1060	goal + feedback	66	-150	-8.865645161288219e-4
1060	goal + feedback	66	-100	0.007281768817204363
1060	goal + feedback	66	-50	0.015260102150537858
1060	goal + feedback	66	0	0.014833435483871135
1060	goal + feedback	66	50	0.020626435483871147
1060	goal + feedback	66	100	0.027822102150537893
1060	goal + feedback	66	150	0.04639110215053788
1060	goal + feedback	66	200	0.05078910215053778
1060	goal + feedback	66	250	0.057086102150537776
1060	goal + feedback	66	300	0.0580881021505378
1060	goal + feedback	66	350	0.05445043548387115
1060	goal + feedback	66	400	0.06352443548387117
1060	goal + feedback	66	450	0.0919672688172044
1060	goal + feedback	66	500	0.12443976881720446
1060	goal + feedback	66	550	0.15667610215053776
1060	goal + feedback	66	600	0.16614843548387115
1060	goal + feedback	66	650	0.1160222688172045
1060	goal + feedback	66	700	0.06562676881720453
1060	goal + feedback	66	750	0.028898102150537824
1060	goal + feedback	66	800	0.011207435483871153
1060	goal + feedback	66	850	-0.011152231182795402
1060	goal + feedback	66	900	-0.01611206451612886
1060	goal + feedback	66	950	-0.010340897849462202
1060	goal + feedback	66	1e3	0.007538268817204541
1060	goal + feedback	66	1050	0.02930860215053784
1060	goal + feedback	66	1100	0.06139326881720453
1060	goal + feedback	66	1150	0.09711226881720436
1060	goal + feedback	67	-200	0.01933695852534572
1060	goal + feedback	67	-150	1.2622043010764492e-4
1060	goal + feedback	67	-100	-0.008143446236559049
1060	goal + feedback	67	-50	-0.004687779569892377
1060	goal + feedback	67	0	-0.009854779569892447
1060	goal + feedback	67	50	0.006936387096774244
1060	goal + feedback	67	100	0.03195288709677424
1060	goal + feedback	67	150	0.05392555376344096
1060	goal + feedback	67	200	0.0697932204301075
1060	goal + feedback	67	250	0.09338238709677427
1060	goal + feedback	67	300	0.10881738709677428
1060	goal + feedback	67	350	0.12154072043010755
1060	goal + feedback	67	400	0.14768522043010757
1060	goal + feedback	67	450	0.17641872043010762
1060	goal + feedback	67	500	0.21318288709677424
1060	goal + feedback	67	550	0.2524447204301076
1060	goal + feedback	67	600	0.24569405376344103
1060	goal + feedback	67	650	0.20411205376344088
1060	goal + feedback	67	700	0.15546305376344086
1060	goal + feedback	67	750	0.11068955376344085
1060	goal + feedback	67	800	0.08654355376344092
1060	goal + feedback	67	850	0.06594072043010761
1060	goal + feedback	67	900	0.06209788709677418
1060	goal + feedback	67	950	0.08124588709677434
1060	goal + feedback	67	1e3	0.09762822043010762
1060	goal + feedback	67	1050	0.11188388709677428
1060	goal + feedback	67	1100	0.1252308870967743
1060	goal + feedback	67	1150	0.159286053763441
1060	goal + feedback	68	-200	0.031853764976958514
1060	goal + feedback	68	-150	0.019138360215053662
1060	goal + feedback	68	-100	-3.773064516128984e-4
1060	goal + feedback	68	-50	-0.012128306451612817
1060	goal + feedback	68	0	-0.04379547311827955
1060	goal + feedback	68	50	-0.05619330645161299
1060	goal + feedback	68	100	-0.08251680645161293
1060	goal + feedback	68	150	-0.10061997311827946
1060	goal + feedback	68	200	-0.1365439731182796
1060	goal + feedback	68	250	-0.1719843064516129
1060	goal + feedback	68	300	-0.17401597311827954
1060	goal + feedback	68	350	-0.18890130645161288
1060	goal + feedback	68	400	-0.1759381397849463
1060	goal + feedback	68	450	-0.14857447311827957
1060	goal + feedback	68	500	-0.11142447311827956
1060	goal + feedback	68	550	-0.08817913978494622
1060	goal + feedback	68	600	-0.08845813978494636
1060	goal + feedback	68	650	-0.13827363978494622
1060	goal + feedback	68	700	-0.19708380645161294
1060	goal + feedback	68	750	-0.25510230645161286
1060	goal + feedback	68	800	-0.30868197311827966
1060	goal + feedback	68	850	-0.35652597311827966
1060	goal + feedback	68	900	-0.3959556397849462
1060	goal + feedback	68	950	-0.43091397311827956
1060	goal + feedback	68	1e3	-0.4614814731182797
1060	goal + feedback	68	1050	-0.48123713978494626
1060	goal + feedback	68	1100	-0.5108221397849462
1060	goal + feedback	68	1150	-0.525313306451613
1060	goal + feedback	69	-200	-9.280691244241293e-4
1060	goal + feedback	69	-150	-0.009265688172043133
1060	goal + feedback	69	-100	-0.0021396881720430936
1060	goal + feedback	69	-50	0.0056039784946235
1060	goal + feedback	69	0	0.006884145161290212
1060	goal + feedback	69	50	0.010622645161290153
1060	goal + feedback	69	100	0.013388645161290272
1060	goal + feedback	69	150	0.04149597849462353
1060	goal + feedback	69	200	0.0531596451612902
1060	goal + feedback	69	250	0.0612051451612902
1060	goal + feedback	69	300	0.0886084784946235
1060	goal + feedback	69	350	0.0985011451612902
1060	goal + feedback	69	400	0.10515381182795676
1060	goal + feedback	69	450	0.09563831182795683
1060	goal + feedback	69	500	0.10965447849462355
1060	goal + feedback	69	550	0.12302097849462346
1060	goal + feedback	69	600	0.16102214516129018
1060	goal + feedback	69	650	0.18307347849462352
1060	goal + feedback	69	700	0.18142681182795686
1060	goal + feedback	69	750	0.14424131182795694
1060	goal + feedback	69	800	0.1113681451612903
1060	goal + feedback	69	850	0.09348931182795688
1060	goal + feedback	69	900	0.07735097849462358
1060	goal + feedback	69	950	0.07393497849462356
1060	goal + feedback	69	1e3	0.07464814516129015
1060	goal + feedback	69	1050	0.09167281182795683
1060	goal + feedback	69	1100	0.09891847849462354
1060	goal + feedback	69	1150	0.11725547849462352
1060	goal + feedback	70	-200	0.48741246666666665
1060	goal + feedback	70	-150	-0.1976598666666666
1060	goal + feedback	70	-100	-0.1235880333333333
1060	goal + feedback	70	-50	-0.0960570333333332
1060	goal + feedback	70	0	-0.07010753333333326
1060	goal + feedback	70	50	-0.06675519999999986
1060	goal + feedback	70	100	-0.09521653333333324
1060	goal + feedback	70	150	-0.14985369999999998
1060	goal + feedback	70	200	-0.18923919999999997
1060	goal + feedback	70	250	-0.22766253333333322
1060	goal + feedback	70	300	-0.2525730333333332
1060	goal + feedback	70	350	-0.2682777
1060	goal + feedback	70	400	-0.2590693666666666
1060	goal + feedback	70	450	-0.2358058666666666
1060	goal + feedback	70	500	-0.19074919999999995
1060	goal + feedback	70	550	-0.1516268666666666
1060	goal + feedback	70	600	-0.1347088666666667
1060	goal + feedback	70	650	-0.14016736666666652
1060	goal + feedback	70	700	NA
1060	goal + feedback	70	750	NA
1060	goal + feedback	70	800	NA
1060	goal + feedback	70	850	0.6546866333333332
1060	goal + feedback	70	900	0.5534811333333334
1060	goal + feedback	70	950	NA
1060	goal + feedback	70	1e3	NA
1060	goal + feedback	70	1050	NA
1060	goal + feedback	70	1100	0.7758026333333334
1060	goal + feedback	70	1150	0.12548396666666672
1060	goal + feedback	71	-200	0.021306986175115332
1060	goal + feedback	71	-150	9.262903225818835e-5
1060	goal + feedback	71	-100	0.0014421290322582288
1060	goal + feedback	71	-50	-0.00510270430107503
1060	goal + feedback	71	0	-0.021290204301075127
1060	goal + feedback	71	50	-0.025122370967741725
1060	goal + feedback	71	100	-0.02265720430107517
1060	goal + feedback	71	150	-0.036894704301075144
1060	goal + feedback	71	200	-0.03116253763440831
1060	goal + feedback	71	250	-0.028246870967741772
1060	goal + feedback	71	300	-0.02181353763440841
1060	goal + feedback	71	350	-0.0062730376344084515
1060	goal + feedback	71	400	0.02094162903225823
1060	goal + feedback	71	450	0.05912596236559161
1060	goal + feedback	71	500	0.09633629569892495
1060	goal + feedback	71	550	0.10671862903225822
1060	goal + feedback	71	600	0.08914896236559151
1060	goal + feedback	71	650	-0.01441737096774176
1060	goal + feedback	71	700	-0.10084887096774198
1060	goal + feedback	71	750	NA
1060	goal + feedback	71	800	NA
1060	goal + feedback	71	850	0.9776591290322583
1060	goal + feedback	71	900	-0.1160103709677418
1060	goal + feedback	71	950	-0.013152537634408453
1060	goal + feedback	71	1e3	-0.00815853763440851
1060	goal + feedback	71	1050	0.01765312903225829
1060	goal + feedback	71	1100	0.061715795698924936
1060	goal + feedback	71	1150	0.023185462365591603
1060	goal + feedback	72	-200	0.007500685714285701
1060	goal + feedback	72	-150	0.010261400000000013
1060	goal + feedback	72	-100	0.006492900000000097
1060	goal + feedback	72	-50	-0.005855199999999972
1060	goal + feedback	72	0	-0.02062576666666671
1060	goal + feedback	72	50	-0.029962266666666643
1060	goal + feedback	72	100	-0.04331393333333337
1060	goal + feedback	72	150	-0.022080433333333316
1060	goal + feedback	72	200	-0.01191526666666672
1060	goal + feedback	72	250	0.0024449000000000463
1060	goal + feedback	72	300	0.038162233333333274
1060	goal + feedback	72	350	0.07057856666666658
1060	goal + feedback	72	400	0.10878206666666657
1060	goal + feedback	72	450	0.13463106666666666
1060	goal + feedback	72	500	0.14972139999999992
1060	goal + feedback	72	550	0.16842073333333332
1060	goal + feedback	72	600	0.18677173333333333
1060	goal + feedback	72	650	0.1848179000000001
1060	goal + feedback	72	700	0.1326405666666667
1060	goal + feedback	72	750	0.0690237333333333
1060	goal + feedback	72	800	0.004008899999999945
1060	goal + feedback	72	850	-0.04496676666666666
1060	goal + feedback	72	900	-0.07843360000000003
1060	goal + feedback	72	950	-0.12040193333333327
1060	goal + feedback	72	1e3	-0.15696460000000023
1060	goal + feedback	72	1050	NA
1060	goal + feedback	72	1100	NA
1060	goal + feedback	72	1150	0.2074377333333334
1060	goal + feedback	73	-200	0.03501773333333347
1060	goal + feedback	73	-150	0.013699900000000209
1060	goal + feedback	73	-100	-0.005620933333333096
1060	goal + feedback	73	-50	-0.010743599999999779
1060	goal + feedback	73	0	-0.03235309999999977
1060	goal + feedback	73	50	-0.032945933333333066
1060	goal + feedback	73	100	-0.031273433333333246
1060	goal + feedback	73	150	-0.014102766666666433
1060	goal + feedback	73	200	-0.004634766666666475
1060	goal + feedback	73	250	1.2400000000134526e-5
1060	goal + feedback	73	300	0.015937900000000244
1060	goal + feedback	73	350	0.04454623333333352
1060	goal + feedback	73	400	0.09348140000000016
1060	goal + feedback	73	450	0.1421644000000002
1060	goal + feedback	73	500	0.20192056666666688
1060	goal + feedback	73	550	0.25023440000000025
1060	goal + feedback	73	600	0.2552007333333335
1060	goal + feedback	73	650	0.21074823333333348
1060	goal + feedback	73	700	0.10272413333333352
1060	goal + feedback	73	750	NA
1060	goal + feedback	73	800	NA
1060	goal + feedback	73	850	NA
1060	goal + feedback	73	900	1.0673922333333334
1060	goal + feedback	73	950	0.0932052333333336
1060	goal + feedback	73	1e3	0.13485706666666678
1060	goal + feedback	73	1050	NA
1060	goal + feedback	73	1100	NA
1060	goal + feedback	73	1150	0.1487564000000002
1060	goal + feedback	74	-200	-0.037223930875575996
1060	goal + feedback	74	-150	-0.023633478494623567
1060	goal + feedback	74	-100	3.776881720430521e-4
1060	goal + feedback	74	-50	0.028924854838709768
1060	goal + feedback	74	0	0.03775885483870978
1060	goal + feedback	74	50	0.02475652150537644
1060	goal + feedback	74	100	-0.011551311827956878
1060	goal + feedback	74	150	-0.039071478494623633
1060	goal + feedback	74	200	-0.06767514516129025
1060	goal + feedback	74	250	-0.09637681182795688
1060	goal + feedback	74	300	-0.10281914516129032
1060	goal + feedback	74	350	-0.10228597849462358
1060	goal + feedback	74	400	-0.09593964516129024
1060	goal + feedback	74	450	-0.054511978494623525
1060	goal + feedback	74	500	-0.01836181182795693
1060	goal + feedback	74	550	-1.6524516129026167e-4
1060	goal + feedback	74	600	NA
1060	goal + feedback	74	650	NA
1060	goal + feedback	74	700	NA
1060	goal + feedback	74	750	-0.2965014451612902
1060	goal + feedback	74	800	-0.22231964516129032
1060	goal + feedback	74	850	0.13373835483870966
1060	goal + feedback	74	900	NA
1060	goal + feedback	74	950	NA
1060	goal + feedback	74	1e3	0.30440635483870987
1060	goal + feedback	74	1050	-0.01684664516129038
1060	goal + feedback	74	1100	-0.0010841451612903323
1060	goal + feedback	74	1150	0.004115021505376386
1060	goal + feedback	75	-200	-0.023851966666666485
1060	goal + feedback	75	-150	-0.006102966666666543
1060	goal + feedback	75	-100	0.0016080333333334806
1060	goal + feedback	75	-50	0.01521486666666679
1060	goal + feedback	75	0	0.013132033333333496
1060	goal + feedback	75	50	0.01967370000000009
1060	goal + feedback	75	100	0.017066200000000142
1060	goal + feedback	75	150	0.022861866666666748
1060	goal + feedback	75	200	0.02649253333333353
1060	goal + feedback	75	250	0.02463241428571448
1060	goal + feedback	75	300	0.03845090000000022
1060	goal + feedback	75	350	0.02315755714285737
1060	goal + feedback	75	400	0.060470200000000064
1060	goal + feedback	75	450	0.10216090000000007
1060	goal + feedback	75	500	0.14923441428571435
1060	goal + feedback	75	550	0.16035620000000014
1060	goal + feedback	75	600	0.1772017000000002
1060	goal + feedback	75	650	0.1316389000000001
1060	goal + feedback	75	700	0.08493127142857164
1060	goal + feedback	75	750	0.04403186666666681
1060	goal + feedback	75	800	0.009620866666666839
1060	goal + feedback	75	850	-0.021189966666666542
1060	goal + feedback	75	900	-0.024673133333333208
1060	goal + feedback	75	950	-0.010348799999999825
1060	goal + feedback	75	1e3	-0.014342299999999883
1060	goal + feedback	75	1050	0.008234700000000187
1060	goal + feedback	75	1100	-0.0026780999999997945
1060	goal + feedback	75	1150	NA
1060	goal + feedback	76	-200	-0.011282233333333483
1060	goal + feedback	76	-150	-0.0182844000000002
1060	goal + feedback	76	-100	-0.010550900000000066
1060	goal + feedback	76	-50	0.015976099999999827
1060	goal + feedback	76	0	0.024141433333333184
1060	goal + feedback	76	50	0.04314826666666657
1060	goal + feedback	76	100	0.05764093333333312
1060	goal + feedback	76	150	0.08200176666666659
1060	goal + feedback	76	200	0.07965676666666655
1060	goal + feedback	76	250	0.09298159999999989
1060	goal + feedback	76	300	0.0977865999999999
1060	goal + feedback	76	350	0.0892937666666666
1060	goal + feedback	76	400	0.08885093333333316
1060	goal + feedback	76	450	0.10075626666666652
1060	goal + feedback	76	500	0.10805943333333319
1060	goal + feedback	76	550	0.12839209999999998
1060	goal + feedback	76	600	0.11298974285714276
1060	goal + feedback	76	650	0.10338579999999978
1060	goal + feedback	76	700	0.08001626666666646
1060	goal + feedback	76	750	0.06479502857142842
1060	goal + feedback	76	800	0.05439009999999985
1060	goal + feedback	76	850	0.06949659999999984
1060	goal + feedback	76	900	0.09673076666666658
1060	goal + feedback	76	950	0.11840976666666658
1060	goal + feedback	76	1e3	0.12838326666666658
1060	goal + feedback	76	1050	0.12472343333333329
1060	goal + feedback	76	1100	0.13476659999999985
1060	goal + feedback	76	1150	0.13967526666666652
1060	goal + feedback	78	-200	0.013307502304147536
1060	goal + feedback	78	-150	0.0135046451612905
1060	goal + feedback	78	-100	0.0024014784946237247
1060	goal + feedback	78	-50	-0.010911354838709716
1060	goal + feedback	78	0	-0.02052018817204293
1060	goal + feedback	78	50	-0.023200188172042873
1060	goal + feedback	78	100	-0.032508021505376274
1060	goal + feedback	78	150	-0.02587485483870955
1060	goal + feedback	78	200	-0.03875935483870966
1060	goal + feedback	78	250	-0.03383635483870958
1060	goal + feedback	78	300	-0.03102352150537624
1060	goal + feedback	78	350	-0.03092602150537623
1060	goal + feedback	78	400	-0.00899352150537632
1060	goal + feedback	78	450	0.01780447849462378
1060	goal + feedback	78	500	0.047657811827957065
1060	goal + feedback	78	550	0.07048897849462372
1060	goal + feedback	78	600	0.07912814516129041
1060	goal + feedback	78	650	0.041635478494623714
1060	goal + feedback	78	700	-0.008575021505376293
1060	goal + feedback	78	750	-0.07099718817204288
1060	goal + feedback	78	800	-0.11565102150537632
1060	goal + feedback	78	850	-0.14607518817204287
1060	goal + feedback	78	900	-0.16972402150537627
1060	goal + feedback	78	950	-0.1681796881720429
1060	goal + feedback	78	1e3	-0.25014285483870946
1060	goal + feedback	78	1050	NA
1060	goal + feedback	78	1100	NA
1060	goal + feedback	78	1150	NA
1060	goal + feedback	79	-200	0.010394066666666646
1060	goal + feedback	79	-150	0.006359566666666631
1060	goal + feedback	79	-100	-0.010709100000000063
1060	goal + feedback	79	-50	-0.0033819333333333645
1060	goal + feedback	79	0	-0.0026625999999999963
1060	goal + feedback	79	50	-0.003720266666666768
1060	goal + feedback	79	100	0.0017842333333333293
1060	goal + feedback	79	150	0.005735233333333293
1060	goal + feedback	79	200	0.00638473333333341
1060	goal + feedback	79	250	0.016982233333333374
1060	goal + feedback	79	300	0.018330733333333276
1060	goal + feedback	79	350	0.038378233333333345
1060	goal + feedback	79	400	0.057053233333333266
1060	goal + feedback	79	450	0.08987356666666657
1060	goal + feedback	79	500	0.14229156666666665
1060	goal + feedback	79	550	0.18106523333333321
1060	goal + feedback	79	600	0.19638089999999994
1060	goal + feedback	79	650	0.17707989999999993
1060	goal + feedback	79	700	0.14362290000000008
1060	goal + feedback	79	750	0.10785056666666663
1060	goal + feedback	79	800	0.08318573333333339
1060	goal + feedback	79	850	0.0593907333333333
1060	goal + feedback	79	900	0.0026953999999999776
1060	goal + feedback	79	950	NA
1060	goal + feedback	79	1e3	NA
1060	goal + feedback	79	1050	NA
1060	goal + feedback	79	1100	NA
1060	goal + feedback	79	1150	0.012556399999999949
1060	goal + feedback	80	-200	-0.024043266666666712
1060	goal + feedback	80	-150	-0.010368600000000061
1060	goal + feedback	80	-100	0.010979566666666626
1060	goal + feedback	80	-50	0.01032073333333335
1060	goal + feedback	80	0	0.013111566666666574
1060	goal + feedback	80	50	3.908999999999718e-4
1060	goal + feedback	80	100	-0.0066632666666666856
1060	goal + feedback	80	150	-0.015284933333333361
1060	goal + feedback	80	200	-0.019331766666666732
1060	goal + feedback	80	250	-0.012490766666666708
1060	goal + feedback	80	300	-0.011249933333333425
1060	goal + feedback	80	350	-0.003606766666666742
1060	goal + feedback	80	400	0.002882233333333225
1060	goal + feedback	80	450	0.0248037333333333
1060	goal + feedback	80	500	0.049855900000000064
1060	goal + feedback	80	550	0.08482323333333334
1060	goal + feedback	80	600	0.09690823333333332
1060	goal + feedback	80	650	0.10721739999999991
1060	goal + feedback	80	700	0.1284845666666666
1060	goal + feedback	80	750	0.07996106666666665
1060	goal + feedback	80	800	0.014683233333333323
1060	goal + feedback	80	850	NA
1060	goal + feedback	80	900	NA
1060	goal + feedback	80	950	NA
1060	goal + feedback	80	1e3	-0.1415974333333332
1060	goal + feedback	80	1050	0.31821089999999996
1060	goal + feedback	80	1100	0.3782810666666666
1060	goal + feedback	80	1150	NA
1060	goal + feedback	81	-200	0.005463483870967575
1060	goal + feedback	81	-150	0.007861817204300866
1060	goal + feedback	81	-100	-0.0020876827956991897
1060	goal + feedback	81	-50	-0.009332349462365755
1060	goal + feedback	81	0	-0.0028158494623657195
1060	goal + feedback	81	50	0.017957817204300897
1060	goal + feedback	81	100	0.03352181720430081
1060	goal + feedback	81	150	0.049595983870967496
1060	goal + feedback	81	200	0.09269698387096748
1060	goal + feedback	81	250	0.09997798387096757
1060	goal + feedback	81	300	0.1288321505376341
1060	goal + feedback	81	350	0.13955648387096753
1060	goal + feedback	81	400	0.16222931720430087
1060	goal + feedback	81	450	0.1687183172043009
1060	goal + feedback	81	500	0.18936381720430084
1060	goal + feedback	81	550	0.22095065053763419
1060	goal + feedback	81	600	0.23405148387096758
1060	goal + feedback	81	650	0.2121606267281104
1060	goal + feedback	81	700	0.16606181720430083
1060	goal + feedback	81	750	0.11587415053763424
1060	goal + feedback	81	800	0.07234215053763411
1060	goal + feedback	81	850	0.021073150537634183
1060	goal + feedback	81	900	0.004019483870967511
1060	goal + feedback	81	950	-0.009372682795699175
1060	goal + feedback	81	1e3	-0.027685349462365744
1060	goal + feedback	81	1050	-0.027913682795699096
1060	goal + feedback	81	1100	-0.024579682795699147
1060	goal + feedback	81	1150	-0.016985349462365813
1060	goal + feedback	82	-200	-0.04404100000000006
1060	goal + feedback	82	-150	-0.01141533333333348
1060	goal + feedback	82	-100	0.016077833333333274
1060	goal + feedback	82	-50	0.03876299999999988
1060	goal + feedback	82	0	0.00795566666666662
1060	goal + feedback	82	50	-0.025256500000000088
1060	goal + feedback	82	100	-0.07214783333333341
1060	goal + feedback	82	150	-0.10929916666666672
1060	goal + feedback	82	200	-0.13777183333333354
1060	goal + feedback	82	250	-0.15414800000000017
1060	goal + feedback	82	300	-0.14227433333333347
1060	goal + feedback	82	350	-0.11669966666666672
1060	goal + feedback	82	400	-0.08295500000000004
1060	goal + feedback	82	450	-0.05005650000000017
1060	goal + feedback	82	500	-0.015541333333333407
1060	goal + feedback	82	550	0.021522500000000038
1060	goal + feedback	82	600	0.08805583333333329
1060	goal + feedback	82	650	0.1119426666666666
1060	goal + feedback	82	700	0.1251469999999999
1060	goal + feedback	82	750	0.08195649999999992
1060	goal + feedback	82	800	0.03595533333333326
1060	goal + feedback	82	850	0.015216333333333202
1060	goal + feedback	82	900	-0.0073278333333334595
1060	goal + feedback	82	950	-0.026571166666666812
1060	goal + feedback	82	1e3	-0.05281783333333342
1060	goal + feedback	82	1050	-0.06401866666666667
1060	goal + feedback	82	1100	-0.08607616666666673
1060	goal + feedback	82	1150	-0.09026200000000006
1060	goal + feedback	83	-200	-0.00816103333333329
1060	goal + feedback	83	-150	-8.861999999999851e-4
1060	goal + feedback	83	-100	0.005920466666666568
1060	goal + feedback	83	-50	0.0014299666666666895
1060	goal + feedback	83	0	0.0016967999999999428
1060	goal + feedback	83	50	-0.005181199999999997
1060	goal + feedback	83	100	-0.011687533333333352
1060	goal + feedback	83	150	-0.005479366666666745
1060	goal + feedback	83	200	-0.011242533333333396
1060	goal + feedback	83	250	-0.012798033333333292
1060	goal + feedback	83	300	-0.016504200000000042
1060	goal + feedback	83	350	0.0014074666666668012
1060	goal + feedback	83	400	-0.0014848666666666954
1060	goal + feedback	83	450	0.01772246666666666
1060	goal + feedback	83	500	0.031655966666666625
1060	goal + feedback	83	550	0.07191829999999995
1060	goal + feedback	83	600	0.10448030000000001
1060	goal + feedback	83	650	0.10913096666666673
1060	goal + feedback	83	700	0.08853030000000002
1060	goal + feedback	83	750	0.04955013333333339
1060	goal + feedback	83	800	0.03784130000000004
1060	goal + feedback	83	850	0.03071563333333338
1060	goal + feedback	83	900	0.022043633333333368
1060	goal + feedback	83	950	0.019234299999999926
1060	goal + feedback	83	1e3	0.02444929999999997
1060	goal + feedback	83	1050	0.03860480000000003
1060	goal + feedback	83	1100	0.07099963333333344
1060	goal + feedback	83	1150	0.09639430000000004
1060	goal + feedback	84	-200	0.024975248847926044
1060	goal + feedback	84	-150	0.0017471774193546323
1060	goal + feedback	84	-100	-0.005190322580645261
1060	goal + feedback	84	-50	-0.015258822580645296
1060	goal + feedback	84	0	-0.010435822580645349
1060	goal + feedback	84	50	-0.014536322580645336
1060	goal + feedback	84	100	-0.003681322580645278
1060	goal + feedback	84	150	-0.012010989247311995
1060	goal + feedback	84	200	-0.013850655913978605
1060	goal + feedback	84	250	-0.01824115591397864
1060	goal + feedback	84	300	-0.01880165591397868
1060	goal + feedback	84	350	-0.014111989247312051
1060	goal + feedback	84	400	-0.001613822580645315
1060	goal + feedback	84	450	0.025676677419354716
1060	goal + feedback	84	500	0.06057001075268801
1060	goal + feedback	84	550	0.11899267741935456
1060	goal + feedback	84	600	0.07317201075268809
1060	goal + feedback	84	650	NA
1060	goal + feedback	84	700	NA
1060	goal + feedback	84	750	NA
1060	goal + feedback	84	800	0.23898267741935486
1060	goal + feedback	84	850	-0.04693960829493112
1060	goal + feedback	84	900	0.036794677419354826
1060	goal + feedback	84	950	NA
1060	goal + feedback	84	1e3	NA
1060	goal + feedback	84	1050	0.19862967741935478
1060	goal + feedback	84	1100	0.31523107741935463
1060	goal + feedback	84	1150	0.06300101075268809
1060	goal + feedback	85	-200	-0.004885119815668241
1060	goal + feedback	85	-150	0.006751618279569789
1060	goal + feedback	85	-100	3.96618279569901e-4
1060	goal + feedback	85	-50	-0.0048323817204302495
1060	goal + feedback	85	0	0.003383451612903136
1060	goal + feedback	85	50	0.0015984516129032105
1060	goal + feedback	85	100	3.8761827956990125e-4
1060	goal + feedback	85	150	0.005828284946236624
1060	goal + feedback	85	200	0.004609451612903159
1060	goal + feedback	85	250	-0.005369048387096805
1060	goal + feedback	85	300	-0.014360048387096702
1060	goal + feedback	85	350	-0.030927381720430153
1060	goal + feedback	85	400	-0.01726604838709685
1060	goal + feedback	85	450	-0.01806404838709678
1060	goal + feedback	85	500	8.71182795698644e-5
1060	goal + feedback	85	550	0.03311378494623655
1060	goal + feedback	85	600	0.052037118279569805
1060	goal + feedback	85	650	0.05055761827956987
1060	goal + feedback	85	700	-0.0497997483870968
1060	goal + feedback	85	750	NA
1060	goal + feedback	85	800	NA
1060	goal + feedback	85	850	NA
1060	goal + feedback	85	900	NA
1060	goal + feedback	85	950	NA
1060	goal + feedback	85	1e3	NA
1060	goal + feedback	85	1050	NA
1060	goal + feedback	85	1100	NA
1060	goal + feedback	85	1150	NA
1060	goal + feedback	86	-200	0.029734995391704988
1060	goal + feedback	86	-150	0.01791570967741925
1060	goal + feedback	86	-100	4.783763440858735e-4
1060	goal + feedback	86	-50	-0.019255123655914048
1060	goal + feedback	86	0	-0.033829790322580676
1060	goal + feedback	86	50	-0.05001129032258075
1060	goal + feedback	86	100	-0.053830123655914074
1060	goal + feedback	86	150	-0.06912095698924732
1060	goal + feedback	86	200	-0.07188212365591402
1060	goal + feedback	86	250	-0.06827612365591403
1060	goal + feedback	86	300	-0.07014079032258065
1060	goal + feedback	86	350	-0.07239612365591408
1060	goal + feedback	86	400	-0.07271845698924746
1060	goal + feedback	86	450	-0.05641079032258071
1060	goal + feedback	86	500	-0.028701790322580727
1060	goal + feedback	86	550	-0.016273956989247385
1060	goal + feedback	86	600	0.018438043010752542
1060	goal + feedback	86	650	0.03417237634408591
1060	goal + feedback	86	700	0.021808543010752635
1060	goal + feedback	86	750	-0.016617623655914127
1060	goal + feedback	86	800	-0.05433629032258073
1060	goal + feedback	86	850	-0.08606379032258071
1060	goal + feedback	86	900	-0.11073429032258082
1060	goal + feedback	86	950	-0.11829879032258066
1060	goal + feedback	86	1e3	-0.4466182903225806
1060	goal + feedback	86	1050	NA
1060	goal + feedback	86	1100	NA
1060	goal + feedback	86	1150	0.011506709677419291
1060	goal + feedback	87	-200	-0.016467635944700274
1060	goal + feedback	87	-150	-0.004800897849462175
1060	goal + feedback	87	-100	0.0010154354838711004
1060	goal + feedback	87	-50	0.013147768817204511
1060	goal + feedback	87	0	0.00984993548387103
1060	goal + feedback	87	50	0.024320102150537776
1060	goal + feedback	87	100	0.02199076881720452
1060	goal + feedback	87	150	0.03698660215053776
1060	goal + feedback	87	200	0.04713660215053787
1060	goal + feedback	87	250	0.05125710215053777
1060	goal + feedback	87	300	0.05820910215053776
1060	goal + feedback	87	350	0.07011943548387116
1060	goal + feedback	87	400	0.09976610215053783
1060	goal + feedback	87	450	0.1311686021505379
1060	goal + feedback	87	500	0.15988376881720442
1060	goal + feedback	87	550	0.16847926881720454
1060	goal + feedback	87	600	0.15539910215053787
1060	goal + feedback	87	650	0.12372710215053773
1060	goal + feedback	87	700	0.08228226881720446
1060	goal + feedback	87	750	0.02026810215053776
1060	goal + feedback	87	800	-0.03731939784946229
1060	goal + feedback	87	850	-0.06413273118279557
1060	goal + feedback	87	900	-0.09312306451612888
1060	goal + feedback	87	950	-0.11083973118279562
1060	goal + feedback	87	1e3	-0.1027933978494621
1060	goal + feedback	87	1050	-0.0837735645161289
1060	goal + feedback	87	1100	-0.05643806451612895
1060	goal + feedback	87	1150	-0.0326372311827956
1060	goal + feedback	88	-200	0.04168875576036868
1060	goal + feedback	88	-150	0.0164596129032258
1060	goal + feedback	88	-100	-8.518870967741213e-4
1060	goal + feedback	88	-50	-0.02772005376344085
1060	goal + feedback	88	0	-0.036524553763440805
1060	goal + feedback	88	50	-0.05143838709677414
1060	goal + feedback	88	100	-0.04898672043010747
1060	goal + feedback	88	150	-0.044645220430107546
1060	goal + feedback	88	200	-0.027628887096774097
1060	goal + feedback	88	250	-0.016826053763440818
1060	goal + feedback	88	300	-0.021954887096774216
1060	goal + feedback	88	350	-0.0064688870967741785
1060	goal + feedback	88	400	0.01590827956989253
1060	goal + feedback	88	450	0.04036177956989251
1060	goal + feedback	88	500	0.0868416129032259
1060	goal + feedback	88	550	0.10493861290322586
1060	goal + feedback	88	600	0.13221577956989253
1060	goal + feedback	88	650	0.13527844623655913
1060	goal + feedback	88	700	0.12933927956989258
1060	goal + feedback	88	750	0.11940727956989254
1060	goal + feedback	88	800	0.10132511290322584
1060	goal + feedback	88	850	0.04020527956989254
1060	goal + feedback	88	900	NA
1060	goal + feedback	88	950	NA
1060	goal + feedback	88	1e3	NA
1060	goal + feedback	88	1050	0.06629794623655923
1060	goal + feedback	88	1100	-0.05627388709677413
1060	goal + feedback	88	1150	-0.053242553763440816
1060	goal + feedback	89	-200	-0.010274608294930638
1060	goal + feedback	89	-150	-0.0012964892473116645
1060	goal + feedback	89	-100	0.0024218440860217516
1060	goal + feedback	89	-50	0.011137844086021623
1060	goal + feedback	89	0	-2.761559139783376e-4
1060	goal + feedback	89	50	0.017442844086021703
1060	goal + feedback	89	100	0.04042301075268832
1060	goal + feedback	89	150	0.05641601075268839
1060	goal + feedback	89	200	0.05443634408602175
1060	goal + feedback	89	250	0.07721151075268835
1060	goal + feedback	89	300	0.0925995107526884
1060	goal + feedback	89	350	0.11043301075268837
1060	goal + feedback	89	400	0.12278501075268829
1060	goal + feedback	89	450	0.14715484408602167
1060	goal + feedback	89	500	0.17453951075268836
1060	goal + feedback	89	550	0.1902413440860217
1060	goal + feedback	89	600	0.16514434408602172
1060	goal + feedback	89	650	0.11863317741935513
1060	goal + feedback	89	700	0.056988010752688334
1060	goal + feedback	89	750	0.027114677419354916
1060	goal + feedback	89	800	-0.001166489247311701
1060	goal + feedback	89	850	-0.017299155913978275
1060	goal + feedback	89	900	-0.009175322580645018
1060	goal + feedback	89	950	0.0064535107526883335
1060	goal + feedback	89	1e3	-0.03616032258064483
1060	goal + feedback	89	1050	NA
1060	goal + feedback	89	1100	NA
1060	goal + feedback	89	1150	-0.027305322580644997
1060	goal + feedback	90	-200	0.006139290322580569
1060	goal + feedback	90	-150	0.0036301236559139007
1060	goal + feedback	90	-100	-0.0012735430107527386
1060	goal + feedback	90	-50	0.0010411236559139485
1060	goal + feedback	90	0	-0.010560209677419405
1060	goal + feedback	90	50	-0.010547876344086049
1060	goal + feedback	90	100	-0.018114043010752773
1060	goal + feedback	90	150	-0.03597087634408617
1060	goal + feedback	90	200	-0.05112587634408613
1060	goal + feedback	90	250	-0.044020209677419375
1060	goal + feedback	90	300	-0.05482170967741943
1060	goal + feedback	90	350	-0.04785920967741938
1060	goal + feedback	90	400	-0.03641754301075273
1060	goal + feedback	90	450	-0.01558987634408604
1060	goal + feedback	90	500	0.02083662365591395
1060	goal + feedback	90	550	0.058480123655913964
1060	goal + feedback	90	600	0.08262895698924726
1060	goal + feedback	90	650	0.07090345698924727
1060	goal + feedback	90	700	0.05154012365591395
1060	goal + feedback	90	750	-3.1470967741942246e-4
1060	goal + feedback	90	800	-0.1564207096774195
1060	goal + feedback	90	850	NA
1060	goal + feedback	90	900	NA
1060	goal + feedback	90	950	NA
1060	goal + feedback	90	1e3	0.6677757903225807
1060	goal + feedback	90	1050	-0.10286020967741945
1060	goal + feedback	90	1100	-0.029514376344086084
1060	goal + feedback	90	1150	-0.022618376344086144
1060	goal + feedback	91	-200	0.023344456221198025
1060	goal + feedback	91	-150	0.006750241935483754
1060	goal + feedback	91	-100	-0.005069758064516261
1060	goal + feedback	91	-50	-0.01645909139784966
1060	goal + feedback	91	0	-0.012456591397849456
1060	goal + feedback	91	50	-0.013567091397849618
1060	goal + feedback	91	100	-0.012468424731182962
1060	goal + feedback	91	150	-0.013904758064516262
1060	goal + feedback	91	200	-0.010803424731182934
1060	goal + feedback	91	250	-0.0108952580645163
1060	goal + feedback	91	300	-0.015862091397849554
1060	goal + feedback	91	350	-0.008829924731182937
1060	goal + feedback	91	400	-0.009072924731183004
1060	goal + feedback	91	450	0.03061974193548367
1060	goal + feedback	91	500	0.07001224193548368
1060	goal + feedback	91	550	0.11194657526881706
1060	goal + feedback	91	600	0.14267607526881698
1060	goal + feedback	91	650	0.14879240860215037
1060	goal + feedback	91	700	0.09698057526881709
1060	goal + feedback	91	750	-0.16588025806451645
1060	goal + feedback	91	800	NA
1060	goal + feedback	91	850	NA
1060	goal + feedback	91	900	NA
1060	goal + feedback	91	950	NA
1060	goal + feedback	91	1e3	-0.07599200806451634
1060	goal + feedback	91	1050	-0.05810609139784958
1060	goal + feedback	91	1100	NA
1060	goal + feedback	91	1150	NA
1060	goal + feedback	92	-200	-0.015787949308755853
1060	goal + feedback	92	-150	-0.002437806451612993
1060	goal + feedback	92	-100	0.004280026881720318
1060	goal + feedback	92	-50	0.014308193548387008
1060	goal + feedback	92	0	0.0022688602150537176
1060	goal + feedback	92	50	-0.0012566397849464266
1060	goal + feedback	92	100	-0.010715139784946315
1060	goal + feedback	92	150	-0.010111473118279571
1060	goal + feedback	92	200	-0.008220639784946323
1060	goal + feedback	92	250	7.466935483870044e-4
1060	goal + feedback	92	300	-4.518064516130238e-4
1060	goal + feedback	92	350	0.011543193548387029
1060	goal + feedback	92	400	0.018001860215053716
1060	goal + feedback	92	450	0.030328526881720313
1060	goal + feedback	92	500	0.06345086021505364
1060	goal + feedback	92	550	0.0755608602150537
1060	goal + feedback	92	600	0.04369569354838698
1060	goal + feedback	92	650	-0.09848080645161295
1060	goal + feedback	92	700	NA
1060	goal + feedback	92	750	NA
1060	goal + feedback	92	800	NA
1060	goal + feedback	92	850	-0.1482084731182797
1060	goal + feedback	92	900	-0.088964806451612935
1060	goal + feedback	92	950	-0.029083473118279708
1060	goal + feedback	92	1e3	-0.0018634731182796866
1060	goal + feedback	92	1050	0.040835693548386974
1060	goal + feedback	92	1100	0.058667026881720354
1060	goal + feedback	92	1150	0.01057936021505368
1060	goal + feedback	93	-200	-0.006190766666666736
1060	goal + feedback	93	-150	-0.013041600000000134
1060	goal + feedback	93	-100	-0.007686766666666678
1060	goal + feedback	93	-50	0.011987899999999904
1060	goal + feedback	93	0	0.014931233333333349
1060	goal + feedback	93	50	0.0249570666666666
1060	goal + feedback	93	100	0.05074039999999994
1060	goal + feedback	93	150	0.06774923333333331
1060	goal + feedback	93	200	0.07092789999999997
1060	goal + feedback	93	250	0.07684223333333333
1060	goal + feedback	93	300	0.0769887333333333
1060	goal + feedback	93	350	0.09349639999999997
1060	goal + feedback	93	400	0.11171323333333327
1060	goal + feedback	93	450	0.12070473333333324
1060	goal + feedback	93	500	0.15366906666666655
1060	goal + feedback	93	550	0.18949673333333328
1060	goal + feedback	93	600	0.2234697333333333
1060	goal + feedback	93	650	0.2618500666666666
1060	goal + feedback	93	700	0.2752080666666666
1060	goal + feedback	93	750	0.24179889999999996
1060	goal + feedback	93	800	0.07177040000000012
1060	goal + feedback	93	850	NA
1060	goal + feedback	93	900	NA
1060	goal + feedback	93	950	NA
1060	goal + feedback	93	1e3	0.2797054000000001
1060	goal + feedback	93	1050	NA
1060	goal + feedback	93	1100	NA
1060	goal + feedback	93	1150	NA
1060	goal + feedback	94	-200	0.0024681761904762184
1060	goal + feedback	94	-150	-0.003875966666666638
1060	goal + feedback	94	-100	-0.001840466666666633
1060	goal + feedback	94	-50	-2.3329999999995485e-4
1060	goal + feedback	94	0	0.003684233333333342
1060	goal + feedback	94	50	-0.0021925380952380535
1060	goal + feedback	94	100	0.007566366666666695
1060	goal + feedback	94	150	0.00827136666666665
1060	goal + feedback	94	200	-2.9229999999998607e-4
1060	goal + feedback	94	250	-0.01258379999999996
1060	goal + feedback	94	300	-0.029828966666666606
1060	goal + feedback	94	350	-0.04621863333333335
1060	goal + feedback	94	400	-0.038498133333333406
1060	goal + feedback	94	450	-0.046705633333333406
1060	goal + feedback	94	500	-0.019262466666666606
1060	goal + feedback	94	550	0.012915700000000049
1060	goal + feedback	94	600	0.038062866666666695
1060	goal + feedback	94	650	0.08600969999999997
1060	goal + feedback	94	700	0.12276636666666674
1060	goal + feedback	94	750	0.13483869999999998
1060	goal + feedback	94	800	0.05436343333333351
1060	goal + feedback	94	850	NA
1060	goal + feedback	94	900	NA
1060	goal + feedback	94	950	NA
1060	goal + feedback	94	1e3	-0.2544589666666668
1060	goal + feedback	94	1050	0.12382153333333334
1060	goal + feedback	94	1100	-0.014714966666666607
1060	goal + feedback	94	1150	0.015553200000000045
1060	goal + feedback	95	-200	0.07627893333333342
1060	goal + feedback	95	-150	0.03235376666666667
1060	goal + feedback	95	-100	-0.011781066666666673
1060	goal + feedback	95	-50	-0.03236656666666667
1060	goal + feedback	95	0	-0.06448506666666669
1060	goal + feedback	95	50	-0.08415123333333334
1060	goal + feedback	95	100	-0.08035623333333335
1060	goal + feedback	95	150	-0.06541223333333328
1060	goal + feedback	95	200	-0.037241900000000015
1060	goal + feedback	95	250	-0.023223733333333236
1060	goal + feedback	95	300	-0.009795733333333242
1060	goal + feedback	95	350	5.707666666667036e-4
1060	goal + feedback	95	400	-7.145666666666569e-4
1060	goal + feedback	95	450	0.0012589333333332675
1060	goal + feedback	95	500	0.030177433333333337
1060	goal + feedback	95	550	0.05820826666666671
1060	goal + feedback	95	600	0.10007526666666666
1060	goal + feedback	95	650	0.13228076666666663
1060	goal + feedback	95	700	0.11468826666666665
1060	goal + feedback	95	750	0.07639710000000004
1060	goal + feedback	95	800	0.020953600000000055
1060	goal + feedback	95	850	-0.045099399999999935
1060	goal + feedback	95	900	NA
1060	goal + feedback	95	950	NA
1060	goal + feedback	95	1e3	NA
1060	goal + feedback	95	1050	-0.0374541333333334
1060	goal + feedback	95	1100	-0.010273066666666534
1060	goal + feedback	95	1150	0.021809933333333326
1060	goal + feedback	96	-200	0.02507955299539168
1060	goal + feedback	96	-150	0.014620005376344114
1060	goal + feedback	96	-100	0.00261733870967736
1060	goal + feedback	96	-50	-0.0146618279569893
1060	goal + feedback	96	0	-0.031834994623655875
1060	goal + feedback	96	50	-0.037668994623655916
1060	goal + feedback	96	100	-0.0617981612903226
1060	goal + feedback	96	150	-0.08843682795698915
1060	goal + feedback	96	200	-0.0769051612903225
1060	goal + feedback	96	250	-0.08853499462365592
1060	goal + feedback	96	300	-0.0896653279569893
1060	goal + feedback	96	350	-0.10693666129032264
1060	goal + feedback	96	400	-0.08698466129032267
1060	goal + feedback	96	450	-0.09155266129032258
1060	goal + feedback	96	500	-0.06990082795698926
1060	goal + feedback	96	550	-0.015531494623655847
1060	goal + feedback	96	600	0.009982838709677496
1060	goal + feedback	96	650	0.042930672043010855
1060	goal + feedback	96	700	0.016754672043010732
1060	goal + feedback	96	750	-0.09906566129032268
1060	goal + feedback	96	800	NA
1060	goal + feedback	96	850	NA
1060	goal + feedback	96	900	0.20673708870967744
1060	goal + feedback	96	950	-0.07137299462365587
1060	goal + feedback	96	1e3	-0.20731816129032254
1060	goal + feedback	96	1050	-0.17598782795698922
1060	goal + feedback	96	1100	-0.15632349462365594
1060	goal + feedback	96	1150	-0.1557626612903226
1060	goal + feedback	97	-200	-0.045469580645161364
1060	goal + feedback	97	-150	-0.011924913978494786
1060	goal + feedback	97	-100	0.006513919354838693
1060	goal + feedback	97	-50	0.021504919354838597
1060	goal + feedback	97	0	0.03695391935483857
1060	goal + feedback	97	50	0.03198781935483863
1060	goal + feedback	97	100	0.030559562211981577
1060	goal + feedback	97	150	0.017160086021505244
1060	goal + feedback	97	200	-0.011752247311828038
1060	goal + feedback	97	250	-0.027802747311828007
1060	goal + feedback	97	300	-0.07506658064516136
1060	goal + feedback	97	350	-0.08432574731182803
1060	goal + feedback	97	400	-0.10681791397849476
1060	goal + feedback	97	450	-0.09982524731182811
1060	goal + feedback	97	500	-0.08670808064516138
1060	goal + feedback	97	550	-0.05031678064516143
1060	goal + feedback	97	600	-0.005249009216589963
1060	goal + feedback	97	650	0.03236901935483871
1060	goal + feedback	97	700	-0.07001308064516132
1060	goal + feedback	97	750	NA
1060	goal + feedback	97	800	NA
1060	goal + feedback	97	850	NA
1060	goal + feedback	97	900	NA
1060	goal + feedback	97	950	NA
1060	goal + feedback	97	1e3	NA
1060	goal + feedback	97	1050	NA
1060	goal + feedback	97	1100	NA
1060	goal + feedback	97	1150	NA
1060	goal + feedback	98	-200	0.022540073732718695
1060	goal + feedback	98	-150	0.006898145161290096
1060	goal + feedback	98	-100	-0.002529688172043206
1060	goal + feedback	98	-50	-0.004686188172043175
1060	goal + feedback	98	0	-0.025979021505376492
1060	goal + feedback	98	50	-0.029783188172043173
1060	goal + feedback	98	100	-0.04750385483870989
1060	goal + feedback	98	150	-0.04375935483870985
1060	goal + feedback	98	200	-0.06036602150537651
1060	goal + feedback	98	250	-0.06542902150537655
1060	goal + feedback	98	300	-0.07639568817204319
1060	goal + feedback	98	350	-0.07638635483870974
1060	goal + feedback	98	400	-0.08680802150537643
1060	goal + feedback	98	450	-0.07492685483871002
1060	goal + feedback	98	500	-0.06199185483870987
1060	goal + feedback	98	550	-0.023751521505376443
1060	goal + feedback	98	600	0.006575811827956857
1060	goal + feedback	98	650	0.04677814516129016
1060	goal + feedback	98	700	0.07376647849462355
1060	goal + feedback	98	750	0.06286131182795685
1060	goal + feedback	98	800	0.027989645161290138
1060	goal + feedback	98	850	-0.019779688172043192
1060	goal + feedback	98	900	0.08955164516129004
1060	goal + feedback	98	950	NA
1060	goal + feedback	98	1e3	NA
1060	goal + feedback	98	1050	NA
1060	goal + feedback	98	1100	NA
1060	goal + feedback	98	1150	-0.20582102150537654
1060	goal + feedback	100	-200	-0.021234281105990682
1060	goal + feedback	100	-150	-0.023702876344086077
1060	goal + feedback	100	-100	-0.008618209677419294
1060	goal + feedback	100	-50	0.02090012365591402
1060	goal + feedback	100	0	0.036194290322580626
1060	goal + feedback	100	50	0.04711695698924734
1060	goal + feedback	100	100	0.03639245698924731
1060	goal + feedback	100	150	0.03401795698924737
1060	goal + feedback	100	200	0.026159456989247303
1060	goal + feedback	100	250	0.01182729032258075
1060	goal + feedback	100	300	-0.016748876344086023
1060	goal + feedback	100	350	-0.019170376344085954
1060	goal + feedback	100	400	-0.004388209677419337
1060	goal + feedback	100	450	0.024713956989247315
1060	goal + feedback	100	500	0.04858445698924737
1060	goal + feedback	100	550	0.09152179032258068
1060	goal + feedback	100	600	0.11932262365591395
1060	goal + feedback	100	650	0.03484609032258072
1060	goal + feedback	100	700	NA
1060	goal + feedback	100	750	NA
1060	goal + feedback	100	800	NA
1060	goal + feedback	100	850	NA
1060	goal + feedback	100	900	-0.22143920967741915
1060	goal + feedback	100	950	-0.13214250967741936
1060	goal + feedback	100	1e3	-0.12853870967741932
1060	goal + feedback	100	1050	NA
1060	goal + feedback	100	1100	NA
1060	goal + feedback	100	1150	NA
1060	goal + feedback	101	-200	-0.0016934285714285124
1060	goal + feedback	101	-150	0.0037326666666666806
1060	goal + feedback	101	-100	0.0071681666666666794
1060	goal + feedback	101	-50	-0.0038204999999998566
1060	goal + feedback	101	0	-0.005104666666666609
1060	goal + feedback	101	50	-0.004698333333333249
1060	goal + feedback	101	100	3.5650000000009285e-4
1060	goal + feedback	101	150	-0.011161666666666662
1060	goal + feedback	101	200	-0.0189019999999999
1060	goal + feedback	101	250	-0.019110999999999878
1060	goal + feedback	101	300	-0.0077333333333332215
1060	goal + feedback	101	350	-0.012643999999999878
1060	goal + feedback	101	400	-0.008802166666666519
1060	goal + feedback	101	450	0.013506333333333398
1060	goal + feedback	101	500	0.048015333333333444
1060	goal + feedback	101	550	0.08850916666666671
1060	goal + feedback	101	600	0.11247433333333341
1060	goal + feedback	101	650	0.10426616666666673
1060	goal + feedback	101	700	0.016767000000000087
1060	goal + feedback	101	750	NA
1060	goal + feedback	101	800	NA
1060	goal + feedback	101	850	NA
1060	goal + feedback	101	900	NA
1060	goal + feedback	101	950	-0.5817730000000001
1060	goal + feedback	101	1e3	-0.2152403999999999
1060	goal + feedback	101	1050	-0.15170116666666664
1060	goal + feedback	101	1100	-0.07503516666666665
1060	goal + feedback	101	1150	-0.003282499999999929
1060	goal + feedback	102	-200	0.01090024884792624
1060	goal + feedback	102	-150	0.007340677419354957
1060	goal + feedback	102	-100	-9.30489247311872e-4
1060	goal + feedback	102	-50	-0.0016338225806452982
1060	goal + feedback	102	0	-0.017493322580645215
1060	goal + feedback	102	50	-0.00979165591397857
1060	goal + feedback	102	100	-0.007841989247311831
1060	goal + feedback	102	150	-0.0020186559139784657
1060	goal + feedback	102	200	-0.0028826559139785157
1060	goal + feedback	102	250	-0.01986182258064521
1060	goal + feedback	102	300	-0.027811822580645185
1060	goal + feedback	102	350	-0.03953615591397849
1060	goal + feedback	102	400	-0.04399882258064521
1060	goal + feedback	102	450	-0.03294548924731178
1060	goal + feedback	102	500	0.001965344086021522
1060	goal + feedback	102	550	0.025649510752688176
1060	goal + feedback	102	600	0.06780517741935481
1060	goal + feedback	102	650	0.07392334408602148
1060	goal + feedback	102	700	0.054855510752688165
1060	goal + feedback	102	750	0.021075844086021478
1060	goal + feedback	102	800	-0.004280489247311836
1060	goal + feedback	102	850	-0.048151155913978526
1060	goal + feedback	102	900	-0.1270113225806453
1060	goal + feedback	102	950	NA
1060	goal + feedback	102	1e3	NA
1060	goal + feedback	102	1050	0.11181767741935467
1060	goal + feedback	102	1100	-0.1048249225806452
1060	goal + feedback	102	1150	-7.758225806451987e-4
1060	goal + feedback	103	-200	-0.009817221198156645
1060	goal + feedback	103	-150	-0.006102602150537632
1060	goal + feedback	103	-100	-0.00190443548387087
1060	goal + feedback	103	-50	0.015742731182795715
1060	goal + feedback	103	0	0.0037177311827957618
1060	goal + feedback	103	50	5.373118279572431e-5
1060	goal + feedback	103	100	0.05289089784946236
1060	goal + feedback	103	150	0.07187456451612902
1060	goal + feedback	103	200	0.05373356451612906
1060	goal + feedback	103	250	0.014481897849462447
1060	goal + feedback	103	300	-0.012941935483870903
1060	goal + feedback	103	350	0.010227064516129092
1060	goal + feedback	103	400	0.05175789784946246
1060	goal + feedback	103	450	0.07003173118279567
1060	goal + feedback	103	500	0.08957989784946241
1060	goal + feedback	103	550	0.1137348978494624
1060	goal + feedback	103	600	0.12680373118279578
1060	goal + feedback	103	650	0.11207223118279559
1060	goal + feedback	103	700	0.0937783978494624
1060	goal + feedback	103	750	0.05027706451612909
1060	goal + feedback	103	800	-0.0046822688172042755
1060	goal + feedback	103	850	-0.04354160215053763
1060	goal + feedback	103	900	-0.12907893548387092
1060	goal + feedback	103	950	NA
1060	goal + feedback	103	1e3	NA
1060	goal + feedback	103	1050	NA
1060	goal + feedback	103	1100	0.10542606451612908
1060	goal + feedback	103	1150	-0.14132843548387095
1060	goal + feedback	104	-200	-0.0380311059907836
1060	goal + feedback	104	-150	-0.02201851075268831
1060	goal + feedback	104	-100	0.010998822580644996
1060	goal + feedback	104	-50	0.01587315591397842
1060	goal + feedback	104	0	0.03951615591397828
1060	goal + feedback	104	50	0.03613498924731173
1060	goal + feedback	104	100	0.06533615591397846
1060	goal + feedback	104	150	-0.04136934408602159
1060	goal + feedback	104	200	NA
1060	goal + feedback	104	250	NA
1060	goal + feedback	104	300	0.012679722580645158
1060	goal + feedback	104	350	0.08095065591397832
1060	goal + feedback	104	400	0.12966782258064505
1060	goal + feedback	104	450	0.18856332258064504
1060	goal + feedback	104	500	0.24333565591397832
1060	goal + feedback	104	550	0.2840193225806451
1060	goal + feedback	104	600	0.2984097225806449
1060	goal + feedback	104	650	0.31180846543778784
1060	goal + feedback	104	700	0.2972684892473118
1060	goal + feedback	104	750	0.29369298924731174
1060	goal + feedback	104	800	0.30544382258064506
1060	goal + feedback	104	850	0.272825322580645
1060	goal + feedback	104	900	0.2512138225806451
1060	goal + feedback	104	950	0.24393648924731162
1060	goal + feedback	104	1e3	0.23330148924731167
1060	goal + feedback	104	1050	0.24787515591397832
1060	goal + feedback	104	1100	0.22524265591397832
1060	goal + feedback	104	1150	0.24488498924731172
1060	goal + feedback	105	-200	0.015948963133640377
1060	goal + feedback	105	-150	0.012253677419354606
1060	goal + feedback	105	-100	0.0022500107526879365
1060	goal + feedback	105	-50	-0.013746989247312028
1060	goal + feedback	105	0	-0.019363822580645323
1060	goal + feedback	105	50	-0.016077322580645353
1060	goal + feedback	105	100	-0.02205265591397872
1060	goal + feedback	105	150	-0.010849155913978725
1060	goal + feedback	105	200	-0.004420155913978781
1060	goal + feedback	105	250	0.00844267741935445
1060	goal + feedback	105	300	-0.008245322580645439
1060	goal + feedback	105	350	0.004869510752688007
1060	goal + feedback	105	400	0.031982510752687876
1060	goal + feedback	105	450	0.07815134408602131
1060	goal + feedback	105	500	0.11643134408602125
1060	goal + feedback	105	550	0.15318034408602133
1060	goal + feedback	105	600	0.10953907741935467
1060	goal + feedback	105	650	NA
1060	goal + feedback	105	700	NA
1060	goal + feedback	105	750	NA
1060	goal + feedback	105	800	-0.28775032258064526
1060	goal + feedback	105	850	-0.31401032258064543
1060	goal + feedback	105	900	NA
1060	goal + feedback	105	950	NA
1060	goal + feedback	105	1e3	NA
1060	goal + feedback	105	1050	0.21253167741935464
1060	goal + feedback	105	1100	0.046860010752687975
1060	goal + feedback	105	1150	0.02182134408602125
1060	goal + feedback	107	-200	-0.02639989999999992
1060	goal + feedback	107	-150	-0.009862733333333207
1060	goal + feedback	107	-100	-4.323333333326277e-5
1060	goal + feedback	107	-50	0.008513266666666741
1060	goal + feedback	107	0	0.027792600000000167
1060	goal + feedback	107	50	0.05195926666666676
1060	goal + feedback	107	100	0.07358760000000004
1060	goal + feedback	107	150	0.08748893333333352
1060	goal + feedback	107	200	0.11738443333333344
1060	goal + feedback	107	250	0.1354609333333335
1060	goal + feedback	107	300	0.14241343333333342
1060	goal + feedback	107	350	0.1405021000000001
1060	goal + feedback	107	400	0.14048743333333347
1060	goal + feedback	107	450	0.1277456000000002
1060	goal + feedback	107	500	0.10094493333333343
1060	goal + feedback	107	550	0.13180360000000016
1060	goal + feedback	107	600	0.1485327666666668
1060	goal + feedback	107	650	0.14151943333333353
1060	goal + feedback	107	700	0.1622897666666668
1060	goal + feedback	107	750	0.1664159333333335
1060	goal + feedback	107	800	0.15857010000000007
1060	goal + feedback	107	850	0.0754634333333335
1060	goal + feedback	107	900	NA
1060	goal + feedback	107	950	NA
1060	goal + feedback	107	1e3	NA
1060	goal + feedback	107	1050	NA
1060	goal + feedback	107	1100	NA
1060	goal + feedback	107	1150	NA
1060	goal + feedback	108	-200	-0.0021317188940094107
1060	goal + feedback	108	-150	-0.0027517903225806606
1060	goal + feedback	108	-100	0.003751709677419187
1060	goal + feedback	108	-50	-0.003971290322580663
1060	goal + feedback	108	0	0.005458376344085784
1060	goal + feedback	108	50	9.032096774192292e-4
1060	goal + feedback	108	100	-0.002293623655914123
1060	goal + feedback	108	150	-0.012498623655914143
1060	goal + feedback	108	200	-0.004605456989247451
1060	goal + feedback	108	250	-0.01291129032258076
1060	goal + feedback	108	300	-0.01016845698924751
1060	goal + feedback	108	350	-0.00599312365591409
1060	goal + feedback	108	400	0.0032777096774192493
1060	goal + feedback	108	450	0.02526620967741929
1060	goal + feedback	108	500	0.057452043010752574
1060	goal + feedback	108	550	0.08720320967741928
1060	goal + feedback	108	600	0.09221154301075248
1060	goal + feedback	108	650	0.07244670967741922
1060	goal + feedback	108	700	0.024446876344085933
1060	goal + feedback	108	750	-0.11670129032258059
1060	goal + feedback	108	800	NA
1060	goal + feedback	108	850	NA
1060	goal + feedback	108	900	0.06860170967741919
1060	goal + feedback	108	950	-0.19523279032258078
1060	goal + feedback	108	1e3	-0.10630429032258082
1060	goal + feedback	108	1050	-0.05865945698924735
1060	goal + feedback	108	1100	-0.04784045698924744
1060	goal + feedback	108	1150	-0.03135579032258081
1060	goal + feedback	109	-200	0.004330737327188837
1060	goal + feedback	109	-150	0.011054951612902967
1060	goal + feedback	109	-100	0.0068074516129030815
1060	goal + feedback	109	-50	-0.00294971505376355
1060	goal + feedback	109	0	-0.019965215053763623
1060	goal + feedback	109	50	-0.025629048387096898
1060	goal + feedback	109	100	-0.022541048387096918
1060	goal + feedback	109	150	-0.02233471505376346
1060	goal + feedback	109	200	-0.0282120483870969
1060	goal + feedback	109	250	-0.03921321505376363
1060	goal + feedback	109	300	-0.03367954838709686
1060	goal + feedback	109	350	-0.022044548387096945
1060	goal + feedback	109	400	-0.013582048387096904
1060	goal + feedback	109	450	0.01074895161290305
1060	goal + feedback	109	500	0.05687578494623646
1060	goal + feedback	109	550	0.08885161827956978
1060	goal + feedback	109	600	0.10191728494623642
1060	goal + feedback	109	650	0.08599395161290313
1060	goal + feedback	109	700	0.08041895161290302
1060	goal + feedback	109	750	0.06324678494623637
1060	goal + feedback	109	800	0.07119478494623636
1060	goal + feedback	109	850	0.07799945161290307
1060	goal + feedback	109	900	0.10380245161290302
1060	goal + feedback	109	950	0.11260845161290312
1060	goal + feedback	109	1e3	0.09910961827956981
1060	goal + feedback	109	1050	0.09028695161290308
1060	goal + feedback	109	1100	0.03822665161290306
1060	goal + feedback	109	1150	NA
1060	goal + feedback	110	-200	-0.02638380184331782
1060	goal + feedback	110	-150	-0.01507784946236542
1060	goal + feedback	110	-100	0.0015219838709678395
1060	goal + feedback	110	-50	0.018774150537634576
1060	goal + feedback	110	0	0.025562817204301203
1060	goal + feedback	110	50	0.029695483870967838
1060	goal + feedback	110	100	0.03680631720430124
1060	goal + feedback	110	150	0.020203317204301168
1060	goal + feedback	110	200	0.014859650537634531
1060	goal + feedback	110	250	0.007777817204301189
1060	goal + feedback	110	300	0.011787150537634572
1060	goal + feedback	110	350	-1.0834946236556083e-4
1060	goal + feedback	110	400	0.020817483870967823
1060	goal + feedback	110	450	0.024623150537634492
1060	goal + feedback	110	500	0.038246817204301196
1060	goal + feedback	110	550	0.0669834838709679
1060	goal + feedback	110	600	0.060682983870967856
1060	goal + feedback	110	650	0.019272317204301153
1060	goal + feedback	110	700	-0.10306151612903225
1060	goal + feedback	110	750	NA
1060	goal + feedback	110	800	NA
1060	goal + feedback	110	850	0.7371764838709678
1060	goal + feedback	110	900	-0.18279868279569875
1060	goal + feedback	110	950	-0.13196451612903207
1060	goal + feedback	110	1e3	-0.11012734946236542
1060	goal + feedback	110	1050	-0.07762534946236554
1060	goal + feedback	110	1100	-0.14445651612903232
1060	goal + feedback	110	1150	NA
1060	goal + feedback	111	-200	0.020533400921658704
1060	goal + feedback	111	-150	-4.635752688174251e-4
1060	goal + feedback	111	-100	-0.012503075268817406
1060	goal + feedback	111	-50	-0.011760241935484084
1060	goal + feedback	111	0	7.71258064516056e-4
1060	goal + feedback	111	50	0.019006758064515905
1060	goal + feedback	111	100	0.045748758064516025
1060	goal + feedback	111	150	0.08218359139784932
1060	goal + feedback	111	200	0.11099175806451596
1060	goal + feedback	111	250	0.1347160913978492
1060	goal + feedback	111	300	0.14728759139784922
1060	goal + feedback	111	350	0.16216392473118257
1060	goal + feedback	111	400	0.16438042473118264
1060	goal + feedback	111	450	0.17201175806451588
1060	goal + feedback	111	500	0.20007259139784925
1060	goal + feedback	111	550	0.21969575806451602
1060	goal + feedback	111	600	0.26943642473118273
1060	goal + feedback	111	650	0.27632109139784927
1060	goal + feedback	111	700	0.2443390913978493
1060	goal + feedback	111	750	0.19283525806451599
1060	goal + feedback	111	800	0.13547559139784923
1060	goal + feedback	111	850	0.06589825806451592
1060	goal + feedback	111	900	0.024845424731182602
1060	goal + feedback	111	950	1.7580645159664954e-6
1060	goal + feedback	111	1e3	-0.020647408602150714
1060	goal + feedback	111	1050	-0.01938840860215067
1060	goal + feedback	111	1100	-0.002443075268817374
1060	goal + feedback	111	1150	0.029452258064516013
1060	goal + feedback	112	-200	-0.022105156682027807
1060	goal + feedback	112	-150	-0.017383870967742077
1060	goal + feedback	112	-100	3.532956989246531e-4
1060	goal + feedback	112	-50	0.019678129032258
1060	goal + feedback	112	0	0.02314179569892468
1060	goal + feedback	112	50	0.022770795698924633
1060	goal + feedback	112	100	0.005236129032258082
1060	goal + feedback	112	150	-0.010663370967742095
1060	goal + feedback	112	200	-0.018097537634408578
1060	goal + feedback	112	250	-0.020901870967741987
1060	goal + feedback	112	300	-0.021346870967741943
1060	goal + feedback	112	350	-0.010444370967742053
1060	goal + feedback	112	400	0.0067141290322580245
1060	goal + feedback	112	450	0.02043412903225798
1060	goal + feedback	112	500	0.025230129032257926
1060	goal + feedback	112	550	0.06364112903225798
1060	goal + feedback	112	600	0.10237879569892476
1060	goal + feedback	112	650	0.10813446236559125
1060	goal + feedback	112	700	0.03912962903225803
1060	goal + feedback	112	750	NA
1060	goal + feedback	112	800	NA
1060	goal + feedback	112	850	0.47705379569892453
1060	goal + feedback	112	900	-0.014753370967742022
1060	goal + feedback	112	950	-0.07621103763440873
1060	goal + feedback	112	1e3	-0.030696704301075295
1060	goal + feedback	112	1050	0.0036062956989246775
1060	goal + feedback	112	1100	0.042952129032257945
1060	goal + feedback	112	1150	0.04490329569892474
1060	goal + feedback	113	-200	0.015840018433179854
1060	goal + feedback	113	-150	0.01158799462365597
1060	goal + feedback	113	-100	-0.0018951720430106327
1060	goal + feedback	113	-50	-0.007510005376343942
1060	goal + feedback	113	0	-0.020662838709677223
1060	goal + feedback	113	50	-0.02023583870967734
1060	goal + feedback	113	100	-0.021532672043010608
1060	goal + feedback	113	150	-0.016645338709677288
1060	goal + feedback	113	200	-0.0048621720430106485
1060	goal + feedback	113	250	0.004756661290322706
1060	goal + feedback	113	300	-0.004278838709677417
1060	goal + feedback	113	350	0.003958161290322781
1060	goal + feedback	113	400	5.159946236560723e-4
1060	goal + feedback	113	450	0.0354803279569893
1060	goal + feedback	113	500	0.049684494623656095
1060	goal + feedback	113	550	0.08705432795698938
1060	goal + feedback	113	600	0.10158799462365597
1060	goal + feedback	113	650	0.12555666129032272
1060	goal + feedback	113	700	0.09944982795698938
1060	goal + feedback	113	750	0.046063494623656
1060	goal + feedback	113	800	-0.03944333870967731
1060	goal + feedback	113	850	NA
1060	goal + feedback	113	900	NA
1060	goal + feedback	113	950	NA
1060	goal + feedback	113	1e3	NA
1060	goal + feedback	113	1050	NA
1060	goal + feedback	113	1100	8.041612903229023e-4
1060	goal + feedback	113	1150	5.316129032262307e-5
1060	goal + feedback	115	-200	-0.02308278341013814
1060	goal + feedback	115	-150	-0.007774354838709622
1060	goal + feedback	115	-100	0.003926478494623649
1060	goal + feedback	115	-50	0.010903811827957114
1060	goal + feedback	115	0	0.01987397849462365
1060	goal + feedback	115	50	0.02764081182795704
1060	goal + feedback	115	100	0.0371074784946237
1060	goal + feedback	115	150	0.051020311827957
1060	goal + feedback	115	200	0.05534647849462374
1060	goal + feedback	115	250	0.0581581451612904
1060	goal + feedback	115	300	0.051886811827957104
1060	goal + feedback	115	350	0.04130581182795708
1060	goal + feedback	115	400	0.02597081182795698
1060	goal + feedback	115	450	0.031122311827957033
1060	goal + feedback	115	500	0.057260978494623714
1060	goal + feedback	115	550	0.09993597849462373
1060	goal + feedback	115	600	0.13285464516129028
1060	goal + feedback	115	650	0.16348581182795704
1060	goal + feedback	115	700	0.19471464516129036
1060	goal + feedback	115	750	0.20521897849462367
1060	goal + feedback	115	800	0.17349581182795695
1060	goal + feedback	115	850	0.1470399784946236
1060	goal + feedback	115	900	0.07973764516129034
1060	goal + feedback	115	950	NA
1060	goal + feedback	115	1e3	NA
1060	goal + feedback	115	1050	0.7927551451612904
1060	goal + feedback	115	1100	0.1445173118279571
1060	goal + feedback	115	1150	0.0707603118279571
1060	goal + feedback	116	-200	-0.015090050691244361
1060	goal + feedback	116	-150	-0.009359193548387212
1060	goal + feedback	116	-100	-0.0015226935483871884
1060	goal + feedback	116	-50	0.012534473118279488
1060	goal + feedback	116	0	0.01595247311827948
1060	goal + feedback	116	50	0.016975473118279478
1060	goal + feedback	116	100	0.021546639784946125
1060	goal + feedback	116	150	0.03335613978494615
1060	goal + feedback	116	200	0.03311863978494619
1060	goal + feedback	116	250	0.021546306451612818
1060	goal + feedback	116	300	-0.006604693548387219
1060	goal + feedback	116	350	-0.014554860215053811
1060	goal + feedback	116	400	-0.010044526881720564
1060	goal + feedback	116	450	0.0026401397849461863
1060	goal + feedback	116	500	0.027459806451612723
1060	goal + feedback	116	550	0.03372580645161283
1060	goal + feedback	116	600	0.03308997311827944
1060	goal + feedback	116	650	0.006590473118279465
1060	goal + feedback	116	700	-0.32534619354838723
1060	goal + feedback	116	750	NA
1060	goal + feedback	116	800	NA
1060	goal + feedback	116	850	NA
1060	goal + feedback	116	900	NA
1060	goal + feedback	116	950	-0.14097094354838724
1060	goal + feedback	116	1e3	-0.09831169354838713
1060	goal + feedback	116	1050	-0.05614586021505389
1060	goal + feedback	116	1100	-0.00636769354838725
1060	goal + feedback	116	1150	0.006183139784946186
1060	goal + feedback	117	-200	-0.020423935483870892
1060	goal + feedback	117	-150	-0.011452935483870904
1060	goal + feedback	117	-100	0.0032763978494623944
1060	goal + feedback	117	-50	0.015455397849462482
1060	goal + feedback	117	0	0.016549064516129103
1060	goal + feedback	117	50	-0.008137935483870873
1060	goal + feedback	117	100	-0.024459768817204203
1060	goal + feedback	117	150	-0.060818435483870927
1060	goal + feedback	117	200	-0.06166626881720413
1060	goal + feedback	117	250	-0.07602710215053758
1060	goal + feedback	117	300	-0.0864646021505376
1060	goal + feedback	117	350	-0.07956243548387087
1060	goal + feedback	117	400	-0.07020593548387088
1060	goal + feedback	117	450	-0.051820602150537555
1060	goal + feedback	117	500	-0.005354768817204203
1060	goal + feedback	117	550	0.017139064516129194
1060	goal + feedback	117	600	-0.002064268817204266
1060	goal + feedback	117	650	NA
1060	goal + feedback	117	700	NA
1060	goal + feedback	117	750	0.3642550645161293
1060	goal + feedback	117	800	0.10299739784946249
1060	goal + feedback	117	850	-0.13326193548387089
1060	goal + feedback	117	900	-0.10600393548387088
1060	goal + feedback	117	950	-0.10599560215053756
1060	goal + feedback	117	1e3	-0.08145993548387091
1060	goal + feedback	117	1050	-0.0845467688172042
1060	goal + feedback	117	1100	-0.13799343548387086
1060	goal + feedback	117	1150	-0.19831026881720418
1060	goal + feedback	118	-200	-0.0020758294930874727
1060	goal + feedback	118	-150	-0.00658209139784945
1060	goal + feedback	118	-100	0.005188408602150529
1060	goal + feedback	118	-50	0.0031732419354838872
1060	goal + feedback	118	0	6.422419354838264e-4
1060	goal + feedback	118	50	-0.004881424731182878
1060	goal + feedback	118	100	-0.005146591397849454
1060	goal + feedback	118	150	-0.003979924731182767
1060	goal + feedback	118	200	0.01662457526881722
1060	goal + feedback	118	250	0.03673940860215056
1060	goal + feedback	118	300	0.048405741935483824
1060	goal + feedback	118	350	0.07121340860215053
1060	goal + feedback	118	400	0.07703757526881727
1060	goal + feedback	118	450	0.11159690860215066
1060	goal + feedback	118	500	0.13594507526881724
1060	goal + feedback	118	550	0.14458607526881728
1060	goal + feedback	118	600	0.14513924193548391
1060	goal + feedback	118	650	0.11196807526881725
1060	goal + feedback	118	700	0.061246575268817306
1060	goal + feedback	118	750	-0.025236258064516015
1060	goal + feedback	118	800	NA
1060	goal + feedback	118	850	NA
1060	goal + feedback	118	900	0.5032824086021505
1060	goal + feedback	118	950	-0.06459125806451611
1060	goal + feedback	118	1e3	-0.03543792473118268
1060	goal + feedback	118	1050	-0.015690091397849493
1060	goal + feedback	118	1100	0.04522224193548382
1060	goal + feedback	118	1150	0.07020740860215062
1060	goal + feedback	119	-200	0.004890428571428502
1060	goal + feedback	119	-150	0.007660999999999918
1060	goal + feedback	119	-100	0.014521166666666621
1060	goal + feedback	119	-50	-0.005710833333333405
1060	goal + feedback	119	0	-0.022176833333333274
1060	goal + feedback	119	50	-0.03403583333333334
1060	goal + feedback	119	100	-0.05904266666666658
1060	goal + feedback	119	150	-0.07480499999999994
1060	goal + feedback	119	200	-0.09085666666666666
1060	goal + feedback	119	250	-0.0951069999999999
1060	goal + feedback	119	300	-0.10891666666666662
1060	goal + feedback	119	350	-0.0960721666666667
1060	goal + feedback	119	400	-0.0855225000000001
1060	goal + feedback	119	450	-0.055654166666666637
1060	goal + feedback	119	500	-0.025182833333333415
1060	goal + feedback	119	550	0.009007333333333367
1060	goal + feedback	119	600	0.04897899999999996
1060	goal + feedback	119	650	0.08220433333333332
1060	goal + feedback	119	700	0.07417300000000004
1060	goal + feedback	119	750	2.9000000000056758e-5
1060	goal + feedback	119	800	NA
1060	goal + feedback	119	850	NA
1060	goal + feedback	119	900	NA
1060	goal + feedback	119	950	0.6771660000000002
1060	goal + feedback	119	1e3	-0.1119945
1060	goal + feedback	119	1050	-0.0870418333333333
1060	goal + feedback	119	1100	-0.07201683333333338
1060	goal + feedback	119	1150	-0.0434956666666666
1060	goal + feedback	120	-200	0.010632333333333577
1060	goal + feedback	120	-150	0.007422833333333416
1060	goal + feedback	120	-100	-0.014099428571428303
1060	goal + feedback	120	-50	-0.004337999999999819
1060	goal + feedback	120	0	0.0020091666666668395
1060	goal + feedback	120	50	0.004355333333333415
1060	goal + feedback	120	100	0.009594166666666792
1060	goal + feedback	120	150	0.026040833333333586
1060	goal + feedback	120	200	0.043501000000000234
1060	goal + feedback	120	250	0.048009666666666805
1060	goal + feedback	120	300	0.06295250000000019
1060	goal + feedback	120	350	0.0659851666666668
1060	goal + feedback	120	400	0.07631733333333342
1060	goal + feedback	120	450	0.10537566666666691
1060	goal + feedback	120	500	0.15844516666666686
1060	goal + feedback	120	550	0.19729600000000022
1060	goal + feedback	120	600	0.21612116666666692
1060	goal + feedback	120	650	0.2175153333333336
1060	goal + feedback	120	700	0.13936516666666696
1060	goal + feedback	120	750	0.66953
1060	goal + feedback	120	800	NA
1060	goal + feedback	120	850	NA
1060	goal + feedback	120	900	NA
1060	goal + feedback	120	950	-0.026800333333333093
1060	goal + feedback	120	1e3	-0.011800333333333116
1060	goal + feedback	120	1050	0.03882733333333362
1060	goal + feedback	120	1100	0.0574803333333335
1060	goal + feedback	120	1150	0.13188033333333346
1060	goal + feedback	121	-200	0.02426075576036871
1060	goal + feedback	121	-150	0.002864946236559085
1060	goal + feedback	121	-100	-9.925537634409103e-4
1060	goal + feedback	121	-50	-0.009268553763440787
1060	goal + feedback	121	0	-0.020908053763440886
1060	goal + feedback	121	50	-0.020677220430107484
1060	goal + feedback	121	100	-0.021295053763440874
1060	goal + feedback	121	150	-0.028849887096774236
1060	goal + feedback	121	200	-0.0294035537634408
1060	goal + feedback	121	250	-0.028237387096774185
1060	goal + feedback	121	300	-0.01613805376344087
1060	goal + feedback	121	350	-0.013237720430107588
1060	goal + feedback	121	400	-8.370537634408611e-4
1060	goal + feedback	121	450	0.03738844623655909
1060	goal + feedback	121	500	0.08311811290322575
1060	goal + feedback	121	550	0.12796611290322582
1060	goal + feedback	121	600	0.19290544623655914
1060	goal + feedback	121	650	0.20875594623655913
1060	goal + feedback	121	700	0.20327377956989245
1060	goal + feedback	121	750	0.12769911290322578
1060	goal + feedback	121	800	NA
1060	goal + feedback	121	850	NA
1060	goal + feedback	121	900	NA
1060	goal + feedback	121	950	NA
1060	goal + feedback	121	1e3	0.04760111290322566
1060	goal + feedback	121	1050	0.17033177956989257
1060	goal + feedback	121	1100	0.23090111290322582
1060	goal + feedback	121	1150	0.29640627956989246
1060	goal + feedback	122	-200	-0.0067930737327189005
1060	goal + feedback	122	-150	0.005517021505376363
1060	goal + feedback	122	-100	0.00841202150537638
1060	goal + feedback	122	-50	-0.004103145161290289
1060	goal + feedback	122	0	-0.001900645161290404
1060	goal + feedback	122	50	-0.0035181451612903794
1060	goal + feedback	122	100	0.0018950215053763486
1060	goal + feedback	122	150	0.014219354838709656
1060	goal + feedback	122	200	0.01624035483870963
1060	goal + feedback	122	250	0.02827268817204298
1060	goal + feedback	122	300	0.03991285483870969
1060	goal + feedback	122	350	0.04007852150537635
1060	goal + feedback	122	400	0.03801102150537631
1060	goal + feedback	122	450	0.05781952150537628
1060	goal + feedback	122	500	0.08428752150537629
1060	goal + feedback	122	550	0.10808118817204308
1060	goal + feedback	122	600	0.12328968817204304
1060	goal + feedback	122	650	0.06865355483870968
1060	goal + feedback	122	700	NA
1060	goal + feedback	122	750	NA
1060	goal + feedback	122	800	NA
1060	goal + feedback	122	850	NA
1060	goal + feedback	122	900	-0.08722914516129032
1060	goal + feedback	122	950	0.004373354838709709
1060	goal + feedback	122	1e3	0.02866318817204294
1060	goal + feedback	122	1050	-0.03619564516129037
1060	goal + feedback	122	1100	NA
1060	goal + feedback	122	1150	NA
1060	goal + feedback	123	-200	-0.011909760368663693
1060	goal + feedback	123	-150	-0.0025860698924731937
1060	goal + feedback	123	-100	-0.003738736559139847
1060	goal + feedback	123	-50	0.009213930107526839
1060	goal + feedback	123	0	0.011005596774193549
1060	goal + feedback	123	50	0.012611930107526925
1060	goal + feedback	123	100	0.01653193010752685
1060	goal + feedback	123	150	-0.011314736559139801
1060	goal + feedback	123	200	-0.01721023655913978
1060	goal + feedback	123	250	-0.024259236559139863
1060	goal + feedback	123	300	-0.02989940322580642
1060	goal + feedback	123	350	-0.00893156989247316
1060	goal + feedback	123	400	0.013784096774193491
1060	goal + feedback	123	450	0.04734876344086011
1060	goal + feedback	123	500	0.11398626344086016
1060	goal + feedback	123	550	0.17460226344086016
1060	goal + feedback	123	600	0.23839193010752688
1060	goal + feedback	123	650	0.28514026344086024
1060	goal + feedback	123	700	0.2986527634408602
1060	goal + feedback	123	750	0.25855759677419354
1060	goal + feedback	123	800	0.20773629677419345
1060	goal + feedback	123	850	NA
1060	goal + feedback	123	900	NA
1060	goal + feedback	123	950	NA
1060	goal + feedback	123	1e3	0.10806959677419359
1060	goal + feedback	123	1050	0.20223743010752684
1060	goal + feedback	123	1100	0.23722293010752682
1060	goal + feedback	123	1150	0.2549747634408603
1060	goal + feedback	124	-200	-0.005743216589861877
1060	goal + feedback	124	-150	0.006485688172042907
1060	goal + feedback	124	-100	0.0108615215053763
1060	goal + feedback	124	-50	-0.0015508118279570955
1060	goal + feedback	124	0	-0.009095978494623699
1060	goal + feedback	124	50	-0.005910478494623857
1060	goal + feedback	124	100	-0.02002181182795722
1060	goal + feedback	124	150	-0.021729811827957118
1060	goal + feedback	124	200	-0.01262181182795715
1060	goal + feedback	124	250	0.00569702150537621
1060	goal + feedback	124	300	0.019714354838709685
1060	goal + feedback	124	350	0.041616021505376244
1060	goal + feedback	124	400	0.06943002150537632
1060	goal + feedback	124	450	0.13602885483870972
1060	goal + feedback	124	500	0.18871485483870956
1060	goal + feedback	124	550	0.2398641881720429
1060	goal + feedback	124	600	0.28678952150537634
1060	goal + feedback	124	650	0.3216941881720428
1060	goal + feedback	124	700	0.31432668817204285
1060	goal + feedback	124	750	0.2682388548387096
1060	goal + feedback	124	800	0.22821752150537625
1060	goal + feedback	124	850	0.17608068817204284
1060	goal + feedback	124	900	0.15658785483870963
1060	goal + feedback	124	950	0.1382036881720429
1060	goal + feedback	124	1e3	0.15296602150537622
1060	goal + feedback	124	1050	0.14298885483870957
1060	goal + feedback	124	1100	0.03635102150537609
1060	goal + feedback	124	1150	NA
1060	goal + feedback	125	-200	-0.04073829999999997
1060	goal + feedback	125	-150	-0.010223799999999894
1060	goal + feedback	125	-100	0.01928520000000004
1060	goal + feedback	125	-50	0.024627866666666758
1060	goal + feedback	125	0	0.0070490333333333615
1060	goal + feedback	125	50	-0.022743133333333148
1060	goal + feedback	125	100	-0.04286296666666652
1060	goal + feedback	125	150	-0.06211477619047612
1060	goal + feedback	125	200	-0.08508129999999992
1060	goal + feedback	125	250	-0.10549946666666658
1060	goal + feedback	125	300	-0.12304246666666659
1060	goal + feedback	125	350	-0.14106513333333318
1060	goal + feedback	125	400	-0.13482679999999983
1060	goal + feedback	125	450	-0.12600163333333322
1060	goal + feedback	125	500	-0.09409813333333328
1060	goal + feedback	125	550	-0.06523346666666659
1060	goal + feedback	125	600	-0.0632414666666666
1060	goal + feedback	125	650	-0.07088396666666659
1060	goal + feedback	125	700	-0.0831799666666666
1060	goal + feedback	125	750	-0.09814879999999986
1060	goal + feedback	125	800	-0.0970906333333333
1060	goal + feedback	125	850	-0.09408163333333319
1060	goal + feedback	125	900	-0.06672896666666654
1060	goal + feedback	125	950	-0.03910546666666651
1060	goal + feedback	125	1e3	-0.01656079999999993
1060	goal + feedback	125	1050	0.008604366666666788
1060	goal + feedback	125	1100	0.038265533333333414
1060	goal + feedback	125	1150	0.06540720000000011
1060	goal + feedback	126	-200	7.26023041474796e-4
1060	goal + feedback	126	-150	-0.005054215053763282
1060	goal + feedback	126	-100	0.010845451612903437
1060	goal + feedback	126	-50	-0.006139881720429896
1060	goal + feedback	126	0	-4.983817204298931e-4
1060	goal + feedback	126	50	0.003456618279570186
1060	goal + feedback	126	100	0.014547951612903379
1060	goal + feedback	126	150	0.016920451612903415
1060	goal + feedback	126	200	0.007810784946236771
1060	goal + feedback	126	250	0.009783784946236699
1060	goal + feedback	126	300	-0.0033037150537632933
1060	goal + feedback	126	350	0.006826951612903365
1060	goal + feedback	126	400	-0.009632548387096632
1060	goal + feedback	126	450	-0.0025290483870966294
1060	goal + feedback	126	500	-0.004249548387096717
1060	goal + feedback	126	550	0.0012032849462367452
1060	goal + feedback	126	600	0.005573951612903416
1060	goal + feedback	126	650	0.0296311182795701
1060	goal + feedback	126	700	0.027176618279570075
1060	goal + feedback	126	750	0.009275784946236673
1060	goal + feedback	126	800	-0.0176340483870967
1060	goal + feedback	126	850	-0.0537122150537633
1060	goal + feedback	126	900	-0.08310304838709663
1060	goal + feedback	126	950	-0.08205421505376331
1060	goal + feedback	126	1e3	-0.10291554838709656
1060	goal + feedback	126	1050	-0.11615538172042994
1060	goal + feedback	126	1100	0.16142545161290345
1060	goal + feedback	126	1150	NA
1060	goal + feedback	127	-200	-0.027423760368663532
1060	goal + feedback	127	-150	-0.0029969032258062946
1060	goal + feedback	127	-100	0.004223596774193557
1060	goal + feedback	127	-50	0.011011596774193574
1060	goal + feedback	127	0	0.01975609677419358
1060	goal + feedback	127	50	0.037764930107526906
1060	goal + feedback	127	100	0.0452374301075269
1060	goal + feedback	127	150	0.04169426344086036
1060	goal + feedback	127	200	0.035565096774193616
1060	goal + feedback	127	250	0.029458096774193605
1060	goal + feedback	127	300	0.03191376344086031
1060	goal + feedback	127	350	0.02707593010752703
1060	goal + feedback	127	400	0.03839243010752691
1060	goal + feedback	127	450	0.06449126344086031
1060	goal + feedback	127	500	0.0758105967741937
1060	goal + feedback	127	550	0.10680893010752694
1060	goal + feedback	127	600	0.11962093010752699
1060	goal + feedback	127	650	0.13807443010752687
1060	goal + feedback	127	700	0.11754276344086027
1060	goal + feedback	127	750	-0.02322590322580635
1060	goal + feedback	127	800	NA
1060	goal + feedback	127	850	NA
1060	goal + feedback	127	900	NA
1060	goal + feedback	127	950	NA
1060	goal + feedback	127	1e3	NA
1060	goal + feedback	127	1050	-0.12006490322580632
1060	goal + feedback	127	1100	-0.08776990322580636
1060	goal + feedback	127	1150	-0.0681227365591397
1060	goal + feedback	128	-200	-1.331705069125912e-4
1060	goal + feedback	128	-150	-0.0010524086021506858
1060	goal + feedback	128	-100	0.0023810913978494033
1060	goal + feedback	128	-50	-0.010418575268817362
1060	goal + feedback	128	0	0.009245258064516001
1060	goal + feedback	128	50	-8.365752688174558e-4
1060	goal + feedback	128	100	-0.010912075268817434
1060	goal + feedback	128	150	0.0017380913978493062
1060	goal + feedback	128	200	0.00504925806451606
1060	goal + feedback	128	250	0.0034094247311827384
1060	goal + feedback	128	300	0.009920424731182598
1060	goal + feedback	128	350	0.03400275806451599
1060	goal + feedback	128	400	0.03649475806451593
1060	goal + feedback	128	450	0.06597225806451597
1060	goal + feedback	128	500	0.09474442473118268
1060	goal + feedback	128	550	0.11286259139784938
1060	goal + feedback	128	600	0.11756492473118274
1060	goal + feedback	128	650	0.06362075806451606
1060	goal + feedback	128	700	0.017671591397849202
1060	goal + feedback	128	750	-0.03839157526881739
1060	goal + feedback	128	800	-0.07740057526881738
1060	goal + feedback	128	850	-0.10286574193548399
1060	goal + feedback	128	900	-0.10685707526881738
1060	goal + feedback	128	950	-0.1008720752688174
1060	goal + feedback	128	1e3	-0.09993857526881726
1060	goal + feedback	128	1050	-0.062241741935484075
1060	goal + feedback	128	1100	-0.027549241935484064
1060	goal + feedback	128	1150	-0.015252408602150677
1060	goal + feedback	129	-200	-0.007223967741935487
1060	goal + feedback	129	-150	-0.007575467741935515
1060	goal + feedback	129	-100	-0.00657196774193558
1060	goal + feedback	129	-50	0.0014156989247311458
1060	goal + feedback	129	0	0.021159698924731202
1060	goal + feedback	129	50	0.033352032258064414
1060	goal + feedback	129	100	0.055845198924731054
1060	goal + feedback	129	150	0.06983453225806431
1060	goal + feedback	129	200	0.0784095322580644
1060	goal + feedback	129	250	0.08228453225806454
1060	goal + feedback	129	300	0.09477353225806444
1060	goal + feedback	129	350	0.10994353225806448
1060	goal + feedback	129	400	0.1450870322580645
1060	goal + feedback	129	450	0.17089853225806442
1060	goal + feedback	129	500	0.19669836559139778
1060	goal + feedback	129	550	0.20758653225806448
1060	goal + feedback	129	600	0.23601553225806446
1060	goal + feedback	129	650	0.26250419892473115
1060	goal + feedback	129	700	0.2790200322580645
1060	goal + feedback	129	750	0.26545386559139783
1060	goal + feedback	129	800	0.17520036559139776
1060	goal + feedback	129	850	NA
1060	goal + feedback	129	900	NA
1060	goal + feedback	129	950	NA
1060	goal + feedback	129	1e3	NA
1060	goal + feedback	129	1050	-0.05864996774193565
1060	goal + feedback	129	1100	0.07965003225806447
1060	goal + feedback	129	1150	0.13161836559139775
1060	goal + feedback	130	-200	0.04777959907834095
1060	goal + feedback	130	-150	0.02177274193548377
1060	goal + feedback	130	-100	-7.582580645161633e-4
1060	goal + feedback	130	-50	-0.024558591397849588
1060	goal + feedback	130	0	-0.05219875806451624
1060	goal + feedback	130	50	-0.07905942473118288
1060	goal + feedback	130	100	-0.09777175806451617
1060	goal + feedback	130	150	-0.11224392473118283
1060	goal + feedback	130	200	-0.11789342473118299
1060	goal + feedback	130	250	-0.12580075806451627
1060	goal + feedback	130	300	-0.11192709139784955
1060	goal + feedback	130	350	-0.09656825806451619
1060	goal + feedback	130	400	-0.0785597580645161
1060	goal + feedback	130	450	-0.04552109139784951
1060	goal + feedback	130	500	0.007477741935483821
1060	goal + feedback	130	550	0.047122741935483825
1060	goal + feedback	130	600	0.08566274193548384
1060	goal + feedback	130	650	0.09370624193548378
1060	goal + feedback	130	700	0.01899794193548381
1060	goal + feedback	130	750	0.37997474193548375
1060	goal + feedback	130	800	NA
1060	goal + feedback	130	850	NA
1060	goal + feedback	130	900	NA
1060	goal + feedback	130	950	NA
1060	goal + feedback	130	1e3	0.06281694193548377
1060	goal + feedback	130	1050	0.08060224193548378
1060	goal + feedback	130	1100	0.11804490860215044
1060	goal + feedback	130	1150	0.11143607526881712
1060	goal + feedback	131	-200	0.03992459139784943
1060	goal + feedback	131	-150	0.020093424731182807
1060	goal + feedback	131	-100	-0.0030783133640552534
1060	goal + feedback	131	-50	-0.023722741935483887
1060	goal + feedback	131	0	-0.03270390860215063
1060	goal + feedback	131	50	-0.04470257526881719
1060	goal + feedback	131	100	-0.042275575268817166
1060	goal + feedback	131	150	-0.04105857526881721
1060	goal + feedback	131	200	-0.0317222419354839
1060	goal + feedback	131	250	-0.03441657526881725
1060	goal + feedback	131	300	-0.028980408602150638
1060	goal + feedback	131	350	-0.027945575268817285
1060	goal + feedback	131	400	-0.0351837419354839
1060	goal + feedback	131	450	-0.03266590860215057
1060	goal + feedback	131	500	0.011938591397849363
1060	goal + feedback	131	550	0.03321175806451623
1060	goal + feedback	131	600	0.06271609139784944
1060	goal + feedback	131	650	0.08559375806451608
1060	goal + feedback	131	700	0.07864659139784942
1060	goal + feedback	131	750	0.053692591397849355
1060	goal + feedback	131	800	0.05102592473118276
1060	goal + feedback	131	850	-0.0016592419354838721
1060	goal + feedback	131	900	-0.09569774193548408
1060	goal + feedback	131	950	NA
1060	goal + feedback	131	1e3	NA
1060	goal + feedback	131	1050	-0.30889624193548393
1060	goal + feedback	131	1100	-0.12721774193548385
1060	goal + feedback	131	1150	0.0787634009216591
1060	goal + feedback	132	-200	-0.013398248847926222
1060	goal + feedback	132	-150	-0.00980584408602144
1060	goal + feedback	132	-100	0.003656489247311878
1060	goal + feedback	132	-50	0.004239655913978568
1060	goal + feedback	132	0	0.017540989247311733
1060	goal + feedback	132	50	0.022286655913978493
1060	goal + feedback	132	100	0.0307248225806452
1060	goal + feedback	132	150	0.04853798924731182
1060	goal + feedback	132	200	0.048117489247311816
1060	goal + feedback	132	250	0.07023365591397861
1060	goal + feedback	132	300	0.07328615591397851
1060	goal + feedback	132	350	0.06998865591397856
1060	goal + feedback	132	400	0.06335298924731192
1060	goal + feedback	132	450	0.05885832258064524
1060	goal + feedback	132	500	0.10666882258064521
1060	goal + feedback	132	550	0.09960648924731179
1060	goal + feedback	132	600	0.12262798924731189
1060	goal + feedback	132	650	0.1521708225806452
1060	goal + feedback	132	700	0.14074148924731186
1060	goal + feedback	132	750	0.12523348924731192
1060	goal + feedback	132	800	-0.21974134408602142
1060	goal + feedback	132	850	NA
1060	goal + feedback	132	900	NA
1060	goal + feedback	132	950	-0.37949801075268824
1060	goal + feedback	132	1e3	-0.04997951075268814
1060	goal + feedback	132	1050	-0.03621684408602147
1060	goal + feedback	132	1100	-0.055269510752688156
1060	goal + feedback	132	1150	-0.019368510752688122
1060	goal + feedback	133	-200	0.05178918433179699
1060	goal + feedback	133	-150	0.01592827956989229
1060	goal + feedback	133	-100	-0.011861220430107844
1060	goal + feedback	133	-50	-0.020501553763441056
1060	goal + feedback	133	0	-0.04398622043010766
1060	goal + feedback	133	50	-0.04416522043010781
1060	goal + feedback	133	100	-0.07463455376344104
1060	goal + feedback	133	150	-0.09958288709677439
1060	goal + feedback	133	200	-0.11700372043010776
1060	goal + feedback	133	250	-0.15233122043010763
1060	goal + feedback	133	300	-0.1673653870967744
1060	goal + feedback	133	350	-0.20198438709677435
1060	goal + feedback	133	400	-0.20651155376344107
1060	goal + feedback	133	450	-0.19564488709677433
1060	goal + feedback	133	500	-0.172155053763441
1060	goal + feedback	133	550	-0.13051538709677435
1060	goal + feedback	133	600	-0.11071738709677444
1060	goal + feedback	133	650	-0.09845522043010768
1060	goal + feedback	133	700	-0.11966072043010774
1060	goal + feedback	133	750	-0.13273788709677437
1060	goal + feedback	133	800	-0.14893638709677437
1060	goal + feedback	133	850	-0.14689555376344102
1060	goal + feedback	133	900	-0.22605438709677428
1060	goal + feedback	133	950	NA
1060	goal + feedback	133	1e3	NA
1060	goal + feedback	133	1050	-0.36917238709677447
1060	goal + feedback	133	1100	-0.13935422043010778
1060	goal + feedback	133	1150	-0.07713322043010777
1060	goal + feedback	134	-200	-0.03542976036866374
1060	goal + feedback	134	-150	0.004601596774193399
1060	goal + feedback	134	-100	0.0015844301075267353
1060	goal + feedback	134	-50	0.0045530967741934285
1060	goal + feedback	134	0	0.030595596774193396
1060	goal + feedback	134	50	0.011681430107526758
1060	goal + feedback	134	100	0.02790843010752675
1060	goal + feedback	134	150	0.013586596774193346
1060	goal + feedback	134	200	0.01090726344086009
1060	goal + feedback	134	250	-0.002360903225806584
1060	goal + feedback	134	300	-4.0206989247322983e-4
1060	goal + feedback	134	350	0.022845596774193327
1060	goal + feedback	134	400	0.04740693010752676
1060	goal + feedback	134	450	0.039907430107526766
1060	goal + feedback	134	500	0.03568126344086009
1060	goal + feedback	134	550	0.07569926344086005
1060	goal + feedback	134	600	0.11817843010752682
1060	goal + feedback	134	650	0.13019759677419343
1060	goal + feedback	134	700	0.12757893010752666
1060	goal + feedback	134	750	0.0668334301075267
1060	goal + feedback	134	800	0.02460209677419334
1060	goal + feedback	134	850	-0.01380540322580659
1060	goal + feedback	134	900	-0.2779145698924732
1060	goal + feedback	134	950	0.2583530967741936
1060	goal + feedback	134	1e3	NA
1060	goal + feedback	134	1050	-0.40250240322580644
1060	goal + feedback	134	1100	-0.17888690322580655
1060	goal + feedback	134	1150	-0.05605906989247322
1060	goal + feedback	135	-200	0.04169552534562219
1060	goal + feedback	135	-150	0.025610430107526838
1060	goal + feedback	135	-100	-0.006171069892473217
1060	goal + feedback	135	-50	-0.03538423655913984
1060	goal + feedback	135	0	-0.03269990322580655
1060	goal + feedback	135	50	-0.04056190322580644
1060	goal + feedback	135	100	-0.04140090322580655
1060	goal + feedback	135	150	-0.022488736559139817
1060	goal + feedback	135	200	-0.02227206989247314
1060	goal + feedback	135	250	-0.008142903225806538
1060	goal + feedback	135	300	-0.013920403225806455
1060	goal + feedback	135	350	-0.0056247365591397536
1060	goal + feedback	135	400	-0.0026729032258065257
1060	goal + feedback	135	450	0.005932763440860134
1060	goal + feedback	135	500	0.00884909677419358
1060	goal + feedback	135	550	0.030181596774193558
1060	goal + feedback	135	600	0.035271763440860214
1060	goal + feedback	135	650	0.05433259677419352
1060	goal + feedback	135	700	0.06270726344086015
1060	goal + feedback	135	750	0.06365393010752689
1060	goal + feedback	135	800	0.06486709677419349
1060	goal + feedback	135	850	0.05518893010752679
1060	goal + feedback	135	900	0.06137459677419351
1060	goal + feedback	135	950	0.08390959677419348
1060	goal + feedback	135	1e3	0.10369426344086019
1060	goal + feedback	135	1050	0.13419759677419343
1060	goal + feedback	135	1100	0.16179443010752684
1060	goal + feedback	135	1150	0.17123126344086023
1060	goal + feedback	137	-200	-0.027747233333333288
1060	goal + feedback	137	-150	-0.0172007333333332
1060	goal + feedback	137	-100	5.3433333333371046e-5
1060	goal + feedback	137	-50	0.019841933333333433
1060	goal + feedback	137	0	0.02505260000000013
1060	goal + feedback	137	50	0.0498857666666667
1060	goal + feedback	137	100	0.06379026666666676
1060	goal + feedback	137	150	0.07262460000000008
1060	goal + feedback	137	200	0.08091410000000006
1060	goal + feedback	137	250	0.09409743333333347
1060	goal + feedback	137	300	0.09370293333333346
1060	goal + feedback	137	350	0.08973793333333346
1060	goal + feedback	137	400	0.09653760000000015
1060	goal + feedback	137	450	0.1143602666666667
1060	goal + feedback	137	500	0.12849910000000012
1060	goal + feedback	137	550	0.16089426666666684
1060	goal + feedback	137	600	0.20840326666666686
1060	goal + feedback	137	650	0.23296450476190486
1060	goal + feedback	137	700	0.2660733333333334
1060	goal + feedback	137	750	0.2736344333333334
1060	goal + feedback	137	800	0.2615526000000001
1060	goal + feedback	137	850	NA
1060	goal + feedback	137	900	NA
1060	goal + feedback	137	950	NA
1060	goal + feedback	137	1e3	NA
1060	goal + feedback	137	1050	NA
1060	goal + feedback	137	1100	NA
1060	goal + feedback	137	1150	NA
1060	goal + feedback	138	-200	0.002678576036866482
1060	goal + feedback	138	-150	-0.0024070430107524152
1060	goal + feedback	138	-100	-0.005835376344085856
1060	goal + feedback	138	-50	-0.005421876344085789
1060	goal + feedback	138	0	0.010539290322580866
1060	goal + feedback	138	50	0.0319741236559142
1060	goal + feedback	138	100	0.041569956989247515
1060	goal + feedback	138	150	0.0651452903225808
1060	goal + feedback	138	200	0.07706762365591417
1060	goal + feedback	138	250	0.07716979032258091
1060	goal + feedback	138	300	0.08287079032258086
1060	goal + feedback	138	350	0.05787412365591423
1060	goal + feedback	138	400	0.05310745698924757
1060	goal + feedback	138	450	0.05729029032258085
1060	goal + feedback	138	500	0.04889729032258076
1060	goal + feedback	138	550	0.08248595698924754
1060	goal + feedback	138	600	0.10395729032258094
1060	goal + feedback	138	650	0.1436382903225808
1060	goal + feedback	138	700	0.18860179032258081
1060	goal + feedback	138	750	0.16657295698924748
1060	goal + feedback	138	800	0.1417612903225808
1060	goal + feedback	138	850	0.09921629032258084
1060	goal + feedback	138	900	0.07799645698924751
1060	goal + feedback	138	950	0.0465761236559142
1060	goal + feedback	138	1e3	0.0514166236559143
1060	goal + feedback	138	1050	0.05171412365591421
1060	goal + feedback	138	1100	0.059802623655914156
1060	goal + feedback	138	1150	0.06912645698924758
1060	goal + feedback	139	-200	0.022899815668202792
1060	goal + feedback	139	-150	-0.0031791129032257746
1060	goal + feedback	139	-100	-0.005448112903225703
1060	goal + feedback	139	-50	-0.017902279569892432
1060	goal + feedback	139	0	-1.8694623655905276e-4
1060	goal + feedback	139	50	0.008505387096774175
1060	goal + feedback	139	100	0.018911053763440933
1060	goal + feedback	139	150	0.020441387096774122
1060	goal + feedback	139	200	0.013123887096774181
1060	goal + feedback	139	250	-9.731129032258442e-4
1060	goal + feedback	139	300	-0.008499946236559216
1060	goal + feedback	139	350	-0.0287832795698925
1060	goal + feedback	139	400	-0.01690377956989238
1060	goal + feedback	139	450	-0.013435279569892508
1060	goal + feedback	139	500	-0.003029112903225828
1060	goal + feedback	139	550	0.01837622043010752
1060	goal + feedback	139	600	0.05753005376344089
1060	goal + feedback	139	650	0.0979082204301076
1060	goal + feedback	139	700	0.12713972043010754
1060	goal + feedback	139	750	0.10657688709677426
1060	goal + feedback	139	800	0.07170205376344081
1060	goal + feedback	139	850	0.09476118709677425
1060	goal + feedback	139	900	NA
1060	goal + feedback	139	950	NA
1060	goal + feedback	139	1e3	NA
1060	goal + feedback	139	1050	0.48806938709677405
1060	goal + feedback	139	1100	0.024227053763440882
1060	goal + feedback	139	1150	0.08368988709677423
1060	goal + feedback	140	-200	0.046688949308755924
1060	goal + feedback	140	-150	0.016946473118279643
1060	goal + feedback	140	-100	-0.005008693548386993
1060	goal + feedback	140	-50	-0.024922360215053674
1060	goal + feedback	140	0	-0.0414858602150537
1060	goal + feedback	140	50	-0.0568391935483871
1060	goal + feedback	140	100	-0.04485769354838701
1060	goal + feedback	140	150	-0.0630768602150537
1060	goal + feedback	140	200	-0.048312360215053696
1060	goal + feedback	140	250	-0.059501026881720286
1060	goal + feedback	140	300	-0.0597186935483871
1060	goal + feedback	140	350	-0.07386319354838711
1060	goal + feedback	140	400	-0.09003502688172042
1060	goal + feedback	140	450	-0.09762236021505359
1060	goal + feedback	140	500	-0.09167702688172034
1060	goal + feedback	140	550	-0.0884975268817203
1060	goal + feedback	140	600	-0.08978119354838698
1060	goal + feedback	140	650	-0.09337469354838701
1060	goal + feedback	140	700	-0.1060735268817204
1060	goal + feedback	140	750	-0.18443902688172034
1060	goal + feedback	140	800	0.4063228064516129
1060	goal + feedback	140	850	NA
1060	goal + feedback	140	900	NA
1060	goal + feedback	140	950	NA
1060	goal + feedback	140	1e3	-0.12171919354838712
1060	goal + feedback	140	1050	-0.06623702688172035
1060	goal + feedback	140	1100	-0.04763519354838704
1060	goal + feedback	140	1150	-0.1433331935483868
