Subject	condition	TrialId	bin	pupil_change
954	goal + feedback	1	-200	0.0923313666666669
954	goal + feedback	1	-150	0.03338603333333349
954	goal + feedback	1	-100	-0.019300133333333136
954	goal + feedback	1	-50	0.009513700000000217
954	goal + feedback	1	0	-0.11593096666666651
954	goal + feedback	1	50	-0.10839429999999983
954	goal + feedback	1	100	-0.06882079999999975
954	goal + feedback	1	150	-0.05861179999999977
954	goal + feedback	1	200	-0.10187996666666647
954	goal + feedback	1	250	-0.031515633333333216
954	goal + feedback	1	300	-0.012852299999999742
954	goal + feedback	1	350	-0.09408829999999983
954	goal + feedback	1	400	-0.08725329999999983
954	goal + feedback	1	450	-0.052158133333333113
954	goal + feedback	1	500	-0.05257429999999985
954	goal + feedback	1	550	-0.07812013333333316
954	goal + feedback	1	600	-0.0967494666666664
954	goal + feedback	1	650	-0.06923529999999982
954	goal + feedback	1	700	-0.07260829999999974
954	goal + feedback	1	750	NA
954	goal + feedback	1	800	NA
954	goal + feedback	1	850	NA
954	goal + feedback	1	900	-0.32325229999999977
954	goal + feedback	1	950	-0.23649879999999981
954	goal + feedback	1	1e3	-0.1958379666666664
954	goal + feedback	1	1050	-0.17330429999999986
954	goal + feedback	1	1100	-0.18946763333333308
954	goal + feedback	1	1150	-0.1501789666666665
954	goal + feedback	2	-200	-0.008934050691244024
954	goal + feedback	2	-150	0.011642139784946362
954	goal + feedback	2	-100	-0.008604526881720162
954	goal + feedback	2	-50	-0.006710193548386941
954	goal + feedback	2	0	0.014095639784946398
954	goal + feedback	2	50	0.008296973118279741
954	goal + feedback	2	100	0.016099139784946443
954	goal + feedback	2	150	0.01831380645161307
954	goal + feedback	2	200	0.01799563978494641
954	goal + feedback	2	250	0.017425639784946528
954	goal + feedback	2	300	0.017948639784946357
954	goal + feedback	2	350	0.025642473118279607
954	goal + feedback	2	400	0.02315147311827981
954	goal + feedback	2	450	0.043231973118279754
954	goal + feedback	2	500	0.06421013978494632
954	goal + feedback	2	550	0.06053780645161303
954	goal + feedback	2	600	0.09842247311827983
954	goal + feedback	2	650	0.0897446397849464
954	goal + feedback	2	700	0.056433806451613076
954	goal + feedback	2	750	-0.026175526881720163
954	goal + feedback	2	800	-0.08331302688172022
954	goal + feedback	2	850	-0.10196569354838696
954	goal + feedback	2	900	-0.1441013602150536
954	goal + feedback	2	950	-0.1555940268817202
954	goal + feedback	2	1e3	-0.1531866935483869
954	goal + feedback	2	1050	-0.17648569354838695
954	goal + feedback	2	1100	-0.2026096935483869
954	goal + feedback	2	1150	-0.23485019354838696
954	goal + feedback	3	-200	-0.06441724884792643
954	goal + feedback	3	-150	-0.014124677419354933
954	goal + feedback	3	-100	0.020825989247311716
954	goal + feedback	3	-50	0.04323365591397832
954	goal + feedback	3	0	0.025218489247311664
954	goal + feedback	3	50	-0.02550967741935491
954	goal + feedback	3	100	-0.029163177419354962
954	goal + feedback	3	150	-0.04303434408602177
954	goal + feedback	3	200	-0.03524017741935492
954	goal + feedback	3	250	-0.021178510752688284
954	goal + feedback	3	300	0.003272489247311642
954	goal + feedback	3	350	-5.108440860216076e-4
954	goal + feedback	3	400	0.03827998924731165
954	goal + feedback	3	450	0.06543965591397842
954	goal + feedback	3	500	0.09098248924731167
954	goal + feedback	3	550	0.11703732258064499
954	goal + feedback	3	600	0.08594732258064493
954	goal + feedback	3	650	0.05544682258064504
954	goal + feedback	3	700	0.023384655913978387
954	goal + feedback	3	750	-0.03173384408602161
954	goal + feedback	3	800	-0.05948867741935504
954	goal + feedback	3	850	-0.082617177419355
954	goal + feedback	3	900	-0.13710401075268833
954	goal + feedback	3	950	-0.14149217741935502
954	goal + feedback	3	1e3	-0.17664334408602164
954	goal + feedback	3	1050	-0.1947565107526883
954	goal + feedback	3	1100	-0.23230117741935494
954	goal + feedback	3	1150	-0.2533448440860217
954	goal + feedback	4	-200	0.004695082949308839
954	goal + feedback	4	-150	-0.016730440860214985
954	goal + feedback	4	-100	0.005166225806451763
954	goal + feedback	4	-50	-9.396075268816398e-4
954	goal + feedback	4	0	0.007026225806451736
954	goal + feedback	4	50	0.017359225806451734
954	goal + feedback	4	100	0.02843889247311841
954	goal + feedback	4	150	0.04842372580645171
954	goal + feedback	4	200	0.011906892473118344
954	goal + feedback	4	250	0.016618059139785018
954	goal + feedback	4	300	0.015202392473118387
954	goal + feedback	4	350	0.01104239247311837
954	goal + feedback	4	400	0.03281522580645172
954	goal + feedback	4	450	0.04822072580645168
954	goal + feedback	4	500	0.044002892473118393
954	goal + feedback	4	550	0.0784817258064517
954	goal + feedback	4	600	0.07622239247311846
954	goal + feedback	4	650	0.05776672580645167
954	goal + feedback	4	700	0.01886605913978497
954	goal + feedback	4	750	-0.0282746075268816
954	goal + feedback	4	800	-0.09844160752688162
954	goal + feedback	4	850	-0.11308960752688162
954	goal + feedback	4	900	-0.13731160752688165
954	goal + feedback	4	950	-0.18286827419354826
954	goal + feedback	4	1e3	-0.21490860752688157
954	goal + feedback	4	1050	-0.320484440860215
954	goal + feedback	4	1100	-0.34656444086021493
954	goal + feedback	4	1150	-0.3141701075268817
954	goal + feedback	5	-200	0.022364304147465423
954	goal + feedback	5	-150	0.001085661290322652
954	goal + feedback	5	-100	-0.0071801720430107645
954	goal + feedback	5	-50	-0.017494005376344084
954	goal + feedback	5	0	-0.0025031720430107227
954	goal + feedback	5	50	4.8266129032259464e-4
954	goal + feedback	5	100	0.009546827956989246
954	goal + feedback	5	150	0.018832161290322613
954	goal + feedback	5	200	0.02218532795698917
954	goal + feedback	5	250	0.025358661290322493
954	goal + feedback	5	300	0.04505766129032255
954	goal + feedback	5	350	0.0587134946236559
954	goal + feedback	5	400	0.07870932795698911
954	goal + feedback	5	450	0.10125316129032254
954	goal + feedback	5	500	0.12793816129032262
954	goal + feedback	5	550	0.1554936612903226
954	goal + feedback	5	600	0.16890732795698934
954	goal + feedback	5	650	0.12579299462365592
954	goal + feedback	5	700	0.05192816129032248
954	goal + feedback	5	750	0.05452982795698932
954	goal + feedback	5	800	-0.0038143387096774006
954	goal + feedback	5	850	-0.0656121720430108
954	goal + feedback	5	900	-0.07614017204301067
954	goal + feedback	5	950	-0.11533117204301073
954	goal + feedback	5	1e3	-0.04815367204301083
954	goal + feedback	5	1050	-0.059535338709677456
954	goal + feedback	5	1100	-0.048182005376344206
954	goal + feedback	5	1150	-0.07303467204301084
954	goal + feedback	6	-200	-0.03229023963133626
954	goal + feedback	6	-150	0.008483069892473308
954	goal + feedback	6	-100	-0.012616096774193286
954	goal + feedback	6	-50	0.01835690322580663
954	goal + feedback	6	0	0.023448069892473278
954	goal + feedback	6	50	0.037338069892473236
954	goal + feedback	6	100	0.04171773655913998
954	goal + feedback	6	150	0.10161040322580657
954	goal + feedback	6	200	0.13512923655914003
954	goal + feedback	6	250	0.26060773655914
954	goal + feedback	6	300	0.30249923655913996
954	goal + feedback	6	350	0.32266540322580667
954	goal + feedback	6	400	0.3790464032258067
954	goal + feedback	6	450	0.41251540322580654
954	goal + feedback	6	500	0.45869190322580655
954	goal + feedback	6	550	0.49545106989247323
954	goal + feedback	6	600	0.53001923655914
954	goal + feedback	6	650	0.5199459032258066
954	goal + feedback	6	700	0.47435290322580664
954	goal + feedback	6	750	0.35272823655913993
954	goal + feedback	6	800	0.34574440322580663
954	goal + feedback	6	850	0.30571290322580674
954	goal + feedback	6	900	0.2746555698924733
954	goal + feedback	6	950	0.36234340322580666
954	goal + feedback	6	1e3	0.3500025698924732
954	goal + feedback	6	1050	0.36932856989247326
954	goal + feedback	6	1100	0.38193490322580664
954	goal + feedback	6	1150	0.40229123655914
954	goal + feedback	7	-200	0.01004073732718894
954	goal + feedback	7	-150	-0.0017572150537633984
954	goal + feedback	7	-100	-0.03167788172043003
954	goal + feedback	7	-50	-0.012523048387096836
954	goal + feedback	7	0	0.034243951612903244
954	goal + feedback	7	50	0.026482951612903188
954	goal + feedback	7	100	0.006736618279569913
954	goal + feedback	7	150	-0.017783715053763416
954	goal + feedback	7	200	-0.017351881720430118
954	goal + feedback	7	250	-0.023995881720430063
954	goal + feedback	7	300	-0.043046715053763375
954	goal + feedback	7	350	-0.05701021505376339
954	goal + feedback	7	400	-0.04047938172043001
954	goal + feedback	7	450	-0.03616304838709672
954	goal + feedback	7	500	0.00753611827956983
954	goal + feedback	7	550	0.07837628494623661
954	goal + feedback	7	600	0.09403161827956989
954	goal + feedback	7	650	0.10371261827956986
954	goal + feedback	7	700	0.034713284946236524
954	goal + feedback	7	750	-0.03152554838709672
954	goal + feedback	7	800	-0.08356304838709683
954	goal + feedback	7	850	-0.12243954838709666
954	goal + feedback	7	900	-0.17727121505376334
954	goal + feedback	7	950	-0.15784538172043017
954	goal + feedback	7	1e3	-0.1697618817204302
954	goal + feedback	7	1050	-0.16417088172043015
954	goal + feedback	7	1100	-0.16079821505376346
954	goal + feedback	7	1150	-0.21007938172043006
954	goal + feedback	8	-200	-0.028854866359446785
954	goal + feedback	8	-150	-0.01026758064516109
954	goal + feedback	8	-100	0.0019017526881722386
954	goal + feedback	8	-50	0.00472858602150561
954	goal + feedback	8	0	0.03730125268817219
954	goal + feedback	8	50	0.054745586021505664
954	goal + feedback	8	100	0.059071419354839096
954	goal + feedback	8	150	0.08208475268817228
954	goal + feedback	8	200	0.08461241935483892
954	goal + feedback	8	250	0.10012841935483892
954	goal + feedback	8	300	0.11660058602150565
954	goal + feedback	8	350	0.13451825268817222
954	goal + feedback	8	400	0.1512122526881722
954	goal + feedback	8	450	0.16514941935483893
954	goal + feedback	8	500	0.17994508602150563
954	goal + feedback	8	550	0.18775125268817225
954	goal + feedback	8	600	0.19162841935483907
954	goal + feedback	8	650	0.18815308602150563
954	goal + feedback	8	700	0.12262608602150567
954	goal + feedback	8	750	0.05221491935483891
954	goal + feedback	8	800	0.0032315860215056023
954	goal + feedback	8	850	-0.04953208064516105
954	goal + feedback	8	900	-0.09666424731182777
954	goal + feedback	8	950	-0.1179667473118277
954	goal + feedback	8	1e3	-0.19301841397849442
954	goal + feedback	8	1050	-0.23079991397849434
954	goal + feedback	8	1100	-0.2749390806451611
954	goal + feedback	8	1150	-0.3033134139784944
954	goal + feedback	9	-200	-0.049047299539170516
954	goal + feedback	9	-150	-0.020964204301075373
954	goal + feedback	9	-100	-0.03810620430107522
954	goal + feedback	9	-50	0.017817462365591414
954	goal + feedback	9	0	0.09847479569892477
954	goal + feedback	9	50	0.0864732956989247
954	goal + feedback	9	100	0.09641579569892474
954	goal + feedback	9	150	0.0880231290322581
954	goal + feedback	9	200	0.058195129032257986
954	goal + feedback	9	250	0.03573862903225803
954	goal + feedback	9	300	0.1008964623655914
954	goal + feedback	9	350	0.15110796236559132
954	goal + feedback	9	400	0.18106746236559132
954	goal + feedback	9	450	0.20108279569892465
954	goal + feedback	9	500	0.2562852956989248
954	goal + feedback	9	550	0.27839679569892467
954	goal + feedback	9	600	0.324285629032258
954	goal + feedback	9	650	0.26523446236559134
954	goal + feedback	9	700	0.23852096236559142
954	goal + feedback	9	750	0.21733629569892474
954	goal + feedback	9	800	0.18060046236559138
954	goal + feedback	9	850	0.15582696236559146
954	goal + feedback	9	900	0.0771089623655914
954	goal + feedback	9	950	0.16860012903225807
954	goal + feedback	9	1e3	0.16894546236559135
954	goal + feedback	9	1050	0.16430329569892477
954	goal + feedback	9	1100	0.10620996236559144
954	goal + feedback	9	1150	0.1715224623655914
954	goal + feedback	10	-200	-0.009663202764977008
954	goal + feedback	10	-150	0.011864892473118246
954	goal + feedback	10	-100	-0.00989727419354843
954	goal + feedback	10	-50	0.0041112258064515865
954	goal + feedback	10	0	0.005194892473118218
954	goal + feedback	10	50	-7.579408602150414e-4
954	goal + feedback	10	100	-0.007075607526881707
954	goal + feedback	10	150	-0.01757494086021505
954	goal + feedback	10	200	9.893924731182817e-4
954	goal + feedback	10	250	-0.01630410752688179
954	goal + feedback	10	300	0.005341892473118263
954	goal + feedback	10	350	0.0424888924731183
954	goal + feedback	10	400	0.05609722580645168
954	goal + feedback	10	450	0.05975822580645159
954	goal + feedback	10	500	0.08933272580645164
954	goal + feedback	10	550	0.10474522580645156
954	goal + feedback	10	600	0.10692972580645159
954	goal + feedback	10	650	0.02917339247311827
954	goal + feedback	10	700	-0.0803396075268817
954	goal + feedback	10	750	-0.1259759408602151
954	goal + feedback	10	800	-0.19379794086021507
954	goal + feedback	10	850	-0.21095227419354842
954	goal + feedback	10	900	-0.2727129408602152
954	goal + feedback	10	950	-0.2562949408602151
954	goal + feedback	10	1e3	-0.2645922741935484
954	goal + feedback	10	1050	-0.335007440860215
954	goal + feedback	10	1100	-0.30108444086021513
954	goal + feedback	10	1150	-0.3216536075268818
954	goal + feedback	11	-200	-0.052294866666666495
954	goal + feedback	11	-150	-0.050443699999999904
954	goal + feedback	11	-100	-0.020111033333333195
954	goal + feedback	11	-50	0.03680263333333348
954	goal + feedback	11	0	0.08604696666666685
954	goal + feedback	11	50	0.08069280000000008
954	goal + feedback	11	100	0.09280313333333338
954	goal + feedback	11	150	0.07302330000000017
954	goal + feedback	11	200	-0.014585699999999887
954	goal + feedback	11	250	0.002816466666666795
954	goal + feedback	11	300	0.01676246666666681
954	goal + feedback	11	350	-0.03211319999999988
954	goal + feedback	11	400	-0.03558236666666659
954	goal + feedback	11	450	-0.05630686666666662
954	goal + feedback	11	500	-0.07358153333333324
954	goal + feedback	11	550	-0.05838036666666646
954	goal + feedback	11	600	-0.06756786666666643
954	goal + feedback	11	650	-0.031349533333333124
954	goal + feedback	11	700	-0.09582736666666647
954	goal + feedback	11	750	-0.11007386666666652
954	goal + feedback	11	800	-0.1249618666666666
954	goal + feedback	11	850	-0.2256648666666666
954	goal + feedback	11	900	-0.2731510333333331
954	goal + feedback	11	950	-0.2898758666666665
954	goal + feedback	11	1e3	-0.32247403333333313
954	goal + feedback	11	1050	-0.32291836666666657
954	goal + feedback	11	1100	-0.34524419999999995
954	goal + feedback	11	1150	-0.35723086666666654
954	goal + feedback	12	-200	-0.015022847926267449
954	goal + feedback	12	-150	-0.02909158602150545
954	goal + feedback	12	-100	0.019052580645161132
954	goal + feedback	12	-50	0.010586413978494358
954	goal + feedback	12	0	0.01697924731182776
954	goal + feedback	12	50	0.03285241397849455
954	goal + feedback	12	100	0.0401787473118278
954	goal + feedback	12	150	0.050903747311827896
954	goal + feedback	12	200	0.06904641397849454
954	goal + feedback	12	250	0.04345491397849447
954	goal + feedback	12	300	-0.0027145860215055015
954	goal + feedback	12	350	-0.03295808602150552
954	goal + feedback	12	400	-0.04442358602150557
954	goal + feedback	12	450	-0.06946508602150551
954	goal + feedback	12	500	-0.0660649193548389
954	goal + feedback	12	550	-0.07776558602150556
954	goal + feedback	12	600	-0.10182658602150559
954	goal + feedback	12	650	-0.15320025268817217
954	goal + feedback	12	700	-0.21418891935483889
954	goal + feedback	12	750	-0.2590895860215055
954	goal + feedback	12	800	-0.3259610860215056
954	goal + feedback	12	850	-0.37613941935483886
954	goal + feedback	12	900	-0.3840785860215055
954	goal + feedback	12	950	-0.4043195860215056
954	goal + feedback	12	1e3	-0.4337988193548389
954	goal + feedback	12	1050	NA
954	goal + feedback	12	1100	NA
954	goal + feedback	12	1150	NA
954	goal + feedback	13	-200	0.03538033333333305
954	goal + feedback	13	-150	0.013276999999999761
954	goal + feedback	13	-100	0.004007499999999793
954	goal + feedback	13	-50	-0.04455883333333355
954	goal + feedback	13	0	-0.008106000000000169
954	goal + feedback	13	50	-0.039223833333333534
954	goal + feedback	13	100	-0.06878216666666681
954	goal + feedback	13	150	-0.07752033333333341
954	goal + feedback	13	200	-0.10717466666666679
954	goal + feedback	13	250	-0.12765042857142875
954	goal + feedback	13	300	-0.1580383333333335
954	goal + feedback	13	350	-0.1600453333333335
954	goal + feedback	13	400	-0.17480583333333355
954	goal + feedback	13	450	-0.15638600000000014
954	goal + feedback	13	500	-0.15365700000000007
954	goal + feedback	13	550	-0.16475716666666682
954	goal + feedback	13	600	-0.18173516666666675
954	goal + feedback	13	650	-0.1904775000000003
954	goal + feedback	13	700	NA
954	goal + feedback	13	750	NA
954	goal + feedback	13	800	NA
954	goal + feedback	13	850	NA
954	goal + feedback	13	900	-0.29132900000000017
954	goal + feedback	13	950	-0.5479020000000003
954	goal + feedback	13	1e3	-0.5565651666666668
954	goal + feedback	13	1050	-0.4868673333333335
954	goal + feedback	13	1100	-0.48596616666666687
954	goal + feedback	13	1150	-0.5145150000000002
954	goal + feedback	14	-200	-0.09893763333333332
954	goal + feedback	14	-150	-0.003944466666666739
954	goal + feedback	14	-100	0.01888270000000003
954	goal + feedback	14	-50	0.03547153333333345
954	goal + feedback	14	0	0.04852786666666672
954	goal + feedback	14	50	0.04892070000000004
954	goal + feedback	14	100	0.06971903333333329
954	goal + feedback	14	150	0.0397402
954	goal + feedback	14	200	0.052584200000000005
954	goal + feedback	14	250	0.011397866666666609
954	goal + feedback	14	300	-0.020548633333333344
954	goal + feedback	14	350	-0.014263133333333252
954	goal + feedback	14	400	0.0011735333333332913
954	goal + feedback	14	450	0.011570199999999975
954	goal + feedback	14	500	0.023070533333333348
954	goal + feedback	14	550	0.06257136666666667
954	goal + feedback	14	600	0.06835703333333328
954	goal + feedback	14	650	0.05988736666666661
954	goal + feedback	14	700	0.03552939047619048
954	goal + feedback	14	750	0.027244533333333276
954	goal + feedback	14	800	0.0012335333333334624
954	goal + feedback	14	850	-0.018920752380952383
954	goal + feedback	14	900	-0.06603330000000003
954	goal + feedback	14	950	-0.09596379999999997
954	goal + feedback	14	1e3	-0.09304386666666672
954	goal + feedback	14	1050	-0.12246918095238092
954	goal + feedback	14	1100	-0.17023346666666664
954	goal + feedback	14	1150	-0.2291576333333334
954	goal + feedback	15	-200	-0.07044547465437809
954	goal + feedback	15	-150	-0.0655327365591399
954	goal + feedback	15	-100	-0.019517403225806678
954	goal + feedback	15	-50	0.029702430107526673
954	goal + feedback	15	0	0.13753409677419323
954	goal + feedback	15	50	0.19795176344086
954	goal + feedback	15	100	0.24002659677419333
954	goal + feedback	15	150	0.31687276344085996
954	goal + feedback	15	200	0.2904885967741935
954	goal + feedback	15	250	0.23037159677419336
954	goal + feedback	15	300	0.21053709677419338
954	goal + feedback	15	350	0.16717209677419334
954	goal + feedback	15	400	0.17641593010752676
954	goal + feedback	15	450	0.17849909677419343
954	goal + feedback	15	500	0.1247759301075267
954	goal + feedback	15	550	0.09607859677419335
954	goal + feedback	15	600	0.10495359677419332
954	goal + feedback	15	650	0.18518843010752675
954	goal + feedback	15	700	0.19806026344086
954	goal + feedback	15	750	0.16068909677419327
954	goal + feedback	15	800	NA
954	goal + feedback	15	850	NA
954	goal + feedback	15	900	NA
954	goal + feedback	15	950	0.18768929677419344
954	goal + feedback	15	1e3	0.34626776344085997
954	goal + feedback	15	1050	0.2446550967741934
954	goal + feedback	15	1100	0.2673999301075267
954	goal + feedback	15	1150	0.33110026344086
954	goal + feedback	16	-200	0.021876451612903303
954	goal + feedback	16	-150	0.019422618279569964
954	goal + feedback	16	-100	-0.01569321505376342
954	goal + feedback	16	-50	-0.01872004838709662
954	goal + feedback	16	0	-0.010531881720429995
954	goal + feedback	16	50	-0.01974904838709664
954	goal + feedback	16	100	-0.010499381720430042
954	goal + feedback	16	150	-0.01070304838709668
954	goal + feedback	16	200	-0.015035381720429989
954	goal + feedback	16	250	-0.005691381720429971
954	goal + feedback	16	300	0.0058852849462366725
954	goal + feedback	16	350	0.0365234516129033
954	goal + feedback	16	400	0.05059361827956995
954	goal + feedback	16	450	0.10228445161290327
954	goal + feedback	16	500	0.1277574516129032
954	goal + feedback	16	550	0.1509384516129033
954	goal + feedback	16	600	0.08101645161290343
954	goal + feedback	16	650	-0.0035038817204298875
954	goal + feedback	16	700	-0.10767388172042998
954	goal + feedback	16	750	-0.15202821505376338
954	goal + feedback	16	800	-0.19297438172043
954	goal + feedback	16	850	-0.22372488172043004
954	goal + feedback	16	900	-0.2702442150537634
954	goal + feedback	16	950	-0.29443338172043004
954	goal + feedback	16	1e3	-0.2337987150537634
954	goal + feedback	16	1050	-0.23907971505376335
954	goal + feedback	16	1100	-0.19240121505376342
954	goal + feedback	16	1150	-0.23252754838709663
954	goal + feedback	18	-200	0.11574603333333348
954	goal + feedback	18	-150	0.09888570000000008
954	goal + feedback	18	-100	-0.03527146666666655
954	goal + feedback	18	-50	-0.058618466666666626
954	goal + feedback	18	0	-0.12074179999999994
954	goal + feedback	18	50	-0.08611946666666663
954	goal + feedback	18	100	-0.10908491904761895
954	goal + feedback	18	150	-0.1884919666666666
954	goal + feedback	18	200	-0.17641013333333314
954	goal + feedback	18	250	-0.14810443333333315
954	goal + feedback	18	300	-0.12154563333333332
954	goal + feedback	18	350	-0.11821013333333326
954	goal + feedback	18	400	-0.08639123333333316
954	goal + feedback	18	450	-0.04846906190476182
954	goal + feedback	18	500	0.05179470000000008
954	goal + feedback	18	550	0.08782296666666678
954	goal + feedback	18	600	0.15441653333333347
954	goal + feedback	18	650	0.1675907952380953
954	goal + feedback	18	700	0.1451588666666667
954	goal + feedback	18	750	0.07771336666666673
954	goal + feedback	18	800	0.04199036666666678
954	goal + feedback	18	850	-0.03196546666666652
954	goal + feedback	18	900	-0.08002063333333324
954	goal + feedback	18	950	-0.10908596666666659
954	goal + feedback	18	1e3	-0.17060129999999987
954	goal + feedback	18	1050	-0.2587156333333333
954	goal + feedback	18	1100	-0.2650061333333333
954	goal + feedback	18	1150	-0.2768972999999999
954	goal + feedback	19	-200	-0.011970870967741807
954	goal + feedback	19	-150	-0.015904870967741774
954	goal + feedback	19	-100	-0.00891487096774187
954	goal + feedback	19	-50	0.005384795698924953
954	goal + feedback	19	0	0.033400962365591536
954	goal + feedback	19	50	0.05629446236559151
954	goal + feedback	19	100	0.07164929569892498
954	goal + feedback	19	150	0.08370096236559155
954	goal + feedback	19	200	0.08079412903225824
954	goal + feedback	19	250	0.10946446236559153
954	goal + feedback	19	300	0.09829079569892481
954	goal + feedback	19	350	0.11991662903225819
954	goal + feedback	19	400	0.13689146236559155
954	goal + feedback	19	450	0.16486796236559154
954	goal + feedback	19	500	0.18208462903225828
954	goal + feedback	19	550	0.1851212956989249
954	goal + feedback	19	600	0.21695212903225825
954	goal + feedback	19	650	0.13977179569892492
954	goal + feedback	19	700	0.06961829569892479
954	goal + feedback	19	750	0.02142862903225821
954	goal + feedback	19	800	-0.04717620430107513
954	goal + feedback	19	850	-0.09048253763440843
954	goal + feedback	19	900	-0.14671203763440852
954	goal + feedback	19	950	-0.18701220430107512
954	goal + feedback	19	1e3	-0.18314653763440844
954	goal + feedback	19	1050	-0.2854068709677418
954	goal + feedback	19	1100	-0.38641003763440845
954	goal + feedback	19	1150	-0.40702053763440843
954	goal + feedback	20	-200	0.032210099999999985
954	goal + feedback	20	-150	0.02208509999999997
954	goal + feedback	20	-100	-0.020091066666666713
954	goal + feedback	20	-50	-0.0026270666666667144
954	goal + feedback	20	0	-0.031577066666666743
954	goal + feedback	20	50	-0.08678156666666677
954	goal + feedback	20	100	-0.04067506666666665
954	goal + feedback	20	150	-0.044006733333333305
954	goal + feedback	20	200	-0.029053733333333238
954	goal + feedback	20	250	-0.0739364476190477
954	goal + feedback	20	300	-0.05909090000000009
954	goal + feedback	20	350	-0.05501523333333336
954	goal + feedback	20	400	-0.0756252333333333
954	goal + feedback	20	450	-0.01930323333333332
954	goal + feedback	20	500	0.017957766666666746
954	goal + feedback	20	550	0.12795910000000008
954	goal + feedback	20	600	0.1529212666666667
954	goal + feedback	20	650	0.09845826666666661
954	goal + feedback	20	700	-0.0032912333333333286
954	goal + feedback	20	750	0.007709266666666714
954	goal + feedback	20	800	NA
954	goal + feedback	20	850	NA
954	goal + feedback	20	900	NA
954	goal + feedback	20	950	-0.037993733333333335
954	goal + feedback	20	1e3	0.06164712380952375
954	goal + feedback	20	1050	-0.012662533333333314
954	goal + feedback	20	1100	-0.1563680666666667
954	goal + feedback	20	1150	-0.14963173333333324
954	goal + feedback	21	-200	0.11386692165898595
954	goal + feedback	21	-150	0.06784273118279553
954	goal + feedback	21	-100	-0.046638268817204453
954	goal + feedback	21	-50	-0.0708977688172044
954	goal + feedback	21	0	-0.08315143548387116
954	goal + feedback	21	50	-0.13813926881720442
954	goal + feedback	21	100	-0.1611502688172044
954	goal + feedback	21	150	-0.17172876881720445
954	goal + feedback	21	200	-0.18260076881720444
954	goal + feedback	21	250	-0.1674552688172045
954	goal + feedback	21	300	-0.16281993548387116
954	goal + feedback	21	350	-0.10031993548387108
954	goal + feedback	21	400	-0.09185926881720441
954	goal + feedback	21	450	-0.04122610215053779
954	goal + feedback	21	500	-0.01566760215053775
954	goal + feedback	21	550	-0.040279102150537836
954	goal + feedback	21	600	0.04456839784946228
954	goal + feedback	21	650	0.0376645645161288
954	goal + feedback	21	700	-0.03100960215053779
954	goal + feedback	21	750	0.030162064516128906
954	goal + feedback	21	800	NA
954	goal + feedback	21	850	NA
954	goal + feedback	21	900	NA
954	goal + feedback	21	950	NA
954	goal + feedback	21	1e3	0.07163256451612887
954	goal + feedback	21	1050	-0.137566935483871
954	goal + feedback	21	1100	-0.014054102150537817
954	goal + feedback	21	1150	0.10322156451612881
954	goal + feedback	22	-200	-0.025158737327189002
954	goal + feedback	22	-150	3.3638172043011966e-4
954	goal + feedback	22	-100	0.007178048387096829
954	goal + feedback	22	-50	0.006235048387096838
954	goal + feedback	22	0	0.015602381720430122
954	goal + feedback	22	50	0.010723048387096737
954	goal + feedback	22	100	0.0046762150537632925
954	goal + feedback	22	150	-0.01480028494623653
954	goal + feedback	22	200	-0.017352284946236567
954	goal + feedback	22	250	-0.026691284946236554
954	goal + feedback	22	300	-0.0439616182795699
954	goal + feedback	22	350	-0.043618951612903224
954	goal + feedback	22	400	-0.08181295161290329
954	goal + feedback	22	450	-0.08828411827957001
954	goal + feedback	22	500	-0.09923511827956995
954	goal + feedback	22	550	-0.10638561827956987
954	goal + feedback	22	600	-0.11201811827956987
954	goal + feedback	22	650	-0.15098078494623657
954	goal + feedback	22	700	-0.22106945161290326
954	goal + feedback	22	750	NA
954	goal + feedback	22	800	NA
954	goal + feedback	22	850	NA
954	goal + feedback	22	900	NA
954	goal + feedback	22	950	-0.23450595161290333
954	goal + feedback	22	1e3	-0.41484311827956993
954	goal + feedback	22	1050	-0.33242228494623655
954	goal + feedback	22	1100	-0.2946111182795699
954	goal + feedback	22	1150	-0.28819128494623664
954	goal + feedback	23	-200	0.07730327188940082
954	goal + feedback	23	-150	-0.008078204301075345
954	goal + feedback	23	-100	-0.020240537634408733
954	goal + feedback	23	-50	-0.019516370967742096
954	goal + feedback	23	0	-0.042352037634408646
954	goal + feedback	23	50	-0.08390787096774203
954	goal + feedback	23	100	-0.07824470430107537
954	goal + feedback	23	150	-0.09616770430107542
954	goal + feedback	23	200	-0.11172853763440875
954	goal + feedback	23	250	-0.1464363709677421
954	goal + feedback	23	300	-0.16003970430107528
954	goal + feedback	23	350	-0.1600343709677421
954	goal + feedback	23	400	-0.17850370430107532
954	goal + feedback	23	450	-0.16666870430107536
954	goal + feedback	23	500	-0.18004253763440867
954	goal + feedback	23	550	-0.23707920430107543
954	goal + feedback	23	600	-0.11075220430107542
954	goal + feedback	23	650	-0.10027387096774205
954	goal + feedback	23	700	-0.1505545376344087
954	goal + feedback	23	750	-0.16249020430107533
954	goal + feedback	23	800	-0.19464937096774207
954	goal + feedback	23	850	-0.2372698709677421
954	goal + feedback	23	900	-0.28548920430107533
954	goal + feedback	23	950	-0.3254268709677421
954	goal + feedback	23	1e3	-0.3376312043010754
954	goal + feedback	23	1050	-0.37951087096774194
954	goal + feedback	23	1100	-0.3527295376344087
954	goal + feedback	23	1150	-0.31387737096774204
954	goal + feedback	24	-200	0.04910215668202771
954	goal + feedback	24	-150	0.03690020430107547
954	goal + feedback	24	-100	-0.012605795698924505
954	goal + feedback	24	-50	-0.041409795698924556
954	goal + feedback	24	0	-0.04017046236559126
954	goal + feedback	24	50	-0.06800212903225789
954	goal + feedback	24	100	-0.08712812903225793
954	goal + feedback	24	150	-0.08176396236559125
954	goal + feedback	24	200	-0.10113996236559115
954	goal + feedback	24	250	-0.13877896236559129
954	goal + feedback	24	300	-0.18951979569892452
954	goal + feedback	24	350	-0.17841429569892453
954	goal + feedback	24	400	-0.22787796236559119
954	goal + feedback	24	450	-0.18610996236559121
954	goal + feedback	24	500	-0.09634096236559124
954	goal + feedback	24	550	-0.046244295698924555
954	goal + feedback	24	600	-0.06439379569892452
954	goal + feedback	24	650	-0.12335912903225776
954	goal + feedback	24	700	NA
954	goal + feedback	24	750	NA
954	goal + feedback	24	800	-0.4689751290322577
954	goal + feedback	24	850	-0.35868779569892456
954	goal + feedback	24	900	-0.3361821290322579
954	goal + feedback	24	950	-0.5209859623655912
954	goal + feedback	24	1e3	-0.5636902956989246
954	goal + feedback	24	1050	-0.5335899623655912
954	goal + feedback	24	1100	-0.5439027956989245
954	goal + feedback	24	1150	-0.4322646290322579
954	goal + feedback	25	-200	-0.11689159447004586
954	goal + feedback	25	-150	-0.03594761827956964
954	goal + feedback	25	-100	0.030248381720430206
954	goal + feedback	25	-50	0.052812381720430235
954	goal + feedback	25	0	0.08926038172043027
954	goal + feedback	25	50	0.13127488172043025
954	goal + feedback	25	100	0.13005804838709692
954	goal + feedback	25	150	0.1437055483870969
954	goal + feedback	25	200	0.16032554838709698
954	goal + feedback	25	250	0.16995721505376368
954	goal + feedback	25	300	0.18126438172043025
954	goal + feedback	25	350	0.2032433817204303
954	goal + feedback	25	400	0.2238888817204304
954	goal + feedback	25	450	0.21730388172043033
954	goal + feedback	25	500	0.26445488172043025
954	goal + feedback	25	550	0.2869155483870969
954	goal + feedback	25	600	0.2886762150537636
954	goal + feedback	25	650	0.2759573817204302
954	goal + feedback	25	700	0.2840387150537637
954	goal + feedback	25	750	0.2893858817204303
954	goal + feedback	25	800	0.269329048387097
954	goal + feedback	25	850	0.24962321505376361
954	goal + feedback	25	900	0.2274448817204303
954	goal + feedback	25	950	0.23352654838709697
954	goal + feedback	25	1e3	0.22052354838709695
954	goal + feedback	25	1050	0.23362521505376357
954	goal + feedback	25	1100	0.23488188172043034
954	goal + feedback	25	1150	0.25694771505376357
954	goal + feedback	26	-200	-0.05304654377880195
954	goal + feedback	26	-150	-0.031647924731182865
954	goal + feedback	26	-100	-0.01194392473118285
954	goal + feedback	26	-50	0.012205075268817053
954	goal + feedback	26	0	0.09327440860215049
954	goal + feedback	26	50	0.15576990860215054
954	goal + feedback	26	100	0.2039644086021505
954	goal + feedback	26	150	0.2489770752688171
954	goal + feedback	26	200	0.35465457526881705
954	goal + feedback	26	250	0.3934012419354838
954	goal + feedback	26	300	0.3729215752688171
954	goal + feedback	26	350	0.4067072419354838
954	goal + feedback	26	400	0.4187987419354837
954	goal + feedback	26	450	0.4750250752688172
954	goal + feedback	26	500	0.5142304086021505
954	goal + feedback	26	550	0.5367309086021504
954	goal + feedback	26	600	0.5132614086021504
954	goal + feedback	26	650	0.46307924193548383
954	goal + feedback	26	700	0.42201624193548365
954	goal + feedback	26	750	0.3309227419354839
954	goal + feedback	26	800	0.27611090860215043
954	goal + feedback	26	850	0.26311324193548385
954	goal + feedback	26	900	0.28072224193548384
954	goal + feedback	26	950	0.24339007526881717
954	goal + feedback	26	1e3	NA
954	goal + feedback	26	1050	NA
954	goal + feedback	26	1100	NA
954	goal + feedback	26	1150	NA
954	goal + feedback	27	-200	0.010351373271889206
954	goal + feedback	27	-150	-0.004800150537634644
954	goal + feedback	27	-100	-0.013948483870967884
954	goal + feedback	27	-50	-0.001180150537634687
954	goal + feedback	27	0	0.007852182795698695
954	goal + feedback	27	50	-0.02786015053763465
954	goal + feedback	27	100	-0.016515483870968017
954	goal + feedback	27	150	0.012667849462365396
954	goal + feedback	27	200	0.13525168279569874
954	goal + feedback	27	250	0.12141834946236536
954	goal + feedback	27	300	0.139114516129032
954	goal + feedback	27	350	0.14176501612903203
954	goal + feedback	27	400	0.13902684946236535
954	goal + feedback	27	450	0.10194884946236533
954	goal + feedback	27	500	-0.005876150537634646
954	goal + feedback	27	550	-0.11145948387096793
954	goal + feedback	27	600	-0.18671048387096797
954	goal + feedback	27	650	-0.2108596505376347
954	goal + feedback	27	700	-0.23700448387096795
954	goal + feedback	27	750	-0.3486686505376347
954	goal + feedback	27	800	-0.34919698387096787
954	goal + feedback	27	850	-0.3861244838709679
954	goal + feedback	27	900	-0.4826803172043012
954	goal + feedback	27	950	-0.4148949838709679
954	goal + feedback	27	1e3	-0.41193131720430126
954	goal + feedback	27	1050	-0.4595113172043013
954	goal + feedback	27	1100	-0.5420863172043014
954	goal + feedback	27	1150	-0.530258983870968
954	goal + feedback	28	-200	-0.01696794930875597
954	goal + feedback	28	-150	0.026041860215053614
954	goal + feedback	28	-100	0.03643452688172033
954	goal + feedback	28	-50	0.008572526881720277
954	goal + feedback	28	0	-0.051252973118279734
954	goal + feedback	28	50	-0.018322806451612994
954	goal + feedback	28	100	NA
954	goal + feedback	28	150	NA
954	goal + feedback	28	200	NA
954	goal + feedback	28	250	NA
954	goal + feedback	28	300	0.17012919354838693
954	goal + feedback	28	350	0.18339536021505354
954	goal + feedback	28	400	-0.04444780645161306
954	goal + feedback	28	450	0.036706860215053684
954	goal + feedback	28	500	0.07235086021505362
954	goal + feedback	28	550	0.09776919354838709
954	goal + feedback	28	600	0.20736186021505362
954	goal + feedback	28	650	0.25980986021505365
954	goal + feedback	28	700	0.3302173602150536
954	goal + feedback	28	750	0.2779068602150536
954	goal + feedback	28	800	0.2504350268817203
954	goal + feedback	28	850	0.16109202688172028
954	goal + feedback	28	900	0.11089402688172023
954	goal + feedback	28	950	0.07570636021505368
954	goal + feedback	28	1e3	0.04715952688172028
954	goal + feedback	28	1050	-0.02726647311827975
954	goal + feedback	28	1100	-0.07951297311827969
954	goal + feedback	28	1150	-0.06610013978494633
954	goal + feedback	29	-200	-0.010526483870967647
954	goal + feedback	29	-150	-0.022046150537634295
954	goal + feedback	29	-100	0.005790682795699054
954	goal + feedback	29	-50	-0.007295483870967641
954	goal + feedback	29	0	0.03583184946236573
954	goal + feedback	29	50	0.04230868279569903
954	goal + feedback	29	100	0.03712484946236579
954	goal + feedback	29	150	0.052396682795699055
954	goal + feedback	29	200	0.06685118279569909
954	goal + feedback	29	250	0.05511634946236573
954	goal + feedback	29	300	0.061564182795698974
954	goal + feedback	29	350	0.05073334946236585
954	goal + feedback	29	400	0.03326851612903233
954	goal + feedback	29	450	0.032068182795699084
954	goal + feedback	29	500	0.116059182795699
954	goal + feedback	29	550	0.12272534946236562
954	goal + feedback	29	600	0.11168051612903247
954	goal + feedback	29	650	NA
954	goal + feedback	29	700	NA
954	goal + feedback	29	750	NA
954	goal + feedback	29	800	-0.4024829838709676
954	goal + feedback	29	850	0.06528384946236569
954	goal + feedback	29	900	0.0766400161290323
954	goal + feedback	29	950	0.05831451612903238
954	goal + feedback	29	1e3	-0.06492468387096757
954	goal + feedback	29	1050	-0.08558848387096774
954	goal + feedback	29	1100	-0.061454317204300946
954	goal + feedback	29	1150	-0.04689615053763433
954	goal + feedback	30	-200	0.06507723041474645
954	goal + feedback	30	-150	0.023161682795698857
954	goal + feedback	30	-100	-0.00378131720430123
954	goal + feedback	30	-50	-0.03291581720430129
954	goal + feedback	30	0	-0.062387983870967854
954	goal + feedback	30	50	-0.06710865053763453
954	goal + feedback	30	100	-0.08756265053763457
954	goal + feedback	30	150	-0.10182431720430112
954	goal + feedback	30	200	-0.18650765053763455
954	goal + feedback	30	250	-0.1961381505376345
954	goal + feedback	30	300	-0.20877915053763454
954	goal + feedback	30	350	-0.21444865053763448
954	goal + feedback	30	400	-0.1850704838709679
954	goal + feedback	30	450	-0.1738938172043011
954	goal + feedback	30	500	-0.17235481720430115
954	goal + feedback	30	550	-0.07124598387096781
954	goal + feedback	30	600	-0.08946081720430106
954	goal + feedback	30	650	-0.1980264838709679
954	goal + feedback	30	700	-0.22289798387096793
954	goal + feedback	30	750	-0.26890148387096785
954	goal + feedback	30	800	-0.2789974838709679
954	goal + feedback	30	850	-0.30456831720430105
954	goal + feedback	30	900	-0.4039978172043012
954	goal + feedback	30	950	-0.49778315053763444
954	goal + feedback	30	1e3	-0.4947461505376345
954	goal + feedback	30	1050	-0.5147268172043012
954	goal + feedback	30	1100	-0.5707404838709678
954	goal + feedback	30	1150	-0.5964933172043011
954	goal + feedback	31	-200	0.032071548387096804
954	goal + feedback	31	-150	0.020588881720430125
954	goal + feedback	31	-100	0.020287548387096788
954	goal + feedback	31	-50	-0.01584645161290325
954	goal + feedback	31	0	-0.06244678494623653
954	goal + feedback	31	50	-0.09851245161290323
954	goal + feedback	31	100	-0.10968845161290315
954	goal + feedback	31	150	-0.10435461827956989
954	goal + feedback	31	200	-0.11044378494623652
954	goal + feedback	31	250	-0.1242661182795699
954	goal + feedback	31	300	-0.12994111827957
954	goal + feedback	31	350	-0.09482395161290318
954	goal + feedback	31	400	-0.09039478494623654
954	goal + feedback	31	450	-0.050434618279569854
954	goal + feedback	31	500	-0.012836784946236598
954	goal + feedback	31	550	0.019011715053763496
954	goal + feedback	31	600	0.023292715053763402
954	goal + feedback	31	650	0.05009621505376346
954	goal + feedback	31	700	0.12492588172043002
954	goal + feedback	31	750	0.12725388172043006
954	goal + feedback	31	800	0.1005027150537634
954	goal + feedback	31	850	0.10222771505376345
954	goal + feedback	31	900	0.06002471505376339
954	goal + feedback	31	950	0.025132548387096776
954	goal + feedback	31	1e3	0.09127588172043007
954	goal + feedback	31	1050	0.1136882150537634
954	goal + feedback	31	1100	0.1271210483870968
954	goal + feedback	31	1150	0.15503504838709672
954	goal + feedback	32	-200	0.06334166359447028
954	goal + feedback	32	-150	0.03051830645161317
954	goal + feedback	32	-100	-0.01589452688172018
954	goal + feedback	32	-50	-0.015387360215053603
954	goal + feedback	32	0	-0.07313502688172029
954	goal + feedback	32	50	-0.1170421935483869
954	goal + feedback	32	100	-0.10997802688172009
954	goal + feedback	32	150	-0.13446269354838689
954	goal + feedback	32	200	-0.1398071935483868
954	goal + feedback	32	250	-0.16535519354838688
954	goal + feedback	32	300	-0.15878852688172018
954	goal + feedback	32	350	-0.16840786021505352
954	goal + feedback	32	400	-0.06298486021505349
954	goal + feedback	32	450	-0.057962360215053556
954	goal + feedback	32	500	-0.08815286021505342
954	goal + feedback	32	550	-0.0011396935483868702
954	goal + feedback	32	600	0.04930963978494648
954	goal + feedback	32	650	0.058842639784946416
954	goal + feedback	32	700	-0.05152019354838666
954	goal + feedback	32	750	NA
954	goal + feedback	32	800	NA
954	goal + feedback	32	850	-0.34036169354838686
954	goal + feedback	32	900	-0.3184918602150535
954	goal + feedback	32	950	-0.2621149935483868
954	goal + feedback	32	1e3	-0.23049619354838682
954	goal + feedback	32	1050	-0.18792019354838688
954	goal + feedback	32	1100	-0.15108786021505347
954	goal + feedback	32	1150	-0.12997052688172026
954	goal + feedback	33	-200	0.010277973118279604
954	goal + feedback	33	-150	-0.0014336221198156807
954	goal + feedback	33	-100	0.010598206451613024
954	goal + feedback	33	-50	0.01649109216589866
954	goal + feedback	33	0	-0.03667686021505371
954	goal + feedback	33	50	-0.012294193548387167
954	goal + feedback	33	100	-0.020451622119815598
954	goal + feedback	33	150	-0.012305860215053718
954	goal + feedback	33	200	0.00714480645161301
954	goal + feedback	33	250	0.01295530645161295
954	goal + feedback	33	300	0.04642263978494624
954	goal + feedback	33	350	0.07608913978494629
954	goal + feedback	33	400	0.08409147311827951
954	goal + feedback	33	450	0.055968139784946226
954	goal + feedback	33	500	0.0918218064516129
954	goal + feedback	33	550	0.07421413978494629
954	goal + feedback	33	600	0.08792913978494621
954	goal + feedback	33	650	0.021996806451612876
954	goal + feedback	33	700	-0.039105526881720344
954	goal + feedback	33	750	-0.10678944354838704
954	goal + feedback	33	800	NA
954	goal + feedback	33	850	NA
954	goal + feedback	33	900	NA
954	goal + feedback	33	950	NA
954	goal + feedback	33	1e3	NA
954	goal + feedback	33	1050	-0.48665719354838705
954	goal + feedback	33	1100	-0.35588462211981564
954	goal + feedback	33	1150	-0.32511802688172037
954	goal + feedback	34	-200	0.03157283333333324
954	goal + feedback	34	-150	0.013220166666666552
954	goal + feedback	34	-100	0.012862999999999994
954	goal + feedback	34	-50	-0.013541166666666715
954	goal + feedback	34	0	-0.04411483333333329
954	goal + feedback	34	50	-0.05855616666666682
954	goal + feedback	34	100	-0.05936183333333345
954	goal + feedback	34	150	0.028571833333333203
954	goal + feedback	34	200	0.05778799999999995
954	goal + feedback	34	250	0.04044366666666662
954	goal + feedback	34	300	0.002134666666666618
954	goal + feedback	34	350	0.06453866666666652
954	goal + feedback	34	400	0.08115366666666664
954	goal + feedback	34	450	0.06168816666666658
954	goal + feedback	34	500	0.07958766666666668
954	goal + feedback	34	550	0.08838433333333318
954	goal + feedback	34	600	0.1253776666666666
954	goal + feedback	34	650	0.14982216666666667
954	goal + feedback	34	700	0.15691549999999985
954	goal + feedback	34	750	0.1583324999999999
954	goal + feedback	34	800	0.1785203333333333
954	goal + feedback	34	850	0.19955883333333335
954	goal + feedback	34	900	0.2037635
954	goal + feedback	34	950	0.12862283333333333
954	goal + feedback	34	1e3	0.05943033333333333
954	goal + feedback	34	1050	0.07623916666666664
954	goal + feedback	34	1100	0.007212466666666728
954	goal + feedback	34	1150	0.02594446666666661
954	goal + feedback	35	-200	-0.03432504147465419
954	goal + feedback	35	-150	-0.010495279569892269
954	goal + feedback	35	-100	0.03224538709677449
954	goal + feedback	35	-50	0.007344387096774356
954	goal + feedback	35	0	0.01095138709677442
954	goal + feedback	35	50	0.007217387096774368
954	goal + feedback	35	100	-0.08322361290322577
954	goal + feedback	35	150	NA
954	goal + feedback	35	200	NA
954	goal + feedback	35	250	-0.13269261290322554
954	goal + feedback	35	300	0.16450388709677444
954	goal + feedback	35	350	0.22974588709677435
954	goal + feedback	35	400	0.25383538709677433
954	goal + feedback	35	450	0.10983595852534586
954	goal + feedback	35	500	0.1087570537634411
954	goal + feedback	35	550	0.1325527204301077
954	goal + feedback	35	600	0.180758053763441
954	goal + feedback	35	650	0.20147372043010772
954	goal + feedback	35	700	0.19952222043010762
954	goal + feedback	35	750	0.151374053763441
954	goal + feedback	35	800	0.13309088709677433
954	goal + feedback	35	850	0.058929053763440965
954	goal + feedback	35	900	0.026418553763441006
954	goal + feedback	35	950	-0.012605946236558937
954	goal + feedback	35	1e3	-0.04141411290322564
954	goal + feedback	35	1050	-0.0693151129032256
954	goal + feedback	35	1100	-0.10741977956989235
954	goal + feedback	35	1150	-0.11981611290322565
954	goal + feedback	36	-200	-0.009156506912442377
954	goal + feedback	36	-150	0.02849756451612902
954	goal + feedback	36	-100	-0.024596935483870947
954	goal + feedback	36	-50	-0.013110102150537687
954	goal + feedback	36	0	0.019892064516129054
954	goal + feedback	36	50	6.498978494624552e-4
954	goal + feedback	36	100	0.0323917311827957
954	goal + feedback	36	150	0.10912489784946233
954	goal + feedback	36	200	0.1326700645161291
954	goal + feedback	36	250	0.11717506451612898
954	goal + feedback	36	300	0.13333356451612902
954	goal + feedback	36	350	0.16998039784946242
954	goal + feedback	36	400	0.2230728978494624
954	goal + feedback	36	450	0.23026789784946247
954	goal + feedback	36	500	0.2767323978494624
954	goal + feedback	36	550	0.3100815645161292
954	goal + feedback	36	600	0.34086889784946234
954	goal + feedback	36	650	0.3072415645161291
954	goal + feedback	36	700	0.2829403978494623
954	goal + feedback	36	750	0.2545690645161291
954	goal + feedback	36	800	0.1692932311827958
954	goal + feedback	36	850	0.1300103978494623
954	goal + feedback	36	900	0.023702397849462303
954	goal + feedback	36	950	0.010746397849462408
954	goal + feedback	36	1e3	0.03311706451612902
954	goal + feedback	36	1050	0.05960639784946239
954	goal + feedback	36	1100	0.02161423118279567
954	goal + feedback	36	1150	0.08180556451612915
954	goal + feedback	37	-200	-0.0795331566820278
954	goal + feedback	37	-150	-0.02481503763440888
954	goal + feedback	37	-100	-0.01732987096774215
954	goal + feedback	37	-50	0.07718946236559117
954	goal + feedback	37	0	0.05774412903225793
954	goal + feedback	37	50	0.1552591290322579
954	goal + feedback	37	100	0.14441512903225787
954	goal + feedback	37	150	0.07139579569892456
954	goal + feedback	37	200	0.015012629032257937
954	goal + feedback	37	250	0.04636179569892455
954	goal + feedback	37	300	0.07420412903225793
954	goal + feedback	37	350	0.05637129569892463
954	goal + feedback	37	400	0.11366962903225786
954	goal + feedback	37	450	0.1254531290322579
954	goal + feedback	37	500	0.12757279569892463
954	goal + feedback	37	550	0.14528679569892455
954	goal + feedback	37	600	0.13470162903225788
954	goal + feedback	37	650	0.1508891290322579
954	goal + feedback	37	700	0.1742974623655912
954	goal + feedback	37	750	0.10230029569892451
954	goal + feedback	37	800	0.06272279569892462
954	goal + feedback	37	850	0.05831246236559121
954	goal + feedback	37	900	-0.014958870967742177
954	goal + feedback	37	950	-0.059519204301075414
954	goal + feedback	37	1e3	-0.03742420430107537
954	goal + feedback	37	1050	-0.1006630376344088
954	goal + feedback	37	1100	-0.06341120430107543
954	goal + feedback	37	1150	-0.04975553763440891
954	goal + feedback	38	-200	-0.07311376666666673
954	goal + feedback	38	-150	-0.017489766666666833
954	goal + feedback	38	-100	0.006875899999999824
954	goal + feedback	38	-50	0.03703673333333316
954	goal + feedback	38	0	0.046690899999999834
954	goal + feedback	38	50	0.05941989999999997
954	goal + feedback	38	100	0.07415889999999987
954	goal + feedback	38	150	0.10435823333333327
954	goal + feedback	38	200	0.22879523333333318
954	goal + feedback	38	250	0.3017845666666666
954	goal + feedback	38	300	0.2939058999999999
954	goal + feedback	38	350	0.2834524
954	goal + feedback	38	400	0.2843657333333333
954	goal + feedback	38	450	0.2814592333333333
954	goal + feedback	38	500	0.2802140666666666
954	goal + feedback	38	550	0.28398339999999994
954	goal + feedback	38	600	0.29730782857142846
954	goal + feedback	38	650	0.28854179999999996
954	goal + feedback	38	700	0.24639323333333327
954	goal + feedback	38	750	0.17235023333333324
954	goal + feedback	38	800	0.0956208999999999
954	goal + feedback	38	850	-0.03720910000000003
954	goal + feedback	38	900	-0.10657202857142867
954	goal + feedback	38	950	-0.06346226666666681
954	goal + feedback	38	1e3	-0.07607826666666677
954	goal + feedback	38	1050	-0.24314760000000005
954	goal + feedback	38	1100	-0.17858510000000014
954	goal + feedback	38	1150	-0.22332910000000003
954	goal + feedback	39	-200	0.023967414746543687
954	goal + feedback	39	-150	0.01770029569892458
954	goal + feedback	39	-100	-0.003828537634408639
954	goal + feedback	39	-50	-0.012799704301075318
954	goal + feedback	39	0	-0.029034037634408705
954	goal + feedback	39	50	-0.07077703763440879
954	goal + feedback	39	100	-0.040711370967741946
954	goal + feedback	39	150	-0.03347487096774193
954	goal + feedback	39	200	0.013608462365591286
954	goal + feedback	39	250	0.05975946236559141
954	goal + feedback	39	300	0.08170362903225799
954	goal + feedback	39	350	0.07994096236559134
954	goal + feedback	39	400	0.09567812903225792
954	goal + feedback	39	450	0.198299129032258
954	goal + feedback	39	500	0.2577751290322579
954	goal + feedback	39	550	0.26562746236559137
954	goal + feedback	39	600	0.3343047956989247
954	goal + feedback	39	650	0.31690562903225805
954	goal + feedback	39	700	0.4097377956989246
954	goal + feedback	39	750	0.42221996236559134
954	goal + feedback	39	800	0.44275296236559125
954	goal + feedback	39	850	0.41126162903225794
954	goal + feedback	39	900	0.37557679569892466
954	goal + feedback	39	950	0.34118812903225804
954	goal + feedback	39	1e3	0.3427456290322579
954	goal + feedback	39	1050	0.349278129032258
954	goal + feedback	39	1100	0.3383577956989247
954	goal + feedback	39	1150	0.38241979569892476
954	goal + feedback	40	-200	NA
954	goal + feedback	40	-150	NA
954	goal + feedback	40	-100	NA
954	goal + feedback	40	-50	0.10407799999999989
954	goal + feedback	40	0	-0.02081559999999998
954	goal + feedback	40	50	-0.12876579999999987
954	goal + feedback	40	100	-0.05336033333333331
954	goal + feedback	40	150	-0.011795833333333302
954	goal + feedback	40	200	0.005742333333333442
954	goal + feedback	40	250	0.015220833333333387
954	goal + feedback	40	300	-4.601666666666689e-4
954	goal + feedback	40	350	-0.01973866666666657
954	goal + feedback	40	400	-0.02097433333333328
954	goal + feedback	40	450	-0.0065509999999999
954	goal + feedback	40	500	-0.014475666666666628
954	goal + feedback	40	550	-0.009629333333333268
954	goal + feedback	40	600	-0.07918883333333326
954	goal + feedback	40	650	-0.2297383333333333
954	goal + feedback	40	700	-0.2841305
954	goal + feedback	40	750	-0.28558083333333323
954	goal + feedback	40	800	-0.38888728571428566
954	goal + feedback	40	850	-0.3994318333333333
954	goal + feedback	40	900	-0.3901593333333333
954	goal + feedback	40	950	-0.4145051999999998
954	goal + feedback	40	1e3	-0.4160614285714286
954	goal + feedback	40	1050	-0.4443994999999999
954	goal + feedback	40	1100	-0.463092
954	goal + feedback	40	1150	-0.4369355
954	goal + feedback	41	-200	-0.018189898617511652
954	goal + feedback	41	-150	0.022442987096774038
954	goal + feedback	41	-100	0.03477810138248832
954	goal + feedback	41	-50	0.0017280537634406883
954	goal + feedback	41	0	-0.03978344623655924
954	goal + feedback	41	50	-0.028496946236559333
954	goal + feedback	41	100	-0.055156946236559236
954	goal + feedback	41	150	-0.07315877956989263
954	goal + feedback	41	200	-0.087205612903226
954	goal + feedback	41	250	-0.09777294623655937
954	goal + feedback	41	300	-0.10985177956989263
954	goal + feedback	41	350	-0.17929577956989254
954	goal + feedback	41	400	-0.2134489462365592
954	goal + feedback	41	450	-0.15710111290322595
954	goal + feedback	41	500	-0.1966114462365592
954	goal + feedback	41	550	-0.20554611290322589
954	goal + feedback	41	600	-0.18454644623655928
954	goal + feedback	41	650	-0.12350627956989262
954	goal + feedback	41	700	-0.07827827956989271
954	goal + feedback	41	750	-0.05119844623655926
954	goal + feedback	41	800	-0.09076477956989255
954	goal + feedback	41	850	-0.13518127956989257
954	goal + feedback	41	900	-0.10627961290322589
954	goal + feedback	41	950	-0.09992194623655926
954	goal + feedback	41	1e3	-0.06764594623655928
954	goal + feedback	41	1050	-0.10720894623655923
954	goal + feedback	41	1100	-0.16814044623655935
954	goal + feedback	41	1150	-0.18322161290322594
954	goal + feedback	42	-200	0.028787405529953767
954	goal + feedback	42	-150	0.058094715053763325
954	goal + feedback	42	-100	-0.001548284946236637
954	goal + feedback	42	-50	-0.05608711827956999
954	goal + feedback	42	0	-0.034044618279570095
954	goal + feedback	42	50	-0.06146228494623666
954	goal + feedback	42	100	-0.11391145161290339
954	goal + feedback	42	150	-0.07055795161290328
954	goal + feedback	42	200	0.009522715053763417
954	goal + feedback	42	250	0.03732921505376333
954	goal + feedback	42	300	0.036055548387096646
954	goal + feedback	42	350	-0.024784284946236745
954	goal + feedback	42	400	-0.007576618279570013
954	goal + feedback	42	450	0.020391381720429907
954	goal + feedback	42	500	0.09757154838709663
954	goal + feedback	42	550	0.13766404838709664
954	goal + feedback	42	600	0.13081354838709677
954	goal + feedback	42	650	0.11155971505376334
954	goal + feedback	42	700	0.055023715053763356
954	goal + feedback	42	750	0.006995381720430016
954	goal + feedback	42	800	0.016178548387096647
954	goal + feedback	42	850	NA
954	goal + feedback	42	900	NA
954	goal + feedback	42	950	-0.1549684516129033
954	goal + feedback	42	1e3	0.03436538172042991
954	goal + feedback	42	1050	-0.13904405161290337
954	goal + feedback	42	1100	-0.22892745161290326
954	goal + feedback	42	1150	-0.1443934516129033
954	goal + feedback	43	-200	1.1102230246251565e-16
954	goal + feedback	43	-150	NA
954	goal + feedback	43	-100	NA
954	goal + feedback	43	-50	NA
954	goal + feedback	43	0	NA
954	goal + feedback	43	50	-0.21479599999999976
954	goal + feedback	43	100	0.06161378571428581
954	goal + feedback	43	150	0.16370150000000008
954	goal + feedback	43	200	0.08601883333333353
954	goal + feedback	43	250	0.12379733333333354
954	goal + feedback	43	300	0.15475683333333348
954	goal + feedback	43	350	0.16299183333333347
954	goal + feedback	43	400	0.1610778333333336
954	goal + feedback	43	450	0.16342100000000004
954	goal + feedback	43	500	0.18269800000000017
954	goal + feedback	43	550	0.15398083333333346
954	goal + feedback	43	600	0.14827983333333342
954	goal + feedback	43	650	0.13781200000000013
954	goal + feedback	43	700	0.12985050000000017
954	goal + feedback	43	750	0.1454483333333334
954	goal + feedback	43	800	0.0814315000000001
954	goal + feedback	43	850	0.028151357142857325
954	goal + feedback	43	900	-0.0033163333333332545
954	goal + feedback	43	950	-0.013834999999999894
954	goal + feedback	43	1e3	-0.02446583333333326
954	goal + feedback	43	1050	-0.05585199999999987
954	goal + feedback	43	1100	-0.06517283333333324
954	goal + feedback	43	1150	-0.09082366666666657
954	goal + feedback	44	-200	0.025024383333333382
954	goal + feedback	44	-150	0.015635883333333433
954	goal + feedback	44	-100	-0.031164783333333206
954	goal + feedback	44	-50	-0.02848644999999994
954	goal + feedback	44	0	NA
954	goal + feedback	44	50	NA
954	goal + feedback	44	100	-0.4227194499999998
954	goal + feedback	44	150	-0.33857828333333323
954	goal + feedback	44	200	-0.19289161666666654
954	goal + feedback	44	250	-0.15607044999999986
954	goal + feedback	44	300	-0.14698961666666652
954	goal + feedback	44	350	-0.08216061666666663
954	goal + feedback	44	400	-0.07468611666666658
954	goal + feedback	44	450	-0.010141449999999885
954	goal + feedback	44	500	0.04856621666666686
954	goal + feedback	44	550	0.08839288333333355
954	goal + feedback	44	600	0.08702771666666671
954	goal + feedback	44	650	0.16638638333333353
954	goal + feedback	44	700	0.20469821666666674
954	goal + feedback	44	750	0.21971388333333342
954	goal + feedback	44	800	0.20125205000000013
954	goal + feedback	44	850	0.13648988333333345
954	goal + feedback	44	900	0.08432421666666674
954	goal + feedback	44	950	0.03678121666666686
954	goal + feedback	44	1e3	0.006524883333333416
954	goal + feedback	44	1050	-0.033988592857142716
954	goal + feedback	44	1100	-0.06415094999999986
954	goal + feedback	44	1150	-0.08981044999999994
954	goal + feedback	45	-200	0.05376926666666663
954	goal + feedback	45	-150	0.03582376666666661
954	goal + feedback	45	-100	0.015093266666666697
954	goal + feedback	45	-50	-0.007768233333333319
954	goal + feedback	45	0	-0.09691806666666669
954	goal + feedback	45	50	-0.13985073333333342
954	goal + feedback	45	100	-0.16828589999999996
954	goal + feedback	45	150	-0.1661897333333333
954	goal + feedback	45	200	-0.17595090000000005
954	goal + feedback	45	250	-0.1774794000000001
954	goal + feedback	45	300	-0.1816922333333333
954	goal + feedback	45	350	-0.20088856666666666
954	goal + feedback	45	400	-0.20769723333333334
954	goal + feedback	45	450	-0.1974767333333333
954	goal + feedback	45	500	-0.1778069
954	goal + feedback	45	550	-0.1674532333333333
954	goal + feedback	45	600	-0.1492015666666667
954	goal + feedback	45	650	-0.09480790000000001
954	goal + feedback	45	700	-0.08270306666666667
954	goal + feedback	45	750	-0.08935506666666677
954	goal + feedback	45	800	-0.09878456666666675
954	goal + feedback	45	850	-0.10738340000000002
954	goal + feedback	45	900	-0.07062189999999997
954	goal + feedback	45	950	-0.09068756666666666
954	goal + feedback	45	1e3	-0.057889900000000015
954	goal + feedback	45	1050	-0.034494566666666726
954	goal + feedback	45	1100	-0.006184900000000049
954	goal + feedback	45	1150	-0.017177709523809575
954	goal + feedback	46	-200	1.604147465452042e-5
954	goal + feedback	46	-150	0.04218111290322598
954	goal + feedback	46	-100	0.04541927956989267
954	goal + feedback	46	-50	-0.030658220430107352
954	goal + feedback	46	0	-0.056960887096774084
954	goal + feedback	46	50	0.014786279569892683
954	goal + feedback	46	100	0.0019361129032259654
954	goal + feedback	46	150	0.007542946236559341
954	goal + feedback	46	200	0.017856446236559204
954	goal + feedback	46	250	-0.02555722043010733
954	goal + feedback	46	300	0.017688279569892718
954	goal + feedback	46	350	0.04518994623655933
954	goal + feedback	46	400	0.10827244623655934
954	goal + feedback	46	450	0.17974077956989257
954	goal + feedback	46	500	0.23681027956989267
954	goal + feedback	46	550	0.22567277956989265
954	goal + feedback	46	600	0.22207461290322597
954	goal + feedback	46	650	0.20326877956989264
954	goal + feedback	46	700	0.11506844623655928
954	goal + feedback	46	750	0.012112779569892687
954	goal + feedback	46	800	0.02118561290322603
954	goal + feedback	46	850	-0.0019423870967740786
954	goal + feedback	46	900	-0.016953220430107496
954	goal + feedback	46	950	-0.014470387096774026
954	goal + feedback	46	1e3	-0.03973472043010736
954	goal + feedback	46	1050	-0.070479887096774
954	goal + feedback	46	1100	-0.041253887096773946
954	goal + feedback	46	1150	-0.026625553763440706
954	goal + feedback	47	-200	NA
954	goal + feedback	47	-150	NA
954	goal + feedback	47	-100	-0.07157486666666675
954	goal + feedback	47	-50	0.005090466666666682
954	goal + feedback	47	0	0.030696966666666475
954	goal + feedback	47	50	0.005030966666666581
954	goal + feedback	47	100	0.06564063333333325
954	goal + feedback	47	150	0.07350779999999986
954	goal + feedback	47	200	0.11998663333333326
954	goal + feedback	47	250	0.14571229999999988
954	goal + feedback	47	300	0.15895446666666654
954	goal + feedback	47	350	0.1810852999999999
954	goal + feedback	47	400	0.16349046666666656
954	goal + feedback	47	450	0.16455979999999992
954	goal + feedback	47	500	0.07987496666666656
954	goal + feedback	47	550	0.0992556333333332
954	goal + feedback	47	600	0.10485379999999982
954	goal + feedback	47	650	0.020482133333333225
954	goal + feedback	47	700	-0.006015199999999998
954	goal + feedback	47	750	-0.0017167000000000894
954	goal + feedback	47	800	-0.01401670000000014
954	goal + feedback	47	850	-0.05150903333333338
954	goal + feedback	47	900	-0.09385636666666682
954	goal + feedback	47	950	-0.10036436666666677
954	goal + feedback	47	1e3	-0.08979620000000017
954	goal + feedback	47	1050	-0.046983033333333424
954	goal + feedback	47	1100	-0.01412786666666673
954	goal + feedback	47	1150	-0.02869853333333346
954	goal + feedback	48	-200	0.012316666666666606
954	goal + feedback	48	-150	0.006711833333333213
954	goal + feedback	48	-100	-0.012405000000000074
954	goal + feedback	48	-50	-0.025895333333333454
954	goal + feedback	48	0	0.019271833333333266
954	goal + feedback	48	50	-0.023156000000000104
954	goal + feedback	48	100	-0.0029693333333334535
954	goal + feedback	48	150	0.01489549999999995
954	goal + feedback	48	200	-0.0032681666666668128
954	goal + feedback	48	250	7.196666666666e-4
954	goal + feedback	48	300	0.009782333333333337
954	goal + feedback	48	350	-0.0012343333333334112
954	goal + feedback	48	400	0.018595499999999987
954	goal + feedback	48	450	0.011315666666666502
954	goal + feedback	48	500	0.06871666666666654
954	goal + feedback	48	550	0.0867313333333332
954	goal + feedback	48	600	0.08341500000000002
954	goal + feedback	48	650	0.01641233333333325
954	goal + feedback	48	700	-0.024634333333333498
954	goal + feedback	48	750	-0.045631000000000053
954	goal + feedback	48	800	-0.11551250000000013
954	goal + feedback	48	850	-0.09918766666666674
954	goal + feedback	48	900	NA
954	goal + feedback	48	950	NA
954	goal + feedback	48	1e3	NA
954	goal + feedback	48	1050	-0.2268435000000002
954	goal + feedback	48	1100	-0.16698066666666672
954	goal + feedback	48	1150	-0.16396483333333337
954	goal + feedback	49	-200	0.030462949308755722
954	goal + feedback	49	-150	-0.12041002688172038
954	goal + feedback	49	-100	-0.013593693548387131
954	goal + feedback	49	-50	0.009310306451612979
954	goal + feedback	49	0	0.08915330645161286
954	goal + feedback	49	50	0.13154047311827957
954	goal + feedback	49	100	0.16834863978494616
954	goal + feedback	49	150	0.1495969731182795
954	goal + feedback	49	200	0.14494547311827963
954	goal + feedback	49	250	0.14450963978494627
954	goal + feedback	49	300	0.10393280645161289
954	goal + feedback	49	350	0.1167411397849462
954	goal + feedback	49	400	0.030450473118279604
954	goal + feedback	49	450	0.09315297311827948
954	goal + feedback	49	500	0.14245797311827965
954	goal + feedback	49	550	0.1557394731182796
954	goal + feedback	49	600	0.1589513064516129
954	goal + feedback	49	650	0.1456128064516129
954	goal + feedback	49	700	0.06871080645161287
954	goal + feedback	49	750	0.04068030645161295
954	goal + feedback	49	800	-0.010599860215053733
954	goal + feedback	49	850	-0.021079360215053782
954	goal + feedback	49	900	-0.04319302688172052
954	goal + feedback	49	950	-0.07516369354838719
954	goal + feedback	49	1e3	-0.08478752688172049
954	goal + feedback	49	1050	-0.144169193548387
954	goal + feedback	49	1100	-0.10819752688172042
954	goal + feedback	49	1150	-0.09780519354838708
954	goal + feedback	50	-200	-0.060899499999999884
954	goal + feedback	50	-150	-0.03614849999999999
954	goal + feedback	50	-100	-0.014199166666666763
954	goal + feedback	50	-50	0.03736033333333336
954	goal + feedback	50	0	0.07388683333333335
954	goal + feedback	50	50	0.13163950000000005
954	goal + feedback	50	100	0.10581749999999997
954	goal + feedback	50	150	0.11005549999999993
954	goal + feedback	50	200	0.07864633333333337
954	goal + feedback	50	250	0.09814349999999994
954	goal + feedback	50	300	0.03742500000000004
954	goal + feedback	50	350	-0.015514666666666713
954	goal + feedback	50	400	0.03642400000000001
954	goal + feedback	50	450	0.09826916666666663
954	goal + feedback	50	500	0.07824599999999997
954	goal + feedback	50	550	0.08549166666666667
954	goal + feedback	50	600	0.09882083333333329
954	goal + feedback	50	650	0.09263035714285703
954	goal + feedback	50	700	0.03617533333333337
954	goal + feedback	50	750	-0.0553279999999999
954	goal + feedback	50	800	-0.15391849999999999
954	goal + feedback	50	850	-0.20678300000000002
954	goal + feedback	50	900	-0.2895014999999999
954	goal + feedback	50	950	-0.3408088333333333
954	goal + feedback	50	1e3	-0.3176023333333334
954	goal + feedback	50	1050	-0.24716250000000003
954	goal + feedback	50	1100	-0.18013350000000003
954	goal + feedback	50	1150	-0.22965900000000006
954	goal + feedback	51	-200	-0.04365954377880162
954	goal + feedback	51	-150	-0.017123258064515978
954	goal + feedback	51	-100	-0.00775909139784936
954	goal + feedback	51	-50	0.0070779086021507025
954	goal + feedback	51	0	0.06874057526881734
954	goal + feedback	51	50	0.026784075268817393
954	goal + feedback	51	100	-0.27466159139784935
954	goal + feedback	51	150	-0.39285775806451595
954	goal + feedback	51	200	-0.051518758064515925
954	goal + feedback	51	250	0.06741857526881738
954	goal + feedback	51	300	0.04276307526881736
954	goal + feedback	51	350	0.06148857526881746
954	goal + feedback	51	400	0.11002124193548402
954	goal + feedback	51	450	0.0836870752688174
954	goal + feedback	51	500	0.026390741935484
954	goal + feedback	51	550	0.0019687419354840565
954	goal + feedback	51	600	-0.03753509139784931
954	goal + feedback	51	650	0.02514690860215067
954	goal + feedback	51	700	-0.08681009139784934
954	goal + feedback	51	750	-0.1665524247311827
954	goal + feedback	51	800	-0.19175575806451595
954	goal + feedback	51	850	-0.16163242473118258
954	goal + feedback	51	900	-0.1843229247311826
954	goal + feedback	51	950	-0.2153125913978493
954	goal + feedback	51	1e3	-0.2346632580645159
954	goal + feedback	51	1050	-0.2569259247311826
954	goal + feedback	51	1100	-0.23019992473118256
954	goal + feedback	51	1150	-0.25133475806451594
954	goal + feedback	52	-200	-0.00887462211981552
954	goal + feedback	52	-150	-0.02481436021505375
954	goal + feedback	52	-100	-0.003548360215053744
954	goal + feedback	52	-50	0.010671806451612994
954	goal + feedback	52	0	0.02804463978494624
954	goal + feedback	52	50	0.0716313064516129
954	goal + feedback	52	100	0.10232080645161301
954	goal + feedback	52	150	NA
954	goal + feedback	52	200	NA
954	goal + feedback	52	250	NA
954	goal + feedback	52	300	0.0012671397849461918
954	goal + feedback	52	350	0.06076213978494641
954	goal + feedback	52	400	0.12705780645161294
954	goal + feedback	52	450	0.1710019731182797
954	goal + feedback	52	500	0.19030097311827956
954	goal + feedback	52	550	0.25485330645161297
954	goal + feedback	52	600	0.17733863978494635
954	goal + feedback	52	650	0.1681074731182796
954	goal + feedback	52	700	0.08889480645161307
954	goal + feedback	52	750	0.10680397311827965
954	goal + feedback	52	800	0.05689963978494624
954	goal + feedback	52	850	0.06061730645161297
954	goal + feedback	52	900	-0.030184360215053774
954	goal + feedback	52	950	-0.03433902688172038
954	goal + feedback	52	1e3	-0.05903269354838706
954	goal + feedback	52	1050	-0.021251193548387004
954	goal + feedback	52	1100	-0.001952526881720355
954	goal + feedback	52	1150	0.04702013978494627
954	goal + feedback	53	-200	-0.004353096774193599
954	goal + feedback	53	-150	-0.008648596774193681
954	goal + feedback	53	-100	-0.014156763440860217
954	goal + feedback	53	-50	0.0037457365591397895
954	goal + feedback	53	0	0.024138236559139752
954	goal + feedback	53	50	0.025038736559139723
954	goal + feedback	53	100	0.050354236559139696
954	goal + feedback	53	150	0.04087106989247302
954	goal + feedback	53	200	0.053905236559139626
954	goal + feedback	53	250	0.044182903225806314
954	goal + feedback	53	300	0.007261403225806262
954	goal + feedback	53	350	0.037367569892472995
954	goal + feedback	53	400	0.04308340322580636
954	goal + feedback	53	450	0.02263190322580629
954	goal + feedback	53	500	0.07944106989247302
954	goal + feedback	53	550	0.141592069892473
954	goal + feedback	53	600	0.17731673655913963
954	goal + feedback	53	650	0.1507862365591396
954	goal + feedback	53	700	0.10534465322580644
954	goal + feedback	53	750	NA
954	goal + feedback	53	800	NA
954	goal + feedback	53	850	NA
954	goal + feedback	53	900	-0.10255989677419368
954	goal + feedback	53	950	0.051747569892473054
954	goal + feedback	53	1e3	-0.08539326344086029
954	goal + feedback	53	1050	-0.08275543010752699
954	goal + feedback	53	1100	-0.08268793010752688
954	goal + feedback	53	1150	-0.04121309677419357
954	goal + feedback	54	-200	-0.008659300000000147
954	goal + feedback	54	-150	0.004790199999999818
954	goal + feedback	54	-100	0.01306169999999988
954	goal + feedback	54	-50	0.0016946999999999008
954	goal + feedback	54	0	-0.010887300000000192
954	goal + feedback	54	50	-0.037263800000000145
954	goal + feedback	54	100	-0.06456413333333355
954	goal + feedback	54	150	-0.11187046666666685
954	goal + feedback	54	200	-0.13273113333333342
954	goal + feedback	54	250	-0.15978130000000013
954	goal + feedback	54	300	-0.1849171333333334
954	goal + feedback	54	350	-0.17868030000000013
954	goal + feedback	54	400	-0.16014746666666682
954	goal + feedback	54	450	-0.20275363333333343
954	goal + feedback	54	500	-0.19303229999999996
954	goal + feedback	54	550	-0.2268871333333334
954	goal + feedback	54	600	-0.16245730000000017
954	goal + feedback	54	650	-0.1843443000000001
954	goal + feedback	54	700	-0.22851839523809542
954	goal + feedback	54	750	-0.25967496666666673
954	goal + feedback	54	800	-0.3241569666666668
954	goal + feedback	54	850	-0.36382880000000006
954	goal + feedback	54	900	-0.3641388000000001
954	goal + feedback	54	950	-0.35239430000000005
954	goal + feedback	54	1e3	-0.3470698000000001
954	goal + feedback	54	1050	-0.3590353000000002
954	goal + feedback	54	1100	-0.3449138000000001
954	goal + feedback	54	1150	-0.34924646666666675
954	goal + feedback	55	-200	NA
954	goal + feedback	55	-150	-0.2575115499999998
954	goal + feedback	55	-100	-0.002295716666666466
954	goal + feedback	55	-50	0.011277616666666676
954	goal + feedback	55	0	0.07685528333333351
954	goal + feedback	55	50	0.10184861666666678
954	goal + feedback	55	100	0.12768895000000016
954	goal + feedback	55	150	0.14227928333333342
954	goal + feedback	55	200	0.1202614500000001
954	goal + feedback	55	250	0.09615645000000006
954	goal + feedback	55	300	0.06540061666666674
954	goal + feedback	55	350	0.06599295000000012
954	goal + feedback	55	400	0.043506616666666886
954	goal + feedback	55	450	0.03513345000000009
954	goal + feedback	55	500	0.09114711666666679
954	goal + feedback	55	550	0.06851361666666682
954	goal + feedback	55	600	0.0721866166666667
954	goal + feedback	55	650	0.07077045000000022
954	goal + feedback	55	700	0.048562116666666766
954	goal + feedback	55	750	0.05587311666666676
954	goal + feedback	55	800	0.0267526166666668
954	goal + feedback	55	850	0.030535116666666823
954	goal + feedback	55	900	0.025570450000000095
954	goal + feedback	55	950	0.021023450000000093
954	goal + feedback	55	1e3	0.04033795000000014
954	goal + feedback	55	1050	0.06456211666666671
954	goal + feedback	55	1100	0.15864461666666677
954	goal + feedback	55	1150	0.16897511666666673
954	goal + feedback	56	-200	0.004105682027649683
954	goal + feedback	56	-150	-0.006126532258064661
954	goal + feedback	56	-100	-6.533655913979105e-4
954	goal + feedback	56	-50	0.0025716344086021228
954	goal + feedback	56	0	-5.816989247312924e-4
954	goal + feedback	56	50	0.012519634408602043
954	goal + feedback	56	100	-0.007246032258064601
954	goal + feedback	56	150	-0.03224436559139798
954	goal + feedback	56	200	-0.03005419892473123
954	goal + feedback	56	250	0.003967967741935456
954	goal + feedback	56	300	-0.04087086559139793
954	goal + feedback	56	350	-0.07625286559139795
954	goal + feedback	56	400	-0.14617919892473127
954	goal + feedback	56	450	-0.13034336559139792
954	goal + feedback	56	500	-0.1400226989247313
954	goal + feedback	56	550	-0.1304356989247312
954	goal + feedback	56	600	-0.10379303225806462
954	goal + feedback	56	650	-0.060357698924731196
954	goal + feedback	56	700	-0.09516969892473133
954	goal + feedback	56	750	-0.08639053225806448
954	goal + feedback	56	800	NA
954	goal + feedback	56	850	NA
954	goal + feedback	56	900	NA
954	goal + feedback	56	950	NA
954	goal + feedback	56	1e3	NA
954	goal + feedback	56	1050	-0.24639728225806456
954	goal + feedback	56	1100	-0.10931386559139789
954	goal + feedback	56	1150	-0.1442841989247313
954	goal + feedback	57	-200	0.09204227777777785
954	goal + feedback	57	-150	NA
954	goal + feedback	57	-100	NA
954	goal + feedback	57	-50	NA
954	goal + feedback	57	0	-0.026297793650793672
954	goal + feedback	57	50	0.19272037777777778
954	goal + feedback	57	100	0.22450027777777773
954	goal + feedback	57	150	0.1693872777777777
954	goal + feedback	57	200	0.07422077777777777
954	goal + feedback	57	250	0.06194444444444436
954	goal + feedback	57	300	0.04945794444444437
954	goal + feedback	57	350	0.06716827777777763
954	goal + feedback	57	400	-0.04759422222222224
954	goal + feedback	57	450	-0.06713005555555562
954	goal + feedback	57	500	-0.024059055555555615
954	goal + feedback	57	550	0.02966611111111102
954	goal + feedback	57	600	0.03799377777777776
954	goal + feedback	57	650	-0.071827722222222265
954	goal + feedback	57	700	-0.081886507936508
954	goal + feedback	57	750	-0.1723382222222222
954	goal + feedback	57	800	-0.2237302222222223
954	goal + feedback	57	850	-0.2795440555555555
954	goal + feedback	57	900	-0.27386672222222236
954	goal + feedback	57	950	-0.30151405555555555
954	goal + feedback	57	1e3	-0.3411780555555555
954	goal + feedback	57	1050	-0.3341647222222222
954	goal + feedback	57	1100	-0.31786955555555557
954	goal + feedback	57	1150	-0.3290522222222223
954	goal + feedback	58	-200	-0.02324730952380971
954	goal + feedback	58	-150	0.13948385714285694
954	goal + feedback	58	-100	NA
954	goal + feedback	58	-50	NA
954	goal + feedback	58	0	NA
954	goal + feedback	58	50	NA
954	goal + feedback	58	100	NA
954	goal + feedback	58	150	NA
954	goal + feedback	58	200	NA
954	goal + feedback	58	250	NA
954	goal + feedback	58	300	-0.23909414285714314
954	goal + feedback	58	350	-0.10825814285714319
954	goal + feedback	58	400	-0.10422880952380982
954	goal + feedback	58	450	-0.01058214285714317
954	goal + feedback	58	500	0.11455685714285695
954	goal + feedback	58	550	0.10890769047619024
954	goal + feedback	58	600	0.07191919047619022
954	goal + feedback	58	650	0.03751752380952363
954	goal + feedback	58	700	-0.027260809523809753
954	goal + feedback	58	750	-0.03376330952380976
954	goal + feedback	58	800	-0.06194797619047643
954	goal + feedback	58	850	0.019913523809523603
954	goal + feedback	58	900	0.023658523809523564
954	goal + feedback	58	950	-0.06214964285714316
954	goal + feedback	58	1e3	-0.10097830952380978
954	goal + feedback	58	1050	-0.18335730952380977
954	goal + feedback	58	1100	-0.21314564285714308
954	goal + feedback	58	1150	-0.2521391428571431
954	goal + feedback	59	-200	-0.03017205529953929
954	goal + feedback	59	-150	-0.022169317204301302
954	goal + feedback	59	-100	0.013232849462365323
954	goal + feedback	59	-50	0.03504918279569883
954	goal + feedback	59	0	0.009088016129032095
954	goal + feedback	59	50	0.0011001827956987527
954	goal + feedback	59	100	-0.04179165053763456
954	goal + feedback	59	150	-0.055566483870967964
954	goal + feedback	59	200	-0.014459817204301265
954	goal + feedback	59	250	0.01814418279569881
954	goal + feedback	59	300	0.007283349462365418
954	goal + feedback	59	350	0.009968349462365541
954	goal + feedback	59	400	-0.018460483870967808
954	goal + feedback	59	450	-0.02850115053763454
954	goal + feedback	59	500	0.007962849462365437
954	goal + feedback	59	550	-0.02078815053763461
954	goal + feedback	59	600	0.008898682795698795
954	goal + feedback	59	650	-0.050250650537634556
954	goal + feedback	59	700	-0.1347756505376346
954	goal + feedback	59	750	-0.2652264838709679
954	goal + feedback	59	800	NA
954	goal + feedback	59	850	NA
954	goal + feedback	59	900	NA
954	goal + feedback	59	950	NA
954	goal + feedback	59	1e3	NA
954	goal + feedback	59	1050	NA
954	goal + feedback	59	1100	NA
954	goal + feedback	59	1150	NA
954	goal + feedback	60	-200	-0.07852136405529933
954	goal + feedback	60	-150	-0.03619843548387092
954	goal + feedback	60	-100	-0.0057884354838708685
954	goal + feedback	60	-50	0.0359502311827958
954	goal + feedback	60	0	0.09764489784946255
954	goal + feedback	60	50	0.14744456451612922
954	goal + feedback	60	100	0.18211873118279595
954	goal + feedback	60	150	0.23446723118279592
954	goal + feedback	60	200	0.24451106451612917
954	goal + feedback	60	250	0.2338948978494626
954	goal + feedback	60	300	0.1980715645161292
954	goal + feedback	60	350	0.165516731182796
954	goal + feedback	60	400	0.15513073118279586
954	goal + feedback	60	450	0.20107523118279583
954	goal + feedback	60	500	0.24187223118279588
954	goal + feedback	60	550	0.281669731182796
954	goal + feedback	60	600	0.29971089784946253
954	goal + feedback	60	650	0.3459977311827958
954	goal + feedback	60	700	0.31932639784946265
954	goal + feedback	60	750	0.28018406451612926
954	goal + feedback	60	800	NA
954	goal + feedback	60	850	NA
954	goal + feedback	60	900	NA
954	goal + feedback	60	950	-0.01943093548387087
954	goal + feedback	60	1e3	0.2411437311827959
954	goal + feedback	60	1050	0.3439697311827959
954	goal + feedback	60	1100	0.4117925645161293
954	goal + feedback	60	1150	0.4076617311827959
954	goal + feedback	61	-200	NA
954	goal + feedback	61	-150	NA
954	goal + feedback	61	-100	-0.25723730769230757
954	goal + feedback	61	-50	-0.04808647435897447
954	goal + feedback	61	0	0.09095935897435876
954	goal + feedback	61	50	0.14693902564102554
954	goal + feedback	61	100	0.13411569230769219
954	goal + feedback	61	150	0.15458019230769215
954	goal + feedback	61	200	0.18337802564102557
954	goal + feedback	61	250	0.2041441923076921
954	goal + feedback	61	300	0.14862152564102563
954	goal + feedback	61	350	0.11670919230769224
954	goal + feedback	61	400	0.1375116923076923
954	goal + feedback	61	450	0.14387435897435888
954	goal + feedback	61	500	0.19817852564102556
954	goal + feedback	61	550	0.24295719230769217
954	goal + feedback	61	600	0.3064505256410255
954	goal + feedback	61	650	0.3437978589743589
954	goal + feedback	61	700	0.36274652564102555
954	goal + feedback	61	750	0.3388641923076922
954	goal + feedback	61	800	0.27783729230769216
954	goal + feedback	61	850	NA
954	goal + feedback	61	900	NA
954	goal + feedback	61	950	NA
954	goal + feedback	61	1e3	NA
954	goal + feedback	61	1050	NA
954	goal + feedback	61	1100	0.35392769230769217
954	goal + feedback	61	1150	0.5703515494505493
954	goal + feedback	62	-200	-0.02733544239631312
954	goal + feedback	62	-150	1.0829569892497244e-4
954	goal + feedback	62	-100	2.9932903225819983e-4
954	goal + feedback	62	-50	-0.008594013824884592
954	goal + feedback	62	0	0.04155996236559164
954	goal + feedback	62	50	0.08083429569892504
954	goal + feedback	62	100	0.09025996236559168
954	goal + feedback	62	150	0.13699312903225827
954	goal + feedback	62	200	0.21101646236559168
954	goal + feedback	62	250	0.20080746236559163
954	goal + feedback	62	300	0.21846229569892497
954	goal + feedback	62	350	0.31468946236559164
954	goal + feedback	62	400	0.3116132956989251
954	goal + feedback	62	450	0.35639896236559165
954	goal + feedback	62	500	0.3447179623655916
954	goal + feedback	62	550	0.4218076290322583
954	goal + feedback	62	600	0.38657162903225833
954	goal + feedback	62	650	0.32193746236559173
954	goal + feedback	62	700	0.34373262903225826
954	goal + feedback	62	750	0.33474529569892497
954	goal + feedback	62	800	0.3713027956989248
954	goal + feedback	62	850	0.32821496236559167
954	goal + feedback	62	900	0.33632462903225835
954	goal + feedback	62	950	0.3267124623655917
954	goal + feedback	62	1e3	0.4234446290322584
954	goal + feedback	62	1050	0.44323229569892497
954	goal + feedback	62	1100	0.42386896236559174
954	goal + feedback	62	1150	0.4334259623655916
954	goal + feedback	63	-200	0.013569576036866149
954	goal + feedback	63	-150	-0.04318620967741952
954	goal + feedback	63	-100	-0.034005376344086326
954	goal + feedback	63	-50	0.008537956989247123
954	goal + feedback	63	0	0.05282245698924711
954	goal + feedback	63	50	0.046707790322580545
954	goal + feedback	63	100	0.04111229032258046
954	goal + feedback	63	150	-2.1904301075292842e-4
954	goal + feedback	63	200	-0.00925870967741956
954	goal + feedback	63	250	-0.0014372096774195597
954	goal + feedback	63	300	-0.012936876344086171
954	goal + feedback	63	350	-0.019240043010752956
954	goal + feedback	63	400	-0.030358209677419607
954	goal + feedback	63	450	2.526236559137196e-4
954	goal + feedback	63	500	0.018253456989247036
954	goal + feedback	63	550	0.033145456989247236
954	goal + feedback	63	600	0.04638245698924718
954	goal + feedback	63	650	0.03611262365591372
954	goal + feedback	63	700	0.06758979032258054
954	goal + feedback	63	750	0.08028212365591385
954	goal + feedback	63	800	0.06441304032258033
954	goal + feedback	63	850	NA
954	goal + feedback	63	900	NA
954	goal + feedback	63	950	-0.14948770967741953
954	goal + feedback	63	1e3	0.06281912365591376
954	goal + feedback	63	1050	0.056828290322580445
954	goal + feedback	63	1100	-0.08984550967741951
954	goal + feedback	63	1150	-0.17847110967741947
954	goal + feedback	64	-200	-0.19143677777777812
954	goal + feedback	64	-150	NA
954	goal + feedback	64	-100	NA
954	goal + feedback	64	-50	-0.18489727777777776
954	goal + feedback	64	0	0.09353855555555546
954	goal + feedback	64	50	0.17600738888888875
954	goal + feedback	64	100	0.26403405555555537
954	goal + feedback	64	150	0.29132555555555545
954	goal + feedback	64	200	0.3342080555555554
954	goal + feedback	64	250	0.341153222222222
954	goal + feedback	64	300	0.32821488888888867
954	goal + feedback	64	350	0.3760650555555554
954	goal + feedback	64	400	0.3871290555555554
954	goal + feedback	64	450	0.3588787222222221
954	goal + feedback	64	500	0.42474172222222206
954	goal + feedback	64	550	0.4572707222222221
954	goal + feedback	64	600	0.43140738888888874
954	goal + feedback	64	650	0.44575838888888875
954	goal + feedback	64	700	0.45068605555555535
954	goal + feedback	64	750	0.3735490555555554
954	goal + feedback	64	800	0.3016497936507934
954	goal + feedback	64	850	0.292559722222222
954	goal + feedback	64	900	0.24815588888888876
954	goal + feedback	64	950	0.11663622222222206
954	goal + feedback	64	1e3	NA
954	goal + feedback	64	1050	NA
954	goal + feedback	64	1100	NA
954	goal + feedback	64	1150	NA
954	goal + feedback	65	-200	-0.026289200000000273
954	goal + feedback	65	-150	-0.015433533333333527
954	goal + feedback	65	-100	0.022877966666666454
954	goal + feedback	65	-50	0.01641513333333311
954	goal + feedback	65	0	0.0024296333333331255
954	goal + feedback	65	50	-0.016743200000000142
954	goal + feedback	65	100	-0.03144420000000022
954	goal + feedback	65	150	-0.01422070000000016
954	goal + feedback	65	200	0.01992113333333319
954	goal + feedback	65	250	0.025814133333333118
954	goal + feedback	65	300	0.024278133333333212
954	goal + feedback	65	350	0.024901299999999793
954	goal + feedback	65	400	0.037806299999999814
954	goal + feedback	65	450	0.0417997999999998
954	goal + feedback	65	500	0.048652799999999795
954	goal + feedback	65	550	0.07301613333333316
954	goal + feedback	65	600	0.05669313333333322
954	goal + feedback	65	650	0.031158204761904593
954	goal + feedback	65	700	-0.003598033333333565
954	goal + feedback	65	750	-0.03701570000000013
954	goal + feedback	65	800	-0.07808620000000037
954	goal + feedback	65	850	-0.10335086666666686
954	goal + feedback	65	900	-0.11886236666666683
954	goal + feedback	65	950	-0.14342453333333358
954	goal + feedback	65	1e3	-0.11095470000000025
954	goal + feedback	65	1050	-0.09929803333333354
954	goal + feedback	65	1100	-0.07870686666666682
954	goal + feedback	65	1150	-0.06294770000000012
954	goal + feedback	66	-200	-0.015943880184331682
954	goal + feedback	66	-150	-0.0014899516129032915
954	goal + feedback	66	-100	0.015217715053763495
954	goal + feedback	66	-50	0.013181881720430185
954	goal + feedback	66	0	-0.008308451612903278
954	goal + feedback	66	50	0.010964881720430197
954	goal + feedback	66	100	-0.0036886516129031044
954	goal + feedback	66	150	NA
954	goal + feedback	66	200	NA
954	goal + feedback	66	250	NA
954	goal + feedback	66	300	NA
954	goal + feedback	66	350	-0.10372045161290311
954	goal + feedback	66	400	0.06324088172043012
954	goal + feedback	66	450	0.1614248817204301
954	goal + feedback	66	500	0.2063788817204301
954	goal + feedback	66	550	0.23796038172043002
954	goal + feedback	66	600	0.25356854838709686
954	goal + feedback	66	650	0.25362554838709683
954	goal + feedback	66	700	0.21866121505376354
954	goal + feedback	66	750	0.14588604838709687
954	goal + feedback	66	800	0.07834904838709685
954	goal + feedback	66	850	-0.0022132849462364788
954	goal + feedback	66	900	-0.07440645161290312
954	goal + feedback	66	950	-0.07799361827956981
954	goal + feedback	66	1e3	-0.10795378494623642
954	goal + feedback	66	1050	-0.07205361827956984
954	goal + feedback	66	1100	-0.2045912849462365
954	goal + feedback	66	1150	-0.19492211827956987
954	goal + feedback	67	-200	-0.1242501111111111
954	goal + feedback	67	-150	0.023396222222222225
954	goal + feedback	67	-100	0.036987888888888897
954	goal + feedback	67	-50	-0.017055777777777854
954	goal + feedback	67	0	0.01879672222222221
954	goal + feedback	67	50	0.030000222222222133
954	goal + feedback	67	100	0.06568355555555556
954	goal + feedback	67	150	0.07646255555555544
954	goal + feedback	67	200	0.04864788888888897
954	goal + feedback	67	250	0.01959022222222225
954	goal + feedback	67	300	0.03186222222222216
954	goal + feedback	67	350	0.0447292222222222
954	goal + feedback	67	400	0.02433805555555561
954	goal + feedback	67	450	0.02628805555555558
954	goal + feedback	67	500	0.05623988888888887
954	goal + feedback	67	550	0.09956205555555549
954	goal + feedback	67	600	0.10037122222222217
954	goal + feedback	67	650	0.10949205555555548
954	goal + feedback	67	700	0.07556588888888889
954	goal + feedback	67	750	0.0899460555555555
954	goal + feedback	67	800	0.056289722222222206
954	goal + feedback	67	850	0.03524255555555548
954	goal + feedback	67	900	0.04829172222222219
954	goal + feedback	67	950	0.04789105555555562
954	goal + feedback	67	1e3	0.0675655555555555
954	goal + feedback	67	1050	0.0843188888888889
954	goal + feedback	67	1100	0.12247205555555547
954	goal + feedback	67	1150	0.1410093888888889
954	goal + feedback	68	-200	-0.024845105990783396
954	goal + feedback	68	-150	-0.024227344086021303
954	goal + feedback	68	-100	-0.00645867741935476
954	goal + feedback	68	-50	0.015597489247312005
954	goal + feedback	68	0	0.04407448924731202
954	goal + feedback	68	50	0.05167298924731193
954	goal + feedback	68	100	0.05729348924731189
954	goal + feedback	68	150	0.07263065591397859
954	goal + feedback	68	200	0.11221782258064524
954	goal + feedback	68	250	0.19052015591397856
954	goal + feedback	68	300	0.19843048924731196
954	goal + feedback	68	350	0.21287115591397857
954	goal + feedback	68	400	0.23354398924731204
954	goal + feedback	68	450	0.22285798924731193
954	goal + feedback	68	500	0.1812233225806453
954	goal + feedback	68	550	0.09527215591397864
954	goal + feedback	68	600	0.01581015591397857
954	goal + feedback	68	650	-0.0712695107526881
954	goal + feedback	68	700	-0.1886170107526881
954	goal + feedback	68	750	-0.26889451075268805
954	goal + feedback	68	800	-0.32509234408602145
954	goal + feedback	68	850	-0.32219267741935487
954	goal + feedback	68	900	-0.37996234408602136
954	goal + feedback	68	950	-0.3703191774193548
954	goal + feedback	68	1e3	-0.3652993440860215
954	goal + feedback	68	1050	-0.36034784408602133
954	goal + feedback	68	1100	-0.359130010752688
954	goal + feedback	68	1150	-0.35665201075268804
954	goal + feedback	69	-200	NA
954	goal + feedback	69	-150	NA
954	goal + feedback	69	-100	-0.3382541999999997
954	goal + feedback	69	-50	0.019282300000000085
954	goal + feedback	69	0	0.052225000000000146
954	goal + feedback	69	50	-0.1195239142857141
954	goal + feedback	69	100	-0.07056253333333322
954	goal + feedback	69	150	-0.04311186666666648
954	goal + feedback	69	200	-0.03623269999999993
954	goal + feedback	69	250	-0.023128033333333315
954	goal + feedback	69	300	-0.040684199999999913
954	goal + feedback	69	350	-0.12241353333333323
954	goal + feedback	69	400	-0.10721786666666662
954	goal + feedback	69	450	-0.11472719999999977
954	goal + feedback	69	500	-0.15456919999999985
954	goal + feedback	69	550	-0.09889586666666646
954	goal + feedback	69	600	-0.14489669999999988
954	goal + feedback	69	650	-0.20963636666666652
954	goal + feedback	69	700	-0.27054169999999994
954	goal + feedback	69	750	-0.3094288666666665
954	goal + feedback	69	800	-0.26078719999999994
954	goal + feedback	69	850	-0.3312890333333332
954	goal + feedback	69	900	-0.3872693666666666
954	goal + feedback	69	950	-0.3963688666666665
954	goal + feedback	69	1e3	-0.4165901999999999
954	goal + feedback	69	1050	-0.41307186666666657
954	goal + feedback	69	1100	-0.42671753333333323
954	goal + feedback	69	1150	-0.4061268666666664
954	goal + feedback	70	-200	-0.00412459907834111
954	goal + feedback	70	-150	-0.002345908602150596
954	goal + feedback	70	-100	-0.002515408602150604
954	goal + feedback	70	-50	3.91758064516079e-4
954	goal + feedback	70	0	0.009281591397849379
954	goal + feedback	70	50	0.01932975806451605
954	goal + feedback	70	100	0.022431758064516066
954	goal + feedback	70	150	0.01855625806451607
954	goal + feedback	70	200	0.04043059139784955
954	goal + feedback	70	250	0.04555375806451608
954	goal + feedback	70	300	0.06534042473118278
954	goal + feedback	70	350	0.06704559139784938
954	goal + feedback	70	400	0.07515909139784933
954	goal + feedback	70	450	0.09409242473118273
954	goal + feedback	70	500	0.11262059139784937
954	goal + feedback	70	550	0.10965759139784947
954	goal + feedback	70	600	0.06003175806451614
954	goal + feedback	70	650	-0.03278474193548386
954	goal + feedback	70	700	-0.14548807526881716
954	goal + feedback	70	750	-0.15460074193548387
954	goal + feedback	70	800	-0.2100462419354839
954	goal + feedback	70	850	-0.2485340752688172
954	goal + feedback	70	900	-0.297190241935484
954	goal + feedback	70	950	-0.3291417419354839
954	goal + feedback	70	1e3	-0.39636057526881724
954	goal + feedback	70	1050	-0.3849200752688173
954	goal + feedback	70	1100	-0.40896624193548387
954	goal + feedback	70	1150	-0.43703374193548394
954	goal + feedback	71	-200	2.0696666666664143e-4
954	goal + feedback	71	-150	-0.0011780333333333282
954	goal + feedback	71	-100	-0.0026005333333335066
954	goal + feedback	71	-50	0.006513966666666556
954	goal + feedback	71	0	-0.002942366666666807
954	goal + feedback	71	50	0.02402963333333341
954	goal + feedback	71	100	0.04449679999999997
954	goal + feedback	71	150	0.04638796666666659
954	goal + feedback	71	200	0.04836363333333319
954	goal + feedback	71	250	0.06705563333333349
954	goal + feedback	71	300	0.07788046666666644
954	goal + feedback	71	350	0.07466296666666657
954	goal + feedback	71	400	0.0845104666666668
954	goal + feedback	71	450	0.06970460952380961
954	goal + feedback	71	500	0.0960186666666667
954	goal + feedback	71	550	0.11569418095238085
954	goal + feedback	71	600	0.10749013333333328
954	goal + feedback	71	650	0.09782863333333314
954	goal + feedback	71	700	0.03502663333333341
954	goal + feedback	71	750	-0.0300793666666667
954	goal + feedback	71	800	-0.11923053333333344
954	goal + feedback	71	850	-0.1773528666666667
954	goal + feedback	71	900	-0.26941003333333335
954	goal + feedback	71	950	-0.32901286666666674
954	goal + feedback	71	1e3	-0.4083930333333334
954	goal + feedback	71	1050	-0.45345070000000004
954	goal + feedback	71	1100	-0.49281253333333347
954	goal + feedback	71	1150	-0.5603657000000001
954	goal + feedback	72	-200	-0.02112006666666681
954	goal + feedback	72	-150	-0.0445662333333335
954	goal + feedback	72	-100	0.08482243333333317
954	goal + feedback	72	-50	0.08249576666666643
954	goal + feedback	72	0	-0.10163190000000018
954	goal + feedback	72	50	NA
954	goal + feedback	72	100	NA
954	goal + feedback	72	150	NA
954	goal + feedback	72	200	NA
954	goal + feedback	72	250	NA
954	goal + feedback	72	300	-0.3350329000000003
954	goal + feedback	72	350	-0.12498873333333349
954	goal + feedback	72	400	-0.16071790000000025
954	goal + feedback	72	450	-0.2533694000000002
954	goal + feedback	72	500	-0.3959150666666669
954	goal + feedback	72	550	-0.43987223333333353
954	goal + feedback	72	600	-0.4470752333333336
954	goal + feedback	72	650	-0.48996090000000025
954	goal + feedback	72	700	-0.5237977333333336
954	goal + feedback	72	750	-0.5846019000000001
954	goal + feedback	72	800	-0.6476250666666669
954	goal + feedback	72	850	-0.7022130666666669
954	goal + feedback	72	900	-0.8152694000000001
954	goal + feedback	72	950	-0.8301610666666669
954	goal + feedback	72	1e3	-0.8335892333333335
954	goal + feedback	72	1050	-0.9225160666666667
954	goal + feedback	72	1100	-0.9439805666666669
954	goal + feedback	72	1150	-0.9750739000000003
954	goal + feedback	73	-200	0.04940941142857128
954	goal + feedback	73	-150	0.0275386733333333
954	goal + feedback	73	-100	-0.01864649333333353
954	goal + feedback	73	-50	-0.06653649333333352
954	goal + feedback	73	0	NA
954	goal + feedback	73	50	NA
954	goal + feedback	73	100	NA
954	goal + feedback	73	150	NA
954	goal + feedback	73	200	NA
954	goal + feedback	73	250	-0.17105666000000008
954	goal + feedback	73	300	0.04847233999999986
954	goal + feedback	73	350	0.07554800666666657
954	goal + feedback	73	400	0.07669083999999986
954	goal + feedback	73	450	0.1353571733333332
954	goal + feedback	73	500	0.1296530066666665
954	goal + feedback	73	550	0.20506583999999983
954	goal + feedback	73	600	0.20185517333333322
954	goal + feedback	73	650	0.17117633999999984
954	goal + feedback	73	700	0.17256200666666657
954	goal + feedback	73	750	0.17489867333333323
954	goal + feedback	73	800	0.15119150666666648
954	goal + feedback	73	850	0.08809367333333329
954	goal + feedback	73	900	-0.014861160000000151
954	goal + feedback	73	950	NA
954	goal + feedback	73	1e3	NA
954	goal + feedback	73	1050	NA
954	goal + feedback	73	1100	NA
954	goal + feedback	73	1150	NA
954	goal + feedback	74	-200	NA
954	goal + feedback	74	-150	NA
954	goal + feedback	74	-100	NA
954	goal + feedback	74	-50	-0.1821136000000001
954	goal + feedback	74	0	0.04552839999999991
954	goal + feedback	74	50	0.08645539999999989
954	goal + feedback	74	100	0.11086173333333312
954	goal + feedback	74	150	0.12689323333333324
954	goal + feedback	74	200	0.10524439999999984
954	goal + feedback	74	250	0.11859156666666652
954	goal + feedback	74	300	0.08720489999999999
954	goal + feedback	74	350	0.0992198999999998
954	goal + feedback	74	400	0.0780862333333332
954	goal + feedback	74	450	0.10669089999999981
954	goal + feedback	74	500	0.09414339999999988
954	goal + feedback	74	550	0.1370260666666665
954	goal + feedback	74	600	0.14600073333333322
954	goal + feedback	74	650	0.1300087333333332
954	goal + feedback	74	700	0.09942239999999998
954	goal + feedback	74	750	0.11264523333333314
954	goal + feedback	74	800	0.08784123333333323
954	goal + feedback	74	850	0.08209939999999971
954	goal + feedback	74	900	0.07637056666666653
954	goal + feedback	74	950	0.03633106666666652
954	goal + feedback	74	1e3	0.022163899999999792
954	goal + feedback	74	1050	0.049287899999999864
954	goal + feedback	74	1100	0.03855956666666649
954	goal + feedback	74	1150	0.029294566666666483
954	goal + feedback	75	-200	-0.06783886666666657
954	goal + feedback	75	-150	-0.03951869999999991
954	goal + feedback	75	-100	0.006189966666666787
954	goal + feedback	75	-50	0.030971466666666725
954	goal + feedback	75	0	0.07019613333333348
954	goal + feedback	75	50	0.11622930000000009
954	goal + feedback	75	100	0.10184413333333353
954	goal + feedback	75	150	0.1302806333333336
954	goal + feedback	75	200	0.1639522761904763
954	goal + feedback	75	250	0.2623277333333335
954	goal + feedback	75	300	0.27644613333333345
954	goal + feedback	75	350	0.24523730000000019
954	goal + feedback	75	400	0.23956913333333343
954	goal + feedback	75	450	0.34438273333333347
954	goal + feedback	75	500	0.40100396666666677
954	goal + feedback	75	550	0.42391530000000016
954	goal + feedback	75	600	0.41863280000000014
954	goal + feedback	75	650	0.4223899904761906
954	goal + feedback	75	700	0.3665874666666668
954	goal + feedback	75	750	0.20972996666666677
954	goal + feedback	75	800	0.16095330000000016
954	goal + feedback	75	850	0.08627213333333346
954	goal + feedback	75	900	0.03022430000000013
954	goal + feedback	75	950	0.006498133333333526
954	goal + feedback	75	1e3	-0.028703699999999888
954	goal + feedback	75	1050	-0.03495903333333324
954	goal + feedback	75	1100	-0.014176366666666626
954	goal + feedback	75	1150	-0.03064836666666652
954	goal + feedback	76	-200	0.04706366666666654
954	goal + feedback	76	-150	0.028894499999999823
954	goal + feedback	76	-100	0.01274916666666659
954	goal + feedback	76	-50	-0.04340333333333346
954	goal + feedback	76	0	-0.04530400000000001
954	goal + feedback	76	50	-0.042501833333333496
954	goal + feedback	76	100	-0.03996316666666688
954	goal + feedback	76	150	-0.036080666666666796
954	goal + feedback	76	200	0.0029448333333332113
954	goal + feedback	76	250	0.0067138333333332705
954	goal + feedback	76	300	-0.001946833333333453
954	goal + feedback	76	350	-0.02449183333333349
954	goal + feedback	76	400	-0.0708496666666667
954	goal + feedback	76	450	-0.06370050000000009
954	goal + feedback	76	500	0.007755666666666568
954	goal + feedback	76	550	0.06708307142857141
954	goal + feedback	76	600	0.09706169999999989
954	goal + feedback	76	650	0.09002083333333322
954	goal + feedback	76	700	0.08602266666666643
954	goal + feedback	76	750	0.055347999999999876
954	goal + feedback	76	800	0.06741964285714275
954	goal + feedback	76	850	0.040235166666666565
954	goal + feedback	76	900	0.06006883333333324
954	goal + feedback	76	950	0.07261299999999989
954	goal + feedback	76	1e3	0.0692604999999998
954	goal + feedback	76	1050	0.05599266666666658
954	goal + feedback	76	1100	0.019995666666666596
954	goal + feedback	76	1150	0.0307239999999999
954	goal + feedback	77	-200	-0.022158419354838785
954	goal + feedback	77	-150	0.009153413978494562
954	goal + feedback	77	-100	0.022121247311827814
954	goal + feedback	77	-50	-0.005301586021505471
954	goal + feedback	77	0	-1.2158602150543392e-4
954	goal + feedback	77	50	0.01594774731182791
954	goal + feedback	77	100	-0.010938586021505511
954	goal + feedback	77	150	0.02003341397849449
954	goal + feedback	77	200	0.0033272473118278376
954	goal + feedback	77	250	0.009376580645161189
954	goal + feedback	77	300	-0.006185919354838809
954	goal + feedback	77	350	-0.018751919354838813
954	goal + feedback	77	400	0.04581674731182783
954	goal + feedback	77	450	0.0226020806451613
954	goal + feedback	77	500	0.1204612473118279
954	goal + feedback	77	550	0.17047524731182792
954	goal + feedback	77	600	0.19553391397849448
954	goal + feedback	77	650	0.14575008064516118
954	goal + feedback	77	700	0.12042224731182793
954	goal + feedback	77	750	-0.0029710860215053834
954	goal + feedback	77	800	-0.03221425268817205
954	goal + feedback	77	850	-0.058599752688172156
954	goal + feedback	77	900	-0.09663841935483879
954	goal + feedback	77	950	-0.11863741935483874
954	goal + feedback	77	1e3	-0.1426057526881722
954	goal + feedback	77	1050	-0.14276458602150552
954	goal + feedback	77	1100	-0.17073741935483877
954	goal + feedback	77	1150	-0.17094475268817208
954	goal + feedback	78	-200	0.02074859907834086
954	goal + feedback	78	-150	0.0022205752688170635
954	goal + feedback	78	-100	0.010410908602150437
954	goal + feedback	78	-50	-0.00946942473118284
954	goal + feedback	78	0	-0.02736875806451618
954	goal + feedback	78	50	-0.022985424731182997
954	goal + feedback	78	100	-0.04699692473118285
954	goal + feedback	78	150	-0.0761540913978495
954	goal + feedback	78	200	-0.09728909139784962
954	goal + feedback	78	250	-0.11283475806451622
954	goal + feedback	78	300	-0.1311060913978496
954	goal + feedback	78	350	-0.1669090913978494
954	goal + feedback	78	400	-0.1661600913978495
954	goal + feedback	78	450	-0.15461209139784957
954	goal + feedback	78	500	-0.06804325806451612
954	goal + feedback	78	550	-0.06223725806451622
954	goal + feedback	78	600	-0.05528692473118283
954	goal + feedback	78	650	-0.027436591397849597
954	goal + feedback	78	700	NA
954	goal + feedback	78	750	NA
954	goal + feedback	78	800	NA
954	goal + feedback	78	850	-0.2874132580645162
954	goal + feedback	78	900	-0.12015842473118295
954	goal + feedback	78	950	-0.0930912580645163
954	goal + feedback	78	1e3	-0.30697709139784957
954	goal + feedback	78	1050	-0.36057509139784955
954	goal + feedback	78	1100	-0.35918992473118294
954	goal + feedback	78	1150	-0.32047709139784947
954	goal + feedback	79	-200	NA
954	goal + feedback	79	-150	NA
954	goal + feedback	79	-100	NA
954	goal + feedback	79	-50	NA
954	goal + feedback	79	0	NA
954	goal + feedback	79	50	NA
954	goal + feedback	79	100	NA
954	goal + feedback	79	150	NA
954	goal + feedback	79	200	NA
954	goal + feedback	79	250	NA
954	goal + feedback	79	300	NA
954	goal + feedback	79	350	NA
954	goal + feedback	79	400	NA
954	goal + feedback	79	450	NA
954	goal + feedback	79	500	NA
954	goal + feedback	79	550	NA
954	goal + feedback	79	600	NA
954	goal + feedback	79	650	NA
954	goal + feedback	79	700	NA
954	goal + feedback	79	750	NA
954	goal + feedback	79	800	NA
954	goal + feedback	79	850	NA
954	goal + feedback	79	900	NA
954	goal + feedback	79	950	NA
954	goal + feedback	79	1e3	NA
954	goal + feedback	79	1050	NA
954	goal + feedback	79	1100	NA
954	goal + feedback	79	1150	NA
954	goal + feedback	80	-200	NA
954	goal + feedback	80	-150	NA
954	goal + feedback	80	-100	NA
954	goal + feedback	80	-50	NA
954	goal + feedback	80	0	NA
954	goal + feedback	80	50	NA
954	goal + feedback	80	100	NA
954	goal + feedback	80	150	NA
954	goal + feedback	80	200	NA
954	goal + feedback	80	250	NA
954	goal + feedback	80	300	NA
954	goal + feedback	80	350	NA
954	goal + feedback	80	400	NA
954	goal + feedback	80	450	NA
954	goal + feedback	80	500	NA
954	goal + feedback	80	550	NA
954	goal + feedback	80	600	NA
954	goal + feedback	80	650	NA
954	goal + feedback	80	700	NA
954	goal + feedback	80	750	NA
954	goal + feedback	80	800	NA
954	goal + feedback	80	850	NA
954	goal + feedback	80	900	NA
954	goal + feedback	80	950	NA
954	goal + feedback	80	1e3	NA
954	goal + feedback	80	1050	NA
954	goal + feedback	80	1100	NA
954	goal + feedback	80	1150	NA
954	goal + feedback	81	-200	NA
954	goal + feedback	81	-150	NA
954	goal + feedback	81	-100	NA
954	goal + feedback	81	-50	NA
954	goal + feedback	81	0	0
954	goal + feedback	81	50	0.10326224999999978
954	goal + feedback	81	100	0.014512999999999998
954	goal + feedback	81	150	-0.813577
954	goal + feedback	81	200	NA
954	goal + feedback	81	250	NA
954	goal + feedback	81	300	NA
954	goal + feedback	81	350	NA
954	goal + feedback	81	400	0.35480449999999997
954	goal + feedback	81	450	0.4238267999999999
954	goal + feedback	81	500	0.3510221999999999
954	goal + feedback	81	550	NA
954	goal + feedback	81	600	NA
954	goal + feedback	81	650	NA
954	goal + feedback	81	700	-0.6975360000000004
954	goal + feedback	81	750	0.30620285714285694
954	goal + feedback	81	800	0.3338027999999998
954	goal + feedback	81	850	0.4014401666666665
954	goal + feedback	81	900	0.42671083333333315
954	goal + feedback	81	950	0.48529116666666655
954	goal + feedback	81	1e3	0.4461614999999998
954	goal + feedback	81	1050	0.37959516666666654
954	goal + feedback	81	1100	0.3106441666666664
954	goal + feedback	81	1150	0.21654699999999974
954	goal + feedback	82	-200	0.008133500000000016
954	goal + feedback	82	-150	-0.00813350000000009
954	goal + feedback	82	-100	NA
954	goal + feedback	82	-50	NA
954	goal + feedback	82	0	NA
954	goal + feedback	82	50	NA
954	goal + feedback	82	100	NA
954	goal + feedback	82	150	-0.05238183333333346
954	goal + feedback	82	200	-0.0964296666666667
954	goal + feedback	82	250	-0.08943066666666673
954	goal + feedback	82	300	-0.09442066666666671
954	goal + feedback	82	350	-0.033513666666666664
954	goal + feedback	82	400	-0.003766166666666774
954	goal + feedback	82	450	0.0020049999999999604
954	goal + feedback	82	500	-0.04881966666666663
954	goal + feedback	82	550	-0.03406333333333341
954	goal + feedback	82	600	-0.03245766666666672
954	goal + feedback	82	650	0.007442666666666635
954	goal + feedback	82	700	0.022910666666666673
954	goal + feedback	82	750	-0.019712333333333405
954	goal + feedback	82	800	-0.040226000000000095
954	goal + feedback	82	850	-0.04950433333333337
954	goal + feedback	82	900	NA
954	goal + feedback	82	950	NA
954	goal + feedback	82	1e3	NA
954	goal + feedback	82	1050	NA
954	goal + feedback	82	1100	NA
954	goal + feedback	82	1150	-0.11929433333333339
954	goal + feedback	83	-200	NA
954	goal + feedback	83	-150	NA
954	goal + feedback	83	-100	NA
954	goal + feedback	83	-50	-0.05581275000000008
954	goal + feedback	83	0	0.01860424999999995
954	goal + feedback	83	50	0.00955553571428577
954	goal + feedback	83	100	0.05751241666666659
954	goal + feedback	83	150	0.08287074999999988
954	goal + feedback	83	200	NA
954	goal + feedback	83	250	NA
954	goal + feedback	83	300	NA
954	goal + feedback	83	350	0.06276241666666664
954	goal + feedback	83	400	-0.020771749999999978
954	goal + feedback	83	450	-0.08179558333333332
954	goal + feedback	83	500	-0.01575515000000003
954	goal + feedback	83	550	-0.014681035714285695
954	goal + feedback	83	600	-0.016870583333333355
954	goal + feedback	83	650	0.023499416666666734
954	goal + feedback	83	700	-0.007779083333333325
954	goal + feedback	83	750	-0.052533749999999935
954	goal + feedback	83	800	-0.20447075000000003
954	goal + feedback	83	850	-0.1753832500000001
954	goal + feedback	83	900	NA
954	goal + feedback	83	950	NA
954	goal + feedback	83	1e3	NA
954	goal + feedback	83	1050	NA
954	goal + feedback	83	1100	NA
954	goal + feedback	83	1150	NA
954	goal + feedback	84	-200	-0.029759492063492172
954	goal + feedback	84	-150	-0.022322777777777986
954	goal + feedback	84	-100	-0.019652777777777963
954	goal + feedback	84	-50	0.04628105555555543
954	goal + feedback	84	0	0.09124172222222215
954	goal + feedback	84	50	NA
954	goal + feedback	84	100	NA
954	goal + feedback	84	150	-0.14020177777777798
954	goal + feedback	84	200	0.15591438888888876
954	goal + feedback	84	250	0.29260155555555545
954	goal + feedback	84	300	0.34330072222222213
954	goal + feedback	84	350	0.3772092222222221
954	goal + feedback	84	400	0.3920533888888888
954	goal + feedback	84	450	0.37905005555555543
954	goal + feedback	84	500	0.3855893888888888
954	goal + feedback	84	550	0.32775682222222213
954	goal + feedback	84	600	0.25964088888888875
954	goal + feedback	84	650	0.2233047222222221
954	goal + feedback	84	700	0.23292288888888887
954	goal + feedback	84	750	0.22932155555555545
954	goal + feedback	84	800	0.07236288888888882
954	goal + feedback	84	850	0.01604138888888884
954	goal + feedback	84	900	-0.05894144444444457
954	goal + feedback	84	950	-0.03564077777777793
954	goal + feedback	84	1e3	-0.1970957777777779
954	goal + feedback	84	1050	-0.2649967777777779
954	goal + feedback	84	1100	-0.3184311111111111
954	goal + feedback	84	1150	-0.28389844444444456
954	goal + feedback	85	-200	-0.008448373271889156
954	goal + feedback	85	-150	-0.007712016129031977
954	goal + feedback	85	-100	-1.0901612903209863e-4
954	goal + feedback	85	-50	0.01894448387096796
954	goal + feedback	85	0	-0.001267016129032091
954	goal + feedback	85	50	0.047683817204301336
954	goal + feedback	85	100	0.01381565053763456
954	goal + feedback	85	150	0.025577483870967994
954	goal + feedback	85	200	0.017180150537634702
954	goal + feedback	85	250	0.04061498387096788
954	goal + feedback	85	300	0.015478483870967988
954	goal + feedback	85	350	0.014783650537634566
954	goal + feedback	85	400	-0.002598349462365368
954	goal + feedback	85	450	0.0061436505376346595
954	goal + feedback	85	500	0.015430317204301325
954	goal + feedback	85	550	0.018677483870967942
954	goal + feedback	85	600	0.07317548387096802
954	goal + feedback	85	650	0.028026483870967994
954	goal + feedback	85	700	0.10140281720430118
954	goal + feedback	85	750	0.06873065053763476
954	goal + feedback	85	800	0.09395298387096807
954	goal + feedback	85	850	0.16372148387096797
954	goal + feedback	85	900	NA
954	goal + feedback	85	950	NA
954	goal + feedback	85	1e3	NA
954	goal + feedback	85	1050	-0.175915516129032
954	goal + feedback	85	1100	0.18425248387096793
954	goal + feedback	85	1150	0.12408398387096797
954	goal + feedback	86	-200	0.04832300460829491
954	goal + feedback	86	-150	0.03152445698924714
954	goal + feedback	86	-100	-0.005385876344086086
954	goal + feedback	86	-50	-0.04240570967741945
954	goal + feedback	86	0	-0.040109709677419524
954	goal + feedback	86	50	0.01492112365591384
954	goal + feedback	86	100	0.02292862365591386
954	goal + feedback	86	150	-0.0017050430107528047
954	goal + feedback	86	200	-0.012410043010752844
954	goal + feedback	86	250	-0.04841887634408611
954	goal + feedback	86	300	-0.09452370967741948
954	goal + feedback	86	350	-0.13646887634408614
954	goal + feedback	86	400	-0.14858804301075276
954	goal + feedback	86	450	-0.08154054301075275
954	goal + feedback	86	500	-0.04396037634408619
954	goal + feedback	86	550	0.004660123655913913
954	goal + feedback	86	600	0.025523290322580532
954	goal + feedback	86	650	0.027332123655913938
954	goal + feedback	86	700	-0.012653543010752758
954	goal + feedback	86	750	-0.1581927096774196
954	goal + feedback	86	800	NA
954	goal + feedback	86	850	NA
954	goal + feedback	86	900	NA
954	goal + feedback	86	950	-0.20924650967741956
954	goal + feedback	86	1e3	-0.1847477096774194
954	goal + feedback	86	1050	-0.19028520967741946
954	goal + feedback	86	1100	-0.1367852096774195
954	goal + feedback	86	1150	-0.0866478763440861
954	goal + feedback	87	-200	-0.024095483870967715
954	goal + feedback	87	-150	0.00923618279569897
954	goal + feedback	87	-100	-0.005885983870967652
954	goal + feedback	87	-50	0.014821516129032375
954	goal + feedback	87	0	0.009939682795698937
954	goal + feedback	87	50	-0.002091483870967729
954	goal + feedback	87	100	0.0033325161290322924
954	goal + feedback	87	150	-0.03242315053763437
954	goal + feedback	87	200	-0.10969565053763437
954	goal + feedback	87	250	-0.13866765053763438
954	goal + feedback	87	300	-0.14449848387096767
954	goal + feedback	87	350	-0.151321317204301
954	goal + feedback	87	400	-0.1600746505376344
954	goal + feedback	87	450	-0.15700198387096775
954	goal + feedback	87	500	-0.08936015053763431
954	goal + feedback	87	550	-0.0733156505376343
954	goal + feedback	87	600	-0.06607881720430098
954	goal + feedback	87	650	-0.04549615053763434
954	goal + feedback	87	700	-0.07110248387096767
954	goal + feedback	87	750	-0.0743449838709677
954	goal + feedback	87	800	-0.09327681720430096
954	goal + feedback	87	850	-0.09493715053763425
954	goal + feedback	87	900	-0.052867483870967735
954	goal + feedback	87	950	-0.03882615053763431
954	goal + feedback	87	1e3	-0.06877181720430103
954	goal + feedback	87	1050	-0.08479681720430099
954	goal + feedback	87	1100	-0.14562828387096757
954	goal + feedback	87	1150	NA
954	goal + feedback	88	-200	-0.016941811059907712
954	goal + feedback	88	-150	-0.0027822634408600777
954	goal + feedback	88	-100	0.0046464032258063765
954	goal + feedback	88	-50	0.005053069892473043
954	goal + feedback	88	0	0.012848236559139655
954	goal + feedback	88	50	0.03598856989247334
954	goal + feedback	88	100	0.04362656989247323
954	goal + feedback	88	150	0.04610790322580671
954	goal + feedback	88	200	0.07854740322580629
954	goal + feedback	88	250	0.1457927365591399
954	goal + feedback	88	300	0.12335823655913991
954	goal + feedback	88	350	0.1164565698924734
954	goal + feedback	88	400	0.08091956989247324
954	goal + feedback	88	450	-0.008317763440860215
954	goal + feedback	88	500	-0.12520809677419345
954	goal + feedback	88	550	-0.3182880967741934
954	goal + feedback	88	600	-0.46201909677419345
954	goal + feedback	88	650	-0.6156190967741935
954	goal + feedback	88	700	-0.7332789301075268
954	goal + feedback	88	750	-0.7995400967741935
954	goal + feedback	88	800	NA
954	goal + feedback	88	850	NA
954	goal + feedback	88	900	-1.0680644301075268
954	goal + feedback	88	950	-0.9244127634408601
954	goal + feedback	88	1e3	-0.9280135967741935
954	goal + feedback	88	1050	-0.9241934301075269
954	goal + feedback	88	1100	-0.9114609301075268
954	goal + feedback	88	1150	-0.9194474301075267
954	goal + feedback	89	-200	0.06102403686635961
954	goal + feedback	89	-150	0.022753489247311947
954	goal + feedback	89	-100	0.0060313225806451305
954	goal + feedback	89	-50	-0.01151217741935473
954	goal + feedback	89	0	-0.08846734408602137
954	goal + feedback	89	50	-0.06969467741935498
954	goal + feedback	89	100	NA
954	goal + feedback	89	150	NA
954	goal + feedback	89	200	NA
954	goal + feedback	89	250	NA
954	goal + feedback	89	300	-0.14711367741935488
954	goal + feedback	89	350	-0.0883636774193548
954	goal + feedback	89	400	-0.06414517741935481
954	goal + feedback	89	450	0.013282655913978555
954	goal + feedback	89	500	0.045663655913978696
954	goal + feedback	89	550	0.07902915591397856
954	goal + feedback	89	600	0.1253273225806452
954	goal + feedback	89	650	0.14862615591397854
954	goal + feedback	89	700	0.1600474892473119
954	goal + feedback	89	750	0.1608651559139785
954	goal + feedback	89	800	0.1707413225806452
954	goal + feedback	89	850	0.10788965591397859
954	goal + feedback	89	900	0.07526632258064521
954	goal + feedback	89	950	0.0587184892473119
954	goal + feedback	89	1e3	0.025438989247311916
954	goal + feedback	89	1050	-0.0275690107526881
954	goal + feedback	89	1100	-0.06763417741935474
954	goal + feedback	89	1150	-0.05621034408602147
954	goal + feedback	90	-200	0.0468937333333331
954	goal + feedback	90	-150	0.04631989999999986
954	goal + feedback	90	-100	0.02906823333333312
954	goal + feedback	90	-50	-0.03309676666666691
954	goal + feedback	90	0	-0.0891851000000002
954	goal + feedback	90	50	-0.12905960000000025
954	goal + feedback	90	100	-0.1477392666666668
954	goal + feedback	90	150	-0.17371243333333353
954	goal + feedback	90	200	-0.19501793333333342
954	goal + feedback	90	250	-0.21914160000000024
954	goal + feedback	90	300	-0.2517871000000002
954	goal + feedback	90	350	-0.26110276666666693
954	goal + feedback	90	400	-0.27011917142857167
954	goal + feedback	90	450	-0.2761724333333335
954	goal + feedback	90	500	-0.25102140000000023
954	goal + feedback	90	550	-0.23309260000000023
954	goal + feedback	90	600	-0.22910643333333347
954	goal + feedback	90	650	-0.2283947666666668
954	goal + feedback	90	700	-0.2281934333333334
954	goal + feedback	90	750	-0.20932660000000025
954	goal + feedback	90	800	-0.2165959333333336
954	goal + feedback	90	850	-0.21950643333333356
954	goal + feedback	90	900	-0.21419093333333347
954	goal + feedback	90	950	-0.20972993333333365
954	goal + feedback	90	1e3	-0.19979626666666692
954	goal + feedback	90	1050	-0.1814879333333336
954	goal + feedback	90	1100	-0.16463060000000018
954	goal + feedback	90	1150	-0.1377531000000002
954	goal + feedback	92	-200	-0.02653050691244247
954	goal + feedback	92	-150	0.007047731182795743
954	goal + feedback	92	-100	-2.067688172041985e-4
954	goal + feedback	92	-50	0.010302397849462372
954	goal + feedback	92	0	0.013808897849462376
954	goal + feedback	92	50	-0.009322435483870942
954	goal + feedback	92	100	0.008165897849462459
954	goal + feedback	92	150	0.03662473118279571
954	goal + feedback	92	200	-0.008546268817204291
954	goal + feedback	92	250	-0.0076954354838709715
954	goal + feedback	92	300	-0.001768602150537572
954	goal + feedback	92	350	-0.019911602150537666
954	goal + feedback	92	400	0.008123731182795746
954	goal + feedback	92	450	0.006162064516129033
954	goal + feedback	92	500	0.045861231182795725
954	goal + feedback	92	550	0.07869123118279579
954	goal + feedback	92	600	0.0931408978494624
954	goal + feedback	92	650	0.044889397849462366
954	goal + feedback	92	700	-0.0025457688172042894
954	goal + feedback	92	750	-0.0220014354838709
954	goal + feedback	92	800	-0.03657876881720427
954	goal + feedback	92	850	-0.06939226881720433
954	goal + feedback	92	900	-0.074569435483871
954	goal + feedback	92	950	-0.15166343548387107
954	goal + feedback	92	1e3	-0.14620460215053757
954	goal + feedback	92	1050	-0.12323493548387095
954	goal + feedback	92	1100	-0.18144143548387093
954	goal + feedback	92	1150	-0.2030037688172043
954	goal + feedback	93	-200	NA
954	goal + feedback	93	-150	NA
954	goal + feedback	93	-100	NA
954	goal + feedback	93	-50	NA
954	goal + feedback	93	0	0
954	goal + feedback	93	50	0.15404550000000006
954	goal + feedback	93	100	0.18017666666666673
954	goal + feedback	93	150	0.18098233333333336
954	goal + feedback	93	200	0.19666216666666667
954	goal + feedback	93	250	0.2137606666666668
954	goal + feedback	93	300	0.17463883333333344
954	goal + feedback	93	350	0.08325233333333341
954	goal + feedback	93	400	0.003853000000000032
954	goal + feedback	93	450	-0.08945033333333326
954	goal + feedback	93	500	-0.11310083333333328
954	goal + feedback	93	550	-0.13801683333333328
954	goal + feedback	93	600	-0.1881771666666666
954	goal + feedback	93	650	-0.23979199999999992
954	goal + feedback	93	700	-0.27650249999999993
954	goal + feedback	93	750	-0.29772149999999997
954	goal + feedback	93	800	-0.486491
954	goal + feedback	93	850	NA
954	goal + feedback	93	900	NA
954	goal + feedback	93	950	-0.8949075
954	goal + feedback	93	1e3	-0.3465563999999999
954	goal + feedback	93	1050	-0.17046933333333336
954	goal + feedback	93	1100	-0.15161683333333328
954	goal + feedback	93	1150	-0.15464216666666655
954	goal + feedback	94	-200	-0.017724907834101206
954	goal + feedback	94	-150	-0.010191360215053624
954	goal + feedback	94	-100	0.007976806451612953
954	goal + feedback	94	-50	0.0028473064516130187
954	goal + feedback	94	0	0.020046306451613056
954	goal + feedback	94	50	0.07172530645161294
954	goal + feedback	94	100	0.06064897311827969
954	goal + feedback	94	150	0.10700513978494637
954	goal + feedback	94	200	0.1647144731182796
954	goal + feedback	94	250	0.145584306451613
954	goal + feedback	94	300	0.12277363978494638
954	goal + feedback	94	350	0.11719280645161301
954	goal + feedback	94	400	0.12731663978494626
954	goal + feedback	94	450	0.19642013978494632
954	goal + feedback	94	500	0.279005806451613
954	goal + feedback	94	550	0.2819934731182796
954	goal + feedback	94	600	0.32097447311827954
954	goal + feedback	94	650	0.30568597311827966
954	goal + feedback	94	700	0.3206576397849463
954	goal + feedback	94	750	0.3092148064516131
954	goal + feedback	94	800	0.38893247311827966
954	goal + feedback	94	850	0.36182480645161297
954	goal + feedback	94	900	0.34650680645161297
954	goal + feedback	94	950	0.341515806451613
954	goal + feedback	94	1e3	0.31532847311827966
954	goal + feedback	94	1050	0.28317430645161307
954	goal + feedback	94	1100	0.26776397311827954
954	goal + feedback	94	1150	0.25830113978494634
954	goal + feedback	95	-200	-0.054950115207373064
954	goal + feedback	95	-150	-0.03972709139784921
954	goal + feedback	95	-100	0.0858489086021507
954	goal + feedback	95	-50	0.030438575268817436
954	goal + feedback	95	0	-0.012451924731182654
954	goal + feedback	95	50	0.046597241935484014
954	goal + feedback	95	100	0.11838907526881741
954	goal + feedback	95	150	0.19241140860215067
954	goal + feedback	95	200	0.19624107526881743
954	goal + feedback	95	250	0.18627407526881753
954	goal + feedback	95	300	0.2506619086021507
954	goal + feedback	95	350	0.24661057526881733
954	goal + feedback	95	400	0.2606540752688174
954	goal + feedback	95	450	0.29733007526881744
954	goal + feedback	95	500	0.34132974193548415
954	goal + feedback	95	550	0.3311094086021507
954	goal + feedback	95	600	0.34171857526881744
954	goal + feedback	95	650	0.322556741935484
954	goal + feedback	95	700	0.283762241935484
954	goal + feedback	95	750	0.25883224193548404
954	goal + feedback	95	800	0.20105640860215068
954	goal + feedback	95	850	0.13488674193548408
954	goal + feedback	95	900	0.16018207526881736
954	goal + feedback	95	950	0.14079940860215076
954	goal + feedback	95	1e3	0.12145874193548407
954	goal + feedback	95	1050	0.06054840860215068
954	goal + feedback	95	1100	0.14893074193548408
954	goal + feedback	95	1150	0.09240857526881736
954	goal + feedback	96	-200	NA
954	goal + feedback	96	-150	NA
954	goal + feedback	96	-100	NA
954	goal + feedback	96	-50	NA
954	goal + feedback	96	0	NA
954	goal + feedback	96	50	NA
954	goal + feedback	96	100	NA
954	goal + feedback	96	150	NA
954	goal + feedback	96	200	NA
954	goal + feedback	96	250	NA
954	goal + feedback	96	300	NA
954	goal + feedback	96	350	NA
954	goal + feedback	96	400	NA
954	goal + feedback	96	450	NA
954	goal + feedback	96	500	NA
954	goal + feedback	96	550	NA
954	goal + feedback	96	600	NA
954	goal + feedback	96	650	NA
954	goal + feedback	96	700	NA
954	goal + feedback	96	750	NA
954	goal + feedback	96	800	NA
954	goal + feedback	96	850	NA
954	goal + feedback	96	900	NA
954	goal + feedback	96	950	NA
954	goal + feedback	96	1e3	NA
954	goal + feedback	96	1050	NA
954	goal + feedback	96	1100	NA
954	goal + feedback	96	1150	NA
954	goal + feedback	97	-200	-0.07415505990783419
954	goal + feedback	97	-150	-0.03808027419354857
954	goal + feedback	97	-100	4.555913978498971e-5
954	goal + feedback	97	-50	0.054519725806451515
954	goal + feedback	97	0	0.07002922580645143
954	goal + feedback	97	50	0.09449355913978492
954	goal + feedback	97	100	0.08972489247311821
954	goal + feedback	97	150	0.1151442258064516
954	goal + feedback	97	200	0.13794055913978479
954	goal + feedback	97	250	0.04283872580645154
954	goal + feedback	97	300	0.059257225806451506
954	goal + feedback	97	350	0.06445722580645152
954	goal + feedback	97	400	0.08523739247311823
954	goal + feedback	97	450	0.0781455591397849
954	goal + feedback	97	500	0.10439839247311822
954	goal + feedback	97	550	0.11889689247311826
954	goal + feedback	97	600	0.15529055913978485
954	goal + feedback	97	650	0.12237855913978479
954	goal + feedback	97	700	0.09762405913978485
954	goal + feedback	97	750	-0.003126024193548571
954	goal + feedback	97	800	NA
954	goal + feedback	97	850	NA
954	goal + feedback	97	900	NA
954	goal + feedback	97	950	0.06321855913978469
954	goal + feedback	97	1e3	0.3110260591397848
954	goal + feedback	97	1050	0.25212505913978484
954	goal + feedback	97	1100	0.22387689247311818
954	goal + feedback	97	1150	0.33090839247311815
954	goal + feedback	98	-200	0.05654060829493097
954	goal + feedback	98	-150	0.007749822580645309
954	goal + feedback	98	-100	-0.02635267741935469
954	goal + feedback	98	-50	-0.026467677419354557
954	goal + feedback	98	0	-0.020893510752688044
954	goal + feedback	98	50	-0.05380267741935466
954	goal + feedback	98	100	-0.07166884408602137
954	goal + feedback	98	150	-0.05621417741935467
954	goal + feedback	98	200	-0.09030967741935465
954	goal + feedback	98	250	-0.04699734408602133
954	goal + feedback	98	300	-0.06200984408602136
954	goal + feedback	98	350	-0.038690510752688034
954	goal + feedback	98	400	-0.03304034408602141
954	goal + feedback	98	450	0.02977198924731206
954	goal + feedback	98	500	0.024423822580645238
954	goal + feedback	98	550	0.019430155913978675
954	goal + feedback	98	600	0.02882332258064535
954	goal + feedback	98	650	-0.003507344086021306
954	goal + feedback	98	700	-0.004627677419354636
954	goal + feedback	98	750	NA
954	goal + feedback	98	800	NA
954	goal + feedback	98	850	NA
954	goal + feedback	98	900	0.03670282258064531
954	goal + feedback	98	950	0.003922322580645288
954	goal + feedback	98	1e3	-0.00407517741935474
954	goal + feedback	98	1050	0.0023003225806452012
954	goal + feedback	98	1100	0.019533155913978566
954	goal + feedback	98	1150	0.0344168225806453
954	goal + feedback	99	-200	-0.04292758525345627
954	goal + feedback	99	-150	0.007110629032258009
954	goal + feedback	99	-100	-0.023858704301075322
954	goal + feedback	99	-50	0.029125462365591364
954	goal + feedback	99	0	0.03770479569892463
954	goal + feedback	99	50	0.053713629032258035
954	goal + feedback	99	100	0.015270795698924719
954	goal + feedback	99	150	0.03769896236559137
954	goal + feedback	99	200	0.041187462365591454
954	goal + feedback	99	250	0.017217962365591328
954	goal + feedback	99	300	0.02302562903225806
954	goal + feedback	99	350	4.5629569892469135e-4
954	goal + feedback	99	400	0.01996029569892473
954	goal + feedback	99	450	0.05717512903225804
954	goal + feedback	99	500	0.11603562903225802
954	goal + feedback	99	550	0.10667046236559141
954	goal + feedback	99	600	0.09687262903225806
954	goal + feedback	99	650	0.09396079569892479
954	goal + feedback	99	700	0.04538329569892471
954	goal + feedback	99	750	-0.0030073709677419145
954	goal + feedback	99	800	-0.02097053763440863
954	goal + feedback	99	850	-0.06481570430107524
954	goal + feedback	99	900	-0.0776808709677419
954	goal + feedback	99	950	-0.11878387096774201
954	goal + feedback	99	1e3	-0.1366272043010753
954	goal + feedback	99	1050	-0.1044557043010752
954	goal + feedback	99	1100	-0.1033042043010753
954	goal + feedback	99	1150	-0.10410970430107525
954	goal + feedback	100	-200	-0.03806173271889409
954	goal + feedback	100	-150	-0.050352661290322676
954	goal + feedback	100	-100	-0.012782161290322724
954	goal + feedback	100	-50	0.03991250537634391
954	goal + feedback	100	0	0.06762767204301061
954	goal + feedback	100	50	0.053647672043010575
954	goal + feedback	100	100	0.059505005376343956
954	goal + feedback	100	150	0.09178250537634385
954	goal + feedback	100	200	0.11130450537634388
954	goal + feedback	100	250	0.1313111720430106
954	goal + feedback	100	300	0.12433883870967717
954	goal + feedback	100	350	0.13799283870967724
954	goal + feedback	100	400	0.11920200537634407
954	goal + feedback	100	450	0.127086505376344
954	goal + feedback	100	500	0.12358567204301056
954	goal + feedback	100	550	0.13105350537634397
954	goal + feedback	100	600	0.10836783870967721
954	goal + feedback	100	650	0.06544300537634395
954	goal + feedback	100	700	0.02423733870967726
954	goal + feedback	100	750	0.07348850537634395
954	goal + feedback	100	800	NA
954	goal + feedback	100	850	NA
954	goal + feedback	100	900	NA
954	goal + feedback	100	950	-0.06883466129032267
954	goal + feedback	100	1e3	0.026000338709677218
954	goal + feedback	100	1050	-0.026180661290322742
954	goal + feedback	100	1100	-0.06121266129032269
954	goal + feedback	100	1150	-0.061468827956989415
954	goal + feedback	101	-200	-0.02482048387096793
954	goal + feedback	101	-150	-0.021506650537634602
954	goal + feedback	101	-100	-0.01140198387096795
954	goal + feedback	101	-50	0.019193849462365426
954	goal + feedback	101	0	0.04267201612903208
954	goal + feedback	101	50	0.08416368279569864
954	goal + feedback	101	100	0.0856051827956988
954	goal + feedback	101	150	0.10789018279569869
954	goal + feedback	101	200	0.1052406827956988
954	goal + feedback	101	250	0.1368203494623653
954	goal + feedback	101	300	0.09726801612903209
954	goal + feedback	101	350	0.14614701612903214
954	goal + feedback	101	400	0.21104434946236536
954	goal + feedback	101	450	0.15989568279569885
954	goal + feedback	101	500	0.17837651612903205
954	goal + feedback	101	550	0.20059034946236545
954	goal + feedback	101	600	0.22543768279569876
954	goal + feedback	101	650	0.23822051612903206
954	goal + feedback	101	700	0.16477584946236545
954	goal + feedback	101	750	0.09739768279569883
954	goal + feedback	101	800	-0.03958081720430121
954	goal + feedback	101	850	-0.08838265053763461
954	goal + feedback	101	900	-0.12634665053763458
954	goal + feedback	101	950	-0.12580948387096788
954	goal + feedback	101	1e3	-0.11053798387096785
954	goal + feedback	101	1050	-0.11897548387096801
954	goal + feedback	101	1100	-0.10693431720430129
954	goal + feedback	101	1150	-0.14688148387096792
954	goal + feedback	102	-200	NA
954	goal + feedback	102	-150	NA
954	goal + feedback	102	-100	0.14873921428571424
954	goal + feedback	102	-50	0.07659104761904752
954	goal + feedback	102	0	-0.12617078571428575
954	goal + feedback	102	50	-0.10316471428571436
954	goal + feedback	102	100	-0.025374285714285794
954	goal + feedback	102	150	0.06690121428571416
954	goal + feedback	102	200	0.11496511428571407
954	goal + feedback	102	250	0.1712507142857142
954	goal + feedback	102	300	0.1623872142857142
954	goal + feedback	102	350	0.07296021428571413
954	goal + feedback	102	400	0.07673604761904751
954	goal + feedback	102	450	0.11173704761904742
954	goal + feedback	102	500	0.1803188809523808
954	goal + feedback	102	550	0.22956638095238083
954	goal + feedback	102	600	0.12046054761904745
954	goal + feedback	102	650	0.015934714285714247
954	goal + feedback	102	700	0.03703871428571418
954	goal + feedback	102	750	-0.037039785714285824
954	goal + feedback	102	800	-0.12180945238095246
954	goal + feedback	102	850	-0.03814311904761921
954	goal + feedback	102	900	-0.029309619047619046
954	goal + feedback	102	950	-0.0337611190476191
954	goal + feedback	102	1e3	-0.03395528571428574
954	goal + feedback	102	1050	-0.04030895238095248
954	goal + feedback	102	1100	-0.03904828571428576
954	goal + feedback	102	1150	-0.014946952380952524
954	goal + feedback	103	-200	NA
954	goal + feedback	103	-150	NA
954	goal + feedback	103	-100	NA
954	goal + feedback	103	-50	NA
954	goal + feedback	103	0	0
954	goal + feedback	103	50	0.26842240000000006
954	goal + feedback	103	100	0.10425950000000002
954	goal + feedback	103	150	0.036029000000000165
954	goal + feedback	103	200	0.0649341666666668
954	goal + feedback	103	250	0.08988200000000009
954	goal + feedback	103	300	0.13975666666666675
954	goal + feedback	103	350	0.2297155000000001
954	goal + feedback	103	400	0.22849066666666693
954	goal + feedback	103	450	0.15963950000000024
954	goal + feedback	103	500	0.16624166666666684
954	goal + feedback	103	550	0.2140623333333335
954	goal + feedback	103	600	0.19350166666666677
954	goal + feedback	103	650	0.1295185000000001
954	goal + feedback	103	700	0.07759116666666681
954	goal + feedback	103	750	0.06830800000000019
954	goal + feedback	103	800	0.08445750000000014
954	goal + feedback	103	850	0.13069716666666684
954	goal + feedback	103	900	0.13089150000000008
954	goal + feedback	103	950	0.08386833333333343
954	goal + feedback	103	1e3	0.09499833333333337
954	goal + feedback	103	1050	0.13307850000000018
954	goal + feedback	103	1100	0.17341666666666677
954	goal + feedback	103	1150	0.19782533333333344
954	goal + feedback	104	-200	7.401486830834377e-17
954	goal + feedback	104	-150	NA
954	goal + feedback	104	-100	NA
954	goal + feedback	104	-50	NA
954	goal + feedback	104	0	NA
954	goal + feedback	104	50	NA
954	goal + feedback	104	100	NA
954	goal + feedback	104	150	-0.11085499999999993
954	goal + feedback	104	200	-0.047805000000000056
954	goal + feedback	104	250	-0.12872849999999994
954	goal + feedback	104	300	-0.15912566666666672
954	goal + feedback	104	350	-0.19792166666666663
954	goal + feedback	104	400	-0.2304128333333333
954	goal + feedback	104	450	-0.16931016666666662
954	goal + feedback	104	500	-0.22755483333333335
954	goal + feedback	104	550	-0.3202091666666667
954	goal + feedback	104	600	-0.3140075
954	goal + feedback	104	650	-0.355775
954	goal + feedback	104	700	-0.3693579999999999
954	goal + feedback	104	750	-0.3964093333333334
954	goal + feedback	104	800	-0.49729549999999995
954	goal + feedback	104	850	-0.5142233333333334
954	goal + feedback	104	900	-0.532544
954	goal + feedback	104	950	-0.5750576666666666
954	goal + feedback	104	1e3	-0.6220126666666667
954	goal + feedback	104	1050	-0.6334321666666667
954	goal + feedback	104	1100	-0.6195008333333333
954	goal + feedback	104	1150	-0.6079101666666668
954	goal + feedback	105	-200	0.03827009999999986
954	goal + feedback	105	-150	0.009305933333333257
954	goal + feedback	105	-100	-0.008946566666666822
954	goal + feedback	105	-50	-0.008649066666666908
954	goal + feedback	105	0	-0.029980400000000202
954	goal + feedback	105	50	-0.05799673333333355
954	goal + feedback	105	100	-0.049131933333333586
954	goal + feedback	105	150	NA
954	goal + feedback	105	200	NA
954	goal + feedback	105	250	NA
954	goal + feedback	105	300	-0.2924872333333335
954	goal + feedback	105	350	-0.1046023333333335
954	goal + feedback	105	400	-0.04434190000000019
954	goal + feedback	105	450	-0.0028129000000001922
954	goal + feedback	105	500	0.022760933333333178
954	goal + feedback	105	550	0.08513059999999976
954	goal + feedback	105	600	0.10887509999999982
954	goal + feedback	105	650	0.10996209999999973
954	goal + feedback	105	700	0.11823726666666638
954	goal + feedback	105	750	0.13032893333333306
954	goal + feedback	105	800	0.16504476666666643
954	goal + feedback	105	850	0.22194959999999972
954	goal + feedback	105	900	0.1823035999999998
954	goal + feedback	105	950	0.12970293333333313
954	goal + feedback	105	1e3	0.06558676666666645
954	goal + feedback	105	1050	0.025953099999999802
954	goal + feedback	105	1100	-0.04621444761904784
954	goal + feedback	105	1150	-0.057330066666666735
954	goal + feedback	106	-200	0.0035806799999997807
954	goal + feedback	106	-150	-0.06691557000000004
954	goal + feedback	106	-100	-0.05520174857142868
954	goal + feedback	106	-50	0.029081679999999926
954	goal + feedback	106	0	0.07873717999999985
954	goal + feedback	106	50	0.10395901333333317
954	goal + feedback	106	100	0.12689651333333316
954	goal + feedback	106	150	0.08449817999999991
954	goal + feedback	106	200	-0.005723320000000198
954	goal + feedback	106	250	-0.12659282000000016
954	goal + feedback	106	300	-0.02109932000000018
954	goal + feedback	106	350	0.02090184666666654
954	goal + feedback	106	400	0.025894846666666565
954	goal + feedback	106	450	0.006613679999999844
954	goal + feedback	106	500	-0.0019663200000001138
954	goal + feedback	106	550	0.0905550133333332
954	goal + feedback	106	600	0.00916567999999988
954	goal + feedback	106	650	-0.005040986666666747
954	goal + feedback	106	700	-0.05487832000000011
954	goal + feedback	106	750	-0.03301748666666682
954	goal + feedback	106	800	-0.0525409866666667
954	goal + feedback	106	850	-0.05649048666666682
954	goal + feedback	106	900	-0.03855932000000014
954	goal + feedback	106	950	-0.05695032000000011
954	goal + feedback	106	1e3	-0.035405486666666874
954	goal + feedback	106	1050	-0.02146848666666686
954	goal + feedback	106	1100	-0.03977682000000016
954	goal + feedback	106	1150	-0.016410986666666776
954	goal + feedback	107	-200	-0.008425833333333355
954	goal + feedback	107	-150	-0.008274333333333347
954	goal + feedback	107	-100	0.02186666666666655
954	goal + feedback	107	-50	-0.008337500000000109
954	goal + feedback	107	0	0.0031709999999999607
954	goal + feedback	107	50	-0.00152666666666675
954	goal + feedback	107	100	0.0011325000000000547
954	goal + feedback	107	150	0.009602666666666648
954	goal + feedback	107	200	-0.010887166666666781
954	goal + feedback	107	250	-0.0035935000000001014
954	goal + feedback	107	300	-0.02597983333333335
954	goal + feedback	107	350	-0.05167666666666667
954	goal + feedback	107	400	-0.1253118333333334
954	goal + feedback	107	450	-0.05374900000000012
954	goal + feedback	107	500	-0.05889716666666667
954	goal + feedback	107	550	-0.08234866666666663
954	goal + feedback	107	600	-0.045364500000000106
954	goal + feedback	107	650	-0.06966133333333342
954	goal + feedback	107	700	-0.10506216666666675
954	goal + feedback	107	750	-0.08232293333333338
954	goal + feedback	107	800	NA
954	goal + feedback	107	850	NA
954	goal + feedback	107	900	NA
954	goal + feedback	107	950	NA
954	goal + feedback	107	1e3	-0.039209933333333426
954	goal + feedback	107	1050	-0.07720683333333349
954	goal + feedback	107	1100	-0.040277833333333346
954	goal + feedback	107	1150	-0.006083000000000061
954	goal + feedback	108	-200	0.008059917050691328
954	goal + feedback	108	-150	-0.015673225806451512
954	goal + feedback	108	-100	0.015948940860215217
954	goal + feedback	108	-50	-0.0109027258064515
954	goal + feedback	108	0	0.001223774193548503
954	goal + feedback	108	50	-0.05202305913978478
954	goal + feedback	108	100	-0.06412022580645149
954	goal + feedback	108	150	-0.05875155913978484
954	goal + feedback	108	200	-0.10204622580645147
954	goal + feedback	108	250	-0.10015705913978483
954	goal + feedback	108	300	-0.047790059139784846
954	goal + feedback	108	350	0.10993910752688185
954	goal + feedback	108	400	0.07792910752688191
954	goal + feedback	108	450	0.11069310752688193
954	goal + feedback	108	500	0.1620636075268819
954	goal + feedback	108	550	0.19304994086021518
954	goal + feedback	108	600	0.1829531075268819
954	goal + feedback	108	650	0.14078710752688176
954	goal + feedback	108	700	0.13824527419354857
954	goal + feedback	108	750	0.03620644086021511
954	goal + feedback	108	800	0.12434577419354831
954	goal + feedback	108	850	NA
954	goal + feedback	108	900	NA
954	goal + feedback	108	950	-0.3586382258064513
954	goal + feedback	108	1e3	-0.08901197580645148
954	goal + feedback	108	1050	0.09659427419354845
954	goal + feedback	108	1100	-0.05646305913978478
954	goal + feedback	108	1150	-0.0656487258064516
954	goal + feedback	109	-200	0.014787999999999928
954	goal + feedback	109	-150	-0.024137999999999993
954	goal + feedback	109	-100	-0.008394000000000087
954	goal + feedback	109	-50	5.219999999999855e-4
954	goal + feedback	109	0	0.014757333333333364
954	goal + feedback	109	50	0.002890166666666675
954	goal + feedback	109	100	0.018563166666666724
954	goal + feedback	109	150	0.010515499999999975
954	goal + feedback	109	200	0.008729666666666672
954	goal + feedback	109	250	-0.03123649999999989
954	goal + feedback	109	300	-0.079432666666666707
954	goal + feedback	109	350	-0.025300999999999945
954	goal + feedback	109	400	-0.014148333333333355
954	goal + feedback	109	450	-0.029356333333333318
954	goal + feedback	109	500	-0.03286916666666665
954	goal + feedback	109	550	0.08208900000000001
954	goal + feedback	109	600	0.10679366666666668
954	goal + feedback	109	650	0.09141450000000002
954	goal + feedback	109	700	0.09313283333333337
954	goal + feedback	109	750	0.17831583333333337
954	goal + feedback	109	800	0.0583851666666666
954	goal + feedback	109	850	0.015601833333333351
954	goal + feedback	109	900	-0.013642999999999997
954	goal + feedback	109	950	-0.04742366666666661
954	goal + feedback	109	1e3	-0.11544349999999996
954	goal + feedback	109	1050	-0.08955716666666665
954	goal + feedback	109	1100	-0.1638399999999999
954	goal + feedback	109	1150	-0.198667
954	goal + feedback	110	-200	-0.020049308755760466
954	goal + feedback	110	-150	-0.001644618279570113
954	goal + feedback	110	-100	0.008838215053763365
954	goal + feedback	110	-50	0.010814048387096653
954	goal + feedback	110	0	0.005383215053763379
954	goal + feedback	110	50	0.0784025483870967
954	goal + feedback	110	100	0.10331804838709664
954	goal + feedback	110	150	0.06472821505376336
954	goal + feedback	110	200	0.14009721505376324
954	goal + feedback	110	250	0.15766171505376322
954	goal + feedback	110	300	-0.002888284946236682
954	goal + feedback	110	350	0.04335038172043001
954	goal + feedback	110	400	0.14863588172043
954	goal + feedback	110	450	0.14683121505376331
954	goal + feedback	110	500	0.1931802150537633
954	goal + feedback	110	550	0.20571471505376326
954	goal + feedback	110	600	0.1628080483870967
954	goal + feedback	110	650	0.12671621505376338
954	goal + feedback	110	700	0.052595881720430025
954	goal + feedback	110	750	-0.003987284946236643
954	goal + feedback	110	800	-0.05551361827957013
954	goal + feedback	110	850	-0.08154111827957
954	goal + feedback	110	900	-0.07489711827956998
954	goal + feedback	110	950	-0.07262178494623672
954	goal + feedback	110	1e3	-0.08818245161290328
954	goal + feedback	110	1050	-0.15213295161290344
954	goal + feedback	110	1100	-0.1353839516129034
954	goal + feedback	110	1150	-0.16082695161290328
954	goal + feedback	111	-200	-0.022471608294930907
954	goal + feedback	111	-150	0.0064510107526881315
954	goal + feedback	111	-100	0.010623677419354957
954	goal + feedback	111	-50	0.004440844086021596
954	goal + feedback	111	0	0.004701344086021593
954	goal + feedback	111	50	0.004016844086021469
954	goal + feedback	111	100	0.03341851075268831
954	goal + feedback	111	150	-0.02552098924731176
954	goal + feedback	111	200	-0.041411822580645095
954	goal + feedback	111	250	-0.04728765591397847
954	goal + feedback	111	300	-0.026851489247311806
954	goal + feedback	111	350	-0.041846989247311894
954	goal + feedback	111	400	-0.016428989247311804
954	goal + feedback	111	450	-0.0035718225806451454
954	goal + feedback	111	500	0.036301010752688136
954	goal + feedback	111	550	0.046501344086021655
954	goal + feedback	111	600	0.02055034408602167
954	goal + feedback	111	650	NA
954	goal + feedback	111	700	NA
954	goal + feedback	111	750	NA
954	goal + feedback	111	800	-0.19432982258064513
954	goal + feedback	111	850	0.024610177419354784
954	goal + feedback	111	900	0.01793351075268827
954	goal + feedback	111	950	-0.13666998924731186
954	goal + feedback	111	1e3	-0.17452082258064516
954	goal + feedback	111	1050	-0.10805215591397843
954	goal + feedback	111	1100	-0.10978432258064512
954	goal + feedback	111	1150	-0.0649116559139784
954	goal + feedback	112	-200	-0.018915815668202933
954	goal + feedback	112	-150	0.008936779569892325
954	goal + feedback	112	-100	-0.0089367204301077
954	goal + feedback	112	-50	-0.002860553763440965
954	goal + feedback	112	0	0.024928946236559096
954	goal + feedback	112	50	0.02188011290322563
954	goal + feedback	112	100	0.03539444623655904
954	goal + feedback	112	150	0.02307844623655912
954	goal + feedback	112	200	-0.002380220430107697
954	goal + feedback	112	250	-0.03259505376344104
954	goal + feedback	112	300	-0.019668720430107662
954	goal + feedback	112	350	-0.011656887096774446
954	goal + feedback	112	400	-0.033723553763440973
954	goal + feedback	112	450	0.013198946236558928
954	goal + feedback	112	500	0.09226477956989232
954	goal + feedback	112	550	0.06533594623655888
954	goal + feedback	112	600	0.053512446236558965
954	goal + feedback	112	650	0.019616612903225656
954	goal + feedback	112	700	-0.04029138709677434
954	goal + feedback	112	750	-0.062301720430107656
954	goal + feedback	112	800	-0.1279267204301077
954	goal + feedback	112	850	-0.15508272043010765
954	goal + feedback	112	900	-0.15909138709677428
954	goal + feedback	112	950	-0.11477222043010775
954	goal + feedback	112	1e3	-0.16870372043010776
954	goal + feedback	112	1050	-0.16662738709677427
954	goal + feedback	112	1100	-0.193001053763441
954	goal + feedback	112	1150	-0.1868593870967743
954	goal + feedback	113	-200	NA
954	goal + feedback	113	-150	NA
954	goal + feedback	113	-100	NA
954	goal + feedback	113	-50	NA
954	goal + feedback	113	0	NA
954	goal + feedback	113	50	NA
954	goal + feedback	113	100	NA
954	goal + feedback	113	150	NA
954	goal + feedback	113	200	NA
954	goal + feedback	113	250	NA
954	goal + feedback	113	300	NA
954	goal + feedback	113	350	NA
954	goal + feedback	113	400	NA
954	goal + feedback	113	450	NA
954	goal + feedback	113	500	NA
954	goal + feedback	113	550	NA
954	goal + feedback	113	600	NA
954	goal + feedback	113	650	NA
954	goal + feedback	113	700	NA
954	goal + feedback	113	750	NA
954	goal + feedback	113	800	NA
954	goal + feedback	113	850	NA
954	goal + feedback	113	900	NA
954	goal + feedback	113	950	NA
954	goal + feedback	113	1e3	NA
954	goal + feedback	113	1050	NA
954	goal + feedback	113	1100	NA
954	goal + feedback	113	1150	NA
954	goal + feedback	114	-200	0.02494019999999993
954	goal + feedback	114	-150	0.005724533333333337
954	goal + feedback	114	-100	-0.0027328000000001276
954	goal + feedback	114	-50	-0.016314800000000112
954	goal + feedback	114	0	-0.011617133333333548
954	goal + feedback	114	50	-0.012065728571428609
954	goal + feedback	114	100	-0.010971900000000012
954	goal + feedback	114	150	-0.014401300000000061
954	goal + feedback	114	200	-0.04291701428571442
954	goal + feedback	114	250	-0.06100696666666683
954	goal + feedback	114	300	-0.07589913333333342
954	goal + feedback	114	350	-0.0964584666666668
954	goal + feedback	114	400	-0.08351930000000007
954	goal + feedback	114	450	-0.08091563333333347
954	goal + feedback	114	500	-0.055641800000000075
954	goal + feedback	114	550	-0.04698063333333343
954	goal + feedback	114	600	-0.023250300000000095
954	goal + feedback	114	650	0.004492033333333219
954	goal + feedback	114	700	0.007667699999999907
954	goal + feedback	114	750	0.02225936666666654
954	goal + feedback	114	800	0.04550153333333321
954	goal + feedback	114	850	0.06753736666666654
954	goal + feedback	114	900	0.0731461999999999
954	goal + feedback	114	950	0.13170386666666656
954	goal + feedback	114	1e3	0.14918569999999987
954	goal + feedback	114	1050	0.19065319999999994
954	goal + feedback	114	1100	0.19620403333333317
954	goal + feedback	114	1150	0.20345086666666665
954	goal + feedback	115	-200	-0.011372483870967644
954	goal + feedback	115	-150	-0.0030064838709676542
954	goal + feedback	115	-100	0.007050016129032406
954	goal + feedback	115	-50	-0.0014128172043010128
954	goal + feedback	115	0	0.010637182795698955
954	goal + feedback	115	50	0.015002349462365746
954	goal + feedback	115	100	0.03468234946236567
954	goal + feedback	115	150	0.05838934946236566
954	goal + feedback	115	200	0.05233834946236571
954	goal + feedback	115	250	0.04277351612903235
954	goal + feedback	115	300	0.04316634946236567
954	goal + feedback	115	350	0.03762168279569907
954	goal + feedback	115	400	0.038104682795699084
954	goal + feedback	115	450	0.05832368279569907
954	goal + feedback	115	500	0.041061016129032346
954	goal + feedback	115	550	0.03640934946236577
954	goal + feedback	115	600	0.0364448494623657
954	goal + feedback	115	650	-0.006954983870967639
954	goal + feedback	115	700	-0.10944981720430096
954	goal + feedback	115	750	-0.14977231720430093
954	goal + feedback	115	800	-0.21007698387096765
954	goal + feedback	115	850	-0.2184628172043009
954	goal + feedback	115	900	-0.2778668172043009
954	goal + feedback	115	950	-0.31048165053763443
954	goal + feedback	115	1e3	-0.2500619838709677
954	goal + feedback	115	1050	-0.25012998387096763
954	goal + feedback	115	1100	-0.2519839838709676
954	goal + feedback	115	1150	-0.266290317204301
954	goal + feedback	116	-200	NA
954	goal + feedback	116	-150	NA
954	goal + feedback	116	-100	-0.09635380000000016
954	goal + feedback	116	-50	-0.009953166666666865
954	goal + feedback	116	0	0.09024799999999981
954	goal + feedback	116	50	0.1937401666666664
954	goal + feedback	116	100	0.17351266666666643
954	goal + feedback	116	150	0.18452449999999976
954	goal + feedback	116	200	0.24294416666666643
954	goal + feedback	116	250	0.26417483333333314
954	goal + feedback	116	300	0.2832691666666664
954	goal + feedback	116	350	0.26515433333333305
954	goal + feedback	116	400	0.28231449999999975
954	goal + feedback	116	450	0.3027841666666664
954	goal + feedback	116	500	0.3064571666666664
954	goal + feedback	116	550	0.31008683333333315
954	goal + feedback	116	600	0.31060916666666644
954	goal + feedback	116	650	0.28042983333333305
954	goal + feedback	116	700	0.22842116666666637
954	goal + feedback	116	750	0.16062216666666643
954	goal + feedback	116	800	0.1114109999999997
954	goal + feedback	116	850	0.07820533333333317
954	goal + feedback	116	900	0.03943249999999976
954	goal + feedback	116	950	0.0838129999999997
954	goal + feedback	116	1e3	0.09919966666666635
954	goal + feedback	116	1050	0.07424983333333302
954	goal + feedback	116	1100	0.06699516666666645
954	goal + feedback	116	1150	0.20098433333333313
954	goal + feedback	117	-200	NA
954	goal + feedback	117	-150	0.05049287500000029
954	goal + feedback	117	-100	0.05878937500000022
954	goal + feedback	117	-50	-0.06822379166666644
954	goal + feedback	117	0	-0.04105845833333325
954	goal + feedback	117	50	-0.019408791666666387
954	goal + feedback	117	100	0.012477875000000305
954	goal + feedback	117	150	0.03519787500000023
954	goal + feedback	117	200	0.08675587500000022
954	goal + feedback	117	250	0.16881087500000028
954	goal + feedback	117	300	0.16354187500000017
954	goal + feedback	117	350	0.11275704166666693
954	goal + feedback	117	400	0.07056470833333355
954	goal + feedback	117	450	0.1314428750000002
954	goal + feedback	117	500	0.08390654166666689
954	goal + feedback	117	550	0.06156604166666694
954	goal + feedback	117	600	0.012604375000000223
954	goal + feedback	117	650	-0.11434629166666636
954	goal + feedback	117	700	-0.11700645833333316
954	goal + feedback	117	750	-0.17294595833333312
954	goal + feedback	117	800	-0.15077045833333313
954	goal + feedback	117	850	-0.22474029166666645
954	goal + feedback	117	900	-0.18759779166666646
954	goal + feedback	117	950	-0.15620795833333304
954	goal + feedback	117	1e3	-0.18532012499999975
954	goal + feedback	117	1050	-0.18237129166666644
954	goal + feedback	117	1100	-0.14776079166666642
954	goal + feedback	117	1150	-0.26073662499999967
954	goal + feedback	118	-200	0.020106642857142736
954	goal + feedback	118	-150	-0.013136523809523867
954	goal + feedback	118	-100	-0.010173023809523748
954	goal + feedback	118	-50	0.006405809523809462
954	goal + feedback	118	0	NA
954	goal + feedback	118	50	NA
954	goal + feedback	118	100	NA
954	goal + feedback	118	150	-0.6265146904761906
954	goal + feedback	118	200	-0.12256685714285724
954	goal + feedback	118	250	-0.0786667738095238
954	goal + feedback	118	300	-0.11510609523809537
954	goal + feedback	118	350	-0.06464485714285728
954	goal + feedback	118	400	-0.014649190476190585
954	goal + feedback	118	450	0.004007809523809487
954	goal + feedback	118	500	0.04360480952380937
954	goal + feedback	118	550	0.0522109761904761
954	goal + feedback	118	600	0.025480142857142802
954	goal + feedback	118	650	0.017510809523809456
954	goal + feedback	118	700	0.01924264285714276
954	goal + feedback	118	750	-4.066904761905003e-4
954	goal + feedback	118	800	-0.024737190476190458
954	goal + feedback	118	850	-0.11185685714285724
954	goal + feedback	118	900	-0.13862552380952384
954	goal + feedback	118	950	-0.13091469047619056
954	goal + feedback	118	1e3	-0.1826096904761906
954	goal + feedback	118	1050	-0.2047173571428572
954	goal + feedback	118	1100	-0.20769902380952385
954	goal + feedback	118	1150	-0.23089569047619052
954	goal + feedback	119	-200	-0.0015763666666666805
954	goal + feedback	119	-150	0.012167300000000067
954	goal + feedback	119	-100	0.019221300000000035
954	goal + feedback	119	-50	-0.003677033333333357
954	goal + feedback	119	0	-0.026135199999999914
954	goal + feedback	119	50	-0.018758533333333327
954	goal + feedback	119	100	-0.061437366666666625
954	goal + feedback	119	150	-0.09643236666666673
954	goal + feedback	119	200	-0.10625953333333331
954	goal + feedback	119	250	-0.12880920000000007
954	goal + feedback	119	300	-0.1122258666666666
954	goal + feedback	119	350	-0.12773719999999997
954	goal + feedback	119	400	-0.13933019999999993
954	goal + feedback	119	450	-0.08128919999999999
954	goal + feedback	119	500	-0.05611253333333329
954	goal + feedback	119	550	-0.1327393666666666
954	goal + feedback	119	600	-0.1394562
954	goal + feedback	119	650	-0.14899036666666668
954	goal + feedback	119	700	-0.22694677142857136
954	goal + feedback	119	750	-0.31338286666666654
954	goal + feedback	119	800	-0.3001962
954	goal + feedback	119	850	-0.27217803333333324
954	goal + feedback	119	900	-0.3291745333333333
954	goal + feedback	119	950	-0.3235765333333333
954	goal + feedback	119	1e3	-0.39067503333333325
954	goal + feedback	119	1050	-0.3634175333333332
954	goal + feedback	119	1100	-0.4050102
954	goal + feedback	119	1150	-0.42526819999999993
954	goal + feedback	120	-200	NA
954	goal + feedback	120	-150	NA
954	goal + feedback	120	-100	NA
954	goal + feedback	120	-50	-0.24670174999999994
954	goal + feedback	120	0	0.0822339166666668
954	goal + feedback	120	50	0.03667425000000013
954	goal + feedback	120	100	-0.008934749999999806
954	goal + feedback	120	150	-0.01645014999999992
954	goal + feedback	120	200	-2.9474999999989926e-4
954	goal + feedback	120	250	-0.061130916666666625
954	goal + feedback	120	300	-0.14778174999999996
954	goal + feedback	120	350	-0.2734669166666666
954	goal + feedback	120	400	-0.28033617857142845
954	goal + feedback	120	450	-0.21855494999999997
954	goal + feedback	120	500	-0.24232258333333326
954	goal + feedback	120	550	-0.21214224999999995
954	goal + feedback	120	600	-0.44219924999999993
954	goal + feedback	120	650	-0.4391938928571428
954	goal + feedback	120	700	-0.3428735833333332
954	goal + feedback	120	750	-0.32853958333333333
954	goal + feedback	120	800	-0.43821174999999984
954	goal + feedback	120	850	-0.6167185833333333
954	goal + feedback	120	900	-0.6811934166666666
954	goal + feedback	120	950	-0.42547874999999985
954	goal + feedback	120	1e3	NA
954	goal + feedback	120	1050	NA
954	goal + feedback	120	1100	NA
954	goal + feedback	120	1150	NA
954	goal + feedback	121	-200	-0.024524233333333534
954	goal + feedback	121	-150	-0.19640606666666685
954	goal + feedback	121	-100	-0.039088066666666865
954	goal + feedback	121	-50	0.11940093333333317
954	goal + feedback	121	0	0.14061743333333313
954	goal + feedback	121	50	0.06119976666666638
954	goal + feedback	121	100	-0.15049823333333348
954	goal + feedback	121	150	-0.47479140000000025
954	goal + feedback	121	200	-0.05620306666666686
954	goal + feedback	121	250	-0.1304660666666669
954	goal + feedback	121	300	-0.0964809000000002
954	goal + feedback	121	350	-0.09876590000000023
954	goal + feedback	121	400	-0.07395556666666692
954	goal + feedback	121	450	-0.07866023333333357
954	goal + feedback	121	500	-0.08714590000000018
954	goal + feedback	121	550	-0.0772939000000002
954	goal + feedback	121	600	-0.08583973333333354
954	goal + feedback	121	650	-0.09731223333333361
954	goal + feedback	121	700	-0.03292256666666682
954	goal + feedback	121	750	NA
954	goal + feedback	121	800	NA
954	goal + feedback	121	850	NA
954	goal + feedback	121	900	NA
954	goal + feedback	121	950	NA
954	goal + feedback	121	1e3	0.24182843333333315
954	goal + feedback	121	1050	0.08275526666666644
954	goal + feedback	121	1100	0.15409759999999975
954	goal + feedback	121	1150	0.1860865999999998
954	goal + feedback	122	-200	-0.35494943333333334
954	goal + feedback	122	-150	0.09432556666666654
954	goal + feedback	122	-100	0.06596089999999995
954	goal + feedback	122	-50	0.08798790000000005
954	goal + feedback	122	0	0.10667506666666664
954	goal + feedback	122	50	0.12582473333333333
954	goal + feedback	122	100	0.07792656666666657
954	goal + feedback	122	150	0.06978806666666666
954	goal + feedback	122	200	0.037609066666666635
954	goal + feedback	122	250	0.07454306666666666
954	goal + feedback	122	300	0.15455273333333333
954	goal + feedback	122	350	0.12528656666666657
954	goal + feedback	122	400	0.0841017333333333
954	goal + feedback	122	450	0.09274556666666671
954	goal + feedback	122	500	0.05060406666666665
954	goal + feedback	122	550	-0.04206876666666667
954	goal + feedback	122	600	-0.08261826666666676
954	goal + feedback	122	650	-0.1366767666666667
954	goal + feedback	122	700	-0.15159743333333334
954	goal + feedback	122	750	-0.16937893333333345
954	goal + feedback	122	800	-0.1754721
954	goal + feedback	122	850	-0.19174593333333334
954	goal + feedback	122	900	-0.1569751
954	goal + feedback	122	950	NA
954	goal + feedback	122	1e3	NA
954	goal + feedback	122	1050	NA
954	goal + feedback	122	1100	-0.47762076666666653
954	goal + feedback	122	1150	-0.07687101666666674
954	goal + feedback	123	-200	0.08523570046082936
954	goal + feedback	123	-150	0.02506646236559118
954	goal + feedback	123	-100	-0.013659370967742094
954	goal + feedback	123	-50	-0.03881920430107547
954	goal + feedback	123	0	-0.07202953763440874
954	goal + feedback	123	50	-0.07025747096774201
954	goal + feedback	123	100	NA
954	goal + feedback	123	150	NA
954	goal + feedback	123	200	NA
954	goal + feedback	123	250	-0.42947087096774206
954	goal + feedback	123	300	-0.19556187096774202
954	goal + feedback	123	350	-0.08851503763440882
954	goal + feedback	123	400	-0.035819037634408746
954	goal + feedback	123	450	-0.05686587096774217
954	goal + feedback	123	500	-0.03161737096774216
954	goal + feedback	123	550	-0.03382220430107533
954	goal + feedback	123	600	-0.029494704301075442
954	goal + feedback	123	650	-0.044707870967742126
954	goal + feedback	123	700	0.019736129032257892
954	goal + feedback	123	750	0.10887679569892457
954	goal + feedback	123	800	0.14586279569892446
954	goal + feedback	123	850	0.11719696236559123
954	goal + feedback	123	900	0.06781129569892459
954	goal + feedback	123	950	0.013663795698924583
954	goal + feedback	123	1e3	-0.009656704301075347
954	goal + feedback	123	1050	-0.006051037634408729
954	goal + feedback	123	1100	-0.0775313709677421
954	goal + feedback	123	1150	-0.10139820430107542
954	goal + feedback	124	-200	NA
954	goal + feedback	124	-150	NA
954	goal + feedback	124	-100	-0.299994857142857
954	goal + feedback	124	-50	-0.0012806904761902456
954	goal + feedback	124	0	0.04395414285714302
954	goal + feedback	124	50	0.11578080952380976
954	goal + feedback	124	100	0.15934714285714305
954	goal + feedback	124	150	0.1363013095238097
954	goal + feedback	124	200	0.1483364761904765
954	goal + feedback	124	250	0.15549997619047637
954	goal + feedback	124	300	0.16061980952380983
954	goal + feedback	124	350	0.13050580952380977
954	goal + feedback	124	400	0.12349614285714312
954	goal + feedback	124	450	0.09810214285714307
954	goal + feedback	124	500	0.12094147619047635
954	goal + feedback	124	550	0.17762664285714314
954	goal + feedback	124	600	0.2591479761904764
954	goal + feedback	124	650	0.3421231428571432
954	goal + feedback	124	700	0.3412284761904764
954	goal + feedback	124	750	0.30903997619047635
954	goal + feedback	124	800	0.2753968095238097
954	goal + feedback	124	850	0.28846464285714307
954	goal + feedback	124	900	0.24113197619047635
954	goal + feedback	124	950	0.2916626428571431
954	goal + feedback	124	1e3	0.3167084761904764
954	goal + feedback	124	1050	0.3575431428571431
954	goal + feedback	124	1100	0.4075549761904764
954	goal + feedback	124	1150	0.4147054761904763
954	goal + feedback	125	-200	-0.07012257603686654
954	goal + feedback	125	-150	0.022075709677419193
954	goal + feedback	125	-100	0.08887587634408585
954	goal + feedback	125	-50	0.007968709677419175
954	goal + feedback	125	0	-0.03711062365591422
954	goal + feedback	125	50	-0.029458790322580846
954	goal + feedback	125	100	-0.06163362365591407
954	goal + feedback	125	150	-0.07225129032258078
954	goal + feedback	125	200	-0.07134345698924742
954	goal + feedback	125	250	-0.03143879032258079
954	goal + feedback	125	300	0.07130054301075243
954	goal + feedback	125	350	0.047137043010752576
954	goal + feedback	125	400	0.0485995430107525
954	goal + feedback	125	450	0.024153876344085907
954	goal + feedback	125	500	0.06333004301075247
954	goal + feedback	125	550	0.07722937634408589
954	goal + feedback	125	600	0.11464354301075264
954	goal + feedback	125	650	0.09844470967741918
954	goal + feedback	125	700	0.11130654301075256
954	goal + feedback	125	750	0.07505337634408586
954	goal + feedback	125	800	-0.05905729032258078
954	goal + feedback	125	850	-0.06492112365591418
954	goal + feedback	125	900	-0.09929862365591413
954	goal + feedback	125	950	-0.0994392903225807
954	goal + feedback	125	1e3	-0.0732537903225808
954	goal + feedback	125	1050	-0.05780129032258078
954	goal + feedback	125	1100	-0.1224157903225808
954	goal + feedback	125	1150	-0.07374712365591403
954	goal + feedback	126	-200	NA
954	goal + feedback	126	-150	NA
954	goal + feedback	126	-100	-0.007127999999999801
954	goal + feedback	126	-50	0.01090800000000014
954	goal + feedback	126	0	-0.0037799999999998946
954	goal + feedback	126	50	-0.0035089999999999844
954	goal + feedback	126	100	0.0944379999999998
954	goal + feedback	126	150	0.7051678333333334
954	goal + feedback	126	200	0.6762173333333333
954	goal + feedback	126	250	0.6619751666666666
954	goal + feedback	126	300	0.7097656666666666
954	goal + feedback	126	350	0.791825
954	goal + feedback	126	400	0.8385385
954	goal + feedback	126	450	0.8317941666666667
954	goal + feedback	126	500	0.7597666666666666
954	goal + feedback	126	550	0.7697313333333333
954	goal + feedback	126	600	0.6708018333333333
954	goal + feedback	126	650	0.5857223333333332
954	goal + feedback	126	700	0.4515049999999999
954	goal + feedback	126	750	0.372095
954	goal + feedback	126	800	0.30752966666666665
954	goal + feedback	126	850	0.2781143333333333
954	goal + feedback	126	900	0.27781716666666667
954	goal + feedback	126	950	0.265348
954	goal + feedback	126	1e3	0.286886
954	goal + feedback	126	1050	0.2862591666666667
954	goal + feedback	126	1100	0.23019033333333336
954	goal + feedback	126	1150	0.23667549999999996
954	goal + feedback	127	-200	0.08012927188940092
954	goal + feedback	127	-150	0.04620279569892475
954	goal + feedback	127	-100	-0.022354204301075303
954	goal + feedback	127	-50	-0.03883120430107523
954	goal + feedback	127	0	-0.07850153763440855
954	goal + feedback	127	50	-0.07883603763440868
954	goal + feedback	127	100	-0.020498870967741906
954	goal + feedback	127	150	-0.04105270430107525
954	goal + feedback	127	200	-0.040214204301075286
954	goal + feedback	127	250	-0.09637453763440851
954	goal + feedback	127	300	-0.14538803763440855
954	goal + feedback	127	350	-0.18239770430107524
954	goal + feedback	127	400	-0.27235103763440865
954	goal + feedback	127	450	-0.3029355376344085
954	goal + feedback	127	500	-0.320240870967742
954	goal + feedback	127	550	-0.36061920430107525
954	goal + feedback	127	600	-0.3064317043010752
954	goal + feedback	127	650	-0.3534040376344086
954	goal + feedback	127	700	-0.3549032043010753
954	goal + feedback	127	750	-0.38452753763440845
954	goal + feedback	127	800	-0.3838738709677419
954	goal + feedback	127	850	-0.3778875376344086
954	goal + feedback	127	900	-0.43524453763440857
954	goal + feedback	127	950	-0.45327603763440855
954	goal + feedback	127	1e3	-0.45585803763440863
954	goal + feedback	127	1050	-0.4845840376344086
954	goal + feedback	127	1100	-0.5022777043010752
954	goal + feedback	127	1150	-0.5134877043010753
954	goal + feedback	128	-200	-0.025205769585253317
954	goal + feedback	128	-150	-0.028717983870967616
954	goal + feedback	128	-100	0.009624016129032334
954	goal + feedback	128	-50	0.00970884946236561
954	goal + feedback	128	0	0.03879184946236558
954	goal + feedback	128	50	0.04827134946236574
954	goal + feedback	128	100	0.06218868279569908
954	goal + feedback	128	150	0.041379682795699
954	goal + feedback	128	200	0.04395118279569902
954	goal + feedback	128	250	0.06379934946236558
954	goal + feedback	128	300	0.14155601612903235
954	goal + feedback	128	350	0.14968984946236566
954	goal + feedback	128	400	0.17329101612903233
954	goal + feedback	128	450	0.16977434946236566
954	goal + feedback	128	500	0.18559468279569905
954	goal + feedback	128	550	0.19350751612903236
954	goal + feedback	128	600	0.22878351612903244
954	goal + feedback	128	650	0.18196668279569894
954	goal + feedback	128	700	0.19003851612903233
954	goal + feedback	128	750	0.18113984946236572
954	goal + feedback	128	800	0.2008748494623657
954	goal + feedback	128	850	0.19206601612903249
954	goal + feedback	128	900	0.20935701612903235
954	goal + feedback	128	950	0.19045818279569895
954	goal + feedback	128	1e3	0.17922184946236572
954	goal + feedback	128	1050	0.1255420161290323
954	goal + feedback	128	1100	0.13463284946236578
954	goal + feedback	128	1150	0.13872651612903222
954	goal + feedback	129	-200	-0.05942476497695865
954	goal + feedback	129	-150	-0.06005902688172049
954	goal + feedback	129	-100	0.029004139784946165
954	goal + feedback	129	-50	0.07495197311827943
954	goal + feedback	129	0	0.025431806451612877
954	goal + feedback	129	50	0.050143806451612725
954	goal + feedback	129	100	0.05111747311827952
954	goal + feedback	129	150	0.058168806451612896
954	goal + feedback	129	200	0.04383113978494609
954	goal + feedback	129	250	0.05804280645161275
954	goal + feedback	129	300	0.09248980645161287
954	goal + feedback	129	350	0.018360306451612907
954	goal + feedback	129	400	-0.046614526881720485
954	goal + feedback	129	450	-0.03398669354838709
954	goal + feedback	129	500	-0.02112236021505372
954	goal + feedback	129	550	0.052325306451612784
954	goal + feedback	129	600	0.06638530645161289
954	goal + feedback	129	650	-0.0014013602150538447
954	goal + feedback	129	700	0.04406697311827953
954	goal + feedback	129	750	0.04444313978494607
954	goal + feedback	129	800	0.037647639784946195
954	goal + feedback	129	850	0.021958139784946207
954	goal + feedback	129	900	0.012800806451612745
954	goal + feedback	129	950	0.01360447311827954
954	goal + feedback	129	1e3	0.03342180645161282
954	goal + feedback	129	1050	0.05436697311827943
954	goal + feedback	129	1100	0.0016454731182794131
954	goal + feedback	129	1150	-0.006066860215053908
954	goal + feedback	130	-200	NA
954	goal + feedback	130	-150	-0.16335542857142826
954	goal + feedback	130	-100	0.019901404761904978
954	goal + feedback	130	-50	0.027616238095238277
954	goal + feedback	130	0	0.034160071428571546
954	goal + feedback	130	50	0.0393880714285717
954	goal + feedback	130	100	0.024763904761905042
954	goal + feedback	130	150	0.0033647380952383323
954	goal + feedback	130	200	0.02482007142857164
954	goal + feedback	130	250	0.025120571428571676
954	goal + feedback	130	300	0.0030579047619050392
954	goal + feedback	130	350	-0.03286576190476157
954	goal + feedback	130	400	0.12310090476190501
954	goal + feedback	130	450	0.1542782380952384
954	goal + feedback	130	500	0.17164190476190488
954	goal + feedback	130	550	0.18753407142857173
954	goal + feedback	130	600	0.161455904761905
954	goal + feedback	130	650	0.1341095714285716
954	goal + feedback	130	700	0.11805290476190507
954	goal + feedback	130	750	0.1144820714285717
954	goal + feedback	130	800	0.11828973809523835
954	goal + feedback	130	850	0.16202707142857165
954	goal + feedback	130	900	0.20315873809523835
954	goal + feedback	130	950	0.12075440476190498
954	goal + feedback	130	1e3	0.06235723809523833
954	goal + feedback	130	1050	NA
954	goal + feedback	130	1100	NA
954	goal + feedback	130	1150	NA
954	goal + feedback	131	-200	6.338285714283996e-4
954	goal + feedback	131	-150	-0.0035377666666667937
954	goal + feedback	131	-100	-0.007844100000000168
954	goal + feedback	131	-50	0.010642399999999755
954	goal + feedback	131	0	NA
954	goal + feedback	131	50	NA
954	goal + feedback	131	100	NA
954	goal + feedback	131	150	0.02506039999999965
954	goal + feedback	131	200	0.3448528999999998
954	goal + feedback	131	250	0.22768089999999974
954	goal + feedback	131	300	0.28634689999999985
954	goal + feedback	131	350	0.2690953999999999
954	goal + feedback	131	400	0.3003940666666665
954	goal + feedback	131	450	0.34076956666666663
954	goal + feedback	131	500	0.35091006666666646
954	goal + feedback	131	550	0.37292956666666655
954	goal + feedback	131	600	0.36221356666666654
954	goal + feedback	131	650	0.3565015666666665
954	goal + feedback	131	700	0.3635908999999998
954	goal + feedback	131	750	0.4410573999999999
954	goal + feedback	131	800	0.4498842333333332
954	goal + feedback	131	850	0.5216995666666665
954	goal + feedback	131	900	0.45088256666666654
954	goal + feedback	131	950	0.48927439999999983
954	goal + feedback	131	1e3	0.5345945666666664
954	goal + feedback	131	1050	0.522990233333333
954	goal + feedback	131	1100	0.46144673333333314
954	goal + feedback	131	1150	0.43314906666666647
954	goal + feedback	132	-200	0.009587451612903117
954	goal + feedback	132	-150	0.015344951612903168
954	goal + feedback	132	-100	-0.037449881720430143
954	goal + feedback	132	-50	-0.026158715053763437
954	goal + feedback	132	0	0.03707828494623655
954	goal + feedback	132	50	0.017778118279569915
954	goal + feedback	132	100	-0.0028718817204301437
954	goal + feedback	132	150	-0.016963048387096835
954	goal + feedback	132	200	-0.03585388172043021
954	goal + feedback	132	250	-0.10823804838709683
954	goal + feedback	132	300	-0.20769804838709685
954	goal + feedback	132	350	-0.23274321505376352
954	goal + feedback	132	400	-0.2733607150537636
954	goal + feedback	132	450	-0.23268821505376355
954	goal + feedback	132	500	-0.2643952150537634
954	goal + feedback	132	550	-0.28775588172043015
954	goal + feedback	132	600	-0.31329838172043023
954	goal + feedback	132	650	-0.2214822150537635
954	goal + feedback	132	700	-0.20777721505376356
954	goal + feedback	132	750	-0.1888335483870968
954	goal + feedback	132	800	-0.2198192150537636
954	goal + feedback	132	850	-0.2457178817204302
954	goal + feedback	132	900	-0.2291518817204301
954	goal + feedback	132	950	-0.30413388172043004
954	goal + feedback	132	1e3	-0.30993004838709687
954	goal + feedback	132	1050	-0.3003020483870969
954	goal + feedback	132	1100	-0.29549388172043023
954	goal + feedback	132	1150	-0.32941388172043023
954	goal + feedback	133	-200	-0.015224400000000063
954	goal + feedback	133	-150	0.035807766666666664
954	goal + feedback	133	-100	0.009641933333333297
954	goal + feedback	133	-50	0.005030766666666612
954	goal + feedback	133	0	-0.03525606666666673
954	goal + feedback	133	50	-0.03882390000000006
954	goal + feedback	133	100	-0.07226140000000007
954	goal + feedback	133	150	-0.03380390000000011
954	goal + feedback	133	200	-0.046803400000000016
954	goal + feedback	133	250	-0.08388740000000006
954	goal + feedback	133	300	-0.08643406666666675
954	goal + feedback	133	350	-0.12544773333333334
954	goal + feedback	133	400	-0.062083566666666735
954	goal + feedback	133	450	0.005956099999999835
954	goal + feedback	133	500	0.03457793333333329
954	goal + feedback	133	550	0.060429933333333276
954	goal + feedback	133	600	0.07644860000000005
954	goal + feedback	133	650	0.07347609999999978
954	goal + feedback	133	700	0.025684933333333253
954	goal + feedback	133	750	0.08473709999999997
954	goal + feedback	133	800	0.021205099999999977
954	goal + feedback	133	850	NA
954	goal + feedback	133	900	NA
954	goal + feedback	133	950	NA
954	goal + feedback	133	1e3	0.08733676666666668
954	goal + feedback	133	1050	-0.061053233333333345
954	goal + feedback	133	1100	-0.04856573333333344
954	goal + feedback	133	1150	-0.05162951904761907
954	goal + feedback	134	-200	-0.020092733333333168
954	goal + feedback	134	-150	0.00624843333333347
954	goal + feedback	134	-100	-0.01040756666666646
954	goal + feedback	134	-50	0.004260600000000059
954	goal + feedback	134	0	0.01999126666666684
954	goal + feedback	134	50	-0.011637566666666451
954	goal + feedback	134	100	-0.013095066666666414
954	goal + feedback	134	150	0.021857933333333524
954	goal + feedback	134	200	-0.020978471428571233
954	goal + feedback	134	250	-0.09932123333333316
954	goal + feedback	134	300	-0.14732473333333318
954	goal + feedback	134	350	-0.22296806666666646
954	goal + feedback	134	400	-0.20612973333333318
954	goal + feedback	134	450	-0.13210456666666648
954	goal + feedback	134	500	-0.1679820666666664
954	goal + feedback	134	550	-0.17202389999999976
954	goal + feedback	134	600	-0.16689489999999974
954	goal + feedback	134	650	-0.16796839999999977
954	goal + feedback	134	700	-0.12504156666666652
954	goal + feedback	134	750	-0.1411528999999998
954	goal + feedback	134	800	-0.23592939999999984
954	goal + feedback	134	850	-0.2299002333333331
954	goal + feedback	134	900	-0.2371812333333331
954	goal + feedback	134	950	-0.2608763999999997
954	goal + feedback	134	1e3	-0.28542923333333303
954	goal + feedback	134	1050	-0.30215156666666637
954	goal + feedback	134	1100	-0.3019572333333331
954	goal + feedback	134	1150	-0.3326365666666664
954	goal + feedback	135	-200	0.02787480000000005
954	goal + feedback	135	-150	-0.006346366666666696
954	goal + feedback	135	-100	0.03882413333333331
954	goal + feedback	135	-50	-0.017356866666666804
954	goal + feedback	135	0	-0.042995700000000005
954	goal + feedback	135	50	0.014696299999999921
954	goal + feedback	135	100	-0.02521036666666676
954	goal + feedback	135	150	-0.05394453333333327
954	goal + feedback	135	200	-0.0692218666666667
954	goal + feedback	135	250	0.011919299999999966
954	goal + feedback	135	300	-0.0020690333333333775
954	goal + feedback	135	350	0.05064446666666663
954	goal + feedback	135	400	-0.012438366666666681
954	goal + feedback	135	450	0.005443799999999888
954	goal + feedback	135	500	-0.0047822000000000324
954	goal + feedback	135	550	-0.07780836666666668
954	goal + feedback	135	600	-0.00967920000000011
954	goal + feedback	135	650	-0.026529366666666682
954	goal + feedback	135	700	-0.057116033333333295
954	goal + feedback	135	750	-0.09271153333333333
954	goal + feedback	135	800	-0.13702869999999998
954	goal + feedback	135	850	-0.1496018666666666
954	goal + feedback	135	900	NA
954	goal + feedback	135	950	NA
954	goal + feedback	135	1e3	NA
954	goal + feedback	135	1050	NA
954	goal + feedback	135	1100	-0.3715008666666666
954	goal + feedback	135	1150	-0.17929486666666666
954	goal + feedback	136	-200	0.02849270000000015
954	goal + feedback	136	-150	0.06005853333333344
954	goal + feedback	136	-100	0.004168866666666826
954	goal + feedback	136	-50	-0.05588896666666665
954	goal + feedback	136	0	-0.036831133333333176
954	goal + feedback	136	50	-0.17627439523809502
954	goal + feedback	136	100	-0.22928413333333317
954	goal + feedback	136	150	-0.2113502999999998
954	goal + feedback	136	200	-0.24249179999999973
954	goal + feedback	136	250	-0.2768086333333332
954	goal + feedback	136	300	-0.3392331333333332
954	goal + feedback	136	350	-0.3232296333333331
954	goal + feedback	136	400	-0.3019522999999998
954	goal + feedback	136	450	-0.3713102999999999
954	goal + feedback	136	500	-0.3271884666666664
954	goal + feedback	136	550	-0.3453266333333332
954	goal + feedback	136	600	-0.32351446666666644
954	goal + feedback	136	650	-0.2789981333333332
954	goal + feedback	136	700	-0.3051624666666664
954	goal + feedback	136	750	-0.30737263333333315
954	goal + feedback	136	800	-0.3160362999999999
954	goal + feedback	136	850	NA
954	goal + feedback	136	900	NA
954	goal + feedback	136	950	NA
954	goal + feedback	136	1e3	-0.37101396666666653
954	goal + feedback	136	1050	0.043314033333333564
954	goal + feedback	136	1100	-0.06371746666666644
954	goal + feedback	136	1150	-0.1649784666666664
954	goal + feedback	137	-200	0.06782308755760351
954	goal + feedback	137	-150	0.03487101612903206
954	goal + feedback	137	-100	0.010398182795698707
954	goal + feedback	137	-50	-0.05594915053763453
954	goal + feedback	137	0	-0.06844698387096781
954	goal + feedback	137	50	-0.01446548387096791
954	goal + feedback	137	100	-0.012054317204301132
954	goal + feedback	137	150	-0.011736817204301234
954	goal + feedback	137	200	-0.07222531720430118
954	goal + feedback	137	250	-0.08170331720430128
954	goal + feedback	137	300	-0.03233598387096789
954	goal + feedback	137	350	0.006033349462365445
954	goal + feedback	137	400	0.10329584946236554
954	goal + feedback	137	450	0.09932468279569877
954	goal + feedback	137	500	0.13260418279569874
954	goal + feedback	137	550	0.18308901612903217
954	goal + feedback	137	600	0.150871016129032
954	goal + feedback	137	650	0.15487584946236543
954	goal + feedback	137	700	0.1331115161290321
954	goal + feedback	137	750	NA
954	goal + feedback	137	800	NA
954	goal + feedback	137	850	0.03959751612903206
954	goal + feedback	137	900	-0.004190483870967802
954	goal + feedback	137	950	-0.07139448387096792
954	goal + feedback	137	1e3	-0.060277650537634564
954	goal + feedback	137	1050	-0.059987150537634516
954	goal + feedback	137	1100	-0.03685998387096793
954	goal + feedback	137	1150	-0.01571965053763454
954	goal + feedback	138	-200	0.13372312903225794
954	goal + feedback	138	-150	-0.06503944239631343
954	goal + feedback	138	-100	0.01856812903225798
954	goal + feedback	138	-50	-0.04795070430107532
954	goal + feedback	138	0	-0.02846120430107531
954	goal + feedback	138	50	-0.03699370430107529
954	goal + feedback	138	100	-0.08696020430107532
954	goal + feedback	138	150	-0.156607870967742
954	goal + feedback	138	200	-0.20042353763440865
954	goal + feedback	138	250	-0.22744203763440862
954	goal + feedback	138	300	-0.27867353763440855
954	goal + feedback	138	350	-0.31159270430107533
954	goal + feedback	138	400	-0.28842853763440873
954	goal + feedback	138	450	-0.2717715376344086
954	goal + feedback	138	500	-0.2515620376344086
954	goal + feedback	138	550	-0.24423703763440874
954	goal + feedback	138	600	-0.20891053763440862
954	goal + feedback	138	650	-0.2466555376344087
954	goal + feedback	138	700	-0.18712670430107528
954	goal + feedback	138	750	-0.18543437096774187
954	goal + feedback	138	800	-0.17325170430107537
954	goal + feedback	138	850	-0.133701870967742
954	goal + feedback	138	900	-0.13929203763440876
954	goal + feedback	138	950	-0.19667487096774194
954	goal + feedback	138	1e3	-0.18121770430107528
954	goal + feedback	138	1050	-0.18240970430107528
954	goal + feedback	138	1100	-0.1834185376344087
954	goal + feedback	138	1150	-0.18564753763440858
954	goal + feedback	139	-200	0.014812645161290152
954	goal + feedback	139	-150	0.001617645161290297
954	goal + feedback	139	-100	-0.001825188172043098
954	goal + feedback	139	-50	-0.03626418817204313
954	goal + feedback	139	0	0.019190311827956903
954	goal + feedback	139	50	-0.02571485483870976
954	goal + feedback	139	100	0.014579645161290214
954	goal + feedback	139	150	0.07743997849462358
954	goal + feedback	139	200	0.08423847849462358
954	goal + feedback	139	250	0.09163131182795696
954	goal + feedback	139	300	0.07072331182795688
954	goal + feedback	139	350	0.11353797849462362
954	goal + feedback	139	400	0.12155481182795687
954	goal + feedback	139	450	0.13416964516129024
954	goal + feedback	139	500	0.12865847849462356
954	goal + feedback	139	550	0.1622384784946235
954	goal + feedback	139	600	0.17479297849462347
954	goal + feedback	139	650	0.18129447849462363
954	goal + feedback	139	700	0.1873806451612902
954	goal + feedback	139	750	0.12453197849462357
954	goal + feedback	139	800	0.08583714516129026
954	goal + feedback	139	850	0.05726731182795697
954	goal + feedback	139	900	0.03205714516129025
954	goal + feedback	139	950	0.019738478494623513
954	goal + feedback	139	1e3	0.06567014516129022
954	goal + feedback	139	1050	0.08538264516129024
954	goal + feedback	139	1100	0.006612978494623538
954	goal + feedback	139	1150	0.014951478494623563
954	goal + feedback	140	-200	0.017712410138248837
954	goal + feedback	140	-150	0.04988967204301079
954	goal + feedback	140	-100	0.011433338709677368
954	goal + feedback	140	-50	-0.02854216129032257
954	goal + feedback	140	0	-0.05344532795698916
954	goal + feedback	140	50	-0.09666466129032243
954	goal + feedback	140	100	-0.12941832795698924
954	goal + feedback	140	150	-0.1397183279569892
954	goal + feedback	140	200	-0.16995399462365582
954	goal + feedback	140	250	-0.1544989946236559
954	goal + feedback	140	300	-0.17117582795698913
954	goal + feedback	140	350	-0.2093674946236559
954	goal + feedback	140	400	-0.20306899462365582
954	goal + feedback	140	450	-0.2156536612903226
954	goal + feedback	140	500	-0.2014023279569892
954	goal + feedback	140	550	-0.15224632795698922
954	goal + feedback	140	600	-0.17256299462365585
954	goal + feedback	140	650	-0.1885219946236559
954	goal + feedback	140	700	-0.1973833279569892
954	goal + feedback	140	750	-0.2167071612903225
954	goal + feedback	140	800	-0.22855666129032257
954	goal + feedback	140	850	-0.2432356612903225
954	goal + feedback	140	900	-0.2332003279569891
954	goal + feedback	140	950	-0.23763532795698916
954	goal + feedback	140	1e3	-0.21925816129032252
954	goal + feedback	140	1050	-0.22558682795698912
954	goal + feedback	140	1100	-0.22570432795698925
954	goal + feedback	140	1150	-0.2147936612903225
